  0
SECTION
  2
HEADER
  9
$ACADVER
  1
AC1027
  9
$ACADMAINTVER
 70
   125
  9
$DWGCODEPAGE
  3
ANSI_1252
  9
$LASTSAVEDBY
  1
Admin
  9
$REQUIREDVERSIONS
160
                 0
  9
$INSBASE
 10
0.0
 20
0.0
 30
0.0
  9
$EXTMIN
 10
23.6732896546855
 20
133.36797
 30
0.0
  9
$EXTMAX
 10
710.5556374908227
 20
501.7780305446635
 30
0.0
  9
$LIMMIN
 10
0.0
 20
0.0
  9
$LIMMAX
 10
420.0
 20
297.0
  9
$ORTHOMODE
 70
     0
  9
$REGENMODE
 70
     1
  9
$FILLMODE
 70
     1
  9
$QTEXTMODE
 70
     0
  9
$MIRRTEXT
 70
     0
  9
$LTSCALE
 40
0.75
  9
$ATTMODE
 70
     1
  9
$TEXTSIZE
 40
3.5
  9
$TRACEWID
 40
1.0
  9
$TEXTSTYLE
  7
Standard
  9
$CLAYER
  8
0
  9
$CELTYPE
  6
ByLayer
  9
$CECOLOR
 62
   256
  9
$CELTSCALE
 40
1.0
  9
$DISPSILH
 70
     0
  9
$DIMSCALE
 40
1.0
  9
$DIMASZ
 40
3.5
  9
$DIMEXO
 40
2.1
  9
$DIMDLI
 40
10.5
  9
$DIMRND
 40
0.0
  9
$DIMDLE
 40
0.0
  9
$DIMEXE
 40
2.1
  9
$DIMTP
 40
0.1
  9
$DIMTM
 40
0.1
  9
$DIMTXT
 40
3.5
  9
$DIMCEN
 40
0.0
  9
$DIMTSZ
 40
0.0
  9
$DIMTOL
 70
     0
  9
$DIMLIM
 70
     0
  9
$DIMTIH
 70
     0
  9
$DIMTOH
 70
     0
  9
$DIMSE1
 70
     0
  9
$DIMSE2
 70
     0
  9
$DIMTAD
 70
     1
  9
$DIMZIN
 70
    12
  9
$DIMBLK
  1

  9
$DIMASO
 70
     1
  9
$DIMSHO
 70
     1
  9
$DIMPOST
  1

  9
$DIMAPOST
  1

  9
$DIMALT
 70
     0
  9
$DIMALTD
 70
     2
  9
$DIMALTF
 40
0.03937
  9
$DIMLFAC
 40
1.0
  9
$DIMTOFL
 70
     1
  9
$DIMTVP
 40
0.0
  9
$DIMTIX
 70
     0
  9
$DIMSOXD
 70
     0
  9
$DIMSAH
 70
     0
  9
$DIMBLK1
  1

  9
$DIMBLK2
  1

  9
$DIMSTYLE
  2
Dim-ISO-25
  9
$DIMCLRD
 70
     0
  9
$DIMCLRE
 70
     0
  9
$DIMCLRT
 70
     0
  9
$DIMTFAC
 40
0.714286
  9
$DIMGAP
 40
1.399999999999999
  9
$DIMJUST
 70
     0
  9
$DIMSD1
 70
     0
  9
$DIMSD2
 70
     0
  9
$DIMTOLJ
 70
     0
  9
$DIMTZIN
 70
    12
  9
$DIMALTZ
 70
    12
  9
$DIMALTTZ
 70
    12
  9
$DIMUPT
 70
     0
  9
$DIMDEC
 70
     2
  9
$DIMTDEC
 70
     2
  9
$DIMALTU
 70
     2
  9
$DIMALTTD
 70
     4
  9
$DIMTXSTY
  7
Standard
  9
$DIMAUNIT
 70
     0
  9
$DIMADEC
 70
     2
  9
$DIMALTRND
 40
0.0
  9
$DIMAZIN
 70
     3
  9
$DIMDSEP
 70
    46
  9
$DIMATFIT
 70
     3
  9
$DIMFRAC
 70
     0
  9
$DIMLDRBLK
  1

  9
$DIMLUNIT
 70
     2
  9
$DIMLWD
 70
    -2
  9
$DIMLWE
 70
    -2
  9
$DIMTMOVE
 70
     0
  9
$DIMFXL
 40
1.0
  9
$DIMFXLON
 70
     0
  9
$DIMJOGANG
 40
0.7853979999999999
  9
$DIMTFILL
 70
     0
  9
$DIMTFILLCLR
 70
     0
  9
$DIMARCSYM
 70
     0
  9
$DIMLTYPE
  6

  9
$DIMLTEX1
  6

  9
$DIMLTEX2
  6

  9
$DIMTXTDIRECTION
 70
     0
  9
$LUNITS
 70
     2
  9
$LUPREC
 70
     4
  9
$SKETCHINC
 40
1.0
  9
$FILLETRAD
 40
0.0
  9
$AUNITS
 70
     0
  9
$AUPREC
 70
     0
  9
$MENU
  1
.
  9
$ELEVATION
 40
0.0
  9
$PELEVATION
 40
0.0
  9
$THICKNESS
 40
0.0
  9
$LIMCHECK
 70
     0
  9
$CHAMFERA
 40
0.0
  9
$CHAMFERB
 40
0.0
  9
$CHAMFERC
 40
0.0
  9
$CHAMFERD
 40
0.0
  9
$SKPOLY
 70
     0
  9
$TDCREATE
 40
2460665.093067130
  9
$TDUCREATE
 40
2460664.801400463
  9
$TDUPDATE
 40
2460789.997418982
  9
$TDUUPDATE
 40
2460789.705752315
  9
$TDINDWG
 40
0.3654629630
  9
$TDUSRTIMER
 40
0.3654629630
  9
$USRTIMER
 70
     1
  9
$ANGBASE
 50
0.0
  9
$ANGDIR
 70
     0
  9
$PDMODE
 70
     0
  9
$PDSIZE
 40
0.0
  9
$PLINEWID
 40
0.0
  9
$SPLFRAME
 70
     0
  9
$SPLINETYPE
 70
     6
  9
$SPLINESEGS
 70
     8
  9
$HANDSEED
  5
2B11
  9
$SURFTAB1
 70
     6
  9
$SURFTAB2
 70
     6
  9
$SURFTYPE
 70
     6
  9
$SURFU
 70
     6
  9
$SURFV
 70
     6
  9
$UCSBASE
  2

  9
$UCSNAME
  2

  9
$UCSORG
 10
0.0
 20
0.0
 30
0.0
  9
$UCSXDIR
 10
1.0
 20
0.0
 30
0.0
  9
$UCSYDIR
 10
0.0
 20
1.0
 30
0.0
  9
$UCSORTHOREF
  2

  9
$UCSORTHOVIEW
 70
     0
  9
$UCSORGTOP
 10
0.0
 20
0.0
 30
0.0
  9
$UCSORGBOTTOM
 10
0.0
 20
0.0
 30
0.0
  9
$UCSORGLEFT
 10
0.0
 20
0.0
 30
0.0
  9
$UCSORGRIGHT
 10
0.0
 20
0.0
 30
0.0
  9
$UCSORGFRONT
 10
0.0
 20
0.0
 30
0.0
  9
$UCSORGBACK
 10
0.0
 20
0.0
 30
0.0
  9
$PUCSBASE
  2

  9
$PUCSNAME
  2

  9
$PUCSORG
 10
0.0
 20
0.0
 30
0.0
  9
$PUCSXDIR
 10
1.0
 20
0.0
 30
0.0
  9
$PUCSYDIR
 10
0.0
 20
1.0
 30
0.0
  9
$PUCSORTHOREF
  2

  9
$PUCSORTHOVIEW
 70
     0
  9
$PUCSORGTOP
 10
0.0
 20
0.0
 30
0.0
  9
$PUCSORGBOTTOM
 10
0.0
 20
0.0
 30
0.0
  9
$PUCSORGLEFT
 10
0.0
 20
0.0
 30
0.0
  9
$PUCSORGRIGHT
 10
0.0
 20
0.0
 30
0.0
  9
$PUCSORGFRONT
 10
0.0
 20
0.0
 30
0.0
  9
$PUCSORGBACK
 10
0.0
 20
0.0
 30
0.0
  9
$USERI1
 70
     0
  9
$USERI2
 70
     0
  9
$USERI3
 70
     0
  9
$USERI4
 70
     0
  9
$USERI5
 70
     0
  9
$USERR1
 40
0.0
  9
$USERR2
 40
0.0
  9
$USERR3
 40
0.0
  9
$USERR4
 40
0.0
  9
$USERR5
 40
0.0
  9
$WORLDVIEW
 70
     1
  9
$SHADEDGE
 70
     3
  9
$SHADEDIF
 70
    70
  9
$TILEMODE
 70
     1
  9
$MAXACTVP
 70
    64
  9
$PINSBASE
 10
0.0
 20
0.0
 30
0.0
  9
$PLIMCHECK
 70
     0
  9
$PEXTMIN
 10
1.000000000000000E+20
 20
1.000000000000000E+20
 30
1.000000000000000E+20
  9
$PEXTMAX
 10
-1.000000000000000E+20
 20
-1.000000000000000E+20
 30
-1.000000000000000E+20
  9
$PLIMMIN
 10
0.0
 20
0.0
  9
$PLIMMAX
 10
12.0
 20
9.0
  9
$UNITMODE
 70
     0
  9
$VISRETAIN
 70
     1
  9
$PLINEGEN
 70
     0
  9
$PSLTSCALE
 70
     1
  9
$TREEDEPTH
 70
  3020
  9
$CMLSTYLE
  2
Standard
  9
$CMLJUST
 70
     0
  9
$CMLSCALE
 40
20.0
  9
$PROXYGRAPHICS
 70
     1
  9
$MEASUREMENT
 70
     1
  9
$CELWEIGHT
370
    -1
  9
$ENDCAPS
280
     0
  9
$JOINSTYLE
280
     0
  9
$LWDISPLAY
290
     0
  9
$INSUNITS
 70
     4
  9
$HYPERLINKBASE
  1

  9
$STYLESHEET
  1

  9
$XEDIT
290
     1
  9
$CEPSNTYPE
380
     0
  9
$PSTYLEMODE
290
     1
  9
$FINGERPRINTGUID
  2
{986801FC-9CAD-074D-AB36-04E5A02C0076}
  9
$VERSIONGUID
  2
{2ECFA1C6-6B71-AB47-A509-31997B0050FC}
  9
$EXTNAMES
290
     1
  9
$PSVPSCALE
 40
0.0
  9
$OLESTARTUP
290
     0
  9
$SORTENTS
280
   127
  9
$INDEXCTL
280
     0
  9
$HIDETEXT
280
     1
  9
$XCLIPFRAME
280
     0
  9
$HALOGAP
280
     0
  9
$OBSCOLOR
 70
   257
  9
$OBSLTYPE
280
     0
  9
$INTERSECTIONDISPLAY
280
     0
  9
$INTERSECTIONCOLOR
 70
   257
  9
$DIMASSOC
280
     2
  9
$PROJECTNAME
  1

  9
$CAMERADISPLAY
290
     0
  9
$LENSLENGTH
 40
50.0
  9
$CAMERAHEIGHT
 40
0.0
  9
$STEPSPERSEC
 40
2.0
  9
$STEPSIZE
 40
6.0
  9
$3DDWFPREC
 40
2.0
  9
$PSOLWIDTH
 40
5.0
  9
$PSOLHEIGHT
 40
80.0
  9
$LOFTANG1
 40
1.570795999999999
  9
$LOFTANG2
 40
1.570795999999999
  9
$LOFTMAG1
 40
0.0
  9
$LOFTMAG2
 40
0.0
  9
$LOFTPARAM
 70
     7
  9
$LOFTNORMALS
280
     1
  9
$LATITUDE
 40
37.795
  9
$LONGITUDE
 40
-122.394
  9
$NORTHDIRECTION
 40
0.0
  9
$TIMEZONE
 70
 -8000
  9
$LIGHTGLYPHDISPLAY
280
     1
  9
$TILEMODELIGHTSYNCH
280
     1
  9
$CMATERIAL
347
11
  9
$SOLIDHIST
280
     0
  9
$SHOWHIST
280
     1
  9
$DWFFRAME
280
     2
  9
$DGNFRAME
280
     0
  9
$REALWORLDSCALE
290
     1
  9
$INTERFERECOLOR
 62
     1
  9
$INTERFEREOBJVS
345
33
  9
$INTERFEREVPVS
346
30
  9
$CSHADOW
280
     0
  9
$SHADOWPLANELOCATION
 40
0.0
  0
ENDSEC
  0
SECTION
  2
CLASSES
  0
CLASS
  1
ACDBDICTIONARYWDFLT
  2
AcDbDictionaryWithDefault
  3
ObjectDBX Classes
 90
        0
 91
        1
280
     0
281
     0
  0
CLASS
  1
MATERIAL
  2
AcDbMaterial
  3
ObjectDBX Classes
 90
     1153
 91
        3
280
     0
281
     0
  0
CLASS
  1
VISUALSTYLE
  2
AcDbVisualStyle
  3
ObjectDBX Classes
 90
     4095
 91
       24
280
     0
281
     0
  0
CLASS
  1
SCALE
  2
AcDbScale
  3
ObjectDBX Classes
 90
     1153
 91
       33
280
     0
281
     0
  0
CLASS
  1
TABLESTYLE
  2
AcDbTableStyle
  3
ObjectDBX Classes
 90
     4095
 91
        1
280
     0
281
     0
  0
CLASS
  1
MLEADERSTYLE
  2
AcDbMLeaderStyle
  3
ACDB_MLEADERSTYLE_CLASS
 90
     4095
 91
        1
280
     0
281
     0
  0
CLASS
  1
ACDBSECTIONVIEWSTYLE
  2
AcDbSectionViewStyle
  3
ObjectDBX Classes
 90
     1025
 91
        2
280
     0
281
     0
  0
CLASS
  1
ACDBDETAILVIEWSTYLE
  2
AcDbDetailViewStyle
  3
ObjectDBX Classes
 90
     1025
 91
        2
280
     0
281
     0
  0
CLASS
  1
ACMESCOPE
  2
AcMeScope
  3
AcMeServices
 90
     1024
 91
        0
280
     0
281
     0
  0
CLASS
  1
ACMECOMMANDHISTORY
  2
AcMeCommandHistory
  3
AcMeServices
 90
     1024
 91
        0
280
     0
281
     0
  0
CLASS
  1
ACIMSYSVARMAN
  2
AcImSysVarManager
  3
AcMeServices
 90
     1024
 91
        0
280
     0
281
     0
  0
CLASS
  1
ACIMINTSYSVAR
  2
AcImIntSysVar
  3
AcMeServices
 90
     1024
 91
        0
280
     0
281
     0
  0
CLASS
  1
ACMESTATEMGR
  2
AcMeStateMgr
  3
AcMeServices
 90
     1024
 91
        0
280
     0
281
     0
  0
CLASS
  1
ACGREFMASTER
  2
AcGrefMaster
  3
AcAttribServices
 90
     1024
 91
        0
280
     0
281
     0
  0
CLASS
  1
SORTENTSTABLE
  2
AcDbSortentsTable
  3
ObjectDBX Classes
 90
        0
 91
        2
280
     0
281
     0
  0
CLASS
  1
DICTIONARYVAR
  2
AcDbDictionaryVar
  3
ObjectDBX Classes
 90
        0
 91
        6
280
     0
281
     0
  0
CLASS
  1
CELLSTYLEMAP
  2
AcDbCellStyleMap
  3
ObjectDBX Classes
 90
     1152
 91
        2
280
     0
281
     0
  0
ENDSEC
  0
SECTION
  2
TABLES
  0
TABLE
  2
VPORT
  5
8
330
0
100
AcDbSymbolTable
 70
     1
1001
ACAD
1000
DbSaveVer
1071
      247
  0
VPORT
  5
57
330
8
100
AcDbSymbolTableRecord
100
AcDbViewportTableRecord
  2
*Active
 70
     0
 10
0.0
 20
0.0
 11
1.0
 21
1.0
 12
248.7726970079493
 22
313.3008411793574
 13
0.0
 23
0.0
 14
0.5
 24
0.5
 15
0.0
 25
0.0
 16
0.0
 26
0.0
 36
1.0
 17
0.0
 27
0.0
 37
0.0
 40
228.6839604108642
 41
2.595945945945945
 42
50.0
 43
0.0
 44
0.0
 50
0.0
 51
0.0
 71
     0
 72
 20000
 73
     1
 74
     0
 75
     0
 76
     0
 77
     0
 78
     0
281
     0
 65
     1
110
0.0
120
0.0
130
0.0
111
1.0
121
0.0
131
0.0
112
0.0
122
1.0
132
0.0
 79
     0
146
0.0
348
2F
 60
     3
 61
     5
292
     1
282
     1
141
0.0
142
0.0
 63
   250
421
  3355443
1001
ACAD_NAV_VCDISPLAY
1070
     3
  0
ENDTAB
  0
TABLE
  2
LTYPE
  5
5
330
0
100
AcDbSymbolTable
 70
    15
  0
LTYPE
  5
5B
330
5
100
AcDbSymbolTableRecord
100
AcDbLinetypeTableRecord
  2
ByBlock
 70
     0
  3

 72
    65
 73
     0
 40
0.0
  0
LTYPE
  5
5C
330
5
100
AcDbSymbolTableRecord
100
AcDbLinetypeTableRecord
  2
ByLayer
 70
     0
  3

 72
    65
 73
     0
 40
0.0
  0
LTYPE
  5
5D
330
5
100
AcDbSymbolTableRecord
100
AcDbLinetypeTableRecord
  2
Continuous
 70
     0
  3
Solid line
 72
    65
 73
     0
 40
0.0
  0
LTYPE
  5
80
330
5
100
AcDbSymbolTableRecord
100
AcDbLinetypeTableRecord
  2
HIDDEN
 70
     0
  3
Hidden __ __ __ __ __ __ __ __ __ __ __ __ __ _
 72
    65
 73
     2
 40
9.525
 49
6.349999999999998
 74
     0
 49
-3.174999999999998
 74
     0
  0
LTYPE
  5
81
330
5
100
AcDbSymbolTableRecord
100
AcDbLinetypeTableRecord
  2
PHANTOM2
 70
     0
  3
Phantom (.5x) ___ _ _ ___ _ _ ___ _ _ ___ _ _
 72
    65
 73
     6
 40
31.75
 49
15.875
 74
     0
 49
-3.174999999999998
 74
     0
 49
3.174999999999998
 74
     0
 49
-3.174999999999998
 74
     0
 49
3.174999999999998
 74
     0
 49
-3.174999999999998
 74
     0
  0
LTYPE
  5
82
330
5
100
AcDbSymbolTableRecord
100
AcDbLinetypeTableRecord
  2
CENTER
 70
     0
  3
Center ____ _ ____ _ ____ _ ____ _ ____ _ ____
 72
    65
 73
     4
 40
50.8
 49
31.75
 74
     0
 49
-6.349999999999998
 74
     0
 49
6.349999999999998
 74
     0
 49
-6.349999999999998
 74
     0
  0
LTYPE
  5
90
330
5
100
AcDbSymbolTableRecord
100
AcDbLinetypeTableRecord
  2
AM_ISO02W050
 70
     0
  3
__ __ __ __ __ __ __ __ __ __ __ __ __ __ __
 72
    65
 73
     2
 40
7.5
 49
6.0
 74
     0
 49
-1.5
 74
     0
  0
LTYPE
  5
91
330
5
100
AcDbSymbolTableRecord
100
AcDbLinetypeTableRecord
  2
AM_ISO08W050
 70
     0
  3
____ . ____ . ____ . ____ . ____ . ____ . ____
 72
    65
 73
     4
 40
18.0
 49
12.0
 74
     0
 49
-1.5
 74
     0
 49
3.0
 74
     0
 49
-1.5
 74
     0
  0
LTYPE
  5
92
330
5
100
AcDbSymbolTableRecord
100
AcDbLinetypeTableRecord
  2
AM_ISO09W050
 70
     0
  3
_____ . . _____ . . _____ . . ____ .. ____
 72
    65
 73
     6
 40
22.5
 49
12.0
 74
     0
 49
-1.5
 74
     0
 49
3.0
 74
     0
 49
-1.5
 74
     0
 49
3.0
 74
     0
 49
-1.5
 74
     0
  0
LTYPE
  5
93
330
5
100
AcDbSymbolTableRecord
100
AcDbLinetypeTableRecord
  2
Amconstr
 70
     0
  3
_______________________
 72
    65
 73
     2
 40
9999.0
 49
9999.0
 74
     0
 49
0.0
 74
     0
  0
LTYPE
  5
94
330
5
100
AcDbSymbolTableRecord
100
AcDbLinetypeTableRecord
  2
AM_ISO08W050x2
 70
     0
  3
__ . __ . __ . __ . __ . __
 72
    65
 73
     4
 40
9.0
 49
6.0
 74
     0
 49
-0.75
 74
     0
 49
1.5
 74
     0
 49
-0.75
 74
     0
  0
LTYPE
  5
95
330
5
100
AcDbSymbolTableRecord
100
AcDbLinetypeTableRecord
  2
AM_ISO02W050x2
 70
     0
  3
 _ _ _ _ _ _ _ _ _ _ _ _
 72
    65
 73
     2
 40
3.75
 49
3.0
 74
     0
 49
-0.75
 74
     0
  0
LTYPE
  5
96
330
5
100
AcDbSymbolTableRecord
100
AcDbLinetypeTableRecord
  2
Amzigzag
 70
     0
  3
/\/-/\/-/\/-/\/-/\/-/\/
 72
    65
 73
     2
 40
11.0001
 49
0.0001
 74
     4
 75
   136
340
8D
 46
0.04
 50
0.0
 44
0.0
 45
0.0
 49
-11.0
 74
     0
  0
LTYPE
  5
97
330
5
100
AcDbSymbolTableRecord
100
AcDbLinetypeTableRecord
  2
ACISOWELD
 70
     0
  3
_ _ _ _ _
 72
    65
 73
     2
 40
2.0
 49
2.0
 74
     0
 49
-1.0
 74
     0
  0
LTYPE
  5
98
330
5
100
AcDbSymbolTableRecord
100
AcDbLinetypeTableRecord
  2
ACISOTGL
 70
     0
  3
_ _ _ _ _
 72
    65
 73
     2
 40
3.0
 49
2.0
 74
     0
 49
-1.0
 74
     0
  0
LTYPE
  5
99
330
5
100
AcDbSymbolTableRecord
100
AcDbLinetypeTableRecord
  2
ACISOTGB
 70
     0
  3
__ . . __ . .
 72
    65
 73
     6
 40
9.0
 49
4.0
 74
     0
 49
-1.0
 74
     0
 49
1.0
 74
     0
 49
-1.0
 74
     0
 49
1.0
 74
     0
 49
-1.0
 74
     0
  0
LTYPE
  5
1AEB
330
5
100
AcDbSymbolTableRecord
100
AcDbLinetypeTableRecord
  2
HIDDEN2
 70
     0
  3
Hidden (.5x) _ _ _ _ _ _ _ _ _ _ _ _ _ _ _ _ _
 72
    65
 73
     2
 40
4.7625
 49
3.174999999999998
 74
     0
 49
-1.587499999999999
 74
     0
  0
ENDTAB
  0
TABLE
  2
LAYER
  5
2
102
{ACAD_XDICTIONARY
360
19FF
102
}
330
0
100
AcDbSymbolTable
 70
     3
  0
LAYER
  5
54
330
2
100
AcDbSymbolTableRecord
100
AcDbLayerTableRecord
  2
0
 70
     0
 62
     7
  6
Continuous
370
    -3
390
F
347
21
348
0
1001
AcAecLayerStandard
1000

1000

  0
LAYER
  5
B5
330
2
100
AcDbSymbolTableRecord
100
AcDbLayerTableRecord
  2
Visible
 70
     0
 62
     7
  6
Continuous
370
    50
390
F
347
21
348
0
  0
LAYER
  5
1AEC
330
2
100
AcDbSymbolTableRecord
100
AcDbLayerTableRecord
  2
Hidden
 70
     0
 62
     7
  6
HIDDEN2
370
    25
390
F
347
21
348
0
  0
ENDTAB
  0
TABLE
  2
STYLE
  5
3
330
0
100
AcDbSymbolTable
 70
     4
  0
STYLE
  5
55
330
3
100
AcDbSymbolTableRecord
100
AcDbTextStyleTableRecord
  2
Standard
 70
     0
 40
0.0
 41
1.0
 50
0.0
 71
     0
 42
3.5
  3
arial.ttf
  4

1001
ACAD
1000
Arial
1071
       34
  0
STYLE
  5
5A
330
3
100
AcDbSymbolTableRecord
100
AcDbTextStyleTableRecord
  2
Annotative
 70
     0
 40
0.0
 41
1.0
 50
0.0
 71
     0
 42
0.2
  3
txt
  4

1001
AcadAnnotative
1000
AnnotativeData
1002
{
1070
     1
1070
     1
1002
}
  0
STYLE
  5
8D
330
3
100
AcDbSymbolTableRecord
100
AcDbTextStyleTableRecord
  2

 70
     1
 40
0.0
 41
1.0
 50
0.0
 71
     0
 42
10.0
  3
genltshp.shx
  4

  0
STYLE
  5
8E
330
3
100
AcDbSymbolTableRecord
100
AcDbTextStyleTableRecord
  2
ACISOGDT
 70
     0
 40
0.0
 41
1.0
 50
0.0
 71
     0
 42
10.0
  3
amgdt.shx
  4

  0
ENDTAB
  0
TABLE
  2
VIEW
  5
6
330
0
100
AcDbSymbolTable
 70
     0
  0
ENDTAB
  0
TABLE
  2
UCS
  5
7
330
0
100
AcDbSymbolTable
 70
     0
  0
ENDTAB
  0
TABLE
  2
APPID
  5
9
330
0
100
AcDbSymbolTable
 70
    18
  0
APPID
  5
56
330
9
100
AcDbSymbolTableRecord
100
AcDbRegAppTableRecord
  2
ACAD
 70
     0
  0
APPID
  5
5E
330
9
100
AcDbSymbolTableRecord
100
AcDbRegAppTableRecord
  2
AcadAnnotative
 70
     0
  0
APPID
  5
78
330
9
100
AcDbSymbolTableRecord
100
AcDbRegAppTableRecord
  2
ACAD_PSEXT
 70
     0
  0
APPID
  5
79
330
9
100
AcDbSymbolTableRecord
100
AcDbRegAppTableRecord
  2
MCAD_NO_VIS
 70
     0
  0
APPID
  5
7A
330
9
100
AcDbSymbolTableRecord
100
AcDbRegAppTableRecord
  2
ACAD_TEMP_GRAPHIC
 70
     0
  0
APPID
  5
83
330
9
100
AcDbSymbolTableRecord
100
AcDbRegAppTableRecord
  2
ACAD_DSTYLE_DIMJAG
 70
     0
  0
APPID
  5
84
330
9
100
AcDbSymbolTableRecord
100
AcDbRegAppTableRecord
  2
ACAD_DSTYLE_DIMTALN
 70
     0
  0
APPID
  5
85
330
9
100
AcDbSymbolTableRecord
100
AcDbRegAppTableRecord
  2
ACAD_NAV_VCDISPLAY
 70
     0
  0
APPID
  5
86
330
9
100
AcDbSymbolTableRecord
100
AcDbRegAppTableRecord
  2
ACAD_DSTYLE_DIMBREAK
 70
     0
  0
APPID
  5
87
330
9
100
AcDbSymbolTableRecord
100
AcDbRegAppTableRecord
  2
FUSIONCURRENTTITLEBLOCK
 70
     0
  0
APPID
  5
88
330
9
100
AcDbSymbolTableRecord
100
AcDbRegAppTableRecord
  2
AcSynergy
 70
     0
  0
APPID
  5
89
330
9
100
AcDbSymbolTableRecord
100
AcDbRegAppTableRecord
  2
GENIUS_GENSCREG_15
 70
     0
  0
APPID
  5
8A
330
9
100
AcDbSymbolTableRecord
100
AcDbRegAppTableRecord
  2
GENIUS_GENOBJ-N-SDF_13
 70
     0
  0
APPID
  5
8B
330
9
100
AcDbSymbolTableRecord
100
AcDbRegAppTableRecord
  2
GENIUS_GENODEF_13
 70
     0
  0
APPID
  5
8C
330
9
100
AcDbSymbolTableRecord
100
AcDbRegAppTableRecord
  2
ACATTRIBSERVICES
 70
     0
  0
APPID
  5
1912
330
9
100
AcDbSymbolTableRecord
100
AcDbRegAppTableRecord
  2
AcAecLayerStandard
 70
     0
  0
APPID
  5
192B
330
9
100
AcDbSymbolTableRecord
100
AcDbRegAppTableRecord
  2
ACAD_EXEMPT_FROM_CAD_STANDARDS
 70
     0
  0
APPID
  5
1932
330
9
100
AcDbSymbolTableRecord
100
AcDbRegAppTableRecord
  2
Acad_TC
 70
     0
  0
ENDTAB
  0
TABLE
  2
DIMSTYLE
  5
A
330
0
100
AcDbSymbolTable
 70
     4
100
AcDbDimStyleTable
 71
     1
340
9D
  0
DIMSTYLE
105
58
330
A
100
AcDbSymbolTableRecord
100
AcDbDimStyleTableRecord
  2
Standard
 70
     0
 41
3.5
 42
2.1
 43
10.5
 44
2.1
 78
    12
 79
     3
140
3.5
143
0.03937
146
0.714286
147
1.399999999999999
179
     2
271
     2
272
     2
284
    12
340
55
  0
DIMSTYLE
105
59
330
A
100
AcDbSymbolTableRecord
100
AcDbDimStyleTableRecord
  2
Annotative
 70
     0
 40
0.0
 41
3.5
 42
2.1
 43
10.5
 44
2.1
 73
     0
 74
     0
 77
     1
 78
    12
 79
     3
140
3.5
141
2.5
143
0.03937
146
0.714286
147
1.399999999999999
171
     3
172
     1
179
     2
271
     2
272
     2
274
     3
278
    44
283
     0
284
    12
340
55
1001
AcadAnnotative
1000
AnnotativeData
1002
{
1070
     1
1070
     1
1002
}
  0
DIMSTYLE
105
9C
330
A
100
AcDbSymbolTableRecord
100
AcDbDimStyleTableRecord
  2
ISO-25
 70
     0
  4
in
 41
3.5
 42
2.1
 43
10.5
 44
2.1
 47
0.1
 48
0.1
 73
     0
 74
     0
 77
     1
 78
    12
 79
     3
140
3.5
141
0.0
143
0.03937
146
0.714286
147
1.399999999999999
171
     4
172
     1
176
   256
177
   256
178
   256
179
     2
271
     2
272
     2
274
     4
283
     0
284
    12
285
     8
340
55
1001
ACAD_DSTYLE_DIMJAG
1070
   388
1040
1.5
1001
ACAD_DSTYLE_DIMTALN
1070
   392
1070
     1
1001
ACAD_DSTYLE_DIMBREAK
1070
   391
1040
3.5
  0
DIMSTYLE
105
9D
330
A
100
AcDbSymbolTableRecord
100
AcDbDimStyleTableRecord
  2
Dim-ISO-25
 70
     0
 41
3.5
 42
2.1
 43
10.5
 44
2.1
 47
0.1
 48
0.1
 73
     0
 74
     0
 77
     1
 78
    12
 79
     3
140
3.5
141
0.0
143
0.03937
146
0.714286
147
1.399999999999999
172
     1
179
     2
271
     2
272
     2
274
     4
283
     0
284
    12
285
    12
286
    12
340
55
1001
ACAD_DSTYLE_DIMJAG
1070
   388
1040
1.5
1001
ACAD_DSTYLE_DIMTALN
1070
   392
1070
     1
1001
ACAD_DSTYLE_DIMBREAK
1070
   391
1040
3.5
  0
ENDTAB
  0
TABLE
  2
BLOCK_RECORD
  5
1
330
0
100
AcDbSymbolTable
 70
     2
  0
BLOCK_RECORD
  5
70
102
{ACAD_XDICTIONARY
360
AE
102
}
330
1
100
AcDbSymbolTableRecord
100
AcDbBlockTableRecord
  2
*Model_Space
340
73
 70
     0
280
     1
281
     0
  0
BLOCK_RECORD
  5
6C
330
1
100
AcDbSymbolTableRecord
100
AcDbBlockTableRecord
  2
*Paper_Space
340
6F
 70
     0
280
     1
281
     0
  0
BLOCK_RECORD
  5
74
330
1
100
AcDbSymbolTableRecord
100
AcDbBlockTableRecord
  2
*Paper_Space0
340
77
 70
     0
280
     1
281
     0
  0
ENDTAB
  0
ENDSEC
  0
SECTION
  2
BLOCKS
  0
BLOCK
  5
71
330
70
100
AcDbEntity
  8
0
100
AcDbBlockBegin
  2
*Model_Space
 70
     0
 10
0.0
 20
0.0
 30
0.0
  3
*Model_Space
  1

  0
ENDBLK
  5
72
330
70
100
AcDbEntity
  8
0
100
AcDbBlockEnd
  0
BLOCK
  5
6D
330
6C
100
AcDbEntity
 67
     1
  8
0
100
AcDbBlockBegin
  2
*Paper_Space
 70
     0
 10
0.0
 20
0.0
 30
0.0
  3
*Paper_Space
  1

  0
ENDBLK
  5
6E
330
6C
100
AcDbEntity
 67
     1
  8
0
100
AcDbBlockEnd
  0
BLOCK
  5
75
330
74
100
AcDbEntity
 67
     1
  8
0
100
AcDbBlockBegin
  2
*Paper_Space0
 70
     0
 10
0.0
 20
0.0
 30
0.0
  3
*Paper_Space0
  1

  0
ENDBLK
  5
76
330
74
100
AcDbEntity
 67
     1
  8
0
100
AcDbBlockEnd
  0
ENDSEC
  0
SECTION
  2
ENTITIES
  0
ARC
  5
26DA
330
70
100
AcDbEntity
  8
Visible
100
AcDbCircle
 10
-371.2857896546856
 20
274.7920411769564
 30
0.0
 40
2.999999999999987
210
0.0
220
0.0
230
-1.0
100
AcDbArc
 50
180.0
 51
270.0
  0
LINE
  5
26DB
330
70
100
AcDbEntity
  8
Visible
100
AcDbLine
 10
374.2857896546856
 20
274.7920411769564
 30
0.0
 11
374.2857896546856
 21
293.8170411769564
 31
0.0
  0
ARC
  5
26DC
330
70
100
AcDbEntity
  8
Visible
100
AcDbCircle
 10
-371.2857896546856
 20
388.7545411769565
 30
0.0
 40
2.9999999999999
210
0.0
220
0.0
230
-1.0
100
AcDbArc
 50
90.0
 51
180.0
  0
LINE
  5
26DD
330
70
100
AcDbEntity
  8
Visible
100
AcDbLine
 10
371.2857896546856
 20
391.7545411769564
 30
0.0
 11
366.0425626546855
 21
391.7545411769564
 31
0.0
  0
ARC
  5
26DE
330
70
100
AcDbEntity
  8
Visible
100
AcDbCircle
 10
-26.67328965468555
 20
388.7545411769565
 30
0.0
 40
3.000000000000041
210
0.0
220
0.0
230
-1.0
100
AcDbArc
 50
0.0
 51
90.0
  0
LINE
  5
26DF
330
70
100
AcDbEntity
  8
Visible
100
AcDbLine
 10
23.67328965468554
 20
298.0330755401965
 30
0.0
 11
23.67328965468555
 21
274.7920411769564
 31
0.0
  0
ARC
  5
26E0
330
70
100
AcDbEntity
  8
Visible
100
AcDbCircle
 10
-26.67328965468555
 20
274.7920411769564
 30
0.0
 40
2.999999999999952
210
0.0
220
0.0
230
-1.0
100
AcDbArc
 50
270.0
 51
0.0
  0
ARC
  5
26E1
330
70
100
AcDbEntity
  8
Visible
100
AcDbCircle
 10
366.0425626546855
 20
393.7545411769564
 30
0.0
 40
1.999999999999744
100
AcDbArc
 50
208.4429289999994
 51
270.0
  0
LINE
  5
26E2
330
70
100
AcDbEntity
  8
Visible
100
AcDbLine
 10
364.2839786546856
 20
392.8019751769564
 30
0.0
 11
362.7103656546855
 21
395.7071071769564
 31
0.0
  0
ARC
  5
26E3
330
70
100
AcDbEntity
  8
Visible
100
AcDbCircle
 10
-360.9517816546855
 20
394.7545411769564
 30
0.0
 40
2.000000000000073
210
0.0
220
0.0
230
-1.0
100
AcDbArc
 50
90.0
 51
151.5570710000006
  0
LINE
  5
26E4
330
70
100
AcDbEntity
  8
Visible
100
AcDbLine
 10
360.9517816546855
 20
396.7545411769564
 30
0.0
 11
360.5795396546856
 21
396.7545411769564
 31
0.0
  0
LINE
  5
26E5
330
70
100
AcDbEntity
  8
Visible
100
AcDbLine
 10
360.5795396546856
 20
396.7545411769564
 30
0.0
 11
360.5795396546856
 21
393.3545411769565
 31
0.0
  0
ARC
  5
26E6
330
70
100
AcDbEntity
  8
Visible
100
AcDbCircle
 10
-358.9795396546855
 20
393.3545411769565
 30
0.0
 40
1.599999999999965
210
0.0
220
0.0
230
-1.0
100
AcDbArc
 50
180.0
 51
0.0
  0
LINE
  5
26E7
330
70
100
AcDbEntity
  8
Visible
100
AcDbLine
 10
357.3795396546856
 20
393.3545411769565
 30
0.0
 11
357.3795396546856
 21
396.7545411769564
 31
0.0
  0
LINE
  5
26E8
330
70
100
AcDbEntity
  8
Visible
100
AcDbLine
 10
357.3795396546856
 20
396.7545411769564
 30
0.0
 11
357.0072976546855
 21
396.7545411769564
 31
0.0
  0
ARC
  5
26E9
330
70
100
AcDbEntity
  8
Visible
100
AcDbCircle
 10
-357.0072976546855
 20
394.7545411769564
 30
0.0
 40
2.000000000000419
210
0.0
220
0.0
230
-1.0
100
AcDbArc
 50
28.44292899999942
 51
90.0
  0
LINE
  5
26EA
330
70
100
AcDbEntity
  8
Visible
100
AcDbLine
 10
355.2487136546855
 20
395.7071071769564
 30
0.0
 11
353.6750996546855
 21
392.8019751769564
 31
0.0
  0
ARC
  5
26EB
330
70
100
AcDbEntity
  8
Visible
100
AcDbCircle
 10
351.9165156546856
 20
393.7545411769564
 30
0.0
 40
1.999999999999928
100
AcDbArc
 50
270.0
 51
331.5570710000006
  0
LINE
  5
26EC
330
70
100
AcDbEntity
  8
Visible
100
AcDbLine
 10
351.9165156546856
 20
391.7545411769564
 30
0.0
 11
286.0425626546856
 21
391.7545411769564
 31
0.0
  0
ARC
  5
26ED
330
70
100
AcDbEntity
  8
Visible
100
AcDbCircle
 10
286.0425626546856
 20
393.7545411769564
 30
0.0
 40
1.999999999999743
100
AcDbArc
 50
208.4429289999994
 51
270.0
  0
LINE
  5
26EE
330
70
100
AcDbEntity
  8
Visible
100
AcDbLine
 10
284.2839786546855
 20
392.8019751769564
 30
0.0
 11
282.7103656546855
 21
395.7071071769564
 31
0.0
  0
ARC
  5
26EF
330
70
100
AcDbEntity
  8
Visible
100
AcDbCircle
 10
-280.9517816546856
 20
394.7545411769564
 30
0.0
 40
2.000000000000073
210
0.0
220
0.0
230
-1.0
100
AcDbArc
 50
90.0
 51
151.5570710000006
  0
LINE
  5
26F0
330
70
100
AcDbEntity
  8
Visible
100
AcDbLine
 10
280.9517816546856
 20
396.7545411769564
 30
0.0
 11
280.5795396546855
 21
396.7545411769564
 31
0.0
  0
LINE
  5
26F1
330
70
100
AcDbEntity
  8
Visible
100
AcDbLine
 10
280.5795396546855
 20
396.7545411769564
 30
0.0
 11
280.5795396546855
 21
393.3545411769565
 31
0.0
  0
ARC
  5
26F2
330
70
100
AcDbEntity
  8
Visible
100
AcDbCircle
 10
-278.9795396546856
 20
393.3545411769565
 30
0.0
 40
1.599999999999965
210
0.0
220
0.0
230
-1.0
100
AcDbArc
 50
180.0
 51
0.0
  0
LINE
  5
26F3
330
70
100
AcDbEntity
  8
Visible
100
AcDbLine
 10
277.3795396546856
 20
393.3545411769565
 30
0.0
 11
277.3795396546856
 21
396.7545411769564
 31
0.0
  0
LINE
  5
26F4
330
70
100
AcDbEntity
  8
Visible
100
AcDbLine
 10
277.3795396546856
 20
396.7545411769564
 30
0.0
 11
277.0072976546856
 21
396.7545411769564
 31
0.0
  0
ARC
  5
26F5
330
70
100
AcDbEntity
  8
Visible
100
AcDbCircle
 10
-277.0072976546856
 20
394.7545411769564
 30
0.0
 40
1.999999999999919
210
0.0
220
0.0
230
-1.0
100
AcDbArc
 50
28.44292899999942
 51
90.0
  0
LINE
  5
26F6
330
70
100
AcDbEntity
  8
Visible
100
AcDbLine
 10
275.2487136546855
 20
395.7071071769564
 30
0.0
 11
273.6750996546855
 21
392.8019751769564
 31
0.0
  0
ARC
  5
26F7
330
70
100
AcDbEntity
  8
Visible
100
AcDbCircle
 10
271.9165156546856
 20
393.7545411769564
 30
0.0
 40
1.999999999999911
100
AcDbArc
 50
270.0
 51
331.5570710000006
  0
LINE
  5
26F8
330
70
100
AcDbEntity
  8
Visible
100
AcDbLine
 10
271.9165156546856
 20
391.7545411769564
 30
0.0
 11
206.0425626546856
 21
391.7545411769564
 31
0.0
  0
ARC
  5
26F9
330
70
100
AcDbEntity
  8
Visible
100
AcDbCircle
 10
206.0425626546856
 20
393.7545411769564
 30
0.0
 40
2.000000000000063
100
AcDbArc
 50
208.4429289999994
 51
270.0
  0
LINE
  5
26FA
330
70
100
AcDbEntity
  8
Visible
100
AcDbLine
 10
204.2839786546856
 20
392.8019751769564
 30
0.0
 11
202.7103656546855
 21
395.7071071769564
 31
0.0
  0
ARC
  5
26FB
330
70
100
AcDbEntity
  8
Visible
100
AcDbCircle
 10
-200.9517816546855
 20
394.7545411769564
 30
0.0
 40
1.999999999999784
210
0.0
220
0.0
230
-1.0
100
AcDbArc
 50
90.0
 51
151.5570710000006
  0
LINE
  5
26FC
330
70
100
AcDbEntity
  8
Visible
100
AcDbLine
 10
200.9517816546855
 20
396.7545411769564
 30
0.0
 11
200.5795396546856
 21
396.7545411769564
 31
0.0
  0
LINE
  5
26FD
330
70
100
AcDbEntity
  8
Visible
100
AcDbLine
 10
200.5795396546856
 20
396.7545411769564
 30
0.0
 11
200.5795396546856
 21
393.3545411769565
 31
0.0
  0
ARC
  5
26FE
330
70
100
AcDbEntity
  8
Visible
100
AcDbCircle
 10
-198.9795396546855
 20
393.3545411769565
 30
0.0
 40
1.6
210
0.0
220
0.0
230
-1.0
100
AcDbArc
 50
180.0
 51
0.0
  0
LINE
  5
26FF
330
70
100
AcDbEntity
  8
Visible
100
AcDbLine
 10
197.3795396546855
 20
393.3545411769565
 30
0.0
 11
197.3795396546855
 21
396.7545411769564
 31
0.0
  0
LINE
  5
2700
330
70
100
AcDbEntity
  8
Visible
100
AcDbLine
 10
197.3795396546855
 20
396.7545411769564
 30
0.0
 11
197.0072976546856
 21
396.7545411769564
 31
0.0
  0
ARC
  5
2701
330
70
100
AcDbEntity
  8
Visible
100
AcDbCircle
 10
-197.0072976546856
 20
394.7545411769564
 30
0.0
 40
2.00000000000017
210
0.0
220
0.0
230
-1.0
100
AcDbArc
 50
28.44292899999942
 51
90.0
  0
LINE
  5
2702
330
70
100
AcDbEntity
  8
Visible
100
AcDbLine
 10
195.2487136546855
 20
395.7071071769564
 30
0.0
 11
193.6750996546855
 21
392.8019751769564
 31
0.0
  0
ARC
  5
2703
330
70
100
AcDbEntity
  8
Visible
100
AcDbCircle
 10
191.9165156546855
 20
393.7545411769564
 30
0.0
 40
1.999999999999928
100
AcDbArc
 50
270.0
 51
331.5570710000006
  0
LINE
  5
2704
330
70
100
AcDbEntity
  8
Visible
100
AcDbLine
 10
191.9165156546855
 20
391.7545411769564
 30
0.0
 11
126.0425626546855
 21
391.7545411769564
 31
0.0
  0
ARC
  5
2705
330
70
100
AcDbEntity
  8
Visible
100
AcDbCircle
 10
126.0425626546855
 20
393.7545411769564
 30
0.0
 40
2.000000000000026
100
AcDbArc
 50
208.4429289999994
 51
270.0
  0
LINE
  5
2706
330
70
100
AcDbEntity
  8
Visible
100
AcDbLine
 10
124.2839786546855
 20
392.8019751769564
 30
0.0
 11
122.7103656546855
 21
395.7071071769564
 31
0.0
  0
ARC
  5
2707
330
70
100
AcDbEntity
  8
Visible
100
AcDbCircle
 10
-120.9517816546855
 20
394.7545411769564
 30
0.0
 40
2.000000000000039
210
0.0
220
0.0
230
-1.0
100
AcDbArc
 50
90.0
 51
151.5570710000006
  0
LINE
  5
2708
330
70
100
AcDbEntity
  8
Visible
100
AcDbLine
 10
120.9517816546855
 20
396.7545411769564
 30
0.0
 11
120.5795396546855
 21
396.7545411769564
 31
0.0
  0
LINE
  5
2709
330
70
100
AcDbEntity
  8
Visible
100
AcDbLine
 10
120.5795396546855
 20
396.7545411769564
 30
0.0
 11
120.5795396546855
 21
393.3545411769565
 31
0.0
  0
ARC
  5
270A
330
70
100
AcDbEntity
  8
Visible
100
AcDbCircle
 10
-118.9795396546855
 20
393.3545411769565
 30
0.0
 40
1.6
210
0.0
220
0.0
230
-1.0
100
AcDbArc
 50
180.0
 51
0.0
  0
LINE
  5
270B
330
70
100
AcDbEntity
  8
Visible
100
AcDbLine
 10
117.3795396546855
 20
393.3545411769565
 30
0.0
 11
117.3795396546855
 21
396.7545411769564
 31
0.0
  0
LINE
  5
270C
330
70
100
AcDbEntity
  8
Visible
100
AcDbLine
 10
117.3795396546855
 20
396.7545411769564
 30
0.0
 11
117.0072976546855
 21
396.7545411769564
 31
0.0
  0
ARC
  5
270D
330
70
100
AcDbEntity
  8
Visible
100
AcDbCircle
 10
-117.0072976546855
 20
394.7545411769564
 30
0.0
 40
1.999999999999993
210
0.0
220
0.0
230
-1.0
100
AcDbArc
 50
28.44292899999942
 51
90.0
  0
LINE
  5
270E
330
70
100
AcDbEntity
  8
Visible
100
AcDbLine
 10
115.2487136546855
 20
395.7071071769564
 30
0.0
 11
113.6750996546855
 21
392.8019751769564
 31
0.0
  0
ARC
  5
270F
330
70
100
AcDbEntity
  8
Visible
100
AcDbCircle
 10
111.9165156546855
 20
393.7545411769564
 30
0.0
 40
1.999999999999928
100
AcDbArc
 50
270.0
 51
331.5570710000006
  0
LINE
  5
2710
330
70
100
AcDbEntity
  8
Visible
100
AcDbLine
 10
111.9165156546855
 20
391.7545411769564
 30
0.0
 11
46.04256265468555
 21
391.7545411769564
 31
0.0
  0
ARC
  5
2711
330
70
100
AcDbEntity
  8
Visible
100
AcDbCircle
 10
46.04256265468555
 20
393.7545411769564
 30
0.0
 40
1.999999999999992
100
AcDbArc
 50
208.4429289999994
 51
270.0
  0
LINE
  5
2712
330
70
100
AcDbEntity
  8
Visible
100
AcDbLine
 10
44.28397865468553
 20
392.8019751769564
 30
0.0
 11
42.71036565468554
 21
395.7071071769564
 31
0.0
  0
ARC
  5
2713
330
70
100
AcDbEntity
  8
Visible
100
AcDbCircle
 10
-40.95178165468554
 20
394.7545411769564
 30
0.0
 40
1.999999999999928
210
0.0
220
0.0
230
-1.0
100
AcDbArc
 50
90.0
 51
151.5570710000006
  0
LINE
  5
2714
330
70
100
AcDbEntity
  8
Visible
100
AcDbLine
 10
40.95178165468554
 20
396.7545411769564
 30
0.0
 11
40.57953965468555
 21
396.7545411769564
 31
0.0
  0
LINE
  5
2715
330
70
100
AcDbEntity
  8
Visible
100
AcDbLine
 10
40.57953965468555
 20
396.7545411769564
 30
0.0
 11
40.57953965468555
 21
393.3545411769565
 31
0.0
  0
ARC
  5
2716
330
70
100
AcDbEntity
  8
Visible
100
AcDbCircle
 10
-38.97953965468555
 20
393.3545411769565
 30
0.0
 40
1.6
210
0.0
220
0.0
230
-1.0
100
AcDbArc
 50
180.0
 51
0.0
  0
LINE
  5
2717
330
70
100
AcDbEntity
  8
Visible
100
AcDbLine
 10
37.37953965468554
 20
393.3545411769565
 30
0.0
 11
37.37953965468554
 21
396.7545411769564
 31
0.0
  0
LINE
  5
2718
330
70
100
AcDbEntity
  8
Visible
100
AcDbLine
 10
37.37953965468554
 20
396.7545411769564
 30
0.0
 11
37.00729765468554
 21
396.7545411769564
 31
0.0
  0
ARC
  5
2719
330
70
100
AcDbEntity
  8
Visible
100
AcDbCircle
 10
-37.00729765468554
 20
394.7545411769564
 30
0.0
 40
1.99999999999985
210
0.0
220
0.0
230
-1.0
100
AcDbArc
 50
28.44292899999942
 51
90.0
  0
LINE
  5
271A
330
70
100
AcDbEntity
  8
Visible
100
AcDbLine
 10
35.24871365468555
 20
395.7071071769564
 30
0.0
 11
33.67509965468555
 21
392.8019751769564
 31
0.0
  0
ARC
  5
271B
330
70
100
AcDbEntity
  8
Visible
100
AcDbCircle
 10
31.91651565468554
 20
393.7545411769564
 30
0.0
 40
2.000000000000123
100
AcDbArc
 50
270.0
 51
331.5570710000006
  0
LINE
  5
271C
330
70
100
AcDbEntity
  8
Visible
100
AcDbLine
 10
31.91651565468554
 20
391.7545411769564
 30
0.0
 11
26.67328965468555
 21
391.7545411769564
 31
0.0
  0
LINE
  5
271D
330
70
100
AcDbEntity
  8
Visible
100
AcDbLine
 10
31.91651565468554
 20
271.7920411769565
 30
0.0
 11
26.67328965468555
 21
271.7920411769565
 31
0.0
  0
ARC
  5
271E
330
70
100
AcDbEntity
  8
Visible
100
AcDbCircle
 10
31.91651565468554
 20
269.7920411769564
 30
0.0
 40
1.999999999999903
100
AcDbArc
 50
28.44292899999942
 51
90.0
  0
LINE
  5
271F
330
70
100
AcDbEntity
  8
Visible
100
AcDbLine
 10
33.67509965468555
 20
270.7446071769564
 30
0.0
 11
35.51954665468555
 21
267.3394751769564
 31
0.0
  0
ARC
  5
2720
330
70
100
AcDbEntity
  8
Visible
100
AcDbCircle
 10
-37.27813065468553
 20
268.2920411769564
 30
0.0
 40
2.000000000000038
210
0.0
220
0.0
230
-1.0
100
AcDbArc
 50
270.0
 51
331.5570710000006
  0
LINE
  5
2721
330
70
100
AcDbEntity
  8
Visible
100
AcDbLine
 10
37.27813065468553
 20
266.2920411769564
 30
0.0
 11
37.37953965468554
 21
266.2920411769564
 31
0.0
  0
LINE
  5
2722
330
70
100
AcDbEntity
  8
Visible
100
AcDbLine
 10
37.37953965468554
 20
266.2920411769564
 30
0.0
 11
37.37953965468554
 21
270.1920411769564
 31
0.0
  0
ARC
  5
2723
330
70
100
AcDbEntity
  8
Visible
100
AcDbCircle
 10
-38.97953965468555
 20
270.1920411769564
 30
0.0
 40
1.6
210
0.0
220
0.0
230
-1.0
100
AcDbArc
 50
0.0
 51
180.0
  0
LINE
  5
2724
330
70
100
AcDbEntity
  8
Visible
100
AcDbLine
 10
40.57953965468555
 20
270.1920411769564
 30
0.0
 11
40.57953965468555
 21
266.2920411769564
 31
0.0
  0
LINE
  5
2725
330
70
100
AcDbEntity
  8
Visible
100
AcDbLine
 10
40.57953965468555
 20
266.2920411769564
 30
0.0
 11
40.68094865468554
 21
266.2920411769564
 31
0.0
  0
ARC
  5
2726
330
70
100
AcDbEntity
  8
Visible
100
AcDbCircle
 10
-40.68094865468554
 20
268.2920411769564
 30
0.0
 40
1.999999999999993
210
0.0
220
0.0
230
-1.0
100
AcDbArc
 50
208.4429289999994
 51
270.0
  0
LINE
  5
2727
330
70
100
AcDbEntity
  8
Visible
100
AcDbLine
 10
42.43953265468554
 20
267.3394751769564
 30
0.0
 11
44.28397865468553
 21
270.7446071769564
 31
0.0
  0
ARC
  5
2728
330
70
100
AcDbEntity
  8
Visible
100
AcDbCircle
 10
46.04256265468555
 20
269.7920411769564
 30
0.0
 40
2.000000000000099
100
AcDbArc
 50
90.0
 51
151.5570710000006
  0
LINE
  5
2729
330
70
100
AcDbEntity
  8
Visible
100
AcDbLine
 10
98.29253365468556
 20
271.7920411769565
 30
0.0
 11
46.04256265468555
 21
271.7920411769565
 31
0.0
  0
ARC
  5
272A
330
70
100
AcDbEntity
  8
Visible
100
AcDbCircle
 10
-98.29253365468556
 20
269.7920411769564
 30
0.0
 40
1.999999999999956
210
0.0
220
0.0
230
-1.0
100
AcDbArc
 50
90.0
 51
134.9999999999996
  0
LINE
  5
272B
330
70
100
AcDbEntity
  8
Visible
100
AcDbLine
 10
99.70674765468551
 20
271.2062551769564
 30
0.0
 11
100.4351746546855
 21
270.4778271769565
 31
0.0
  0
ARC
  5
272C
330
70
100
AcDbEntity
  8
Visible
100
AcDbCircle
 10
101.8493876546855
 20
271.8920411769564
 30
0.0
 40
2.000000000000222
100
AcDbArc
 50
225.0000000000004
 51
270.0
  0
LINE
  5
272D
330
70
100
AcDbEntity
  8
Visible
100
AcDbLine
 10
101.8493876546855
 20
269.8920411769564
 30
0.0
 11
112.9456826546855
 21
269.8920411769564
 31
0.0
  0
ARC
  5
272E
330
70
100
AcDbEntity
  8
Visible
100
AcDbCircle
 10
112.9456826546855
 20
267.8920411769564
 30
0.0
 40
1.999999999999903
100
AcDbArc
 50
28.44292899999942
 51
90.0
  0
LINE
  5
272F
330
70
100
AcDbEntity
  8
Visible
100
AcDbLine
 10
114.7042666546855
 20
268.8446071769564
 30
0.0
 11
115.5195466546855
 21
267.3394751769564
 31
0.0
  0
ARC
  5
2730
330
70
100
AcDbEntity
  8
Visible
100
AcDbCircle
 10
-117.2781306546855
 20
268.2920411769564
 30
0.0
 40
2.000000000000045
210
0.0
220
0.0
230
-1.0
100
AcDbArc
 50
270.0
 51
331.5570710000006
  0
LINE
  5
2731
330
70
100
AcDbEntity
  8
Visible
100
AcDbLine
 10
117.2781306546855
 20
266.2920411769564
 30
0.0
 11
117.3795396546855
 21
266.2920411769564
 31
0.0
  0
LINE
  5
2732
330
70
100
AcDbEntity
  8
Visible
100
AcDbLine
 10
117.3795396546855
 20
266.2920411769564
 30
0.0
 11
117.3795396546855
 21
270.1920411769564
 31
0.0
  0
ARC
  5
2733
330
70
100
AcDbEntity
  8
Visible
100
AcDbCircle
 10
-118.9795396546855
 20
270.1920411769564
 30
0.0
 40
1.6
210
0.0
220
0.0
230
-1.0
100
AcDbArc
 50
0.0
 51
180.0
  0
LINE
  5
2734
330
70
100
AcDbEntity
  8
Visible
100
AcDbLine
 10
120.5795396546855
 20
270.1920411769564
 30
0.0
 11
120.5795396546855
 21
266.2920411769564
 31
0.0
  0
LINE
  5
2735
330
70
100
AcDbEntity
  8
Visible
100
AcDbLine
 10
120.5795396546855
 20
266.2920411769564
 30
0.0
 11
120.6809486546855
 21
266.2920411769564
 31
0.0
  0
ARC
  5
2736
330
70
100
AcDbEntity
  8
Visible
100
AcDbCircle
 10
-120.6809486546855
 20
268.2920411769564
 30
0.0
 40
1.999999999999974
210
0.0
220
0.0
230
-1.0
100
AcDbArc
 50
208.4429289999994
 51
270.0
  0
LINE
  5
2737
330
70
100
AcDbEntity
  8
Visible
100
AcDbLine
 10
122.4395326546855
 20
267.3394751769564
 30
0.0
 11
124.2839786546855
 21
270.7446071769564
 31
0.0
  0
ARC
  5
2738
330
70
100
AcDbEntity
  8
Visible
100
AcDbCircle
 10
126.0425626546855
 20
269.7920411769564
 30
0.0
 40
2.000000000000064
100
AcDbArc
 50
90.0
 51
151.5570710000006
  0
LINE
  5
2739
330
70
100
AcDbEntity
  8
Visible
100
AcDbLine
 10
126.0425626546855
 20
271.7920411769565
 30
0.0
 11
191.9165156546855
 21
271.7920411769565
 31
0.0
  0
ARC
  5
273A
330
70
100
AcDbEntity
  8
Visible
100
AcDbCircle
 10
191.9165156546855
 20
269.7920411769564
 30
0.0
 40
1.999999999999938
100
AcDbArc
 50
28.44292899999942
 51
90.0
  0
LINE
  5
273B
330
70
100
AcDbEntity
  8
Visible
100
AcDbLine
 10
193.6750996546855
 20
270.7446071769564
 30
0.0
 11
195.5195466546855
 21
267.3394751769564
 31
0.0
  0
ARC
  5
273C
330
70
100
AcDbEntity
  8
Visible
100
AcDbCircle
 10
-197.2781306546855
 20
268.2920411769564
 30
0.0
 40
1.99999999999989
210
0.0
220
0.0
230
-1.0
100
AcDbArc
 50
270.0
 51
331.5570710000006
  0
LINE
  5
273D
330
70
100
AcDbEntity
  8
Visible
100
AcDbLine
 10
197.2781306546855
 20
266.2920411769564
 30
0.0
 11
197.3795396546855
 21
266.2920411769564
 31
0.0
  0
LINE
  5
273E
330
70
100
AcDbEntity
  8
Visible
100
AcDbLine
 10
197.3795396546855
 20
266.2920411769564
 30
0.0
 11
197.3795396546855
 21
270.1920411769564
 31
0.0
  0
ARC
  5
273F
330
70
100
AcDbEntity
  8
Visible
100
AcDbCircle
 10
-198.9795396546855
 20
270.1920411769564
 30
0.0
 40
1.6
210
0.0
220
0.0
230
-1.0
100
AcDbArc
 50
0.0
 51
180.0
  0
LINE
  5
2740
330
70
100
AcDbEntity
  8
Visible
100
AcDbLine
 10
200.5795396546856
 20
270.1920411769564
 30
0.0
 11
200.5795396546856
 21
266.2920411769564
 31
0.0
  0
LINE
  5
2741
330
70
100
AcDbEntity
  8
Visible
100
AcDbLine
 10
200.5795396546856
 20
266.2920411769564
 30
0.0
 11
200.6809486546856
 21
266.2920411769564
 31
0.0
  0
ARC
  5
2742
330
70
100
AcDbEntity
  8
Visible
100
AcDbCircle
 10
-200.6809486546856
 20
268.2920411769564
 30
0.0
 40
2.000000000000011
210
0.0
220
0.0
230
-1.0
100
AcDbArc
 50
208.4429289999994
 51
270.0
  0
LINE
  5
2743
330
70
100
AcDbEntity
  8
Visible
100
AcDbLine
 10
202.4395326546855
 20
267.3394751769564
 30
0.0
 11
203.2548126546856
 21
268.8446071769564
 31
0.0
  0
ARC
  5
2744
330
70
100
AcDbEntity
  8
Visible
100
AcDbCircle
 10
205.0133966546856
 20
267.8920411769564
 30
0.0
 40
1.999999999999934
100
AcDbArc
 50
90.0
 51
151.5570710000006
  0
LINE
  5
2745
330
70
100
AcDbEntity
  8
Visible
100
AcDbLine
 10
205.0133966546856
 20
269.8920411769564
 30
0.0
 11
228.1511126546856
 21
269.8920411769564
 31
0.0
  0
ARC
  5
2746
330
70
100
AcDbEntity
  8
Visible
100
AcDbCircle
 10
228.1511126546856
 20
271.8920411769564
 30
0.0
 40
2.000000000000081
100
AcDbArc
 50
270.0
 51
314.9999999999995
  0
LINE
  5
2747
330
70
100
AcDbEntity
  8
Visible
100
AcDbLine
 10
229.5653256546855
 20
270.4778271769565
 30
0.0
 11
230.2937526546855
 21
271.2062551769564
 31
0.0
  0
ARC
  5
2748
330
70
100
AcDbEntity
  8
Visible
100
AcDbCircle
 10
-231.7079666546856
 20
269.7920411769564
 30
0.0
 40
1.999999999999857
210
0.0
220
0.0
230
-1.0
100
AcDbArc
 50
45.00000000000042
 51
90.0
  0
LINE
  5
2749
330
70
100
AcDbEntity
  8
Visible
100
AcDbLine
 10
231.7079666546856
 20
271.7920411769565
 30
0.0
 11
271.9165156546856
 21
271.7920411769565
 31
0.0
  0
ARC
  5
274A
330
70
100
AcDbEntity
  8
Visible
100
AcDbCircle
 10
271.9165156546856
 20
269.7920411769564
 30
0.0
 40
1.999999999999673
100
AcDbArc
 50
28.44292899999942
 51
90.0
  0
LINE
  5
274B
330
70
100
AcDbEntity
  8
Visible
100
AcDbLine
 10
273.6750996546855
 20
270.7446071769564
 30
0.0
 11
275.5195466546855
 21
267.3394751769564
 31
0.0
  0
ARC
  5
274C
330
70
100
AcDbEntity
  8
Visible
100
AcDbCircle
 10
-277.2781306546856
 20
268.2920411769564
 30
0.0
 40
2.000000000000078
210
0.0
220
0.0
230
-1.0
100
AcDbArc
 50
270.0
 51
331.5570710000006
  0
LINE
  5
274D
330
70
100
AcDbEntity
  8
Visible
100
AcDbLine
 10
277.2781306546856
 20
266.2920411769564
 30
0.0
 11
277.3795396546856
 21
266.2920411769564
 31
0.0
  0
LINE
  5
274E
330
70
100
AcDbEntity
  8
Visible
100
AcDbLine
 10
277.3795396546856
 20
266.2920411769564
 30
0.0
 11
277.3795396546856
 21
270.1920411769564
 31
0.0
  0
ARC
  5
274F
330
70
100
AcDbEntity
  8
Visible
100
AcDbCircle
 10
-278.9795396546856
 20
270.1920411769564
 30
0.0
 40
1.599999999999965
210
0.0
220
0.0
230
-1.0
100
AcDbArc
 50
0.0
 51
180.0
  0
LINE
  5
2750
330
70
100
AcDbEntity
  8
Visible
100
AcDbLine
 10
280.5795396546855
 20
270.1920411769564
 30
0.0
 11
280.5795396546855
 21
266.2920411769564
 31
0.0
  0
LINE
  5
2751
330
70
100
AcDbEntity
  8
Visible
100
AcDbLine
 10
280.5795396546855
 20
266.2920411769564
 30
0.0
 11
280.6809486546855
 21
266.2920411769564
 31
0.0
  0
ARC
  5
2752
330
70
100
AcDbEntity
  8
Visible
100
AcDbCircle
 10
-280.6809486546855
 20
268.2920411769564
 30
0.0
 40
1.99999999999992
210
0.0
220
0.0
230
-1.0
100
AcDbArc
 50
208.4429289999994
 51
270.0
  0
LINE
  5
2753
330
70
100
AcDbEntity
  8
Visible
100
AcDbLine
 10
282.4395326546857
 20
267.3394751769564
 30
0.0
 11
284.2839786546855
 21
270.7446071769564
 31
0.0
  0
ARC
  5
2754
330
70
100
AcDbEntity
  8
Visible
100
AcDbCircle
 10
286.0425626546856
 20
269.7920411769564
 30
0.0
 40
2.000000000000038
100
AcDbArc
 50
90.0
 51
151.5570710000006
  0
LINE
  5
2755
330
70
100
AcDbEntity
  8
Visible
100
AcDbLine
 10
286.0425626546856
 20
271.7920411769565
 30
0.0
 11
351.9165156546856
 21
271.7920411769565
 31
0.0
  0
ARC
  5
2756
330
70
100
AcDbEntity
  8
Visible
100
AcDbCircle
 10
351.9165156546856
 20
269.7920411769564
 30
0.0
 40
1.999999999999974
100
AcDbArc
 50
28.44292899999942
 51
90.0
  0
LINE
  5
2757
330
70
100
AcDbEntity
  8
Visible
100
AcDbLine
 10
353.6750996546855
 20
270.7446071769564
 30
0.0
 11
355.5195466546856
 21
267.3394751769564
 31
0.0
  0
ARC
  5
2758
330
70
100
AcDbEntity
  8
Visible
100
AcDbCircle
 10
-357.2781306546856
 20
268.2920411769564
 30
0.0
 40
2.000000000000041
210
0.0
220
0.0
230
-1.0
100
AcDbArc
 50
270.0
 51
331.5570710000006
  0
LINE
  5
2759
330
70
100
AcDbEntity
  8
Visible
100
AcDbLine
 10
357.2781306546856
 20
266.2920411769564
 30
0.0
 11
357.3795396546856
 21
266.2920411769564
 31
0.0
  0
LINE
  5
275A
330
70
100
AcDbEntity
  8
Visible
100
AcDbLine
 10
357.3795396546856
 20
266.2920411769564
 30
0.0
 11
357.3795396546856
 21
270.1920411769564
 31
0.0
  0
ARC
  5
275B
330
70
100
AcDbEntity
  8
Visible
100
AcDbCircle
 10
-358.9795396546855
 20
270.1920411769564
 30
0.0
 40
1.599999999999965
210
0.0
220
0.0
230
-1.0
100
AcDbArc
 50
0.0
 51
180.0
  0
LINE
  5
275C
330
70
100
AcDbEntity
  8
Visible
100
AcDbLine
 10
360.5795396546856
 20
270.1920411769564
 30
0.0
 11
360.5795396546856
 21
266.2920411769564
 31
0.0
  0
LINE
  5
275D
330
70
100
AcDbEntity
  8
Visible
100
AcDbLine
 10
360.5795396546856
 20
266.2920411769564
 30
0.0
 11
360.6809486546855
 21
266.2920411769564
 31
0.0
  0
ARC
  5
275E
330
70
100
AcDbEntity
  8
Visible
100
AcDbCircle
 10
-360.6809486546855
 20
268.2920411769564
 30
0.0
 40
1.999999999999938
210
0.0
220
0.0
230
-1.0
100
AcDbArc
 50
208.4429289999994
 51
270.0
  0
LINE
  5
275F
330
70
100
AcDbEntity
  8
Visible
100
AcDbLine
 10
362.4395326546856
 20
267.3394751769564
 30
0.0
 11
364.2839786546856
 21
270.7446071769564
 31
0.0
  0
ARC
  5
2760
330
70
100
AcDbEntity
  8
Visible
100
AcDbCircle
 10
366.0425626546855
 20
269.7920411769564
 30
0.0
 40
1.999999999999846
100
AcDbArc
 50
90.0
 51
151.5570710000006
  0
LINE
  5
2761
330
70
100
AcDbEntity
  8
Visible
100
AcDbLine
 10
371.2857896546856
 20
271.7920411769565
 30
0.0
 11
366.0425626546855
 21
271.7920411769565
 31
0.0
  0
LINE
  5
2762
330
70
100
AcDbEntity
  8
Visible
100
AcDbLine
 10
52.98578965468554
 20
388.7795411769564
 30
0.0
 11
54.46078965468556
 21
388.7795411769564
 31
0.0
  0
ARC
  5
2763
330
70
100
AcDbEntity
  8
Visible
100
AcDbCircle
 10
-54.46078965468556
 20
387.2795411769564
 30
0.0
 40
1.499999999999879
210
0.0
220
0.0
230
-1.0
100
AcDbArc
 50
90.0
 51
180.0
  0
LINE
  5
2764
330
70
100
AcDbEntity
  8
Visible
100
AcDbLine
 10
55.96078965468556
 20
387.2795411769564
 30
0.0
 11
55.96078965468556
 21
376.2795411769564
 31
0.0
  0
ARC
  5
2765
330
70
100
AcDbEntity
  8
Visible
100
AcDbCircle
 10
-54.46078965468556
 20
376.2795411769564
 30
0.0
 40
1.499999999999879
210
0.0
220
0.0
230
-1.0
100
AcDbArc
 50
180.0
 51
270.0
  0
LINE
  5
2766
330
70
100
AcDbEntity
  8
Visible
100
AcDbLine
 10
54.46078965468556
 20
374.7795411769564
 30
0.0
 11
52.98578965468554
 21
374.7795411769564
 31
0.0
  0
ARC
  5
2767
330
70
100
AcDbEntity
  8
Visible
100
AcDbCircle
 10
-52.98578965468554
 20
376.2795411769564
 30
0.0
 40
1.500000000000054
210
0.0
220
0.0
230
-1.0
100
AcDbArc
 50
270.0
 51
0.0
  0
LINE
  5
2768
330
70
100
AcDbEntity
  8
Visible
100
AcDbLine
 10
51.48578965468553
 20
376.2795411769564
 30
0.0
 11
51.48578965468553
 21
387.2795411769564
 31
0.0
  0
ARC
  5
2769
330
70
100
AcDbEntity
  8
Visible
100
AcDbCircle
 10
-52.98578965468554
 20
387.2795411769564
 30
0.0
 40
1.500000000000054
210
0.0
220
0.0
230
-1.0
100
AcDbArc
 50
0.0
 51
90.0
  0
LINE
  5
276A
330
70
100
AcDbEntity
  8
Visible
100
AcDbLine
 10
27.67328965468555
 20
374.7795411769564
 30
0.0
 11
27.67328965468555
 21
388.7795411769564
 31
0.0
  0
LINE
  5
276B
330
70
100
AcDbEntity
  8
Visible
100
AcDbLine
 10
27.67328965468555
 20
388.7795411769564
 30
0.0
 11
41.67328965468555
 21
388.7795411769564
 31
0.0
  0
LINE
  5
276C
330
70
100
AcDbEntity
  8
Visible
100
AcDbLine
 10
41.67328965468555
 20
388.7795411769564
 30
0.0
 11
41.67328965468555
 21
374.7795411769564
 31
0.0
  0
LINE
  5
276D
330
70
100
AcDbEntity
  8
Visible
100
AcDbLine
 10
41.67328965468555
 20
374.7795411769564
 30
0.0
 11
27.67328965468555
 21
374.7795411769564
 31
0.0
  0
ARC
  5
276E
330
70
100
AcDbEntity
  8
Visible
100
AcDbCircle
 10
-365.7857896546856
 20
327.4170411769564
 30
0.0
 40
1.499999999999985
210
0.0
220
0.0
230
-1.0
100
AcDbArc
 50
90.0
 51
180.0
  0
LINE
  5
276F
330
70
100
AcDbEntity
  8
Visible
100
AcDbLine
 10
367.2857896546856
 20
327.4170411769564
 30
0.0
 11
367.2857896546858
 21
315.3170411769564
 31
0.0
  0
ARC
  5
2770
330
70
100
AcDbEntity
  8
Visible
100
AcDbCircle
 10
-365.7857896546856
 20
315.3170411769564
 30
0.0
 40
1.500000000000145
210
0.0
220
0.0
230
-1.0
100
AcDbArc
 50
180.0
 51
270.0
  0
LINE
  5
2771
330
70
100
AcDbEntity
  8
Visible
100
AcDbLine
 10
365.7857896546856
 20
313.8170411769567
 30
0.0
 11
322.6857896546856
 21
313.8170411769567
 31
0.0
  0
ARC
  5
2772
330
70
100
AcDbEntity
  8
Visible
100
AcDbCircle
 10
-322.6857896546856
 20
315.3170411769567
 30
0.0
 40
1.499999999999985
210
0.0
220
0.0
230
-1.0
100
AcDbArc
 50
270.0
 51
0.0
  0
LINE
  5
2773
330
70
100
AcDbEntity
  8
Visible
100
AcDbLine
 10
321.1857896546856
 20
315.3170411769567
 30
0.0
 11
321.1857896546856
 21
327.4170411769566
 31
0.0
  0
ARC
  5
2774
330
70
100
AcDbEntity
  8
Visible
100
AcDbCircle
 10
-322.6857896546856
 20
327.4170411769566
 30
0.0
 40
1.499999999999841
210
0.0
220
0.0
230
-1.0
100
AcDbArc
 50
0.0
 51
90.0
  0
LINE
  5
2775
330
70
100
AcDbEntity
  8
Visible
100
AcDbLine
 10
322.6857896546856
 20
328.9170411769565
 30
0.0
 11
365.7857896546856
 21
328.9170411769565
 31
0.0
  0
LINE
  5
2776
330
70
100
AcDbEntity
  8
0
100
AcDbLine
 10
23.67328965468554
 20
298.0330755401965
 30
0.0
 11
25.79460999824519
 21
300.1543958837562
 31
0.0
  0
LINE
  5
2777
330
70
100
AcDbEntity
  8
0
100
AcDbLine
 10
25.79460999824519
 20
300.1543958837562
 30
0.0
 11
25.79460999824519
 21
341.9170411769564
 31
0.0
  0
LINE
  5
2778
330
70
100
AcDbEntity
  8
0
100
AcDbLine
 10
25.79460999824519
 20
341.9170411769564
 30
0.0
 11
23.67328965468554
 21
344.038361520516
 31
0.0
  0
LINE
  5
2779
330
70
100
AcDbEntity
  8
0
100
AcDbLine
 10
23.67328965468554
 20
344.038361520516
 30
0.0
 11
23.6732896546855
 21
388.7545411769565
 31
0.0
  0
LINE
  5
277A
330
70
100
AcDbEntity
  8
0
100
AcDbLine
 10
374.2857896546856
 20
293.8170411769564
 30
0.0
 11
372.164469311126
 21
295.9383615205161
 31
0.0
  0
LINE
  5
277B
330
70
100
AcDbEntity
  8
0
100
AcDbLine
 10
372.164469311126
 20
295.9383615205161
 30
0.0
 11
372.164469311126
 21
328.9170411769564
 31
0.0
  0
LINE
  5
277C
330
70
100
AcDbEntity
  8
0
100
AcDbLine
 10
372.164469311126
 20
328.9170411769564
 30
0.0
 11
374.2857896546856
 21
331.038361520516
 31
0.0
  0
LINE
  5
277D
330
70
100
AcDbEntity
  8
0
100
AcDbLine
 10
374.2857896546856
 20
331.038361520516
 30
0.0
 11
374.2857896546855
 21
388.7545411769565
 31
0.0
  0
SPLINE
  5
277E
330
70
100
AcDbEntity
  8
0
  6
Continuous
 62
     7
370
    25
100
AcDbSpline
210
0.0
220
0.0
230
1.0
 70
     8
 71
     3
 72
     8
 73
     4
 74
     0
 42
0.00000001
 43
0.0000000001
 40
0.0
 40
0.0
 40
0.0
 40
0.0
 40
1.0
 40
1.0
 40
1.0
 40
1.0
 10
38.14155898768541
 20
292.8170473265563
 30
0.0
 10
38.1415590072093
 20
292.2858830477581
 30
0.0
 10
37.67125880055443
 20
291.8170472348843
 30
0.0
 10
37.14155889468548
 20
291.8170472825563
 30
0.0
  0
SPLINE
  5
277F
330
70
100
AcDbEntity
  8
0
  6
Continuous
 62
     7
370
    25
100
AcDbSpline
210
0.0
220
0.0
230
1.0
 70
     8
 71
     3
 72
     8
 73
     4
 74
     0
 42
0.00000001
 43
0.0000000001
 40
0.0
 40
0.0
 40
0.0
 40
0.0
 40
1.0
 40
1.0
 40
1.0
 40
1.0
 10
56.01753553268537
 20
291.8170472945562
 30
0.0
 10
55.50817338607753
 20
291.8170473164595
 30
0.0
 10
55.01753557300349
 20
292.3091121420995
 30
0.0
 10
55.0175355846855
 20
292.8170473085563
 30
0.0
  0
SPLINE
  5
2780
330
70
100
AcDbEntity
  8
0
  6
Continuous
 62
     7
370
    25
100
AcDbSpline
210
0.0
220
0.0
230
1.0
 70
     8
 71
     3
 72
     8
 73
     4
 74
     0
 42
0.00000001
 43
0.0000000001
 40
0.0
 40
0.0
 40
0.0
 40
0.0
 40
1.0
 40
1.0
 40
1.0
 40
1.0
 10
62.01753559868556
 20
292.8170473095563
 30
0.0
 10
62.01753557715942
 20
292.2858830517522
 30
0.0
 10
61.54723540283957
 20
291.8170472638342
 30
0.0
 10
61.01753551768553
 20
291.8170472945562
 30
0.0
  0
SPLINE
  5
2781
330
70
100
AcDbEntity
  8
0
  6
Continuous
 62
     7
370
    25
100
AcDbSpline
210
0.0
220
0.0
230
1.0
 70
     8
 71
     3
 72
     8
 73
     4
 74
     0
 42
0.00000001
 43
0.0000000001
 40
0.0
 40
0.0
 40
0.0
 40
0.0
 40
1.0
 40
1.0
 40
1.0
 40
1.0
 10
32.14155904568524
 20
291.8170472825563
 30
0.0
 10
31.61039478736352
 20
291.8170472655593
 30
0.0
 10
31.14155899037843
 20
292.2873474406194
 30
0.0
 10
31.14155901368558
 20
292.8170473265563
 30
0.0
  0
SPLINE
  5
2782
330
70
100
AcDbEntity
  8
0
  6
Continuous
 62
     7
370
    25
100
AcDbSpline
210
0.0
220
0.0
230
1.0
 70
     8
 71
     3
 72
     8
 73
     4
 74
     0
 42
0.00000001
 43
0.0000000001
 40
0.0
 40
0.0
 40
0.0
 40
0.0
 40
1.0
 40
1.0
 40
1.0
 40
1.0
 10
294.1425279226854
 20
291.8170411849565
 30
0.0
 10
293.6113636898104
 20
291.8170412053981
 30
0.0
 10
293.1425279334435
 20
292.2873413555533
 30
0.0
 10
293.1425279466854
 20
292.8170412159565
 30
0.0
  0
SPLINE
  5
2783
330
70
100
AcDbEntity
  8
0
  6
Continuous
 62
     7
370
    25
100
AcDbSpline
210
0.0
220
0.0
230
1.0
 70
     8
 71
     3
 72
     8
 73
     4
 74
     0
 42
0.00000001
 43
0.0000000001
 40
0.0
 40
0.0
 40
0.0
 40
0.0
 40
1.0
 40
1.0
 40
1.0
 40
1.0
 10
300.1425279896856
 20
292.8170411989563
 30
0.0
 10
300.1425279387945
 20
292.2858769635113
 30
0.0
 10
299.6722278087264
 20
291.8170411909565
 30
0.0
 10
299.1425279466853
 20
291.8170411909565
 30
0.0
  0
SPLINE
  5
2784
330
70
100
AcDbEntity
  8
0
  6
Continuous
 62
     7
370
    25
100
AcDbSpline
210
0.0
220
0.0
230
1.0
 70
     8
 71
     3
 72
     8
 73
     4
 74
     0
 42
0.00000001
 43
0.0000000001
 40
0.0
 40
0.0
 40
0.0
 40
0.0
 40
1.0
 40
1.0
 40
1.0
 40
1.0
 10
269.8730104916133
 20
291.8170417088543
 30
0.0
 10
269.3636483688496
 20
291.8170417750711
 30
0.0
 10
268.8730106089157
 20
292.3091065896573
 30
0.0
 10
268.8730106216133
 20
292.8170417338545
 30
0.0
  0
SPLINE
  5
2785
330
70
100
AcDbEntity
  8
0
  6
Continuous
 62
     7
370
    25
100
AcDbSpline
210
0.0
220
0.0
230
1.0
 70
     8
 71
     3
 72
     8
 73
     4
 74
     0
 42
0.00000001
 43
0.0000000001
 40
0.0
 40
0.0
 40
0.0
 40
0.0
 40
1.0
 40
1.0
 40
1.0
 40
1.0
 10
275.8730106446135
 20
292.8170417168542
 30
0.0
 10
275.8730106193694
 20
292.2858774610204
 30
0.0
 10
275.4027104445643
 20
291.8170416770721
 30
0.0
 10
274.8730105616133
 20
291.8170417088543
 30
0.0
  0
SPLINE
  5
278E
330
70
100
AcDbEntity
  8
0
  6
Continuous
 62
     7
370
    25
100
AcDbSpline
210
0.0
220
0.0
230
1.0
 70
     8
 71
     3
 72
     8
 73
     4
 74
     0
 42
0.00000001
 43
0.0000000001
 40
0.0
 40
0.0
 40
0.0
 40
0.0
 40
1.0
 40
1.0
 40
1.0
 40
1.0
 10
277.4103135896856
 20
348.9670411774556
 30
0.0
 10
276.8791493555473
 20
348.9670411983902
 30
0.0
 10
276.4103136044123
 20
349.4373413593994
 30
0.0
 10
276.4103136266854
 20
349.9670412204553
 30
0.0
  0
SPLINE
  5
278F
330
70
100
AcDbEntity
  8
0
  6
Continuous
 62
     7
370
    25
100
AcDbSpline
210
0.0
220
0.0
230
1.0
 70
     8
 71
     3
 72
     8
 73
     4
 74
     0
 42
0.00000001
 43
0.0000000001
 40
0.0
 40
0.0
 40
0.0
 40
0.0
 40
1.0
 40
1.0
 40
1.0
 40
1.0
 10
283.4103136566853
 20
349.9670412204553
 30
0.0
 10
283.4103136256516
 20
349.4358769696933
 30
0.0
 10
282.9400134653752
 20
348.9670411857962
 30
0.0
 10
282.4103135876854
 20
348.9670412064554
 30
0.0
  0
SPLINE
  5
2790
330
70
100
AcDbEntity
  8
0
  6
Continuous
 62
     7
370
    25
100
AcDbSpline
210
0.0
220
0.0
230
1.0
 70
     8
 71
     3
 72
     8
 73
     4
 74
     0
 42
0.00000001
 43
0.0000000001
 40
0.0
 40
0.0
 40
0.0
 40
0.0
 40
1.0
 40
1.0
 40
1.0
 40
1.0
 10
301.2862809816855
 20
348.9670411619561
 30
0.0
 10
300.7551167401767
 20
348.9670411717373
 30
0.0
 10
300.2862809754117
 20
349.4373413361493
 30
0.0
 10
300.2862809976855
 20
349.9670412049564
 30
0.0
  0
SPLINE
  5
2791
330
70
100
AcDbEntity
  8
0
  6
Continuous
 62
     7
370
    25
100
AcDbSpline
210
0.0
220
0.0
230
1.0
 70
     8
 71
     3
 72
     8
 73
     4
 74
     0
 42
0.00000001
 43
0.0000000001
 40
0.0
 40
0.0
 40
0.0
 40
0.0
 40
1.0
 40
1.0
 40
1.0
 40
1.0
 10
307.2862809526855
 20
349.9670411769562
 30
0.0
 10
307.2862809827387
 20
349.4576790245624
 30
0.0
 10
306.7942161923336
 20
348.9670411736224
 30
0.0
 10
306.2862810186855
 20
348.9670411629563
 30
0.0
  0
SPLINE
  5
2792
330
70
100
AcDbEntity
  8
0
  6
Continuous
 62
     7
370
    25
100
AcDbSpline
210
0.0
220
0.0
230
1.0
 70
     8
 71
     3
 72
     8
 73
     4
 74
     0
 42
0.00000001
 43
0.0000000001
 40
0.0
 40
0.0
 40
0.0
 40
0.0
 40
1.0
 40
1.0
 40
1.0
 40
1.0
 10
304.9607987766854
 20
344.8300325339562
 30
0.0
 10
305.4919630252896
 20
344.8300325339562
 30
0.0
 10
305.9607988137444
 20
344.3597323757474
 30
0.0
 10
305.9607988008275
 20
343.8300325000984
 30
0.0
  0
SPLINE
  5
2793
330
70
100
AcDbEntity
  8
0
  6
Continuous
 62
     7
370
    25
100
AcDbSpline
210
0.0
220
0.0
230
1.0
 70
     8
 71
     3
 72
     8
 73
     4
 74
     0
 42
0.00000001
 43
0.0000000001
 40
0.0
 40
0.0
 40
0.0
 40
0.0
 40
1.0
 40
1.0
 40
1.0
 40
1.0
 10
279.9934582676854
 20
328.8660983109565
 30
0.0
 10
280.5246277046616
 20
328.8661063140692
 30
0.0
 10
280.9934733073644
 20
328.3958034199761
 30
0.0
 10
280.9934733306853
 20
327.8660983109564
 30
0.0
  0
SPLINE
  5
2794
330
70
100
AcDbEntity
  8
0
  6
Continuous
 62
     7
370
    25
100
AcDbSpline
210
0.0
220
0.0
230
1.0
 70
     8
 71
     3
 72
     8
 73
     4
 74
     0
 42
0.00000001
 43
0.0000000001
 40
0.0
 40
0.0
 40
0.0
 40
0.0
 40
1.0
 40
1.0
 40
1.0
 40
1.0
 10
274.0290483636855
 20
327.8670350849564
 30
0.0
 10
274.0290483458575
 20
328.3763972224392
 30
0.0
 10
274.5211131139566
 20
328.8670350579882
 30
0.0
 10
275.0290482726855
 20
328.8670350879563
 30
0.0
  0
SPLINE
  5
2795
330
70
100
AcDbEntity
  8
0
  6
Continuous
 62
     7
370
    25
100
AcDbSpline
210
0.0
220
0.0
230
1.0
 70
     8
 71
     3
 72
     8
 73
     4
 74
     0
 42
0.00000001
 43
0.0000000001
 40
0.0
 40
0.0
 40
0.0
 40
0.0
 40
1.0
 40
1.0
 40
1.0
 40
1.0
 10
298.8258643576854
 20
312.8670350849564
 30
0.0
 10
298.3302002041213
 20
312.8886444458503
 30
0.0
 10
297.8694197829573
 20
313.3713968946893
 30
0.0
 10
297.8694197616854
 20
313.8660860579561
 30
0.0
  0
SPLINE
  5
2796
330
70
100
AcDbEntity
  8
0
  6
Continuous
 62
     7
370
    25
100
AcDbSpline
210
0.0
220
0.0
230
1.0
 70
     8
 71
     3
 72
     8
 73
     4
 74
     0
 42
0.00000001
 43
0.0000000001
 40
0.0
 40
0.0
 40
0.0
 40
0.0
 40
1.0
 40
1.0
 40
1.0
 40
1.0
 10
304.9050248656854
 20
313.8670350999563
 30
0.0
 10
304.9050248865695
 20
313.3576729634344
 30
0.0
 10
304.4129601235785
 20
312.8670351240192
 30
0.0
 10
303.9050249656853
 20
312.8670350879563
 30
0.0
  0
SPLINE
  5
2797
330
70
100
AcDbEntity
  8
0
  6
Continuous
 62
     7
370
    25
100
AcDbSpline
210
0.0
220
0.0
230
1.0
 70
     8
 71
     3
 72
     8
 73
     4
 74
     0
 42
0.00000001
 43
0.0000000001
 40
0.0
 40
0.0
 40
0.0
 40
0.0
 40
1.0
 40
1.0
 40
1.0
 40
1.0
 10
305.9607988196856
 20
314.9540559469563
 30
0.0
 10
305.9607988130004
 20
314.4228916740415
 30
0.0
 10
305.4904985886693
 20
313.9540558920594
 30
0.0
 10
304.9607986886854
 20
313.9540559619562
 30
0.0
  0
SPLINE
  5
2798
330
70
100
AcDbEntity
  8
0
  6
Continuous
 62
     7
370
    25
100
AcDbSpline
210
0.0
220
0.0
230
1.0
 70
     8
 71
     3
 72
     8
 73
     4
 74
     0
 42
0.00000001
 43
0.0000000001
 40
0.0
 40
0.0
 40
0.0
 40
0.0
 40
1.0
 40
1.0
 40
1.0
 40
1.0
 10
304.9608109956853
 20
320.9540559719562
 30
0.0
 10
305.4686773568414
 20
320.9540559831043
 30
0.0
 10
305.9582964840013
 20
320.4654280457835
 30
0.0
 10
305.9607988206854
 20
319.9589970219563
 30
0.0
  0
SPLINE
  5
2799
330
70
100
AcDbEntity
  8
0
  6
Continuous
 62
     7
370
    25
100
AcDbSpline
210
0.0
220
0.0
230
1.0
 70
     8
 71
     3
 72
     8
 73
     4
 74
     0
 42
0.00000001
 43
0.0000000001
 40
0.0
 40
0.0
 40
0.0
 40
0.0
 40
1.0
 40
1.0
 40
1.0
 40
1.0
 10
305.9607987998275
 20
338.8250601370971
 30
0.0
 10
305.9582888566366
 20
338.3172003633204
 30
0.0
 10
305.4672479318315
 20
337.8300023720972
 30
0.0
 10
304.9608111108244
 20
337.8300023720972
 30
0.0
  0
LINE
  5
279A
330
70
100
AcDbEntity
  8
0
  6
Continuous
 62
     7
370
    25
100
AcDbLine
 10
32.14155904568524
 20
291.8170472825563
 30
0.0
 11
37.14155889468548
 21
291.8170472825563
 31
0.0
  0
LINE
  5
279B
330
70
100
AcDbEntity
  8
0
  6
Continuous
 62
     7
370
    25
100
AcDbLine
 10
38.14155898768541
 20
292.8170473265563
 30
0.0
 11
38.14155898768541
 21
293.8170472945562
 31
0.0
  0
LINE
  5
279C
330
70
100
AcDbEntity
  8
0
  6
Continuous
 62
     7
370
    25
100
AcDbLine
 10
38.14155898768541
 20
293.8170472945562
 30
0.0
 11
55.0175355846855
 21
293.8170472945562
 31
0.0
  0
LINE
  5
279D
330
70
100
AcDbEntity
  8
0
  6
Continuous
 62
     7
370
    25
100
AcDbLine
 10
55.0175355846855
 20
292.8170473085563
 30
0.0
 11
55.0175355846855
 21
293.8170472945562
 31
0.0
  0
LINE
  5
279E
330
70
100
AcDbEntity
  8
0
  6
Continuous
 62
     7
370
    25
100
AcDbLine
 10
56.01753553268537
 20
291.8170472945562
 30
0.0
 11
61.01753551768553
 21
291.8170472945562
 31
0.0
  0
LINE
  5
279F
330
70
100
AcDbEntity
  8
0
  6
Continuous
 62
     7
370
    25
100
AcDbLine
 10
62.01753559868556
 20
292.8170473095563
 30
0.0
 11
62.01753558718547
 21
293.8170472945562
 31
0.0
  0
LINE
  5
27A0
330
70
100
AcDbEntity
  8
0
  6
Continuous
 62
     7
370
    25
100
AcDbLine
 10
62.01753558718547
 20
293.8170472945562
 30
0.0
 11
64.98579272768535
 21
293.8170472945562
 31
0.0
  0
LINE
  5
27A1
330
70
100
AcDbEntity
  8
0
  6
Continuous
 62
     7
370
    25
100
AcDbLine
 10
65.48579272768535
 20
307.3170472949564
 30
0.0
 11
65.48579272768535
 21
294.3170472945563
 31
0.0
  0
LINE
  5
27A2
330
70
100
AcDbEntity
  8
0
  6
Continuous
 62
     7
370
    25
100
AcDbLine
 10
30.55579270268554
 20
307.8170472949564
 30
0.0
 11
64.98579272768535
 21
307.8170472949564
 31
0.0
  0
LINE
  5
27A3
330
70
100
AcDbEntity
  8
0
  6
Continuous
 62
     7
370
    25
100
AcDbLine
 10
30.05579270268554
 20
307.3170472949564
 30
0.0
 11
30.05579270268554
 21
294.3170472945563
 31
0.0
  0
LINE
  5
27A4
330
70
100
AcDbEntity
  8
0
  6
Continuous
 62
     7
370
    25
100
AcDbLine
 10
30.55579270268554
 20
293.8170472945562
 30
0.0
 11
31.14155901368558
 21
293.8170472945562
 31
0.0
  0
LINE
  5
27A5
330
70
100
AcDbEntity
  8
0
  6
Continuous
 62
     7
370
    25
100
AcDbLine
 10
31.14155901368558
 20
292.8170473265563
 30
0.0
 11
31.14155901368558
 21
293.8170472945562
 31
0.0
  0
LINE
  5
27A6
330
70
100
AcDbEntity
  8
0
  6
Continuous
 62
     7
370
    25
100
AcDbLine
 10
293.1425279466854
 20
292.8170412159565
 30
0.0
 11
293.1425129016855
 21
293.8131719439564
 31
0.0
  0
LINE
  5
27A7
330
70
100
AcDbEntity
  8
0
  6
Continuous
 62
     7
370
    25
100
AcDbLine
 10
294.1425279226854
 20
291.8170411849565
 30
0.0
 11
299.1425279466853
 21
291.8170411909565
 31
0.0
  0
LINE
  5
27A8
330
70
100
AcDbEntity
  8
0
  6
Continuous
 62
     7
370
    25
100
AcDbLine
 10
300.1425279896856
 20
292.8170411989563
 30
0.0
 11
300.1425279466853
 21
293.8170655909561
 31
0.0
  0
LINE
  5
27A9
330
70
100
AcDbEntity
  8
0
  6
Continuous
 62
     7
370
    25
100
AcDbLine
 10
300.1425279466853
 20
293.8170655909561
 30
0.0
 11
307.8733476586854
 21
293.8170656049564
 31
0.0
  0
LINE
  5
27AA
330
70
100
AcDbEntity
  8
0
  6
Continuous
 62
     7
370
    25
100
AcDbLine
 10
308.3733476586854
 20
307.3170411909564
 30
0.0
 11
308.3733476586854
 21
294.3170656049563
 31
0.0
  0
LINE
  5
27AB
330
70
100
AcDbEntity
  8
0
  6
Continuous
 62
     7
370
    25
100
AcDbLine
 10
293.6424978276855
 20
307.8170411909564
 30
0.0
 11
307.8733476586854
 21
307.8170411909564
 31
0.0
  0
LINE
  5
27AC
330
70
100
AcDbEntity
  8
0
  6
Continuous
 62
     7
370
    25
100
AcDbLine
 10
293.1425129016855
 20
293.8131719439564
 30
0.0
 11
293.1424978276855
 21
307.3170411909564
 31
0.0
  0
LINE
  5
27AD
330
70
100
AcDbEntity
  8
0
  6
Continuous
 62
     7
370
    25
100
AcDbLine
 10
32.93578662768555
 20
345.9170534129561
 30
0.0
 11
45.93578665468548
 21
345.9170534129561
 31
0.0
  0
LINE
  5
27AE
330
70
100
AcDbEntity
  8
0
  6
Continuous
 62
     7
370
    25
100
AcDbLine
 10
32.43578662768554
 20
345.4170534129561
 30
0.0
 11
32.43578662768554
 21
332.4170533859565
 31
0.0
  0
LINE
  5
27AF
330
70
100
AcDbEntity
  8
0
  6
Continuous
 62
     7
370
    25
100
AcDbLine
 10
32.93578662768555
 20
331.9170533859565
 30
0.0
 11
45.93578665468548
 21
331.9170533859565
 31
0.0
  0
LINE
  5
27B0
330
70
100
AcDbEntity
  8
0
  6
Continuous
 62
     7
370
    25
100
AcDbLine
 10
46.43578665468548
 20
345.4170534129561
 30
0.0
 11
46.43578665468548
 21
332.4170533859565
 31
0.0
  0
LINE
  5
27B1
330
70
100
AcDbEntity
  8
0
  6
Continuous
 62
     7
370
    25
100
AcDbLine
 10
27.67328965468555
 20
364.4670411909565
 30
0.0
 11
27.67328965468555
 21
351.4670411629563
 31
0.0
  0
LINE
  5
27B2
330
70
100
AcDbEntity
  8
0
  6
Continuous
 62
     7
370
    25
100
AcDbLine
 10
28.17328965468555
 20
350.9670411629563
 30
0.0
 11
41.17328968268547
 21
350.9670411629563
 31
0.0
  0
LINE
  5
27B3
330
70
100
AcDbEntity
  8
0
  6
Continuous
 62
     7
370
    25
100
AcDbLine
 10
41.67328968268548
 20
364.4670411909565
 30
0.0
 11
41.67328968268548
 21
351.4670411629563
 31
0.0
  0
LINE
  5
27B4
330
70
100
AcDbEntity
  8
0
  6
Continuous
 62
     7
370
    25
100
AcDbLine
 10
28.17328965468555
 20
364.9670411909565
 30
0.0
 11
41.17328968268547
 21
364.9670411909565
 31
0.0
  0
LINE
  5
27B5
330
70
100
AcDbEntity
  8
0
  6
Continuous
 62
     7
370
    25
100
AcDbLine
 10
56.24828659368546
 20
345.4170533979564
 30
0.0
 11
56.24828659368546
 21
332.4170533709564
 31
0.0
  0
LINE
  5
27B6
330
70
100
AcDbEntity
  8
0
  6
Continuous
 62
     7
370
    25
100
AcDbLine
 10
56.74828659368547
 20
331.9170533709564
 30
0.0
 11
69.74828662068539
 21
331.9170533709564
 31
0.0
  0
LINE
  5
27B7
330
70
100
AcDbEntity
  8
0
  6
Continuous
 62
     7
370
    25
100
AcDbLine
 10
70.24828662068539
 20
345.4170533979564
 30
0.0
 11
70.24828662068539
 21
332.4170533709564
 31
0.0
  0
LINE
  5
27B8
330
70
100
AcDbEntity
  8
0
  6
Continuous
 62
     7
370
    25
100
AcDbLine
 10
56.74828659368547
 20
345.9170533979564
 30
0.0
 11
69.74828662068539
 21
345.9170533979564
 31
0.0
  0
LINE
  5
27B9
330
70
100
AcDbEntity
  8
0
  6
Continuous
 62
     7
370
    25
100
AcDbLine
 10
46.72328965468549
 20
364.4670411909565
 30
0.0
 11
46.72328965468549
 21
351.4670411629563
 31
0.0
  0
LINE
  5
27BA
330
70
100
AcDbEntity
  8
0
  6
Continuous
 62
     7
370
    25
100
AcDbLine
 10
47.22328965468551
 20
350.9670411629563
 30
0.0
 11
60.22328968268544
 21
350.9670411629563
 31
0.0
  0
LINE
  5
27BB
330
70
100
AcDbEntity
  8
0
  6
Continuous
 62
     7
370
    25
100
AcDbLine
 10
60.72328968268544
 20
364.4670411909565
 30
0.0
 11
60.72328968268544
 21
351.4670411629563
 31
0.0
  0
LINE
  5
27BC
330
70
100
AcDbEntity
  8
0
  6
Continuous
 62
     7
370
    25
100
AcDbLine
 10
47.22328965468551
 20
364.9670411909565
 30
0.0
 11
60.22328968268544
 21
364.9670411909565
 31
0.0
  0
LINE
  5
27BD
330
70
100
AcDbEntity
  8
0
  6
Continuous
 62
     7
370
    25
100
AcDbLine
 10
65.77328965468571
 20
364.4670411909565
 30
0.0
 11
65.77328965468571
 21
351.4670411629563
 31
0.0
  0
LINE
  5
27BE
330
70
100
AcDbEntity
  8
0
  6
Continuous
 62
     7
370
    25
100
AcDbLine
 10
66.27328965468571
 20
350.9670411629563
 30
0.0
 11
79.2732896826854
 21
350.9670411629563
 31
0.0
  0
LINE
  5
27BF
330
70
100
AcDbEntity
  8
0
  6
Continuous
 62
     7
370
    25
100
AcDbLine
 10
79.7732896826854
 20
364.4670411909565
 30
0.0
 11
79.7732896826854
 21
351.4670411629563
 31
0.0
  0
LINE
  5
27C0
330
70
100
AcDbEntity
  8
0
  6
Continuous
 62
     7
370
    25
100
AcDbLine
 10
66.27328965468571
 20
364.9670411909565
 30
0.0
 11
79.2732896826854
 21
364.9670411909565
 31
0.0
  0
LINE
  5
27C1
330
70
100
AcDbEntity
  8
0
  6
Continuous
 62
     7
370
    25
100
AcDbLine
 10
84.82328965468566
 20
364.4670411909565
 30
0.0
 11
84.82328965468566
 21
351.4670411629563
 31
0.0
  0
LINE
  5
27C2
330
70
100
AcDbEntity
  8
0
  6
Continuous
 62
     7
370
    25
100
AcDbLine
 10
85.32328965468567
 20
350.9670411629563
 30
0.0
 11
98.32328968268535
 21
350.9670411629563
 31
0.0
  0
LINE
  5
27C3
330
70
100
AcDbEntity
  8
0
  6
Continuous
 62
     7
370
    25
100
AcDbLine
 10
98.82328968268536
 20
364.4670411909565
 30
0.0
 11
98.82328968268536
 21
351.4670411629563
 31
0.0
  0
LINE
  5
27C4
330
70
100
AcDbEntity
  8
0
  6
Continuous
 62
     7
370
    25
100
AcDbLine
 10
85.32328965468567
 20
364.9670411909565
 30
0.0
 11
98.32328968268535
 21
364.9670411909565
 31
0.0
  0
LINE
  5
27C5
330
70
100
AcDbEntity
  8
0
  6
Continuous
 62
     7
370
    25
100
AcDbLine
 10
103.8732896546855
 20
364.4670411909565
 30
0.0
 11
103.8732896546855
 21
351.4670411629563
 31
0.0
  0
LINE
  5
27C6
330
70
100
AcDbEntity
  8
0
  6
Continuous
 62
     7
370
    25
100
AcDbLine
 10
104.3732896546855
 20
350.9670411629563
 30
0.0
 11
117.3732896826855
 21
350.9670411629563
 31
0.0
  0
LINE
  5
27C7
330
70
100
AcDbEntity
  8
0
  6
Continuous
 62
     7
370
    25
100
AcDbLine
 10
117.8732896826855
 20
364.4670411909565
 30
0.0
 11
117.8732896826855
 21
351.4670411629563
 31
0.0
  0
LINE
  5
27C8
330
70
100
AcDbEntity
  8
0
  6
Continuous
 62
     7
370
    25
100
AcDbLine
 10
104.3732896546855
 20
364.9670411909565
 30
0.0
 11
117.3732896826855
 21
364.9670411909565
 31
0.0
  0
LINE
  5
27C9
330
70
100
AcDbEntity
  8
0
  6
Continuous
 62
     7
370
    25
100
AcDbLine
 10
122.9232896546855
 20
364.4670411909565
 30
0.0
 11
122.9232896546855
 21
351.4670411629563
 31
0.0
  0
LINE
  5
27CA
330
70
100
AcDbEntity
  8
0
  6
Continuous
 62
     7
370
    25
100
AcDbLine
 10
123.4232896546855
 20
350.9670411629563
 30
0.0
 11
136.4232896826854
 21
350.9670411629563
 31
0.0
  0
LINE
  5
27CB
330
70
100
AcDbEntity
  8
0
  6
Continuous
 62
     7
370
    25
100
AcDbLine
 10
136.9232896826854
 20
364.4670411909565
 30
0.0
 11
136.9232896826854
 21
351.4670411629563
 31
0.0
  0
LINE
  5
27CC
330
70
100
AcDbEntity
  8
0
  6
Continuous
 62
     7
370
    25
100
AcDbLine
 10
123.4232896546855
 20
364.9670411909565
 30
0.0
 11
136.4232896826854
 21
364.9670411909565
 31
0.0
  0
LINE
  5
27CD
330
70
100
AcDbEntity
  8
0
  6
Continuous
 62
     7
370
    25
100
AcDbLine
 10
141.9732896546854
 20
364.4670411909565
 30
0.0
 11
141.9732896546854
 21
351.4670411629563
 31
0.0
  0
LINE
  5
27CE
330
70
100
AcDbEntity
  8
0
  6
Continuous
 62
     7
370
    25
100
AcDbLine
 10
142.4732896546854
 20
350.9670411629563
 30
0.0
 11
155.4732896826854
 21
350.9670411629563
 31
0.0
  0
LINE
  5
27CF
330
70
100
AcDbEntity
  8
0
  6
Continuous
 62
     7
370
    25
100
AcDbLine
 10
155.9732896826854
 20
364.4670411909565
 30
0.0
 11
155.9732896826854
 21
351.4670411629563
 31
0.0
  0
LINE
  5
27D0
330
70
100
AcDbEntity
  8
0
  6
Continuous
 62
     7
370
    25
100
AcDbLine
 10
142.4732896546854
 20
364.9670411909565
 30
0.0
 11
155.4732896826854
 21
364.9670411909565
 31
0.0
  0
LINE
  5
27D1
330
70
100
AcDbEntity
  8
0
  6
Continuous
 62
     7
370
    25
100
AcDbLine
 10
161.0232896546856
 20
364.4670411909565
 30
0.0
 11
161.0232896546856
 21
351.4670411629563
 31
0.0
  0
LINE
  5
27D2
330
70
100
AcDbEntity
  8
0
  6
Continuous
 62
     7
370
    25
100
AcDbLine
 10
161.5232896546856
 20
350.9670411629563
 30
0.0
 11
174.5232896826853
 21
350.9670411629563
 31
0.0
  0
LINE
  5
27D3
330
70
100
AcDbEntity
  8
0
  6
Continuous
 62
     7
370
    25
100
AcDbLine
 10
175.0232896826853
 20
364.4670411909565
 30
0.0
 11
175.0232896826853
 21
351.4670411629563
 31
0.0
  0
LINE
  5
27D4
330
70
100
AcDbEntity
  8
0
  6
Continuous
 62
     7
370
    25
100
AcDbLine
 10
161.5232896546856
 20
364.9670411909565
 30
0.0
 11
174.5232896826853
 21
364.9670411909565
 31
0.0
  0
LINE
  5
27D5
330
70
100
AcDbEntity
  8
0
  6
Continuous
 62
     7
370
    25
100
AcDbLine
 10
180.0732896546856
 20
364.4670411909565
 30
0.0
 11
180.0732896546856
 21
351.4670411629563
 31
0.0
  0
LINE
  5
27D6
330
70
100
AcDbEntity
  8
0
  6
Continuous
 62
     7
370
    25
100
AcDbLine
 10
180.5732896546856
 20
350.9670411629563
 30
0.0
 11
193.5732896826853
 21
350.9670411629563
 31
0.0
  0
LINE
  5
27D7
330
70
100
AcDbEntity
  8
0
  6
Continuous
 62
     7
370
    25
100
AcDbLine
 10
194.0732896826853
 20
364.4670411909565
 30
0.0
 11
194.0732896826853
 21
351.4670411629563
 31
0.0
  0
LINE
  5
27D8
330
70
100
AcDbEntity
  8
0
  6
Continuous
 62
     7
370
    25
100
AcDbLine
 10
180.5732896546856
 20
364.9670411909565
 30
0.0
 11
193.5732896826853
 21
364.9670411909565
 31
0.0
  0
LINE
  5
27D9
330
70
100
AcDbEntity
  8
0
  6
Continuous
 62
     7
370
    25
100
AcDbLine
 10
199.1232896546856
 20
364.4670411909565
 30
0.0
 11
199.1232896546856
 21
351.4670411629563
 31
0.0
  0
LINE
  5
27DA
330
70
100
AcDbEntity
  8
0
  6
Continuous
 62
     7
370
    25
100
AcDbLine
 10
199.6232896546855
 20
350.9670411629563
 30
0.0
 11
212.6232896826855
 21
350.9670411629563
 31
0.0
  0
LINE
  5
27DB
330
70
100
AcDbEntity
  8
0
  6
Continuous
 62
     7
370
    25
100
AcDbLine
 10
213.1232896826855
 20
364.4670411909565
 30
0.0
 11
213.1232896826855
 21
351.4670411629563
 31
0.0
  0
LINE
  5
27DC
330
70
100
AcDbEntity
  8
0
  6
Continuous
 62
     7
370
    25
100
AcDbLine
 10
199.6232896546855
 20
364.9670411909565
 30
0.0
 11
212.6232896826855
 21
364.9670411909565
 31
0.0
  0
LINE
  5
27DD
330
70
100
AcDbEntity
  8
0
  6
Continuous
 62
     7
370
    25
100
AcDbLine
 10
218.1732896546855
 20
364.4670411909565
 30
0.0
 11
218.1732896546855
 21
351.4670411629563
 31
0.0
  0
LINE
  5
27DE
330
70
100
AcDbEntity
  8
0
  6
Continuous
 62
     7
370
    25
100
AcDbLine
 10
218.6732896546855
 20
350.9670411629563
 30
0.0
 11
231.6732896826855
 21
350.9670411629563
 31
0.0
  0
LINE
  5
27DF
330
70
100
AcDbEntity
  8
0
  6
Continuous
 62
     7
370
    25
100
AcDbLine
 10
232.1732896826854
 20
364.4670411909565
 30
0.0
 11
232.1732896826854
 21
351.4670411629563
 31
0.0
  0
LINE
  5
27E0
330
70
100
AcDbEntity
  8
0
  6
Continuous
 62
     7
370
    25
100
AcDbLine
 10
218.6732896546855
 20
364.9670411909565
 30
0.0
 11
231.6732896826855
 21
364.9670411909565
 31
0.0
  0
LINE
  5
27E1
330
70
100
AcDbEntity
  8
0
  6
Continuous
 62
     7
370
    25
100
AcDbLine
 10
237.2232896546854
 20
364.4670411909565
 30
0.0
 11
237.2232896546854
 21
351.4670411629563
 31
0.0
  0
LINE
  5
27E2
330
70
100
AcDbEntity
  8
0
  6
Continuous
 62
     7
370
    25
100
AcDbLine
 10
237.7232896546855
 20
350.9670411629563
 30
0.0
 11
250.7232896826855
 21
350.9670411629563
 31
0.0
  0
LINE
  5
27E3
330
70
100
AcDbEntity
  8
0
  6
Continuous
 62
     7
370
    25
100
AcDbLine
 10
251.2232896826855
 20
364.4670411909565
 30
0.0
 11
251.2232896826855
 21
351.4670411629563
 31
0.0
  0
LINE
  5
27E4
330
70
100
AcDbEntity
  8
0
  6
Continuous
 62
     7
370
    25
100
AcDbLine
 10
237.7232896546855
 20
364.9670411909565
 30
0.0
 11
250.7232896826855
 21
364.9670411909565
 31
0.0
  0
LINE
  5
27E5
330
70
100
AcDbEntity
  8
0
  6
Continuous
 62
     7
370
    25
100
AcDbLine
 10
256.2732896546856
 20
364.4670411909565
 30
0.0
 11
256.2732896546856
 21
351.4670411629563
 31
0.0
  0
LINE
  5
27E6
330
70
100
AcDbEntity
  8
0
  6
Continuous
 62
     7
370
    25
100
AcDbLine
 10
256.7732896546857
 20
350.9670411629563
 30
0.0
 11
269.7732896826855
 21
350.9670411629563
 31
0.0
  0
LINE
  5
27E7
330
70
100
AcDbEntity
  8
0
  6
Continuous
 62
     7
370
    25
100
AcDbLine
 10
270.2732896826853
 20
364.4670411909565
 30
0.0
 11
270.2732896826853
 21
351.4670411629563
 31
0.0
  0
LINE
  5
27E8
330
70
100
AcDbEntity
  8
0
  6
Continuous
 62
     7
370
    25
100
AcDbLine
 10
256.7732896546857
 20
364.9670411909565
 30
0.0
 11
269.7732896826855
 21
364.9670411909565
 31
0.0
  0
LINE
  5
27E9
330
70
100
AcDbEntity
  8
0
  6
Continuous
 62
     7
370
    25
100
AcDbLine
 10
75.29828659368542
 20
345.4170533979564
 30
0.0
 11
75.29828659368542
 21
332.4170533709564
 31
0.0
  0
LINE
  5
27EA
330
70
100
AcDbEntity
  8
0
  6
Continuous
 62
     7
370
    25
100
AcDbLine
 10
75.79828659368541
 20
331.9170533709564
 30
0.0
 11
88.79828662068538
 21
331.9170533709564
 31
0.0
  0
LINE
  5
27EB
330
70
100
AcDbEntity
  8
0
  6
Continuous
 62
     7
370
    25
100
AcDbLine
 10
89.29828662068535
 20
345.4170533979564
 30
0.0
 11
89.29828662068535
 21
332.4170533709564
 31
0.0
  0
LINE
  5
27EC
330
70
100
AcDbEntity
  8
0
  6
Continuous
 62
     7
370
    25
100
AcDbLine
 10
75.79828659368541
 20
345.9170533979564
 30
0.0
 11
88.79828662068538
 21
345.9170533979564
 31
0.0
  0
LINE
  5
27ED
330
70
100
AcDbEntity
  8
0
  6
Continuous
 62
     7
370
    25
100
AcDbLine
 10
94.34828659368552
 20
345.4170533979564
 30
0.0
 11
94.34828659368552
 21
332.4170533709564
 31
0.0
  0
LINE
  5
27EE
330
70
100
AcDbEntity
  8
0
  6
Continuous
 62
     7
370
    25
100
AcDbLine
 10
94.84828659368556
 20
331.9170533709564
 30
0.0
 11
107.8482866206852
 21
331.9170533709564
 31
0.0
  0
LINE
  5
27EF
330
70
100
AcDbEntity
  8
0
  6
Continuous
 62
     7
370
    25
100
AcDbLine
 10
108.3482866206852
 20
345.4170533979564
 30
0.0
 11
108.3482866206852
 21
332.4170533709564
 31
0.0
  0
LINE
  5
27F0
330
70
100
AcDbEntity
  8
0
  6
Continuous
 62
     7
370
    25
100
AcDbLine
 10
94.84828659368556
 20
345.9170533979564
 30
0.0
 11
107.8482866206852
 21
345.9170533979564
 31
0.0
  0
LINE
  5
27F1
330
70
100
AcDbEntity
  8
0
  6
Continuous
 62
     7
370
    25
100
AcDbLine
 10
113.3982865936855
 20
345.4170533979564
 30
0.0
 11
113.3982865936855
 21
332.4170533709564
 31
0.0
  0
LINE
  5
27F2
330
70
100
AcDbEntity
  8
0
  6
Continuous
 62
     7
370
    25
100
AcDbLine
 10
113.8982865936855
 20
331.9170533709564
 30
0.0
 11
126.8982866206852
 21
331.9170533709564
 31
0.0
  0
LINE
  5
27F3
330
70
100
AcDbEntity
  8
0
  6
Continuous
 62
     7
370
    25
100
AcDbLine
 10
127.3982866206852
 20
345.4170533979564
 30
0.0
 11
127.3982866206852
 21
332.4170533709564
 31
0.0
  0
LINE
  5
27F4
330
70
100
AcDbEntity
  8
0
  6
Continuous
 62
     7
370
    25
100
AcDbLine
 10
113.8982865936855
 20
345.9170533979564
 30
0.0
 11
126.8982866206852
 21
345.9170533979564
 31
0.0
  0
LINE
  5
27F5
330
70
100
AcDbEntity
  8
0
  6
Continuous
 62
     7
370
    25
100
AcDbLine
 10
132.4482865936854
 20
345.4170533979564
 30
0.0
 11
132.4482865936854
 21
332.4170533709564
 31
0.0
  0
LINE
  5
27F6
330
70
100
AcDbEntity
  8
0
  6
Continuous
 62
     7
370
    25
100
AcDbLine
 10
132.9482865936854
 20
331.9170533709564
 30
0.0
 11
145.9482866206854
 21
331.9170533709564
 31
0.0
  0
LINE
  5
27F7
330
70
100
AcDbEntity
  8
0
  6
Continuous
 62
     7
370
    25
100
AcDbLine
 10
146.4482866206854
 20
345.4170533979564
 30
0.0
 11
146.4482866206854
 21
332.4170533709564
 31
0.0
  0
LINE
  5
27F8
330
70
100
AcDbEntity
  8
0
  6
Continuous
 62
     7
370
    25
100
AcDbLine
 10
132.9482865936854
 20
345.9170533979564
 30
0.0
 11
145.9482866206854
 21
345.9170533979564
 31
0.0
  0
LINE
  5
27F9
330
70
100
AcDbEntity
  8
0
  6
Continuous
 62
     7
370
    25
100
AcDbLine
 10
151.4982865936854
 20
345.4170533979564
 30
0.0
 11
151.4982865936854
 21
332.4170533709564
 31
0.0
  0
LINE
  5
27FA
330
70
100
AcDbEntity
  8
0
  6
Continuous
 62
     7
370
    25
100
AcDbLine
 10
151.9982865936854
 20
331.9170533709564
 30
0.0
 11
164.9982866206853
 21
331.9170533709564
 31
0.0
  0
LINE
  5
27FB
330
70
100
AcDbEntity
  8
0
  6
Continuous
 62
     7
370
    25
100
AcDbLine
 10
165.4982866206853
 20
345.4170533979564
 30
0.0
 11
165.4982866206853
 21
332.4170533709564
 31
0.0
  0
LINE
  5
27FC
330
70
100
AcDbEntity
  8
0
  6
Continuous
 62
     7
370
    25
100
AcDbLine
 10
151.9982865936854
 20
345.9170533979564
 30
0.0
 11
164.9982866206853
 21
345.9170533979564
 31
0.0
  0
LINE
  5
27FD
330
70
100
AcDbEntity
  8
0
  6
Continuous
 62
     7
370
    25
100
AcDbLine
 10
170.5482865936854
 20
345.4170533979564
 30
0.0
 11
170.5482865936854
 21
332.4170533709564
 31
0.0
  0
LINE
  5
27FE
330
70
100
AcDbEntity
  8
0
  6
Continuous
 62
     7
370
    25
100
AcDbLine
 10
171.0482865936853
 20
331.9170533709564
 30
0.0
 11
184.0482866206853
 21
331.9170533709564
 31
0.0
  0
LINE
  5
27FF
330
70
100
AcDbEntity
  8
0
  6
Continuous
 62
     7
370
    25
100
AcDbLine
 10
184.5482866206853
 20
345.4170533979564
 30
0.0
 11
184.5482866206853
 21
332.4170533709564
 31
0.0
  0
LINE
  5
2800
330
70
100
AcDbEntity
  8
0
  6
Continuous
 62
     7
370
    25
100
AcDbLine
 10
171.0482865936853
 20
345.9170533979564
 30
0.0
 11
184.0482866206853
 21
345.9170533979564
 31
0.0
  0
LINE
  5
2801
330
70
100
AcDbEntity
  8
0
  6
Continuous
 62
     7
370
    25
100
AcDbLine
 10
189.5982865936856
 20
345.4170533979564
 30
0.0
 11
189.5982865936856
 21
332.4170533709564
 31
0.0
  0
LINE
  5
2802
330
70
100
AcDbEntity
  8
0
  6
Continuous
 62
     7
370
    25
100
AcDbLine
 10
190.0982865936856
 20
331.9170533709564
 30
0.0
 11
203.0982866206854
 21
331.9170533709564
 31
0.0
  0
LINE
  5
2803
330
70
100
AcDbEntity
  8
0
  6
Continuous
 62
     7
370
    25
100
AcDbLine
 10
203.5982866206853
 20
345.4170533979564
 30
0.0
 11
203.5982866206853
 21
332.4170533709564
 31
0.0
  0
LINE
  5
2804
330
70
100
AcDbEntity
  8
0
  6
Continuous
 62
     7
370
    25
100
AcDbLine
 10
190.0982865936856
 20
345.9170533979564
 30
0.0
 11
203.0982866206854
 21
345.9170533979564
 31
0.0
  0
LINE
  5
2805
330
70
100
AcDbEntity
  8
0
  6
Continuous
 62
     7
370
    25
100
AcDbLine
 10
208.6482865936856
 20
345.4170533979564
 30
0.0
 11
208.6482865936856
 21
332.4170533709564
 31
0.0
  0
LINE
  5
2806
330
70
100
AcDbEntity
  8
0
  6
Continuous
 62
     7
370
    25
100
AcDbLine
 10
209.1482865936856
 20
331.9170533709564
 30
0.0
 11
222.1482866206852
 21
331.9170533709564
 31
0.0
  0
LINE
  5
2807
330
70
100
AcDbEntity
  8
0
  6
Continuous
 62
     7
370
    25
100
AcDbLine
 10
222.6482866206852
 20
345.4170533979564
 30
0.0
 11
222.6482866206852
 21
332.4170533709564
 31
0.0
  0
LINE
  5
2808
330
70
100
AcDbEntity
  8
0
  6
Continuous
 62
     7
370
    25
100
AcDbLine
 10
209.1482865936856
 20
345.9170533979564
 30
0.0
 11
222.1482866206852
 21
345.9170533979564
 31
0.0
  0
LINE
  5
2809
330
70
100
AcDbEntity
  8
0
  6
Continuous
 62
     7
370
    25
100
AcDbLine
 10
227.6982865936855
 20
345.4170533979564
 30
0.0
 11
227.6982865936855
 21
332.4170533709564
 31
0.0
  0
LINE
  5
280A
330
70
100
AcDbEntity
  8
0
  6
Continuous
 62
     7
370
    25
100
AcDbLine
 10
228.1982865936854
 20
331.9170533709564
 30
0.0
 11
241.1982866206855
 21
331.9170533709564
 31
0.0
  0
LINE
  5
280B
330
70
100
AcDbEntity
  8
0
  6
Continuous
 62
     7
370
    25
100
AcDbLine
 10
241.6982866206855
 20
345.4170533979564
 30
0.0
 11
241.6982866206855
 21
332.4170533709564
 31
0.0
  0
LINE
  5
280C
330
70
100
AcDbEntity
  8
0
  6
Continuous
 62
     7
370
    25
100
AcDbLine
 10
228.1982865936854
 20
345.9170533979564
 30
0.0
 11
241.1982866206855
 21
345.9170533979564
 31
0.0
  0
LINE
  5
280D
330
70
100
AcDbEntity
  8
0
  6
Continuous
 62
     7
370
    25
100
AcDbLine
 10
246.7482865936855
 20
345.4170533979564
 30
0.0
 11
246.7482865936855
 21
332.4170533709564
 31
0.0
  0
LINE
  5
280E
330
70
100
AcDbEntity
  8
0
  6
Continuous
 62
     7
370
    25
100
AcDbLine
 10
247.2482865936854
 20
331.9170533709564
 30
0.0
 11
260.2482866206855
 21
331.9170533709564
 31
0.0
  0
LINE
  5
280F
330
70
100
AcDbEntity
  8
0
  6
Continuous
 62
     7
370
    25
100
AcDbLine
 10
260.7482866206853
 20
345.4170533979564
 30
0.0
 11
260.7482866206853
 21
332.4170533709564
 31
0.0
  0
LINE
  5
2810
330
70
100
AcDbEntity
  8
0
  6
Continuous
 62
     7
370
    25
100
AcDbLine
 10
247.2482865936854
 20
345.9170533979564
 30
0.0
 11
260.2482866206855
 21
345.9170533979564
 31
0.0
  0
LINE
  5
2811
330
70
100
AcDbEntity
  8
0
  6
Continuous
 62
     7
370
    25
100
AcDbLine
 10
265.7982865936854
 20
345.4170533979564
 30
0.0
 11
265.7982865936854
 21
332.4170533709564
 31
0.0
  0
LINE
  5
2812
330
70
100
AcDbEntity
  8
0
  6
Continuous
 62
     7
370
    25
100
AcDbLine
 10
266.2982865936854
 20
331.9170533709564
 30
0.0
 11
279.2982866206854
 21
331.9170533709564
 31
0.0
  0
LINE
  5
2813
330
70
100
AcDbEntity
  8
0
  6
Continuous
 62
     7
370
    25
100
AcDbLine
 10
279.7982866206853
 20
345.4170533979564
 30
0.0
 11
279.7982866206853
 21
332.4170533709564
 31
0.0
  0
LINE
  5
2814
330
70
100
AcDbEntity
  8
0
  6
Continuous
 62
     7
370
    25
100
AcDbLine
 10
266.2982865936854
 20
345.9170533979564
 30
0.0
 11
279.2982866206854
 21
345.9170533979564
 31
0.0
  0
LINE
  5
2815
330
70
100
AcDbEntity
  8
0
  6
Continuous
 62
     7
370
    25
100
AcDbLine
 10
30.05454574268542
 20
326.3670350879563
 30
0.0
 11
30.05454574268542
 21
313.3670350879563
 31
0.0
  0
LINE
  5
2816
330
70
100
AcDbEntity
  8
0
  6
Continuous
 62
     7
370
    25
100
AcDbLine
 10
30.55454574268543
 20
312.8670350879563
 30
0.0
 11
48.31958962468553
 21
312.8670350879563
 31
0.0
  0
LINE
  5
2817
330
70
100
AcDbEntity
  8
0
  6
Continuous
 62
     7
370
    25
100
AcDbLine
 10
48.81958962468552
 20
326.3670350879563
 30
0.0
 11
48.81958962468552
 21
313.3670350879563
 31
0.0
  0
LINE
  5
2818
330
70
100
AcDbEntity
  8
0
  6
Continuous
 62
     7
370
    25
100
AcDbLine
 10
30.55454574268543
 20
326.8670350879563
 30
0.0
 11
48.31958962468553
 21
326.8670350879563
 31
0.0
  0
LINE
  5
2819
330
70
100
AcDbEntity
  8
0
  6
Continuous
 62
     7
370
    25
100
AcDbLine
 10
61.01079886168538
 20
326.3670350879563
 30
0.0
 11
61.01079886168538
 21
313.3670351549564
 31
0.0
  0
LINE
  5
281A
330
70
100
AcDbEntity
  8
0
  6
Continuous
 62
     7
370
    25
100
AcDbLine
 10
61.51079886168536
 20
312.8670351549563
 30
0.0
 11
74.51079879468562
 21
312.8670351549563
 31
0.0
  0
LINE
  5
281B
330
70
100
AcDbEntity
  8
0
  6
Continuous
 62
     7
370
    25
100
AcDbLine
 10
75.01079879468562
 20
326.3670350879563
 30
0.0
 11
75.01079879468562
 21
313.3670351549564
 31
0.0
  0
LINE
  5
281C
330
70
100
AcDbEntity
  8
0
  6
Continuous
 62
     7
370
    25
100
AcDbLine
 10
61.51079886168536
 20
326.8670350879563
 30
0.0
 11
74.51079879468562
 21
326.8670350879563
 31
0.0
  0
LINE
  5
281D
330
70
100
AcDbEntity
  8
0
  6
Continuous
 62
     7
370
    25
100
AcDbLine
 10
80.06079886168533
 20
326.3670350879563
 30
0.0
 11
80.06079886168533
 21
313.3670351549564
 31
0.0
  0
LINE
  5
281E
330
70
100
AcDbEntity
  8
0
  6
Continuous
 62
     7
370
    25
100
AcDbLine
 10
80.56079886168527
 20
312.8670351549563
 30
0.0
 11
93.5607987946855
 21
312.8670351549563
 31
0.0
  0
LINE
  5
281F
330
70
100
AcDbEntity
  8
0
  6
Continuous
 62
     7
370
    25
100
AcDbLine
 10
94.06079879468551
 20
326.3670350879563
 30
0.0
 11
94.06079879468551
 21
313.3670351549564
 31
0.0
  0
LINE
  5
2820
330
70
100
AcDbEntity
  8
0
  6
Continuous
 62
     7
370
    25
100
AcDbLine
 10
80.56079886168527
 20
326.8670350879563
 30
0.0
 11
93.5607987946855
 21
326.8670350879563
 31
0.0
  0
LINE
  5
2821
330
70
100
AcDbEntity
  8
0
  6
Continuous
 62
     7
370
    25
100
AcDbLine
 10
99.11079886168543
 20
326.3670350879563
 30
0.0
 11
99.11079886168543
 21
313.3670351549564
 31
0.0
  0
LINE
  5
2822
330
70
100
AcDbEntity
  8
0
  6
Continuous
 62
     7
370
    25
100
AcDbLine
 10
99.61079886168546
 20
312.8670351549563
 30
0.0
 11
112.6107987946855
 21
312.8670351549563
 31
0.0
  0
LINE
  5
2823
330
70
100
AcDbEntity
  8
0
  6
Continuous
 62
     7
370
    25
100
AcDbLine
 10
113.1107987946855
 20
326.3670350879563
 30
0.0
 11
113.1107987946855
 21
313.3670351549564
 31
0.0
  0
LINE
  5
2824
330
70
100
AcDbEntity
  8
0
  6
Continuous
 62
     7
370
    25
100
AcDbLine
 10
99.61079886168546
 20
326.8670350879563
 30
0.0
 11
112.6107987946855
 21
326.8670350879563
 31
0.0
  0
LINE
  5
2825
330
70
100
AcDbEntity
  8
0
  6
Continuous
 62
     7
370
    25
100
AcDbLine
 10
118.1607988616854
 20
326.3670350879563
 30
0.0
 11
118.1607988616854
 21
313.3670351549564
 31
0.0
  0
LINE
  5
2826
330
70
100
AcDbEntity
  8
0
  6
Continuous
 62
     7
370
    25
100
AcDbLine
 10
118.6607988616854
 20
312.8670351549563
 30
0.0
 11
131.6607987946854
 21
312.8670351549563
 31
0.0
  0
LINE
  5
2827
330
70
100
AcDbEntity
  8
0
  6
Continuous
 62
     7
370
    25
100
AcDbLine
 10
132.1607987946854
 20
326.3670350879563
 30
0.0
 11
132.1607987946854
 21
313.3670351549564
 31
0.0
  0
LINE
  5
2828
330
70
100
AcDbEntity
  8
0
  6
Continuous
 62
     7
370
    25
100
AcDbLine
 10
118.6607988616854
 20
326.8670350879563
 30
0.0
 11
131.6607987946854
 21
326.8670350879563
 31
0.0
  0
LINE
  5
2829
330
70
100
AcDbEntity
  8
0
  6
Continuous
 62
     7
370
    25
100
AcDbLine
 10
137.2107988616853
 20
326.3670350879563
 30
0.0
 11
137.2107988616853
 21
313.3670351549564
 31
0.0
  0
LINE
  5
282A
330
70
100
AcDbEntity
  8
0
  6
Continuous
 62
     7
370
    25
100
AcDbLine
 10
137.7107988616853
 20
312.8670351549563
 30
0.0
 11
150.7107987946857
 21
312.8670351549563
 31
0.0
  0
LINE
  5
282B
330
70
100
AcDbEntity
  8
0
  6
Continuous
 62
     7
370
    25
100
AcDbLine
 10
151.2107987946857
 20
326.3670350879563
 30
0.0
 11
151.2107987946857
 21
313.3670351549564
 31
0.0
  0
LINE
  5
282C
330
70
100
AcDbEntity
  8
0
  6
Continuous
 62
     7
370
    25
100
AcDbLine
 10
137.7107988616853
 20
326.8670350879563
 30
0.0
 11
150.7107987946857
 21
326.8670350879563
 31
0.0
  0
LINE
  5
282D
330
70
100
AcDbEntity
  8
0
  6
Continuous
 62
     7
370
    25
100
AcDbLine
 10
156.2607988616853
 20
326.3670350879563
 30
0.0
 11
156.2607988616853
 21
313.3670351549564
 31
0.0
  0
LINE
  5
282E
330
70
100
AcDbEntity
  8
0
  6
Continuous
 62
     7
370
    25
100
AcDbLine
 10
156.7607988616853
 20
312.8670351549563
 30
0.0
 11
169.7607987946856
 21
312.8670351549563
 31
0.0
  0
LINE
  5
282F
330
70
100
AcDbEntity
  8
0
  6
Continuous
 62
     7
370
    25
100
AcDbLine
 10
170.2607987946855
 20
326.3670350879563
 30
0.0
 11
170.2607987946855
 21
313.3670351549564
 31
0.0
  0
LINE
  5
2830
330
70
100
AcDbEntity
  8
0
  6
Continuous
 62
     7
370
    25
100
AcDbLine
 10
156.7607988616853
 20
326.8670350879563
 30
0.0
 11
169.7607987946856
 21
326.8670350879563
 31
0.0
  0
LINE
  5
2831
330
70
100
AcDbEntity
  8
0
  6
Continuous
 62
     7
370
    25
100
AcDbLine
 10
175.3107988616853
 20
326.3670350879563
 30
0.0
 11
175.3107988616853
 21
313.3670351549564
 31
0.0
  0
LINE
  5
2832
330
70
100
AcDbEntity
  8
0
  6
Continuous
 62
     7
370
    25
100
AcDbLine
 10
175.8107988616852
 20
312.8670351549563
 30
0.0
 11
188.8107987946855
 21
312.8670351549563
 31
0.0
  0
LINE
  5
2833
330
70
100
AcDbEntity
  8
0
  6
Continuous
 62
     7
370
    25
100
AcDbLine
 10
189.3107987946855
 20
326.3670350879563
 30
0.0
 11
189.3107987946855
 21
313.3670351549564
 31
0.0
  0
LINE
  5
2834
330
70
100
AcDbEntity
  8
0
  6
Continuous
 62
     7
370
    25
100
AcDbLine
 10
175.8107988616852
 20
326.8670350879563
 30
0.0
 11
188.8107987946855
 21
326.8670350879563
 31
0.0
  0
LINE
  5
2835
330
70
100
AcDbEntity
  8
0
  6
Continuous
 62
     7
370
    25
100
AcDbLine
 10
194.3607988616855
 20
326.3670350879563
 30
0.0
 11
194.3607988616855
 21
313.3670351549564
 31
0.0
  0
LINE
  5
2836
330
70
100
AcDbEntity
  8
0
  6
Continuous
 62
     7
370
    25
100
AcDbLine
 10
194.8607988616855
 20
312.8670351549563
 30
0.0
 11
207.8607987946855
 21
312.8670351549563
 31
0.0
  0
LINE
  5
2837
330
70
100
AcDbEntity
  8
0
  6
Continuous
 62
     7
370
    25
100
AcDbLine
 10
208.3607987946855
 20
326.3670350879563
 30
0.0
 11
208.3607987946855
 21
313.3670351549564
 31
0.0
  0
LINE
  5
2838
330
70
100
AcDbEntity
  8
0
  6
Continuous
 62
     7
370
    25
100
AcDbLine
 10
194.8607988616855
 20
326.8670350879563
 30
0.0
 11
207.8607987946855
 21
326.8670350879563
 31
0.0
  0
LINE
  5
2839
330
70
100
AcDbEntity
  8
0
  6
Continuous
 62
     7
370
    25
100
AcDbLine
 10
213.4107988616854
 20
326.3670350879563
 30
0.0
 11
213.4107988616854
 21
313.3670351549564
 31
0.0
  0
LINE
  5
283A
330
70
100
AcDbEntity
  8
0
  6
Continuous
 62
     7
370
    25
100
AcDbLine
 10
213.9107988616854
 20
312.8670351549563
 30
0.0
 11
226.9107987946855
 21
312.8670351549563
 31
0.0
  0
LINE
  5
283B
330
70
100
AcDbEntity
  8
0
  6
Continuous
 62
     7
370
    25
100
AcDbLine
 10
227.4107987946854
 20
326.3670350879563
 30
0.0
 11
227.4107987946854
 21
313.3670351549564
 31
0.0
  0
LINE
  5
283C
330
70
100
AcDbEntity
  8
0
  6
Continuous
 62
     7
370
    25
100
AcDbLine
 10
213.9107988616854
 20
326.8670350879563
 30
0.0
 11
226.9107987946855
 21
326.8670350879563
 31
0.0
  0
LINE
  5
283D
330
70
100
AcDbEntity
  8
0
  6
Continuous
 62
     7
370
    25
100
AcDbLine
 10
232.4607988616854
 20
326.3670350879563
 30
0.0
 11
232.4607988616854
 21
313.3670351549564
 31
0.0
  0
LINE
  5
283E
330
70
100
AcDbEntity
  8
0
  6
Continuous
 62
     7
370
    25
100
AcDbLine
 10
232.9607988616854
 20
312.8670351549563
 30
0.0
 11
245.9607987946857
 21
312.8670351549563
 31
0.0
  0
LINE
  5
283F
330
70
100
AcDbEntity
  8
0
  6
Continuous
 62
     7
370
    25
100
AcDbLine
 10
246.4607987946857
 20
326.3670350879563
 30
0.0
 11
246.4607987946857
 21
313.3670351549564
 31
0.0
  0
LINE
  5
2840
330
70
100
AcDbEntity
  8
0
  6
Continuous
 62
     7
370
    25
100
AcDbLine
 10
232.9607988616854
 20
326.8670350879563
 30
0.0
 11
245.9607987946857
 21
326.8670350879563
 31
0.0
  0
LINE
  5
2841
330
70
100
AcDbEntity
  8
0
  6
Continuous
 62
     7
370
    25
100
AcDbLine
 10
251.5107988616854
 20
326.3670350879563
 30
0.0
 11
251.5107988616854
 21
313.3670351549564
 31
0.0
  0
LINE
  5
2842
330
70
100
AcDbEntity
  8
0
  6
Continuous
 62
     7
370
    25
100
AcDbLine
 10
252.0107988616854
 20
312.8670351549563
 30
0.0
 11
265.0107987946856
 21
312.8670351549563
 31
0.0
  0
LINE
  5
2843
330
70
100
AcDbEntity
  8
0
  6
Continuous
 62
     7
370
    25
100
AcDbLine
 10
265.5107987946855
 20
326.3670350879563
 30
0.0
 11
265.5107987946855
 21
313.3670351549564
 31
0.0
  0
LINE
  5
2844
330
70
100
AcDbEntity
  8
0
  6
Continuous
 62
     7
370
    25
100
AcDbLine
 10
252.0107988616854
 20
326.8670350879563
 30
0.0
 11
265.0107987946856
 21
326.8670350879563
 31
0.0
  0
LINE
  5
2845
330
70
100
AcDbEntity
  8
0
  6
Continuous
 62
     7
370
    25
100
AcDbLine
 10
70.53579271068525
 20
307.3170472949564
 30
0.0
 11
70.53579271068525
 21
294.3170472679562
 31
0.0
  0
LINE
  5
2846
330
70
100
AcDbEntity
  8
0
  6
Continuous
 62
     7
370
    25
100
AcDbLine
 10
71.03579271068525
 20
293.8170472679562
 30
0.0
 11
84.03579273768542
 21
293.8170472679562
 31
0.0
  0
LINE
  5
2847
330
70
100
AcDbEntity
  8
0
  6
Continuous
 62
     7
370
    25
100
AcDbLine
 10
84.53579273768545
 20
307.3170472949564
 30
0.0
 11
84.53579273768545
 21
294.3170472679562
 31
0.0
  0
LINE
  5
2848
330
70
100
AcDbEntity
  8
0
  6
Continuous
 62
     7
370
    25
100
AcDbLine
 10
71.03579271068525
 20
307.8170472949564
 30
0.0
 11
84.03579273768542
 21
307.8170472949564
 31
0.0
  0
LINE
  5
2849
330
70
100
AcDbEntity
  8
0
  6
Continuous
 62
     7
370
    25
100
AcDbLine
 10
89.58579271068543
 20
307.3170472949564
 30
0.0
 11
89.58579271068543
 21
294.3170472679562
 31
0.0
  0
LINE
  5
284A
330
70
100
AcDbEntity
  8
0
  6
Continuous
 62
     7
370
    25
100
AcDbLine
 10
90.08579271068544
 20
293.8170472679562
 30
0.0
 11
103.0857927376853
 21
293.8170472679562
 31
0.0
  0
LINE
  5
284B
330
70
100
AcDbEntity
  8
0
  6
Continuous
 62
     7
370
    25
100
AcDbLine
 10
103.5857927376853
 20
307.3170472949564
 30
0.0
 11
103.5857927376853
 21
294.3170472679562
 31
0.0
  0
LINE
  5
284C
330
70
100
AcDbEntity
  8
0
  6
Continuous
 62
     7
370
    25
100
AcDbLine
 10
90.08579271068544
 20
307.8170472949564
 30
0.0
 11
103.0857927376853
 21
307.8170472949564
 31
0.0
  0
LINE
  5
284D
330
70
100
AcDbEntity
  8
0
  6
Continuous
 62
     7
370
    25
100
AcDbLine
 10
108.6357927106853
 20
307.3170472949564
 30
0.0
 11
108.6357927106853
 21
294.3170472679562
 31
0.0
  0
LINE
  5
284E
330
70
100
AcDbEntity
  8
0
  6
Continuous
 62
     7
370
    25
100
AcDbLine
 10
109.1357927106853
 20
293.8170472679562
 30
0.0
 11
122.1357927376855
 21
293.8170472679562
 31
0.0
  0
LINE
  5
284F
330
70
100
AcDbEntity
  8
0
  6
Continuous
 62
     7
370
    25
100
AcDbLine
 10
122.6357927376855
 20
307.3170472949564
 30
0.0
 11
122.6357927376855
 21
294.3170472679562
 31
0.0
  0
LINE
  5
2850
330
70
100
AcDbEntity
  8
0
  6
Continuous
 62
     7
370
    25
100
AcDbLine
 10
109.1357927106853
 20
307.8170472949564
 30
0.0
 11
122.1357927376855
 21
307.8170472949564
 31
0.0
  0
LINE
  5
2851
330
70
100
AcDbEntity
  8
0
  6
Continuous
 62
     7
370
    25
100
AcDbLine
 10
127.6857927106853
 20
307.3170472949564
 30
0.0
 11
127.6857927106853
 21
294.3170472679562
 31
0.0
  0
LINE
  5
2852
330
70
100
AcDbEntity
  8
0
  6
Continuous
 62
     7
370
    25
100
AcDbLine
 10
128.1857927106853
 20
293.8170472679562
 30
0.0
 11
141.1857927376854
 21
293.8170472679562
 31
0.0
  0
LINE
  5
2853
330
70
100
AcDbEntity
  8
0
  6
Continuous
 62
     7
370
    25
100
AcDbLine
 10
141.6857927376855
 20
307.3170472949564
 30
0.0
 11
141.6857927376855
 21
294.3170472679562
 31
0.0
  0
LINE
  5
2854
330
70
100
AcDbEntity
  8
0
  6
Continuous
 62
     7
370
    25
100
AcDbLine
 10
128.1857927106853
 20
307.8170472949564
 30
0.0
 11
141.1857927376854
 21
307.8170472949564
 31
0.0
  0
LINE
  5
2855
330
70
100
AcDbEntity
  8
0
  6
Continuous
 62
     7
370
    25
100
AcDbLine
 10
146.7357927106852
 20
307.3170472949564
 30
0.0
 11
146.7357927106852
 21
294.3170472679562
 31
0.0
  0
LINE
  5
2856
330
70
100
AcDbEntity
  8
0
  6
Continuous
 62
     7
370
    25
100
AcDbLine
 10
147.2357927106852
 20
293.8170472679562
 30
0.0
 11
160.2357927376854
 21
293.8170472679562
 31
0.0
  0
LINE
  5
2857
330
70
100
AcDbEntity
  8
0
  6
Continuous
 62
     7
370
    25
100
AcDbLine
 10
160.7357927376854
 20
307.3170472949564
 30
0.0
 11
160.7357927376854
 21
294.3170472679562
 31
0.0
  0
LINE
  5
2858
330
70
100
AcDbEntity
  8
0
  6
Continuous
 62
     7
370
    25
100
AcDbLine
 10
147.2357927106852
 20
307.8170472949564
 30
0.0
 11
160.2357927376854
 21
307.8170472949564
 31
0.0
  0
LINE
  5
2859
330
70
100
AcDbEntity
  8
0
  6
Continuous
 62
     7
370
    25
100
AcDbLine
 10
165.7857927106852
 20
307.3170472949564
 30
0.0
 11
165.7857927106852
 21
294.3170472679562
 31
0.0
  0
LINE
  5
285A
330
70
100
AcDbEntity
  8
0
  6
Continuous
 62
     7
370
    25
100
AcDbLine
 10
166.2857927106852
 20
293.8170472679562
 30
0.0
 11
179.2857927376853
 21
293.8170472679562
 31
0.0
  0
LINE
  5
285B
330
70
100
AcDbEntity
  8
0
  6
Continuous
 62
     7
370
    25
100
AcDbLine
 10
179.7857927376854
 20
307.3170472949564
 30
0.0
 11
179.7857927376854
 21
294.3170472679562
 31
0.0
  0
LINE
  5
285C
330
70
100
AcDbEntity
  8
0
  6
Continuous
 62
     7
370
    25
100
AcDbLine
 10
166.2857927106852
 20
307.8170472949564
 30
0.0
 11
179.2857927376853
 21
307.8170472949564
 31
0.0
  0
LINE
  5
285D
330
70
100
AcDbEntity
  8
0
  6
Continuous
 62
     7
370
    25
100
AcDbLine
 10
184.8357927106854
 20
307.3170472949564
 30
0.0
 11
184.8357927106854
 21
294.3170472679562
 31
0.0
  0
LINE
  5
285E
330
70
100
AcDbEntity
  8
0
  6
Continuous
 62
     7
370
    25
100
AcDbLine
 10
185.3357927106854
 20
293.8170472679562
 30
0.0
 11
198.3357927376853
 21
293.8170472679562
 31
0.0
  0
LINE
  5
285F
330
70
100
AcDbEntity
  8
0
  6
Continuous
 62
     7
370
    25
100
AcDbLine
 10
198.8357927376853
 20
307.3170472949564
 30
0.0
 11
198.8357927376853
 21
294.3170472679562
 31
0.0
  0
LINE
  5
2860
330
70
100
AcDbEntity
  8
0
  6
Continuous
 62
     7
370
    25
100
AcDbLine
 10
185.3357927106854
 20
307.8170472949564
 30
0.0
 11
198.3357927376853
 21
307.8170472949564
 31
0.0
  0
LINE
  5
2861
330
70
100
AcDbEntity
  8
0
  6
Continuous
 62
     7
370
    25
100
AcDbLine
 10
203.8857927106853
 20
307.3170472949564
 30
0.0
 11
203.8857927106853
 21
294.3170472679562
 31
0.0
  0
LINE
  5
2862
330
70
100
AcDbEntity
  8
0
  6
Continuous
 62
     7
370
    25
100
AcDbLine
 10
204.3857927106854
 20
293.8170472679562
 30
0.0
 11
217.3857927376855
 21
293.8170472679562
 31
0.0
  0
LINE
  5
2863
330
70
100
AcDbEntity
  8
0
  6
Continuous
 62
     7
370
    25
100
AcDbLine
 10
217.8857927376855
 20
307.3170472949564
 30
0.0
 11
217.8857927376855
 21
294.3170472679562
 31
0.0
  0
LINE
  5
2864
330
70
100
AcDbEntity
  8
0
  6
Continuous
 62
     7
370
    25
100
AcDbLine
 10
204.3857927106854
 20
307.8170472949564
 30
0.0
 11
217.3857927376855
 21
307.8170472949564
 31
0.0
  0
LINE
  5
2865
330
70
100
AcDbEntity
  8
0
  6
Continuous
 62
     7
370
    25
100
AcDbLine
 10
222.9357927106853
 20
307.3170472949564
 30
0.0
 11
222.9357927106853
 21
294.3170472679562
 31
0.0
  0
LINE
  5
2866
330
70
100
AcDbEntity
  8
0
  6
Continuous
 62
     7
370
    25
100
AcDbLine
 10
223.4357927106854
 20
293.8170472679562
 30
0.0
 11
236.4357927376854
 21
293.8170472679562
 31
0.0
  0
LINE
  5
2867
330
70
100
AcDbEntity
  8
0
  6
Continuous
 62
     7
370
    25
100
AcDbLine
 10
236.9357927376855
 20
307.3170472949564
 30
0.0
 11
236.9357927376855
 21
294.3170472679562
 31
0.0
  0
LINE
  5
2868
330
70
100
AcDbEntity
  8
0
  6
Continuous
 62
     7
370
    25
100
AcDbLine
 10
223.4357927106854
 20
307.8170472949564
 30
0.0
 11
236.4357927376854
 21
307.8170472949564
 31
0.0
  0
LINE
  5
2869
330
70
100
AcDbEntity
  8
0
  6
Continuous
 62
     7
370
    25
100
AcDbLine
 10
241.9857927106853
 20
307.3170472949564
 30
0.0
 11
241.9857927106853
 21
294.3170472679562
 31
0.0
  0
LINE
  5
286A
330
70
100
AcDbEntity
  8
0
  6
Continuous
 62
     7
370
    25
100
AcDbLine
 10
242.4857927106852
 20
293.8170472679562
 30
0.0
 11
255.4857927376855
 21
293.8170472679562
 31
0.0
  0
LINE
  5
286B
330
70
100
AcDbEntity
  8
0
  6
Continuous
 62
     7
370
    25
100
AcDbLine
 10
255.9857927376855
 20
307.3170472949564
 30
0.0
 11
255.9857927376855
 21
294.3170472679562
 31
0.0
  0
LINE
  5
286C
330
70
100
AcDbEntity
  8
0
  6
Continuous
 62
     7
370
    25
100
AcDbLine
 10
242.4857927106852
 20
307.8170472949564
 30
0.0
 11
255.4857927376855
 21
307.8170472949564
 31
0.0
  0
LINE
  5
286D
330
70
100
AcDbEntity
  8
0
  6
Continuous
 62
     7
370
    25
100
AcDbLine
 10
53.86709150468554
 20
288.2670595019563
 30
0.0
 11
53.86709150468554
 21
275.2670472944562
 31
0.0
  0
LINE
  5
286E
330
70
100
AcDbEntity
  8
0
  6
Continuous
 62
     7
370
    25
100
AcDbLine
 10
54.36709150468555
 20
274.7670472944562
 30
0.0
 11
69.74835661068533
 21
274.7670472944562
 31
0.0
  0
LINE
  5
286F
330
70
100
AcDbEntity
  8
0
  6
Continuous
 62
     7
370
    25
100
AcDbLine
 10
70.24835661068533
 20
288.2670595019563
 30
0.0
 11
70.24835661068533
 21
275.2670472944562
 31
0.0
  0
LINE
  5
2870
330
70
100
AcDbEntity
  8
0
  6
Continuous
 62
     7
370
    25
100
AcDbLine
 10
54.36709150468555
 20
288.7670595019563
 30
0.0
 11
69.74835661068533
 21
288.7670595019563
 31
0.0
  0
LINE
  5
2871
330
70
100
AcDbEntity
  8
0
  6
Continuous
 62
     7
370
    25
100
AcDbLine
 10
30.05459153868542
 20
288.2670595019563
 30
0.0
 11
30.05459153868542
 21
275.2670472944562
 31
0.0
  0
LINE
  5
2872
330
70
100
AcDbEntity
  8
0
  6
Continuous
 62
     7
370
    25
100
AcDbLine
 10
30.55459153868542
 20
274.7670472944562
 30
0.0
 11
45.93585657068529
 21
274.7670472944562
 31
0.0
  0
LINE
  5
2873
330
70
100
AcDbEntity
  8
0
  6
Continuous
 62
     7
370
    25
100
AcDbLine
 10
46.4358565706853
 20
288.2670595019563
 30
0.0
 11
46.4358565706853
 21
275.2670472944562
 31
0.0
  0
LINE
  5
2874
330
70
100
AcDbEntity
  8
0
  6
Continuous
 62
     7
370
    25
100
AcDbLine
 10
30.55459153868542
 20
288.7670595019563
 30
0.0
 11
45.93585657068529
 21
288.7670595019563
 31
0.0
  0
LINE
  5
2875
330
70
100
AcDbEntity
  8
0
  6
Continuous
 62
     7
370
    25
100
AcDbLine
 10
77.67709150468552
 20
288.2670595019563
 30
0.0
 11
77.67709150468552
 21
275.2670472944562
 31
0.0
  0
LINE
  5
2876
330
70
100
AcDbEntity
  8
0
  6
Continuous
 62
     7
370
    25
100
AcDbLine
 10
78.17709150468552
 20
274.7670472944562
 30
0.0
 11
93.55835661068523
 21
274.7670472944562
 31
0.0
  0
LINE
  5
2877
330
70
100
AcDbEntity
  8
0
  6
Continuous
 62
     7
370
    25
100
AcDbLine
 10
94.0583566106852
 20
288.2670595019563
 30
0.0
 11
94.0583566106852
 21
275.2670472944562
 31
0.0
  0
LINE
  5
2878
330
70
100
AcDbEntity
  8
0
  6
Continuous
 62
     7
370
    25
100
AcDbLine
 10
78.17709150468552
 20
288.7670595019563
 30
0.0
 11
93.55835661068523
 21
288.7670595019563
 31
0.0
  0
LINE
  5
2879
330
70
100
AcDbEntity
  8
0
  6
Continuous
 62
     7
370
    25
100
AcDbLine
 10
265.7983565306854
 20
288.2670472949564
 30
0.0
 11
265.7983565306854
 21
275.2670350874564
 31
0.0
  0
LINE
  5
287A
330
70
100
AcDbEntity
  8
0
  6
Continuous
 62
     7
370
    25
100
AcDbLine
 10
266.2983565306855
 20
274.7670350874564
 30
0.0
 11
281.6796216366855
 21
274.7670350874564
 31
0.0
  0
LINE
  5
287B
330
70
100
AcDbEntity
  8
0
  6
Continuous
 62
     7
370
    25
100
AcDbLine
 10
282.1796216366855
 20
288.2670472949564
 30
0.0
 11
282.1796216366855
 21
275.2670350874564
 31
0.0
  0
LINE
  5
287C
330
70
100
AcDbEntity
  8
0
  6
Continuous
 62
     7
370
    25
100
AcDbLine
 10
266.2983565306855
 20
288.7670472949565
 30
0.0
 11
281.6796216366855
 21
288.7670472949565
 31
0.0
  0
LINE
  5
287D
330
70
100
AcDbEntity
  8
0
  6
Continuous
 62
     7
370
    25
100
AcDbLine
 10
241.9858565646856
 20
288.2670472949564
 30
0.0
 11
241.9858565646856
 21
275.2670350874564
 31
0.0
  0
LINE
  5
287E
330
70
100
AcDbEntity
  8
0
  6
Continuous
 62
     7
370
    25
100
AcDbLine
 10
242.4858565646855
 20
274.7670350874564
 30
0.0
 11
257.8671215966854
 21
274.7670350874564
 31
0.0
  0
LINE
  5
287F
330
70
100
AcDbEntity
  8
0
  6
Continuous
 62
     7
370
    25
100
AcDbLine
 10
258.3671215966854
 20
288.2670472949564
 30
0.0
 11
258.3671215966854
 21
275.2670350874564
 31
0.0
  0
LINE
  5
2880
330
70
100
AcDbEntity
  8
0
  6
Continuous
 62
     7
370
    25
100
AcDbLine
 10
242.4858565646855
 20
288.7670472949565
 30
0.0
 11
257.8671215966854
 21
288.7670472949565
 31
0.0
  0
LINE
  5
2881
330
70
100
AcDbEntity
  8
0
  6
Continuous
 62
     7
370
    25
100
AcDbLine
 10
289.6083565306854
 20
288.2670472949564
 30
0.0
 11
289.6083565306854
 21
275.2670350874564
 31
0.0
  0
LINE
  5
2882
330
70
100
AcDbEntity
  8
0
  6
Continuous
 62
     7
370
    25
100
AcDbLine
 10
290.1083565306854
 20
274.7670350874564
 30
0.0
 11
305.4896216366854
 21
274.7670350874564
 31
0.0
  0
LINE
  5
2883
330
70
100
AcDbEntity
  8
0
  6
Continuous
 62
     7
370
    25
100
AcDbLine
 10
305.9896216366854
 20
288.2670472949564
 30
0.0
 11
305.9896216366854
 21
275.2670350874564
 31
0.0
  0
LINE
  5
2884
330
70
100
AcDbEntity
  8
0
  6
Continuous
 62
     7
370
    25
100
AcDbLine
 10
290.1083565306854
 20
288.7670472949565
 30
0.0
 11
305.4896216366854
 21
288.7670472949565
 31
0.0
  0
LINE
  5
2885
330
70
100
AcDbEntity
  8
0
  6
Continuous
 62
     7
370
    25
100
AcDbLine
 10
269.8730104915857
 20
291.8170417088563
 30
0.0
 11
274.8730105615855
 21
291.8170417088563
 31
0.0
  0
LINE
  5
2886
330
70
100
AcDbEntity
  8
0
  6
Continuous
 62
     7
370
    25
100
AcDbLine
 10
275.8730106445856
 20
292.8170417168562
 30
0.0
 11
275.8730106215856
 21
293.8170415679563
 31
0.0
  0
LINE
  5
2887
330
70
100
AcDbEntity
  8
0
  6
Continuous
 62
     7
370
    25
100
AcDbLine
 10
275.8730106215856
 20
293.8170415679563
 30
0.0
 11
291.2045396646857
 21
293.8170414548563
 31
0.0
  0
LINE
  5
2888
330
70
100
AcDbEntity
  8
0
  6
Continuous
 62
     7
370
    25
100
AcDbLine
 10
291.7045396646857
 20
307.3170411989563
 30
0.0
 11
291.7045396646857
 21
294.3170414548563
 31
0.0
  0
LINE
  5
2889
330
70
100
AcDbEntity
  8
0
  6
Continuous
 62
     7
370
    25
100
AcDbLine
 10
291.2045396646857
 20
307.8170411989563
 30
0.0
 11
284.3864962124856
 21
307.8170411989563
 31
0.0
  0
LINE
  5
288A
330
70
100
AcDbEntity
  8
0
  6
Continuous
 62
     7
370
    25
100
AcDbLine
 10
281.1820681816854
 20
307.8170472939564
 30
0.0
 11
284.3864962124856
 21
307.8170411989563
 31
0.0
  0
LINE
  5
288B
330
70
100
AcDbEntity
  8
0
  6
Continuous
 62
     7
370
    25
100
AcDbLine
 10
276.2666727416855
 20
307.8170656049563
 30
0.0
 11
281.1820681816854
 21
307.8170472939564
 31
0.0
  0
LINE
  5
288C
330
70
100
AcDbEntity
  8
0
  6
Continuous
 62
     7
370
    25
100
AcDbLine
 10
268.6795976396855
 20
307.8170656049563
 30
0.0
 11
276.2666727416855
 21
307.8170656049563
 31
0.0
  0
LINE
  5
288D
330
70
100
AcDbEntity
  8
0
  6
Continuous
 62
     7
370
    25
100
AcDbLine
 10
268.1795976396855
 20
307.3170656049563
 30
0.0
 11
268.1795976396855
 21
294.3170415679563
 31
0.0
  0
LINE
  5
288E
330
70
100
AcDbEntity
  8
0
  6
Continuous
 62
     7
370
    25
100
AcDbLine
 10
268.6795976396855
 20
293.8170415679563
 30
0.0
 11
268.8730106305854
 21
293.8170415679563
 31
0.0
  0
LINE
  5
288F
330
70
100
AcDbEntity
  8
0
  6
Continuous
 62
     7
370
    25
100
AcDbLine
 10
268.8730106215855
 20
292.8170417338563
 30
0.0
 11
268.8730106305854
 21
293.8170415679563
 31
0.0
  0
LINE
  5
28A9
330
70
100
AcDbEntity
  8
0
  6
Continuous
 62
     7
370
    25
100
AcDbLine
 10
275.3232896546856
 20
364.4670411909565
 30
0.0
 11
275.3232896546856
 21
351.4670411629563
 31
0.0
  0
LINE
  5
28AA
330
70
100
AcDbEntity
  8
0
  6
Continuous
 62
     7
370
    25
100
AcDbLine
 10
275.8232896546857
 20
350.9670411629563
 30
0.0
 11
276.4103136266854
 21
350.9670411769562
 31
0.0
  0
LINE
  5
28AB
330
70
100
AcDbEntity
  8
0
  6
Continuous
 62
     7
370
    25
100
AcDbLine
 10
276.4103136266854
 20
349.9670412204562
 30
0.0
 11
276.4103136266854
 21
350.9670411769562
 31
0.0
  0
LINE
  5
28AC
330
70
100
AcDbEntity
  8
0
  6
Continuous
 62
     7
370
    25
100
AcDbLine
 10
277.4103135896856
 20
348.9670411774564
 30
0.0
 11
282.4103135876854
 21
348.9670412064563
 31
0.0
  0
LINE
  5
28AD
330
70
100
AcDbEntity
  8
0
  6
Continuous
 62
     7
370
    25
100
AcDbLine
 10
283.4103136566853
 20
349.9670412204562
 30
0.0
 11
283.4103136566853
 21
350.9670411629563
 31
0.0
  0
LINE
  5
28AE
330
70
100
AcDbEntity
  8
0
  6
Continuous
 62
     7
370
    25
100
AcDbLine
 10
283.4103136566853
 20
350.9670411629563
 30
0.0
 11
300.2862809976855
 21
350.9670411629563
 31
0.0
  0
LINE
  5
28AF
330
70
100
AcDbEntity
  8
0
  6
Continuous
 62
     7
370
    25
100
AcDbLine
 10
300.2862809976855
 20
349.9670412049564
 30
0.0
 11
300.2862809976855
 21
350.9670411629563
 31
0.0
  0
LINE
  5
28B0
330
70
100
AcDbEntity
  8
0
  6
Continuous
 62
     7
370
    25
100
AcDbLine
 10
301.2862809816855
 20
348.9670411619561
 30
0.0
 11
306.2862810186855
 21
348.9670411629563
 31
0.0
  0
LINE
  5
28B1
330
70
100
AcDbEntity
  8
0
  6
Continuous
 62
     7
370
    25
100
AcDbLine
 10
307.2862809526855
 20
349.9670411769562
 30
0.0
 11
307.2862809976856
 21
350.9670411614564
 31
0.0
  0
LINE
  5
28B2
330
70
100
AcDbEntity
  8
0
  6
Continuous
 62
     7
370
    25
100
AcDbLine
 10
307.2862809976856
 20
350.9670411614564
 30
0.0
 11
307.8732896826855
 21
350.9670411629563
 31
0.0
  0
LINE
  5
28B3
330
70
100
AcDbEntity
  8
0
  6
Continuous
 62
     7
370
    25
100
AcDbLine
 10
308.3732896826855
 20
364.4670411909565
 30
0.0
 11
308.3732896826855
 21
351.4670411629563
 31
0.0
  0
LINE
  5
28B4
330
70
100
AcDbEntity
  8
0
  6
Continuous
 62
     7
370
    25
100
AcDbLine
 10
275.8232896546857
 20
364.9670411909565
 30
0.0
 11
307.8732896826855
 21
364.9670411909565
 31
0.0
  0
LINE
  5
28B5
330
70
100
AcDbEntity
  8
0
  6
Continuous
 62
     7
370
    25
100
AcDbLine
 10
305.9607987997854
 20
338.8250601370561
 30
0.0
 11
305.9607988007854
 21
343.8300325000562
 31
0.0
  0
LINE
  5
28B6
330
70
100
AcDbEntity
  8
0
  6
Continuous
 62
     7
370
    25
100
AcDbLine
 10
304.9607987766854
 20
344.8300325339562
 30
0.0
 11
303.6082866206852
 21
344.8300325339562
 31
0.0
  0
LINE
  5
28B7
330
70
100
AcDbEntity
  8
0
  6
Continuous
 62
     7
370
    25
100
AcDbLine
 10
303.6082866206852
 20
345.4170533979564
 30
0.0
 11
303.6082866206852
 21
344.8300325339562
 31
0.0
  0
LINE
  5
28B8
330
70
100
AcDbEntity
  8
0
  6
Continuous
 62
     7
370
    25
100
AcDbLine
 10
290.1082865936856
 20
345.9170533979564
 30
0.0
 11
303.1082866206853
 21
345.9170533979564
 31
0.0
  0
LINE
  5
28B9
330
70
100
AcDbEntity
  8
0
  6
Continuous
 62
     7
370
    25
100
AcDbLine
 10
289.6082865936856
 20
345.4170533979564
 30
0.0
 11
289.6082865936856
 21
332.4170533709564
 31
0.0
  0
LINE
  5
28BA
330
70
100
AcDbEntity
  8
0
  6
Continuous
 62
     7
370
    25
100
AcDbLine
 10
290.1082865936856
 20
331.9170533709564
 30
0.0
 11
291.9607988061855
 21
331.9170533709564
 31
0.0
  0
LINE
  5
28BB
330
70
100
AcDbEntity
  8
0
  6
Continuous
 62
     7
370
    25
100
AcDbLine
 10
291.9607987916855
 20
326.8670350879563
 30
0.0
 11
291.9607988061855
 21
331.9170533709564
 31
0.0
  0
LINE
  5
28BC
330
70
100
AcDbEntity
  8
0
  6
Continuous
 62
     7
370
    25
100
AcDbLine
 10
291.9607987916855
 20
326.8670350879563
 30
0.0
 11
280.9934733096855
 21
326.8670350879563
 31
0.0
  0
LINE
  5
28BD
330
70
100
AcDbEntity
  8
0
  6
Continuous
 62
     7
370
    25
100
AcDbLine
 10
280.9934733096855
 20
326.8670350879563
 30
0.0
 11
280.9934733306853
 21
327.8660983109564
 31
0.0
  0
LINE
  5
28BE
330
70
100
AcDbEntity
  8
0
  6
Continuous
 62
     7
370
    25
100
AcDbLine
 10
277.5290483716854
 20
328.8670350999563
 30
0.0
 11
279.9934582676854
 21
328.8660983109565
 31
0.0
  0
LINE
  5
28BF
330
70
100
AcDbEntity
  8
0
  6
Continuous
 62
     7
370
    25
100
AcDbLine
 10
275.0290482726855
 20
328.8670350879563
 30
0.0
 11
277.5290483716854
 21
328.8670350999563
 31
0.0
  0
LINE
  5
28C0
330
70
100
AcDbEntity
  8
0
  6
Continuous
 62
     7
370
    25
100
AcDbLine
 10
274.0290483636855
 20
326.8670350879563
 30
0.0
 11
274.0290483636855
 21
327.8670350849564
 31
0.0
  0
LINE
  5
28C1
330
70
100
AcDbEntity
  8
0
  6
Continuous
 62
     7
370
    25
100
AcDbLine
 10
271.0607988616853
 20
326.8670350879563
 30
0.0
 11
274.0290483636855
 21
326.8670350879563
 31
0.0
  0
LINE
  5
28C2
330
70
100
AcDbEntity
  8
0
  6
Continuous
 62
     7
370
    25
100
AcDbLine
 10
270.5607988616853
 20
326.3670350879563
 30
0.0
 11
270.5607988616853
 21
313.3670351549564
 31
0.0
  0
LINE
  5
28C3
330
70
100
AcDbEntity
  8
0
  6
Continuous
 62
     7
370
    25
100
AcDbLine
 10
271.0607988616853
 20
312.8670351549563
 30
0.0
 11
295.9670366296855
 21
312.8670350879563
 31
0.0
  0
LINE
  5
28C4
330
70
100
AcDbEntity
  8
0
  6
Continuous
 62
     7
370
    25
100
AcDbLine
 10
296.4670366296855
 20
313.3670350879563
 30
0.0
 11
296.4670366296855
 21
313.9540559629563
 31
0.0
  0
LINE
  5
28C5
330
70
100
AcDbEntity
  8
0
  6
Continuous
 62
     7
370
    25
100
AcDbLine
 10
296.4670366296855
 20
313.9540559629563
 30
0.0
 11
297.8694197836856
 21
313.9540559619562
 31
0.0
  0
LINE
  5
28C6
330
70
100
AcDbEntity
  8
0
  6
Continuous
 62
     7
370
    25
100
AcDbLine
 10
297.8694197836856
 20
313.9540559619562
 30
0.0
 11
297.8694197616854
 21
313.8660860579561
 31
0.0
  0
LINE
  5
28C7
330
70
100
AcDbEntity
  8
0
  6
Continuous
 62
     7
370
    25
100
AcDbLine
 10
298.8258643576854
 20
312.8670350849564
 30
0.0
 11
303.9050249656853
 21
312.8670350879563
 31
0.0
  0
LINE
  5
28C8
330
70
100
AcDbEntity
  8
0
  6
Continuous
 62
     7
370
    25
100
AcDbLine
 10
304.9050248656854
 20
313.8670350999563
 30
0.0
 11
304.9050248946857
 21
313.9540559639563
 31
0.0
  0
LINE
  5
28C9
330
70
100
AcDbEntity
  8
0
  6
Continuous
 62
     7
370
    25
100
AcDbLine
 10
304.9050248946857
 20
313.9540559639563
 30
0.0
 11
304.9607986886854
 21
313.9540559619562
 31
0.0
  0
LINE
  5
28CA
330
70
100
AcDbEntity
  8
0
  6
Continuous
 62
     7
370
    25
100
AcDbLine
 10
305.9607988196856
 20
314.9540559469563
 30
0.0
 11
305.9607988206854
 21
319.9589970219563
 31
0.0
  0
LINE
  5
28CB
330
70
100
AcDbEntity
  8
0
  6
Continuous
 62
     7
370
    25
100
AcDbLine
 10
304.9608109956853
 20
320.9540559719562
 30
0.0
 11
304.9050248656854
 21
320.9540559619562
 31
0.0
  0
LINE
  5
28CC
330
70
100
AcDbEntity
  8
0
  6
Continuous
 62
     7
370
    25
100
AcDbLine
 10
304.9050248656854
 20
320.9540559619562
 30
0.0
 11
304.9050248946857
 21
322.3920442494561
 31
0.0
  0
LINE
  5
28CD
330
70
100
AcDbEntity
  8
0
  6
Continuous
 62
     7
370
    25
100
AcDbLine
 10
304.9050248946857
 20
322.3920442494561
 30
0.0
 11
305.4607988206855
 21
322.3920442494561
 31
0.0
  0
LINE
  5
28CE
330
70
100
AcDbEntity
  8
0
  6
Continuous
 62
     7
370
    25
100
AcDbLine
 10
305.9607988206854
 20
335.8920442419562
 30
0.0
 11
305.9607988206854
 21
322.8920442494561
 31
0.0
  0
LINE
  5
28CF
330
70
100
AcDbEntity
  8
0
  6
Continuous
 62
     7
370
    25
100
AcDbLine
 10
305.4607988206855
 20
336.3920442419562
 30
0.0
 11
303.6082866206852
 21
336.3920442419562
 31
0.0
  0
LINE
  5
28D0
330
70
100
AcDbEntity
  8
0
  6
Continuous
 62
     7
370
    25
100
AcDbLine
 10
303.6082866206852
 20
337.8300023720561
 30
0.0
 11
303.6082866206852
 21
336.3920442419562
 31
0.0
  0
LINE
  5
28D1
330
70
100
AcDbEntity
  8
0
  6
Continuous
 62
     7
370
    25
100
AcDbLine
 10
304.9608111107855
 20
337.8300023720561
 30
0.0
 11
303.6082866206852
 21
337.8300023720561
 31
0.0
  0
ARC
  5
28D2
330
70
100
AcDbEntity
  8
0
  6
Continuous
 62
     7
370
    25
100
AcDbCircle
 10
64.98579272768535
 20
294.3170472945563
 30
0.0
 40
0.5000000000002274
100
AcDbArc
 50
270.0
 51
0.0
  0
ARC
  5
28D3
330
70
100
AcDbEntity
  8
0
  6
Continuous
 62
     7
370
    25
100
AcDbCircle
 10
64.98579272768535
 20
307.3170472949564
 30
0.0
 40
0.5000000000002274
100
AcDbArc
 50
0.0
 51
90.0
  0
ARC
  5
28D4
330
70
100
AcDbEntity
  8
0
  6
Continuous
 62
     7
370
    25
100
AcDbCircle
 10
30.55579270268554
 20
307.3170472949564
 30
0.0
 40
0.5000000000002274
100
AcDbArc
 50
90.0
 51
180.0
  0
ARC
  5
28D5
330
70
100
AcDbEntity
  8
0
  6
Continuous
 62
     7
370
    25
100
AcDbCircle
 10
30.55579270268554
 20
294.3170472945563
 30
0.0
 40
0.5000000000004548
100
AcDbArc
 50
180.0
 51
269.9999999998958
  0
ARC
  5
28D6
330
70
100
AcDbEntity
  8
0
  6
Continuous
 62
     7
370
    25
100
AcDbCircle
 10
307.8733476586854
 20
294.3170656049563
 30
0.0
 40
0.5000000000002274
100
AcDbArc
 50
270.0000000001042
 51
0.0
  0
ARC
  5
28D7
330
70
100
AcDbEntity
  8
0
  6
Continuous
 62
     7
370
    25
100
AcDbCircle
 10
307.8733476586854
 20
307.3170411909564
 30
0.0
 40
0.4999999999997728
100
AcDbArc
 50
0.0
 51
90.0
  0
ARC
  5
28D8
330
70
100
AcDbEntity
  8
0
  6
Continuous
 62
     7
370
    25
100
AcDbCircle
 10
293.6424978276855
 20
307.3170411909564
 30
0.0
 40
0.5
100
AcDbArc
 50
90.0
 51
180.0
  0
ARC
  5
28D9
330
70
100
AcDbEntity
  8
0
  6
Continuous
 62
     7
370
    25
100
AcDbCircle
 10
32.93578662768555
 20
345.4170534129561
 30
0.0
 40
0.5
100
AcDbArc
 50
90.0
 51
180.0
  0
ARC
  5
28DA
330
70
100
AcDbEntity
  8
0
  6
Continuous
 62
     7
370
    25
100
AcDbCircle
 10
32.93578662768555
 20
332.4170533859565
 30
0.0
 40
0.5000000000002274
100
AcDbArc
 50
180.0
 51
270.0
  0
ARC
  5
28DB
330
70
100
AcDbEntity
  8
0
  6
Continuous
 62
     7
370
    25
100
AcDbCircle
 10
45.93578665468548
 20
332.4170533859565
 30
0.0
 40
0.5000000000002274
100
AcDbArc
 50
270.0
 51
0.0
  0
ARC
  5
28DC
330
70
100
AcDbEntity
  8
0
  6
Continuous
 62
     7
370
    25
100
AcDbCircle
 10
45.93578665468548
 20
345.4170534129561
 30
0.0
 40
0.4999999999997728
100
AcDbArc
 50
0.0
 51
90.0000000001042
  0
ARC
  5
28DD
330
70
100
AcDbEntity
  8
0
  6
Continuous
 62
     7
370
    25
100
AcDbCircle
 10
28.17328965468555
 20
364.4670411909565
 30
0.0
 40
0.5000000000002274
100
AcDbArc
 50
90.0
 51
180.0
  0
ARC
  5
28DE
330
70
100
AcDbEntity
  8
0
  6
Continuous
 62
     7
370
    25
100
AcDbCircle
 10
28.17328965468555
 20
351.4670411629563
 30
0.0
 40
0.5000000000002274
100
AcDbArc
 50
180.0
 51
270.0
  0
ARC
  5
28DF
330
70
100
AcDbEntity
  8
0
  6
Continuous
 62
     7
370
    25
100
AcDbCircle
 10
41.17328968268547
 20
351.4670411629563
 30
0.0
 40
0.5000000000002274
100
AcDbArc
 50
270.0000000001042
 51
0.0
  0
ARC
  5
28E0
330
70
100
AcDbEntity
  8
0
  6
Continuous
 62
     7
370
    25
100
AcDbCircle
 10
41.17328968268547
 20
364.4670411909565
 30
0.0
 40
0.5000000000002274
100
AcDbArc
 50
0.0
 51
89.99999999989578
  0
ARC
  5
28E1
330
70
100
AcDbEntity
  8
0
  6
Continuous
 62
     7
370
    25
100
AcDbCircle
 10
56.74828659368547
 20
345.4170533979564
 30
0.0
 40
0.5000000000002274
100
AcDbArc
 50
90.0000000001042
 51
180.0
  0
ARC
  5
28E2
330
70
100
AcDbEntity
  8
0
  6
Continuous
 62
     7
370
    25
100
AcDbCircle
 10
56.74828659368547
 20
332.4170533709564
 30
0.0
 40
0.4999999999997728
100
AcDbArc
 50
180.0
 51
270.0
  0
ARC
  5
28E3
330
70
100
AcDbEntity
  8
0
  6
Continuous
 62
     7
370
    25
100
AcDbCircle
 10
69.74828662068539
 20
332.4170533709564
 30
0.0
 40
0.5
100
AcDbArc
 50
270.0
 51
0.0
  0
ARC
  5
28E4
330
70
100
AcDbEntity
  8
0
  6
Continuous
 62
     7
370
    25
100
AcDbCircle
 10
69.74828662068539
 20
345.4170533979564
 30
0.0
 40
0.5000000000006822
100
AcDbArc
 50
0.0000000001042204
 51
89.99999999989578
  0
ARC
  5
28E5
330
70
100
AcDbEntity
  8
0
  6
Continuous
 62
     7
370
    25
100
AcDbCircle
 10
47.22328965468551
 20
364.4670411909565
 30
0.0
 40
0.5
100
AcDbArc
 50
89.99999999989578
 51
180.0
  0
ARC
  5
28E6
330
70
100
AcDbEntity
  8
0
  6
Continuous
 62
     7
370
    25
100
AcDbCircle
 10
47.22328965468551
 20
351.4670411629563
 30
0.0
 40
0.5000000000002274
100
AcDbArc
 50
180.0
 51
270.0
  0
ARC
  5
28E7
330
70
100
AcDbEntity
  8
0
  6
Continuous
 62
     7
370
    25
100
AcDbCircle
 10
60.22328968268544
 20
351.4670411629563
 30
0.0
 40
0.5000000000011369
100
AcDbArc
 50
270.0000000001042
 51
359.9999999998958
  0
ARC
  5
28E8
330
70
100
AcDbEntity
  8
0
  6
Continuous
 62
     7
370
    25
100
AcDbCircle
 10
60.22328968268544
 20
364.4670411909565
 30
0.0
 40
0.5000000000004548
100
AcDbArc
 50
0.0
 51
90.0
  0
ARC
  5
28E9
330
70
100
AcDbEntity
  8
0
  6
Continuous
 62
     7
370
    25
100
AcDbCircle
 10
66.27328965468571
 20
364.4670411909565
 30
0.0
 40
0.5000000000002274
100
AcDbArc
 50
90.0
 51
180.0
  0
ARC
  5
28EA
330
70
100
AcDbEntity
  8
0
  6
Continuous
 62
     7
370
    25
100
AcDbCircle
 10
66.27328965468571
 20
351.4670411629563
 30
0.0
 40
0.5000000000004548
100
AcDbArc
 50
180.0000000001041
 51
269.9999999998958
  0
ARC
  5
28EB
330
70
100
AcDbEntity
  8
0
  6
Continuous
 62
     7
370
    25
100
AcDbCircle
 10
79.2732896826854
 20
351.4670411629563
 30
0.0
 40
0.5000000000006822
100
AcDbArc
 50
270.0000000001042
 51
359.9999999998958
  0
ARC
  5
28EC
330
70
100
AcDbEntity
  8
0
  6
Continuous
 62
     7
370
    25
100
AcDbCircle
 10
79.2732896826854
 20
364.4670411909565
 30
0.0
 40
0.5000000000002274
100
AcDbArc
 50
0.0
 51
90.0
  0
ARC
  5
28ED
330
70
100
AcDbEntity
  8
0
  6
Continuous
 62
     7
370
    25
100
AcDbCircle
 10
85.32328965468567
 20
364.4670411909565
 30
0.0
 40
0.5
100
AcDbArc
 50
90.0
 51
180.0
  0
ARC
  5
28EE
330
70
100
AcDbEntity
  8
0
  6
Continuous
 62
     7
370
    25
100
AcDbCircle
 10
85.32328965468567
 20
351.4670411629563
 30
0.0
 40
0.5000000000006822
100
AcDbArc
 50
180.0000000001041
 51
269.9999999998958
  0
ARC
  5
28EF
330
70
100
AcDbEntity
  8
0
  6
Continuous
 62
     7
370
    25
100
AcDbCircle
 10
98.32328968268535
 20
351.4670411629563
 30
0.0
 40
0.5
100
AcDbArc
 50
270.0
 51
0.0
  0
ARC
  5
28F0
330
70
100
AcDbEntity
  8
0
  6
Continuous
 62
     7
370
    25
100
AcDbCircle
 10
98.32328968268535
 20
364.4670411909565
 30
0.0
 40
0.4999999999997728
100
AcDbArc
 50
0.0
 51
90.0
  0
ARC
  5
28F1
330
70
100
AcDbEntity
  8
0
  6
Continuous
 62
     7
370
    25
100
AcDbCircle
 10
104.3732896546855
 20
364.4670411909565
 30
0.0
 40
0.4999999999997728
100
AcDbArc
 50
90.0
 51
180.0
  0
ARC
  5
28F2
330
70
100
AcDbEntity
  8
0
  6
Continuous
 62
     7
370
    25
100
AcDbCircle
 10
104.3732896546855
 20
351.4670411629563
 30
0.0
 40
0.5
100
AcDbArc
 50
180.0
 51
270.0
  0
ARC
  5
28F3
330
70
100
AcDbEntity
  8
0
  6
Continuous
 62
     7
370
    25
100
AcDbCircle
 10
117.3732896826855
 20
351.4670411629563
 30
0.0
 40
0.5000000000002274
100
AcDbArc
 50
270.0000000001042
 51
0.0
  0
ARC
  5
28F4
330
70
100
AcDbEntity
  8
0
  6
Continuous
 62
     7
370
    25
100
AcDbCircle
 10
117.3732896826855
 20
364.4670411909565
 30
0.0
 40
0.4999999999997728
100
AcDbArc
 50
0.0
 51
90.0
  0
ARC
  5
28F5
330
70
100
AcDbEntity
  8
0
  6
Continuous
 62
     7
370
    25
100
AcDbCircle
 10
123.4232896546855
 20
364.4670411909565
 30
0.0
 40
0.5000000000002274
100
AcDbArc
 50
90.0
 51
180.0
  0
ARC
  5
28F6
330
70
100
AcDbEntity
  8
0
  6
Continuous
 62
     7
370
    25
100
AcDbCircle
 10
123.4232896546855
 20
351.4670411629563
 30
0.0
 40
0.5000000000002274
100
AcDbArc
 50
180.0
 51
270.0
  0
ARC
  5
28F7
330
70
100
AcDbEntity
  8
0
  6
Continuous
 62
     7
370
    25
100
AcDbCircle
 10
136.4232896826854
 20
351.4670411629563
 30
0.0
 40
0.5000000000009095
100
AcDbArc
 50
270.0000000001042
 51
359.9999999998958
  0
ARC
  5
28F8
330
70
100
AcDbEntity
  8
0
  6
Continuous
 62
     7
370
    25
100
AcDbCircle
 10
136.4232896826854
 20
364.4670411909565
 30
0.0
 40
0.5000000000004548
100
AcDbArc
 50
0.0
 51
90.0
  0
ARC
  5
28F9
330
70
100
AcDbEntity
  8
0
  6
Continuous
 62
     7
370
    25
100
AcDbCircle
 10
142.4732896546854
 20
364.4670411909565
 30
0.0
 40
0.5000000000002274
100
AcDbArc
 50
90.0
 51
180.0
  0
ARC
  5
28FA
330
70
100
AcDbEntity
  8
0
  6
Continuous
 62
     7
370
    25
100
AcDbCircle
 10
142.4732896546854
 20
351.4670411629563
 30
0.0
 40
0.5000000000004548
100
AcDbArc
 50
180.0000000001041
 51
269.9999999998958
  0
ARC
  5
28FB
330
70
100
AcDbEntity
  8
0
  6
Continuous
 62
     7
370
    25
100
AcDbCircle
 10
155.4732896826854
 20
351.4670411629563
 30
0.0
 40
0.5000000000009095
100
AcDbArc
 50
270.0000000001042
 51
359.9999999998958
  0
ARC
  5
28FC
330
70
100
AcDbEntity
  8
0
  6
Continuous
 62
     7
370
    25
100
AcDbCircle
 10
155.4732896826854
 20
364.4670411909565
 30
0.0
 40
0.5000000000002274
100
AcDbArc
 50
0.0
 51
90.0
  0
ARC
  5
28FD
330
70
100
AcDbEntity
  8
0
  6
Continuous
 62
     7
370
    25
100
AcDbCircle
 10
161.5232896546856
 20
364.4670411909565
 30
0.0
 40
0.5000000000002274
100
AcDbArc
 50
90.0
 51
180.0
  0
ARC
  5
28FE
330
70
100
AcDbEntity
  8
0
  6
Continuous
 62
     7
370
    25
100
AcDbCircle
 10
161.5232896546856
 20
351.4670411629563
 30
0.0
 40
0.5000000000004548
100
AcDbArc
 50
180.0000000001041
 51
269.9999999998958
  0
ARC
  5
28FF
330
70
100
AcDbEntity
  8
0
  6
Continuous
 62
     7
370
    25
100
AcDbCircle
 10
174.5232896826853
 20
351.4670411629563
 30
0.0
 40
0.5000000000002274
100
AcDbArc
 50
270.0
 51
0.0
  0
ARC
  5
2900
330
70
100
AcDbEntity
  8
0
  6
Continuous
 62
     7
370
    25
100
AcDbCircle
 10
174.5232896826853
 20
364.4670411909565
 30
0.0
 40
0.5
100
AcDbArc
 50
0.0
 51
90.0
  0
ARC
  5
2901
330
70
100
AcDbEntity
  8
0
  6
Continuous
 62
     7
370
    25
100
AcDbCircle
 10
180.5732896546856
 20
364.4670411909565
 30
0.0
 40
0.5
100
AcDbArc
 50
90.0
 51
180.0
  0
ARC
  5
2902
330
70
100
AcDbEntity
  8
0
  6
Continuous
 62
     7
370
    25
100
AcDbCircle
 10
180.5732896546856
 20
351.4670411629563
 30
0.0
 40
0.5000000000002274
100
AcDbArc
 50
180.0
 51
270.0
  0
ARC
  5
2903
330
70
100
AcDbEntity
  8
0
  6
Continuous
 62
     7
370
    25
100
AcDbCircle
 10
193.5732896826853
 20
351.4670411629563
 30
0.0
 40
0.5000000000002274
100
AcDbArc
 50
270.0
 51
0.0
  0
ARC
  5
2904
330
70
100
AcDbEntity
  8
0
  6
Continuous
 62
     7
370
    25
100
AcDbCircle
 10
193.5732896826853
 20
364.4670411909565
 30
0.0
 40
0.4999999999997728
100
AcDbArc
 50
0.0
 51
90.0
  0
ARC
  5
2905
330
70
100
AcDbEntity
  8
0
  6
Continuous
 62
     7
370
    25
100
AcDbCircle
 10
199.6232896546855
 20
364.4670411909565
 30
0.0
 40
0.5
100
AcDbArc
 50
90.0
 51
180.0
  0
ARC
  5
2906
330
70
100
AcDbEntity
  8
0
  6
Continuous
 62
     7
370
    25
100
AcDbCircle
 10
199.6232896546855
 20
351.4670411629563
 30
0.0
 40
0.5000000000002274
100
AcDbArc
 50
180.0
 51
270.0
  0
ARC
  5
2907
330
70
100
AcDbEntity
  8
0
  6
Continuous
 62
     7
370
    25
100
AcDbCircle
 10
212.6232896826855
 20
351.4670411629563
 30
0.0
 40
0.5000000000009095
100
AcDbArc
 50
270.0000000001042
 51
359.9999999998958
  0
ARC
  5
2908
330
70
100
AcDbEntity
  8
0
  6
Continuous
 62
     7
370
    25
100
AcDbCircle
 10
212.6232896826855
 20
364.4670411909565
 30
0.0
 40
0.5000000000004548
100
AcDbArc
 50
0.0
 51
90.0
  0
ARC
  5
2909
330
70
100
AcDbEntity
  8
0
  6
Continuous
 62
     7
370
    25
100
AcDbCircle
 10
218.6732896546855
 20
364.4670411909565
 30
0.0
 40
0.5000000000009095
100
AcDbArc
 50
90.0000000001042
 51
179.9999999998957
  0
ARC
  5
290A
330
70
100
AcDbEntity
  8
0
  6
Continuous
 62
     7
370
    25
100
AcDbCircle
 10
218.6732896546855
 20
351.4670411629563
 30
0.0
 40
0.5
100
AcDbArc
 50
180.0
 51
270.0
  0
ARC
  5
290B
330
70
100
AcDbEntity
  8
0
  6
Continuous
 62
     7
370
    25
100
AcDbCircle
 10
231.6732896826855
 20
351.4670411629563
 30
0.0
 40
0.4999999999995455
100
AcDbArc
 50
270.0
 51
0.0
  0
ARC
  5
290C
330
70
100
AcDbEntity
  8
0
  6
Continuous
 62
     7
370
    25
100
AcDbCircle
 10
231.6732896826855
 20
364.4670411909565
 30
0.0
 40
0.5
100
AcDbArc
 50
0.0
 51
90.0
  0
ARC
  5
290D
330
70
100
AcDbEntity
  8
0
  6
Continuous
 62
     7
370
    25
100
AcDbCircle
 10
237.7232896546855
 20
364.4670411909565
 30
0.0
 40
0.5000000000002274
100
AcDbArc
 50
90.0
 51
180.0
  0
ARC
  5
290E
330
70
100
AcDbEntity
  8
0
  6
Continuous
 62
     7
370
    25
100
AcDbCircle
 10
237.7232896546855
 20
351.4670411629563
 30
0.0
 40
0.4999999999993179
100
AcDbArc
 50
180.0
 51
270.0000000001042
  0
ARC
  5
290F
330
70
100
AcDbEntity
  8
0
  6
Continuous
 62
     7
370
    25
100
AcDbCircle
 10
250.7232896826855
 20
351.4670411629563
 30
0.0
 40
0.4999999999993179
100
AcDbArc
 50
269.9999999998958
 51
0.0000000001042204
  0
ARC
  5
2910
330
70
100
AcDbEntity
  8
0
  6
Continuous
 62
     7
370
    25
100
AcDbCircle
 10
250.7232896826855
 20
364.4670411909565
 30
0.0
 40
0.4999999999993179
100
AcDbArc
 50
359.9999999998958
 51
90.0000000001042
  0
ARC
  5
2911
330
70
100
AcDbEntity
  8
0
  6
Continuous
 62
     7
370
    25
100
AcDbCircle
 10
256.7732896546857
 20
364.4670411909565
 30
0.0
 40
0.5000000000002274
100
AcDbArc
 50
90.0
 51
180.0
  0
ARC
  5
2912
330
70
100
AcDbEntity
  8
0
  6
Continuous
 62
     7
370
    25
100
AcDbCircle
 10
256.7732896546857
 20
351.4670411629563
 30
0.0
 40
0.4999999999997728
100
AcDbArc
 50
180.0
 51
270.0
  0
ARC
  5
2913
330
70
100
AcDbEntity
  8
0
  6
Continuous
 62
     7
370
    25
100
AcDbCircle
 10
269.7732896826855
 20
351.4670411629563
 30
0.0
 40
0.4999999999990905
100
AcDbArc
 50
270.0
 51
0.0000000001042204
  0
ARC
  5
2914
330
70
100
AcDbEntity
  8
0
  6
Continuous
 62
     7
370
    25
100
AcDbCircle
 10
269.7732896826855
 20
364.4670411909565
 30
0.0
 40
0.4999999999993179
100
AcDbArc
 50
359.9999999998958
 51
90.0
  0
ARC
  5
2915
330
70
100
AcDbEntity
  8
0
  6
Continuous
 62
     7
370
    25
100
AcDbCircle
 10
75.79828659368541
 20
345.4170533979564
 30
0.0
 40
0.5000000000004548
100
AcDbArc
 50
90.0
 51
179.9999999998957
  0
ARC
  5
2916
330
70
100
AcDbEntity
  8
0
  6
Continuous
 62
     7
370
    25
100
AcDbCircle
 10
75.79828659368541
 20
332.4170533709564
 30
0.0
 40
0.4999999999997728
100
AcDbArc
 50
180.0
 51
270.0000000001042
  0
ARC
  5
2917
330
70
100
AcDbEntity
  8
0
  6
Continuous
 62
     7
370
    25
100
AcDbCircle
 10
88.79828662068538
 20
332.4170533709564
 30
0.0
 40
0.4999999999997728
100
AcDbArc
 50
270.0
 51
0.0
  0
ARC
  5
2918
330
70
100
AcDbEntity
  8
0
  6
Continuous
 62
     7
370
    25
100
AcDbCircle
 10
88.79828662068538
 20
345.4170533979564
 30
0.0
 40
0.5000000000004548
100
AcDbArc
 50
0.0000000001042204
 51
89.99999999989578
  0
ARC
  5
2919
330
70
100
AcDbEntity
  8
0
  6
Continuous
 62
     7
370
    25
100
AcDbCircle
 10
94.84828659368556
 20
345.4170533979564
 30
0.0
 40
0.5000000000006822
100
AcDbArc
 50
90.0000000001042
 51
179.9999999998957
  0
ARC
  5
291A
330
70
100
AcDbEntity
  8
0
  6
Continuous
 62
     7
370
    25
100
AcDbCircle
 10
94.84828659368556
 20
332.4170533709564
 30
0.0
 40
0.5000000000002274
100
AcDbArc
 50
180.0000000001041
 51
270.0
  0
ARC
  5
291B
330
70
100
AcDbEntity
  8
0
  6
Continuous
 62
     7
370
    25
100
AcDbCircle
 10
107.8482866206852
 20
332.4170533709564
 30
0.0
 40
0.4999999999997728
100
AcDbArc
 50
270.0
 51
0.0
  0
ARC
  5
291C
330
70
100
AcDbEntity
  8
0
  6
Continuous
 62
     7
370
    25
100
AcDbCircle
 10
107.8482866206852
 20
345.4170533979564
 30
0.0
 40
0.5000000000002274
100
AcDbArc
 50
0.0
 51
89.99999999989578
  0
ARC
  5
291D
330
70
100
AcDbEntity
  8
0
  6
Continuous
 62
     7
370
    25
100
AcDbCircle
 10
113.8982865936855
 20
345.4170533979564
 30
0.0
 40
0.5000000000006822
100
AcDbArc
 50
90.0000000001042
 51
179.9999999998957
  0
ARC
  5
291E
330
70
100
AcDbEntity
  8
0
  6
Continuous
 62
     7
370
    25
100
AcDbCircle
 10
113.8982865936855
 20
332.4170533709564
 30
0.0
 40
0.5000000000002274
100
AcDbArc
 50
180.0000000001041
 51
270.0
  0
ARC
  5
291F
330
70
100
AcDbEntity
  8
0
  6
Continuous
 62
     7
370
    25
100
AcDbCircle
 10
126.8982866206852
 20
332.4170533709564
 30
0.0
 40
0.5000000000004548
100
AcDbArc
 50
270.0
 51
359.9999999998958
  0
ARC
  5
2920
330
70
100
AcDbEntity
  8
0
  6
Continuous
 62
     7
370
    25
100
AcDbCircle
 10
126.8982866206852
 20
345.4170533979564
 30
0.0
 40
0.5000000000011369
100
AcDbArc
 50
0.0000000001042204
 51
89.99999999989578
  0
ARC
  5
2921
330
70
100
AcDbEntity
  8
0
  6
Continuous
 62
     7
370
    25
100
AcDbCircle
 10
132.9482865936854
 20
345.4170533979564
 30
0.0
 40
0.5000000000002274
100
AcDbArc
 50
90.0
 51
180.0
  0
ARC
  5
2922
330
70
100
AcDbEntity
  8
0
  6
Continuous
 62
     7
370
    25
100
AcDbCircle
 10
132.9482865936854
 20
332.4170533709564
 30
0.0
 40
0.5
100
AcDbArc
 50
180.0
 51
270.0
  0
ARC
  5
2923
330
70
100
AcDbEntity
  8
0
  6
Continuous
 62
     7
370
    25
100
AcDbCircle
 10
145.9482866206854
 20
332.4170533709564
 30
0.0
 40
0.5000000000002274
100
AcDbArc
 50
270.0
 51
359.9999999998958
  0
ARC
  5
2924
330
70
100
AcDbEntity
  8
0
  6
Continuous
 62
     7
370
    25
100
AcDbCircle
 10
145.9482866206854
 20
345.4170533979564
 30
0.0
 40
0.5000000000006822
100
AcDbArc
 50
0.0000000001042204
 51
89.99999999989578
  0
ARC
  5
2925
330
70
100
AcDbEntity
  8
0
  6
Continuous
 62
     7
370
    25
100
AcDbCircle
 10
151.9982865936854
 20
345.4170533979564
 30
0.0
 40
0.5000000000002274
100
AcDbArc
 50
90.0
 51
180.0
  0
ARC
  5
2926
330
70
100
AcDbEntity
  8
0
  6
Continuous
 62
     7
370
    25
100
AcDbCircle
 10
151.9982865936854
 20
332.4170533709564
 30
0.0
 40
0.4999999999997728
100
AcDbArc
 50
180.0
 51
270.0
  0
ARC
  5
2927
330
70
100
AcDbEntity
  8
0
  6
Continuous
 62
     7
370
    25
100
AcDbCircle
 10
164.9982866206853
 20
332.4170533709564
 30
0.0
 40
0.4999999999997728
100
AcDbArc
 50
270.0
 51
0.0
  0
ARC
  5
2928
330
70
100
AcDbEntity
  8
0
  6
Continuous
 62
     7
370
    25
100
AcDbCircle
 10
164.9982866206853
 20
345.4170533979564
 30
0.0
 40
0.5000000000002274
100
AcDbArc
 50
0.0
 51
90.0
  0
ARC
  5
2929
330
70
100
AcDbEntity
  8
0
  6
Continuous
 62
     7
370
    25
100
AcDbCircle
 10
171.0482865936853
 20
345.4170533979564
 30
0.0
 40
0.5000000000009095
100
AcDbArc
 50
90.0000000001042
 51
179.9999999998957
  0
ARC
  5
292A
330
70
100
AcDbEntity
  8
0
  6
Continuous
 62
     7
370
    25
100
AcDbCircle
 10
171.0482865936853
 20
332.4170533709564
 30
0.0
 40
0.5000000000002274
100
AcDbArc
 50
180.0
 51
270.0
  0
ARC
  5
292B
330
70
100
AcDbEntity
  8
0
  6
Continuous
 62
     7
370
    25
100
AcDbCircle
 10
184.0482866206853
 20
332.4170533709564
 30
0.0
 40
0.5
100
AcDbArc
 50
270.0
 51
0.0
  0
ARC
  5
292C
330
70
100
AcDbEntity
  8
0
  6
Continuous
 62
     7
370
    25
100
AcDbCircle
 10
184.0482866206853
 20
345.4170533979564
 30
0.0
 40
0.5000000000002274
100
AcDbArc
 50
0.0
 51
89.99999999989578
  0
ARC
  5
292D
330
70
100
AcDbEntity
  8
0
  6
Continuous
 62
     7
370
    25
100
AcDbCircle
 10
190.0982865936856
 20
345.4170533979564
 30
0.0
 40
0.5000000000006822
100
AcDbArc
 50
90.0000000001042
 51
179.9999999998957
  0
ARC
  5
292E
330
70
100
AcDbEntity
  8
0
  6
Continuous
 62
     7
370
    25
100
AcDbCircle
 10
190.0982865936856
 20
332.4170533709564
 30
0.0
 40
0.5000000000002274
100
AcDbArc
 50
180.0
 51
270.0
  0
ARC
  5
292F
330
70
100
AcDbEntity
  8
0
  6
Continuous
 62
     7
370
    25
100
AcDbCircle
 10
203.0982866206854
 20
332.4170533709564
 30
0.0
 40
0.5000000000004548
100
AcDbArc
 50
270.0
 51
0.0
  0
ARC
  5
2930
330
70
100
AcDbEntity
  8
0
  6
Continuous
 62
     7
370
    25
100
AcDbCircle
 10
203.0982866206854
 20
345.4170533979564
 30
0.0
 40
0.5000000000009095
100
AcDbArc
 50
0.0000000001042204
 51
89.99999999989578
  0
ARC
  5
2931
330
70
100
AcDbEntity
  8
0
  6
Continuous
 62
     7
370
    25
100
AcDbCircle
 10
209.1482865936856
 20
345.4170533979564
 30
0.0
 40
0.5000000000002274
100
AcDbArc
 50
90.0000000001042
 51
180.0
  0
ARC
  5
2932
330
70
100
AcDbEntity
  8
0
  6
Continuous
 62
     7
370
    25
100
AcDbCircle
 10
209.1482865936856
 20
332.4170533709564
 30
0.0
 40
0.5
100
AcDbArc
 50
180.0
 51
270.0
  0
ARC
  5
2933
330
70
100
AcDbEntity
  8
0
  6
Continuous
 62
     7
370
    25
100
AcDbCircle
 10
222.1482866206852
 20
332.4170533709564
 30
0.0
 40
0.5000000000004548
100
AcDbArc
 50
270.0
 51
0.0
  0
ARC
  5
2934
330
70
100
AcDbEntity
  8
0
  6
Continuous
 62
     7
370
    25
100
AcDbCircle
 10
222.1482866206852
 20
345.4170533979564
 30
0.0
 40
0.5000000000009095
100
AcDbArc
 50
0.0000000001042204
 51
89.99999999989578
  0
ARC
  5
2935
330
70
100
AcDbEntity
  8
0
  6
Continuous
 62
     7
370
    25
100
AcDbCircle
 10
228.1982865936854
 20
345.4170533979564
 30
0.0
 40
0.5
100
AcDbArc
 50
90.0
 51
180.0
  0
ARC
  5
2936
330
70
100
AcDbEntity
  8
0
  6
Continuous
 62
     7
370
    25
100
AcDbCircle
 10
228.1982865936854
 20
332.4170533709564
 30
0.0
 40
0.5000000000002274
100
AcDbArc
 50
180.0
 51
270.0
  0
ARC
  5
2937
330
70
100
AcDbEntity
  8
0
  6
Continuous
 62
     7
370
    25
100
AcDbCircle
 10
241.1982866206855
 20
332.4170533709564
 30
0.0
 40
0.5000000000002274
100
AcDbArc
 50
270.0
 51
0.0
  0
ARC
  5
2938
330
70
100
AcDbEntity
  8
0
  6
Continuous
 62
     7
370
    25
100
AcDbCircle
 10
241.1982866206855
 20
345.4170533979564
 30
0.0
 40
0.5000000000002274
100
AcDbArc
 50
0.0
 51
90.0
  0
ARC
  5
2939
330
70
100
AcDbEntity
  8
0
  6
Continuous
 62
     7
370
    25
100
AcDbCircle
 10
247.2482865936854
 20
345.4170533979564
 30
0.0
 40
0.5000000000002274
100
AcDbArc
 50
90.0000000001042
 51
180.0
  0
ARC
  5
293A
330
70
100
AcDbEntity
  8
0
  6
Continuous
 62
     7
370
    25
100
AcDbCircle
 10
247.2482865936854
 20
332.4170533709564
 30
0.0
 40
0.5000000000004548
100
AcDbArc
 50
180.0
 51
269.9999999998958
  0
ARC
  5
293B
330
70
100
AcDbEntity
  8
0
  6
Continuous
 62
     7
370
    25
100
AcDbCircle
 10
260.2482866206855
 20
332.4170533709564
 30
0.0
 40
0.5000000000004548
100
AcDbArc
 50
270.0
 51
0.0
  0
ARC
  5
293C
330
70
100
AcDbEntity
  8
0
  6
Continuous
 62
     7
370
    25
100
AcDbCircle
 10
260.2482866206855
 20
345.4170533979564
 30
0.0
 40
0.5000000000006822
100
AcDbArc
 50
0.0000000001042204
 51
89.99999999989578
  0
ARC
  5
293D
330
70
100
AcDbEntity
  8
0
  6
Continuous
 62
     7
370
    25
100
AcDbCircle
 10
266.2982865936854
 20
345.4170533979564
 30
0.0
 40
0.5
100
AcDbArc
 50
90.0
 51
180.0000000001041
  0
ARC
  5
293E
330
70
100
AcDbEntity
  8
0
  6
Continuous
 62
     7
370
    25
100
AcDbCircle
 10
266.2982865936854
 20
332.4170533709564
 30
0.0
 40
0.5000000000004548
100
AcDbArc
 50
180.0
 51
269.9999999998958
  0
ARC
  5
293F
330
70
100
AcDbEntity
  8
0
  6
Continuous
 62
     7
370
    25
100
AcDbCircle
 10
279.2982866206854
 20
332.4170533709564
 30
0.0
 40
0.5000000000009095
100
AcDbArc
 50
270.0000000001042
 51
359.9999999998958
  0
ARC
  5
2940
330
70
100
AcDbEntity
  8
0
  6
Continuous
 62
     7
370
    25
100
AcDbCircle
 10
279.2982866206854
 20
345.4170533979564
 30
0.0
 40
0.5000000000011369
100
AcDbArc
 50
0.0000000001042204
 51
89.99999999989578
  0
ARC
  5
2941
330
70
100
AcDbEntity
  8
0
  6
Continuous
 62
     7
370
    25
100
AcDbCircle
 10
30.55454574268543
 20
326.3670350879563
 30
0.0
 40
0.5000000000002274
100
AcDbArc
 50
90.0
 51
180.0
  0
ARC
  5
2942
330
70
100
AcDbEntity
  8
0
  6
Continuous
 62
     7
370
    25
100
AcDbCircle
 10
30.55454574268543
 20
313.3670350879563
 30
0.0
 40
0.5
100
AcDbArc
 50
180.0
 51
270.0
  0
ARC
  5
2943
330
70
100
AcDbEntity
  8
0
  6
Continuous
 62
     7
370
    25
100
AcDbCircle
 10
48.31958962468553
 20
313.3670350879563
 30
0.0
 40
0.5
100
AcDbArc
 50
270.0
 51
0.0
  0
ARC
  5
2944
330
70
100
AcDbEntity
  8
0
  6
Continuous
 62
     7
370
    25
100
AcDbCircle
 10
48.31958962468553
 20
326.3670350879563
 30
0.0
 40
0.5
100
AcDbArc
 50
0.0
 51
90.0
  0
ARC
  5
2945
330
70
100
AcDbEntity
  8
0
  6
Continuous
 62
     7
370
    25
100
AcDbCircle
 10
61.51079886168536
 20
326.3670350879563
 30
0.0
 40
0.5000000000002274
100
AcDbArc
 50
90.0
 51
180.0
  0
ARC
  5
2946
330
70
100
AcDbEntity
  8
0
  6
Continuous
 62
     7
370
    25
100
AcDbCircle
 10
61.51079886168536
 20
313.3670351549564
 30
0.0
 40
0.5000000000004548
100
AcDbArc
 50
180.0
 51
269.9999999998958
  0
ARC
  5
2947
330
70
100
AcDbEntity
  8
0
  6
Continuous
 62
     7
370
    25
100
AcDbCircle
 10
74.51079879468562
 20
313.3670351549564
 30
0.0
 40
0.5000000000002274
100
AcDbArc
 50
270.0
 51
0.0
  0
ARC
  5
2948
330
70
100
AcDbEntity
  8
0
  6
Continuous
 62
     7
370
    25
100
AcDbCircle
 10
74.51079879468562
 20
326.3670350879563
 30
0.0
 40
0.5000000000002274
100
AcDbArc
 50
0.0
 51
90.0
  0
ARC
  5
2949
330
70
100
AcDbEntity
  8
0
  6
Continuous
 62
     7
370
    25
100
AcDbCircle
 10
80.56079886168527
 20
326.3670350879563
 30
0.0
 40
0.5000000000002274
100
AcDbArc
 50
90.0
 51
180.0
  0
ARC
  5
294A
330
70
100
AcDbEntity
  8
0
  6
Continuous
 62
     7
370
    25
100
AcDbCircle
 10
80.56079886168527
 20
313.3670351549564
 30
0.0
 40
0.5000000000004548
100
AcDbArc
 50
180.0000000001041
 51
269.9999999998958
  0
ARC
  5
294B
330
70
100
AcDbEntity
  8
0
  6
Continuous
 62
     7
370
    25
100
AcDbCircle
 10
93.5607987946855
 20
313.3670351549564
 30
0.0
 40
0.5
100
AcDbArc
 50
270.0
 51
0.0
  0
ARC
  5
294C
330
70
100
AcDbEntity
  8
0
  6
Continuous
 62
     7
370
    25
100
AcDbCircle
 10
93.5607987946855
 20
326.3670350879563
 30
0.0
 40
0.4999999999997728
100
AcDbArc
 50
0.0
 51
90.0
  0
ARC
  5
294D
330
70
100
AcDbEntity
  8
0
  6
Continuous
 62
     7
370
    25
100
AcDbCircle
 10
99.61079886168546
 20
326.3670350879563
 30
0.0
 40
0.5000000000002274
100
AcDbArc
 50
90.0
 51
180.0
  0
ARC
  5
294E
330
70
100
AcDbEntity
  8
0
  6
Continuous
 62
     7
370
    25
100
AcDbCircle
 10
99.61079886168546
 20
313.3670351549564
 30
0.0
 40
0.5000000000004548
100
AcDbArc
 50
180.0000000001041
 51
269.9999999998958
  0
ARC
  5
294F
330
70
100
AcDbEntity
  8
0
  6
Continuous
 62
     7
370
    25
100
AcDbCircle
 10
112.6107987946855
 20
313.3670351549564
 30
0.0
 40
0.5000000000002274
100
AcDbArc
 50
270.0
 51
0.0
  0
ARC
  5
2950
330
70
100
AcDbEntity
  8
0
  6
Continuous
 62
     7
370
    25
100
AcDbCircle
 10
112.6107987946855
 20
326.3670350879563
 30
0.0
 40
0.5000000000002274
100
AcDbArc
 50
0.0
 51
90.0
  0
ARC
  5
2951
330
70
100
AcDbEntity
  8
0
  6
Continuous
 62
     7
370
    25
100
AcDbCircle
 10
118.6607988616854
 20
326.3670350879563
 30
0.0
 40
0.4999999999997728
100
AcDbArc
 50
90.0
 51
180.0
  0
ARC
  5
2952
330
70
100
AcDbEntity
  8
0
  6
Continuous
 62
     7
370
    25
100
AcDbCircle
 10
118.6607988616854
 20
313.3670351549564
 30
0.0
 40
0.5
100
AcDbArc
 50
180.0
 51
270.0
  0
ARC
  5
2953
330
70
100
AcDbEntity
  8
0
  6
Continuous
 62
     7
370
    25
100
AcDbCircle
 10
131.6607987946854
 20
313.3670351549564
 30
0.0
 40
0.5000000000002274
100
AcDbArc
 50
270.0
 51
0.0
  0
ARC
  5
2954
330
70
100
AcDbEntity
  8
0
  6
Continuous
 62
     7
370
    25
100
AcDbCircle
 10
131.6607987946854
 20
326.3670350879563
 30
0.0
 40
0.5
100
AcDbArc
 50
0.0
 51
90.0
  0
ARC
  5
2955
330
70
100
AcDbEntity
  8
0
  6
Continuous
 62
     7
370
    25
100
AcDbCircle
 10
137.7107988616853
 20
326.3670350879563
 30
0.0
 40
0.5000000000002274
100
AcDbArc
 50
90.0
 51
180.0
  0
ARC
  5
2956
330
70
100
AcDbEntity
  8
0
  6
Continuous
 62
     7
370
    25
100
AcDbCircle
 10
137.7107988616853
 20
313.3670351549564
 30
0.0
 40
0.4999999999997728
100
AcDbArc
 50
180.0
 51
270.0
  0
ARC
  5
2957
330
70
100
AcDbEntity
  8
0
  6
Continuous
 62
     7
370
    25
100
AcDbCircle
 10
150.7107987946857
 20
313.3670351549564
 30
0.0
 40
0.5
100
AcDbArc
 50
270.0
 51
0.0
  0
ARC
  5
2958
330
70
100
AcDbEntity
  8
0
  6
Continuous
 62
     7
370
    25
100
AcDbCircle
 10
150.7107987946857
 20
326.3670350879563
 30
0.0
 40
0.4999999999997728
100
AcDbArc
 50
0.0
 51
90.0
  0
ARC
  5
2959
330
70
100
AcDbEntity
  8
0
  6
Continuous
 62
     7
370
    25
100
AcDbCircle
 10
156.7607988616853
 20
326.3670350879563
 30
0.0
 40
0.5000000000002274
100
AcDbArc
 50
90.0
 51
180.0
  0
ARC
  5
295A
330
70
100
AcDbEntity
  8
0
  6
Continuous
 62
     7
370
    25
100
AcDbCircle
 10
156.7607988616853
 20
313.3670351549564
 30
0.0
 40
0.5000000000002274
100
AcDbArc
 50
180.0
 51
269.9999999998958
  0
ARC
  5
295B
330
70
100
AcDbEntity
  8
0
  6
Continuous
 62
     7
370
    25
100
AcDbCircle
 10
169.7607987946856
 20
313.3670351549564
 30
0.0
 40
0.5000000000002274
100
AcDbArc
 50
270.0
 51
0.0
  0
ARC
  5
295C
330
70
100
AcDbEntity
  8
0
  6
Continuous
 62
     7
370
    25
100
AcDbCircle
 10
169.7607987946856
 20
326.3670350879563
 30
0.0
 40
0.4999999999997728
100
AcDbArc
 50
0.0
 51
90.0
  0
ARC
  5
295D
330
70
100
AcDbEntity
  8
0
  6
Continuous
 62
     7
370
    25
100
AcDbCircle
 10
175.8107988616852
 20
326.3670350879563
 30
0.0
 40
0.5000000000002274
100
AcDbArc
 50
90.0
 51
180.0
  0
ARC
  5
295E
330
70
100
AcDbEntity
  8
0
  6
Continuous
 62
     7
370
    25
100
AcDbCircle
 10
175.8107988616852
 20
313.3670351549564
 30
0.0
 40
0.5000000000004548
100
AcDbArc
 50
180.0000000001041
 51
269.9999999998958
  0
ARC
  5
295F
330
70
100
AcDbEntity
  8
0
  6
Continuous
 62
     7
370
    25
100
AcDbCircle
 10
188.8107987946855
 20
313.3670351549564
 30
0.0
 40
0.5000000000004548
100
AcDbArc
 50
270.0000000001042
 51
359.9999999998958
  0
ARC
  5
2960
330
70
100
AcDbEntity
  8
0
  6
Continuous
 62
     7
370
    25
100
AcDbCircle
 10
188.8107987946855
 20
326.3670350879563
 30
0.0
 40
0.5000000000002274
100
AcDbArc
 50
0.0
 51
90.0
  0
ARC
  5
2961
330
70
100
AcDbEntity
  8
0
  6
Continuous
 62
     7
370
    25
100
AcDbCircle
 10
194.8607988616855
 20
326.3670350879563
 30
0.0
 40
0.4999999999997728
100
AcDbArc
 50
90.0
 51
180.0000000001041
  0
ARC
  5
2962
330
70
100
AcDbEntity
  8
0
  6
Continuous
 62
     7
370
    25
100
AcDbCircle
 10
194.8607988616855
 20
313.3670351549564
 30
0.0
 40
0.4999999999997728
100
AcDbArc
 50
180.0
 51
270.0
  0
ARC
  5
2963
330
70
100
AcDbEntity
  8
0
  6
Continuous
 62
     7
370
    25
100
AcDbCircle
 10
207.8607987946855
 20
313.3670351549564
 30
0.0
 40
0.5000000000004548
100
AcDbArc
 50
270.0000000001042
 51
359.9999999998958
  0
ARC
  5
2964
330
70
100
AcDbEntity
  8
0
  6
Continuous
 62
     7
370
    25
100
AcDbCircle
 10
207.8607987946855
 20
326.3670350879563
 30
0.0
 40
0.5000000000002274
100
AcDbArc
 50
0.0
 51
90.0
  0
ARC
  5
2965
330
70
100
AcDbEntity
  8
0
  6
Continuous
 62
     7
370
    25
100
AcDbCircle
 10
213.9107988616854
 20
326.3670350879563
 30
0.0
 40
0.5
100
AcDbArc
 50
89.99999999989578
 51
180.0
  0
ARC
  5
2966
330
70
100
AcDbEntity
  8
0
  6
Continuous
 62
     7
370
    25
100
AcDbCircle
 10
213.9107988616854
 20
313.3670351549564
 30
0.0
 40
0.5000000000006822
100
AcDbArc
 50
180.0000000001041
 51
269.9999999998958
  0
ARC
  5
2967
330
70
100
AcDbEntity
  8
0
  6
Continuous
 62
     7
370
    25
100
AcDbCircle
 10
226.9107987946855
 20
313.3670351549564
 30
0.0
 40
0.5000000000002274
100
AcDbArc
 50
270.0
 51
0.0
  0
ARC
  5
2968
330
70
100
AcDbEntity
  8
0
  6
Continuous
 62
     7
370
    25
100
AcDbCircle
 10
226.9107987946855
 20
326.3670350879563
 30
0.0
 40
0.5
100
AcDbArc
 50
0.0
 51
90.0
  0
ARC
  5
2969
330
70
100
AcDbEntity
  8
0
  6
Continuous
 62
     7
370
    25
100
AcDbCircle
 10
232.9607988616854
 20
326.3670350879563
 30
0.0
 40
0.5
100
AcDbArc
 50
90.0
 51
180.0
  0
ARC
  5
296A
330
70
100
AcDbEntity
  8
0
  6
Continuous
 62
     7
370
    25
100
AcDbCircle
 10
232.9607988616854
 20
313.3670351549564
 30
0.0
 40
0.5000000000006822
100
AcDbArc
 50
180.0000000001041
 51
269.9999999998958
  0
ARC
  5
296B
330
70
100
AcDbEntity
  8
0
  6
Continuous
 62
     7
370
    25
100
AcDbCircle
 10
245.9607987946857
 20
313.3670351549564
 30
0.0
 40
0.5
100
AcDbArc
 50
270.0
 51
0.0
  0
ARC
  5
296C
330
70
100
AcDbEntity
  8
0
  6
Continuous
 62
     7
370
    25
100
AcDbCircle
 10
245.9607987946857
 20
326.3670350879563
 30
0.0
 40
0.4999999999997728
100
AcDbArc
 50
0.0
 51
90.0
  0
ARC
  5
296D
330
70
100
AcDbEntity
  8
0
  6
Continuous
 62
     7
370
    25
100
AcDbCircle
 10
252.0107988616854
 20
326.3670350879563
 30
0.0
 40
0.5
100
AcDbArc
 50
90.0
 51
180.0
  0
ARC
  5
296E
330
70
100
AcDbEntity
  8
0
  6
Continuous
 62
     7
370
    25
100
AcDbCircle
 10
252.0107988616854
 20
313.3670351549564
 30
0.0
 40
0.5000000000006822
100
AcDbArc
 50
180.0000000001041
 51
269.9999999998958
  0
ARC
  5
296F
330
70
100
AcDbEntity
  8
0
  6
Continuous
 62
     7
370
    25
100
AcDbCircle
 10
265.0107987946856
 20
313.3670351549564
 30
0.0
 40
0.5000000000013644
100
AcDbArc
 50
270.0000000001042
 51
359.9999999998958
  0
ARC
  5
2970
330
70
100
AcDbEntity
  8
0
  6
Continuous
 62
     7
370
    25
100
AcDbCircle
 10
265.0107987946856
 20
326.3670350879563
 30
0.0
 40
0.5000000000006822
100
AcDbArc
 50
0.0
 51
89.99999999989578
  0
ARC
  5
2971
330
70
100
AcDbEntity
  8
0
  6
Continuous
 62
     7
370
    25
100
AcDbCircle
 10
71.03579271068525
 20
307.3170472949564
 30
0.0
 40
0.5000000000002274
100
AcDbArc
 50
90.0
 51
180.0
  0
ARC
  5
2972
330
70
100
AcDbEntity
  8
0
  6
Continuous
 62
     7
370
    25
100
AcDbCircle
 10
71.03579271068525
 20
294.3170472679562
 30
0.0
 40
0.4999999999997728
100
AcDbArc
 50
179.9999999998957
 51
270.0000000001042
  0
ARC
  5
2973
330
70
100
AcDbEntity
  8
0
  6
Continuous
 62
     7
370
    25
100
AcDbCircle
 10
84.03579273768542
 20
294.3170472679562
 30
0.0
 40
0.5000000000002274
100
AcDbArc
 50
270.0
 51
0.0
  0
ARC
  5
2974
330
70
100
AcDbEntity
  8
0
  6
Continuous
 62
     7
370
    25
100
AcDbCircle
 10
84.03579273768542
 20
307.3170472949564
 30
0.0
 40
0.5000000000006822
100
AcDbArc
 50
0.0000000001042204
 51
89.99999999989578
  0
ARC
  5
2975
330
70
100
AcDbEntity
  8
0
  6
Continuous
 62
     7
370
    25
100
AcDbCircle
 10
90.08579271068544
 20
307.3170472949564
 30
0.0
 40
0.5
100
AcDbArc
 50
90.0
 51
180.0
  0
ARC
  5
2976
330
70
100
AcDbEntity
  8
0
  6
Continuous
 62
     7
370
    25
100
AcDbCircle
 10
90.08579271068544
 20
294.3170472679562
 30
0.0
 40
0.4999999999993179
100
AcDbArc
 50
179.9999999998957
 51
270.0000000001042
  0
ARC
  5
2977
330
70
100
AcDbEntity
  8
0
  6
Continuous
 62
     7
370
    25
100
AcDbCircle
 10
103.0857927376853
 20
294.3170472679562
 30
0.0
 40
0.5
100
AcDbArc
 50
270.0
 51
0.0
  0
ARC
  5
2978
330
70
100
AcDbEntity
  8
0
  6
Continuous
 62
     7
370
    25
100
AcDbCircle
 10
103.0857927376853
 20
307.3170472949564
 30
0.0
 40
0.4999999999997728
100
AcDbArc
 50
0.0
 51
90.0
  0
ARC
  5
2979
330
70
100
AcDbEntity
  8
0
  6
Continuous
 62
     7
370
    25
100
AcDbCircle
 10
109.1357927106853
 20
307.3170472949564
 30
0.0
 40
0.5000000000002274
100
AcDbArc
 50
90.0
 51
180.0
  0
ARC
  5
297A
330
70
100
AcDbEntity
  8
0
  6
Continuous
 62
     7
370
    25
100
AcDbCircle
 10
109.1357927106853
 20
294.3170472679562
 30
0.0
 40
0.5000000000002274
100
AcDbArc
 50
180.0
 51
270.0
  0
ARC
  5
297B
330
70
100
AcDbEntity
  8
0
  6
Continuous
 62
     7
370
    25
100
AcDbCircle
 10
122.1357927376855
 20
294.3170472679562
 30
0.0
 40
0.5
100
AcDbArc
 50
270.0
 51
0.0
  0
ARC
  5
297C
330
70
100
AcDbEntity
  8
0
  6
Continuous
 62
     7
370
    25
100
AcDbCircle
 10
122.1357927376855
 20
307.3170472949564
 30
0.0
 40
0.4999999999997728
100
AcDbArc
 50
0.0
 51
90.0
  0
ARC
  5
297D
330
70
100
AcDbEntity
  8
0
  6
Continuous
 62
     7
370
    25
100
AcDbCircle
 10
128.1857927106853
 20
307.3170472949564
 30
0.0
 40
0.5000000000002274
100
AcDbArc
 50
90.0
 51
180.0
  0
ARC
  5
297E
330
70
100
AcDbEntity
  8
0
  6
Continuous
 62
     7
370
    25
100
AcDbCircle
 10
128.1857927106853
 20
294.3170472679562
 30
0.0
 40
0.5000000000002274
100
AcDbArc
 50
180.0
 51
270.0000000001042
  0
ARC
  5
297F
330
70
100
AcDbEntity
  8
0
  6
Continuous
 62
     7
370
    25
100
AcDbCircle
 10
141.1857927376854
 20
294.3170472679562
 30
0.0
 40
0.5000000000004548
100
AcDbArc
 50
270.0
 51
0.0
  0
ARC
  5
2980
330
70
100
AcDbEntity
  8
0
  6
Continuous
 62
     7
370
    25
100
AcDbCircle
 10
141.1857927376854
 20
307.3170472949564
 30
0.0
 40
0.5000000000004548
100
AcDbArc
 50
0.0
 51
90.0
  0
ARC
  5
2981
330
70
100
AcDbEntity
  8
0
  6
Continuous
 62
     7
370
    25
100
AcDbCircle
 10
147.2357927106852
 20
307.3170472949564
 30
0.0
 40
0.5
100
AcDbArc
 50
90.0
 51
180.0
  0
ARC
  5
2982
330
70
100
AcDbEntity
  8
0
  6
Continuous
 62
     7
370
    25
100
AcDbCircle
 10
147.2357927106852
 20
294.3170472679562
 30
0.0
 40
0.4999999999997728
100
AcDbArc
 50
179.9999999998957
 51
270.0
  0
ARC
  5
2983
330
70
100
AcDbEntity
  8
0
  6
Continuous
 62
     7
370
    25
100
AcDbCircle
 10
160.2357927376854
 20
294.3170472679562
 30
0.0
 40
0.5000000000004548
100
AcDbArc
 50
270.0
 51
0.0
  0
ARC
  5
2984
330
70
100
AcDbEntity
  8
0
  6
Continuous
 62
     7
370
    25
100
AcDbCircle
 10
160.2357927376854
 20
307.3170472949564
 30
0.0
 40
0.5000000000002274
100
AcDbArc
 50
0.0
 51
90.0
  0
ARC
  5
2985
330
70
100
AcDbEntity
  8
0
  6
Continuous
 62
     7
370
    25
100
AcDbCircle
 10
166.2857927106852
 20
307.3170472949564
 30
0.0
 40
0.4999999999997728
100
AcDbArc
 50
90.0
 51
180.0000000001041
  0
ARC
  5
2986
330
70
100
AcDbEntity
  8
0
  6
Continuous
 62
     7
370
    25
100
AcDbCircle
 10
166.2857927106852
 20
294.3170472679562
 30
0.0
 40
0.4999999999997728
100
AcDbArc
 50
179.9999999998957
 51
270.0000000001042
  0
ARC
  5
2987
330
70
100
AcDbEntity
  8
0
  6
Continuous
 62
     7
370
    25
100
AcDbCircle
 10
179.2857927376853
 20
294.3170472679562
 30
0.0
 40
0.4999999999997728
100
AcDbArc
 50
270.0
 51
0.0
  0
ARC
  5
2988
330
70
100
AcDbEntity
  8
0
  6
Continuous
 62
     7
370
    25
100
AcDbCircle
 10
179.2857927376853
 20
307.3170472949564
 30
0.0
 40
0.5
100
AcDbArc
 50
359.9999999998958
 51
90.0
  0
ARC
  5
2989
330
70
100
AcDbEntity
  8
0
  6
Continuous
 62
     7
370
    25
100
AcDbCircle
 10
185.3357927106854
 20
307.3170472949564
 30
0.0
 40
0.5000000000002274
100
AcDbArc
 50
90.0
 51
180.0
  0
ARC
  5
298A
330
70
100
AcDbEntity
  8
0
  6
Continuous
 62
     7
370
    25
100
AcDbCircle
 10
185.3357927106854
 20
294.3170472679562
 30
0.0
 40
0.5
100
AcDbArc
 50
180.0
 51
270.0
  0
ARC
  5
298B
330
70
100
AcDbEntity
  8
0
  6
Continuous
 62
     7
370
    25
100
AcDbCircle
 10
198.3357927376853
 20
294.3170472679562
 30
0.0
 40
0.4999999999997728
100
AcDbArc
 50
270.0
 51
0.0
  0
ARC
  5
298C
330
70
100
AcDbEntity
  8
0
  6
Continuous
 62
     7
370
    25
100
AcDbCircle
 10
198.3357927376853
 20
307.3170472949564
 30
0.0
 40
0.5
100
AcDbArc
 50
0.0
 51
90.0
  0
ARC
  5
298D
330
70
100
AcDbEntity
  8
0
  6
Continuous
 62
     7
370
    25
100
AcDbCircle
 10
204.3857927106854
 20
307.3170472949564
 30
0.0
 40
0.5000000000002274
100
AcDbArc
 50
90.0
 51
180.0
  0
ARC
  5
298E
330
70
100
AcDbEntity
  8
0
  6
Continuous
 62
     7
370
    25
100
AcDbCircle
 10
204.3857927106854
 20
294.3170472679562
 30
0.0
 40
0.5
100
AcDbArc
 50
180.0
 51
270.0
  0
ARC
  5
298F
330
70
100
AcDbEntity
  8
0
  6
Continuous
 62
     7
370
    25
100
AcDbCircle
 10
217.3857927376855
 20
294.3170472679562
 30
0.0
 40
0.5000000000006822
100
AcDbArc
 50
270.0000000001042
 51
0.0
  0
ARC
  5
2990
330
70
100
AcDbEntity
  8
0
  6
Continuous
 62
     7
370
    25
100
AcDbCircle
 10
217.3857927376855
 20
307.3170472949564
 30
0.0
 40
0.5000000000006822
100
AcDbArc
 50
0.0
 51
89.99999999989578
  0
ARC
  5
2991
330
70
100
AcDbEntity
  8
0
  6
Continuous
 62
     7
370
    25
100
AcDbCircle
 10
223.4357927106854
 20
307.3170472949564
 30
0.0
 40
0.5
100
AcDbArc
 50
90.0
 51
180.0
  0
ARC
  5
2992
330
70
100
AcDbEntity
  8
0
  6
Continuous
 62
     7
370
    25
100
AcDbCircle
 10
223.4357927106854
 20
294.3170472679562
 30
0.0
 40
0.5
100
AcDbArc
 50
180.0
 51
270.0000000001042
  0
ARC
  5
2993
330
70
100
AcDbEntity
  8
0
  6
Continuous
 62
     7
370
    25
100
AcDbCircle
 10
236.4357927376854
 20
294.3170472679562
 30
0.0
 40
0.5000000000002274
100
AcDbArc
 50
270.0
 51
0.0
  0
ARC
  5
2994
330
70
100
AcDbEntity
  8
0
  6
Continuous
 62
     7
370
    25
100
AcDbCircle
 10
236.4357927376854
 20
307.3170472949564
 30
0.0
 40
0.5000000000002274
100
AcDbArc
 50
0.0
 51
90.0
  0
ARC
  5
2995
330
70
100
AcDbEntity
  8
0
  6
Continuous
 62
     7
370
    25
100
AcDbCircle
 10
242.4857927106852
 20
307.3170472949564
 30
0.0
 40
0.5000000000002274
100
AcDbArc
 50
90.0
 51
180.0
  0
ARC
  5
2996
330
70
100
AcDbEntity
  8
0
  6
Continuous
 62
     7
370
    25
100
AcDbCircle
 10
242.4857927106852
 20
294.3170472679562
 30
0.0
 40
0.4999999999997728
100
AcDbArc
 50
180.0
 51
270.0000000001042
  0
ARC
  5
2997
330
70
100
AcDbEntity
  8
0
  6
Continuous
 62
     7
370
    25
100
AcDbCircle
 10
255.4857927376855
 20
294.3170472679562
 30
0.0
 40
0.5
100
AcDbArc
 50
270.0
 51
0.0
  0
ARC
  5
2998
330
70
100
AcDbEntity
  8
0
  6
Continuous
 62
     7
370
    25
100
AcDbCircle
 10
255.4857927376855
 20
307.3170472949564
 30
0.0
 40
0.5
100
AcDbArc
 50
0.0
 51
90.0
  0
ARC
  5
2999
330
70
100
AcDbEntity
  8
0
  6
Continuous
 62
     7
370
    25
100
AcDbCircle
 10
54.36709150468555
 20
288.2670595019563
 30
0.0
 40
0.5000000000004548
100
AcDbArc
 50
90.0000000001042
 51
179.9999999998957
  0
ARC
  5
299A
330
70
100
AcDbEntity
  8
0
  6
Continuous
 62
     7
370
    25
100
AcDbCircle
 10
54.36709150468555
 20
275.2670472944562
 30
0.0
 40
0.5000000000006822
100
AcDbArc
 50
180.0000000001041
 51
269.9999999998958
  0
ARC
  5
299B
330
70
100
AcDbEntity
  8
0
  6
Continuous
 62
     7
370
    25
100
AcDbCircle
 10
69.74835661068533
 20
275.2670472944562
 30
0.0
 40
0.5
100
AcDbArc
 50
270.0
 51
0.0
  0
ARC
  5
299C
330
70
100
AcDbEntity
  8
0
  6
Continuous
 62
     7
370
    25
100
AcDbCircle
 10
69.74835661068533
 20
288.2670595019563
 30
0.0
 40
0.5000000000002274
100
AcDbArc
 50
0.0
 51
90.0
  0
ARC
  5
299D
330
70
100
AcDbEntity
  8
0
  6
Continuous
 62
     7
370
    25
100
AcDbCircle
 10
30.55459153868542
 20
288.2670595019563
 30
0.0
 40
0.5000000000009095
100
AcDbArc
 50
90.0000000001042
 51
179.9999999998957
  0
ARC
  5
299E
330
70
100
AcDbEntity
  8
0
  6
Continuous
 62
     7
370
    25
100
AcDbCircle
 10
30.55459153868542
 20
275.2670472944562
 30
0.0
 40
0.5000000000006822
100
AcDbArc
 50
180.0000000001041
 51
269.9999999998958
  0
ARC
  5
299F
330
70
100
AcDbEntity
  8
0
  6
Continuous
 62
     7
370
    25
100
AcDbCircle
 10
45.93585657068529
 20
275.2670472944562
 30
0.0
 40
0.5000000000002274
100
AcDbArc
 50
270.0
 51
0.0
  0
ARC
  5
29A0
330
70
100
AcDbEntity
  8
0
  6
Continuous
 62
     7
370
    25
100
AcDbCircle
 10
45.93585657068529
 20
288.2670595019563
 30
0.0
 40
0.5000000000002274
100
AcDbArc
 50
0.0
 51
90.0
  0
ARC
  5
29A1
330
70
100
AcDbEntity
  8
0
  6
Continuous
 62
     7
370
    25
100
AcDbCircle
 10
78.17709150468552
 20
288.2670595019563
 30
0.0
 40
0.4999999999997728
100
AcDbArc
 50
90.0
 51
180.0000000001041
  0
ARC
  5
29A2
330
70
100
AcDbEntity
  8
0
  6
Continuous
 62
     7
370
    25
100
AcDbCircle
 10
78.17709150468552
 20
275.2670472944562
 30
0.0
 40
0.5000000000004548
100
AcDbArc
 50
180.0
 51
270.0
  0
ARC
  5
29A3
330
70
100
AcDbEntity
  8
0
  6
Continuous
 62
     7
370
    25
100
AcDbCircle
 10
93.55835661068523
 20
275.2670472944562
 30
0.0
 40
0.5000000000002274
100
AcDbArc
 50
270.0000000001042
 51
0.0
  0
ARC
  5
29A4
330
70
100
AcDbEntity
  8
0
  6
Continuous
 62
     7
370
    25
100
AcDbCircle
 10
93.55835661068523
 20
288.2670595019563
 30
0.0
 40
0.5000000000002274
100
AcDbArc
 50
0.0
 51
89.99999999989578
  0
ARC
  5
29A5
330
70
100
AcDbEntity
  8
0
  6
Continuous
 62
     7
370
    25
100
AcDbCircle
 10
266.2983565306855
 20
288.2670472949564
 30
0.0
 40
0.5000000000006822
100
AcDbArc
 50
90.0000000001042
 51
179.9999999998957
  0
ARC
  5
29A6
330
70
100
AcDbEntity
  8
0
  6
Continuous
 62
     7
370
    25
100
AcDbCircle
 10
266.2983565306855
 20
275.2670350874564
 30
0.0
 40
0.5000000000006822
100
AcDbArc
 50
180.0000000001041
 51
269.9999999998958
  0
ARC
  5
29A7
330
70
100
AcDbEntity
  8
0
  6
Continuous
 62
     7
370
    25
100
AcDbCircle
 10
281.6796216366855
 20
275.2670350874564
 30
0.0
 40
0.5000000000002274
100
AcDbArc
 50
270.0
 51
0.0
  0
ARC
  5
29A8
330
70
100
AcDbEntity
  8
0
  6
Continuous
 62
     7
370
    25
100
AcDbCircle
 10
281.6796216366855
 20
288.2670472949564
 30
0.0
 40
0.5000000000002274
100
AcDbArc
 50
0.0
 51
90.0
  0
ARC
  5
29A9
330
70
100
AcDbEntity
  8
0
  6
Continuous
 62
     7
370
    25
100
AcDbCircle
 10
242.4858565646855
 20
288.2670472949564
 30
0.0
 40
0.5000000000006822
100
AcDbArc
 50
90.0000000001042
 51
179.9999999998957
  0
ARC
  5
29AA
330
70
100
AcDbEntity
  8
0
  6
Continuous
 62
     7
370
    25
100
AcDbCircle
 10
242.4858565646855
 20
275.2670350874564
 30
0.0
 40
0.5000000000006822
100
AcDbArc
 50
180.0000000001041
 51
269.9999999998958
  0
ARC
  5
29AB
330
70
100
AcDbEntity
  8
0
  6
Continuous
 62
     7
370
    25
100
AcDbCircle
 10
257.8671215966854
 20
275.2670350874564
 30
0.0
 40
0.5000000000002274
100
AcDbArc
 50
270.0000000001042
 51
0.0
  0
ARC
  5
29AC
330
70
100
AcDbEntity
  8
0
  6
Continuous
 62
     7
370
    25
100
AcDbCircle
 10
257.8671215966854
 20
288.2670472949564
 30
0.0
 40
0.5000000000002274
100
AcDbArc
 50
0.0
 51
89.99999999989578
  0
ARC
  5
29AD
330
70
100
AcDbEntity
  8
0
  6
Continuous
 62
     7
370
    25
100
AcDbCircle
 10
290.1083565306854
 20
288.2670472949564
 30
0.0
 40
0.5
100
AcDbArc
 50
90.0
 51
180.0
  0
ARC
  5
29AE
330
70
100
AcDbEntity
  8
0
  6
Continuous
 62
     7
370
    25
100
AcDbCircle
 10
290.1083565306854
 20
275.2670350874564
 30
0.0
 40
0.5000000000006822
100
AcDbArc
 50
180.0
 51
269.9999999998958
  0
ARC
  5
29AF
330
70
100
AcDbEntity
  8
0
  6
Continuous
 62
     7
370
    25
100
AcDbCircle
 10
305.4896216366854
 20
275.2670350874564
 30
0.0
 40
0.4999999999997728
100
AcDbArc
 50
270.0
 51
0.0
  0
ARC
  5
29B0
330
70
100
AcDbEntity
  8
0
  6
Continuous
 62
     7
370
    25
100
AcDbCircle
 10
305.4896216366854
 20
288.2670472949564
 30
0.0
 40
0.4999999999997728
100
AcDbArc
 50
0.0
 51
90.0
  0
ARC
  5
29B1
330
70
100
AcDbEntity
  8
0
  6
Continuous
 62
     7
370
    25
100
AcDbCircle
 10
291.2045396646857
 20
294.3170414548563
 30
0.0
 40
0.5000000000002274
100
AcDbArc
 50
270.0
 51
0.0
  0
ARC
  5
29B2
330
70
100
AcDbEntity
  8
0
  6
Continuous
 62
     7
370
    25
100
AcDbCircle
 10
291.2045396646857
 20
307.3170411989563
 30
0.0
 40
0.5000000000006822
100
AcDbArc
 50
0.0000000001042204
 51
89.99999999989578
  0
ARC
  5
29B3
330
70
100
AcDbEntity
  8
0
  6
Continuous
 62
     7
370
    25
100
AcDbCircle
 10
268.6795976396855
 20
307.3170656049563
 30
0.0
 40
0.5
100
AcDbArc
 50
90.0
 51
179.9999999998957
  0
ARC
  5
29B4
330
70
100
AcDbEntity
  8
0
  6
Continuous
 62
     7
370
    25
100
AcDbCircle
 10
268.6795976396855
 20
294.3170415679563
 30
0.0
 40
0.5
100
AcDbArc
 50
180.0
 51
270.0
  0
ARC
  5
29BA
330
70
100
AcDbEntity
  8
0
  6
Continuous
 62
     7
370
    25
100
AcDbCircle
 10
275.8232896546857
 20
364.4670411909565
 30
0.0
 40
0.4999999999997728
100
AcDbArc
 50
90.0
 51
180.0000000001041
  0
ARC
  5
29BB
330
70
100
AcDbEntity
  8
0
  6
Continuous
 62
     7
370
    25
100
AcDbCircle
 10
275.8232896546857
 20
351.4670411629563
 30
0.0
 40
0.5
100
AcDbArc
 50
180.0
 51
270.0
  0
ARC
  5
29BC
330
70
100
AcDbEntity
  8
0
  6
Continuous
 62
     7
370
    25
100
AcDbCircle
 10
307.8732896826855
 20
351.4670411629563
 30
0.0
 40
0.5000000000002274
100
AcDbArc
 50
270.0
 51
0.0
  0
ARC
  5
29BD
330
70
100
AcDbEntity
  8
0
  6
Continuous
 62
     7
370
    25
100
AcDbCircle
 10
307.8732896826855
 20
364.4670411909565
 30
0.0
 40
0.5000000000002274
100
AcDbArc
 50
0.0
 51
90.0
  0
ARC
  5
29BE
330
70
100
AcDbEntity
  8
0
  6
Continuous
 62
     7
370
    25
100
AcDbCircle
 10
303.1082866206853
 20
345.4170533979564
 30
0.0
 40
0.5000000000002274
100
AcDbArc
 50
0.0
 51
90.0
  0
ARC
  5
29BF
330
70
100
AcDbEntity
  8
0
  6
Continuous
 62
     7
370
    25
100
AcDbCircle
 10
290.1082865936856
 20
345.4170533979564
 30
0.0
 40
0.5
100
AcDbArc
 50
90.0
 51
180.0
  0
ARC
  5
29C0
330
70
100
AcDbEntity
  8
0
  6
Continuous
 62
     7
370
    25
100
AcDbCircle
 10
290.1082865936856
 20
332.4170533709564
 30
0.0
 40
0.5000000000004548
100
AcDbArc
 50
180.0
 51
269.9999999998958
  0
ARC
  5
29C1
330
70
100
AcDbEntity
  8
0
  6
Continuous
 62
     7
370
    25
100
AcDbCircle
 10
271.0607988616853
 20
326.3670350879563
 30
0.0
 40
0.4999999999995455
100
AcDbArc
 50
90.0
 51
180.0000000001041
  0
ARC
  5
29C2
330
70
100
AcDbEntity
  8
0
  6
Continuous
 62
     7
370
    25
100
AcDbCircle
 10
271.0607988616853
 20
313.3670351549564
 30
0.0
 40
0.5000000000002274
100
AcDbArc
 50
180.0
 51
269.9999999998958
  0
ARC
  5
29C3
330
70
100
AcDbEntity
  8
0
  6
Continuous
 62
     7
370
    25
100
AcDbCircle
 10
295.9670366296855
 20
313.3670350879563
 30
0.0
 40
0.4999999999997728
100
AcDbArc
 50
270.0
 51
0.0
  0
ARC
  5
29C4
330
70
100
AcDbEntity
  8
0
  6
Continuous
 62
     7
370
    25
100
AcDbCircle
 10
305.4607988206855
 20
322.8920442494561
 30
0.0
 40
0.5000000000006822
100
AcDbArc
 50
270.0
 51
0.0
  0
ARC
  5
29C5
330
70
100
AcDbEntity
  8
0
  6
Continuous
 62
     7
370
    25
100
AcDbCircle
 10
305.4607988206855
 20
335.8920442419562
 30
0.0
 40
0.4999999999997728
100
AcDbArc
 50
0.0
 51
90.0
  0
LINE
  5
29C6
330
70
100
AcDbEntity
  8
0
  6
Continuous
 62
     7
370
    25
100
AcDbLine
 10
65.77328965468557
 20
388.2795411909565
 30
0.0
 11
65.77328965468557
 21
375.2795411629563
 31
0.0
  0
LINE
  5
29C7
330
70
100
AcDbEntity
  8
0
  6
Continuous
 62
     7
370
    25
100
AcDbLine
 10
66.27328965468556
 20
374.7795411629563
 30
0.0
 11
79.27328968268549
 21
374.7795411629563
 31
0.0
  0
LINE
  5
29C8
330
70
100
AcDbEntity
  8
0
  6
Continuous
 62
     7
370
    25
100
AcDbLine
 10
79.77328968268548
 20
388.2795411909565
 30
0.0
 11
79.77328968268548
 21
375.2795411629563
 31
0.0
  0
LINE
  5
29C9
330
70
100
AcDbEntity
  8
0
  6
Continuous
 62
     7
370
    25
100
AcDbLine
 10
66.27328965468556
 20
388.7795411909565
 30
0.0
 11
79.27328968268549
 21
388.7795411909565
 31
0.0
  0
LINE
  5
29CA
330
70
100
AcDbEntity
  8
0
  6
Continuous
 62
     7
370
    25
100
AcDbLine
 10
84.82328965468552
 20
388.2795411909565
 30
0.0
 11
84.82328965468552
 21
375.2795411629563
 31
0.0
  0
LINE
  5
29CB
330
70
100
AcDbEntity
  8
0
  6
Continuous
 62
     7
370
    25
100
AcDbLine
 10
85.32328965468551
 20
374.7795411629563
 30
0.0
 11
98.32328968268543
 21
374.7795411629563
 31
0.0
  0
LINE
  5
29CC
330
70
100
AcDbEntity
  8
0
  6
Continuous
 62
     7
370
    25
100
AcDbLine
 10
98.82328968268543
 20
388.2795411909565
 30
0.0
 11
98.82328968268543
 21
375.2795411629563
 31
0.0
  0
LINE
  5
29CD
330
70
100
AcDbEntity
  8
0
  6
Continuous
 62
     7
370
    25
100
AcDbLine
 10
85.32328965468551
 20
388.7795411909565
 30
0.0
 11
98.32328968268543
 21
388.7795411909565
 31
0.0
  0
LINE
  5
29CE
330
70
100
AcDbEntity
  8
0
  6
Continuous
 62
     7
370
    25
100
AcDbLine
 10
103.8732896546857
 20
388.2795411909565
 30
0.0
 11
103.8732896546857
 21
375.2795411629563
 31
0.0
  0
LINE
  5
29CF
330
70
100
AcDbEntity
  8
0
  6
Continuous
 62
     7
370
    25
100
AcDbLine
 10
104.3732896546857
 20
374.7795411629563
 30
0.0
 11
117.3732896826854
 21
374.7795411629563
 31
0.0
  0
LINE
  5
29D0
330
70
100
AcDbEntity
  8
0
  6
Continuous
 62
     7
370
    25
100
AcDbLine
 10
117.8732896826854
 20
388.2795411909565
 30
0.0
 11
117.8732896826854
 21
375.2795411629563
 31
0.0
  0
LINE
  5
29D1
330
70
100
AcDbEntity
  8
0
  6
Continuous
 62
     7
370
    25
100
AcDbLine
 10
104.3732896546857
 20
388.7795411909565
 30
0.0
 11
117.3732896826854
 21
388.7795411909565
 31
0.0
  0
LINE
  5
29D2
330
70
100
AcDbEntity
  8
0
  6
Continuous
 62
     7
370
    25
100
AcDbLine
 10
122.9232896546856
 20
388.2795411909565
 30
0.0
 11
122.9232896546856
 21
375.2795411629563
 31
0.0
  0
LINE
  5
29D3
330
70
100
AcDbEntity
  8
0
  6
Continuous
 62
     7
370
    25
100
AcDbLine
 10
123.4232896546856
 20
374.7795411629563
 30
0.0
 11
136.4232896826853
 21
374.7795411629563
 31
0.0
  0
LINE
  5
29D4
330
70
100
AcDbEntity
  8
0
  6
Continuous
 62
     7
370
    25
100
AcDbLine
 10
136.9232896826853
 20
388.2795411909565
 30
0.0
 11
136.9232896826853
 21
375.2795411629563
 31
0.0
  0
LINE
  5
29D5
330
70
100
AcDbEntity
  8
0
  6
Continuous
 62
     7
370
    25
100
AcDbLine
 10
123.4232896546856
 20
388.7795411909565
 30
0.0
 11
136.4232896826853
 21
388.7795411909565
 31
0.0
  0
ARC
  5
29D6
330
70
100
AcDbEntity
  8
0
  6
Continuous
 62
     7
370
    25
100
AcDbCircle
 10
66.27328965468556
 20
388.2795411909565
 30
0.0
 40
0.5000000000002274
100
AcDbArc
 50
90.0
 51
180.0
  0
ARC
  5
29D7
330
70
100
AcDbEntity
  8
0
  6
Continuous
 62
     7
370
    25
100
AcDbCircle
 10
66.27328965468556
 20
375.2795411629563
 30
0.0
 40
0.5000000000002274
100
AcDbArc
 50
180.0
 51
270.0
  0
ARC
  5
29D8
330
70
100
AcDbEntity
  8
0
  6
Continuous
 62
     7
370
    25
100
AcDbCircle
 10
79.27328968268549
 20
375.2795411629563
 30
0.0
 40
0.5000000000002274
100
AcDbArc
 50
270.0000000001042
 51
0.0
  0
ARC
  5
29D9
330
70
100
AcDbEntity
  8
0
  6
Continuous
 62
     7
370
    25
100
AcDbCircle
 10
79.27328968268549
 20
388.2795411909565
 30
0.0
 40
0.5000000000002274
100
AcDbArc
 50
0.0
 51
89.99999999989578
  0
ARC
  5
29DA
330
70
100
AcDbEntity
  8
0
  6
Continuous
 62
     7
370
    25
100
AcDbCircle
 10
85.32328965468551
 20
388.2795411909565
 30
0.0
 40
0.5
100
AcDbArc
 50
89.99999999989578
 51
180.0
  0
ARC
  5
29DB
330
70
100
AcDbEntity
  8
0
  6
Continuous
 62
     7
370
    25
100
AcDbCircle
 10
85.32328965468551
 20
375.2795411629563
 30
0.0
 40
0.5000000000002274
100
AcDbArc
 50
180.0
 51
270.0
  0
ARC
  5
29DC
330
70
100
AcDbEntity
  8
0
  6
Continuous
 62
     7
370
    25
100
AcDbCircle
 10
98.32328968268543
 20
375.2795411629563
 30
0.0
 40
0.5000000000011369
100
AcDbArc
 50
270.0000000001042
 51
359.9999999998958
  0
ARC
  5
29DD
330
70
100
AcDbEntity
  8
0
  6
Continuous
 62
     7
370
    25
100
AcDbCircle
 10
98.32328968268543
 20
388.2795411909565
 30
0.0
 40
0.5000000000004548
100
AcDbArc
 50
0.0
 51
90.0
  0
ARC
  5
29DE
330
70
100
AcDbEntity
  8
0
  6
Continuous
 62
     7
370
    25
100
AcDbCircle
 10
104.3732896546857
 20
388.2795411909565
 30
0.0
 40
0.5000000000002274
100
AcDbArc
 50
90.0
 51
180.0
  0
ARC
  5
29DF
330
70
100
AcDbEntity
  8
0
  6
Continuous
 62
     7
370
    25
100
AcDbCircle
 10
104.3732896546857
 20
375.2795411629563
 30
0.0
 40
0.5000000000004548
100
AcDbArc
 50
180.0000000001041
 51
269.9999999998958
  0
ARC
  5
29E0
330
70
100
AcDbEntity
  8
0
  6
Continuous
 62
     7
370
    25
100
AcDbCircle
 10
117.3732896826854
 20
375.2795411629563
 30
0.0
 40
0.5000000000006822
100
AcDbArc
 50
270.0000000001042
 51
359.9999999998958
  0
ARC
  5
29E1
330
70
100
AcDbEntity
  8
0
  6
Continuous
 62
     7
370
    25
100
AcDbCircle
 10
117.3732896826854
 20
388.2795411909565
 30
0.0
 40
0.5000000000002274
100
AcDbArc
 50
0.0
 51
90.0
  0
ARC
  5
29E2
330
70
100
AcDbEntity
  8
0
  6
Continuous
 62
     7
370
    25
100
AcDbCircle
 10
123.4232896546856
 20
388.2795411909565
 30
0.0
 40
0.5
100
AcDbArc
 50
90.0
 51
180.0
  0
ARC
  5
29E3
330
70
100
AcDbEntity
  8
0
  6
Continuous
 62
     7
370
    25
100
AcDbCircle
 10
123.4232896546856
 20
375.2795411629563
 30
0.0
 40
0.5000000000006822
100
AcDbArc
 50
180.0000000001041
 51
269.9999999998958
  0
ARC
  5
29E4
330
70
100
AcDbEntity
  8
0
  6
Continuous
 62
     7
370
    25
100
AcDbCircle
 10
136.4232896826853
 20
375.2795411629563
 30
0.0
 40
0.5
100
AcDbArc
 50
270.0
 51
0.0
  0
ARC
  5
29E5
330
70
100
AcDbEntity
  8
0
  6
Continuous
 62
     7
370
    25
100
AcDbCircle
 10
136.4232896826853
 20
388.2795411909565
 30
0.0
 40
0.4999999999997728
100
AcDbArc
 50
0.0
 51
90.0
  0
LINE
  5
29E6
330
70
100
AcDbEntity
  8
0
  6
Continuous
 62
     7
370
    25
100
AcDbLine
 10
151.4982896546855
 20
388.2795411909565
 30
0.0
 11
151.4982896546855
 21
375.2795411629563
 31
0.0
  0
LINE
  5
29E7
330
70
100
AcDbEntity
  8
0
  6
Continuous
 62
     7
370
    25
100
AcDbLine
 10
151.9982896546855
 20
374.7795411629563
 30
0.0
 11
164.9982896826855
 21
374.7795411629563
 31
0.0
  0
LINE
  5
29E8
330
70
100
AcDbEntity
  8
0
  6
Continuous
 62
     7
370
    25
100
AcDbLine
 10
165.4982896826855
 20
388.2795411909565
 30
0.0
 11
165.4982896826855
 21
375.2795411629563
 31
0.0
  0
LINE
  5
29E9
330
70
100
AcDbEntity
  8
0
  6
Continuous
 62
     7
370
    25
100
AcDbLine
 10
151.9982896546855
 20
388.7795411909565
 30
0.0
 11
164.9982896826855
 21
388.7795411909565
 31
0.0
  0
LINE
  5
29EA
330
70
100
AcDbEntity
  8
0
  6
Continuous
 62
     7
370
    25
100
AcDbLine
 10
170.5482896546855
 20
388.2795411909565
 30
0.0
 11
170.5482896546855
 21
375.2795411629563
 31
0.0
  0
LINE
  5
29EB
330
70
100
AcDbEntity
  8
0
  6
Continuous
 62
     7
370
    25
100
AcDbLine
 10
171.0482896546855
 20
374.7795411629563
 30
0.0
 11
184.0482896826854
 21
374.7795411629563
 31
0.0
  0
LINE
  5
29EC
330
70
100
AcDbEntity
  8
0
  6
Continuous
 62
     7
370
    25
100
AcDbLine
 10
184.5482896826854
 20
388.2795411909565
 30
0.0
 11
184.5482896826854
 21
375.2795411629563
 31
0.0
  0
LINE
  5
29ED
330
70
100
AcDbEntity
  8
0
  6
Continuous
 62
     7
370
    25
100
AcDbLine
 10
171.0482896546855
 20
388.7795411909565
 30
0.0
 11
184.0482896826854
 21
388.7795411909565
 31
0.0
  0
LINE
  5
29EE
330
70
100
AcDbEntity
  8
0
  6
Continuous
 62
     7
370
    25
100
AcDbLine
 10
189.5982896546856
 20
388.2795411909565
 30
0.0
 11
189.5982896546856
 21
375.2795411629563
 31
0.0
  0
LINE
  5
29EF
330
70
100
AcDbEntity
  8
0
  6
Continuous
 62
     7
370
    25
100
AcDbLine
 10
190.0982896546856
 20
374.7795411629563
 30
0.0
 11
203.0982896826854
 21
374.7795411629563
 31
0.0
  0
LINE
  5
29F0
330
70
100
AcDbEntity
  8
0
  6
Continuous
 62
     7
370
    25
100
AcDbLine
 10
203.5982896826854
 20
388.2795411909565
 30
0.0
 11
203.5982896826854
 21
375.2795411629563
 31
0.0
  0
LINE
  5
29F1
330
70
100
AcDbEntity
  8
0
  6
Continuous
 62
     7
370
    25
100
AcDbLine
 10
190.0982896546856
 20
388.7795411909565
 30
0.0
 11
203.0982896826854
 21
388.7795411909565
 31
0.0
  0
LINE
  5
29F2
330
70
100
AcDbEntity
  8
0
  6
Continuous
 62
     7
370
    25
100
AcDbLine
 10
208.6482896546856
 20
388.2795411909565
 30
0.0
 11
208.6482896546856
 21
375.2795411629563
 31
0.0
  0
LINE
  5
29F3
330
70
100
AcDbEntity
  8
0
  6
Continuous
 62
     7
370
    25
100
AcDbLine
 10
209.1482896546856
 20
374.7795411629563
 30
0.0
 11
222.1482896826854
 21
374.7795411629563
 31
0.0
  0
LINE
  5
29F4
330
70
100
AcDbEntity
  8
0
  6
Continuous
 62
     7
370
    25
100
AcDbLine
 10
222.6482896826853
 20
388.2795411909565
 30
0.0
 11
222.6482896826853
 21
375.2795411629563
 31
0.0
  0
LINE
  5
29F5
330
70
100
AcDbEntity
  8
0
  6
Continuous
 62
     7
370
    25
100
AcDbLine
 10
209.1482896546856
 20
388.7795411909565
 30
0.0
 11
222.1482896826854
 21
388.7795411909565
 31
0.0
  0
ARC
  5
29F6
330
70
100
AcDbEntity
  8
0
  6
Continuous
 62
     7
370
    25
100
AcDbCircle
 10
151.9982896546855
 20
388.2795411909565
 30
0.0
 40
0.5000000000002274
100
AcDbArc
 50
90.0
 51
180.0
  0
ARC
  5
29F7
330
70
100
AcDbEntity
  8
0
  6
Continuous
 62
     7
370
    25
100
AcDbCircle
 10
151.9982896546855
 20
375.2795411629563
 30
0.0
 40
0.5000000000002274
100
AcDbArc
 50
180.0
 51
270.0
  0
ARC
  5
29F8
330
70
100
AcDbEntity
  8
0
  6
Continuous
 62
     7
370
    25
100
AcDbCircle
 10
164.9982896826855
 20
375.2795411629563
 30
0.0
 40
0.5000000000002274
100
AcDbArc
 50
270.0000000001042
 51
0.0
  0
ARC
  5
29F9
330
70
100
AcDbEntity
  8
0
  6
Continuous
 62
     7
370
    25
100
AcDbCircle
 10
164.9982896826855
 20
388.2795411909565
 30
0.0
 40
0.5000000000002274
100
AcDbArc
 50
0.0
 51
89.99999999989578
  0
ARC
  5
29FA
330
70
100
AcDbEntity
  8
0
  6
Continuous
 62
     7
370
    25
100
AcDbCircle
 10
171.0482896546855
 20
388.2795411909565
 30
0.0
 40
0.5
100
AcDbArc
 50
89.99999999989578
 51
180.0
  0
ARC
  5
29FB
330
70
100
AcDbEntity
  8
0
  6
Continuous
 62
     7
370
    25
100
AcDbCircle
 10
171.0482896546855
 20
375.2795411629563
 30
0.0
 40
0.5000000000002274
100
AcDbArc
 50
180.0
 51
270.0
  0
ARC
  5
29FC
330
70
100
AcDbEntity
  8
0
  6
Continuous
 62
     7
370
    25
100
AcDbCircle
 10
184.0482896826854
 20
375.2795411629563
 30
0.0
 40
0.5000000000011369
100
AcDbArc
 50
270.0000000001042
 51
359.9999999998958
  0
ARC
  5
29FD
330
70
100
AcDbEntity
  8
0
  6
Continuous
 62
     7
370
    25
100
AcDbCircle
 10
184.0482896826854
 20
388.2795411909565
 30
0.0
 40
0.5000000000004548
100
AcDbArc
 50
0.0
 51
90.0
  0
ARC
  5
29FE
330
70
100
AcDbEntity
  8
0
  6
Continuous
 62
     7
370
    25
100
AcDbCircle
 10
190.0982896546856
 20
388.2795411909565
 30
0.0
 40
0.5000000000002274
100
AcDbArc
 50
90.0
 51
180.0
  0
ARC
  5
29FF
330
70
100
AcDbEntity
  8
0
  6
Continuous
 62
     7
370
    25
100
AcDbCircle
 10
190.0982896546856
 20
375.2795411629563
 30
0.0
 40
0.5000000000004548
100
AcDbArc
 50
180.0000000001041
 51
269.9999999998958
  0
ARC
  5
2A00
330
70
100
AcDbEntity
  8
0
  6
Continuous
 62
     7
370
    25
100
AcDbCircle
 10
203.0982896826854
 20
375.2795411629563
 30
0.0
 40
0.5000000000006822
100
AcDbArc
 50
270.0000000001042
 51
359.9999999998958
  0
ARC
  5
2A01
330
70
100
AcDbEntity
  8
0
  6
Continuous
 62
     7
370
    25
100
AcDbCircle
 10
203.0982896826854
 20
388.2795411909565
 30
0.0
 40
0.5000000000002274
100
AcDbArc
 50
0.0
 51
90.0
  0
ARC
  5
2A02
330
70
100
AcDbEntity
  8
0
  6
Continuous
 62
     7
370
    25
100
AcDbCircle
 10
209.1482896546856
 20
388.2795411909565
 30
0.0
 40
0.5
100
AcDbArc
 50
90.0
 51
180.0
  0
ARC
  5
2A03
330
70
100
AcDbEntity
  8
0
  6
Continuous
 62
     7
370
    25
100
AcDbCircle
 10
209.1482896546856
 20
375.2795411629563
 30
0.0
 40
0.5000000000006822
100
AcDbArc
 50
180.0000000001041
 51
269.9999999998958
  0
ARC
  5
2A04
330
70
100
AcDbEntity
  8
0
  6
Continuous
 62
     7
370
    25
100
AcDbCircle
 10
222.1482896826854
 20
375.2795411629563
 30
0.0
 40
0.5
100
AcDbArc
 50
270.0
 51
0.0
  0
ARC
  5
2A05
330
70
100
AcDbEntity
  8
0
  6
Continuous
 62
     7
370
    25
100
AcDbCircle
 10
222.1482896826854
 20
388.2795411909565
 30
0.0
 40
0.4999999999997728
100
AcDbArc
 50
0.0
 51
90.0
  0
LINE
  5
2A06
330
70
100
AcDbEntity
  8
0
  6
Continuous
 62
     7
370
    25
100
AcDbLine
 10
237.2232896546856
 20
388.2795411909565
 30
0.0
 11
237.2232896546856
 21
375.2795411629563
 31
0.0
  0
LINE
  5
2A07
330
70
100
AcDbEntity
  8
0
  6
Continuous
 62
     7
370
    25
100
AcDbLine
 10
237.7232896546856
 20
374.7795411629563
 30
0.0
 11
250.7232896826855
 21
374.7795411629563
 31
0.0
  0
LINE
  5
2A08
330
70
100
AcDbEntity
  8
0
  6
Continuous
 62
     7
370
    25
100
AcDbLine
 10
251.2232896826855
 20
388.2795411909565
 30
0.0
 11
251.2232896826855
 21
375.2795411629563
 31
0.0
  0
LINE
  5
2A09
330
70
100
AcDbEntity
  8
0
  6
Continuous
 62
     7
370
    25
100
AcDbLine
 10
237.7232896546856
 20
388.7795411909565
 30
0.0
 11
250.7232896826855
 21
388.7795411909565
 31
0.0
  0
LINE
  5
2A0A
330
70
100
AcDbEntity
  8
0
  6
Continuous
 62
     7
370
    25
100
AcDbLine
 10
256.2732896546855
 20
388.2795411909565
 30
0.0
 11
256.2732896546855
 21
375.2795411629563
 31
0.0
  0
LINE
  5
2A0B
330
70
100
AcDbEntity
  8
0
  6
Continuous
 62
     7
370
    25
100
AcDbLine
 10
256.7732896546855
 20
374.7795411629563
 30
0.0
 11
269.7732896826855
 21
374.7795411629563
 31
0.0
  0
LINE
  5
2A0C
330
70
100
AcDbEntity
  8
0
  6
Continuous
 62
     7
370
    25
100
AcDbLine
 10
270.2732896826855
 20
388.2795411909565
 30
0.0
 11
270.2732896826855
 21
375.2795411629563
 31
0.0
  0
LINE
  5
2A0D
330
70
100
AcDbEntity
  8
0
  6
Continuous
 62
     7
370
    25
100
AcDbLine
 10
256.7732896546855
 20
388.7795411909565
 30
0.0
 11
269.7732896826855
 21
388.7795411909565
 31
0.0
  0
LINE
  5
2A0E
330
70
100
AcDbEntity
  8
0
  6
Continuous
 62
     7
370
    25
100
AcDbLine
 10
275.3232896546856
 20
388.2795411909565
 30
0.0
 11
275.3232896546856
 21
375.2795411629563
 31
0.0
  0
LINE
  5
2A0F
330
70
100
AcDbEntity
  8
0
  6
Continuous
 62
     7
370
    25
100
AcDbLine
 10
275.8232896546857
 20
374.7795411629563
 30
0.0
 11
288.8232896826854
 21
374.7795411629563
 31
0.0
  0
LINE
  5
2A10
330
70
100
AcDbEntity
  8
0
  6
Continuous
 62
     7
370
    25
100
AcDbLine
 10
289.3232896826853
 20
388.2795411909565
 30
0.0
 11
289.3232896826853
 21
375.2795411629563
 31
0.0
  0
LINE
  5
2A11
330
70
100
AcDbEntity
  8
0
  6
Continuous
 62
     7
370
    25
100
AcDbLine
 10
275.8232896546857
 20
388.7795411909565
 30
0.0
 11
288.8232896826854
 21
388.7795411909565
 31
0.0
  0
LINE
  5
2A12
330
70
100
AcDbEntity
  8
0
  6
Continuous
 62
     7
370
    25
100
AcDbLine
 10
294.3732896546856
 20
388.2795411909565
 30
0.0
 11
294.3732896546856
 21
375.2795411629563
 31
0.0
  0
LINE
  5
2A13
330
70
100
AcDbEntity
  8
0
  6
Continuous
 62
     7
370
    25
100
AcDbLine
 10
294.8732896546857
 20
374.7795411629563
 30
0.0
 11
307.8732896826854
 21
374.7795411629563
 31
0.0
  0
LINE
  5
2A14
330
70
100
AcDbEntity
  8
0
  6
Continuous
 62
     7
370
    25
100
AcDbLine
 10
308.3732896826854
 20
388.2795411909565
 30
0.0
 11
308.3732896826854
 21
375.2795411629563
 31
0.0
  0
LINE
  5
2A15
330
70
100
AcDbEntity
  8
0
  6
Continuous
 62
     7
370
    25
100
AcDbLine
 10
294.8732896546857
 20
388.7795411909565
 30
0.0
 11
307.8732896826854
 21
388.7795411909565
 31
0.0
  0
ARC
  5
2A16
330
70
100
AcDbEntity
  8
0
  6
Continuous
 62
     7
370
    25
100
AcDbCircle
 10
237.7232896546856
 20
388.2795411909565
 30
0.0
 40
0.5000000000002274
100
AcDbArc
 50
90.0
 51
180.0
  0
ARC
  5
2A17
330
70
100
AcDbEntity
  8
0
  6
Continuous
 62
     7
370
    25
100
AcDbCircle
 10
237.7232896546856
 20
375.2795411629563
 30
0.0
 40
0.5000000000002274
100
AcDbArc
 50
180.0
 51
270.0
  0
ARC
  5
2A18
330
70
100
AcDbEntity
  8
0
  6
Continuous
 62
     7
370
    25
100
AcDbCircle
 10
250.7232896826855
 20
375.2795411629563
 30
0.0
 40
0.5000000000002274
100
AcDbArc
 50
270.0000000001042
 51
0.0
  0
ARC
  5
2A19
330
70
100
AcDbEntity
  8
0
  6
Continuous
 62
     7
370
    25
100
AcDbCircle
 10
250.7232896826855
 20
388.2795411909565
 30
0.0
 40
0.5000000000002274
100
AcDbArc
 50
0.0
 51
89.99999999989578
  0
ARC
  5
2A1A
330
70
100
AcDbEntity
  8
0
  6
Continuous
 62
     7
370
    25
100
AcDbCircle
 10
256.7732896546855
 20
388.2795411909565
 30
0.0
 40
0.5
100
AcDbArc
 50
89.99999999989578
 51
180.0
  0
ARC
  5
2A1B
330
70
100
AcDbEntity
  8
0
  6
Continuous
 62
     7
370
    25
100
AcDbCircle
 10
256.7732896546855
 20
375.2795411629563
 30
0.0
 40
0.5000000000002274
100
AcDbArc
 50
180.0
 51
270.0
  0
ARC
  5
2A1C
330
70
100
AcDbEntity
  8
0
  6
Continuous
 62
     7
370
    25
100
AcDbCircle
 10
269.7732896826855
 20
375.2795411629563
 30
0.0
 40
0.5000000000011369
100
AcDbArc
 50
270.0000000001042
 51
359.9999999998958
  0
ARC
  5
2A1D
330
70
100
AcDbEntity
  8
0
  6
Continuous
 62
     7
370
    25
100
AcDbCircle
 10
269.7732896826855
 20
388.2795411909565
 30
0.0
 40
0.5000000000004548
100
AcDbArc
 50
0.0
 51
90.0
  0
ARC
  5
2A1E
330
70
100
AcDbEntity
  8
0
  6
Continuous
 62
     7
370
    25
100
AcDbCircle
 10
275.8232896546857
 20
388.2795411909565
 30
0.0
 40
0.5000000000002274
100
AcDbArc
 50
90.0
 51
180.0
  0
ARC
  5
2A1F
330
70
100
AcDbEntity
  8
0
  6
Continuous
 62
     7
370
    25
100
AcDbCircle
 10
275.8232896546857
 20
375.2795411629563
 30
0.0
 40
0.5000000000004548
100
AcDbArc
 50
180.0000000001041
 51
269.9999999998958
  0
ARC
  5
2A20
330
70
100
AcDbEntity
  8
0
  6
Continuous
 62
     7
370
    25
100
AcDbCircle
 10
288.8232896826854
 20
375.2795411629563
 30
0.0
 40
0.5000000000006822
100
AcDbArc
 50
270.0000000001042
 51
359.9999999998958
  0
ARC
  5
2A21
330
70
100
AcDbEntity
  8
0
  6
Continuous
 62
     7
370
    25
100
AcDbCircle
 10
288.8232896826854
 20
388.2795411909565
 30
0.0
 40
0.5000000000002274
100
AcDbArc
 50
0.0
 51
90.0
  0
ARC
  5
2A22
330
70
100
AcDbEntity
  8
0
  6
Continuous
 62
     7
370
    25
100
AcDbCircle
 10
294.8732896546857
 20
388.2795411909565
 30
0.0
 40
0.5
100
AcDbArc
 50
90.0
 51
180.0
  0
ARC
  5
2A23
330
70
100
AcDbEntity
  8
0
  6
Continuous
 62
     7
370
    25
100
AcDbCircle
 10
294.8732896546857
 20
375.2795411629563
 30
0.0
 40
0.5000000000006822
100
AcDbArc
 50
180.0000000001041
 51
269.9999999998958
  0
ARC
  5
2A24
330
70
100
AcDbEntity
  8
0
  6
Continuous
 62
     7
370
    25
100
AcDbCircle
 10
307.8732896826854
 20
375.2795411629563
 30
0.0
 40
0.5
100
AcDbArc
 50
270.0
 51
0.0
  0
ARC
  5
2A25
330
70
100
AcDbEntity
  8
0
  6
Continuous
 62
     7
370
    25
100
AcDbCircle
 10
307.8732896826854
 20
388.2795411909565
 30
0.0
 40
0.4999999999997728
100
AcDbArc
 50
0.0
 51
90.0
  0
LINE
  5
2A26
330
70
100
AcDbEntity
  8
0
  6
Continuous
 62
     7
370
    25
100
AcDbLine
 10
318.1857896546855
 20
388.2795411909565
 30
0.0
 11
318.1857896546855
 21
375.2795411629563
 31
0.0
  0
LINE
  5
2A27
330
70
100
AcDbEntity
  8
0
  6
Continuous
 62
     7
370
    25
100
AcDbLine
 10
318.6857896546856
 20
374.7795411629563
 30
0.0
 11
331.6857896826855
 21
374.7795411629563
 31
0.0
  0
LINE
  5
2A28
330
70
100
AcDbEntity
  8
0
  6
Continuous
 62
     7
370
    25
100
AcDbLine
 10
332.1857896826855
 20
388.2795411909565
 30
0.0
 11
332.1857896826855
 21
375.2795411629563
 31
0.0
  0
LINE
  5
2A29
330
70
100
AcDbEntity
  8
0
  6
Continuous
 62
     7
370
    25
100
AcDbLine
 10
318.6857896546856
 20
388.7795411909565
 30
0.0
 11
331.6857896826855
 21
388.7795411909565
 31
0.0
  0
LINE
  5
2A2A
330
70
100
AcDbEntity
  8
0
  6
Continuous
 62
     7
370
    25
100
AcDbLine
 10
337.2357896546855
 20
388.2795411909565
 30
0.0
 11
337.2357896546855
 21
375.2795411629563
 31
0.0
  0
LINE
  5
2A2B
330
70
100
AcDbEntity
  8
0
  6
Continuous
 62
     7
370
    25
100
AcDbLine
 10
337.7357896546855
 20
374.7795411629563
 30
0.0
 11
350.7357896826854
 21
374.7795411629563
 31
0.0
  0
LINE
  5
2A2C
330
70
100
AcDbEntity
  8
0
  6
Continuous
 62
     7
370
    25
100
AcDbLine
 10
351.2357896826854
 20
388.2795411909565
 30
0.0
 11
351.2357896826854
 21
375.2795411629563
 31
0.0
  0
LINE
  5
2A2D
330
70
100
AcDbEntity
  8
0
  6
Continuous
 62
     7
370
    25
100
AcDbLine
 10
337.7357896546855
 20
388.7795411909565
 30
0.0
 11
350.7357896826854
 21
388.7795411909565
 31
0.0
  0
LINE
  5
2A2E
330
70
100
AcDbEntity
  8
0
  6
Continuous
 62
     7
370
    25
100
AcDbLine
 10
356.2857896546857
 20
388.2795411909565
 30
0.0
 11
356.2857896546857
 21
375.2795411629563
 31
0.0
  0
LINE
  5
2A2F
330
70
100
AcDbEntity
  8
0
  6
Continuous
 62
     7
370
    25
100
AcDbLine
 10
356.7857896546857
 20
374.7795411629563
 30
0.0
 11
369.7857896826854
 21
374.7795411629563
 31
0.0
  0
LINE
  5
2A30
330
70
100
AcDbEntity
  8
0
  6
Continuous
 62
     7
370
    25
100
AcDbLine
 10
370.2857896826854
 20
388.2795411909565
 30
0.0
 11
370.2857896826854
 21
375.2795411629563
 31
0.0
  0
LINE
  5
2A31
330
70
100
AcDbEntity
  8
0
  6
Continuous
 62
     7
370
    25
100
AcDbLine
 10
356.7857896546857
 20
388.7795411909565
 30
0.0
 11
369.7857896826854
 21
388.7795411909565
 31
0.0
  0
ARC
  5
2A32
330
70
100
AcDbEntity
  8
0
  6
Continuous
 62
     7
370
    25
100
AcDbCircle
 10
318.6857896546856
 20
388.2795411909565
 30
0.0
 40
0.5000000000002274
100
AcDbArc
 50
90.0
 51
180.0
  0
ARC
  5
2A33
330
70
100
AcDbEntity
  8
0
  6
Continuous
 62
     7
370
    25
100
AcDbCircle
 10
318.6857896546856
 20
375.2795411629563
 30
0.0
 40
0.5000000000002274
100
AcDbArc
 50
180.0
 51
270.0
  0
ARC
  5
2A34
330
70
100
AcDbEntity
  8
0
  6
Continuous
 62
     7
370
    25
100
AcDbCircle
 10
331.6857896826855
 20
375.2795411629563
 30
0.0
 40
0.5000000000002274
100
AcDbArc
 50
270.0000000001042
 51
0.0
  0
ARC
  5
2A35
330
70
100
AcDbEntity
  8
0
  6
Continuous
 62
     7
370
    25
100
AcDbCircle
 10
331.6857896826855
 20
388.2795411909565
 30
0.0
 40
0.5000000000002274
100
AcDbArc
 50
0.0
 51
89.99999999989578
  0
ARC
  5
2A36
330
70
100
AcDbEntity
  8
0
  6
Continuous
 62
     7
370
    25
100
AcDbCircle
 10
337.7357896546855
 20
388.2795411909565
 30
0.0
 40
0.5
100
AcDbArc
 50
89.99999999989578
 51
180.0
  0
ARC
  5
2A37
330
70
100
AcDbEntity
  8
0
  6
Continuous
 62
     7
370
    25
100
AcDbCircle
 10
337.7357896546855
 20
375.2795411629563
 30
0.0
 40
0.5000000000002274
100
AcDbArc
 50
180.0
 51
270.0
  0
ARC
  5
2A38
330
70
100
AcDbEntity
  8
0
  6
Continuous
 62
     7
370
    25
100
AcDbCircle
 10
350.7357896826854
 20
375.2795411629563
 30
0.0
 40
0.5000000000011369
100
AcDbArc
 50
270.0000000001042
 51
359.9999999998958
  0
ARC
  5
2A39
330
70
100
AcDbEntity
  8
0
  6
Continuous
 62
     7
370
    25
100
AcDbCircle
 10
350.7357896826854
 20
388.2795411909565
 30
0.0
 40
0.5000000000004548
100
AcDbArc
 50
0.0
 51
90.0
  0
ARC
  5
2A3A
330
70
100
AcDbEntity
  8
0
  6
Continuous
 62
     7
370
    25
100
AcDbCircle
 10
356.7857896546857
 20
388.2795411909565
 30
0.0
 40
0.5000000000002274
100
AcDbArc
 50
90.0
 51
180.0
  0
ARC
  5
2A3B
330
70
100
AcDbEntity
  8
0
  6
Continuous
 62
     7
370
    25
100
AcDbCircle
 10
356.7857896546857
 20
375.2795411629563
 30
0.0
 40
0.5000000000004548
100
AcDbArc
 50
180.0000000001041
 51
269.9999999998958
  0
ARC
  5
2A3C
330
70
100
AcDbEntity
  8
0
  6
Continuous
 62
     7
370
    25
100
AcDbCircle
 10
369.7857896826854
 20
375.2795411629563
 30
0.0
 40
0.5000000000006822
100
AcDbArc
 50
270.0000000001042
 51
359.9999999998958
  0
ARC
  5
2A3D
330
70
100
AcDbEntity
  8
0
  6
Continuous
 62
     7
370
    25
100
AcDbCircle
 10
369.7857896826854
 20
388.2795411909565
 30
0.0
 40
0.5000000000002274
100
AcDbArc
 50
0.0
 51
90.0
  0
LINE
  5
2A3E
330
70
100
AcDbEntity
  8
0
  6
Continuous
 62
     7
370
    25
100
AcDbLine
 10
318.1857896546855
 20
364.4670411909565
 30
0.0
 11
318.1857896546855
 21
351.4670411629563
 31
0.0
  0
LINE
  5
2A3F
330
70
100
AcDbEntity
  8
0
  6
Continuous
 62
     7
370
    25
100
AcDbLine
 10
318.6857896546856
 20
350.9670411629563
 30
0.0
 11
331.6857896826855
 21
350.9670411629563
 31
0.0
  0
LINE
  5
2A40
330
70
100
AcDbEntity
  8
0
  6
Continuous
 62
     7
370
    25
100
AcDbLine
 10
332.1857896826855
 20
364.4670411909565
 30
0.0
 11
332.1857896826855
 21
351.4670411629563
 31
0.0
  0
LINE
  5
2A41
330
70
100
AcDbEntity
  8
0
  6
Continuous
 62
     7
370
    25
100
AcDbLine
 10
318.6857896546856
 20
364.9670411909565
 30
0.0
 11
331.6857896826855
 21
364.9670411909565
 31
0.0
  0
LINE
  5
2A42
330
70
100
AcDbEntity
  8
0
  6
Continuous
 62
     7
370
    25
100
AcDbLine
 10
337.2357896546855
 20
364.4670411909565
 30
0.0
 11
337.2357896546855
 21
351.4670411629563
 31
0.0
  0
LINE
  5
2A43
330
70
100
AcDbEntity
  8
0
  6
Continuous
 62
     7
370
    25
100
AcDbLine
 10
337.7357896546855
 20
350.9670411629563
 30
0.0
 11
350.7357896826854
 21
350.9670411629563
 31
0.0
  0
LINE
  5
2A44
330
70
100
AcDbEntity
  8
0
  6
Continuous
 62
     7
370
    25
100
AcDbLine
 10
351.2357896826854
 20
364.4670411909565
 30
0.0
 11
351.2357896826854
 21
351.4670411629563
 31
0.0
  0
LINE
  5
2A45
330
70
100
AcDbEntity
  8
0
  6
Continuous
 62
     7
370
    25
100
AcDbLine
 10
337.7357896546855
 20
364.9670411909565
 30
0.0
 11
350.7357896826854
 21
364.9670411909565
 31
0.0
  0
LINE
  5
2A46
330
70
100
AcDbEntity
  8
0
  6
Continuous
 62
     7
370
    25
100
AcDbLine
 10
356.2857896546857
 20
364.4670411909565
 30
0.0
 11
356.2857896546857
 21
351.4670411629563
 31
0.0
  0
LINE
  5
2A47
330
70
100
AcDbEntity
  8
0
  6
Continuous
 62
     7
370
    25
100
AcDbLine
 10
356.7857896546857
 20
350.9670411629563
 30
0.0
 11
369.7857896826854
 21
350.9670411629563
 31
0.0
  0
LINE
  5
2A48
330
70
100
AcDbEntity
  8
0
  6
Continuous
 62
     7
370
    25
100
AcDbLine
 10
370.2857896826854
 20
364.4670411909565
 30
0.0
 11
370.2857896826854
 21
351.4670411629563
 31
0.0
  0
LINE
  5
2A49
330
70
100
AcDbEntity
  8
0
  6
Continuous
 62
     7
370
    25
100
AcDbLine
 10
356.7857896546857
 20
364.9670411909565
 30
0.0
 11
369.7857896826854
 21
364.9670411909565
 31
0.0
  0
ARC
  5
2A4A
330
70
100
AcDbEntity
  8
0
  6
Continuous
 62
     7
370
    25
100
AcDbCircle
 10
318.6857896546856
 20
364.4670411909565
 30
0.0
 40
0.5000000000002274
100
AcDbArc
 50
90.0
 51
180.0
  0
ARC
  5
2A4B
330
70
100
AcDbEntity
  8
0
  6
Continuous
 62
     7
370
    25
100
AcDbCircle
 10
318.6857896546856
 20
351.4670411629563
 30
0.0
 40
0.5000000000002274
100
AcDbArc
 50
180.0
 51
270.0
  0
ARC
  5
2A4C
330
70
100
AcDbEntity
  8
0
  6
Continuous
 62
     7
370
    25
100
AcDbCircle
 10
331.6857896826855
 20
351.4670411629563
 30
0.0
 40
0.5000000000002274
100
AcDbArc
 50
270.0000000001042
 51
0.0
  0
ARC
  5
2A4D
330
70
100
AcDbEntity
  8
0
  6
Continuous
 62
     7
370
    25
100
AcDbCircle
 10
331.6857896826855
 20
364.4670411909565
 30
0.0
 40
0.5000000000002274
100
AcDbArc
 50
0.0
 51
89.99999999989578
  0
ARC
  5
2A4E
330
70
100
AcDbEntity
  8
0
  6
Continuous
 62
     7
370
    25
100
AcDbCircle
 10
337.7357896546855
 20
364.4670411909565
 30
0.0
 40
0.5
100
AcDbArc
 50
89.99999999989578
 51
180.0
  0
ARC
  5
2A4F
330
70
100
AcDbEntity
  8
0
  6
Continuous
 62
     7
370
    25
100
AcDbCircle
 10
337.7357896546855
 20
351.4670411629563
 30
0.0
 40
0.5000000000002274
100
AcDbArc
 50
180.0
 51
270.0
  0
ARC
  5
2A50
330
70
100
AcDbEntity
  8
0
  6
Continuous
 62
     7
370
    25
100
AcDbCircle
 10
350.7357896826854
 20
351.4670411629563
 30
0.0
 40
0.5000000000011369
100
AcDbArc
 50
270.0000000001042
 51
359.9999999998958
  0
ARC
  5
2A51
330
70
100
AcDbEntity
  8
0
  6
Continuous
 62
     7
370
    25
100
AcDbCircle
 10
350.7357896826854
 20
364.4670411909565
 30
0.0
 40
0.5000000000004548
100
AcDbArc
 50
0.0
 51
90.0
  0
ARC
  5
2A52
330
70
100
AcDbEntity
  8
0
  6
Continuous
 62
     7
370
    25
100
AcDbCircle
 10
356.7857896546857
 20
364.4670411909565
 30
0.0
 40
0.5000000000002274
100
AcDbArc
 50
90.0
 51
180.0
  0
ARC
  5
2A53
330
70
100
AcDbEntity
  8
0
  6
Continuous
 62
     7
370
    25
100
AcDbCircle
 10
356.7857896546857
 20
351.4670411629563
 30
0.0
 40
0.5000000000004548
100
AcDbArc
 50
180.0000000001041
 51
269.9999999998958
  0
ARC
  5
2A54
330
70
100
AcDbEntity
  8
0
  6
Continuous
 62
     7
370
    25
100
AcDbCircle
 10
369.7857896826854
 20
351.4670411629563
 30
0.0
 40
0.5000000000006822
100
AcDbArc
 50
270.0000000001042
 51
359.9999999998958
  0
ARC
  5
2A55
330
70
100
AcDbEntity
  8
0
  6
Continuous
 62
     7
370
    25
100
AcDbCircle
 10
369.7857896826854
 20
364.4670411909565
 30
0.0
 40
0.5000000000002274
100
AcDbArc
 50
0.0
 51
90.0
  0
LINE
  5
2A56
330
70
100
AcDbEntity
  8
0
  6
Continuous
 62
     7
370
    25
100
AcDbLine
 10
318.1857896546855
 20
345.4170411909565
 30
0.0
 11
318.1857896546855
 21
332.4170411629564
 31
0.0
  0
LINE
  5
2A57
330
70
100
AcDbEntity
  8
0
  6
Continuous
 62
     7
370
    25
100
AcDbLine
 10
318.6857896546856
 20
331.9170411629564
 30
0.0
 11
331.6857896826855
 21
331.9170411629564
 31
0.0
  0
LINE
  5
2A58
330
70
100
AcDbEntity
  8
0
  6
Continuous
 62
     7
370
    25
100
AcDbLine
 10
332.1857896826855
 20
345.4170411909565
 30
0.0
 11
332.1857896826855
 21
332.4170411629564
 31
0.0
  0
LINE
  5
2A59
330
70
100
AcDbEntity
  8
0
  6
Continuous
 62
     7
370
    25
100
AcDbLine
 10
318.6857896546856
 20
345.9170411909565
 30
0.0
 11
331.6857896826855
 21
345.9170411909565
 31
0.0
  0
LINE
  5
2A5A
330
70
100
AcDbEntity
  8
0
  6
Continuous
 62
     7
370
    25
100
AcDbLine
 10
337.2357896546855
 20
345.4170411909565
 30
0.0
 11
337.2357896546855
 21
332.4170411629564
 31
0.0
  0
LINE
  5
2A5B
330
70
100
AcDbEntity
  8
0
  6
Continuous
 62
     7
370
    25
100
AcDbLine
 10
337.7357896546855
 20
331.9170411629564
 30
0.0
 11
350.7357896826854
 21
331.9170411629564
 31
0.0
  0
LINE
  5
2A5C
330
70
100
AcDbEntity
  8
0
  6
Continuous
 62
     7
370
    25
100
AcDbLine
 10
351.2357896826854
 20
345.4170411909565
 30
0.0
 11
351.2357896826854
 21
332.4170411629564
 31
0.0
  0
LINE
  5
2A5D
330
70
100
AcDbEntity
  8
0
  6
Continuous
 62
     7
370
    25
100
AcDbLine
 10
337.7357896546855
 20
345.9170411909565
 30
0.0
 11
350.7357896826854
 21
345.9170411909565
 31
0.0
  0
LINE
  5
2A5E
330
70
100
AcDbEntity
  8
0
  6
Continuous
 62
     7
370
    25
100
AcDbLine
 10
356.2857896546857
 20
345.4170411909565
 30
0.0
 11
356.2857896546857
 21
332.4170411629564
 31
0.0
  0
LINE
  5
2A5F
330
70
100
AcDbEntity
  8
0
  6
Continuous
 62
     7
370
    25
100
AcDbLine
 10
356.7857896546857
 20
331.9170411629564
 30
0.0
 11
369.7857896826854
 21
331.9170411629564
 31
0.0
  0
LINE
  5
2A60
330
70
100
AcDbEntity
  8
0
  6
Continuous
 62
     7
370
    25
100
AcDbLine
 10
370.2857896826854
 20
345.4170411909565
 30
0.0
 11
370.2857896826854
 21
332.4170411629564
 31
0.0
  0
LINE
  5
2A61
330
70
100
AcDbEntity
  8
0
  6
Continuous
 62
     7
370
    25
100
AcDbLine
 10
356.7857896546857
 20
345.9170411909565
 30
0.0
 11
369.7857896826854
 21
345.9170411909565
 31
0.0
  0
ARC
  5
2A62
330
70
100
AcDbEntity
  8
0
  6
Continuous
 62
     7
370
    25
100
AcDbCircle
 10
318.6857896546856
 20
345.4170411909565
 30
0.0
 40
0.5000000000002274
100
AcDbArc
 50
90.0
 51
180.0
  0
ARC
  5
2A63
330
70
100
AcDbEntity
  8
0
  6
Continuous
 62
     7
370
    25
100
AcDbCircle
 10
318.6857896546856
 20
332.4170411629564
 30
0.0
 40
0.5000000000002274
100
AcDbArc
 50
180.0
 51
270.0
  0
ARC
  5
2A64
330
70
100
AcDbEntity
  8
0
  6
Continuous
 62
     7
370
    25
100
AcDbCircle
 10
331.6857896826855
 20
332.4170411629564
 30
0.0
 40
0.5000000000002274
100
AcDbArc
 50
270.0000000001042
 51
0.0
  0
ARC
  5
2A65
330
70
100
AcDbEntity
  8
0
  6
Continuous
 62
     7
370
    25
100
AcDbCircle
 10
331.6857896826855
 20
345.4170411909565
 30
0.0
 40
0.5000000000002274
100
AcDbArc
 50
0.0
 51
89.99999999989578
  0
ARC
  5
2A66
330
70
100
AcDbEntity
  8
0
  6
Continuous
 62
     7
370
    25
100
AcDbCircle
 10
337.7357896546855
 20
345.4170411909565
 30
0.0
 40
0.5
100
AcDbArc
 50
89.99999999989578
 51
180.0
  0
ARC
  5
2A67
330
70
100
AcDbEntity
  8
0
  6
Continuous
 62
     7
370
    25
100
AcDbCircle
 10
337.7357896546855
 20
332.4170411629564
 30
0.0
 40
0.5000000000002274
100
AcDbArc
 50
180.0
 51
270.0
  0
ARC
  5
2A68
330
70
100
AcDbEntity
  8
0
  6
Continuous
 62
     7
370
    25
100
AcDbCircle
 10
350.7357896826854
 20
332.4170411629564
 30
0.0
 40
0.5000000000011369
100
AcDbArc
 50
270.0000000001042
 51
359.9999999998958
  0
ARC
  5
2A69
330
70
100
AcDbEntity
  8
0
  6
Continuous
 62
     7
370
    25
100
AcDbCircle
 10
350.7357896826854
 20
345.4170411909565
 30
0.0
 40
0.5000000000004548
100
AcDbArc
 50
0.0
 51
90.0
  0
ARC
  5
2A6A
330
70
100
AcDbEntity
  8
0
  6
Continuous
 62
     7
370
    25
100
AcDbCircle
 10
356.7857896546857
 20
345.4170411909565
 30
0.0
 40
0.5000000000002274
100
AcDbArc
 50
90.0
 51
180.0
  0
ARC
  5
2A6B
330
70
100
AcDbEntity
  8
0
  6
Continuous
 62
     7
370
    25
100
AcDbCircle
 10
356.7857896546857
 20
332.4170411629564
 30
0.0
 40
0.5000000000004548
100
AcDbArc
 50
180.0000000001041
 51
269.9999999998958
  0
ARC
  5
2A6C
330
70
100
AcDbEntity
  8
0
  6
Continuous
 62
     7
370
    25
100
AcDbCircle
 10
369.7857896826854
 20
332.4170411629564
 30
0.0
 40
0.5000000000006822
100
AcDbArc
 50
270.0000000001042
 51
359.9999999998958
  0
ARC
  5
2A6D
330
70
100
AcDbEntity
  8
0
  6
Continuous
 62
     7
370
    25
100
AcDbCircle
 10
369.7857896826854
 20
345.4170411909565
 30
0.0
 40
0.5000000000002274
100
AcDbArc
 50
0.0
 51
90.0
  0
LINE
  5
2A6E
330
70
100
AcDbEntity
  8
0
  6
Continuous
 62
     7
370
    25
100
AcDbLine
 10
337.2357896546855
 20
307.3170411909565
 30
0.0
 11
337.2357896546855
 21
294.3170411629564
 31
0.0
  0
LINE
  5
2A6F
330
70
100
AcDbEntity
  8
0
  6
Continuous
 62
     7
370
    25
100
AcDbLine
 10
337.7357896546856
 20
293.8170411629563
 30
0.0
 11
350.7357896826855
 21
293.8170411629563
 31
0.0
  0
LINE
  5
2A70
330
70
100
AcDbEntity
  8
0
  6
Continuous
 62
     7
370
    25
100
AcDbLine
 10
351.2357896826855
 20
307.3170411909565
 30
0.0
 11
351.2357896826855
 21
294.3170411629564
 31
0.0
  0
LINE
  5
2A71
330
70
100
AcDbEntity
  8
0
  6
Continuous
 62
     7
370
    25
100
AcDbLine
 10
337.7357896546856
 20
307.8170411909565
 30
0.0
 11
350.7357896826855
 21
307.8170411909565
 31
0.0
  0
ARC
  5
2A72
330
70
100
AcDbEntity
  8
0
  6
Continuous
 62
     7
370
    25
100
AcDbCircle
 10
337.7357896546856
 20
307.3170411909565
 30
0.0
 40
0.5000000000002274
100
AcDbArc
 50
90.0
 51
180.0
  0
ARC
  5
2A73
330
70
100
AcDbEntity
  8
0
  6
Continuous
 62
     7
370
    25
100
AcDbCircle
 10
337.7357896546856
 20
294.3170411629564
 30
0.0
 40
0.5000000000002274
100
AcDbArc
 50
180.0
 51
270.0
  0
ARC
  5
2A74
330
70
100
AcDbEntity
  8
0
  6
Continuous
 62
     7
370
    25
100
AcDbCircle
 10
350.7357896826855
 20
294.3170411629564
 30
0.0
 40
0.5000000000002274
100
AcDbArc
 50
270.0000000001042
 51
0.0
  0
ARC
  5
2A75
330
70
100
AcDbEntity
  8
0
  6
Continuous
 62
     7
370
    25
100
AcDbCircle
 10
350.7357896826855
 20
307.3170411909565
 30
0.0
 40
0.5000000000002274
100
AcDbArc
 50
0.0
 51
89.99999999989578
  0
LINE
  5
2A76
330
70
100
AcDbEntity
  8
0
  6
Continuous
 62
     7
370
    25
100
AcDbLine
 10
318.1857896546855
 20
288.2670411909565
 30
0.0
 11
318.1857896546855
 21
275.2670411629563
 31
0.0
  0
LINE
  5
2A77
330
70
100
AcDbEntity
  8
0
  6
Continuous
 62
     7
370
    25
100
AcDbLine
 10
318.6857896546856
 20
274.7670411629563
 30
0.0
 11
331.6857896826855
 21
274.7670411629563
 31
0.0
  0
LINE
  5
2A78
330
70
100
AcDbEntity
  8
0
  6
Continuous
 62
     7
370
    25
100
AcDbLine
 10
332.1857896826855
 20
288.2670411909565
 30
0.0
 11
332.1857896826855
 21
275.2670411629563
 31
0.0
  0
LINE
  5
2A79
330
70
100
AcDbEntity
  8
0
  6
Continuous
 62
     7
370
    25
100
AcDbLine
 10
318.6857896546856
 20
288.7670411909565
 30
0.0
 11
331.6857896826855
 21
288.7670411909565
 31
0.0
  0
LINE
  5
2A7A
330
70
100
AcDbEntity
  8
0
  6
Continuous
 62
     7
370
    25
100
AcDbLine
 10
337.2357896546855
 20
288.2670411909565
 30
0.0
 11
337.2357896546855
 21
275.2670411629563
 31
0.0
  0
LINE
  5
2A7B
330
70
100
AcDbEntity
  8
0
  6
Continuous
 62
     7
370
    25
100
AcDbLine
 10
337.7357896546855
 20
274.7670411629563
 30
0.0
 11
350.7357896826854
 21
274.7670411629563
 31
0.0
  0
LINE
  5
2A7C
330
70
100
AcDbEntity
  8
0
  6
Continuous
 62
     7
370
    25
100
AcDbLine
 10
351.2357896826854
 20
288.2670411909565
 30
0.0
 11
351.2357896826854
 21
275.2670411629563
 31
0.0
  0
LINE
  5
2A7D
330
70
100
AcDbEntity
  8
0
  6
Continuous
 62
     7
370
    25
100
AcDbLine
 10
337.7357896546855
 20
288.7670411909565
 30
0.0
 11
350.7357896826854
 21
288.7670411909565
 31
0.0
  0
LINE
  5
2A7E
330
70
100
AcDbEntity
  8
0
  6
Continuous
 62
     7
370
    25
100
AcDbLine
 10
356.2857896546857
 20
288.2670411909565
 30
0.0
 11
356.2857896546857
 21
275.2670411629563
 31
0.0
  0
LINE
  5
2A7F
330
70
100
AcDbEntity
  8
0
  6
Continuous
 62
     7
370
    25
100
AcDbLine
 10
356.7857896546857
 20
274.7670411629563
 30
0.0
 11
369.7857896826854
 21
274.7670411629563
 31
0.0
  0
LINE
  5
2A80
330
70
100
AcDbEntity
  8
0
  6
Continuous
 62
     7
370
    25
100
AcDbLine
 10
370.2857896826854
 20
288.2670411909565
 30
0.0
 11
370.2857896826854
 21
275.2670411629563
 31
0.0
  0
LINE
  5
2A81
330
70
100
AcDbEntity
  8
0
  6
Continuous
 62
     7
370
    25
100
AcDbLine
 10
356.7857896546857
 20
288.7670411909565
 30
0.0
 11
369.7857896826854
 21
288.7670411909565
 31
0.0
  0
ARC
  5
2A82
330
70
100
AcDbEntity
  8
0
  6
Continuous
 62
     7
370
    25
100
AcDbCircle
 10
318.6857896546856
 20
288.2670411909565
 30
0.0
 40
0.5000000000002274
100
AcDbArc
 50
90.0
 51
180.0
  0
ARC
  5
2A83
330
70
100
AcDbEntity
  8
0
  6
Continuous
 62
     7
370
    25
100
AcDbCircle
 10
318.6857896546856
 20
275.2670411629563
 30
0.0
 40
0.5000000000002274
100
AcDbArc
 50
180.0
 51
270.0
  0
ARC
  5
2A84
330
70
100
AcDbEntity
  8
0
  6
Continuous
 62
     7
370
    25
100
AcDbCircle
 10
331.6857896826855
 20
275.2670411629563
 30
0.0
 40
0.5000000000002274
100
AcDbArc
 50
270.0000000001042
 51
0.0
  0
ARC
  5
2A85
330
70
100
AcDbEntity
  8
0
  6
Continuous
 62
     7
370
    25
100
AcDbCircle
 10
331.6857896826855
 20
288.2670411909565
 30
0.0
 40
0.5000000000002274
100
AcDbArc
 50
0.0
 51
89.99999999989578
  0
ARC
  5
2A86
330
70
100
AcDbEntity
  8
0
  6
Continuous
 62
     7
370
    25
100
AcDbCircle
 10
337.7357896546855
 20
288.2670411909565
 30
0.0
 40
0.5
100
AcDbArc
 50
89.99999999989578
 51
180.0
  0
ARC
  5
2A87
330
70
100
AcDbEntity
  8
0
  6
Continuous
 62
     7
370
    25
100
AcDbCircle
 10
337.7357896546855
 20
275.2670411629563
 30
0.0
 40
0.5000000000002274
100
AcDbArc
 50
180.0
 51
270.0
  0
ARC
  5
2A88
330
70
100
AcDbEntity
  8
0
  6
Continuous
 62
     7
370
    25
100
AcDbCircle
 10
350.7357896826854
 20
275.2670411629563
 30
0.0
 40
0.5000000000011369
100
AcDbArc
 50
270.0000000001042
 51
359.9999999998958
  0
ARC
  5
2A89
330
70
100
AcDbEntity
  8
0
  6
Continuous
 62
     7
370
    25
100
AcDbCircle
 10
350.7357896826854
 20
288.2670411909565
 30
0.0
 40
0.5000000000004548
100
AcDbArc
 50
0.0
 51
90.0
  0
ARC
  5
2A8A
330
70
100
AcDbEntity
  8
0
  6
Continuous
 62
     7
370
    25
100
AcDbCircle
 10
356.7857896546857
 20
288.2670411909565
 30
0.0
 40
0.5000000000002274
100
AcDbArc
 50
90.0
 51
180.0
  0
ARC
  5
2A8B
330
70
100
AcDbEntity
  8
0
  6
Continuous
 62
     7
370
    25
100
AcDbCircle
 10
356.7857896546857
 20
275.2670411629563
 30
0.0
 40
0.5000000000004548
100
AcDbArc
 50
180.0000000001041
 51
269.9999999998958
  0
ARC
  5
2A8C
330
70
100
AcDbEntity
  8
0
  6
Continuous
 62
     7
370
    25
100
AcDbCircle
 10
369.7857896826854
 20
275.2670411629563
 30
0.0
 40
0.5000000000006822
100
AcDbArc
 50
270.0000000001042
 51
359.9999999998958
  0
ARC
  5
2A8D
330
70
100
AcDbEntity
  8
0
  6
Continuous
 62
     7
370
    25
100
AcDbCircle
 10
369.7857896826854
 20
288.2670411909565
 30
0.0
 40
0.5000000000002274
100
AcDbArc
 50
0.0
 51
90.0
  0
ARC
  5
2AD6
330
70
100
AcDbEntity
  8
Visible
100
AcDbCircle
 10
-221.1073056686856
 20
288.2197841629562
 30
0.0
 40
0.5499999999999972
210
0.0
220
0.0
230
-1.0
100
AcDbArc
 50
84.27066799999916
 51
90.0
  0
LINE
  5
2AD7
330
70
100
AcDbEntity
  8
Visible
100
AcDbLine
 10
221.1073056686856
 20
288.7697841629562
 30
0.0
 11
221.6760556686856
 21
288.7697841629562
 31
0.0
  0
LINE
  5
2AD8
330
70
100
AcDbEntity
  8
Visible
100
AcDbLine
 10
221.6760556686856
 20
288.7697841629562
 30
0.0
 11
221.6760556686856
 21
290.2197841629562
 31
0.0
  0
ARC
  5
2AD9
330
70
100
AcDbEntity
  8
Visible
100
AcDbCircle
 10
-222.2260556686856
 20
290.2197841629562
 30
0.0
 40
0.549999999999962
210
0.0
220
0.0
230
-1.0
100
AcDbArc
 50
0.0
 51
90.0
  0
LINE
  5
2ADA
330
70
100
AcDbEntity
  8
Visible
100
AcDbLine
 10
222.2260556686856
 20
290.7697841629562
 30
0.0
 11
228.1260556686855
 21
290.7697841629562
 31
0.0
  0
ARC
  5
2ADB
330
70
100
AcDbEntity
  8
Visible
100
AcDbCircle
 10
-228.1260556686855
 20
290.2197841629562
 30
0.0
 40
0.549999999999962
210
0.0
220
0.0
230
-1.0
100
AcDbArc
 50
90.0
 51
180.0
  0
LINE
  5
2ADC
330
70
100
AcDbEntity
  8
Visible
100
AcDbLine
 10
228.6760556686856
 20
290.2197841629562
 30
0.0
 11
228.6760556686856
 21
288.7697841629562
 31
0.0
  0
LINE
  5
2ADD
330
70
100
AcDbEntity
  8
Visible
100
AcDbLine
 10
228.6760556686856
 20
288.7697841629562
 30
0.0
 11
236.3885556686856
 21
288.7697841629562
 31
0.0
  0
ARC
  5
2ADE
330
70
100
AcDbEntity
  8
Visible
100
AcDbCircle
 10
-236.3885556686856
 20
288.2197841629562
 30
0.0
 40
0.5499999999999971
210
0.0
220
0.0
230
-1.0
100
AcDbArc
 50
90.0
 51
180.0
  0
LINE
  5
2ADF
330
70
100
AcDbEntity
  8
Visible
100
AcDbLine
 10
236.9385556686855
 20
288.2197841629562
 30
0.0
 11
236.9385556686855
 21
275.3197841629561
 31
0.0
  0
ARC
  5
2AE0
330
70
100
AcDbEntity
  8
Visible
100
AcDbCircle
 10
-236.3885556686856
 20
275.3197841629561
 30
0.0
 40
0.5499999999999881
210
0.0
220
0.0
230
-1.0
100
AcDbArc
 50
180.0
 51
270.0
  0
LINE
  5
2AE1
330
70
100
AcDbEntity
  8
Visible
100
AcDbLine
 10
236.3885556686856
 20
274.7697841629562
 30
0.0
 11
234.1068406686855
 21
274.7697841629562
 31
0.0
  0
ARC
  5
2AE2
330
70
100
AcDbEntity
  8
Visible
100
AcDbCircle
 10
-234.0545396686855
 20
275.2670411629562
 30
0.0
 40
0.5
210
0.0
220
0.0
230
-1.0
100
AcDbArc
 50
263.9957939999989
 51
270.0
  0
LINE
  5
2AE3
330
70
100
AcDbEntity
  8
Visible
100
AcDbLine
 10
234.0545396686855
 20
274.7670411629562
 30
0.0
 11
221.0545396686856
 21
274.7670411629562
 31
0.0
  0
ARC
  5
2AE4
330
70
100
AcDbEntity
  8
Visible
100
AcDbCircle
 10
-221.0545396686856
 20
275.2670411629562
 30
0.0
 40
0.5
210
0.0
220
0.0
230
-1.0
100
AcDbArc
 50
270.0
 51
0.0
  0
LINE
  5
2AE5
330
70
100
AcDbEntity
  8
Visible
100
AcDbLine
 10
220.5545396686856
 20
275.2670411629562
 30
0.0
 11
220.5545396686856
 21
288.2670411629561
 31
0.0
  0
ARC
  5
2AE6
330
70
100
AcDbEntity
  8
Visible
100
AcDbCircle
 10
-221.0545396686856
 20
288.2670411629561
 30
0.0
 40
0.5
210
0.0
220
0.0
230
-1.0
100
AcDbArc
 50
0.0
 51
89.7546809999992
  0
ARC
  5
2AE7
330
70
100
AcDbEntity
  8
Visible
100
AcDbCircle
 10
-149.6698056686854
 20
288.2197841629562
 30
0.0
 40
0.5499999999999971
210
0.0
220
0.0
230
-1.0
100
AcDbArc
 50
84.27066799999916
 51
90.0
  0
LINE
  5
2AE8
330
70
100
AcDbEntity
  8
Visible
100
AcDbLine
 10
149.6698056686854
 20
288.7697841629562
 30
0.0
 11
174.4760556686855
 21
288.7697841629562
 31
0.0
  0
ARC
  5
2AE9
330
70
100
AcDbEntity
  8
Visible
100
AcDbCircle
 10
-174.4760556686855
 20
288.2197841629562
 30
0.0
 40
0.5499999999999971
210
0.0
220
0.0
230
-1.0
100
AcDbArc
 50
90.0
 51
180.0
  0
LINE
  5
2AEA
330
70
100
AcDbEntity
  8
Visible
100
AcDbLine
 10
175.0260556686855
 20
288.2197841629562
 30
0.0
 11
175.0260556686855
 21
275.3197841629561
 31
0.0
  0
ARC
  5
2AEB
330
70
100
AcDbEntity
  8
Visible
100
AcDbCircle
 10
-174.4760556686855
 20
275.3197841629561
 30
0.0
 40
0.5499999999999971
210
0.0
220
0.0
230
-1.0
100
AcDbArc
 50
180.0
 51
270.0
  0
LINE
  5
2AEC
330
70
100
AcDbEntity
  8
Visible
100
AcDbLine
 10
174.4760556686855
 20
274.7697841629562
 30
0.0
 11
162.6693406686856
 21
274.7697841629562
 31
0.0
  0
ARC
  5
2AED
330
70
100
AcDbEntity
  8
Visible
100
AcDbCircle
 10
-162.6170396686855
 20
275.2670411629562
 30
0.0
 40
0.5
210
0.0
220
0.0
230
-1.0
100
AcDbArc
 50
263.9957939999989
 51
270.0
  0
LINE
  5
2AEE
330
70
100
AcDbEntity
  8
Visible
100
AcDbLine
 10
162.6170396686855
 20
274.7670411629562
 30
0.0
 11
149.6170396686855
 21
274.7670411629562
 31
0.0
  0
ARC
  5
2AEF
330
70
100
AcDbEntity
  8
Visible
100
AcDbCircle
 10
-149.6170396686855
 20
275.2670411629562
 30
0.0
 40
0.5
210
0.0
220
0.0
230
-1.0
100
AcDbArc
 50
270.0
 51
0.0
  0
LINE
  5
2AF0
330
70
100
AcDbEntity
  8
Visible
100
AcDbLine
 10
149.1170396686855
 20
275.2670411629562
 30
0.0
 11
149.1170396686855
 21
288.2670411629561
 31
0.0
  0
ARC
  5
2AF1
330
70
100
AcDbEntity
  8
Visible
100
AcDbCircle
 10
-149.6170396686855
 20
288.2670411629561
 30
0.0
 40
0.5
210
0.0
220
0.0
230
-1.0
100
AcDbArc
 50
0.0
 51
89.7546809999992
  0
ARC
  5
2AF2
330
70
100
AcDbEntity
  8
Visible
100
AcDbCircle
 10
-103.1635556686855
 20
290.2197841629562
 30
0.0
 40
0.5499999999999621
210
0.0
220
0.0
230
-1.0
100
AcDbArc
 50
84.27545300000067
 51
90.0
  0
LINE
  5
2AF3
330
70
100
AcDbEntity
  8
Visible
100
AcDbLine
 10
103.1635556686855
 20
290.7697841629562
 30
0.0
 11
113.8260556686854
 21
290.7697841629562
 31
0.0
  0
ARC
  5
2AF4
330
70
100
AcDbEntity
  8
Visible
100
AcDbCircle
 10
-113.8260556686854
 20
290.2197841629562
 30
0.0
 40
0.549999999999962
210
0.0
220
0.0
230
-1.0
100
AcDbArc
 50
90.0
 51
180.0
  0
LINE
  5
2AF5
330
70
100
AcDbEntity
  8
Visible
100
AcDbLine
 10
114.3760556686855
 20
290.2197841629562
 30
0.0
 11
114.3760556686855
 21
275.3197841629561
 31
0.0
  0
ARC
  5
2AF6
330
70
100
AcDbEntity
  8
Visible
100
AcDbCircle
 10
-113.8260556686854
 20
275.3197841629561
 30
0.0
 40
0.5499999999999971
210
0.0
220
0.0
230
-1.0
100
AcDbArc
 50
180.0
 51
270.0
  0
LINE
  5
2AF7
330
70
100
AcDbEntity
  8
Visible
100
AcDbLine
 10
113.8260556686854
 20
274.7697841629562
 30
0.0
 11
109.1693406686856
 21
274.7697841629562
 31
0.0
  0
ARC
  5
2AF8
330
70
100
AcDbEntity
  8
Visible
100
AcDbCircle
 10
109.1170396686855
 20
275.2670411629562
 30
0.0
 40
0.5
100
AcDbArc
 50
270.0
 51
276.0042060000011
  0
LINE
  5
2AF9
330
70
100
AcDbEntity
  8
Visible
100
AcDbLine
 10
109.1170396686855
 20
274.7670411629562
 30
0.0
 11
103.0790396686855
 21
274.7670411629562
 31
0.0
  0
ARC
  5
2AFA
330
70
100
AcDbEntity
  8
Visible
100
AcDbCircle
 10
103.0790396686855
 20
275.2670411629562
 30
0.0
 40
0.5
100
AcDbArc
 50
180.0
 51
270.0
  0
LINE
  5
2AFB
330
70
100
AcDbEntity
  8
Visible
100
AcDbLine
 10
102.5790396686855
 20
275.2670411629562
 30
0.0
 11
102.5790396686855
 21
290.2670411629562
 31
0.0
  0
ARC
  5
2AFC
330
70
100
AcDbEntity
  8
Visible
100
AcDbCircle
 10
-103.0790396686855
 20
290.2670411629562
 30
0.0
 40
0.5
210
0.0
220
0.0
230
-1.0
100
AcDbArc
 50
0.0
 51
90.0
  0
LINE
  5
2AFD
330
70
100
AcDbEntity
  8
Visible
100
AcDbLine
 10
103.0790396686855
 20
290.7670411629561
 30
0.0
 11
103.1086946686855
 21
290.7670411629561
 31
0.0
  0
LINE
  5
2AFF
330
70
100
AcDbEntity
  8
Visible
100
AcDbLine
 10
202.6170396686855
 20
275.2670411629562
 30
0.0
 11
202.6170396686855
 21
290.2670411629562
 31
0.0
  0
ARC
  5
2B00
330
70
100
AcDbEntity
  8
Visible
100
AcDbCircle
 10
-203.1170396686856
 20
290.2670411629562
 30
0.0
 40
0.5
210
0.0
220
0.0
230
-1.0
100
AcDbArc
 50
0.0
 51
90.0
  0
LINE
  5
2B01
330
70
100
AcDbEntity
  8
Visible
100
AcDbLine
 10
203.1170396686856
 20
290.7670411629561
 30
0.0
 11
209.1550396686856
 21
290.7670411629561
 31
0.0
  0
ARC
  5
2B02
330
70
100
AcDbEntity
  8
Visible
100
AcDbCircle
 10
-209.1550396686856
 20
290.2670411629562
 30
0.0
 40
0.5
210
0.0
220
0.0
230
-1.0
100
AcDbArc
 50
90.0
 51
180.0
  0
LINE
  5
2B03
330
70
100
AcDbEntity
  8
Visible
100
AcDbLine
 10
209.6550396686855
 20
290.2670411629562
 30
0.0
 11
209.6550396686855
 21
275.2670411629562
 31
0.0
  0
ARC
  5
2B04
330
70
100
AcDbEntity
  8
Visible
100
AcDbCircle
 10
209.1550396686856
 20
275.2670411629562
 30
0.0
 40
0.5
100
AcDbArc
 50
270.0
 51
0.0
  0
LINE
  5
2B05
330
70
100
AcDbEntity
  8
Visible
100
AcDbLine
 10
209.1550396686856
 20
274.7670411629562
 30
0.0
 11
203.1170396686856
 21
274.7670411629562
 31
0.0
  0
ARC
  5
2B06
330
70
100
AcDbEntity
  8
Visible
100
AcDbCircle
 10
203.1170396686856
 20
275.2670411629562
 30
0.0
 40
0.5
100
AcDbArc
 50
180.0
 51
270.0
  0
ENDSEC
  0
SECTION
  2
OBJECTS
  0
DICTIONARY
  5
C
330
0
100
AcDbDictionary
281
     1
  3
ACAD_CIP_PREVIOUS_PRODUCT_INFO
350
192A
  3
ACAD_COLOR
350
63
  3
ACAD_DETAILVIEWSTYLE
350
6A
  3
ACAD_GROUP
350
D
  3
ACAD_LAYOUT
350
62
  3
ACAD_MATERIAL
350
10
  3
ACAD_MLEADERSTYLE
350
66
  3
ACAD_MLINESTYLE
350
5F
  3
ACAD_PLOTSETTINGS
350
61
  3
ACAD_PLOTSTYLENAME
350
E
  3
ACAD_SCALELIST
350
42
  3
ACAD_SECTIONVIEWSTYLE
350
68
  3
ACAD_TABLESTYLE
350
64
  3
ACAD_VISUALSTYLE
350
29
  3
ACDB_RECOMPOSE_DATA
350
2B08
  3
AcDbVariableDictionary
350
1913
  0
DICTIONARY
  5
19FF
330
2
100
AcDbDictionary
280
     1
281
     1
  3
ACAD_LAYERSTATES
360
1A00
  0
DICTIONARY
  5
AE
330
70
100
AcDbDictionary
280
     1
281
     1
  3
ACAD_SORTENTS
360
AF
  0
XRECORD
  5
192A
102
{ACAD_REACTORS
330
C
102
}
330
C
100
AcDbXrecord
280
     1
300
ACD
300
2022
300

  0
DICTIONARY
  5
63
102
{ACAD_REACTORS
330
C
102
}
330
C
100
AcDbDictionary
281
     1
  0
DICTIONARY
  5
6A
102
{ACAD_REACTORS
330
C
102
}
330
C
100
AcDbDictionary
281
     1
  3
Imperial24
350
6B
  3
Metric50
350
1924
  0
DICTIONARY
  5
D
102
{ACAD_REACTORS
330
C
102
}
330
C
100
AcDbDictionary
281
     1
  0
DICTIONARY
  5
62
102
{ACAD_REACTORS
330
C
102
}
330
C
100
AcDbDictionary
281
     1
  3
Model
350
73
  3
Sheet1
350
6F
  3
Sheet2
350
77
  0
DICTIONARY
  5
10
102
{ACAD_REACTORS
330
C
102
}
330
C
100
AcDbDictionary
281
     1
  3
ByBlock
350
19
  3
ByLayer
350
11
  3
Global
350
21
  0
DICTIONARY
  5
66
102
{ACAD_REACTORS
330
C
102
}
330
C
100
AcDbDictionary
281
     1
  3
Standard
350
67
  0
DICTIONARY
  5
5F
102
{ACAD_REACTORS
330
C
102
}
330
C
100
AcDbDictionary
281
     1
  3
Standard
350
60
  0
DICTIONARY
  5
61
102
{ACAD_REACTORS
330
C
102
}
330
C
100
AcDbDictionary
281
     1
  0
ACDBDICTIONARYWDFLT
  5
E
102
{ACAD_REACTORS
330
C
102
}
330
C
100
AcDbDictionary
281
     1
  3
Normal
350
F
100
AcDbDictionaryWithDefault
340
F
  0
DICTIONARY
  5
42
102
{ACAD_REACTORS
330
C
102
}
330
C
100
AcDbDictionary
281
     1
  3
*A1
350
9E
  3
*A10
350
A8
  3
*A11
350
A9
  3
*A12
350
AA
  3
*A13
350
AB
  3
*A14
350
AC
  3
*A15
350
AD
  3
*A16
350
9F
  3
*A2
350
A0
  3
*A3
350
A1
  3
*A4
350
A2
  3
*A5
350
A3
  3
*A6
350
A4
  3
*A7
350
A5
  3
*A8
350
A6
  3
*A9
350
A7
  3
A0
350
43
  3
A1
350
44
  3
A2
350
45
  3
A3
350
46
  3
A4
350
47
  3
A5
350
48
  3
A6
350
49
  3
A7
350
4A
  3
A8
350
4B
  3
A9
350
4C
  3
B0
350
4D
  3
B1
350
4E
  3
B2
350
4F
  3
B3
350
50
  3
B4
350
51
  3
B5
350
52
  3
B6
350
53
  0
DICTIONARY
  5
68
102
{ACAD_REACTORS
330
C
102
}
330
C
100
AcDbDictionary
281
     1
  3
Imperial24
350
69
  3
Metric50
350
1923
  0
DICTIONARY
  5
64
102
{ACAD_REACTORS
330
C
102
}
330
C
100
AcDbDictionary
281
     1
  3
Standard
350
65
  0
DICTIONARY
  5
29
102
{ACAD_REACTORS
330
C
102
}
330
C
100
AcDbDictionary
281
     1
  3
2dWireframe
350
2F
  3
Basic
350
2E
  3
Brighten
350
35
  3
ColorChange
350
39
  3
Conceptual
350
32
  3
Dim
350
34
  3
EdgeColorOff
350
41
  3
Facepattern
350
38
  3
Flat
350
2A
  3
FlatWithEdges
350
2B
  3
Gouraud
350
2C
  3
GouraudWithEdges
350
2D
  3
Hidden
350
31
  3
JitterOff
350
3F
  3
Linepattern
350
37
  3
OverhangOff
350
40
  3
Realistic
350
33
  3
Shaded
350
3E
  3
Shaded with edges
350
3D
  3
Shades of Gray
350
3A
  3
Sketchy
350
3B
  3
Thicken
350
36
  3
Wireframe
350
30
  3
X-Ray
350
3C
  0
XRECORD
  5
2B08
102
{ACAD_REACTORS
330
C
102
}
330
C
100
AcDbXrecord
280
     1
 90
        1
330
65
  0
DICTIONARY
  5
1913
102
{ACAD_REACTORS
330
C
102
}
330
C
100
AcDbDictionary
281
     1
  3
ANNOALLVISIBLE
350
1918
  3
CANNOSCALE
350
1919
  3
CMLEADERSTYLE
350
1915
  3
CTABLESTYLE
350
1914
  3
CVIEWDETAILSTYLE
350
1916
  3
CVIEWSECTIONSTYLE
350
1917
  0
DICTIONARY
  5
1A00
102
{ACAD_REACTORS
330
19FF
102
}
330
19FF
100
AcDbDictionary
281
     1
  0
SORTENTSTABLE
  5
AF
102
{ACAD_REACTORS
330
AE
102
}
330
AE
100
AcDbSortentsTable
330
70
  0
ACDBDETAILVIEWSTYLE
  5
6B
102
{ACAD_XDICTIONARY
360
2B0B
102
}
102
{ACAD_REACTORS
330
6A
102
}
330
6A
100
AcDbModelDocViewStyle
 70
     0
  3
Imperial24
290
     0
100
AcDbDetailViewStyle
 70
     0
 71
     0
 90
        3
 71
     1
340
55
 62
   256
 40
0.24
340
0
 62
   256
 40
0.24
300

 40
0.36
280
     3
 71
     2
340
5D
 90
       25
 62
   256
 71
     3
340
55
 62
   256
 40
0.24
 90
        1
 40
0.75
 90
        1
300
%<\AcVar ViewType \f "%tc1">% %<\AcVar ViewDetailId>%\PSCALE %<\AcVar ViewScale \f "%sn">%
 71
     4
340
5D
 90
       25
 62
   256
340
5D
 90
       25
 62
   256
280
     0
  0
ACDBDETAILVIEWSTYLE
  5
1924
102
{ACAD_XDICTIONARY
360
2B0F
102
}
102
{ACAD_REACTORS
330
6A
102
}
330
6A
100
AcDbModelDocViewStyle
 70
     0
  3
Metric50
290
     0
100
AcDbDetailViewStyle
 70
     0
 71
     0
 90
        3
 71
     1
340
55
 62
   256
 40
5.0
340
0
 62
   256
 40
5.0
300

 40
0.0
280
     1
 71
     2
340
5D
 90
       25
 62
   256
 71
     3
340
55
 62
   256
 40
5.0
 90
        0
 40
15.0
 90
        1
300
%<\AcVar ViewDetailId>% (%<\AcVar ViewScale \f "%sn">%)
 71
     4
340
5D
 90
       25
 62
   256
340
5D
 90
       25
 62
   256
280
     0
  0
LAYOUT
  5
73
102
{ACAD_REACTORS
330
62
102
}
330
62
100
AcDbPlotSettings
  1

  2
AutoCAD PDF (High Quality Print).pc3
  4
ISO_full_bleed_A3_(420.00_x_297.00_MM)
  6

 40
0.0
 41
0.0
 42
0.0
 43
0.0
 44
420.0
 45
297.0
 46
0.0
 47
0.0
 48
0.0
 49
0.0
140
0.0
141
0.0
142
1.0
143
0.5184820000000001
 70
 11952
 72
     1
 73
     0
 74
     0
  7

 75
     0
147
1.928706
 76
     0
 77
     2
 78
   300
148
-180.436794
149
-90.637919
100
AcDbLayout
  1
Model
 70
     1
 71
     0
 10
0.0
 20
0.0
 11
12.0
 21
9.0
 12
0.0
 22
0.0
 32
0.0
 14
0.0
 24
0.0
 34
0.0
 15
0.0
 25
0.0
 35
0.0
146
0.0
 13
0.0
 23
0.0
 33
0.0
 16
1.0
 26
0.0
 36
0.0
 17
0.0
 27
1.0
 37
0.0
 76
     0
330
70
331
57
1001
ACAD_PSEXT
1000
AutoCAD PDF (High Quality Print).pc3
1000
DWG To PDF
1000
File
1000

1070
     0
  0
LAYOUT
  5
6F
102
{ACAD_REACTORS
330
62
102
}
330
62
100
AcDbPlotSettings
  1

  2
None
  4

  6

 40
0.0
 41
0.0
 42
0.0
 43
0.0
 44
0.0
 45
0.0
 46
0.0
 47
0.0
 48
0.0
 49
0.0
140
0.0
141
0.0
142
1.0
143
1.0
 70
   688
 72
     0
 73
     0
 74
     5
  7

 75
    16
147
1.0
 76
     0
 77
     2
 78
   300
148
0.0
149
0.0
100
AcDbLayout
  1
Sheet1
 70
     1
 71
     1
 10
0.0
 20
0.0
 11
12.0
 21
9.0
 12
0.0
 22
0.0
 32
0.0
 14
1.000000000000000E+20
 24
1.000000000000000E+20
 34
1.000000000000000E+20
 15
-1.000000000000000E+20
 25
-1.000000000000000E+20
 35
-1.000000000000000E+20
146
0.0
 13
0.0
 23
0.0
 33
0.0
 16
1.0
 26
0.0
 36
0.0
 17
0.0
 27
1.0
 37
0.0
 76
     0
330
6C
  0
LAYOUT
  5
77
102
{ACAD_REACTORS
330
62
102
}
330
62
100
AcDbPlotSettings
  1

  2
None
  4

  6

 40
0.0
 41
0.0
 42
0.0
 43
0.0
 44
0.0
 45
0.0
 46
0.0
 47
0.0
 48
0.0
 49
0.0
140
0.0
141
0.0
142
1.0
143
1.0
 70
   688
 72
     0
 73
     0
 74
     5
  7

 75
    16
147
1.0
 76
     0
 77
     2
 78
   300
148
0.0
149
0.0
100
AcDbLayout
  1
Sheet2
 70
     1
 71
     2
 10
0.0
 20
0.0
 11
12.0
 21
9.0
 12
0.0
 22
0.0
 32
0.0
 14
0.0
 24
0.0
 34
0.0
 15
0.0
 25
0.0
 35
0.0
146
0.0
 13
0.0
 23
0.0
 33
0.0
 16
1.0
 26
0.0
 36
0.0
 17
0.0
 27
1.0
 37
0.0
 76
     0
330
74
  0
MATERIAL
  5
19
102
{ACAD_XDICTIONARY
360
1A
102
}
102
{ACAD_REACTORS
330
10
102
}
330
10
100
AcDbMaterial
  1
ByBlock
 72
     0
 43
0.020833
 43
0.0
 43
0.0
 43
0.0
 43
0.0
 43
0.020833
 43
0.0
 43
0.0
 43
0.0
 43
0.0
 43
1.0
 43
0.0
 43
0.0
 43
0.0
 43
0.0
 43
1.0
 77
     0
 47
0.020833
 47
0.0
 47
0.0
 47
0.0
 47
0.0
 47
0.020833
 47
0.0
 47
0.0
 47
0.0
 47
0.0
 47
1.0
 47
0.0
 47
0.0
 47
0.0
 47
0.0
 47
1.0
171
     0
 49
0.020833
 49
0.0
 49
0.0
 49
0.0
 49
0.0
 49
0.020833
 49
0.0
 49
0.0
 49
0.0
 49
0.0
 49
1.0
 49
0.0
 49
0.0
 49
0.0
 49
0.0
 49
1.0
175
     0
142
0.020833
142
0.0
142
0.0
142
0.0
142
0.0
142
0.020833
142
0.0
142
0.0
142
0.0
142
0.0
142
1.0
142
0.0
142
0.0
142
0.0
142
0.0
142
1.0
179
     0
144
0.020833
144
0.0
144
0.0
144
0.0
144
0.0
144
0.020833
144
0.0
144
0.0
144
0.0
144
0.0
144
1.0
144
0.0
144
0.0
144
0.0
144
0.0
144
1.0
147
0.020833
147
0.0
147
0.0
147
0.0
147
0.0
147
0.020833
147
0.0
147
0.0
147
0.0
147
0.0
147
1.0
147
0.0
147
0.0
147
0.0
147
0.0
147
1.0
  0
MATERIAL
  5
11
102
{ACAD_XDICTIONARY
360
12
102
}
102
{ACAD_REACTORS
330
10
102
}
330
10
100
AcDbMaterial
  1
ByLayer
 72
     0
 43
0.020833
 43
0.0
 43
0.0
 43
0.0
 43
0.0
 43
0.020833
 43
0.0
 43
0.0
 43
0.0
 43
0.0
 43
1.0
 43
0.0
 43
0.0
 43
0.0
 43
0.0
 43
1.0
 77
     0
 47
0.020833
 47
0.0
 47
0.0
 47
0.0
 47
0.0
 47
0.020833
 47
0.0
 47
0.0
 47
0.0
 47
0.0
 47
1.0
 47
0.0
 47
0.0
 47
0.0
 47
0.0
 47
1.0
171
     0
 49
0.020833
 49
0.0
 49
0.0
 49
0.0
 49
0.0
 49
0.020833
 49
0.0
 49
0.0
 49
0.0
 49
0.0
 49
1.0
 49
0.0
 49
0.0
 49
0.0
 49
0.0
 49
1.0
175
     0
142
0.020833
142
0.0
142
0.0
142
0.0
142
0.0
142
0.020833
142
0.0
142
0.0
142
0.0
142
0.0
142
1.0
142
0.0
142
0.0
142
0.0
142
0.0
142
1.0
179
     0
144
0.020833
144
0.0
144
0.0
144
0.0
144
0.0
144
0.020833
144
0.0
144
0.0
144
0.0
144
0.0
144
1.0
144
0.0
144
0.0
144
0.0
144
0.0
144
1.0
147
0.020833
147
0.0
147
0.0
147
0.0
147
0.0
147
0.020833
147
0.0
147
0.0
147
0.0
147
0.0
147
1.0
147
0.0
147
0.0
147
0.0
147
0.0
147
1.0
  0
MATERIAL
  5
21
102
{ACAD_XDICTIONARY
360
22
102
}
102
{ACAD_REACTORS
330
10
102
}
330
10
100
AcDbMaterial
  1
Global
 72
     0
 43
0.020833
 43
0.0
 43
0.0
 43
0.0
 43
0.0
 43
0.020833
 43
0.0
 43
0.0
 43
0.0
 43
0.0
 43
1.0
 43
0.0
 43
0.0
 43
0.0
 43
0.0
 43
1.0
 77
     0
 47
0.020833
 47
0.0
 47
0.0
 47
0.0
 47
0.0
 47
0.020833
 47
0.0
 47
0.0
 47
0.0
 47
0.0
 47
1.0
 47
0.0
 47
0.0
 47
0.0
 47
0.0
 47
1.0
171
     0
 49
0.020833
 49
0.0
 49
0.0
 49
0.0
 49
0.0
 49
0.020833
 49
0.0
 49
0.0
 49
0.0
 49
0.0
 49
1.0
 49
0.0
 49
0.0
 49
0.0
 49
0.0
 49
1.0
175
     0
142
0.020833
142
0.0
142
0.0
142
0.0
142
0.0
142
0.020833
142
0.0
142
0.0
142
0.0
142
0.0
142
1.0
142
0.0
142
0.0
142
0.0
142
0.0
142
1.0
179
     0
144
0.020833
144
0.0
144
0.0
144
0.0
144
0.0
144
0.020833
144
0.0
144
0.0
144
0.0
144
0.0
144
1.0
144
0.0
144
0.0
144
0.0
144
0.0
144
1.0
147
0.020833
147
0.0
147
0.0
147
0.0
147
0.0
147
0.020833
147
0.0
147
0.0
147
0.0
147
0.0
147
1.0
147
0.0
147
0.0
147
0.0
147
0.0
147
1.0
  0
MLEADERSTYLE
  5
67
102
{ACAD_REACTORS
330
66
102
}
330
66
100
AcDbMLeaderStyle
179
     2
170
     2
171
     1
172
     0
 90
        2
 40
0.0
 41
0.0
173
     1
 91
-1056964608
340
5B
 92
       -2
290
     1
 42
0.09
291
     1
 43
0.36
  3
Standard
 44
0.18
300

342
55
174
     1
178
     6
175
     1
176
     0
 93
-1056964608
 45
0.18
292
     0
297
     0
 46
0.18
 94
-1056964608
 47
1.0
 49
1.0
140
1.0
293
     1
141
0.0
294
     1
177
     0
142
1.0
295
     0
296
     0
143
0.125
271
     0
272
     9
273
     9
298
     1
  0
MLINESTYLE
  5
60
102
{ACAD_REACTORS
330
5F
102
}
330
5F
100
AcDbMlineStyle
  2
STANDARD
 70
     0
  3

 62
   256
 51
90.0
 52
90.0
 71
     0
  0
ACDBPLACEHOLDER
  5
F
102
{ACAD_REACTORS
330
E
102
}
330
E
  0
SCALE
  5
9E
102
{ACAD_REACTORS
330
42
102
}
330
42
100
AcDbScale
 70
     0
300
1:2
140
1.0
141
2.0
290
     0
  0
SCALE
  5
A8
102
{ACAD_REACTORS
330
42
102
}
330
42
100
AcDbScale
 70
     0
300
1:100
140
1.0
141
100.0
290
     0
  0
SCALE
  5
A9
102
{ACAD_REACTORS
330
42
102
}
330
42
100
AcDbScale
 70
     0
300
2:1
140
2.0
141
1.0
290
     0
  0
SCALE
  5
AA
102
{ACAD_REACTORS
330
42
102
}
330
42
100
AcDbScale
 70
     0
300
4:1
140
4.0
141
1.0
290
     0
  0
SCALE
  5
AB
102
{ACAD_REACTORS
330
42
102
}
330
42
100
AcDbScale
 70
     0
300
8:1
140
8.0
141
1.0
290
     0
  0
SCALE
  5
AC
102
{ACAD_REACTORS
330
42
102
}
330
42
100
AcDbScale
 70
     0
300
10:1
140
10.0
141
1.0
290
     0
  0
SCALE
  5
AD
102
{ACAD_REACTORS
330
42
102
}
330
42
100
AcDbScale
 70
     0
300
100:1
140
100.0
141
1.0
290
     0
  0
SCALE
  5
9F
102
{ACAD_REACTORS
330
42
102
}
330
42
100
AcDbScale
 70
     0
300
1:4
140
1.0
141
4.0
290
     0
  0
SCALE
  5
A0
102
{ACAD_REACTORS
330
42
102
}
330
42
100
AcDbScale
 70
     0
300
1:5
140
1.0
141
5.0
290
     0
  0
SCALE
  5
A1
102
{ACAD_REACTORS
330
42
102
}
330
42
100
AcDbScale
 70
     0
300
1:8
140
1.0
141
8.0
290
     0
  0
SCALE
  5
A2
102
{ACAD_REACTORS
330
42
102
}
330
42
100
AcDbScale
 70
     0
300
1:10
140
1.0
141
10.0
290
     0
  0
SCALE
  5
A3
102
{ACAD_REACTORS
330
42
102
}
330
42
100
AcDbScale
 70
     0
300
1:16
140
1.0
141
16.0
290
     0
  0
SCALE
  5
A4
102
{ACAD_REACTORS
330
42
102
}
330
42
100
AcDbScale
 70
     0
300
1:20
140
1.0
141
20.0
290
     0
  0
SCALE
  5
A5
102
{ACAD_REACTORS
330
42
102
}
330
42
100
AcDbScale
 70
     0
300
1:30
140
1.0
141
30.0
290
     0
  0
SCALE
  5
A6
102
{ACAD_REACTORS
330
42
102
}
330
42
100
AcDbScale
 70
     0
300
1:40
140
1.0
141
40.0
290
     0
  0
SCALE
  5
A7
102
{ACAD_REACTORS
330
42
102
}
330
42
100
AcDbScale
 70
     0
300
1:50
140
1.0
141
50.0
290
     0
  0
SCALE
  5
43
102
{ACAD_REACTORS
330
42
102
}
330
42
100
AcDbScale
 70
     0
300
1:1
140
1.0
141
1.0
290
     1
  0
SCALE
  5
44
102
{ACAD_REACTORS
330
42
102
}
330
42
100
AcDbScale
 70
     0
300
1/128" = 1'-0"
140
0.007813
141
12.0
290
     0
  0
SCALE
  5
45
102
{ACAD_REACTORS
330
42
102
}
330
42
100
AcDbScale
 70
     0
300
1/64" = 1'-0"
140
0.015625
141
12.0
290
     0
  0
SCALE
  5
46
102
{ACAD_REACTORS
330
42
102
}
330
42
100
AcDbScale
 70
     0
300
1/32" = 1'-0"
140
0.03125
141
12.0
290
     0
  0
SCALE
  5
47
102
{ACAD_REACTORS
330
42
102
}
330
42
100
AcDbScale
 70
     0
300
1/16" = 1'-0"
140
0.0625
141
12.0
290
     0
  0
SCALE
  5
48
102
{ACAD_REACTORS
330
42
102
}
330
42
100
AcDbScale
 70
     0
300
3/32" = 1'-0"
140
0.09375
141
12.0
290
     0
  0
SCALE
  5
49
102
{ACAD_REACTORS
330
42
102
}
330
42
100
AcDbScale
 70
     0
300
1/8" = 1'-0"
140
0.125
141
12.0
290
     0
  0
SCALE
  5
4A
102
{ACAD_REACTORS
330
42
102
}
330
42
100
AcDbScale
 70
     0
300
3/16" = 1'-0"
140
0.1875
141
12.0
290
     0
  0
SCALE
  5
4B
102
{ACAD_REACTORS
330
42
102
}
330
42
100
AcDbScale
 70
     0
300
1/4" = 1'-0"
140
0.25
141
12.0
290
     0
  0
SCALE
  5
4C
102
{ACAD_REACTORS
330
42
102
}
330
42
100
AcDbScale
 70
     0
300
3/8" = 1'-0"
140
0.375
141
12.0
290
     0
  0
SCALE
  5
4D
102
{ACAD_REACTORS
330
42
102
}
330
42
100
AcDbScale
 70
     0
300
1/2" = 1'-0"
140
0.5
141
12.0
290
     0
  0
SCALE
  5
4E
102
{ACAD_REACTORS
330
42
102
}
330
42
100
AcDbScale
 70
     0
300
3/4" = 1'-0"
140
0.75
141
12.0
290
     0
  0
SCALE
  5
4F
102
{ACAD_REACTORS
330
42
102
}
330
42
100
AcDbScale
 70
     0
300
1" = 1'-0"
140
1.0
141
12.0
290
     0
  0
SCALE
  5
50
102
{ACAD_REACTORS
330
42
102
}
330
42
100
AcDbScale
 70
     0
300
1-1/2" = 1'-0"
140
1.5
141
12.0
290
     0
  0
SCALE
  5
51
102
{ACAD_REACTORS
330
42
102
}
330
42
100
AcDbScale
 70
     0
300
3" = 1'-0"
140
3.0
141
12.0
290
     0
  0
SCALE
  5
52
102
{ACAD_REACTORS
330
42
102
}
330
42
100
AcDbScale
 70
     0
300
6" = 1'-0"
140
6.0
141
12.0
290
     0
  0
SCALE
  5
53
102
{ACAD_REACTORS
330
42
102
}
330
42
100
AcDbScale
 70
     0
300
1'-0" = 1'-0"
140
12.0
141
12.0
290
     0
  0
ACDBSECTIONVIEWSTYLE
  5
69
102
{ACAD_XDICTIONARY
360
2B09
102
}
102
{ACAD_REACTORS
330
68
102
}
330
68
100
AcDbModelDocViewStyle
 70
     0
  3
Imperial24
290
     0
100
AcDbSectionViewStyle
 70
     0
 71
     0
 90
       78
 71
     1
340
55
 62
   256
 40
0.24
340
0
340
0
 62
   256
 40
0.24
300
I, O, Q, S, X, Z
 40
0.48
 90
        3
 40
0.18
 90
        1
 71
     2
340
5D
 90
       25
 62
   256
340
5D
 90
       50
 62
   256
 40
0.24
 40
0.0
 40
0.24
 71
     3
340
55
 62
   256
 40
0.24
 90
        1
 40
0.75
 90
        1
300
%<\AcVar ViewType \f "%tc1">% %<\AcVar ViewSectionStartId>%-%<\AcVar ViewSectionEndId>%\PSCALE %<\AcVar ViewScale \f "%sn">%
 71
     4
 62
   256
 62
   257
300
ANSI31
 40
1.0
 90
        0
290
     0
290
     0
 90
        6
 40
0.0
 40
1.570795999999999
 40
0.261799
 40
1.308996999999998
 40
-0.261799
 40
1.832595999999998
  0
ACDBSECTIONVIEWSTYLE
  5
1923
102
{ACAD_XDICTIONARY
360
2B0D
102
}
102
{ACAD_REACTORS
330
68
102
}
330
68
100
AcDbModelDocViewStyle
 70
     0
  3
Metric50
290
     0
100
AcDbSectionViewStyle
 70
     0
 71
     0
 90
      102
 71
     1
340
55
 62
   256
 40
5.0
340
0
340
0
 62
   256
 40
5.0
300
I, O, Q, S, X, Z
 40
10.0
 90
        0
 40
2.5
 90
        0
 71
     2
340
5D
 90
       25
 62
   256
340
5D
 90
       50
 62
   256
 40
5.0
 40
2.5
 40
5.0
 71
     3
340
55
 62
   256
 40
5.0
 90
        0
 40
15.0
 90
        1
300
%<\AcVar ViewSectionStartId>%-%<\AcVar ViewSectionEndId>% (%<\AcVar ViewScale \f "%sn">%)
 71
     4
 62
   256
 62
   257
300
ANSI31
 40
1.0
 90
        0
290
     0
290
     0
 90
        6
 40
0.0
 40
1.570796326794896
 40
0.2617993877991494
 40
1.308996938995747
 40
-0.2617993877991494
 40
1.832595714594045
  0
TABLESTYLE
  5
65
102
{ACAD_XDICTIONARY
360
191A
102
}
102
{ACAD_REACTORS
330
64
102
}
330
64
100
AcDbTableStyle
280
     0
  3
Standard
 70
     0
 71
     0
 40
1.5
 41
1.5
280
     0
281
     0
  7
Standard
140
0.18
170
     2
 62
     0
 63
     7
283
     0
 90
      512
 91
        0
  1

274
    -2
284
     1
 64
     0
275
    -2
285
     1
 65
     0
276
    -2
286
     1
 66
     0
277
    -2
287
     1
 67
     0
278
    -2
288
     1
 68
     0
279
    -2
289
     1
 69
     0
  7
Standard
140
0.25
170
     5
 62
     0
 63
     7
283
     0
 90
      512
 91
        0
  1

274
    -2
284
     1
 64
     0
275
    -2
285
     1
 65
     0
276
    -2
286
     1
 66
     0
277
    -2
287
     1
 67
     0
278
    -2
288
     1
 68
     0
279
    -2
289
     1
 69
     0
  7
Standard
140
0.18
170
     5
 62
     0
 63
     7
283
     0
 90
      512
 91
        0
  1

274
    -2
284
     1
 64
     0
275
    -2
285
     1
 65
     0
276
    -2
286
     1
 66
     0
277
    -2
287
     1
 67
     0
278
    -2
288
     1
 68
     0
279
    -2
289
     1
 69
     0
  0
VISUALSTYLE
  5
2F
102
{ACAD_REACTORS
330
29
102
}
330
29
100
AcDbVisualStyle
  2
2dWireframe
 70
     4
177
     3
291
     0
 70
    58
 90
        0
176
     1
 90
        2
176
     1
 90
        0
176
     1
 90
        0
176
     1
 40
0.6
176
     1
 40
30.0
176
     1
 62
     7
420
 16777215
176
     1
 90
        1
176
     1
 90
        4
176
     1
 62
     7
176
     1
 62
   257
176
     1
 90
        1
176
     1
 90
        1
176
     1
 40
1.0
176
     1
 90
        0
176
     1
 62
   257
176
     1
 40
1.0
176
     1
 90
        1
176
     1
 90
        6
176
     1
 90
        2
176
     1
 62
     7
176
     1
 90
        5
176
     1
 90
        0
176
     1
 90
        0
176
     1
290
     0
176
     1
 90
        1
176
     1
 40
0.0
176
     1
 90
        0
176
     1
290
     1
176
     1
290
     1
176
     1
290
     0
176
     1
290
     0
176
     1
290
     0
176
     1
290
     0
176
     1
290
     0
176
     1
290
     0
176
     1
290
     0
176
     1
 90
       50
176
     1
 40
0.0
176
     1
 40
1.0
176
     1
 90
        0
176
     1
 62
    18
176
     1
 90
       50
176
     1
 90
        3
176
     1
 62
     5
420
      255
176
     1
290
     0
176
     1
 90
       50
176
     1
 90
       50
176
     1
 90
       50
176
     1
290
     0
176
     1
 90
       50
176
     1
 62
   256
176
     0
 40
1.0
176
     0
 90
        2
176
     1
  1
strokes_ogs.tif
176
     1
290
     0
176
     1
 40
1.0
176
     1
 40
1.0
176
     1
1001
ACAD
1000
AcDbSavedByObjectVersion
1070
     0
  0
VISUALSTYLE
  5
2E
102
{ACAD_REACTORS
330
29
102
}
330
29
100
AcDbVisualStyle
  2
Basic
 70
     7
177
     3
291
     1
 70
    58
 90
        1
176
     1
 90
        0
176
     1
 90
        1
176
     1
 90
        0
176
     1
 40
0.6
176
     1
 40
30.0
176
     1
 62
     7
420
 16777215
176
     1
 90
        0
176
     1
 90
        4
176
     1
 62
     7
176
     1
 62
   257
176
     1
 90
        1
176
     1
 90
        1
176
     1
 40
1.0
176
     1
 90
        8
176
     1
 62
     7
176
     1
 40
1.0
176
     1
 90
        1
176
     1
 90
        6
176
     1
 90
        2
176
     1
 62
     7
176
     1
 90
        5
176
     1
 90
        0
176
     1
 90
        0
176
     1
290
     0
176
     1
 90
        1
176
     1
 40
0.0
176
     1
 90
        0
176
     1
290
     0
176
     1
290
     1
176
     1
290
     1
176
     1
290
     0
176
     1
290
     0
176
     1
290
     0
176
     1
290
     0
176
     1
290
     0
176
     1
290
     0
176
     1
 90
       50
176
     1
 40
0.0
176
     1
 40
1.0
176
     1
 90
        0
176
     1
 62
    18
176
     1
 90
       50
176
     1
 90
        3
176
     1
 62
     5
420
      255
176
     1
290
     0
176
     1
 90
       50
176
     1
 90
       50
176
     1
 90
       50
176
     1
290
     0
176
     1
 90
       50
176
     1
 62
   256
176
     0
 40
1.0
176
     0
 90
        2
176
     1
  1
strokes_ogs.tif
176
     1
290
     0
176
     1
 40
1.0
176
     1
 40
1.0
176
     1
1001
ACAD
1000
AcDbSavedByObjectVersion
1070
     0
  0
VISUALSTYLE
  5
35
102
{ACAD_REACTORS
330
29
102
}
330
29
100
AcDbVisualStyle
  2
Brighten
 70
    12
177
     3
291
     1
 70
    58
 90
        2
176
     1
 90
        2
176
     1
 90
        0
176
     1
 90
        0
176
     1
 40
0.6
176
     1
 40
30.0
176
     1
 62
     7
420
 16777215
176
     1
 90
        1
176
     1
 90
        4
176
     1
 62
     7
176
     1
 62
   257
176
     1
 90
        1
176
     1
 90
        1
176
     1
 40
1.0
176
     1
 90
        8
176
     1
 62
     7
176
     1
 40
1.0
176
     1
 90
        1
176
     1
 90
        6
176
     1
 90
        2
176
     1
 62
     7
176
     1
 90
        5
176
     1
 90
        0
176
     1
 90
        0
176
     1
290
     0
176
     1
 90
        1
176
     1
 40
50.0
176
     1
 90
        0
176
     1
290
     0
176
     1
290
     1
176
     1
290
     1
176
     1
290
     0
176
     1
290
     0
176
     1
290
     0
176
     1
290
     0
176
     1
290
     0
176
     1
290
     0
176
     1
 90
       50
176
     1
 40
0.0
176
     1
 40
1.0
176
     1
 90
        0
176
     1
 62
    18
176
     1
 90
       50
176
     1
 90
        3
176
     1
 62
     5
420
      255
176
     1
290
     0
176
     1
 90
       50
176
     1
 90
       50
176
     1
 90
       50
176
     1
290
     0
176
     1
 90
       50
176
     1
 62
   256
176
     0
 40
1.0
176
     0
 90
        2
176
     1
  1
strokes_ogs.tif
176
     1
290
     0
176
     1
 40
1.0
176
     1
 40
1.0
176
     1
1001
ACAD
1000
AcDbSavedByObjectVersion
1070
     0
  0
VISUALSTYLE
  5
39
102
{ACAD_REACTORS
330
29
102
}
330
29
100
AcDbVisualStyle
  2
ColorChange
 70
    16
177
     3
291
     1
 70
    58
 90
        2
176
     1
 90
        2
176
     1
 90
        3
176
     1
 90
        0
176
     1
 40
0.6
176
     1
 40
30.0
176
     1
 62
     8
420
  8421504
176
     1
 90
        1
176
     1
 90
        4
176
     1
 62
     7
176
     1
 62
   257
176
     1
 90
        1
176
     1
 90
        1
176
     1
 40
1.0
176
     1
 90
        8
176
     1
 62
     8
420
  8421504
176
     1
 40
1.0
176
     1
 90
        1
176
     1
 90
        6
176
     1
 90
        2
176
     1
 62
     7
176
     1
 90
        5
176
     1
 90
        0
176
     1
 90
        0
176
     1
290
     0
176
     1
 90
        1
176
     1
 40
0.0
176
     1
 90
        0
176
     1
290
     0
176
     1
290
     1
176
     1
290
     1
176
     1
290
     0
176
     1
290
     0
176
     1
290
     0
176
     1
290
     0
176
     1
290
     0
176
     1
290
     0
176
     1
 90
       50
176
     1
 40
0.0
176
     1
 40
1.0
176
     1
 90
        0
176
     1
 62
    18
176
     1
 90
       50
176
     1
 90
        3
176
     1
 62
     5
420
      255
176
     1
290
     0
176
     1
 90
       50
176
     1
 90
       50
176
     1
 90
       50
176
     1
290
     0
176
     1
 90
       50
176
     1
 62
   256
176
     0
 40
1.0
176
     0
 90
        2
176
     1
  1
strokes_ogs.tif
176
     1
290
     0
176
     1
 40
1.0
176
     1
 40
1.0
176
     1
1001
ACAD
1000
AcDbSavedByObjectVersion
1070
     0
  0
VISUALSTYLE
  5
32
102
{ACAD_REACTORS
330
29
102
}
330
29
100
AcDbVisualStyle
  2
Conceptual
 70
     9
177
     3
291
     0
 70
    58
 90
        3
176
     1
 90
        2
176
     1
 90
        0
176
     1
 90
        0
176
     1
 40
0.6
176
     1
 40
30.0
176
     1
 62
     7
420
 16777215
176
     1
 90
        2
176
     1
 90
        2
176
     1
 62
     7
176
     1
 62
   257
176
     1
 90
        1
176
     1
 90
        1
176
     1
 40
179.0
176
     1
 90
        8
176
     1
 62
     7
176
     1
 40
1.0
176
     1
 90
        1
176
     1
 90
        6
176
     1
 90
        2
176
     1
 62
     7
176
     1
 90
        3
176
     1
 90
        0
176
     1
 90
        0
176
     1
290
     0
176
     1
 90
        1
176
     1
 40
0.0
176
     1
 90
        0
176
     1
290
     0
176
     1
290
     1
176
     1
290
     1
176
     1
290
     0
176
     1
290
     0
176
     1
290
     0
176
     1
290
     0
176
     1
290
     0
176
     1
290
     0
176
     1
 90
       50
176
     1
 40
0.0
176
     1
 40
1.0
176
     1
 90
        0
176
     1
 62
    18
176
     1
 90
       50
176
     1
 90
        3
176
     1
 62
     5
420
      255
176
     1
290
     0
176
     1
 90
       50
176
     1
 90
       50
176
     1
 90
       50
176
     1
290
     0
176
     1
 90
       50
176
     1
 62
   256
176
     0
 40
1.0
176
     0
 90
        2
176
     1
  1
strokes_ogs.tif
176
     1
290
     0
176
     1
 40
1.0
176
     1
 40
1.0
176
     1
1001
ACAD
1000
AcDbSavedByObjectVersion
1070
     0
  0
VISUALSTYLE
  5
34
102
{ACAD_REACTORS
330
29
102
}
330
29
100
AcDbVisualStyle
  2
Dim
 70
    11
177
     3
291
     1
 70
    58
 90
        2
176
     1
 90
        2
176
     1
 90
        0
176
     1
 90
        0
176
     1
 40
0.6
176
     1
 40
30.0
176
     1
 62
     7
420
 16777215
176
     1
 90
        1
176
     1
 90
        4
176
     1
 62
     7
176
     1
 62
   257
176
     1
 90
        1
176
     1
 90
        1
176
     1
 40
1.0
176
     1
 90
        8
176
     1
 62
     7
176
     1
 40
1.0
176
     1
 90
        1
176
     1
 90
        6
176
     1
 90
        2
176
     1
 62
     7
176
     1
 90
        5
176
     1
 90
        0
176
     1
 90
        0
176
     1
290
     0
176
     1
 90
        1
176
     1
 40
-50.0
176
     1
 90
        0
176
     1
290
     0
176
     1
290
     1
176
     1
290
     1
176
     1
290
     0
176
     1
290
     0
176
     1
290
     0
176
     1
290
     0
176
     1
290
     0
176
     1
290
     0
176
     1
 90
       50
176
     1
 40
0.0
176
     1
 40
1.0
176
     1
 90
        0
176
     1
 62
    18
176
     1
 90
       50
176
     1
 90
        3
176
     1
 62
     5
420
      255
176
     1
290
     0
176
     1
 90
       50
176
     1
 90
       50
176
     1
 90
       50
176
     1
290
     0
176
     1
 90
       50
176
     1
 62
   256
176
     0
 40
1.0
176
     0
 90
        2
176
     1
  1
strokes_ogs.tif
176
     1
290
     0
176
     1
 40
1.0
176
     1
 40
1.0
176
     1
1001
ACAD
1000
AcDbSavedByObjectVersion
1070
     0
  0
VISUALSTYLE
  5
41
102
{ACAD_REACTORS
330
29
102
}
330
29
100
AcDbVisualStyle
  2
EdgeColorOff
 70
    22
177
     3
291
     1
 70
    58
 90
        2
176
     0
 90
        2
176
     0
 90
        0
176
     0
 90
        0
176
     0
 40
0.6
176
     0
 40
30.0
176
     0
 62
     7
420
 16777215
176
     0
 90
        1
176
     0
 90
        4
176
     0
 62
     7
176
     0
 62
   257
176
     0
 90
        1
176
     0
 90
        1
176
     0
 40
1.0
176
     0
 90
        8
176
     2
 62
     7
176
     0
 40
1.0
176
     0
 90
        1
176
     0
 90
        6
176
     0
 90
        2
176
     0
 62
     7
176
     0
 90
        5
176
     0
 90
        0
176
     0
 90
        0
176
     0
290
     0
176
     0
 90
        1
176
     0
 40
0.0
176
     0
 90
        0
176
     0
290
     0
176
     0
290
     1
176
     0
290
     1
176
     0
290
     0
176
     0
290
     0
176
     0
290
     0
176
     0
290
     0
176
     0
290
     0
176
     0
290
     0
176
     0
 90
       50
176
     0
 40
0.0
176
     0
 40
1.0
176
     0
 90
        0
176
     0
 62
    18
176
     0
 90
       50
176
     0
 90
        3
176
     0
 62
     5
420
      255
176
     0
290
     0
176
     0
 90
       50
176
     0
 90
       50
176
     0
 90
       50
176
     0
290
     0
176
     0
 90
       50
176
     0
 62
   256
176
     0
 40
1.0
176
     0
 90
        2
176
     0
  1
strokes_ogs.tif
176
     0
290
     0
176
     0
 40
1.0
176
     0
 40
1.0
176
     0
1001
ACAD
1000
AcDbSavedByObjectVersion
1070
     0
  0
VISUALSTYLE
  5
38
102
{ACAD_REACTORS
330
29
102
}
330
29
100
AcDbVisualStyle
  2
Facepattern
 70
    15
177
     3
291
     1
 70
    58
 90
        2
176
     1
 90
        2
176
     1
 90
        0
176
     1
 90
        0
176
     1
 40
0.6
176
     1
 40
30.0
176
     1
 62
     7
420
 16777215
176
     1
 90
        1
176
     1
 90
        4
176
     1
 62
     7
176
     1
 62
   257
176
     1
 90
        1
176
     1
 90
        1
176
     1
 40
1.0
176
     1
 90
        8
176
     1
 62
     7
176
     1
 40
1.0
176
     1
 90
        1
176
     1
 90
        6
176
     1
 90
        2
176
     1
 62
     7
176
     1
 90
        5
176
     1
 90
        0
176
     1
 90
        0
176
     1
290
     0
176
     1
 90
        1
176
     1
 40
0.0
176
     1
 90
        0
176
     1
290
     0
176
     1
290
     1
176
     1
290
     1
176
     1
290
     0
176
     1
290
     0
176
     1
290
     0
176
     1
290
     0
176
     1
290
     0
176
     1
290
     0
176
     1
 90
       50
176
     1
 40
0.0
176
     1
 40
1.0
176
     1
 90
        0
176
     1
 62
    18
176
     1
 90
       50
176
     1
 90
        3
176
     1
 62
     5
420
      255
176
     1
290
     0
176
     1
 90
       50
176
     1
 90
       50
176
     1
 90
       50
176
     1
290
     0
176
     1
 90
       50
176
     1
 62
   256
176
     0
 40
1.0
176
     0
 90
        2
176
     1
  1
strokes_ogs.tif
176
     1
290
     0
176
     1
 40
1.0
176
     1
 40
1.0
176
     1
1001
ACAD
1000
AcDbSavedByObjectVersion
1070
     0
  0
VISUALSTYLE
  5
2A
102
{ACAD_REACTORS
330
29
102
}
330
29
100
AcDbVisualStyle
  2
Flat
 70
     0
177
     3
291
     1
 70
    58
 90
        2
176
     1
 90
        1
176
     1
 90
        1
176
     1
 90
        2
176
     1
 40
0.6
176
     1
 40
30.0
176
     1
 62
     7
420
 16777215
176
     1
 90
        0
176
     1
 90
        0
176
     1
 62
     7
176
     1
 62
   257
176
     1
 90
        1
176
     1
 90
        1
176
     1
 40
1.0
176
     1
 90
        8
176
     1
 62
     7
176
     1
 40
1.0
176
     1
 90
        1
176
     1
 90
        6
176
     1
 90
        2
176
     1
 62
     7
176
     1
 90
        5
176
     1
 90
        0
176
     1
 90
        0
176
     1
290
     0
176
     1
 90
       13
176
     1
 40
0.0
176
     1
 90
        0
176
     1
290
     0
176
     1
290
     1
176
     1
290
     1
176
     1
290
     0
176
     1
290
     0
176
     1
290
     0
176
     1
290
     0
176
     1
290
     0
176
     1
290
     0
176
     1
 90
       50
176
     1
 40
0.0
176
     1
 40
1.0
176
     1
 90
        0
176
     1
 62
    18
176
     1
 90
       50
176
     1
 90
        3
176
     1
 62
     5
420
      255
176
     1
290
     0
176
     1
 90
       50
176
     1
 90
       50
176
     1
 90
       50
176
     1
290
     0
176
     1
 90
       50
176
     1
 62
   256
176
     0
 40
1.0
176
     0
 90
        2
176
     1
  1
strokes_ogs.tif
176
     1
290
     0
176
     1
 40
1.0
176
     1
 40
1.0
176
     1
1001
ACAD
1000
AcDbSavedByObjectVersion
1070
     0
  0
VISUALSTYLE
  5
2B
102
{ACAD_REACTORS
330
29
102
}
330
29
100
AcDbVisualStyle
  2
FlatWithEdges
 70
     1
177
     3
291
     1
 70
    58
 90
        2
176
     1
 90
        1
176
     1
 90
        1
176
     1
 90
        2
176
     1
 40
0.6
176
     1
 40
30.0
176
     1
 62
     7
420
 16777215
176
     1
 90
        1
176
     1
 90
        0
176
     1
 62
     7
176
     1
 62
   257
176
     1
 90
        1
176
     1
 90
        1
176
     1
 40
1.0
176
     1
 90
        0
176
     1
 62
   257
176
     1
 40
1.0
176
     1
 90
        1
176
     1
 90
        6
176
     1
 90
        2
176
     1
 62
     7
176
     1
 90
        5
176
     1
 90
        0
176
     1
 90
        0
176
     1
290
     0
176
     1
 90
       13
176
     1
 40
0.0
176
     1
 90
        0
176
     1
290
     0
176
     1
290
     1
176
     1
290
     1
176
     1
290
     0
176
     1
290
     0
176
     1
290
     0
176
     1
290
     0
176
     1
290
     0
176
     1
290
     0
176
     1
 90
       50
176
     1
 40
0.0
176
     1
 40
1.0
176
     1
 90
        0
176
     1
 62
    18
176
     1
 90
       50
176
     1
 90
        3
176
     1
 62
     5
420
      255
176
     1
290
     0
176
     1
 90
       50
176
     1
 90
       50
176
     1
 90
       50
176
     1
290
     0
176
     1
 90
       50
176
     1
 62
   256
176
     0
 40
1.0
176
     0
 90
        2
176
     1
  1
strokes_ogs.tif
176
     1
290
     0
176
     1
 40
1.0
176
     1
 40
1.0
176
     1
1001
ACAD
1000
AcDbSavedByObjectVersion
1070
     0
  0
VISUALSTYLE
  5
2C
102
{ACAD_REACTORS
330
29
102
}
330
29
100
AcDbVisualStyle
  2
Gouraud
 70
     2
177
     3
291
     1
 70
    58
 90
        2
176
     1
 90
        2
176
     1
 90
        1
176
     1
 90
        2
176
     1
 40
0.6
176
     1
 40
30.0
176
     1
 62
     7
420
 16777215
176
     1
 90
        0
176
     1
 90
        0
176
     1
 62
     7
176
     1
 62
   257
176
     1
 90
        1
176
     1
 90
        1
176
     1
 40
1.0
176
     1
 90
        0
176
     1
 62
     7
176
     1
 40
1.0
176
     1
 90
        1
176
     1
 90
        6
176
     1
 90
        2
176
     1
 62
     7
176
     1
 90
        5
176
     1
 90
        0
176
     1
 90
        0
176
     1
290
     0
176
     1
 90
       13
176
     1
 40
0.0
176
     1
 90
        0
176
     1
290
     0
176
     1
290
     1
176
     1
290
     1
176
     1
290
     0
176
     1
290
     0
176
     1
290
     0
176
     1
290
     0
176
     1
290
     0
176
     1
290
     0
176
     1
 90
       50
176
     1
 40
0.0
176
     1
 40
1.0
176
     1
 90
        0
176
     1
 62
    18
176
     1
 90
       50
176
     1
 90
        3
176
     1
 62
     5
420
      255
176
     1
290
     0
176
     1
 90
       50
176
     1
 90
       50
176
     1
 90
       50
176
     1
290
     0
176
     1
 90
       50
176
     1
 62
   256
176
     0
 40
1.0
176
     0
 90
        2
176
     1
  1
strokes_ogs.tif
176
     1
290
     0
176
     1
 40
1.0
176
     1
 40
1.0
176
     1
1001
ACAD
1000
AcDbSavedByObjectVersion
1070
     0
  0
VISUALSTYLE
  5
2D
102
{ACAD_REACTORS
330
29
102
}
330
29
100
AcDbVisualStyle
  2
GouraudWithEdges
 70
     3
177
     3
291
     1
 70
    58
 90
        2
176
     1
 90
        2
176
     1
 90
        1
176
     1
 90
        2
176
     1
 40
0.6
176
     1
 40
30.0
176
     1
 62
     7
420
 16777215
176
     1
 90
        1
176
     1
 90
        0
176
     1
 62
     7
176
     1
 62
   257
176
     1
 90
        1
176
     1
 90
        1
176
     1
 40
1.0
176
     1
 90
        0
176
     1
 62
   257
176
     1
 40
1.0
176
     1
 90
        1
176
     1
 90
        6
176
     1
 90
        2
176
     1
 62
     7
176
     1
 90
        5
176
     1
 90
        0
176
     1
 90
        0
176
     1
290
     0
176
     1
 90
       13
176
     1
 40
0.0
176
     1
 90
        0
176
     1
290
     0
176
     1
290
     1
176
     1
290
     1
176
     1
290
     0
176
     1
290
     0
176
     1
290
     0
176
     1
290
     0
176
     1
290
     0
176
     1
290
     0
176
     1
 90
       50
176
     1
 40
0.0
176
     1
 40
1.0
176
     1
 90
        0
176
     1
 62
    18
176
     1
 90
       50
176
     1
 90
        3
176
     1
 62
     5
420
      255
176
     1
290
     0
176
     1
 90
       50
176
     1
 90
       50
176
     1
 90
       50
176
     1
290
     0
176
     1
 90
       50
176
     1
 62
   256
176
     0
 40
1.0
176
     0
 90
        2
176
     1
  1
strokes_ogs.tif
176
     1
290
     0
176
     1
 40
1.0
176
     1
 40
1.0
176
     1
1001
ACAD
1000
AcDbSavedByObjectVersion
1070
     0
  0
VISUALSTYLE
  5
31
102
{ACAD_REACTORS
330
29
102
}
330
29
100
AcDbVisualStyle
  2
Hidden
 70
     6
177
     3
291
     0
 70
    58
 90
        1
176
     1
 90
        2
176
     1
 90
        2
176
     1
 90
        0
176
     1
 40
0.6
176
     1
 40
30.0
176
     1
 62
     7
420
 16777215
176
     1
 90
        2
176
     1
 90
        2
176
     1
 62
     7
176
     1
 62
   257
176
     1
 90
        2
176
     1
 90
        1
176
     1
 40
40.0
176
     1
 90
        0
176
     1
 62
   257
176
     1
 40
1.0
176
     1
 90
        1
176
     1
 90
        6
176
     1
 90
        2
176
     1
 62
     7
176
     1
 90
        3
176
     1
 90
        0
176
     1
 90
        0
176
     1
290
     0
176
     1
 90
        1
176
     1
 40
0.0
176
     1
 90
        0
176
     1
290
     0
176
     1
290
     1
176
     1
290
     1
176
     1
290
     0
176
     1
290
     0
176
     1
290
     0
176
     1
290
     0
176
     1
290
     0
176
     1
290
     0
176
     1
 90
       50
176
     1
 40
0.0
176
     1
 40
1.0
176
     1
 90
        0
176
     1
 62
    18
176
     1
 90
       50
176
     1
 90
        3
176
     1
 62
     5
420
      255
176
     1
290
     0
176
     1
 90
       50
176
     1
 90
       50
176
     1
 90
       50
176
     1
290
     0
176
     1
 90
       50
176
     1
 62
   256
176
     0
 40
1.0
176
     0
 90
        2
176
     1
  1
strokes_ogs.tif
176
     1
290
     0
176
     1
 40
1.0
176
     1
 40
1.0
176
     1
1001
ACAD
1000
AcDbSavedByObjectVersion
1070
     0
  0
VISUALSTYLE
  5
3F
102
{ACAD_REACTORS
330
29
102
}
330
29
100
AcDbVisualStyle
  2
JitterOff
 70
    20
177
     3
291
     1
 70
    58
 90
        2
176
     0
 90
        2
176
     0
 90
        0
176
     0
 90
        0
176
     0
 40
0.6
176
     0
 40
30.0
176
     0
 62
     7
420
 16777215
176
     0
 90
        1
176
     0
 90
        4
176
     0
 62
     7
176
     0
 62
   257
176
     0
 90
        1
176
     0
 90
        1
176
     0
 40
1.0
176
     0
 90
       10
176
     2
 62
     7
176
     0
 40
1.0
176
     0
 90
        1
176
     0
 90
        6
176
     0
 90
        2
176
     0
 62
     7
176
     0
 90
        5
176
     0
 90
        0
176
     0
 90
        0
176
     0
290
     0
176
     0
 90
        1
176
     0
 40
0.0
176
     0
 90
        0
176
     0
290
     0
176
     0
290
     1
176
     0
290
     1
176
     0
290
     0
176
     0
290
     0
176
     0
290
     0
176
     0
290
     0
176
     0
290
     0
176
     0
290
     0
176
     0
 90
       50
176
     0
 40
0.0
176
     0
 40
1.0
176
     0
 90
        0
176
     0
 62
    18
176
     0
 90
       50
176
     0
 90
        3
176
     0
 62
     5
420
      255
176
     0
290
     0
176
     0
 90
       50
176
     0
 90
       50
176
     0
 90
       50
176
     0
290
     0
176
     0
 90
       50
176
     0
 62
   256
176
     0
 40
1.0
176
     0
 90
        2
176
     0
  1
strokes_ogs.tif
176
     0
290
     0
176
     0
 40
1.0
176
     0
 40
1.0
176
     0
1001
ACAD
1000
AcDbSavedByObjectVersion
1070
     0
  0
VISUALSTYLE
  5
37
102
{ACAD_REACTORS
330
29
102
}
330
29
100
AcDbVisualStyle
  2
Linepattern
 70
    14
177
     3
291
     1
 70
    58
 90
        2
176
     1
 90
        2
176
     1
 90
        0
176
     1
 90
        0
176
     1
 40
0.6
176
     1
 40
30.0
176
     1
 62
     7
420
 16777215
176
     1
 90
        1
176
     1
 90
        4
176
     1
 62
     7
176
     1
 62
   257
176
     1
 90
        7
176
     1
 90
        7
176
     1
 40
1.0
176
     1
 90
        8
176
     1
 62
     7
176
     1
 40
1.0
176
     1
 90
        1
176
     1
 90
        6
176
     1
 90
        2
176
     1
 62
     7
176
     1
 90
        5
176
     1
 90
        0
176
     1
 90
        0
176
     1
290
     0
176
     1
 90
        1
176
     1
 40
0.0
176
     1
 90
        0
176
     1
290
     0
176
     1
290
     1
176
     1
290
     1
176
     1
290
     0
176
     1
290
     0
176
     1
290
     0
176
     1
290
     0
176
     1
290
     0
176
     1
290
     0
176
     1
 90
       50
176
     1
 40
0.0
176
     1
 40
1.0
176
     1
 90
        0
176
     1
 62
    18
176
     1
 90
       50
176
     1
 90
        3
176
     1
 62
     5
420
      255
176
     1
290
     0
176
     1
 90
       50
176
     1
 90
       50
176
     1
 90
       50
176
     1
290
     0
176
     1
 90
       50
176
     1
 62
   256
176
     0
 40
1.0
176
     0
 90
        2
176
     1
  1
strokes_ogs.tif
176
     1
290
     0
176
     1
 40
1.0
176
     1
 40
1.0
176
     1
1001
ACAD
1000
AcDbSavedByObjectVersion
1070
     0
  0
VISUALSTYLE
  5
40
102
{ACAD_REACTORS
330
29
102
}
330
29
100
AcDbVisualStyle
  2
OverhangOff
 70
    21
177
     3
291
     1
 70
    58
 90
        2
176
     0
 90
        2
176
     0
 90
        0
176
     0
 90
        0
176
     0
 40
0.6
176
     0
 40
30.0
176
     0
 62
     7
420
 16777215
176
     0
 90
        1
176
     0
 90
        4
176
     0
 62
     7
176
     0
 62
   257
176
     0
 90
        1
176
     0
 90
        1
176
     0
 40
1.0
176
     0
 90
        9
176
     2
 62
     7
176
     0
 40
1.0
176
     0
 90
        1
176
     0
 90
        6
176
     0
 90
        2
176
     0
 62
     7
176
     0
 90
        5
176
     0
 90
        0
176
     0
 90
        0
176
     0
290
     0
176
     0
 90
        1
176
     0
 40
0.0
176
     0
 90
        0
176
     0
290
     0
176
     0
290
     1
176
     0
290
     1
176
     0
290
     0
176
     0
290
     0
176
     0
290
     0
176
     0
290
     0
176
     0
290
     0
176
     0
290
     0
176
     0
 90
       50
176
     0
 40
0.0
176
     0
 40
1.0
176
     0
 90
        0
176
     0
 62
    18
176
     0
 90
       50
176
     0
 90
        3
176
     0
 62
     5
420
      255
176
     0
290
     0
176
     0
 90
       50
176
     0
 90
       50
176
     0
 90
       50
176
     0
290
     0
176
     0
 90
       50
176
     0
 62
   256
176
     0
 40
1.0
176
     0
 90
        2
176
     0
  1
strokes_ogs.tif
176
     0
290
     0
176
     0
 40
1.0
176
     0
 40
1.0
176
     0
1001
ACAD
1000
AcDbSavedByObjectVersion
1070
     0
  0
VISUALSTYLE
  5
33
102
{ACAD_REACTORS
330
29
102
}
330
29
100
AcDbVisualStyle
  2
Realistic
 70
     8
177
     3
291
     0
 70
    58
 90
        2
176
     1
 90
        3
176
     1
 90
        0
176
     1
 90
        2
176
     1
 40
0.6
176
     1
 40
30.0
176
     1
 62
     7
420
 16777215
176
     1
 90
        0
176
     1
 90
        0
176
     1
 62
     7
176
     1
 62
   257
176
     1
 90
        1
176
     1
 90
        1
176
     1
 40
1.0
176
     1
 90
        8
176
     1
 62
   257
176
     1
 40
1.0
176
     1
 90
        1
176
     1
 90
        6
176
     1
 90
        2
176
     1
 62
     7
176
     1
 90
        3
176
     1
 90
        0
176
     1
 90
        0
176
     1
290
     0
176
     1
 90
       13
176
     1
 40
0.0
176
     1
 90
        0
176
     1
290
     0
176
     1
290
     1
176
     1
290
     1
176
     1
290
     0
176
     1
290
     0
176
     1
290
     0
176
     1
290
     0
176
     1
290
     0
176
     1
290
     0
176
     1
 90
       50
176
     1
 40
0.0
176
     1
 40
1.0
176
     1
 90
        0
176
     1
 62
    18
176
     1
 90
       50
176
     1
 90
        3
176
     1
 62
     5
420
      255
176
     1
290
     0
176
     1
 90
       50
176
     1
 90
       50
176
     1
 90
       50
176
     1
290
     0
176
     1
 90
       50
176
     1
 62
   256
176
     0
 40
1.0
176
     0
 90
        2
176
     1
  1
strokes_ogs.tif
176
     1
290
     0
176
     1
 40
1.0
176
     1
 40
1.0
176
     1
1001
ACAD
1000
AcDbSavedByObjectVersion
1070
     0
  0
VISUALSTYLE
  5
3E
102
{ACAD_REACTORS
330
29
102
}
330
29
100
AcDbVisualStyle
  2
Shaded
 70
    27
177
     3
291
     0
 70
    58
 90
        2
176
     1
 90
        2
176
     1
 90
        1
176
     1
 90
        2
176
     1
 40
0.6
176
     1
 40
30.0
176
     1
 62
     7
420
 16777215
176
     1
 90
        0
176
     1
 90
        4
176
     1
 62
     7
176
     1
 62
   257
176
     1
 90
        1
176
     1
 90
        1
176
     1
 40
1.0
176
     1
 90
        8
176
     1
 62
   257
176
     1
 40
1.0
176
     1
 90
        1
176
     1
 90
        6
176
     1
 90
        2
176
     1
 62
     8
420
  7895160
176
     1
 90
        3
176
     1
 90
        0
176
     1
 90
        0
176
     1
290
     0
176
     1
 90
        5
176
     1
 40
0.0
176
     1
 90
        0
176
     1
290
     0
176
     1
290
     1
176
     1
290
     1
176
     1
290
     0
176
     1
290
     0
176
     1
290
     0
176
     1
290
     0
176
     1
290
     0
176
     1
290
     0
176
     1
 90
       50
176
     1
 40
0.0
176
     1
 40
1.0
176
     1
 90
        0
176
     1
 62
    18
176
     1
 90
       50
176
     1
 90
        3
176
     1
 62
     5
420
      255
176
     1
290
     0
176
     1
 90
       50
176
     1
 90
       50
176
     1
 90
       50
176
     1
290
     0
176
     1
 90
       50
176
     1
 62
   256
176
     0
 40
1.0
176
     0
 90
        2
176
     1
  1
strokes_ogs.tif
176
     1
290
     0
176
     1
 40
1.0
176
     1
 40
1.0
176
     1
1001
ACAD
1000
AcDbSavedByObjectVersion
1070
     0
  0
VISUALSTYLE
  5
3D
102
{ACAD_REACTORS
330
29
102
}
330
29
100
AcDbVisualStyle
  2
Shaded with edges
 70
    26
177
     3
291
     0
 70
    58
 90
        2
176
     1
 90
        2
176
     1
 90
        1
176
     1
 90
        2
176
     1
 40
0.6
176
     1
 40
30.0
176
     1
 62
     7
420
 16777215
176
     1
 90
        1
176
     1
 90
        2
176
     1
 62
     7
176
     1
 62
   257
176
     1
 90
        2
176
     1
 90
        1
176
     1
 40
1.0
176
     1
 90
        8
176
     1
 62
   257
176
     1
 40
1.0
176
     1
 90
        1
176
     1
 90
        6
176
     1
 90
        2
176
     1
 62
     7
176
     1
 90
        3
176
     1
 90
        0
176
     1
 90
        0
176
     1
290
     0
176
     1
 90
        5
176
     1
 40
0.0
176
     1
 90
        0
176
     1
290
     0
176
     1
290
     1
176
     1
290
     1
176
     1
290
     0
176
     1
290
     0
176
     1
290
     0
176
     1
290
     0
176
     1
290
     0
176
     1
290
     0
176
     1
 90
       50
176
     1
 40
0.0
176
     1
 40
1.0
176
     1
 90
        0
176
     1
 62
    18
176
     1
 90
       50
176
     1
 90
        3
176
     1
 62
     5
420
      255
176
     1
290
     0
176
     1
 90
       50
176
     1
 90
       50
176
     1
 90
       50
176
     1
290
     0
176
     1
 90
       50
176
     1
 62
   256
176
     0
 40
1.0
176
     0
 90
        2
176
     1
  1
strokes_ogs.tif
176
     1
290
     0
176
     1
 40
1.0
176
     1
 40
1.0
176
     1
1001
ACAD
1000
AcDbSavedByObjectVersion
1070
     0
  0
VISUALSTYLE
  5
3A
102
{ACAD_REACTORS
330
29
102
}
330
29
100
AcDbVisualStyle
  2
Shades of Gray
 70
    23
177
     3
291
     0
 70
    58
 90
        2
176
     1
 90
        2
176
     1
 90
        3
176
     1
 90
        0
176
     1
 40
0.6
176
     1
 40
30.0
176
     1
 62
     7
420
 16777215
176
     1
 90
        2
176
     1
 90
        2
176
     1
 62
     7
176
     1
 62
     7
176
     1
 90
        1
176
     1
 90
        1
176
     1
 40
40.0
176
     1
 90
        8
176
     1
 62
     7
176
     1
 40
1.0
176
     1
 90
        1
176
     1
 90
        6
176
     1
 90
        2
176
     1
 62
     7
176
     1
 90
        3
176
     1
 90
        0
176
     1
 90
        0
176
     1
290
     0
176
     1
 90
        1
176
     1
 40
0.0
176
     1
 90
        0
176
     1
290
     0
176
     1
290
     1
176
     1
290
     1
176
     1
290
     0
176
     1
290
     0
176
     1
290
     0
176
     1
290
     0
176
     1
290
     0
176
     1
290
     0
176
     1
 90
       50
176
     1
 40
0.0
176
     1
 40
1.0
176
     1
 90
        0
176
     1
 62
    18
176
     1
 90
       50
176
     1
 90
        3
176
     1
 62
     5
420
      255
176
     1
290
     0
176
     1
 90
       50
176
     1
 90
       50
176
     1
 90
       50
176
     1
290
     0
176
     1
 90
       50
176
     1
 62
   256
176
     0
 40
1.0
176
     0
 90
        2
176
     1
  1
strokes_ogs.tif
176
     1
290
     0
176
     1
 40
1.0
176
     1
 40
1.0
176
     1
1001
ACAD
1000
AcDbSavedByObjectVersion
1070
     0
  0
VISUALSTYLE
  5
3B
102
{ACAD_REACTORS
330
29
102
}
330
29
100
AcDbVisualStyle
  2
Sketchy
 70
    24
177
     3
291
     0
 70
    58
 90
        1
176
     1
 90
        2
176
     1
 90
        2
176
     1
 90
        0
176
     1
 40
0.6
176
     1
 40
30.0
176
     1
 62
     7
420
 16777215
176
     1
 90
        2
176
     1
 90
        2
176
     1
 62
     7
176
     1
 62
     7
176
     1
 90
        1
176
     1
 90
        1
176
     1
 40
40.0
176
     1
 90
       11
176
     1
 62
     7
176
     1
 40
1.0
176
     1
 90
        1
176
     1
 90
        6
176
     1
 90
        2
176
     1
 62
     7
176
     1
 90
        6
176
     1
 90
        0
176
     1
 90
        0
176
     1
290
     0
176
     1
 90
        1
176
     1
 40
0.0
176
     1
 90
        0
176
     1
290
     0
176
     1
290
     1
176
     1
290
     1
176
     1
290
     0
176
     1
290
     0
176
     1
290
     0
176
     1
290
     0
176
     1
290
     0
176
     1
290
     0
176
     1
 90
       50
176
     1
 40
0.0
176
     1
 40
1.0
176
     1
 90
        0
176
     1
 62
    18
176
     1
 90
       50
176
     1
 90
        3
176
     1
 62
     5
420
      255
176
     1
290
     0
176
     1
 90
       50
176
     1
 90
       50
176
     1
 90
       50
176
     1
290
     0
176
     1
 90
       50
176
     1
 62
   256
176
     0
 40
1.0
176
     0
 90
        2
176
     1
  1
strokes_ogs.tif
176
     1
290
     0
176
     1
 40
1.0
176
     1
 40
1.0
176
     1
1001
ACAD
1000
AcDbSavedByObjectVersion
1070
     0
  0
VISUALSTYLE
  5
36
102
{ACAD_REACTORS
330
29
102
}
330
29
100
AcDbVisualStyle
  2
Thicken
 70
    13
177
     3
291
     1
 70
    58
 90
        2
176
     1
 90
        2
176
     1
 90
        0
176
     1
 90
        0
176
     1
 40
0.6
176
     1
 40
30.0
176
     1
 62
     7
420
 16777215
176
     1
 90
        1
176
     1
 90
        4
176
     1
 62
     7
176
     1
 62
   257
176
     1
 90
        1
176
     1
 90
        1
176
     1
 40
1.0
176
     1
 90
       12
176
     1
 62
     7
176
     1
 40
1.0
176
     1
 90
        1
176
     1
 90
        6
176
     1
 90
        2
176
     1
 62
     7
176
     1
 90
        5
176
     1
 90
        0
176
     1
 90
        0
176
     1
290
     0
176
     1
 90
        1
176
     1
 40
0.0
176
     1
 90
        0
176
     1
290
     0
176
     1
290
     1
176
     1
290
     1
176
     1
290
     0
176
     1
290
     0
176
     1
290
     0
176
     1
290
     0
176
     1
290
     0
176
     1
290
     0
176
     1
 90
       50
176
     1
 40
0.0
176
     1
 40
1.0
176
     1
 90
        0
176
     1
 62
    18
176
     1
 90
       50
176
     1
 90
        3
176
     1
 62
     5
420
      255
176
     1
290
     0
176
     1
 90
       50
176
     1
 90
       50
176
     1
 90
       50
176
     1
290
     0
176
     1
 90
       50
176
     1
 62
   256
176
     0
 40
1.0
176
     0
 90
        2
176
     1
  1
strokes_ogs.tif
176
     1
290
     0
176
     1
 40
1.0
176
     1
 40
1.0
176
     1
1001
ACAD
1000
AcDbSavedByObjectVersion
1070
     0
  0
VISUALSTYLE
  5
30
102
{ACAD_REACTORS
330
29
102
}
330
29
100
AcDbVisualStyle
  2
Wireframe
 70
     5
177
     3
291
     0
 70
    58
 90
        0
176
     1
 90
        2
176
     1
 90
        0
176
     1
 90
        0
176
     1
 40
0.6
176
     1
 40
30.0
176
     1
 62
     7
420
 16777215
176
     1
 90
        1
176
     1
 90
        4
176
     1
 62
     7
176
     1
 62
   257
176
     1
 90
        1
176
     1
 90
        1
176
     1
 40
1.0
176
     1
 90
        0
176
     1
 62
   257
176
     1
 40
1.0
176
     1
 90
        1
176
     1
 90
        6
176
     1
 90
        2
176
     1
 62
     7
176
     1
 90
        3
176
     1
 90
        0
176
     1
 90
        0
176
     1
290
     0
176
     1
 90
        1
176
     1
 40
0.0
176
     1
 90
        0
176
     1
290
     0
176
     1
290
     1
176
     1
290
     1
176
     1
290
     0
176
     1
290
     0
176
     1
290
     0
176
     1
290
     0
176
     1
290
     0
176
     1
290
     0
176
     1
 90
       50
176
     1
 40
0.0
176
     1
 40
1.0
176
     1
 90
        0
176
     1
 62
    18
176
     1
 90
       50
176
     1
 90
        3
176
     1
 62
     5
420
      255
176
     1
290
     0
176
     1
 90
       50
176
     1
 90
       50
176
     1
 90
       50
176
     1
290
     0
176
     1
 90
       50
176
     1
 62
   256
176
     0
 40
1.0
176
     0
 90
        2
176
     1
  1
strokes_ogs.tif
176
     1
290
     0
176
     1
 40
1.0
176
     1
 40
1.0
176
     1
1001
ACAD
1000
AcDbSavedByObjectVersion
1070
     0
  0
VISUALSTYLE
  5
3C
102
{ACAD_REACTORS
330
29
102
}
330
29
100
AcDbVisualStyle
  2
X-Ray
 70
    25
177
     3
291
     0
 70
    58
 90
        2
176
     1
 90
        2
176
     1
 90
        1
176
     1
 90
        1
176
     1
 40
0.5
176
     1
 40
30.0
176
     1
 62
     7
420
 16777215
176
     1
 90
        1
176
     1
 90
        0
176
     1
 62
     7
176
     1
 62
   257
176
     1
 90
        1
176
     1
 90
        1
176
     1
 40
1.0
176
     1
 90
        8
176
     1
 62
     7
176
     1
 40
1.0
176
     1
 90
        1
176
     1
 90
        6
176
     1
 90
        2
176
     1
 62
     7
176
     1
 90
        3
176
     1
 90
        0
176
     1
 90
        0
176
     1
290
     0
176
     1
 90
       13
176
     1
 40
0.0
176
     1
 90
        0
176
     1
290
     0
176
     1
290
     1
176
     1
290
     1
176
     1
290
     0
176
     1
290
     0
176
     1
290
     0
176
     1
290
     0
176
     1
290
     0
176
     1
290
     0
176
     1
 90
       50
176
     1
 40
0.0
176
     1
 40
1.0
176
     1
 90
        0
176
     1
 62
    18
176
     1
 90
       50
176
     1
 90
        3
176
     1
 62
     5
420
      255
176
     1
290
     0
176
     1
 90
       50
176
     1
 90
       50
176
     1
 90
       50
176
     1
290
     0
176
     1
 90
       50
176
     1
 62
   256
176
     0
 40
1.0
176
     0
 90
        2
176
     1
  1
strokes_ogs.tif
176
     1
290
     0
176
     1
 40
1.0
176
     1
 40
1.0
176
     1
1001
ACAD
1000
AcDbSavedByObjectVersion
1070
     0
  0
DICTIONARYVAR
  5
1918
102
{ACAD_REACTORS
330
1913
102
}
330
1913
100
DictionaryVariables
280
     0
  1
0
  0
DICTIONARYVAR
  5
1919
102
{ACAD_REACTORS
330
1913
102
}
330
1913
100
DictionaryVariables
280
     0
  1
1:1
  0
DICTIONARYVAR
  5
1915
102
{ACAD_REACTORS
330
1913
102
}
330
1913
100
DictionaryVariables
280
     0
  1
STANDARD
  0
DICTIONARYVAR
  5
1914
102
{ACAD_REACTORS
330
1913
102
}
330
1913
100
DictionaryVariables
280
     0
  1
STANDARD
  0
DICTIONARYVAR
  5
1916
102
{ACAD_REACTORS
330
1913
102
}
330
1913
100
DictionaryVariables
280
     0
  1
Imperial24
  0
DICTIONARYVAR
  5
1917
102
{ACAD_REACTORS
330
1913
102
}
330
1913
100
DictionaryVariables
280
     0
  1
Imperial24
  0
DICTIONARY
  5
2B0B
330
6B
100
AcDbDictionary
280
     1
281
     1
  3
ACAD_XREC_ROUNDTRIP
360
2B0C
  0
DICTIONARY
  5
2B0F
330
1924
100
AcDbDictionary
280
     1
281
     1
  3
ACAD_XREC_ROUNDTRIP
360
2B10
  0
DICTIONARY
  5
1A
330
19
100
AcDbDictionary
280
     1
281
     1
  3
BUMPTILE
360
1C
  3
DIFFUSETILE
360
1B
  3
OPACITYTILE
360
1F
  3
REFLECTIONTILE
360
1E
  3
REFRACTIONTILE
360
20
  3
SPECULARTILE
360
1D
  0
DICTIONARY
  5
12
330
11
100
AcDbDictionary
280
     1
281
     1
  3
BUMPTILE
360
14
  3
DIFFUSETILE
360
13
  3
OPACITYTILE
360
17
  3
REFLECTIONTILE
360
16
  3
REFRACTIONTILE
360
18
  3
SPECULARTILE
360
15
  0
DICTIONARY
  5
22
330
21
100
AcDbDictionary
280
     1
281
     1
  3
BUMPTILE
360
24
  3
DIFFUSETILE
360
23
  3
OPACITYTILE
360
27
  3
REFLECTIONTILE
360
26
  3
REFRACTIONTILE
360
28
  3
SPECULARTILE
360
25
  0
DICTIONARY
  5
2B09
330
69
100
AcDbDictionary
280
     1
281
     1
  3
ACAD_XREC_ROUNDTRIP
360
2B0A
  0
DICTIONARY
  5
2B0D
330
1923
100
AcDbDictionary
280
     1
281
     1
  3
ACAD_XREC_ROUNDTRIP
360
2B0E
  0
DICTIONARY
  5
191A
330
65
100
AcDbDictionary
280
     1
281
     1
  3
ACAD_ROUNDTRIP_2008_TABLESTYLE_CELLSTYLEMAP
360
2B07
  0
XRECORD
  5
2B0C
102
{ACAD_REACTORS
330
2B0B
102
}
330
2B0B
100
AcDbXrecord
280
     1
102
DISPLAYNAME
  1
Imperial24
102
FLAGS
 90
        0
  0
XRECORD
  5
2B10
102
{ACAD_REACTORS
330
2B0F
102
}
330
2B0F
100
AcDbXrecord
280
     1
102
DISPLAYNAME
  1
Metric50
102
FLAGS
 90
        0
  0
XRECORD
  5
1C
102
{ACAD_REACTORS
330
1A
102
}
330
1A
100
AcDbXrecord
280
     1
270
     1
271
     1
  0
XRECORD
  5
1B
102
{ACAD_REACTORS
330
1A
102
}
330
1A
100
AcDbXrecord
280
     1
270
     1
271
     1
  0
XRECORD
  5
1F
102
{ACAD_REACTORS
330
1A
102
}
330
1A
100
AcDbXrecord
280
     1
270
     1
271
     1
  0
XRECORD
  5
1E
102
{ACAD_REACTORS
330
1A
102
}
330
1A
100
AcDbXrecord
280
     1
270
     1
271
     1
  0
XRECORD
  5
20
102
{ACAD_REACTORS
330
1A
102
}
330
1A
100
AcDbXrecord
280
     1
270
     1
271
     1
  0
XRECORD
  5
1D
102
{ACAD_REACTORS
330
1A
102
}
330
1A
100
AcDbXrecord
280
     1
270
     1
271
     1
  0
XRECORD
  5
14
102
{ACAD_REACTORS
330
12
102
}
330
12
100
AcDbXrecord
280
     1
270
     1
271
     1
  0
XRECORD
  5
13
102
{ACAD_REACTORS
330
12
102
}
330
12
100
AcDbXrecord
280
     1
270
     1
271
     1
  0
XRECORD
  5
17
102
{ACAD_REACTORS
330
12
102
}
330
12
100
AcDbXrecord
280
     1
270
     1
271
     1
  0
XRECORD
  5
16
102
{ACAD_REACTORS
330
12
102
}
330
12
100
AcDbXrecord
280
     1
270
     1
271
     1
  0
XRECORD
  5
18
102
{ACAD_REACTORS
330
12
102
}
330
12
100
AcDbXrecord
280
     1
270
     1
271
     1
  0
XRECORD
  5
15
102
{ACAD_REACTORS
330
12
102
}
330
12
100
AcDbXrecord
280
     1
270
     1
271
     1
  0
XRECORD
  5
24
102
{ACAD_REACTORS
330
22
102
}
330
22
100
AcDbXrecord
280
     1
270
     1
271
     1
  0
XRECORD
  5
23
102
{ACAD_REACTORS
330
22
102
}
330
22
100
AcDbXrecord
280
     1
270
     1
271
     1
  0
XRECORD
  5
27
102
{ACAD_REACTORS
330
22
102
}
330
22
100
AcDbXrecord
280
     1
270
     1
271
     1
  0
XRECORD
  5
26
102
{ACAD_REACTORS
330
22
102
}
330
22
100
AcDbXrecord
280
     1
270
     1
271
     1
  0
XRECORD
  5
28
102
{ACAD_REACTORS
330
22
102
}
330
22
100
AcDbXrecord
280
     1
270
     1
271
     1
  0
XRECORD
  5
25
102
{ACAD_REACTORS
330
22
102
}
330
22
100
AcDbXrecord
280
     1
270
     1
271
     1
  0
XRECORD
  5
2B0A
102
{ACAD_REACTORS
330
2B09
102
}
330
2B09
100
AcDbXrecord
280
     1
102
DISPLAYNAME
  1
Imperial24
102
FLAGS
 90
        0
  0
XRECORD
  5
2B0E
102
{ACAD_REACTORS
330
2B0D
102
}
330
2B0D
100
AcDbXrecord
280
     1
102
DISPLAYNAME
  1
Metric50
102
FLAGS
 90
        0
  0
CELLSTYLEMAP
  5
2B07
102
{ACAD_REACTORS
330
191A
102
}
330
191A
100
AcDbCellStyleMap
 90
        3
300
CELLSTYLE
  1
TABLEFORMAT_BEGIN
 90
        5
170
     1
 91
        0
 92
    32768
 62
   257
 93
        1
300
CONTENTFORMAT
  1
CONTENTFORMAT_BEGIN
 90
        0
 91
        0
 92
      512
 93
        0
300

 40
0.0
140
1.0
 94
        5
 62
     0
340
55
144
0.25
309
CONTENTFORMAT_END
171
     1
301
MARGIN
  1
CELLMARGIN_BEGIN
 40
1.5
 40
1.5
 40
1.5
 40
1.5
 40
0.18
 40
0.18
309
CELLMARGIN_END
 94
        6
 95
        1
302
GRIDFORMAT
  1
GRIDFORMAT_BEGIN
 90
        0
 91
        1
 62
     0
 92
       -2
340
0
 93
        0
 40
0.045
309
GRIDFORMAT_END
 95
        2
302
GRIDFORMAT
  1
GRIDFORMAT_BEGIN
 90
        0
 91
        1
 62
     0
 92
       -2
340
0
 93
        0
 40
0.045
309
GRIDFORMAT_END
 95
        4
302
GRIDFORMAT
  1
GRIDFORMAT_BEGIN
 90
        0
 91
        1
 62
     0
 92
       -2
340
0
 93
        0
 40
0.045
309
GRIDFORMAT_END
 95
        8
302
GRIDFORMAT
  1
GRIDFORMAT_BEGIN
 90
        0
 91
        1
 62
     0
 92
       -2
340
0
 93
        0
 40
0.045
309
GRIDFORMAT_END
 95
       16
302
GRIDFORMAT
  1
GRIDFORMAT_BEGIN
 90
        0
 91
        1
 62
     0
 92
       -2
340
0
 93
        0
 40
0.045
309
GRIDFORMAT_END
 95
       32
302
GRIDFORMAT
  1
GRIDFORMAT_BEGIN
 90
        0
 91
        1
 62
     0
 92
       -2
340
0
 93
        0
 40
0.045
309
GRIDFORMAT_END
309
TABLEFORMAT_END
  1
CELLSTYLE_BEGIN
 90
        1
 91
        1
300
_TITLE
309
CELLSTYLE_END
300
CELLSTYLE
  1
TABLEFORMAT_BEGIN
 90
        5
170
     1
 91
        0
 92
        0
 62
   257
 93
        1
300
CONTENTFORMAT
  1
CONTENTFORMAT_BEGIN
 90
        0
 91
        0
 92
      512
 93
        0
300

 40
0.0
140
1.0
 94
        5
 62
     0
340
55
144
0.18
309
CONTENTFORMAT_END
171
     1
301
MARGIN
  1
CELLMARGIN_BEGIN
 40
1.5
 40
1.5
 40
1.5
 40
1.5
 40
0.18
 40
0.18
309
CELLMARGIN_END
 94
        6
 95
        1
302
GRIDFORMAT
  1
GRIDFORMAT_BEGIN
 90
        0
 91
        1
 62
     0
 92
       -2
340
0
 93
        0
 40
0.045
309
GRIDFORMAT_END
 95
        2
302
GRIDFORMAT
  1
GRIDFORMAT_BEGIN
 90
        0
 91
        1
 62
     0
 92
       -2
340
0
 93
        0
 40
0.045
309
GRIDFORMAT_END
 95
        4
302
GRIDFORMAT
  1
GRIDFORMAT_BEGIN
 90
        0
 91
        1
 62
     0
 92
       -2
340
0
 93
        0
 40
0.045
309
GRIDFORMAT_END
 95
        8
302
GRIDFORMAT
  1
GRIDFORMAT_BEGIN
 90
        0
 91
        1
 62
     0
 92
       -2
340
0
 93
        0
 40
0.045
309
GRIDFORMAT_END
 95
       16
302
GRIDFORMAT
  1
GRIDFORMAT_BEGIN
 90
        0
 91
        1
 62
     0
 92
       -2
340
0
 93
        0
 40
0.045
309
GRIDFORMAT_END
 95
       32
302
GRIDFORMAT
  1
GRIDFORMAT_BEGIN
 90
        0
 91
        1
 62
     0
 92
       -2
340
0
 93
        0
 40
0.045
309
GRIDFORMAT_END
309
TABLEFORMAT_END
  1
CELLSTYLE_BEGIN
 90
        2
 91
        1
300
_HEADER
309
CELLSTYLE_END
300
CELLSTYLE
  1
TABLEFORMAT_BEGIN
 90
        5
170
     1
 91
        0
 92
        0
 62
   257
 93
        1
300
CONTENTFORMAT
  1
CONTENTFORMAT_BEGIN
 90
        0
 91
        0
 92
      512
 93
        0
300

 40
0.0
140
1.0
 94
        2
 62
     0
340
55
144
0.18
309
CONTENTFORMAT_END
171
     1
301
MARGIN
  1
CELLMARGIN_BEGIN
 40
1.5
 40
1.5
 40
1.5
 40
1.5
 40
0.18
 40
0.18
309
CELLMARGIN_END
 94
        6
 95
        1
302
GRIDFORMAT
  1
GRIDFORMAT_BEGIN
 90
        0
 91
        1
 62
     0
 92
       -2
340
0
 93
        0
 40
0.045
309
GRIDFORMAT_END
 95
        2
302
GRIDFORMAT
  1
GRIDFORMAT_BEGIN
 90
        0
 91
        1
 62
     0
 92
       -2
340
0
 93
        0
 40
0.045
309
GRIDFORMAT_END
 95
        4
302
GRIDFORMAT
  1
GRIDFORMAT_BEGIN
 90
        0
 91
        1
 62
     0
 92
       -2
340
0
 93
        0
 40
0.045
309
GRIDFORMAT_END
 95
        8
302
GRIDFORMAT
  1
GRIDFORMAT_BEGIN
 90
        0
 91
        1
 62
     0
 92
       -2
340
0
 93
        0
 40
0.045
309
GRIDFORMAT_END
 95
       16
302
GRIDFORMAT
  1
GRIDFORMAT_BEGIN
 90
        0
 91
        1
 62
     0
 92
       -2
340
0
 93
        0
 40
0.045
309
GRIDFORMAT_END
 95
       32
302
GRIDFORMAT
  1
GRIDFORMAT_BEGIN
 90
        0
 91
        1
 62
     0
 92
       -2
340
0
 93
        0
 40
0.045
309
GRIDFORMAT_END
309
TABLEFORMAT_END
  1
CELLSTYLE_BEGIN
 90
        3
 91
        2
300
_DATA
309
CELLSTYLE_END
  0
ENDSEC
  0
EOF
