  0
SECTION
  2
HEADER
  9
$ACADVER
  1
AC1027
  9
$ACADMAINTVER
 70
   125
  9
$DWGCODEPAGE
  3
ANSI_1252
  9
$LASTSAVEDBY
  1
Admin
  9
$REQUIREDVERSIONS
160
                 0
  9
$INSBASE
 10
0.0
 20
0.0
 30
0.0
  9
$EXTMIN
 10
13770.21758139967
 20
-370.4853061017497
 30
0.0
  9
$EXTMAX
 10
14577.63510926407
 20
-156.8973618194988
 30
0.0
  9
$LIMMIN
 10
0.0
 20
0.0
  9
$LIMMAX
 10
420.0
 20
297.0
  9
$ORTHOMODE
 70
     0
  9
$REGENMODE
 70
     1
  9
$FILLMODE
 70
     1
  9
$QTEXTMODE
 70
     0
  9
$MIRRTEXT
 70
     0
  9
$LTSCALE
 40
1.0
  9
$ATTMODE
 70
     1
  9
$TEXTSIZE
 40
2.5
  9
$TRACEWID
 40
1.0
  9
$TEXTSTYLE
  7
Standard
  9
$CLAYER
  8
0
  9
$CELTYPE
  6
ByLayer
  9
$CECOLOR
 62
   256
  9
$CELTSCALE
 40
1.0
  9
$DISPSILH
 70
     0
  9
$DIMSCALE
 40
1.0
  9
$DIMASZ
 40
2.5
  9
$DIMEXO
 40
0.625
  9
$DIMDLI
 40
3.75
  9
$DIMRND
 40
0.0
  9
$DIMDLE
 40
0.0
  9
$DIMEXE
 40
1.25
  9
$DIMTP
 40
0.0
  9
$DIMTM
 40
0.0
  9
$DIMTXT
 40
2.5
  9
$DIMCEN
 40
2.5
  9
$DIMTSZ
 40
0.0
  9
$DIMTOL
 70
     0
  9
$DIMLIM
 70
     0
  9
$DIMTIH
 70
     0
  9
$DIMTOH
 70
     0
  9
$DIMSE1
 70
     0
  9
$DIMSE2
 70
     0
  9
$DIMTAD
 70
     1
  9
$DIMZIN
 70
     8
  9
$DIMBLK
  1

  9
$DIMASO
 70
     1
  9
$DIMSHO
 70
     1
  9
$DIMPOST
  1

  9
$DIMAPOST
  1

  9
$DIMALT
 70
     0
  9
$DIMALTD
 70
     3
  9
$DIMALTF
 40
0.03937007874016
  9
$DIMLFAC
 40
1.0
  9
$DIMTOFL
 70
     1
  9
$DIMTVP
 40
0.0
  9
$DIMTIX
 70
     0
  9
$DIMSOXD
 70
     0
  9
$DIMSAH
 70
     0
  9
$DIMBLK1
  1

  9
$DIMBLK2
  1

  9
$DIMSTYLE
  2
ISO-25
  9
$DIMCLRD
 70
     0
  9
$DIMCLRE
 70
     0
  9
$DIMCLRT
 70
     0
  9
$DIMTFAC
 40
1.0
  9
$DIMGAP
 40
0.625
  9
$DIMJUST
 70
     0
  9
$DIMSD1
 70
     0
  9
$DIMSD2
 70
     0
  9
$DIMTOLJ
 70
     0
  9
$DIMTZIN
 70
     8
  9
$DIMALTZ
 70
     0
  9
$DIMALTTZ
 70
     0
  9
$DIMUPT
 70
     0
  9
$DIMDEC
 70
     2
  9
$DIMTDEC
 70
     2
  9
$DIMALTU
 70
     2
  9
$DIMALTTD
 70
     3
  9
$DIMTXSTY
  7
Standard
  9
$DIMAUNIT
 70
     0
  9
$DIMADEC
 70
     0
  9
$DIMALTRND
 40
0.0
  9
$DIMAZIN
 70
     0
  9
$DIMDSEP
 70
    44
  9
$DIMATFIT
 70
     3
  9
$DIMFRAC
 70
     0
  9
$DIMLDRBLK
  1

  9
$DIMLUNIT
 70
     2
  9
$DIMLWD
 70
    -2
  9
$DIMLWE
 70
    -2
  9
$DIMTMOVE
 70
     0
  9
$DIMFXL
 40
1.0
  9
$DIMFXLON
 70
     0
  9
$DIMJOGANG
 40
0.7853981633974483
  9
$DIMTFILL
 70
     0
  9
$DIMTFILLCLR
 70
     0
  9
$DIMARCSYM
 70
     0
  9
$DIMLTYPE
  6

  9
$DIMLTEX1
  6

  9
$DIMLTEX2
  6

  9
$DIMTXTDIRECTION
 70
     0
  9
$LUNITS
 70
     2
  9
$LUPREC
 70
     4
  9
$SKETCHINC
 40
1.0
  9
$FILLETRAD
 40
3.0
  9
$AUNITS
 70
     0
  9
$AUPREC
 70
     0
  9
$MENU
  1
.
  9
$ELEVATION
 40
0.0
  9
$PELEVATION
 40
0.0
  9
$THICKNESS
 40
0.0
  9
$LIMCHECK
 70
     0
  9
$CHAMFERA
 40
0.0
  9
$CHAMFERB
 40
0.0
  9
$CHAMFERC
 40
0.0
  9
$CHAMFERD
 40
0.0
  9
$SKPOLY
 70
     0
  9
$TDCREATE
 40
2459744.673668982
  9
$TDUCREATE
 40
2459744.382009676
  9
$TDUPDATE
 40
2460780.668865741
  9
$TDUUPDATE
 40
2460780.377199074
  9
$TDINDWG
 40
0.1184439699
  9
$TDUSRTIMER
 40
0.1184437500
  9
$USRTIMER
 70
     1
  9
$ANGBASE
 50
0.0
  9
$ANGDIR
 70
     0
  9
$PDMODE
 70
     0
  9
$PDSIZE
 40
0.0
  9
$PLINEWID
 40
0.0
  9
$SPLFRAME
 70
     0
  9
$SPLINETYPE
 70
     6
  9
$SPLINESEGS
 70
     8
  9
$HANDSEED
  5
1EE7E
  9
$SURFTAB1
 70
     6
  9
$SURFTAB2
 70
     6
  9
$SURFTYPE
 70
     6
  9
$SURFU
 70
     6
  9
$SURFV
 70
     6
  9
$UCSBASE
  2

  9
$UCSNAME
  2

  9
$UCSORG
 10
0.0
 20
0.0
 30
0.0
  9
$UCSXDIR
 10
1.0
 20
0.0
 30
0.0
  9
$UCSYDIR
 10
0.0
 20
1.0
 30
0.0
  9
$UCSORTHOREF
  2

  9
$UCSORTHOVIEW
 70
     0
  9
$UCSORGTOP
 10
0.0
 20
0.0
 30
0.0
  9
$UCSORGBOTTOM
 10
0.0
 20
0.0
 30
0.0
  9
$UCSORGLEFT
 10
0.0
 20
0.0
 30
0.0
  9
$UCSORGRIGHT
 10
0.0
 20
0.0
 30
0.0
  9
$UCSORGFRONT
 10
0.0
 20
0.0
 30
0.0
  9
$UCSORGBACK
 10
0.0
 20
0.0
 30
0.0
  9
$PUCSBASE
  2

  9
$PUCSNAME
  2

  9
$PUCSORG
 10
0.0
 20
0.0
 30
0.0
  9
$PUCSXDIR
 10
1.0
 20
0.0
 30
0.0
  9
$PUCSYDIR
 10
0.0
 20
1.0
 30
0.0
  9
$PUCSORTHOREF
  2

  9
$PUCSORTHOVIEW
 70
     0
  9
$PUCSORGTOP
 10
0.0
 20
0.0
 30
0.0
  9
$PUCSORGBOTTOM
 10
0.0
 20
0.0
 30
0.0
  9
$PUCSORGLEFT
 10
0.0
 20
0.0
 30
0.0
  9
$PUCSORGRIGHT
 10
0.0
 20
0.0
 30
0.0
  9
$PUCSORGFRONT
 10
0.0
 20
0.0
 30
0.0
  9
$PUCSORGBACK
 10
0.0
 20
0.0
 30
0.0
  9
$USERI1
 70
     0
  9
$USERI2
 70
     0
  9
$USERI3
 70
     0
  9
$USERI4
 70
     0
  9
$USERI5
 70
     0
  9
$USERR1
 40
0.0
  9
$USERR2
 40
0.0
  9
$USERR3
 40
0.0
  9
$USERR4
 40
0.0
  9
$USERR5
 40
2.5
  9
$WORLDVIEW
 70
     1
  9
$SHADEDGE
 70
     3
  9
$SHADEDIF
 70
    70
  9
$TILEMODE
 70
     1
  9
$MAXACTVP
 70
    64
  9
$PINSBASE
 10
0.0
 20
0.0
 30
0.0
  9
$PLIMCHECK
 70
     0
  9
$PEXTMIN
 10
0.0
 20
0.0
 30
0.0
  9
$PEXTMAX
 10
0.0
 20
0.0
 30
0.0
  9
$PLIMMIN
 10
0.0
 20
0.0
  9
$PLIMMAX
 10
12.0
 20
9.0
  9
$UNITMODE
 70
     0
  9
$VISRETAIN
 70
     1
  9
$PLINEGEN
 70
     0
  9
$PSLTSCALE
 70
     1
  9
$TREEDEPTH
 70
  3020
  9
$CMLSTYLE
  2
Standard
  9
$CMLJUST
 70
     0
  9
$CMLSCALE
 40
20.0
  9
$PROXYGRAPHICS
 70
     1
  9
$MEASUREMENT
 70
     1
  9
$CELWEIGHT
370
    -1
  9
$ENDCAPS
280
     0
  9
$JOINSTYLE
280
     0
  9
$LWDISPLAY
290
     0
  9
$INSUNITS
 70
     4
  9
$HYPERLINKBASE
  1

  9
$STYLESHEET
  1

  9
$XEDIT
290
     1
  9
$CEPSNTYPE
380
     0
  9
$PSTYLEMODE
290
     1
  9
$FINGERPRINTGUID
  2
{A4B0BEBB-5A8D-436C-A144-FACD7F55731D}
  9
$VERSIONGUID
  2
{958F5A31-E20C-6042-BD46-B0A08B5BF7F4}
  9
$EXTNAMES
290
     1
  9
$PSVPSCALE
 40
0.0
  9
$OLESTARTUP
290
     0
  9
$SORTENTS
280
   127
  9
$INDEXCTL
280
     0
  9
$HIDETEXT
280
     1
  9
$XCLIPFRAME
280
     0
  9
$HALOGAP
280
     0
  9
$OBSCOLOR
 70
   257
  9
$OBSLTYPE
280
     0
  9
$INTERSECTIONDISPLAY
280
     0
  9
$INTERSECTIONCOLOR
 70
   257
  9
$DIMASSOC
280
     2
  9
$PROJECTNAME
  1

  9
$CAMERADISPLAY
290
     0
  9
$LENSLENGTH
 40
50.0
  9
$CAMERAHEIGHT
 40
0.0
  9
$STEPSPERSEC
 40
2.0
  9
$STEPSIZE
 40
6.0
  9
$3DDWFPREC
 40
2.0
  9
$PSOLWIDTH
 40
5.0
  9
$PSOLHEIGHT
 40
80.0
  9
$LOFTANG1
 40
1.570796326794896
  9
$LOFTANG2
 40
1.570796326794896
  9
$LOFTMAG1
 40
0.0
  9
$LOFTMAG2
 40
0.0
  9
$LOFTPARAM
 70
     7
  9
$LOFTNORMALS
280
     1
  9
$LATITUDE
 40
37.795
  9
$LONGITUDE
 40
-122.394
  9
$NORTHDIRECTION
 40
0.0
  9
$TIMEZONE
 70
 -8000
  9
$LIGHTGLYPHDISPLAY
280
     1
  9
$TILEMODELIGHTSYNCH
280
     1
  9
$CMATERIAL
347
EC
  9
$SOLIDHIST
280
     1
  9
$SHOWHIST
280
     1
  9
$DWFFRAME
280
     2
  9
$DGNFRAME
280
     0
  9
$REALWORLDSCALE
290
     1
  9
$INTERFERECOLOR
 62
     1
  9
$INTERFEREOBJVS
345
F9
  9
$INTERFEREVPVS
346
F6
  9
$CSHADOW
280
     0
  9
$SHADOWPLANELOCATION
 40
0.0
  0
ENDSEC
  0
SECTION
  2
CLASSES
  0
CLASS
  1
ACDBDICTIONARYWDFLT
  2
AcDbDictionaryWithDefault
  3
ObjectDBX Classes
 90
        0
 91
        1
280
     0
281
     0
  0
CLASS
  1
DICTIONARYVAR
  2
AcDbDictionaryVar
  3
ObjectDBX Classes
 90
        0
 91
        9
280
     0
281
     0
  0
CLASS
  1
TABLESTYLE
  2
AcDbTableStyle
  3
ObjectDBX Classes
 90
     4095
 91
        1
280
     0
281
     0
  0
CLASS
  1
MATERIAL
  2
AcDbMaterial
  3
ObjectDBX Classes
 90
     1153
 91
        3
280
     0
281
     0
  0
CLASS
  1
VISUALSTYLE
  2
AcDbVisualStyle
  3
ObjectDBX Classes
 90
     4095
 91
       26
280
     0
281
     0
  0
CLASS
  1
SCALE
  2
AcDbScale
  3
ObjectDBX Classes
 90
     1153
 91
       33
280
     0
281
     0
  0
CLASS
  1
MLEADERSTYLE
  2
AcDbMLeaderStyle
  3
ACDB_MLEADERSTYLE_CLASS
 90
     4095
 91
        3
280
     0
281
     0
  0
CLASS
  1
CELLSTYLEMAP
  2
AcDbCellStyleMap
  3
ObjectDBX Classes
 90
     1152
 91
        2
280
     0
281
     0
  0
CLASS
  1
RASTERVARIABLES
  2
AcDbRasterVariables
  3
ISM
 90
        0
 91
        1
280
     0
281
     0
  0
CLASS
  1
IMAGEDEF
  2
AcDbRasterImageDef
  3
ISM
 90
        0
 91
        1
280
     0
281
     0
  0
CLASS
  1
IMAGEDEF_REACTOR
  2
AcDbRasterImageDefReactor
  3
ISM
 90
        1
 91
        0
280
     0
281
     0
  0
CLASS
  1
IMAGE
  2
AcDbRasterImage
  3
ISM
 90
     2175
 91
        0
280
     0
281
     1
  0
CLASS
  1
SOLID_BACKGROUND
  2
AcDbSolidBackground
  3
SCENEOE
 90
     4095
 91
        0
280
     0
281
     0
  0
CLASS
  1
NPOCOLLECTION
  2
AcDbImpNonPersistentObjectsCollection
  3
ObjectDBX Classes
 90
     1153
 91
        0
280
     0
281
     0
  0
CLASS
  1
ACDBSECTIONVIEWSTYLE
  2
AcDbSectionViewStyle
  3
ObjectDBX Classes
 90
     1025
 91
        2
280
     0
281
     0
  0
CLASS
  1
ACDBDETAILVIEWSTYLE
  2
AcDbDetailViewStyle
  3
ObjectDBX Classes
 90
     1025
 91
        2
280
     0
281
     0
  0
CLASS
  1
DIMASSOC
  2
AcDbDimAssoc
  3
"AcDbDimAssoc|Product Desc:     AcDim ARX App For Dimension|Company:          Autodesk, Inc.|WEB Address:      www.autodesk.com"
 90
        0
 91
        9
280
     0
281
     0
  0
CLASS
  1
SORTENTSTABLE
  2
AcDbSortentsTable
  3
ObjectDBX Classes
 90
        0
 91
        8
280
     0
281
     0
  0
CLASS
  1
ACDBASSOCACTION
  2
AcDbAssocAction
  3
ObjectDBX Classes
 90
     1025
 91
        4
280
     0
281
     0
  0
CLASS
  1
AcDbCenterLineActionBody
  2
AcDbCenterLineActionBody
  3
AcDbSmartCenter
 90
     1153
 91
        4
280
     0
281
     0
  0
CLASS
  1
ACDBASSOCGEOMDEPENDENCY
  2
AcDbAssocGeomDependency
  3
ObjectDBX Classes
 90
     1025
 91
        8
280
     0
281
     0
  0
CLASS
  1
ACDBASSOCDEPENDENCY
  2
AcDbAssocDependency
  3
ObjectDBX Classes
 90
     1025
 91
        4
280
     0
281
     0
  0
CLASS
  1
ACDBASSOCEDGEACTIONPARAM
  2
AcDbAssocEdgeActionParam
  3
ObjectDBX Classes
 90
     1025
 91
        8
280
     0
281
     0
  0
CLASS
  1
ACDBASSOCNETWORK
  2
AcDbAssocNetwork
  3
ObjectDBX Classes
 90
     1025
 91
        2
280
     0
281
     0
  0
CLASS
  1
VLO-VL
  2
vlo_VL
  3
VL|AutoLISP based application
 90
      129
 91
        1
280
     0
281
     0
  0
CLASS
  1
MULTILEADER
  2
AcDbMLeader
  3
ACDB_MLEADER_CLASS
 90
     1025
 91
        0
280
     0
281
     1
  0
ENDSEC
  0
SECTION
  2
TABLES
  0
TABLE
  2
VPORT
  5
8
330
0
100
AcDbSymbolTable
 70
     1
1001
ACAD
1000
DbSaveVer
1071
      247
  0
VPORT
  5
EA
330
8
100
AcDbSymbolTableRecord
100
AcDbViewportTableRecord
  2
*Active
 70
     0
 10
0.0
 20
0.0
 11
1.0
 21
1.0
 12
13954.9689493426
 22
-268.6145516725874
 13
0.0
 23
0.0
 14
10.0
 24
10.0
 15
10.0
 25
10.0
 16
0.0
 26
0.0
 36
1.0
 17
0.0
 27
0.0
 37
0.0
 40
251.9943282320238
 41
2.595945945945945
 42
50.0
 43
0.0
 44
0.0
 50
0.0
 51
0.0
 71
     0
 72
  1000
 73
     1
 74
     3
 75
     0
 76
     0
 77
     0
 78
     0
281
     0
 65
     1
110
0.0
120
0.0
130
0.0
111
1.0
121
0.0
131
0.0
112
0.0
122
1.0
132
0.0
 79
     0
146
0.0
348
F5
 60
     2
 61
     5
292
     1
282
     1
141
0.0
142
0.0
 63
   250
421
  3355443
1001
ACAD_NAV_VCDISPLAY
1070
     3
  0
ENDTAB
  0
TABLE
  2
LTYPE
  5
5
330
0
100
AcDbSymbolTable
 70
     4
  0
LTYPE
  5
14
330
5
100
AcDbSymbolTableRecord
100
AcDbLinetypeTableRecord
  2
ByBlock
 70
     0
  3

 72
    65
 73
     0
 40
0.0
  0
LTYPE
  5
15
330
5
100
AcDbSymbolTableRecord
100
AcDbLinetypeTableRecord
  2
ByLayer
 70
     0
  3

 72
    65
 73
     0
 40
0.0
  0
LTYPE
  5
16
330
5
100
AcDbSymbolTableRecord
100
AcDbLinetypeTableRecord
  2
Continuous
 70
     0
  3
Solid line
 72
    65
 73
     0
 40
0.0
  0
LTYPE
  5
270
330
5
100
AcDbSymbolTableRecord
100
AcDbLinetypeTableRecord
  2
CENTER
 70
     0
  3
____ _ ____ _ ____ _ ____ _ ____ _ ____ _ ____
 72
    65
 73
     4
 40
0.6
 49
0.375
 74
     0
 49
-0.075
 74
     0
 49
0.075
 74
     0
 49
-0.075
 74
     0
  0
LTYPE
  5
AB38
330
5
100
AcDbSymbolTableRecord
100
AcDbLinetypeTableRecord
  2
HIDDEN
 70
     0
  3
- - - - - - - - - - - - - - - - - - - -
 72
    65
 73
     2
 40
0.2
 49
0.1
 74
     0
 49
-0.1
 74
     0
  0
ENDTAB
  0
TABLE
  2
LAYER
  5
2
102
{ACAD_XDICTIONARY
360
280
102
}
330
0
100
AcDbSymbolTable
 70
     6
  0
LAYER
  5
10
102
{ACAD_XDICTIONARY
360
13C
102
}
330
2
100
AcDbSymbolTableRecord
100
AcDbLayerTableRecord
  2
0
 70
     0
 62
     7
  6
Continuous
370
    -3
390
F
347
EE
348
0
  0
LAYER
  5
271
330
2
100
AcDbSymbolTableRecord
100
AcDbLayerTableRecord
  2
Defpoints
 70
     0
 62
     7
  6
Continuous
290
     0
370
    -3
390
F
347
EE
348
0
  0
LAYER
  5
272
102
{ACAD_XDICTIONARY
360
273
102
}
330
2
100
AcDbSymbolTableRecord
100
AcDbLayerTableRecord
  2
图框
 70
     0
 62
     7
  6
Continuous
370
    -3
390
F
347
EE
348
0
1001
AcAecLayerStandard
1000

1000

1001
AcadStringInfo
1000
MIFCodePage
1070
     5
  0
LAYER
  5
274
330
2
100
AcDbSymbolTableRecord
100
AcDbLayerTableRecord
  2
标注
 70
     0
 62
     3
  6
Continuous
370
     9
390
F
347
EE
348
0
1001
AcadStringInfo
1000
MIFCodePage
1070
     5
  0
LAYER
  5
C1E
330
2
100
AcDbSymbolTableRecord
100
AcDbLayerTableRecord
  2
1
 70
     0
 62
     7
420
 16777215
  6
Continuous
370
    -3
390
F
347
EE
348
0
  0
LAYER
  5
AB39
330
2
100
AcDbSymbolTableRecord
100
AcDbLayerTableRecord
  2
DEFAULT_2
 70
     0
 62
     8
  6
HIDDEN
370
    -3
390
F
347
EE
348
0
  0
ENDTAB
  0
TABLE
  2
STYLE
  5
3
330
0
100
AcDbSymbolTable
 70
     5
  0
STYLE
  5
11
330
3
100
AcDbSymbolTableRecord
100
AcDbTextStyleTableRecord
  2
Standard
 70
     0
 40
0.0
 41
1.0
 50
0.0
 71
     0
 42
2.5
  3
txt
  4
gbcbig.shx
  0
STYLE
  5
132
330
3
100
AcDbSymbolTableRecord
100
AcDbTextStyleTableRecord
  2
Annotative
 70
     0
 40
0.0
 41
1.0
 50
0.0
 71
     0
 42
2.5
  3
txt.shx
  4
gbcbig.shx
1001
AcadAnnotative
1000
AnnotativeData
1002
{
1070
     1
1070
     1
1002
}
  0
STYLE
  5
275
330
3
100
AcDbSymbolTableRecord
100
AcDbTextStyleTableRecord
  2
宋体
 70
     0
 40
0.0
 41
0.8
 50
0.0
 71
     0
 42
4.0
  3

  4

1001
ACAD
1000
SimSun
1071
    34306
1001
AcadStringInfo
1000
MIFCodePage
1070
     5
  0
STYLE
  5
276
330
3
100
AcDbSymbolTableRecord
100
AcDbTextStyleTableRecord
  2
标注
 70
     0
 40
0.0
 41
1.0
 50
0.0
 71
     0
 42
2.5
  3

  4

1001
ACAD
1000
SimSun
1071
    34306
1001
AcadStringInfo
1000
MIFCodePage
1070
     5
  0
STYLE
  5
C1F
330
3
100
AcDbSymbolTableRecord
100
AcDbTextStyleTableRecord
  2
blockfont
 70
     0
 40
0.0
 41
1.0
 50
0.0
 71
     0
 42
0.2
  3
simplex.shx
  4

  0
ENDTAB
  0
TABLE
  2
VIEW
  5
6
330
0
100
AcDbSymbolTable
 70
     0
  0
ENDTAB
  0
TABLE
  2
UCS
  5
7
330
0
100
AcDbSymbolTable
 70
     0
  0
ENDTAB
  0
TABLE
  2
APPID
  5
9
330
0
100
AcDbSymbolTable
 70
    14
  0
APPID
  5
12
330
9
100
AcDbSymbolTableRecord
100
AcDbRegAppTableRecord
  2
ACAD
 70
     0
  0
APPID
  5
9E
330
9
100
AcDbSymbolTableRecord
100
AcDbRegAppTableRecord
  2
ACAD_PSEXT
 70
     0
  0
APPID
  5
133
330
9
100
AcDbSymbolTableRecord
100
AcDbRegAppTableRecord
  2
AcadAnnoPO
 70
     0
  0
APPID
  5
134
330
9
100
AcDbSymbolTableRecord
100
AcDbRegAppTableRecord
  2
AcadAnnotative
 70
     0
  0
APPID
  5
135
330
9
100
AcDbSymbolTableRecord
100
AcDbRegAppTableRecord
  2
ACAD_DSTYLE_DIMJAG
 70
     0
  0
APPID
  5
136
330
9
100
AcDbSymbolTableRecord
100
AcDbRegAppTableRecord
  2
ACAD_DSTYLE_DIMTALN
 70
     0
  0
APPID
  5
165
330
9
100
AcDbSymbolTableRecord
100
AcDbRegAppTableRecord
  2
ACAD_MLEADERVER
 70
     0
  0
APPID
  5
1C3
330
9
100
AcDbSymbolTableRecord
100
AcDbRegAppTableRecord
  2
ACAD_EXEMPT_FROM_CAD_STANDARDS
 70
     0
  0
APPID
  5
27C
330
9
100
AcDbSymbolTableRecord
100
AcDbRegAppTableRecord
  2
AcAecLayerStandard
 70
     0
  0
APPID
  5
27D
330
9
100
AcDbSymbolTableRecord
100
AcDbRegAppTableRecord
  2
ACAD_DSTYLE_DIMBREAK
 70
     0
  0
APPID
  5
27E
330
9
100
AcDbSymbolTableRecord
100
AcDbRegAppTableRecord
  2
ACAD_NAV_VCDISPLAY
 70
     0
  0
APPID
  5
27F
330
9
100
AcDbSymbolTableRecord
100
AcDbRegAppTableRecord
  2
AcadStringInfo
 70
     0
  0
APPID
  5
748
330
9
100
AcDbSymbolTableRecord
100
AcDbRegAppTableRecord
  2
ACAD_DSTYLE_DIMRADIAL_EXTENSION
 70
     0
  0
APPID
  5
1EB2B
330
9
100
AcDbSymbolTableRecord
100
AcDbRegAppTableRecord
  2
Acad_TC
 70
     0
  0
ENDTAB
  0
TABLE
  2
DIMSTYLE
  5
A
330
0
100
AcDbSymbolTable
 70
    10
100
AcDbDimStyleTable
 71
     2
340
27
340
137
  0
DIMSTYLE
105
27
330
A
100
AcDbSymbolTableRecord
100
AcDbDimStyleTableRecord
  2
ISO-25
 70
     0
 41
2.5
 42
0.625
 43
3.75
 44
1.25
 73
     0
 74
     0
 77
     1
 78
     8
140
2.5
141
2.5
143
0.03937007874016
147
0.625
171
     3
172
     1
271
     2
272
     2
274
     3
278
    44
283
     0
284
     8
340
11
  0
DIMSTYLE
105
137
330
A
100
AcDbSymbolTableRecord
100
AcDbDimStyleTableRecord
  2
Annotative
 70
     0
 40
0.0
 41
2.5
 42
0.625
 43
3.75
 44
1.25
 73
     0
 74
     0
 77
     1
 78
     8
140
2.5
141
2.5
143
0.03937007874016
147
0.625
171
     3
172
     1
271
     2
272
     2
274
     3
278
    44
283
     0
284
     8
340
11
1001
AcadAnnotative
1000
AnnotativeData
1002
{
1070
     1
1070
     1
1002
}
1001
ACAD_DSTYLE_DIMJAG
1070
   388
1040
1.5
1001
ACAD_DSTYLE_DIMTALN
1070
   392
1070
     0
  0
DIMSTYLE
105
277
330
A
100
AcDbSymbolTableRecord
100
AcDbDimStyleTableRecord
  2
DIM 1：1
 70
     0
 40
2.0
 41
2.5
 42
1.0
 43
1.0
 44
1.0
 73
     0
 74
     0
 77
     1
 78
     1
140
3.0
141
0.0
147
1.0
172
     1
179
     2
271
     2
272
     2
340
275
342
20E
1001
ACAD_DSTYLE_DIMBREAK
1070
   391
1040
2.0
1001
ACAD_DSTYLE_DIMJAG
1070
   388
1040
1.5
1001
ACAD_DSTYLE_DIMTALN
1070
   392
1070
     0
1001
AcadStringInfo
1000
MIFCodePage
1070
     5
  0
DIMSTYLE
105
278
330
A
100
AcDbSymbolTableRecord
100
AcDbDimStyleTableRecord
  2
副本 DIM 1比1
 70
     0
 40
0.25
 41
2.5
 42
1.0
 43
1.0
 44
1.0
 77
     1
140
3.0
141
0.0
147
1.0
179
     2
271
     2
272
     2
279
     1
340
275
342
20E
1001
ACAD_DSTYLE_DIMBREAK
1070
   391
1040
2.0
1001
ACAD_DSTYLE_DIMJAG
1070
   388
1040
1.5
1001
ACAD_DSTYLE_DIMTALN
1070
   392
1070
     0
1001
AcadStringInfo
1000
MIFCodePage
1070
     5
  0
DIMSTYLE
105
279
330
A
100
AcDbSymbolTableRecord
100
AcDbDimStyleTableRecord
  2
副本 水平
 70
     0
 41
6.0
 42
0.625
 43
1.0
 44
2.0
 73
     0
 74
     0
 77
     1
 78
     8
 79
     2
140
6.0
141
0.0
143
0.03937007874016
147
0.625
171
     3
172
     1
176
   256
178
   256
271
     1
272
     1
274
     3
283
     0
284
     8
340
275
345
15
371
    -1
1001
ACAD_DSTYLE_DIMBREAK
1070
   391
1040
3.75
1001
ACAD_DSTYLE_DIMJAG
1070
   388
1040
1.5
1001
ACAD_DSTYLE_DIMTALN
1070
   392
1070
     0
1001
AcadStringInfo
1000
MIFCodePage
1070
     5
  0
DIMSTYLE
105
27A
330
A
100
AcDbSymbolTableRecord
100
AcDbDimStyleTableRecord
  2
副本 1-1
 70
     0
 41
2.5
 42
0.625
 43
1.0
 44
2.0
 73
     0
 74
     0
 77
     1
 78
     8
 79
     2
140
3.5
141
0.0
143
0.03937007874016
144
0.25
147
0.625
171
     3
172
     1
176
   256
178
   256
271
     1
272
     1
274
     3
283
     0
284
     8
340
275
345
15
371
    -1
1001
ACAD_DSTYLE_DIMBREAK
1070
   391
1040
3.75
1001
ACAD_DSTYLE_DIMJAG
1070
   388
1040
1.5
1001
ACAD_DSTYLE_DIMTALN
1070
   392
1070
     0
1001
AcadStringInfo
1000
MIFCodePage
1070
     5
  0
DIMSTYLE
105
27B
330
A
100
AcDbSymbolTableRecord
100
AcDbDimStyleTableRecord
  2
主参尺寸1比1
 70
     0
 41
2.5
 42
0.5
 43
0.5
 44
0.5
 73
     0
 77
     1
 78
     8
 90
        1
140
4.0
141
0.0
147
0.5
172
     1
176
   256
177
   256
178
   256
271
     2
272
     2
288
     1
340
276
345
15
346
15
347
15
371
    -1
372
    -1
1001
ACAD_DSTYLE_DIMBREAK
1070
   391
1040
4.0
1001
ACAD_DSTYLE_DIMJAG
1070
   388
1040
1.5
1001
ACAD_DSTYLE_DIMTALN
1070
   392
1070
     0
1001
AcadStringInfo
1000
MIFCodePage
1070
     5
  0
DIMSTYLE
105
747
330
A
100
AcDbSymbolTableRecord
100
AcDbDimStyleTableRecord
  2
DIM 1：1$3
 70
     0
 40
2.0
 41
2.5
 42
1.0
 43
1.0
 44
1.0
 77
     1
 78
     1
140
3.0
141
0.0
147
1.0
172
     1
179
     2
271
     2
272
     2
340
275
342
20E
1001
AcadStringInfo
1000
MIFCodePage
1070
     5
  0
DIMSTYLE
105
C20
330
A
100
AcDbSymbolTableRecord
100
AcDbDimStyleTableRecord
  2
Standard
 70
     0
340
11
  0
ENDTAB
  0
TABLE
  2
BLOCK_RECORD
  5
1
330
0
100
AcDbSymbolTable
 70
    32
  0
BLOCK_RECORD
  5
1F
102
{ACAD_XDICTIONARY
360
5BE
102
}
330
1
100
AcDbSymbolTableRecord
100
AcDbBlockTableRecord
  2
*Model_Space
340
22
 70
     0
280
     1
281
     0
  0
BLOCK_RECORD
  5
D2
330
1
100
AcDbSymbolTableRecord
100
AcDbBlockTableRecord
  2
*Paper_Space
340
D3
 70
     0
280
     1
281
     0
  0
BLOCK_RECORD
  5
D6
330
1
100
AcDbSymbolTableRecord
100
AcDbBlockTableRecord
  2
*Paper_Space0
340
D7
 70
     0
280
     1
281
     0
  0
BLOCK_RECORD
  5
20E
330
1
100
AcDbSymbolTableRecord
100
AcDbBlockTableRecord
  2
_FILLED
340
0
 70
     0
280
     1
281
     0
  0
BLOCK_RECORD
  5
11F57
330
1
100
AcDbSymbolTableRecord
100
AcDbBlockTableRecord
  2
jxmhcjjrk
340
0
310
2800000020000000200000000100080000000000000400000000000000000000000000000000000000000000000080000080000000808000800000008000800080800000C0C0C000C0DCC000F0CAA6000020400000206000002080000020A0000020C0000020E00000400000004020000040400000406000004080000040A0
310
000040C0000040E00000600000006020000060400000606000006080000060A0000060C0000060E00000800000008020000080400000806000008080000080A0000080C0000080E00000A0000000A0200000A0400000A0600000A0800000A0A00000A0C00000A0E00000C0000000C0200000C0400000C0600000C0800000C0
310
A00000C0C00000C0E00000E0000000E0200000E0400000E0600000E0800000E0A00000E0C00000E0E00040000000400020004000400040006000400080004000A0004000C0004000E00040200000402020004020400040206000402080004020A0004020C0004020E000404000004040200040404000404060004040800040
310
40A0004040C0004040E00040600000406020004060400040606000406080004060A0004060C0004060E00040800000408020004080400040806000408080004080A0004080C0004080E00040A0000040A0200040A0400040A0600040A0800040A0A00040A0C00040A0E00040C0000040C0200040C0400040C0600040C08000
310
40C0A00040C0C00040C0E00040E0000040E0200040E0400040E0600040E0800040E0A00040E0C00040E0E00080000000800020008000400080006000800080008000A0008000C0008000E00080200000802020008020400080206000802080008020A0008020C0008020E00080400000804020008040400080406000804080
310
008040A0008040C0008040E00080600000806020008060400080606000806080008060A0008060C0008060E00080800000808020008080400080806000808080008080A0008080C0008080E00080A0000080A0200080A0400080A0600080A0800080A0A00080A0C00080A0E00080C0000080C0200080C0400080C0600080C0
310
800080C0A00080C0C00080C0E00080E0000080E0200080E0400080E0600080E0800080E0A00080E0C00080E0E000C0000000C0002000C0004000C0006000C0008000C000A000C000C000C000E000C0200000C0202000C0204000C0206000C0208000C020A000C020C000C020E000C0400000C0402000C0404000C0406000C0
310
408000C040A000C040C000C040E000C0600000C0602000C0604000C0606000C0608000C060A000C060C000C060E000C0800000C0802000C0804000C0806000C0808000C080A000C080C000C080E000C0A00000C0A02000C0A04000C0A06000C0A08000C0A0A000C0A0C000C0A0E000C0C00000C0C02000C0C04000C0C06000
310
C0C08000C0C0A000F0FBFF00A4A0A000808080000000FF0000FF000000FFFF00FF000000FF00FF00FFFF0000FFFFFF000000000000000000000000000000000000000000000000000000000000000000000000000000000000000000000000000000000000000000000000000000000000FEFEFEFEFEFEFEFEFEFEFEFEFEFE
310
FEFEFEFEFEFEFEFEFEFEFEFEFEFEFEFE0000FE00000000000000000000000000000000000000000000000000000000FE0000FE00000000000000000000000000000000000000000000000000000000FE0000FE00000000000000000000000000000000000000000000000000000000FE0000FE000000000000000000000000
310
00000000000000000000000000000000FE0000FE00000000000000000000000000000000000000000000000000000000FE0000FE00000000000000000000000000000000000000000000000000000000FE0000FE00000000000000000000000000000000000000000000000000000000FE0000FE0000000000000000000000
310
0000000000000000000000000000000000FE0000FE00000000000000000000000000000000000000000000000000000000FE0000FE00000000000000000000000000000000000000000000000000000000FE0000FE00000000000000000000000000000000000000000000000000000000FE0000FE00000000000000000000
310
000000000000000000000000000000000000FE0000FE00000000000000000000000000000000000000000000000000000000FE0000FE00000000000000000000000000000000000000000000000000000000FE0000FEFEFEFEFEFEFEFEFEFEFEFEFEFEFE0000000000000000000000000000FE000000000000000000000000
310
00000000FE0000000000000000000000000000FE00000000000000000000000000000000FE0000000000000000000000000000FE00000000000000000000000000000000FE0000000000000000000000000000FE00000000000000000000000000000000FE0000000000000000000000000000FE0000000000000000000000
310
0000000000FE0000000000000000000000000000FE00000000000000000000000000000000FE0000000000000000000000000000FE00000000000000000000000000000000FE0000000000000000000000000000FE00000000000000000000000000000000FE0000000000000000000000000000FE00000000000000000000
310
000000000000FE0000000000000000000000000000FE00000000000000000000000000000000FE0000000000000000000000000000FE00000000000000000000000000000000FE0000000000000000000000000000FE00000000000000000000000000000000FEFEFEFEFEFEFEFEFEFEFEFEFEFEFEFE000000000000000000
310
0000000000000000000000000000000000000000000000000000000000000000000000000000000000000000000000000000000000000000
 70
     4
280
     1
281
     0
  0
BLOCK_RECORD
  5
11F66
330
1
100
AcDbSymbolTableRecord
100
AcDbBlockTableRecord
  2
hcjjkkk
340
0
310
2800000020000000200000000100080000000000000400000000000000000000000000000000000000000000000080000080000000808000800000008000800080800000C0C0C000C0DCC000F0CAA6000020400000206000002080000020A0000020C0000020E00000400000004020000040400000406000004080000040A0
310
000040C0000040E00000600000006020000060400000606000006080000060A0000060C0000060E00000800000008020000080400000806000008080000080A0000080C0000080E00000A0000000A0200000A0400000A0600000A0800000A0A00000A0C00000A0E00000C0000000C0200000C0400000C0600000C0800000C0
310
A00000C0C00000C0E00000E0000000E0200000E0400000E0600000E0800000E0A00000E0C00000E0E00040000000400020004000400040006000400080004000A0004000C0004000E00040200000402020004020400040206000402080004020A0004020C0004020E000404000004040200040404000404060004040800040
310
40A0004040C0004040E00040600000406020004060400040606000406080004060A0004060C0004060E00040800000408020004080400040806000408080004080A0004080C0004080E00040A0000040A0200040A0400040A0600040A0800040A0A00040A0C00040A0E00040C0000040C0200040C0400040C0600040C08000
310
40C0A00040C0C00040C0E00040E0000040E0200040E0400040E0600040E0800040E0A00040E0C00040E0E00080000000800020008000400080006000800080008000A0008000C0008000E00080200000802020008020400080206000802080008020A0008020C0008020E00080400000804020008040400080406000804080
310
008040A0008040C0008040E00080600000806020008060400080606000806080008060A0008060C0008060E00080800000808020008080400080806000808080008080A0008080C0008080E00080A0000080A0200080A0400080A0600080A0800080A0A00080A0C00080A0E00080C0000080C0200080C0400080C0600080C0
310
800080C0A00080C0C00080C0E00080E0000080E0200080E0400080E0600080E0800080E0A00080E0C00080E0E000C0000000C0002000C0004000C0006000C0008000C000A000C000C000C000E000C0200000C0202000C0204000C0206000C0208000C020A000C020C000C020E000C0400000C0402000C0404000C0406000C0
310
408000C040A000C040C000C040E000C0600000C0602000C0604000C0606000C0608000C060A000C060C000C060E000C0800000C0802000C0804000C0806000C0808000C080A000C080C000C080E000C0A00000C0A02000C0A04000C0A06000C0A08000C0A0A000C0A0C000C0A0E000C0C00000C0C02000C0C04000C0C06000
310
C0C08000C0C0A000F0FBFF00A4A0A000808080000000FF0000FF000000FFFF00FF000000FF00FF00FFFF0000FFFFFF0000000000000000000000000000000000000000000000000000000000000000000000000000000000000000000000000000000000000000000000000000000000000000000000000000000000000000
310
00000000000000000000000000000000000000000000FBFBFBFB00000000000000000000000000FBFBFBFB0000000000000000000000FB0000FB00000000000000000000000000FB0000FB0000000000000000000000FBFBFBFB00000000000000000000000000FBFBFBFB00000000000000000000FDFDF9F90000000000FD
310
FDF9F9000000000000000000000000000000000000FDFDFDF9F900000000FD00FDF9FBFBFB0000000000000000FBFBFB0000000000FDFDFD000000000000FDFDFD00FB00FB0000000000000000FB00FBFB000000000000F9F9F9000000000000F9F9FBFBFB0000000000000000FB00FBFB000000000000F90000F900000000
310
00F900F9FB000000000000000000FBFBFB00000000FDFD00F9F9F9F900FDFDFD00F900F900000000000000000000000000000000FD0000FD00F9F90000FD00FD0000F9F90000000000000000000000000000000000FDFD0000F9F90000FDFDFD0000F900000000FDF9F9F900000000000000000000000000FBFBFB00000000
310
0000F9F9F90000FD00F9F9FBFBFB0000000000000000000000FB00FB0000000000000000000000FDFDFD00FB00FB0000000000000000000000FBFBFB00000000000000000000000000F9F9FBFBFB000000000000000000000000000000000000000000000000000000F900F900000000000000000000000000000000000000
310
000000000000FDFDFD00F900F900000000000000000000000000000000000000000000000000FD00FD0000F90000000000000000000000000000000000000000000000000000FDFDFDF9F9F90000000000000000000000000000000000000000000000000000000000F9F9F9F9FDFD00000000000000000000000000000000
310
00000000000000000000000000FD00FD00000000000000000000000000000000000000000000000000F9F9F900FDFDFD00000000000000000000000000000000000000000000000000F90000F90000000000FB00000000000000000000000000000000000000FBFBFBF9F9F9F900000000FB00FB0000000000000000000000
310
00000000000000FB00FB00F9FDFDFD000000FB00FBFB0000000000000000000000000000000000FBFBFB00F9F900FD000000FBFBFB00000000000000000000000000000000000000000000F9F9FDFD000000000000000000000000000000000000000000000000000000000000000000000000000000000000000000000000
310
0000000000000000000000000000000000000000000000000000000000000000000000000000000000000000000000000000000000000000
 70
     4
280
     1
281
     0
  0
BLOCK_RECORD
  5
11F85
330
1
100
AcDbSymbolTableRecord
100
AcDbBlockTableRecord
  2
dwbhcjjrk
340
0
310
2800000020000000200000000100080000000000000400000000000000000000000000000000000000000000000080000080000000808000800000008000800080800000C0C0C000C0DCC000F0CAA6000020400000206000002080000020A0000020C0000020E00000400000004020000040400000406000004080000040A0
310
000040C0000040E00000600000006020000060400000606000006080000060A0000060C0000060E00000800000008020000080400000806000008080000080A0000080C0000080E00000A0000000A0200000A0400000A0600000A0800000A0A00000A0C00000A0E00000C0000000C0200000C0400000C0600000C0800000C0
310
A00000C0C00000C0E00000E0000000E0200000E0400000E0600000E0800000E0A00000E0C00000E0E00040000000400020004000400040006000400080004000A0004000C0004000E00040200000402020004020400040206000402080004020A0004020C0004020E000404000004040200040404000404060004040800040
310
40A0004040C0004040E00040600000406020004060400040606000406080004060A0004060C0004060E00040800000408020004080400040806000408080004080A0004080C0004080E00040A0000040A0200040A0400040A0600040A0800040A0A00040A0C00040A0E00040C0000040C0200040C0400040C0600040C08000
310
40C0A00040C0C00040C0E00040E0000040E0200040E0400040E0600040E0800040E0A00040E0C00040E0E00080000000800020008000400080006000800080008000A0008000C0008000E00080200000802020008020400080206000802080008020A0008020C0008020E00080400000804020008040400080406000804080
310
008040A0008040C0008040E00080600000806020008060400080606000806080008060A0008060C0008060E00080800000808020008080400080806000808080008080A0008080C0008080E00080A0000080A0200080A0400080A0600080A0800080A0A00080A0C00080A0E00080C0000080C0200080C0400080C0600080C0
310
800080C0A00080C0C00080C0E00080E0000080E0200080E0400080E0600080E0800080E0A00080E0C00080E0E000C0000000C0002000C0004000C0006000C0008000C000A000C000C000C000E000C0200000C0202000C0204000C0206000C0208000C020A000C020C000C020E000C0400000C0402000C0404000C0406000C0
310
408000C040A000C040C000C040E000C0600000C0602000C0604000C0606000C0608000C060A000C060C000C060E000C0800000C0802000C0804000C0806000C0808000C080A000C080C000C080E000C0A00000C0A02000C0A04000C0A06000C0A08000C0A0A000C0A0C000C0A0E000C0C00000C0C02000C0C04000C0C06000
310
C0C08000C0C0A000F0FBFF00A4A0A000808080000000FF0000FF000000FFFF00FF000000FF00FF00FFFF0000FFFFFF000000000000000000000000000000000000000000000000000000000000000000000000000000000000000000000000000000000000000000000000000000000000000000FFFFFFFFFFFF0000000000
310
00000000000000FFFFFFFFFFFFFFFFFF0000000000FF00000000FF000000000000000000000000FF00000000000000FF0000FFFFFFFF00000000FFFFFFFFFFFFFFFFFFFFFFFFFFFF00000000000000FF0000FF00000000000000000000000000000000000000FFFF00000000000000FF0000FF000000000000000000000000
310
00000000000000000000000000000000FF0000FF00000000000000000000000000000000000000000000000000000000FF0000FF00000000000000000000000000000000000000000000000000000000FF0000FF00000000000000000000000000000000000000000000000000000000FF0000FF0000000000000000000000
310
0000000000000000000000000000FFFFFFFF0000FF00000000000000000000000000000000000000000000000000FFFF00000000FF0000000000000000000000000000000000000000000000000000FF00000000FF0000000000000000000000000000000000000000000000000000FF00000000FFFFFFFFFFFFFFFFFFFFFF
310
FFFFFFFFFFFFFF000000000000000000FF000000000000000000000000000000000000000000FF000000000000000000FF000000000000000000000000000000000000000000FF000000000000000000FF000000000000000000000000000000000000000000FF000000000000000000FF0000000000000000000000000000
310
0000000000FFFFFF000000000000000000FF00000000000000000000000000000000000000FF0000000000000000000000FF00000000000000000000000000000000000000FF0000000000000000000000FF00000000000000000000000000000000000000FF0000000000000000000000FF00000000000000000000000000
310
000000000000FF000000000000000000FFFFFF00000000000000000000000000000000000000FF000000000000000000FFFFFFFFFF0000000000000000000000000000000000FF00000000000000000000000000FF0000000000000000000000000000000000FF00000000000000000000000000FF00000000000000000000
310
00000000000000FF00000000000000000000000000FF0000000000000000000000000000000000FF00000000000000000000000000FF0000000000000000000000000000000000FF000000000000000000FFFFFFFFFF0000000000000000000000000000000000FFFFFFFFFFFFFFFFFFFFFF00000000000000000000000000
310
0000000000000000000000000000000000000000000000000000000000000000000000000000000000000000000000000000000000000000
 70
     4
280
     1
281
     0
  0
BLOCK_RECORD
  5
11FBC
330
1
100
AcDbSymbolTableRecord
100
AcDbBlockTableRecord
  2
jxmhcjrk
340
0
310
2800000020000000200000000100080000000000000400000000000000000000000000000000000000000000000080000080000000808000800000008000800080800000C0C0C000C0DCC000F0CAA6000020400000206000002080000020A0000020C0000020E00000400000004020000040400000406000004080000040A0
310
000040C0000040E00000600000006020000060400000606000006080000060A0000060C0000060E00000800000008020000080400000806000008080000080A0000080C0000080E00000A0000000A0200000A0400000A0600000A0800000A0A00000A0C00000A0E00000C0000000C0200000C0400000C0600000C0800000C0
310
A00000C0C00000C0E00000E0000000E0200000E0400000E0600000E0800000E0A00000E0C00000E0E00040000000400020004000400040006000400080004000A0004000C0004000E00040200000402020004020400040206000402080004020A0004020C0004020E000404000004040200040404000404060004040800040
310
40A0004040C0004040E00040600000406020004060400040606000406080004060A0004060C0004060E00040800000408020004080400040806000408080004080A0004080C0004080E00040A0000040A0200040A0400040A0600040A0800040A0A00040A0C00040A0E00040C0000040C0200040C0400040C0600040C08000
310
40C0A00040C0C00040C0E00040E0000040E0200040E0400040E0600040E0800040E0A00040E0C00040E0E00080000000800020008000400080006000800080008000A0008000C0008000E00080200000802020008020400080206000802080008020A0008020C0008020E00080400000804020008040400080406000804080
310
008040A0008040C0008040E00080600000806020008060400080606000806080008060A0008060C0008060E00080800000808020008080400080806000808080008080A0008080C0008080E00080A0000080A0200080A0400080A0600080A0800080A0A00080A0C00080A0E00080C0000080C0200080C0400080C0600080C0
310
800080C0A00080C0C00080C0E00080E0000080E0200080E0400080E0600080E0800080E0A00080E0C00080E0E000C0000000C0002000C0004000C0006000C0008000C000A000C000C000C000E000C0200000C0202000C0204000C0206000C0208000C020A000C020C000C020E000C0400000C0402000C0404000C0406000C0
310
408000C040A000C040C000C040E000C0600000C0602000C0604000C0606000C0608000C060A000C060C000C060E000C0800000C0802000C0804000C0806000C0808000C080A000C080C000C080E000C0A00000C0A02000C0A04000C0A06000C0A08000C0A0A000C0A0C000C0A0E000C0C00000C0C02000C0C04000C0C06000
310
C0C08000C0C0A000F0FBFF00A4A0A000808080000000FF0000FF000000FFFF00FF000000FF00FF00FFFF0000FFFFFF0000000000000000000000000000000000000000000000000000000000000000000000FCFCFCFCFCFC000000000000000000000000FCFCFCFCFCFCFC000000000000FCFC0000000000FC000000000000
310
0000000000FC0000000000FC000000000000FC000000000000FC0000000000000000000000FC0000000000FC000000000000FC000000000000FC0000000000000000000000FC0000000000FC000000000000FC000000000000FC00000000F9FCFCFCFCFCFCFC0000000000FCFCFCFCFC0000FC000000000000FC00000000F9
310
FC000000000000000000000000000000FC0000FC000000000000FC0000000000FC000000000000000000000000000000FC0000FC000000000000FC00000000F9FC000000000000000000000000000000FC0000FC000000000000FCF9F900F9F900000000000000000000000000000000FC0000FC000000000000FCF9F900F9
310
0000000000000000000000000000000000FC0000FC000000000000FC00000000F9F9FCFCFCFCFCFC0000000000FCFCFCFCFC0000FC000000000000FC0000000000000000000000FC0000000000FC000000000000FC000000000000FC00000000F9F90000000000FC0000000000FC000000000000FC000000000000FC000000
310
00F9F90000000000FC0000000000FC000000000000FC000000000000FC0000000000000000000000FC0000000000FC000000000000FC000000000000FC0000000000000000000000FC0000000000FC000000000000FCFCFCFCFCFCFCFC0000000000000000000000F90000FCFCFCFC00000000000000000000000000000000
310
000000000000000000F900F9F90000000000000000000000000000000000000000000000000000000000F9F900000000000000000000000000000000000000000000000000000000F9F9000000000000000000000000000000000000000000000000000000000000F9F9F9F900000000000000000000000000000000000000
310
0000000000000000000000F9F90000000000000000000000000000000000000000000000FCFCFCFCFCFCFCFCFCFCFCFCFCFCFCFC00000000000000000000000000000000FC000000000000000000000000000000FC000000000000000000000000000000FC000000000000000000000000000000FC00000000000000000000
310
0000000000FC000000000000000000000000000000FC000000000000000000000000000000FC000000000000000000000000000000FC000000000000000000000000000000FC000000000000000000000000000000FC000000000000000000000000000000FC0000000000000000000000000000FCFC000000000000000000
310
000000000000FCFCFCFCFCFCFCFCFCFCFCFCFCFCFCFC00000000000000000000000000000000000000000000000000000000000000000000
 70
     4
280
     1
281
     0
  0
BLOCK_RECORD
  5
140CA
330
1
100
AcDbSymbolTableRecord
100
AcDbBlockTableRecord
  2
tgjrk
340
0
310
2800000020000000200000000100080000000000000400000000000000000000000000000000000000000000000080000080000000808000800000008000800080800000C0C0C000C0DCC000F0CAA6000020400000206000002080000020A0000020C0000020E00000400000004020000040400000406000004080000040A0
310
000040C0000040E00000600000006020000060400000606000006080000060A0000060C0000060E00000800000008020000080400000806000008080000080A0000080C0000080E00000A0000000A0200000A0400000A0600000A0800000A0A00000A0C00000A0E00000C0000000C0200000C0400000C0600000C0800000C0
310
A00000C0C00000C0E00000E0000000E0200000E0400000E0600000E0800000E0A00000E0C00000E0E00040000000400020004000400040006000400080004000A0004000C0004000E00040200000402020004020400040206000402080004020A0004020C0004020E000404000004040200040404000404060004040800040
310
40A0004040C0004040E00040600000406020004060400040606000406080004060A0004060C0004060E00040800000408020004080400040806000408080004080A0004080C0004080E00040A0000040A0200040A0400040A0600040A0800040A0A00040A0C00040A0E00040C0000040C0200040C0400040C0600040C08000
310
40C0A00040C0C00040C0E00040E0000040E0200040E0400040E0600040E0800040E0A00040E0C00040E0E00080000000800020008000400080006000800080008000A0008000C0008000E00080200000802020008020400080206000802080008020A0008020C0008020E00080400000804020008040400080406000804080
310
008040A0008040C0008040E00080600000806020008060400080606000806080008060A0008060C0008060E00080800000808020008080400080806000808080008080A0008080C0008080E00080A0000080A0200080A0400080A0600080A0800080A0A00080A0C00080A0E00080C0000080C0200080C0400080C0600080C0
310
800080C0A00080C0C00080C0E00080E0000080E0200080E0400080E0600080E0800080E0A00080E0C00080E0E000C0000000C0002000C0004000C0006000C0008000C000A000C000C000C000E000C0200000C0202000C0204000C0206000C0208000C020A000C020C000C020E000C0400000C0402000C0404000C0406000C0
310
408000C040A000C040C000C040E000C0600000C0602000C0604000C0606000C0608000C060A000C060C000C060E000C0800000C0802000C0804000C0806000C0808000C080A000C080C000C080E000C0A00000C0A02000C0A04000C0A06000C0A08000C0A0A000C0A0C000C0A0E000C0C00000C0C02000C0C04000C0C06000
310
C0C08000C0C0A000F0FBFF00A4A0A000808080000000FF0000FF000000FFFF00FF000000FF00FF00FFFF0000FFFFFF0000000000000000000000000000000000000000000000000000000000000000000000000000000000000000000000000000000000000000000000000000000000000000000000000000000000000000
310
00000000000000000000000000000000000000000000000000000000000000000000000000000000000000000000000000000000000000000000000000000000000000000000000000000000000000000000000000000000000000000000000000000000000000000000000000000000000000000000000000000000000000
310
000000000000000000000000000000000000000000FBFBFBFB000000000000000000000000000000000000FBFBFBFB000000000000FB0000FB000000000000000000000000000000000000FB0000FB000000000000FB0000FB000000000000000000000000000000000000FB0000FB000000000000FBFBFBFB000000000000
310
0000000000000000FDFD0000FBFBFBFB000000000000FDFDFDFD0000000000000000000000000000FD00FD0000FB0000000000000000FD0000FD0000000000000000000000000000FD00FD0000000000000000000000FDFDFDFD0000FDFDFDFD0000000000000000FDFDFD0000FDFDFDFD000000000000000000F900FD0000
310
FD000000F900000000000000F900FD0000FD00000000000000F9F9F9F9FDFDFDFD00F9F9F9F90000000000F9F9F9FDFDFDFD000000F9F9F900F90000F9F9F9F9F900F90000F900F9F9F9F9000000F900F9F9F90000F9F9F900F90000F9F9F9F9F9FDF90000F900F9F9F9F9F90000F900F9F9F900000000000000F9F9F90000
310
FD00FDF9F9F9F90000000000F9F9F9F900000000000000000000000000000000FD00FD0000000000000000000000000000000000000000000000000000000000FDFDFD000000FDFDFD00000000000000000000000000000000FBFB00000000000000000000FDFD00FD000000000000FBFB00000000000000FBFBFBFB000000
310
00000000000000FDFDFD0000000000FB00FBFB000000000000FB0000FB000000000000000000000000000000000000FB0000FB00000000000000FBFBFB000000000000000000000000000000000000FBFBFB000000000000000000000000000000000000000000000000000000000000000000000000000000000000000000
310
00000000000000000000000000000000000000000000000000000000000000000000000000000000000000000000000000000000000000000000000000000000000000000000000000000000000000000000000000000000000000000000000000000000000000000000000000000000000000000000000000000000000000
310
0000000000000000000000000000000000000000000000000000000000000000000000000000000000000000000000000000000000000000
 70
     4
280
     1
281
     0
  0
BLOCK_RECORD
  5
140E4
330
1
100
AcDbSymbolTableRecord
100
AcDbBlockTableRecord
  2
tgjrkk
340
0
310
2800000020000000200000000100080000000000000400000000000000000000000000000000000000000000000080000080000000808000800000008000800080800000C0C0C000C0DCC000F0CAA6000020400000206000002080000020A0000020C0000020E00000400000004020000040400000406000004080000040A0
310
000040C0000040E00000600000006020000060400000606000006080000060A0000060C0000060E00000800000008020000080400000806000008080000080A0000080C0000080E00000A0000000A0200000A0400000A0600000A0800000A0A00000A0C00000A0E00000C0000000C0200000C0400000C0600000C0800000C0
310
A00000C0C00000C0E00000E0000000E0200000E0400000E0600000E0800000E0A00000E0C00000E0E00040000000400020004000400040006000400080004000A0004000C0004000E00040200000402020004020400040206000402080004020A0004020C0004020E000404000004040200040404000404060004040800040
310
40A0004040C0004040E00040600000406020004060400040606000406080004060A0004060C0004060E00040800000408020004080400040806000408080004080A0004080C0004080E00040A0000040A0200040A0400040A0600040A0800040A0A00040A0C00040A0E00040C0000040C0200040C0400040C0600040C08000
310
40C0A00040C0C00040C0E00040E0000040E0200040E0400040E0600040E0800040E0A00040E0C00040E0E00080000000800020008000400080006000800080008000A0008000C0008000E00080200000802020008020400080206000802080008020A0008020C0008020E00080400000804020008040400080406000804080
310
008040A0008040C0008040E00080600000806020008060400080606000806080008060A0008060C0008060E00080800000808020008080400080806000808080008080A0008080C0008080E00080A0000080A0200080A0400080A0600080A0800080A0A00080A0C00080A0E00080C0000080C0200080C0400080C0600080C0
310
800080C0A00080C0C00080C0E00080E0000080E0200080E0400080E0600080E0800080E0A00080E0C00080E0E000C0000000C0002000C0004000C0006000C0008000C000A000C000C000C000E000C0200000C0202000C0204000C0206000C0208000C020A000C020C000C020E000C0400000C0402000C0404000C0406000C0
310
408000C040A000C040C000C040E000C0600000C0602000C0604000C0606000C0608000C060A000C060C000C060E000C0800000C0802000C0804000C0806000C0808000C080A000C080C000C080E000C0A00000C0A02000C0A04000C0A06000C0A08000C0A0A000C0A0C000C0A0E000C0C00000C0C02000C0C04000C0C06000
310
C0C08000C0C0A000F0FBFF00A4A0A000808080000000FF0000FF000000FFFF00FF000000FF00FF00FFFF0000FFFFFF0000000000000000000000000000000000000000000000000000000000000000000000000000000000000000000000000000000000000000000000000000000000000000000000000000000000000000
310
00000000000000000000000000000000000000000000000000000000000000000000000000000000000000000000000000000000000000000000000000000000000000000000000000000000000000000000000000000000000000000000000000000000000000000000000000000000000000000000000000000000000000
310
000000000000000000000000000000000000000000000000000000000000000000000000000000000000000000000000000000000000000000000000000000000000000000000000000000000000000000000000FFFFFFFFFFFFFF0000000000000000000000000000FFFFFFFFFFFFFF00000000FF0000000000FFFFFFFFFF
310
FFFFFFFFFFFFFFFFFFFFFF0000000000FF000000FFFF0000000000000000000000000000000000000000000000000000FFFF0000FF00000000000000000000000000000000000000000000000000000000FF0000FF00000000000000000000000000000000000000000000000000000000FF0000FF00000000000000000000
310
000000000000000000000000000000000000FF0000FF00000000000000000000000000000000000000000000000000000000FF0000FF00000000000000000000000000000000000000000000000000000000FF0000FF00000000000000000000000000000000000000000000000000000000FF0000FF000000000000000000
310
00000000000000000000000000000000000000FF0000FF00000000000000000000000000000000000000000000000000000000FF0000FF00000000000000000000000000000000000000000000000000000000FF0000FF00000000000000000000000000000000000000000000000000000000FF0000FFFFFFFFFFFFFFFFFF
310
FFFFFFFFFFFFFFFFFFFFFFFFFFFFFFFFFFFFFFFFFF00000000000000000000000000000000000000000000000000000000000000000000000000000000000000000000000000000000000000000000000000000000000000000000000000000000000000000000000000000000000000000000000000000000000000000000
310
00000000000000000000000000000000000000000000000000000000000000000000000000000000000000000000000000000000000000000000000000000000000000000000000000000000000000000000000000000000000000000000000000000000000000000000000000000000000000000000000000000000000000
310
0000000000000000000000000000000000000000000000000000000000000000000000000000000000000000000000000000000000000000
102
{BLKREFS
331
1E8C7
102
}
 70
     4
280
     1
281
     0
  0
BLOCK_RECORD
  5
140FF
330
1
100
AcDbSymbolTableRecord
100
AcDbBlockTableRecord
  2
zsjrk
340
0
310
2800000020000000200000000100080000000000000400000000000000000000000000000000000000000000000080000080000000808000800000008000800080800000C0C0C000C0DCC000F0CAA6000020400000206000002080000020A0000020C0000020E00000400000004020000040400000406000004080000040A0
310
000040C0000040E00000600000006020000060400000606000006080000060A0000060C0000060E00000800000008020000080400000806000008080000080A0000080C0000080E00000A0000000A0200000A0400000A0600000A0800000A0A00000A0C00000A0E00000C0000000C0200000C0400000C0600000C0800000C0
310
A00000C0C00000C0E00000E0000000E0200000E0400000E0600000E0800000E0A00000E0C00000E0E00040000000400020004000400040006000400080004000A0004000C0004000E00040200000402020004020400040206000402080004020A0004020C0004020E000404000004040200040404000404060004040800040
310
40A0004040C0004040E00040600000406020004060400040606000406080004060A0004060C0004060E00040800000408020004080400040806000408080004080A0004080C0004080E00040A0000040A0200040A0400040A0600040A0800040A0A00040A0C00040A0E00040C0000040C0200040C0400040C0600040C08000
310
40C0A00040C0C00040C0E00040E0000040E0200040E0400040E0600040E0800040E0A00040E0C00040E0E00080000000800020008000400080006000800080008000A0008000C0008000E00080200000802020008020400080206000802080008020A0008020C0008020E00080400000804020008040400080406000804080
310
008040A0008040C0008040E00080600000806020008060400080606000806080008060A0008060C0008060E00080800000808020008080400080806000808080008080A0008080C0008080E00080A0000080A0200080A0400080A0600080A0800080A0A00080A0C00080A0E00080C0000080C0200080C0400080C0600080C0
310
800080C0A00080C0C00080C0E00080E0000080E0200080E0400080E0600080E0800080E0A00080E0C00080E0E000C0000000C0002000C0004000C0006000C0008000C000A000C000C000C000E000C0200000C0202000C0204000C0206000C0208000C020A000C020C000C020E000C0400000C0402000C0404000C0406000C0
310
408000C040A000C040C000C040E000C0600000C0602000C0604000C0606000C0608000C060A000C060C000C060E000C0800000C0802000C0804000C0806000C0808000C080A000C080C000C080E000C0A00000C0A02000C0A04000C0A06000C0A08000C0A0A000C0A0C000C0A0E000C0C00000C0C02000C0C04000C0C06000
310
C0C08000C0C0A000F0FBFF00A4A0A000808080000000FF0000FF000000FFFF00FF000000FF00FF00FFFF0000FFFFFF0000000000000000000000000000000000000000000000000000000000000000000000000000000000000000000000000000000000000000000000000000000000000000000000000000000000000000
310
00000000000000000000000000000000000000000000000000000000000000000000000000000000000000000000000000000000000000000000000000000000000000000000000000000000000000000000000000000000000000000000000000000000000000000000000000000000000000000000000000000000000000
310
00000000000000000000000000000000000000000000FBFB000000000000000000000000000000000000FBFB000000000000000000FBFBFBFB00000000000000000000000000000000FBFBFBFB0000000000000000FB0000FB00000000000000000000000000000000FB0000FB0000000000000000FB0000FB000000000000
310
00000000000000000000FB0000FB0000000000000000FBFBFB000000000000000000000000000000FDFDFDFBFBFB0000000000000000FD00FDFD0000000000000000000000000000FD0000FD00000000000000000000FDFDFD000000FDFDFD000000000000000000FDFDFDFD0000FDFDFD00000000000000000000FDFD00FD
310
000000000000000000000000000000FD00FD00000000000000F9F9F9F9FDFDFD00F9F9F9F9000000000000F9F9F9F9FDFDFD000000F9F9F900F90000F9F9F9F900F90000F900F9F9F9F900F90000F900F9F9F90000F9F9F900F90000F900F9F9FDF90000F900F9F9F9F900F90000F900F9F9F9000000000000F9F9F90000FD
310
00FDFDF9F900000000000000F9F9F9F9000000000000000000000000000000FD00FDFD0000FDFD00000000000000000000000000000000000000000000000000FDFD0000FDFDFDFD00000000000000000000000000000000FBFBFB000000000000000000FDFD00FD0000000000FBFBFB0000000000000000FB0000FB000000
310
000000000000FDFD0000000000FB0000FB0000000000000000FBFBFBFB00000000000000000000000000000000FBFBFBFB000000000000000000FB00000000000000000000000000000000000000FBFB0000000000000000000000000000000000000000000000000000000000000000000000000000000000000000000000
310
00000000000000000000000000000000000000000000000000000000000000000000000000000000000000000000000000000000000000000000000000000000000000000000000000000000000000000000000000000000000000000000000000000000000000000000000000000000000000000000000000000000000000
310
0000000000000000000000000000000000000000000000000000000000000000000000000000000000000000000000000000000000000000
 70
     4
280
     1
281
     0
  0
BLOCK_RECORD
  5
14119
330
1
100
AcDbSymbolTableRecord
100
AcDbBlockTableRecord
  2
zsjrkk
340
0
310
2800000020000000200000000100080000000000000400000000000000000000000000000000000000000000000080000080000000808000800000008000800080800000C0C0C000C0DCC000F0CAA6000020400000206000002080000020A0000020C0000020E00000400000004020000040400000406000004080000040A0
310
000040C0000040E00000600000006020000060400000606000006080000060A0000060C0000060E00000800000008020000080400000806000008080000080A0000080C0000080E00000A0000000A0200000A0400000A0600000A0800000A0A00000A0C00000A0E00000C0000000C0200000C0400000C0600000C0800000C0
310
A00000C0C00000C0E00000E0000000E0200000E0400000E0600000E0800000E0A00000E0C00000E0E00040000000400020004000400040006000400080004000A0004000C0004000E00040200000402020004020400040206000402080004020A0004020C0004020E000404000004040200040404000404060004040800040
310
40A0004040C0004040E00040600000406020004060400040606000406080004060A0004060C0004060E00040800000408020004080400040806000408080004080A0004080C0004080E00040A0000040A0200040A0400040A0600040A0800040A0A00040A0C00040A0E00040C0000040C0200040C0400040C0600040C08000
310
40C0A00040C0C00040C0E00040E0000040E0200040E0400040E0600040E0800040E0A00040E0C00040E0E00080000000800020008000400080006000800080008000A0008000C0008000E00080200000802020008020400080206000802080008020A0008020C0008020E00080400000804020008040400080406000804080
310
008040A0008040C0008040E00080600000806020008060400080606000806080008060A0008060C0008060E00080800000808020008080400080806000808080008080A0008080C0008080E00080A0000080A0200080A0400080A0600080A0800080A0A00080A0C00080A0E00080C0000080C0200080C0400080C0600080C0
310
800080C0A00080C0C00080C0E00080E0000080E0200080E0400080E0600080E0800080E0A00080E0C00080E0E000C0000000C0002000C0004000C0006000C0008000C000A000C000C000C000E000C0200000C0202000C0204000C0206000C0208000C020A000C020C000C020E000C0400000C0402000C0404000C0406000C0
310
408000C040A000C040C000C040E000C0600000C0602000C0604000C0606000C0608000C060A000C060C000C060E000C0800000C0802000C0804000C0806000C0808000C080A000C080C000C080E000C0A00000C0A02000C0A04000C0A06000C0A08000C0A0A000C0A0C000C0A0E000C0C00000C0C02000C0C04000C0C06000
310
C0C08000C0C0A000F0FBFF00A4A0A000808080000000FF0000FF000000FFFF00FF000000FF00FF00FFFF0000FFFFFF0000000000000000000000000000000000000000000000000000000000000000000000000000000000000000000000000000000000000000000000000000000000000000000000000000000000000000
310
00000000000000000000000000000000000000000000000000000000000000000000000000000000000000000000000000000000000000000000000000000000000000000000000000000000000000000000000000000000000000000000000000000000000000000000000000000000000000000000000000000000000000
310
000000000000000000000000000000000000000000000000000000000000000000000000000000000000000000000000000000000000000000000000000000000000000000000000000000000000000000000000FFFFFFFFFFFFFF000000000000000000000000FFFFFFFFFFFFFF000000000000FF0000000000FF00000000
310
0000000000000000FF0000000000FF0000000000FFFF0000000000FFFFFFFFFFFFFFFFFFFFFFFFFFFF0000000000FFFFFFFF0000FF00000000000000000000000000000000000000000000000000000000FF0000FF00000000000000000000000000000000000000000000000000000000FF0000FF00000000000000000000
310
000000000000000000000000000000000000FF0000FF00000000000000000000000000000000000000000000000000000000FF0000FF00000000000000000000000000000000000000000000000000000000FF0000FF00000000000000000000000000000000000000000000000000000000FF0000FF000000000000000000
310
00000000000000000000000000000000000000FF0000FF00000000000000000000000000000000000000000000000000000000FF0000FF00000000000000000000000000000000000000000000000000000000FF0000FF00000000000000000000000000000000000000000000000000000000FF0000FFFFFFFFFFFFFFFFFF
310
FFFFFFFFFFFFFFFFFFFFFFFFFFFFFFFFFFFFFFFFFF00000000000000000000000000000000000000000000000000000000000000000000000000000000000000000000000000000000000000000000000000000000000000000000000000000000000000000000000000000000000000000000000000000000000000000000
310
00000000000000000000000000000000000000000000000000000000000000000000000000000000000000000000000000000000000000000000000000000000000000000000000000000000000000000000000000000000000000000000000000000000000000000000000000000000000000000000000000000000000000
310
0000000000000000000000000000000000000000000000000000000000000000000000000000000000000000000000000000000000000000
102
{BLKREFS
331
1E8C6
102
}
 70
     4
280
     1
281
     0
  0
BLOCK_RECORD
  5
14134
330
1
100
AcDbSymbolTableRecord
100
AcDbBlockTableRecord
  2
ysjrzkk
340
0
310
2800000020000000200000000100080000000000000400000000000000000000000000000000000000000000000080000080000000808000800000008000800080800000C0C0C000C0DCC000F0CAA6000020400000206000002080000020A0000020C0000020E00000400000004020000040400000406000004080000040A0
310
000040C0000040E00000600000006020000060400000606000006080000060A0000060C0000060E00000800000008020000080400000806000008080000080A0000080C0000080E00000A0000000A0200000A0400000A0600000A0800000A0A00000A0C00000A0E00000C0000000C0200000C0400000C0600000C0800000C0
310
A00000C0C00000C0E00000E0000000E0200000E0400000E0600000E0800000E0A00000E0C00000E0E00040000000400020004000400040006000400080004000A0004000C0004000E00040200000402020004020400040206000402080004020A0004020C0004020E000404000004040200040404000404060004040800040
310
40A0004040C0004040E00040600000406020004060400040606000406080004060A0004060C0004060E00040800000408020004080400040806000408080004080A0004080C0004080E00040A0000040A0200040A0400040A0600040A0800040A0A00040A0C00040A0E00040C0000040C0200040C0400040C0600040C08000
310
40C0A00040C0C00040C0E00040E0000040E0200040E0400040E0600040E0800040E0A00040E0C00040E0E00080000000800020008000400080006000800080008000A0008000C0008000E00080200000802020008020400080206000802080008020A0008020C0008020E00080400000804020008040400080406000804080
310
008040A0008040C0008040E00080600000806020008060400080606000806080008060A0008060C0008060E00080800000808020008080400080806000808080008080A0008080C0008080E00080A0000080A0200080A0400080A0600080A0800080A0A00080A0C00080A0E00080C0000080C0200080C0400080C0600080C0
310
800080C0A00080C0C00080C0E00080E0000080E0200080E0400080E0600080E0800080E0A00080E0C00080E0E000C0000000C0002000C0004000C0006000C0008000C000A000C000C000C000E000C0200000C0202000C0204000C0206000C0208000C020A000C020C000C020E000C0400000C0402000C0404000C0406000C0
310
408000C040A000C040C000C040E000C0600000C0602000C0604000C0606000C0608000C060A000C060C000C060E000C0800000C0802000C0804000C0806000C0808000C080A000C080C000C080E000C0A00000C0A02000C0A04000C0A06000C0A08000C0A0A000C0A0C000C0A0E000C0C00000C0C02000C0C04000C0C06000
310
C0C08000C0C0A000F0FBFF00A4A0A000808080000000FF0000FF000000FFFF00FF000000FF00FF00FFFF0000FFFFFF0000000000000000000000000000000000000000000000000000000000000000000000000000000000000000000000000000000000000000000000000000000000000000000000000000000000000000
310
00000000000000000000000000000000000000000000000000000000000000000000000000000000000000000000000000000000000000000000000000000000000000000000000000000000000000000000000000000000000000000000000000000000000000000000000000000000000000000000000000000000000000
310
0000000000000000000000000000000000000000000000000000000000000000000000000000000000000000000000000000000000000000000000000000000000000000000000000000000000000000000000000000000000000000000000000000000000000000000000000000000000000000FFFFFFFFFFFF0000000000
310
000000000000FFFFFFFFFFFF0000000000000000FFFF00000000FFFFFFFFFFFFFFFFFFFFFFFFFF00000000FFFFFFFFFFFFFF0000FF00000000000000000000000000000000000000000000000000000000FF0000FF00000000000000000000000000000000000000000000000000000000FF0000FF00000000000000000000
310
000000000000000000000000000000000000FF0000FF00000000000000000000000000000000000000000000000000000000FF0000FF00000000000000000000000000000000000000000000000000000000FF0000FF00000000000000000000000000000000000000000000000000000000FF0000FF000000000000000000
310
00000000000000000000000000000000000000FF0000FF00000000000000000000000000000000000000000000000000000000FF0000FF00000000000000000000000000000000000000000000000000000000FF0000FFFFFFFFFFFFFFFFFFFFFFFFFFFFFFFFFFFFFFFFFFFFFFFFFFFFFFFFFFFF0000000000000000000000
310
00000000000000000000000000000000000000000000000000000000000000000000000000000000000000000000000000000000000000000000000000000000000000000000000000000000000000000000000000000000000000000000000000000000000000000000000000000000000000000000000000000000000000
310
00000000000000000000000000000000000000000000000000000000000000000000000000000000000000000000000000000000000000000000000000000000000000000000000000000000000000000000000000000000000000000000000000000000000000000000000000000000000000000000000000000000000000
310
0000000000000000000000000000000000000000000000000000000000000000000000000000000000000000000000000000000000000000
 70
     4
280
     1
281
     0
  0
BLOCK_RECORD
  5
1414F
330
1
100
AcDbSymbolTableRecord
100
AcDbBlockTableRecord
  2
jxmzsjrk
340
0
310
2800000020000000200000000100080000000000000400000000000000000000000000000000000000000000000080000080000000808000800000008000800080800000C0C0C000C0DCC000F0CAA6000020400000206000002080000020A0000020C0000020E00000400000004020000040400000406000004080000040A0
310
000040C0000040E00000600000006020000060400000606000006080000060A0000060C0000060E00000800000008020000080400000806000008080000080A0000080C0000080E00000A0000000A0200000A0400000A0600000A0800000A0A00000A0C00000A0E00000C0000000C0200000C0400000C0600000C0800000C0
310
A00000C0C00000C0E00000E0000000E0200000E0400000E0600000E0800000E0A00000E0C00000E0E00040000000400020004000400040006000400080004000A0004000C0004000E00040200000402020004020400040206000402080004020A0004020C0004020E000404000004040200040404000404060004040800040
310
40A0004040C0004040E00040600000406020004060400040606000406080004060A0004060C0004060E00040800000408020004080400040806000408080004080A0004080C0004080E00040A0000040A0200040A0400040A0600040A0800040A0A00040A0C00040A0E00040C0000040C0200040C0400040C0600040C08000
310
40C0A00040C0C00040C0E00040E0000040E0200040E0400040E0600040E0800040E0A00040E0C00040E0E00080000000800020008000400080006000800080008000A0008000C0008000E00080200000802020008020400080206000802080008020A0008020C0008020E00080400000804020008040400080406000804080
310
008040A0008040C0008040E00080600000806020008060400080606000806080008060A0008060C0008060E00080800000808020008080400080806000808080008080A0008080C0008080E00080A0000080A0200080A0400080A0600080A0800080A0A00080A0C00080A0E00080C0000080C0200080C0400080C0600080C0
310
800080C0A00080C0C00080C0E00080E0000080E0200080E0400080E0600080E0800080E0A00080E0C00080E0E000C0000000C0002000C0004000C0006000C0008000C000A000C000C000C000E000C0200000C0202000C0204000C0206000C0208000C020A000C020C000C020E000C0400000C0402000C0404000C0406000C0
310
408000C040A000C040C000C040E000C0600000C0602000C0604000C0606000C0608000C060A000C060C000C060E000C0800000C0802000C0804000C0806000C0808000C080A000C080C000C080E000C0A00000C0A02000C0A04000C0A06000C0A08000C0A0A000C0A0C000C0A0E000C0C00000C0C02000C0C04000C0C06000
310
C0C08000C0C0A000F0FBFF00A4A0A000808080000000FF0000FF000000FFFF00FF000000FF00FF00FFFF0000FFFFFF0000000000000000000000000000000000000000000000000000000000000000000000000000000000000000000000000000000000000000000000000000000000000000000000000000000000000000
310
00000000000000000000000000000000000000000000000000000000000000000000000000000000000000000000000000000000000000000000000000000000000000000000000000000000000000000000000000000000000000000000000000000000000000000000000000000000000000000000000000000000000000
310
000000000000000000000000000000000000000000000000000000000000000000000000000000000000000000000000000000FEFEFEFEFEFEFEFEFEFEFEFEFEFEFEFEFEFEFEFEFEFEFEFEFEFEFEFEFEFE0000FE00000000000000000000000000000000000000000000000000000000FE0000FE0000000000000000000000
310
0000000000000000000000000000000000FE0000FE00000000000000000000000000000000000000000000000000000000FE0000FE00000000000000000000000000000000000000000000000000000000FE0000FE00000000000000000000000000000000000000000000000000000000FE0000FE00000000000000000000
310
000000000000000000000000000000000000FE0000FE00000000000000000000000000000000000000000000000000000000FE0000FE00000000000000000000000000000000000000000000000000000000FE0000FE00000000000000000000000000000000000000000000000000000000FE0000FE000000000000000000
310
00000000000000000000000000000000000000FE0000FE00000000000000000000000000000000000000000000000000000000FE0000FE00000000000000000000000000000000000000000000000000000000FE0000FE00000000000000000000000000000000000000000000000000000000FE0000FE0000000000000000
310
0000000000000000000000000000000000000000FE0000FEFEFEFEFEFEFEFEFEFEFEFEFEFEFEFEFEFEFEFEFEFEFEFEFEFEFEFEFEFE0000000000000000000000000000000000000000000000000000000000000000000000000000000000000000000000000000000000000000000000000000000000000000000000000000
310
00000000000000000000000000000000000000000000000000000000000000000000000000000000000000000000000000000000000000000000000000000000000000000000000000000000000000000000000000000000000000000000000000000000000000000000000000000000000000000000000000000000000000
310
0000000000000000000000000000000000000000000000000000000000000000000000000000000000000000000000000000000000000000
 70
     4
280
     1
281
     0
  0
BLOCK_RECORD
  5
1415A
330
1
100
AcDbSymbolTableRecord
100
AcDbBlockTableRecord
  2
jxmtgjjrk
340
0
310
2800000020000000200000000100080000000000000400000000000000000000000000000000000000000000000080000080000000808000800000008000800080800000C0C0C000C0DCC000F0CAA6000020400000206000002080000020A0000020C0000020E00000400000004020000040400000406000004080000040A0
310
000040C0000040E00000600000006020000060400000606000006080000060A0000060C0000060E00000800000008020000080400000806000008080000080A0000080C0000080E00000A0000000A0200000A0400000A0600000A0800000A0A00000A0C00000A0E00000C0000000C0200000C0400000C0600000C0800000C0
310
A00000C0C00000C0E00000E0000000E0200000E0400000E0600000E0800000E0A00000E0C00000E0E00040000000400020004000400040006000400080004000A0004000C0004000E00040200000402020004020400040206000402080004020A0004020C0004020E000404000004040200040404000404060004040800040
310
40A0004040C0004040E00040600000406020004060400040606000406080004060A0004060C0004060E00040800000408020004080400040806000408080004080A0004080C0004080E00040A0000040A0200040A0400040A0600040A0800040A0A00040A0C00040A0E00040C0000040C0200040C0400040C0600040C08000
310
40C0A00040C0C00040C0E00040E0000040E0200040E0400040E0600040E0800040E0A00040E0C00040E0E00080000000800020008000400080006000800080008000A0008000C0008000E00080200000802020008020400080206000802080008020A0008020C0008020E00080400000804020008040400080406000804080
310
008040A0008040C0008040E00080600000806020008060400080606000806080008060A0008060C0008060E00080800000808020008080400080806000808080008080A0008080C0008080E00080A0000080A0200080A0400080A0600080A0800080A0A00080A0C00080A0E00080C0000080C0200080C0400080C0600080C0
310
800080C0A00080C0C00080C0E00080E0000080E0200080E0400080E0600080E0800080E0A00080E0C00080E0E000C0000000C0002000C0004000C0006000C0008000C000A000C000C000C000E000C0200000C0202000C0204000C0206000C0208000C020A000C020C000C020E000C0400000C0402000C0404000C0406000C0
310
408000C040A000C040C000C040E000C0600000C0602000C0604000C0606000C0608000C060A000C060C000C060E000C0800000C0802000C0804000C0806000C0808000C080A000C080C000C080E000C0A00000C0A02000C0A04000C0A06000C0A08000C0A0A000C0A0C000C0A0E000C0C00000C0C02000C0C04000C0C06000
310
C0C08000C0C0A000F0FBFF00A4A0A000808080000000FF0000FF000000FFFF00FF000000FF00FF00FFFF0000FFFFFF0000000000000000000000000000000000000000000000000000000000000000000000000000000000000000000000000000000000000000000000000000000000000000000000000000000000000000
310
00000000000000000000000000000000000000000000000000000000000000000000000000000000000000000000000000000000000000000000000000000000000000000000000000000000000000000000000000000000000000000000000000000000000000000000000000000000000000000000000000000000000000
310
00000000000000000000000000000000000000FEFEFEFEFEFEFEFEFEFEFEFEFEFEFEFEFEFEFEFEFEFEFEFEFEFEFEFEFEFE0000FE00000000000000000000000000000000000000000000000000000000FE0000FE00000000000000000000000000000000000000000000000000000000FE0000FE0000000000000000000000
310
0000000000000000000000000000000000FE0000FE00000000000000000000000000000000000000000000000000000000FE0000FE00000000000000000000000000000000000000000000000000000000FE0000FE00000000000000000000000000000000000000000000000000000000FE0000FE00000000000000000000
310
000000000000000000000000000000000000FE0000FE00000000000000000000000000000000000000000000000000000000FE0000FE00000000000000000000000000000000000000000000000000000000FE0000FE00000000000000000000000000000000000000000000000000000000FE0000FE000000000000000000
310
00000000000000000000000000000000000000FE0000FE00000000000000000000000000000000000000000000000000000000FE0000FE00000000000000000000000000000000000000000000000000000000FE0000FE00000000000000000000000000000000000000000000000000000000FE0000FE0000000000000000
310
0000000000000000000000000000000000000000FE0000FE00000000000000000000000000000000000000000000000000000000FE0000FEFEFEFEFEFEFEFEFEFEFEFEFEFEFEFEFEFEFEFEFEFEFEFEFEFEFEFEFEFE000000000000000000000000000000000000000000000000000000000000000000000000000000000000
310
00000000000000000000000000000000000000000000000000000000000000000000000000000000000000000000000000000000000000000000000000000000000000000000000000000000000000000000000000000000000000000000000000000000000000000000000000000000000000000000000000000000000000
310
0000000000000000000000000000000000000000000000000000000000000000000000000000000000000000000000000000000000000000
 70
     4
280
     1
281
     0
  0
BLOCK_RECORD
  5
14165
330
1
100
AcDbSymbolTableRecord
100
AcDbBlockTableRecord
  2
ysjrjk
340
0
310
2800000020000000200000000100080000000000000400000000000000000000000000000000000000000000000080000080000000808000800000008000800080800000C0C0C000C0DCC000F0CAA6000020400000206000002080000020A0000020C0000020E00000400000004020000040400000406000004080000040A0
310
000040C0000040E00000600000006020000060400000606000006080000060A0000060C0000060E00000800000008020000080400000806000008080000080A0000080C0000080E00000A0000000A0200000A0400000A0600000A0800000A0A00000A0C00000A0E00000C0000000C0200000C0400000C0600000C0800000C0
310
A00000C0C00000C0E00000E0000000E0200000E0400000E0600000E0800000E0A00000E0C00000E0E00040000000400020004000400040006000400080004000A0004000C0004000E00040200000402020004020400040206000402080004020A0004020C0004020E000404000004040200040404000404060004040800040
310
40A0004040C0004040E00040600000406020004060400040606000406080004060A0004060C0004060E00040800000408020004080400040806000408080004080A0004080C0004080E00040A0000040A0200040A0400040A0600040A0800040A0A00040A0C00040A0E00040C0000040C0200040C0400040C0600040C08000
310
40C0A00040C0C00040C0E00040E0000040E0200040E0400040E0600040E0800040E0A00040E0C00040E0E00080000000800020008000400080006000800080008000A0008000C0008000E00080200000802020008020400080206000802080008020A0008020C0008020E00080400000804020008040400080406000804080
310
008040A0008040C0008040E00080600000806020008060400080606000806080008060A0008060C0008060E00080800000808020008080400080806000808080008080A0008080C0008080E00080A0000080A0200080A0400080A0600080A0800080A0A00080A0C00080A0E00080C0000080C0200080C0400080C0600080C0
310
800080C0A00080C0C00080C0E00080E0000080E0200080E0400080E0600080E0800080E0A00080E0C00080E0E000C0000000C0002000C0004000C0006000C0008000C000A000C000C000C000E000C0200000C0202000C0204000C0206000C0208000C020A000C020C000C020E000C0400000C0402000C0404000C0406000C0
310
408000C040A000C040C000C040E000C0600000C0602000C0604000C0606000C0608000C060A000C060C000C060E000C0800000C0802000C0804000C0806000C0808000C080A000C080C000C080E000C0A00000C0A02000C0A04000C0A06000C0A08000C0A0A000C0A0C000C0A0E000C0C00000C0C02000C0C04000C0C06000
310
C0C08000C0C0A000F0FBFF00A4A0A000808080000000FF0000FF000000FFFF00FF000000FF00FF00FFFF0000FFFFFF0000000000000000000000000000000000000000000000000000000000000000000000000000000000000000000000000000000000000000000000000000000000000000000000000000000000000000
310
00000000000000000000000000000000000000000000000000000000000000000000000000000000000000000000000000000000000000000000000000000000000000000000000000000000000000000000000000000000000000000000000000000000000000000000000000000000000000000000000000000000000000
310
000000000000000000000000000000000000000000000000000000000000000000000000000000000000000000000000000000000000FB0000000000000000000000000000000000FB000000000000000000000000FBFBFB0000000000000000000000000000FBFBFBFB0000000000000000000000FB00FB00000000000000
310
00000000000000FB0000FB0000000000000000000000FBFBFB0000000000000000000000000000FBFBFBFBFD00000000000000000000FD00FD00000000000000000000000000000000FDFDFD00000000000000000000FDFDFD0000FDFD000000000000000000000000FDFDFD0000FDFDFD000000000000FD0000FDFDFDFD00
310
0000000000000000000000FD000000FD00FD000000000000F9F9F9F9FDFDFD00F9F9F9000000000000000000F9F9F9FDFDFD000000F9F9F9F90000F9F9F9F9F90000F900F9F9000000F9F900F90000F9F9F9F9000000F900F9F900F900F9F9FDF900F900F9F9000000F9F900F900F9F900F900000000000000F9F90000FD00
310
FDF9F90000000000000000000000F9F90000000000000000000000000000FDFDFD0000FDFDFD000000000000000000000000000000000000FBFBFB0000000000000000FD00FD00000000FBFB000000000000000000000000FB00FB0000000000000000FDFDFD00000000FB00FB0000000000000000000000FBFBFB00000000
310
0000000000000000000000FBFBFB000000000000000000000000FB0000000000000000000000000000000000FB00000000000000000000000000000000000000000000000000000000000000000000000000000000000000000000000000000000000000000000000000000000000000000000000000000000000000000000
310
00000000000000000000000000000000000000000000000000000000000000000000000000000000000000000000000000000000000000000000000000000000000000000000000000000000000000000000000000000000000000000000000000000000000000000000000000000000000000000000000000000000000000
310
0000000000000000000000000000000000000000000000000000000000000000000000000000000000000000000000000000000000000000
 70
     4
280
     1
281
     0
  0
BLOCK_RECORD
  5
1EB2D
330
1
100
AcDbSymbolTableRecord
100
AcDbBlockTableRecord
  2
*D14
340
0
 70
     0
280
     1
281
     0
  0
BLOCK_RECORD
  5
1EB7E
330
1
100
AcDbSymbolTableRecord
100
AcDbBlockTableRecord
  2
*D18
340
0
 70
     0
280
     1
281
     0
  0
BLOCK_RECORD
  5
1EBC7
330
1
100
AcDbSymbolTableRecord
100
AcDbBlockTableRecord
  2
*D20
340
0
 70
     0
280
     1
281
     0
  0
BLOCK_RECORD
  5
1EC9F
330
1
100
AcDbSymbolTableRecord
100
AcDbBlockTableRecord
  2
*D22
340
0
 70
     0
280
     1
281
     0
  0
BLOCK_RECORD
  5
1ECB7
330
1
100
AcDbSymbolTableRecord
100
AcDbBlockTableRecord
  2
*D23
340
0
 70
     0
280
     1
281
     0
  0
BLOCK_RECORD
  5
1ECCF
330
1
100
AcDbSymbolTableRecord
100
AcDbBlockTableRecord
  2
*D24
340
0
 70
     0
280
     1
281
     0
  0
BLOCK_RECORD
  5
1ECE7
330
1
100
AcDbSymbolTableRecord
100
AcDbBlockTableRecord
  2
*D25
340
0
 70
     0
280
     1
281
     0
  0
BLOCK_RECORD
  5
1ECFF
330
1
100
AcDbSymbolTableRecord
100
AcDbBlockTableRecord
  2
*D26
340
0
 70
     0
280
     1
281
     0
  0
BLOCK_RECORD
  5
1EE22
330
1
100
AcDbSymbolTableRecord
100
AcDbBlockTableRecord
  2
*D29
340
0
 70
     0
280
     1
281
     0
  0
ENDTAB
  0
ENDSEC
  0
SECTION
  2
BLOCKS
  0
BLOCK
  5
20
330
1F
100
AcDbEntity
  8
0
100
AcDbBlockBegin
  2
*Model_Space
 70
     0
 10
0.0
 20
0.0
 30
0.0
  3
*Model_Space
  1

  0
ENDBLK
  5
21
330
1F
100
AcDbEntity
  8
0
100
AcDbBlockEnd
  0
BLOCK
  5
D4
330
D2
100
AcDbEntity
 67
     1
  8
0
100
AcDbBlockBegin
  2
*Paper_Space
 70
     0
 10
0.0
 20
0.0
 30
0.0
  3
*Paper_Space
  1

  0
ENDBLK
  5
D5
330
D2
100
AcDbEntity
 67
     1
  8
0
100
AcDbBlockEnd
  0
BLOCK
  5
D8
330
D6
100
AcDbEntity
 67
     1
  8
0
100
AcDbBlockBegin
  2
*Paper_Space0
 70
     0
 10
0.0
 20
0.0
 30
0.0
  3
*Paper_Space0
  1

  0
ENDBLK
  5
D9
330
D6
100
AcDbEntity
 67
     1
  8
0
100
AcDbBlockEnd
  0
BLOCK
  5
20F
330
20E
100
AcDbEntity
  8
0
100
AcDbBlockBegin
  2
_FILLED
 70
     0
 10
0.0
 20
0.0
 30
0.0
  3
_FILLED
  1

  0
SOLID
  5
210
330
20E
100
AcDbEntity
  8
0
  6
ByBlock
 62
     0
100
AcDbTrace
 10
0.0
 20
0.0
 30
0.0
 11
-1.0
 21
0.12
 31
0.0
 12
-1.0
 22
-0.12
 32
0.0
 13
-1.0
 23
-0.12
 33
0.0
  0
ENDBLK
  5
211
330
20E
100
AcDbEntity
  8
0
  6
ByBlock
 62
     0
100
AcDbBlockEnd
  0
BLOCK
  5
11F58
330
11F57
100
AcDbEntity
  8
0
 62
     2
370
     0
100
AcDbBlockBegin
  2
jxmhcjjrk
 70
     0
 10
0.0
 20
0.0
 30
0.0
  3
jxmhcjjrk
  1

  0
LINE
  5
11F59
330
11F57
100
AcDbEntity
  8
标注
 62
     4
370
     0
100
AcDbLine
 10
44690.55931372855
 20
-4985.807605883993
 30
0.0
 11
44708.60931372855
 21
-4985.807605883991
 31
0.0
  0
ARC
  5
11F5A
330
11F57
100
AcDbEntity
  8
标注
 62
     4
370
     0
100
AcDbCircle
 10
44690.55931372855
 20
-4986.307605883992
 30
0.0
 40
0.5
100
AcDbArc
 50
90.0
 51
180.0
  0
LINE
  5
11F5B
330
11F57
100
AcDbEntity
  8
标注
 62
     4
370
     0
100
AcDbLine
 10
44709.10931372855
 20
-4969.617605883993
 30
0.0
 11
44709.10931372855
 21
-4985.307605883992
 31
0.0
  0
ARC
  5
11F5C
330
11F57
100
AcDbEntity
  8
标注
 62
     4
370
     0
100
AcDbCircle
 10
44708.60931372855
 20
-4985.307605883992
 30
0.0
 40
0.5
100
AcDbArc
 50
270.0
 51
0.0
  0
LINE
  5
11F5D
330
11F57
100
AcDbEntity
  8
标注
 62
     4
370
     0
100
AcDbLine
 10
44690.05931372854
 20
-5005.307605883992
 30
0.0
 11
44690.05931372854
 21
-4986.307605883992
 31
0.0
  0
ARC
  5
11F5E
330
11F57
100
AcDbEntity
  8
标注
 62
     4
370
     0
100
AcDbCircle
 10
44690.55931372855
 20
-5005.307605883992
 30
0.0
 40
0.5
100
AcDbArc
 50
180.0
 51
270.0
  0
LINE
  5
11F5F
330
11F57
100
AcDbEntity
  8
标注
 62
     4
370
     0
100
AcDbLine
 10
44728.60931372845
 20
-5005.807605883991
 30
0.0
 11
44690.55931372855
 21
-5005.807605883992
 31
0.0
  0
ARC
  5
11F60
330
11F57
100
AcDbEntity
  8
标注
 62
     4
370
     0
100
AcDbCircle
 10
44728.60931372845
 20
-5005.307605883992
 30
0.0
 40
0.5
100
AcDbArc
 50
270.0
 51
0.0000000000130276
  0
LINE
  5
11F61
330
11F57
100
AcDbEntity
  8
标注
 62
     4
370
     0
100
AcDbLine
 10
44729.10931372845
 20
-4969.617605883992
 30
0.0
 11
44729.10931372846
 21
-5005.307605883992
 31
0.0
  0
ARC
  5
11F62
330
11F57
100
AcDbEntity
  8
标注
 62
     4
370
     0
100
AcDbCircle
 10
44728.60931372845
 20
-4969.617605883992
 30
0.0
 40
0.5
100
AcDbArc
 50
0.0000000000130276
 51
90.0
  0
LINE
  5
11F63
330
11F57
100
AcDbEntity
  8
标注
 62
     4
370
     0
100
AcDbLine
 10
44709.60931372855
 20
-4969.117605883993
 30
0.0
 11
44728.60931372845
 21
-4969.117605883991
 31
0.0
  0
ARC
  5
11F64
330
11F57
100
AcDbEntity
  8
标注
 62
     4
370
     0
100
AcDbCircle
 10
44709.60931372855
 20
-4969.617605883993
 30
0.0
 40
0.5
100
AcDbArc
 50
90.0
 51
180.0
  0
ENDBLK
  5
11F65
330
11F57
100
AcDbEntity
  8
0
 62
     2
370
     0
100
AcDbBlockEnd
  0
BLOCK
  5
11F67
330
11F66
100
AcDbEntity
  8
0
 62
     2
370
     0
100
AcDbBlockBegin
  2
hcjjkkk
 70
     0
 10
0.0
 20
0.0
 30
0.0
  3
hcjjkkk
  1

  0
CIRCLE
  5
11F68
330
11F66
100
AcDbEntity
  8
0
  6
Continuous
 62
     1
100
AcDbCircle
 10
44708.96556372855
 20
-5000.247605883991
 30
0.0
 40
0.8
  0
CIRCLE
  5
11F69
330
11F66
100
AcDbEntity
  8
0
  6
Continuous
 62
     1
100
AcDbCircle
 10
44697.05931372854
 20
-4995.167605883992
 30
0.0
 40
2.0
  0
CIRCLE
  5
11F6A
330
11F66
100
AcDbEntity
  8
0
  6
Continuous
 62
     6
100
AcDbCircle
 10
44691.97931372855
 20
-4992.627605883991
 30
0.0
 40
1.5
  0
CIRCLE
  5
11F6B
330
11F66
100
AcDbEntity
  8
0
  6
Continuous
 62
     6
100
AcDbCircle
 10
44694.51931372854
 20
-4998.977605883991
 30
0.0
 40
1.5
  0
CIRCLE
  5
11F6C
330
11F66
100
AcDbEntity
  8
0
  6
Continuous
 62
     6
100
AcDbCircle
 10
44703.88556372855
 20
-4992.627605883991
 30
0.0
 40
1.5
  0
CIRCLE
  5
11F6D
330
11F66
100
AcDbEntity
  8
0
  6
Continuous
 62
     6
100
AcDbCircle
 10
44706.42556372855
 20
-4998.977605883991
 30
0.0
 40
1.5
  0
CIRCLE
  5
11F6E
330
11F66
100
AcDbEntity
  8
0
  6
Continuous
 62
     6
100
AcDbCircle
 10
44715.92931372845
 20
-4989.452602061891
 30
0.0
 40
1.5
  0
CIRCLE
  5
11F6F
330
11F66
100
AcDbEntity
  8
0
  6
Continuous
 62
     1
100
AcDbCircle
 10
44708.96556372855
 20
-4990.087605883991
 30
0.0
 40
0.8
  0
CIRCLE
  5
11F70
330
11F66
100
AcDbEntity
  8
0
  6
Continuous
 62
     1
100
AcDbCircle
 10
44718.46931372844
 20
-4990.722602061892
 30
0.0
 40
0.8
  0
CIRCLE
  5
11F71
330
11F66
100
AcDbEntity
  8
0
  6
Continuous
 62
     6
100
AcDbCircle
 10
44713.38931372845
 20
-4983.102602061892
 30
0.0
 40
1.5
  0
CIRCLE
  5
11F72
330
11F66
100
AcDbEntity
  8
0
  6
Continuous
 62
     1
100
AcDbCircle
 10
44716.10931372855
 20
-4976.117605883992
 30
0.0
 40
2.0
  0
CIRCLE
  5
11F73
330
11F66
100
AcDbEntity
  8
0
  6
Continuous
 62
     6
100
AcDbCircle
 10
44718.64931372855
 20
-4972.307605883991
 30
0.0
 40
1.5
  0
CIRCLE
  5
11F74
330
11F66
100
AcDbEntity
  8
0
  6
Continuous
 62
     6
100
AcDbCircle
 10
44721.18931372855
 20
-4978.657605883991
 30
0.0
 40
1.5
  0
CIRCLE
  5
11F75
330
11F66
100
AcDbEntity
  8
0
  6
Continuous
 62
     1
100
AcDbCircle
 10
44716.10931372855
 20
-4981.197605883991
 30
0.0
 40
0.8
  0
CIRCLE
  5
11F76
330
11F66
100
AcDbEntity
  8
0
  6
Continuous
 62
     1
100
AcDbCircle
 10
44716.10931372855
 20
-4971.037605883992
 30
0.0
 40
0.8
  0
CIRCLE
  5
11F77
330
11F66
100
AcDbEntity
  8
0
  6
Continuous
 62
     1
100
AcDbCircle
 10
44718.46931372844
 20
-4980.562602061892
 30
0.0
 40
0.8
  0
ARC
  5
11F78
330
11F66
100
AcDbEntity
  8
0
  6
Continuous
 62
     1
100
AcDbCircle
 10
44697.05931372854
 20
-4990.087605883991
 30
0.0
 40
0.8
100
AcDbArc
 50
141.0373718488039
 51
38.58961007056276
  0
CIRCLE
  5
11F79
330
11F66
100
AcDbEntity
  8
0
  6
Continuous
 62
     1
100
AcDbCircle
 10
44697.05931372854
 20
-5000.247605883991
 30
0.0
 40
0.8
  0
ARC
  5
11F7A
330
11F66
100
AcDbEntity
  8
0
  6
Continuous
 62
     2
100
AcDbCircle
 10
44697.06556372854
 20
-4988.167605883991
 30
0.0
 40
1.55
100
AcDbArc
 50
293.5401457068272
 51
246.0868362131197
  0
CIRCLE
  5
11F7B
330
11F66
100
AcDbEntity
  8
0
  6
Continuous
 62
     2
100
AcDbCircle
 10
44697.06556372854
 20
-5003.507605883991
 30
0.0
 40
1.999995999999999
  0
CIRCLE
  5
11F7C
330
11F66
100
AcDbEntity
  8
0
  6
Continuous
 62
     2
100
AcDbCircle
 10
44720.86556372855
 20
-5003.507605883991
 30
0.0
 40
1.999995999999999
  0
ARC
  5
11F7D
330
11F66
100
AcDbEntity
  8
0
  6
Continuous
 62
     1
100
AcDbCircle
 10
44708.96556372855
 20
-4995.167605883992
 30
0.0
 40
2.0
100
AcDbArc
 50
328.4207840924224
 51
304.6026725115485
  0
ARC
  5
11F7E
330
11F66
100
AcDbEntity
  8
0
  6
Continuous
 62
     2
100
AcDbCircle
 10
44711.46931372844
 20
-4997.542602061893
 30
0.0
 40
1.55
100
AcDbArc
 50
151.9541268786217
 51
121.0693297252629
  0
CIRCLE
  5
11F7F
330
11F66
100
AcDbEntity
  8
0
  6
Continuous
 62
     2
100
AcDbCircle
 10
44726.80931372845
 20
-4997.542602061893
 30
0.0
 40
1.999995999999999
  0
CIRCLE
  5
11F80
330
11F66
100
AcDbEntity
  8
0
  6
Continuous
 62
     2
100
AcDbCircle
 10
44711.46931372844
 20
-4973.74260206189
 30
0.0
 40
1.55
  0
CIRCLE
  5
11F81
330
11F66
100
AcDbEntity
  8
0
  6
Continuous
 62
     2
100
AcDbCircle
 10
44726.80931372845
 20
-4973.74260206189
 30
0.0
 40
1.999995999999999
  0
ARC
  5
11F82
330
11F66
100
AcDbEntity
  8
0
  6
Continuous
 62
     1
100
AcDbCircle
 10
44718.46931372844
 20
-4985.642602061892
 30
0.0
 40
2.0
100
AcDbArc
 50
323.4412649334893
 51
303.5613818002098
  0
ARC
  5
11F83
330
11F66
100
AcDbEntity
  8
0
  6
Continuous
 62
     2
100
AcDbCircle
 10
44720.86556372855
 20
-4988.167605883991
 30
0.0
 40
1.55
100
AcDbArc
 50
146.3707561993072
 51
120.6318905345539
  0
ENDBLK
  5
11F84
330
11F66
100
AcDbEntity
  8
0
 62
     2
370
     0
100
AcDbBlockEnd
  0
BLOCK
  5
11F86
330
11F85
100
AcDbEntity
  8
0
 62
     2
370
     0
100
AcDbBlockBegin
  2
dwbhcjjrk
 70
     0
 10
0.0
 20
0.0
 30
0.0
  3
dwbhcjjrk
  1

  0
LINE
  5
11F87
330
11F85
100
AcDbEntity
  8
0
  6
Continuous
 62
     7
100
AcDbLine
 10
45089.57491332105
 20
-5243.358422859071
 30
0.0
 11
45095.57491332104
 21
-5243.358422859071
 31
0.0
  0
LINE
  5
11F88
330
11F85
100
AcDbEntity
  8
0
  6
Continuous
 62
     7
100
AcDbLine
 10
45113.45091332104
 20
-5243.358422859071
 30
0.0
 11
45122.51666332095
 21
-5243.358422859071
 31
0.0
  0
LINE
  5
11F89
330
11F85
100
AcDbEntity
  8
0
  6
Continuous
 62
     7
100
AcDbLine
 10
45086.10666332104
 20
-5241.358422859071
 30
0.0
 11
45088.57491332104
 21
-5241.358422859071
 31
0.0
  0
LINE
  5
11F8A
330
11F85
100
AcDbEntity
  8
0
  6
Continuous
 62
     7
100
AcDbLine
 10
45096.57491332105
 20
-5241.358422859071
 30
0.0
 11
45111.01291332104
 21
-5241.358422859071
 31
0.0
  0
LINE
  5
11F8B
330
11F85
100
AcDbEntity
  8
0
  6
Continuous
 62
     7
100
AcDbLine
 10
45111.71291332105
 20
-5240.271419036971
 30
0.0
 11
45112.75091332104
 21
-5240.271419036971
 31
0.0
  0
LINE
  5
11F8C
330
11F85
100
AcDbEntity
  8
0
  6
Continuous
 62
     7
100
AcDbLine
 10
45122.51666332095
 20
-5233.27141903697
 30
0.0
 11
45120.15091332104
 21
-5233.27141903697
 31
0.0
  0
LINE
  5
11F8D
330
11F85
100
AcDbEntity
  8
0
  6
Continuous
 62
     7
100
AcDbLine
 10
45120.15091332104
 20
-5231.833419036972
 30
0.0
 11
45120.51756332095
 21
-5231.833419036972
 31
0.0
  0
ARC
  5
11F8E
330
11F85
100
AcDbEntity
  8
0
  6
Continuous
 62
     7
100
AcDbCircle
 10
45120.15091332104
 20
-5232.033419036971
 30
0.0
 40
0.2
100
AcDbArc
 50
90.0
 51
180.0
  0
LINE
  5
11F8F
330
11F85
100
AcDbEntity
  8
0
  6
Continuous
 62
     7
100
AcDbLine
 10
45106.81666332096
 20
-5227.358422859071
 30
0.0
 11
45086.10666332104
 21
-5227.358422859071
 31
0.0
  0
ARC
  5
11F90
330
11F85
100
AcDbEntity
  8
0
  6
Continuous
 62
     7
100
AcDbCircle
 10
45106.81666332096
 20
-5227.158422859071
 30
0.0
 40
0.2
100
AcDbArc
 50
270.0
 51
0.0
  0
LINE
  5
11F91
330
11F85
100
AcDbEntity
  8
0
  6
Continuous
 62
     7
100
AcDbLine
 10
45105.15666332104
 20
-5222.308422859071
 30
0.0
 11
45106.81666332096
 21
-5222.308422859071
 31
0.0
  0
LINE
  5
11F92
330
11F85
100
AcDbEntity
  8
0
  6
Continuous
 62
     7
100
AcDbLine
 10
45120.51756332095
 20
-5217.833419036971
 30
0.0
 11
45118.85666332104
 21
-5217.833419036971
 31
0.0
  0
LINE
  5
11F93
330
11F85
100
AcDbEntity
  8
0
  6
Continuous
 62
     7
100
AcDbLine
 10
45118.85666332104
 20
-5216.395419036971
 30
0.0
 11
45122.51666332095
 21
-5216.395419036971
 31
0.0
  0
ARC
  5
11F94
330
11F85
100
AcDbEntity
  8
0
  6
Continuous
 62
     7
100
AcDbCircle
 10
45118.85666332104
 20
-5216.595419036971
 30
0.0
 40
0.2
100
AcDbArc
 50
90.0
 51
180.0
  0
LINE
  5
11F95
330
11F85
100
AcDbEntity
  8
0
  6
Continuous
 62
     7
100
AcDbLine
 10
45122.51666332095
 20
-5209.395419036972
 30
0.0
 11
45119.15666332105
 21
-5209.395419036972
 31
0.0
  0
LINE
  5
11F96
330
11F85
100
AcDbEntity
  8
0
  6
Continuous
 62
     7
100
AcDbLine
 10
45118.15666332104
 20
-5208.308422859071
 30
0.0
 11
45105.15666332104
 21
-5208.308422859071
 31
0.0
  0
LINE
  5
11F97
330
11F85
100
AcDbEntity
  8
0
  6
Continuous
 62
     7
100
AcDbLine
 10
45085.60666332104
 20
-5227.858422859071
 30
0.0
 11
45085.60666332104
 21
-5240.858422859071
 31
0.0
  0
LINE
  5
11F98
330
11F85
100
AcDbEntity
  8
0
  6
Continuous
 62
     7
100
AcDbLine
 10
45089.07491332105
 20
-5241.85842285907
 30
0.0
 11
45089.07491332105
 21
-5242.858422859071
 31
0.0
  0
LINE
  5
11F99
330
11F85
100
AcDbEntity
  8
0
  6
Continuous
 62
     7
100
AcDbLine
 10
45096.07491332104
 20
-5242.858422859071
 30
0.0
 11
45096.07491332104
 21
-5241.85842285907
 31
0.0
  0
LINE
  5
11F9A
330
11F85
100
AcDbEntity
  8
0
  6
Continuous
 62
     7
100
AcDbLine
 10
45104.65666332104
 20
-5208.808422859071
 30
0.0
 11
45104.65666332104
 21
-5221.80842285907
 31
0.0
  0
LINE
  5
11F9B
330
11F85
100
AcDbEntity
  8
0
  6
Continuous
 62
     7
100
AcDbLine
 10
45107.01666332095
 20
-5222.50842285907
 30
0.0
 11
45107.01666332095
 21
-5227.158422859071
 31
0.0
  0
ARC
  5
11F9C
330
11F85
100
AcDbEntity
  8
0
  6
Continuous
 62
     7
100
AcDbCircle
 10
45106.81666332096
 20
-5222.50842285907
 30
0.0
 40
0.2
100
AcDbArc
 50
0.0
 51
90.0
  0
LINE
  5
11F9D
330
11F85
100
AcDbEntity
  8
0
  6
Continuous
 62
     7
100
AcDbLine
 10
45111.51291332104
 20
-5240.858422859071
 30
0.0
 11
45111.51291332104
 21
-5240.471419036971
 31
0.0
  0
LINE
  5
11F9E
330
11F85
100
AcDbEntity
  8
0
  6
Continuous
 62
     7
100
AcDbLine
 10
45112.95091332105
 20
-5240.47141903697
 30
0.0
 11
45112.95091332105
 21
-5242.858422859071
 31
0.0
  0
ARC
  5
11F9F
330
11F85
100
AcDbEntity
  8
0
  6
Continuous
 62
     7
100
AcDbCircle
 10
45112.75091332104
 20
-5240.47141903697
 30
0.0
 40
0.2
100
AcDbArc
 50
0.0
 51
90.0
  0
LINE
  5
11FA0
330
11F85
100
AcDbEntity
  8
0
  6
Continuous
 62
     7
100
AcDbLine
 10
45118.65666332104
 20
-5217.633419036971
 30
0.0
 11
45118.65666332104
 21
-5216.595419036971
 31
0.0
  0
ARC
  5
11FA1
330
11F85
100
AcDbEntity
  8
0
  6
Continuous
 62
     7
100
AcDbCircle
 10
45118.85666332104
 20
-5217.633419036971
 30
0.0
 40
0.2
100
AcDbArc
 50
180.0
 51
270.0
  0
LINE
  5
11FA2
330
11F85
100
AcDbEntity
  8
0
  6
Continuous
 62
     7
100
AcDbLine
 10
45118.65666332104
 20
-5208.895419036971
 30
0.0
 11
45118.65666332104
 21
-5208.808422859071
 31
0.0
  0
LINE
  5
11FA3
330
11F85
100
AcDbEntity
  8
0
  6
Continuous
 62
     7
100
AcDbLine
 10
45119.95091332104
 20
-5233.071419036971
 30
0.0
 11
45119.95091332104
 21
-5232.033419036971
 31
0.0
  0
ARC
  5
11FA4
330
11F85
100
AcDbEntity
  8
0
  6
Continuous
 62
     7
100
AcDbCircle
 10
45120.15091332104
 20
-5233.071419036971
 30
0.0
 40
0.2
100
AcDbArc
 50
180.0
 51
270.0
  0
LINE
  5
11FA5
330
11F85
100
AcDbEntity
  8
0
  6
Continuous
 62
     7
100
AcDbLine
 10
45121.01756332095
 20
-5231.333419036971
 30
0.0
 11
45121.01756332095
 21
-5218.333419036971
 31
0.0
  0
LINE
  5
11FA6
330
11F85
100
AcDbEntity
  8
0
  6
Continuous
 62
     7
100
AcDbLine
 10
45123.01666332095
 20
-5242.858422859071
 30
0.0
 11
45123.01666332095
 21
-5233.771419036971
 31
0.0
  0
LINE
  5
11FA7
330
11F85
100
AcDbEntity
  8
0
  6
Continuous
 62
     7
100
AcDbLine
 10
45123.01666332095
 20
-5215.895419036971
 30
0.0
 11
45123.01666332095
 21
-5209.895419036971
 31
0.0
  0
ARC
  5
11FA8
330
11F85
100
AcDbEntity
  8
0
  6
Continuous
 62
     7
100
AcDbCircle
 10
45120.51756332095
 20
-5231.333419036971
 30
0.0
 40
0.5
100
AcDbArc
 50
270.0
 51
0.0
  0
ARC
  5
11FA9
330
11F85
100
AcDbEntity
  8
0
  6
Continuous
 62
     7
100
AcDbCircle
 10
45122.51666332095
 20
-5233.771419036971
 30
0.0
 40
0.5
100
AcDbArc
 50
0.0
 51
90.0
  0
ARC
  5
11FAA
330
11F85
100
AcDbEntity
  8
0
  6
Continuous
 62
     7
100
AcDbCircle
 10
45122.51666332095
 20
-5242.858422859071
 30
0.0
 40
0.5
100
AcDbArc
 50
270.0
 51
0.0
  0
ARC
  5
11FAB
330
11F85
100
AcDbEntity
  8
0
  6
Continuous
 62
     7
100
AcDbCircle
 10
45113.45091332104
 20
-5242.858422859071
 30
0.0
 40
0.5
100
AcDbArc
 50
180.0000000043251
 51
270.0
  0
ARC
  5
11FAC
330
11F85
100
AcDbEntity
  8
0
  6
Continuous
 62
     7
100
AcDbCircle
 10
45111.01291332104
 20
-5240.858422859071
 30
0.0
 40
0.5
100
AcDbArc
 50
270.0
 51
0.0
  0
ARC
  5
11FAD
330
11F85
100
AcDbEntity
  8
0
  6
Continuous
 62
     7
100
AcDbCircle
 10
45096.57491332105
 20
-5241.85842285907
 30
0.0
 40
0.5
100
AcDbArc
 50
90.0
 51
180.0
  0
ARC
  5
11FAE
330
11F85
100
AcDbEntity
  8
0
  6
Continuous
 62
     7
100
AcDbCircle
 10
45095.57491332104
 20
-5242.858422859071
 30
0.0
 40
0.5
100
AcDbArc
 50
270.0
 51
0.0
  0
ARC
  5
11FAF
330
11F85
100
AcDbEntity
  8
0
  6
Continuous
 62
     7
100
AcDbCircle
 10
45089.57491332105
 20
-5242.858422859071
 30
0.0
 40
0.5
100
AcDbArc
 50
180.0
 51
270.0
  0
ARC
  5
11FB0
330
11F85
100
AcDbEntity
  8
0
  6
Continuous
 62
     7
100
AcDbCircle
 10
45088.57491332104
 20
-5241.85842285907
 30
0.0
 40
0.5
100
AcDbArc
 50
0.0
 51
90.0
  0
ARC
  5
11FB1
330
11F85
100
AcDbEntity
  8
0
  6
Continuous
 62
     7
100
AcDbCircle
 10
45086.10666332104
 20
-5240.858422859071
 30
0.0
 40
0.5
100
AcDbArc
 50
180.0
 51
270.0000000004169
  0
ARC
  5
11FB2
330
11F85
100
AcDbEntity
  8
0
  6
Continuous
 62
     7
100
AcDbCircle
 10
45086.10666332104
 20
-5227.858422859071
 30
0.0
 40
0.5
100
AcDbArc
 50
90.0
 51
180.0
  0
ARC
  5
11FB3
330
11F85
100
AcDbEntity
  8
0
  6
Continuous
 62
     7
100
AcDbCircle
 10
45111.71291332105
 20
-5240.471419036971
 30
0.0
 40
0.2
100
AcDbArc
 50
90.0
 51
180.0
  0
ARC
  5
11FB4
330
11F85
100
AcDbEntity
  8
0
  6
Continuous
 62
     7
100
AcDbCircle
 10
45105.15666332104
 20
-5221.80842285907
 30
0.0
 40
0.5
100
AcDbArc
 50
180.0
 51
270.0
  0
ARC
  5
11FB5
330
11F85
100
AcDbEntity
  8
0
  6
Continuous
 62
     7
100
AcDbCircle
 10
45105.15666332104
 20
-5208.808422859071
 30
0.0
 40
0.5
100
AcDbArc
 50
90.0
 51
180.0
  0
ARC
  5
11FB6
330
11F85
100
AcDbEntity
  8
0
  6
Continuous
 62
     7
100
AcDbCircle
 10
45118.15666332104
 20
-5208.808422859071
 30
0.0
 40
0.5
100
AcDbArc
 50
0.0
 51
90.0
  0
ARC
  5
11FB7
330
11F85
100
AcDbEntity
  8
0
  6
Continuous
 62
     7
100
AcDbCircle
 10
45119.15666332105
 20
-5208.895419036971
 30
0.0
 40
0.5
100
AcDbArc
 50
180.0
 51
270.0
  0
ARC
  5
11FB8
330
11F85
100
AcDbEntity
  8
0
  6
Continuous
 62
     7
100
AcDbCircle
 10
45122.51666332095
 20
-5209.895419036971
 30
0.0
 40
0.5
100
AcDbArc
 50
0.0
 51
90.0
  0
ARC
  5
11FB9
330
11F85
100
AcDbEntity
  8
0
  6
Continuous
 62
     7
100
AcDbCircle
 10
45122.51666332095
 20
-5215.895419036971
 30
0.0
 40
0.5
100
AcDbArc
 50
270.0
 51
0.0
  0
ARC
  5
11FBA
330
11F85
100
AcDbEntity
  8
0
  6
Continuous
 62
     7
100
AcDbCircle
 10
45120.51756332095
 20
-5218.333419036971
 30
0.0
 40
0.5
100
AcDbArc
 50
0.0
 51
90.0
  0
ENDBLK
  5
11FBB
330
11F85
100
AcDbEntity
  8
0
 62
     2
370
     0
100
AcDbBlockEnd
  0
BLOCK
  5
11FBD
330
11FBC
100
AcDbEntity
  8
0
 62
     2
370
     0
100
AcDbBlockBegin
  2
jxmhcjrk
 70
     0
 10
0.0
 20
0.0
 30
0.0
  3
jxmhcjrk
  1

  0
ARC
  5
11FBE
330
11FBC
100
AcDbEntity
  8
0
  6
Continuous
 62
     1
100
AcDbCircle
 10
44906.73923852479
 20
-5191.600259464054
 30
0.0
 40
0.8
100
AcDbArc
 50
79.64844190829158
 51
280.3515580917084
  0
CIRCLE
  5
11FBF
330
11FBC
100
AcDbEntity
  8
0
  6
Continuous
 62
     1
100
AcDbCircle
 10
44906.73923852479
 20
-5181.440259464054
 30
0.0
 40
0.8
  0
ARC
  5
11FC0
330
11FBC
100
AcDbEntity
  8
0
  6
Continuous
 62
     1
100
AcDbCircle
 10
44913.8829885248
 20
-5167.470259464055
 30
0.0
 40
2.0
100
AcDbArc
 50
234.3407244784888
 51
305.6592755215112
  0
CIRCLE
  5
11FC1
330
11FBC
100
AcDbEntity
  8
0
  6
Continuous
 62
     1
100
AcDbCircle
 10
44913.8829885248
 20
-5172.550259464054
 30
0.0
 40
0.8
  0
CIRCLE
  5
11FC2
330
11FBC
100
AcDbEntity
  8
0
  6
Continuous
 62
     1
100
AcDbCircle
 10
44916.24298852469
 20
-5171.915255641955
 30
0.0
 40
0.8
  0
ARC
  5
11FC3
330
11FBC
100
AcDbEntity
  8
0
  6
Continuous
 62
     1
100
AcDbCircle
 10
44906.73923852479
 20
-5186.520259464054
 30
0.0
 40
2.0
100
AcDbArc
 50
54.34110012990031
 51
274.1216881420963
  0
ARC
  5
11FC4
330
11FBC
100
AcDbEntity
  8
0
  6
Continuous
 62
     1
100
AcDbCircle
 10
44916.24298852469
 20
-5176.995255641955
 30
0.0
 40
2.0
100
AcDbArc
 50
355.2676097514012
 51
216.6904734636806
  0
LWPOLYLINE
  5
11FC5
330
11FBC
100
AcDbEntity
  8
0
  6
Continuous
 62
     5
100
AcDbPolyline
 90
        8
 70
     1
 43
0.0
 10
44891.33923852479
 20
-5177.160259464055
 10
44898.33923852479
 20
-5177.160259464055
 42
-0.4142135623730951
 10
44898.83923852479
 20
-5177.660259464055
 10
44898.83923852479
 20
-5196.660259464055
 42
-0.4142135623730951
 10
44898.33923852479
 20
-5197.160259464054
 10
44891.33923852479
 20
-5197.160259464054
 42
-0.4142135623730951
 10
44890.83923852479
 20
-5196.660259464055
 10
44890.83923852479
 20
-5177.660259464055
 42
-0.4142135623730951
  0
LWPOLYLINE
  5
11FC6
330
11FBC
100
AcDbEntity
  8
0
  6
Continuous
 62
     5
100
AcDbPolyline
 90
       20
 70
     0
 43
0.0
 10
44918.23617033745
 20
-5177.160259464055
 10
44922.13923852479
 20
-5177.160259464055
 42
-0.4142135623730951
 10
44922.6392385248
 20
-5177.660259464055
 10
44922.6392385248
 20
-5184.395255641956
 42
0.4142135623730951
 10
44923.1392385248
 20
-5184.895255641956
 10
44926.3829885247
 20
-5184.895255641956
 42
-0.4142135623730951
 10
44926.8829885247
 20
-5185.395255641957
 10
44926.8829885247
 20
-5192.395255641956
 42
-0.4142135623730951
 10
44926.3829885247
 20
-5192.895255641957
 10
44923.1392385248
 20
-5192.895255641957
 42
0.4142135623730951
 10
44922.6392385248
 20
-5193.395255641956
 10
44922.6392385248
 20
-5196.660259464055
 42
-0.4142135623730951
 10
44922.13923852479
 20
-5197.160259464054
 10
44915.1392385248
 20
-5197.160259464054
 42
-0.4142135623730951
 10
44914.6392385248
 20
-5196.660259464055
 10
44914.6392385248
 20
-5193.395255641956
 42
0.4142135623730951
 10
44914.13923852479
 20
-5192.895255641957
 10
44907.3829885247
 20
-5192.895255641957
 42
-0.4142135623730951
 10
44906.88298852469
 20
-5192.395255641956
 10
44906.88298852469
 20
-5192.387238458392
  0
LWPOLYLINE
  5
11FC7
330
11FBC
100
AcDbEntity
  8
0
  6
Continuous
 62
     5
100
AcDbPolyline
 90
        2
 70
     0
 43
0.0
 10
44906.88298852469
 20
-5190.813280469716
 10
44906.88298852469
 20
-5188.515086759217
  0
LWPOLYLINE
  5
11FC8
330
11FBC
100
AcDbEntity
  8
0
  6
Continuous
 62
     5
100
AcDbPolyline
 90
        4
 70
     0
 43
0.0
 10
44907.90515557938
 20
-5184.895255641956
 10
44914.13923852479
 20
-5184.895255641956
 42
0.4142135623730951
 10
44914.6392385248
 20
-5184.395255641956
 10
44914.6392385248
 20
-5178.190239297834
  0
LWPOLYLINE
  5
11FC9
330
11FBC
100
AcDbEntity
  8
0
  6
Continuous
 62
     5
100
AcDbPolyline
 90
       10
 70
     0
 43
0.0
 10
44912.71706081613
 20
-5169.095255641953
 10
44907.3829885247
 20
-5169.095255641953
 42
-0.4142135623730951
 10
44906.88298852469
 20
-5168.595255641953
 10
44906.88298852469
 20
-5161.595255641953
 42
-0.4142135623730951
 10
44907.3829885247
 20
-5161.095255641953
 10
44926.3829885247
 20
-5161.095255641953
 42
-0.4142135623730951
 10
44926.8829885247
 20
-5161.595255641953
 10
44926.8829885247
 20
-5168.595255641953
 42
-0.4142135623730951
 10
44926.3829885247
 20
-5169.095255641953
 10
44915.04891623345
 20
-5169.095255641953
  0
CIRCLE
  5
11FCA
330
11FBC
100
AcDbEntity
  8
0
  6
Continuous
 62
     1
100
AcDbCircle
 10
44901.65923852479
 20
-5186.520259464054
 30
0.0
 40
0.8
  0
ENDBLK
  5
11FCB
330
11FBC
100
AcDbEntity
  8
0
 62
     2
370
     0
100
AcDbBlockEnd
  0
BLOCK
  5
140CB
330
140CA
100
AcDbEntity
  8
0
 62
     2
370
     0
100
AcDbBlockBegin
  2
tgjrk
 70
     0
 10
0.0
 20
0.0
 30
0.0
  3
tgjrk
  1

  0
LINE
  5
140CC
330
140CA
100
AcDbEntity
  8
0
  6
Continuous
 62
     1
100
AcDbLine
 10
45298.06849786448
 20
-5435.460544879191
 30
0.0
 11
45297.43349786449
 21
-5435.460544879191
 31
0.0
  0
LINE
  5
140CD
330
140CA
100
AcDbEntity
  8
0
  6
Continuous
 62
     1
100
AcDbLine
 10
45287.90849786449
 20
-5435.460544879191
 30
0.0
 11
45288.54349786448
 21
-5435.460544879191
 31
0.0
  0
LINE
  5
140CE
330
140CA
100
AcDbEntity
  8
0
  6
Continuous
 62
     1
100
AcDbLine
 10
45288.54349786448
 20
-5433.86054487919
 30
0.0
 11
45287.90849786449
 21
-5433.86054487919
 31
0.0
  0
LINE
  5
140CF
330
140CA
100
AcDbEntity
  8
0
  6
Continuous
 62
     1
100
AcDbLine
 10
45297.43349786449
 20
-5433.86054487919
 30
0.0
 11
45298.06849786448
 21
-5433.86054487919
 31
0.0
  0
CIRCLE
  5
140D0
330
140CA
100
AcDbEntity
  8
0
  6
Continuous
 62
     1
100
AcDbCircle
 10
45283.46349786449
 20
-5434.66054487919
 30
0.0
 40
2.0
  0
CIRCLE
  5
140D1
330
140CA
100
AcDbEntity
  8
0
  6
Continuous
 62
     1
100
AcDbCircle
 10
45292.98849786449
 20
-5434.66054487919
 30
0.0
 40
2.0
  0
CIRCLE
  5
140D2
330
140CA
100
AcDbEntity
  8
0
  6
Continuous
 62
     6
100
AcDbCircle
 10
45287.27349786448
 20
-5437.200544879191
 30
0.0
 40
1.5
  0
CIRCLE
  5
140D3
330
140CA
100
AcDbEntity
  8
0
  6
Continuous
 62
     6
100
AcDbCircle
 10
45289.17849786449
 20
-5432.12054487919
 30
0.0
 40
1.5
  0
CIRCLE
  5
140D4
330
140CA
100
AcDbEntity
  8
0
  6
Continuous
 62
     6
100
AcDbCircle
 10
45295.52849786449
 20
-5429.580544879191
 30
0.0
 40
1.5
  0
ARC
  5
140D5
330
140CA
100
AcDbEntity
  8
0
  6
Continuous
 62
     1
100
AcDbCircle
 10
45287.90849786449
 20
-5434.66054487919
 30
0.0
 40
0.8
100
AcDbArc
 50
89.99999999958312
 51
270.0
  0
ARC
  5
140D6
330
140CA
100
AcDbEntity
  8
0
  6
Continuous
 62
     1
100
AcDbCircle
 10
45288.54349786448
 20
-5434.66054487919
 30
0.0
 40
0.8
100
AcDbArc
 50
270.0
 51
90.00000000041687
  0
CIRCLE
  5
140D7
330
140CA
100
AcDbEntity
  8
0
  6
Continuous
 62
     1
100
AcDbCircle
 10
45278.38349786448
 20
-5434.66054487919
 30
0.0
 40
0.8
  0
CIRCLE
  5
140D8
330
140CA
100
AcDbEntity
  8
0
  6
Continuous
 62
     1
100
AcDbCircle
 10
45302.51349786448
 20
-5434.66054487919
 30
0.0
 40
2.0
  0
CIRCLE
  5
140D9
330
140CA
100
AcDbEntity
  8
0
  6
Continuous
 62
     6
100
AcDbCircle
 10
45299.97349786448
 20
-5439.740544879191
 30
0.0
 40
1.5
  0
CIRCLE
  5
140DA
330
140CA
100
AcDbEntity
  8
0
  6
Continuous
 62
     6
100
AcDbCircle
 10
45306.32349786449
 20
-5437.200544879191
 30
0.0
 40
1.5
  0
CIRCLE
  5
140DB
330
140CA
100
AcDbEntity
  8
0
  6
Continuous
 62
     1
100
AcDbCircle
 10
45307.59349786449
 20
-5434.66054487919
 30
0.0
 40
0.8
  0
ARC
  5
140DC
330
140CA
100
AcDbEntity
  8
0
  6
Continuous
 62
     1
100
AcDbCircle
 10
45297.43349786449
 20
-5434.66054487919
 30
0.0
 40
0.8
100
AcDbArc
 50
89.99999999916623
 51
269.9999999995831
  0
ARC
  5
140DD
330
140CA
100
AcDbEntity
  8
0
  6
Continuous
 62
     1
100
AcDbCircle
 10
45298.06849786448
 20
-5434.66054487919
 30
0.0
 40
0.8
100
AcDbArc
 50
270.0000000004169
 51
90.00000000083378
  0
ARC
  5
140DE
330
140CA
100
AcDbEntity
  8
0
  6
Continuous
 62
     6
100
AcDbCircle
 10
45280.92349786448
 20
-5439.740544879191
 30
0.0
 40
1.5
100
AcDbArc
 50
297.4815899979688
 51
248.3133445537601
  0
CIRCLE
  5
140DF
330
140CA
100
AcDbEntity
  8
0
  6
Continuous
 62
     2
100
AcDbCircle
 10
45281.08849786448
 20
-5427.660544879191
 30
0.0
 40
1.55
  0
ARC
  5
140E0
330
140CA
100
AcDbEntity
  8
0
  6
Continuous
 62
     2
100
AcDbCircle
 10
45281.08849786448
 20
-5443.000544879191
 30
0.0
 40
1.999995999999999
100
AcDbArc
 50
111.0786094924496
 51
74.71632505940068
  0
CIRCLE
  5
140E1
330
140CA
100
AcDbEntity
  8
0
  6
Continuous
 62
     2
100
AcDbCircle
 10
45304.88849786448
 20
-5427.660544879191
 30
0.0
 40
1.55
  0
CIRCLE
  5
140E2
330
140CA
100
AcDbEntity
  8
0
  6
Continuous
 62
     2
100
AcDbCircle
 10
45304.88849786448
 20
-5443.000544879191
 30
0.0
 40
1.999995999999999
  0
ENDBLK
  5
140E3
330
140CA
100
AcDbEntity
  8
0
 62
     2
370
     0
100
AcDbBlockEnd
  0
BLOCK
  5
140E5
330
140E4
100
AcDbEntity
  8
0
 62
     2
370
     0
100
AcDbBlockBegin
  2
tgjrkk
 70
     0
 10
0.0
 20
0.0
 30
0.0
  3
tgjrkk
  1

  0
LINE
  5
140E6
330
140E4
100
AcDbEntity
  8
0
 62
     7
100
AcDbLine
 10
45404.4267672361
 20
-5422.999488881893
 30
0.0
 11
45436.47676723609
 21
-5422.999488881892
 31
0.0
  0
LINE
  5
140E7
330
140E4
100
AcDbEntity
  8
0
 62
     7
100
AcDbLine
 10
45404.4267672361
 20
-5436.999488881894
 30
0.0
 11
45404.51376723609
 21
-5436.999488881894
 31
0.0
  0
LINE
  5
140E8
330
140E4
100
AcDbEntity
  8
0
 62
     7
100
AcDbLine
 10
45412.51376723609
 20
-5436.999488881894
 30
0.0
 11
45428.3897672361
 21
-5436.999488881894
 31
0.0
  0
ARC
  5
140E9
330
140E4
100
AcDbEntity
  8
0
 62
     7
100
AcDbCircle
 10
45412.51376723609
 20
-5437.499488881893
 30
0.0
 40
0.5
100
AcDbArc
 50
90.0
 51
180.0
  0
LINE
  5
140EA
330
140E4
100
AcDbEntity
  8
0
 62
     7
100
AcDbLine
 10
45436.3897672361
 20
-5436.999488881894
 30
0.0
 11
45436.47676723609
 21
-5436.999488881894
 31
0.0
  0
ARC
  5
140EB
330
140E4
100
AcDbEntity
  8
0
 62
     7
100
AcDbCircle
 10
45436.3897672361
 20
-5437.499488881893
 30
0.0
 40
0.5
100
AcDbArc
 50
90.0
 51
180.0
  0
LINE
  5
140EC
330
140E4
100
AcDbEntity
  8
0
 62
     7
100
AcDbLine
 10
45403.9267672361
 20
-5423.499488881893
 30
0.0
 11
45403.9267672361
 21
-5436.499488881892
 31
0.0
  0
LINE
  5
140ED
330
140E4
100
AcDbEntity
  8
0
 62
     7
100
AcDbLine
 10
45436.97676723609
 20
-5423.499488881893
 30
0.0
 11
45436.97676723609
 21
-5436.499488881892
 31
0.0
  0
ARC
  5
140EE
330
140E4
100
AcDbEntity
  8
0
 62
     7
100
AcDbCircle
 10
45404.4267672361
 20
-5423.499488881893
 30
0.0
 40
0.5
100
AcDbArc
 50
90.0
 51
180.0
  0
ARC
  5
140EF
330
140E4
100
AcDbEntity
  8
0
 62
     7
100
AcDbCircle
 10
45436.47676723609
 20
-5423.499488881893
 30
0.0
 40
0.5
100
AcDbArc
 50
0.0
 51
90.0
  0
ARC
  5
140F0
330
140E4
100
AcDbEntity
  8
0
 62
     7
100
AcDbCircle
 10
45404.4267672361
 20
-5436.499488881892
 30
0.0
 40
0.5
100
AcDbArc
 50
180.0
 51
270.0
  0
ARC
  5
140F1
330
140E4
100
AcDbEntity
  8
0
 62
     7
100
AcDbCircle
 10
45436.47676723609
 20
-5436.499488881892
 30
0.0
 40
0.5
100
AcDbArc
 50
270.0
 51
0.0
  0
LINE
  5
140F2
330
140E4
100
AcDbEntity
  8
0
 62
     7
100
AcDbLine
 10
45405.51376723609
 20
-5438.999488881893
 30
0.0
 11
45411.51376723609
 21
-5438.999488881893
 31
0.0
  0
LINE
  5
140F3
330
140E4
100
AcDbEntity
  8
0
 62
     7
100
AcDbLine
 10
45405.01376723609
 20
-5437.499488881893
 30
0.0
 11
45405.01376723609
 21
-5438.499488881893
 31
0.0
  0
ARC
  5
140F4
330
140E4
100
AcDbEntity
  8
0
 62
     7
100
AcDbCircle
 10
45404.51376723609
 20
-5437.499488881893
 30
0.0
 40
0.5
100
AcDbArc
 50
0.0
 51
90.0
  0
LINE
  5
140F5
330
140E4
100
AcDbEntity
  8
0
 62
     7
100
AcDbLine
 10
45412.01376723609
 20
-5437.499488881893
 30
0.0
 11
45412.01376723609
 21
-5438.499488881893
 31
0.0
  0
ARC
  5
140F6
330
140E4
100
AcDbEntity
  8
0
 62
     7
100
AcDbCircle
 10
45405.51376723609
 20
-5438.499488881893
 30
0.0
 40
0.5
100
AcDbArc
 50
180.0
 51
270.0
  0
ARC
  5
140F7
330
140E4
100
AcDbEntity
  8
0
 62
     7
100
AcDbCircle
 10
45411.51376723609
 20
-5438.499488881893
 30
0.0
 40
0.5
100
AcDbArc
 50
270.0
 51
0.0
  0
LINE
  5
140F8
330
140E4
100
AcDbEntity
  8
0
 62
     7
100
AcDbLine
 10
45429.38976723609
 20
-5438.999488881893
 30
0.0
 11
45435.3897672361
 21
-5438.999488881893
 31
0.0
  0
LINE
  5
140F9
330
140E4
100
AcDbEntity
  8
0
 62
     7
100
AcDbLine
 10
45428.8897672361
 20
-5437.499488881893
 30
0.0
 11
45428.8897672361
 21
-5438.499488881893
 31
0.0
  0
ARC
  5
140FA
330
140E4
100
AcDbEntity
  8
0
 62
     7
100
AcDbCircle
 10
45428.3897672361
 20
-5437.499488881893
 30
0.0
 40
0.5
100
AcDbArc
 50
0.0
 51
90.0
  0
LINE
  5
140FB
330
140E4
100
AcDbEntity
  8
0
 62
     7
100
AcDbLine
 10
45435.8897672361
 20
-5437.499488881893
 30
0.0
 11
45435.8897672361
 21
-5438.499488881893
 31
0.0
  0
ARC
  5
140FC
330
140E4
100
AcDbEntity
  8
0
 62
     7
100
AcDbCircle
 10
45429.38976723609
 20
-5438.499488881893
 30
0.0
 40
0.5
100
AcDbArc
 50
180.0
 51
270.0
  0
ARC
  5
140FD
330
140E4
100
AcDbEntity
  8
0
 62
     7
100
AcDbCircle
 10
45435.3897672361
 20
-5438.499488881893
 30
0.0
 40
0.5
100
AcDbArc
 50
270.0
 51
0.0
  0
ENDBLK
  5
140FE
330
140E4
100
AcDbEntity
  8
0
 62
     2
370
     0
100
AcDbBlockEnd
  0
BLOCK
  5
14100
330
140FF
100
AcDbEntity
  8
0
 62
     2
370
     0
100
AcDbBlockBegin
  2
zsjrk
 70
     0
 10
0.0
 20
0.0
 30
0.0
  3
zsjrk
  1

  0
LINE
  5
14101
330
140FF
100
AcDbEntity
  8
0
  6
Continuous
 62
     1
100
AcDbLine
 10
45298.06849786448
 20
-5387.622381484175
 30
0.0
 11
45299.81474786448
 21
-5387.622381484175
 31
0.0
  0
LINE
  5
14102
330
140FF
100
AcDbEntity
  8
0
  6
Continuous
 62
     1
100
AcDbLine
 10
45299.81474786448
 20
-5386.022381484174
 30
0.0
 11
45298.06849786448
 21
-5386.022381484174
 31
0.0
  0
CIRCLE
  5
14103
330
140FF
100
AcDbEntity
  8
0
  6
Continuous
 62
     6
100
AcDbCircle
 10
45302.35474786448
 20
-5391.902381484175
 30
0.0
 40
1.5
  0
CIRCLE
  5
14104
330
140FF
100
AcDbEntity
  8
0
  6
Continuous
 62
     6
100
AcDbCircle
 10
45308.70474786448
 20
-5389.362381484176
 30
0.0
 40
1.5
  0
CIRCLE
  5
14105
330
140FF
100
AcDbEntity
  8
0
  6
Continuous
 62
     1
100
AcDbCircle
 10
45292.98849786449
 20
-5386.822381484175
 30
0.0
 40
2.0
  0
CIRCLE
  5
14106
330
140FF
100
AcDbEntity
  8
0
  6
Continuous
 62
     1
100
AcDbCircle
 10
45304.89474786448
 20
-5386.822381484175
 30
0.0
 40
2.0
  0
CIRCLE
  5
14107
330
140FF
100
AcDbEntity
  8
0
  6
Continuous
 62
     6
100
AcDbCircle
 10
45289.17849786449
 20
-5384.282381484175
 30
0.0
 40
1.5
  0
CIRCLE
  5
14108
330
140FF
100
AcDbEntity
  8
0
  6
Continuous
 62
     6
100
AcDbCircle
 10
45295.52849786449
 20
-5381.742381484175
 30
0.0
 40
1.5
  0
ARC
  5
14109
330
140FF
100
AcDbEntity
  8
0
  6
Continuous
 62
     1
100
AcDbCircle
 10
45298.06849786448
 20
-5386.822381484175
 30
0.0
 40
0.8
100
AcDbArc
 50
89.99999999958312
 51
269.9999999995831
  0
ARC
  5
1410A
330
140FF
100
AcDbEntity
  8
0
  6
Continuous
 62
     1
100
AcDbCircle
 10
45299.81474786448
 20
-5386.822381484175
 30
0.0
 40
0.8
100
AcDbArc
 50
269.9999999995831
 51
90.00000000041687
  0
CIRCLE
  5
1410B
330
140FF
100
AcDbEntity
  8
0
  6
Continuous
 62
     1
100
AcDbCircle
 10
45309.97474786448
 20
-5386.822381484175
 30
0.0
 40
0.8
  0
CIRCLE
  5
1410C
330
140FF
100
AcDbEntity
  8
0
  6
Continuous
 62
     1
100
AcDbCircle
 10
45283.46349786449
 20
-5386.822381484174
 30
0.0
 40
2.0
  0
CIRCLE
  5
1410D
330
140FF
100
AcDbEntity
  8
0
  6
Continuous
 62
     6
100
AcDbCircle
 10
45287.27349786448
 20
-5389.362381484174
 30
0.0
 40
1.5
  0
ARC
  5
1410E
330
140FF
100
AcDbEntity
  8
0
  6
Continuous
 62
     1
100
AcDbCircle
 10
45288.54349786449
 20
-5386.822381484174
 30
0.0
 40
0.8
100
AcDbArc
 50
270.0
 51
90.0
  0
CIRCLE
  5
1410F
330
140FF
100
AcDbEntity
  8
0
  6
Continuous
 62
     1
100
AcDbCircle
 10
45278.38349786448
 20
-5386.822381484174
 30
0.0
 40
0.8
  0
ARC
  5
14110
330
140FF
100
AcDbEntity
  8
0
  6
Continuous
 62
     1
100
AcDbCircle
 10
45287.90849786448
 20
-5386.822381484175
 30
0.0
 40
0.8
100
AcDbArc
 50
90.0
 51
270.0
  0
LINE
  5
14111
330
140FF
100
AcDbEntity
  8
0
  6
Continuous
 62
     1
100
AcDbLine
 10
45287.90849786448
 20
-5386.022381484174
 30
0.0
 11
45288.54349786449
 21
-5386.022381484174
 31
0.0
  0
LINE
  5
14112
330
140FF
100
AcDbEntity
  8
0
  6
Continuous
 62
     1
100
AcDbLine
 10
45287.90849786448
 20
-5387.622381484175
 30
0.0
 11
45288.54349786449
 21
-5387.622381484174
 31
0.0
  0
ARC
  5
14113
330
140FF
100
AcDbEntity
  8
0
  6
Continuous
 62
     6
100
AcDbCircle
 10
45280.92349786448
 20
-5391.902381484174
 30
0.0
 40
1.5
100
AcDbArc
 50
297.4815899979692
 51
248.3133445537594
  0
CIRCLE
  5
14114
330
140FF
100
AcDbEntity
  8
0
  6
Continuous
 62
     2
100
AcDbCircle
 10
45281.08849786448
 20
-5379.822381484174
 30
0.0
 40
1.55
  0
ARC
  5
14115
330
140FF
100
AcDbEntity
  8
0
  6
Continuous
 62
     2
100
AcDbCircle
 10
45281.08849786448
 20
-5395.162381484175
 30
0.0
 40
1.999995999999999
100
AcDbArc
 50
111.0786094924502
 51
74.71632505940076
  0
CIRCLE
  5
14116
330
140FF
100
AcDbEntity
  8
0
  6
Continuous
 62
     2
100
AcDbCircle
 10
45304.88849786448
 20
-5379.822381484174
 30
0.0
 40
1.55
  0
CIRCLE
  5
14117
330
140FF
100
AcDbEntity
  8
0
  6
Continuous
 62
     2
100
AcDbCircle
 10
45304.88849786448
 20
-5395.162381484175
 30
0.0
 40
1.999995999999999
  0
ENDBLK
  5
14118
330
140FF
100
AcDbEntity
  8
0
 62
     2
370
     0
100
AcDbBlockEnd
  0
BLOCK
  5
1411A
330
14119
100
AcDbEntity
  8
0
 62
     2
370
     0
100
AcDbBlockBegin
  2
zsjrkk
 70
     0
 10
0.0
 20
0.0
 30
0.0
  3
zsjrkk
  1

  0
LINE
  5
1411B
330
14119
100
AcDbEntity
  8
0
 62
     7
100
AcDbLine
 10
45276.96349786449
 20
-5379.822381484174
 30
0.0
 11
45311.39474786448
 21
-5379.822381484176
 31
0.0
  0
LINE
  5
1411C
330
14119
100
AcDbEntity
  8
0
 62
     7
100
AcDbLine
 10
45276.96349786449
 20
-5393.822381484174
 30
0.0
 11
45277.05049786448
 21
-5393.822381484174
 31
0.0
  0
LINE
  5
1411D
330
14119
100
AcDbEntity
  8
0
 62
     7
100
AcDbLine
 10
45285.05049786448
 20
-5393.822381484176
 30
0.0
 11
45300.92649786448
 21
-5393.822381484176
 31
0.0
  0
ARC
  5
1411E
330
14119
100
AcDbEntity
  8
0
 62
     7
100
AcDbCircle
 10
45285.05049786448
 20
-5394.322381484176
 30
0.0
 40
0.5
100
AcDbArc
 50
90.0
 51
180.0
  0
LINE
  5
1411F
330
14119
100
AcDbEntity
  8
0
 62
     7
100
AcDbLine
 10
45308.92649786449
 20
-5393.822381484176
 30
0.0
 11
45311.39474786448
 21
-5393.822381484176
 31
0.0
  0
ARC
  5
14120
330
14119
100
AcDbEntity
  8
0
 62
     7
100
AcDbCircle
 10
45308.92649786449
 20
-5394.322381484176
 30
0.0
 40
0.5
100
AcDbArc
 50
90.0
 51
180.0
  0
LINE
  5
14121
330
14119
100
AcDbEntity
  8
0
 62
     7
100
AcDbLine
 10
45276.46349786449
 20
-5380.322381484175
 30
0.0
 11
45276.46349786449
 21
-5393.322381484175
 31
0.0
  0
LINE
  5
14122
330
14119
100
AcDbEntity
  8
0
 62
     7
100
AcDbLine
 10
45311.89474786448
 20
-5380.322381484175
 30
0.0
 11
45311.89474786448
 21
-5393.322381484175
 31
0.0
  0
ARC
  5
14123
330
14119
100
AcDbEntity
  8
0
 62
     7
100
AcDbCircle
 10
45276.96349786449
 20
-5380.322381484175
 30
0.0
 40
0.5
100
AcDbArc
 50
90.0
 51
180.0
  0
ARC
  5
14124
330
14119
100
AcDbEntity
  8
0
 62
     7
100
AcDbCircle
 10
45311.39474786448
 20
-5380.322381484175
 30
0.0
 40
0.5
100
AcDbArc
 50
0.0
 51
90.0
  0
ARC
  5
14125
330
14119
100
AcDbEntity
  8
0
 62
     7
100
AcDbCircle
 10
45276.96349786449
 20
-5393.322381484175
 30
0.0
 40
0.5
100
AcDbArc
 50
180.0
 51
270.0
  0
ARC
  5
14126
330
14119
100
AcDbEntity
  8
0
 62
     7
100
AcDbCircle
 10
45311.39474786448
 20
-5393.322381484175
 30
0.0
 40
0.5
100
AcDbArc
 50
270.0
 51
0.0
  0
LINE
  5
14127
330
14119
100
AcDbEntity
  8
0
 62
     7
100
AcDbLine
 10
45278.05049786449
 20
-5395.822381484175
 30
0.0
 11
45284.05049786448
 21
-5395.822381484175
 31
0.0
  0
LINE
  5
14128
330
14119
100
AcDbEntity
  8
0
 62
     7
100
AcDbLine
 10
45277.55049786448
 20
-5394.322381484172
 30
0.0
 11
45277.55049786449
 21
-5395.322381484175
 31
0.0
  0
ARC
  5
14129
330
14119
100
AcDbEntity
  8
0
 62
     7
100
AcDbCircle
 10
45277.05049786448
 20
-5394.322381484174
 30
0.0
 40
0.5
100
AcDbArc
 50
0.000000000260551
 51
90.0
  0
LINE
  5
1412A
330
14119
100
AcDbEntity
  8
0
 62
     7
100
AcDbLine
 10
45284.55049786448
 20
-5394.322381484176
 30
0.0
 11
45284.55049786448
 21
-5395.322381484175
 31
0.0
  0
ARC
  5
1412B
330
14119
100
AcDbEntity
  8
0
 62
     7
100
AcDbCircle
 10
45278.05049786449
 20
-5395.322381484175
 30
0.0
 40
0.5
100
AcDbArc
 50
180.0
 51
270.0
  0
ARC
  5
1412C
330
14119
100
AcDbEntity
  8
0
 62
     7
100
AcDbCircle
 10
45284.05049786448
 20
-5395.322381484175
 30
0.0
 40
0.5
100
AcDbArc
 50
270.0
 51
0.0
  0
LINE
  5
1412D
330
14119
100
AcDbEntity
  8
0
 62
     7
100
AcDbLine
 10
45301.92649786449
 20
-5395.822381484175
 30
0.0
 11
45307.92649786448
 21
-5395.822381484175
 31
0.0
  0
LINE
  5
1412E
330
14119
100
AcDbEntity
  8
0
 62
     7
100
AcDbLine
 10
45301.42649786448
 20
-5394.322381484172
 30
0.0
 11
45301.42649786449
 21
-5395.322381484175
 31
0.0
  0
ARC
  5
1412F
330
14119
100
AcDbEntity
  8
0
 62
     7
100
AcDbCircle
 10
45300.92649786448
 20
-5394.322381484176
 30
0.0
 40
0.5
100
AcDbArc
 50
0.000000000260551
 51
90.0
  0
LINE
  5
14130
330
14119
100
AcDbEntity
  8
0
 62
     7
100
AcDbLine
 10
45308.42649786448
 20
-5394.322381484176
 30
0.0
 11
45308.42649786448
 21
-5395.322381484175
 31
0.0
  0
ARC
  5
14131
330
14119
100
AcDbEntity
  8
0
 62
     7
100
AcDbCircle
 10
45301.92649786449
 20
-5395.322381484175
 30
0.0
 40
0.5
100
AcDbArc
 50
180.0
 51
270.0
  0
ARC
  5
14132
330
14119
100
AcDbEntity
  8
0
 62
     7
100
AcDbCircle
 10
45307.92649786448
 20
-5395.322381484175
 30
0.0
 40
0.5
100
AcDbArc
 50
270.0
 51
0.0
  0
ENDBLK
  5
14133
330
14119
100
AcDbEntity
  8
0
 62
     2
370
     0
100
AcDbBlockEnd
  0
BLOCK
  5
14135
330
14134
100
AcDbEntity
  8
0
 62
     2
370
     0
100
AcDbBlockBegin
  2
ysjrzkk
 70
     0
 10
0.0
 20
0.0
 30
0.0
  3
ysjrzkk
  1

  0
LINE
  5
14136
330
14134
100
AcDbEntity
  8
0
 62
     7
100
AcDbLine
 10
45482.37265937254
 20
-5519.482165641651
 30
0.0
 11
45521.56640937254
 21
-5519.482165641651
 31
0.0
  0
LINE
  5
14137
330
14134
100
AcDbEntity
  8
0
 62
     7
100
AcDbLine
 10
45482.37265937254
 20
-5533.48216564165
 30
0.0
 11
45482.45965937254
 21
-5533.48216564165
 31
0.0
  0
LINE
  5
14138
330
14134
100
AcDbEntity
  8
0
 62
     7
100
AcDbLine
 10
45490.45965937254
 20
-5533.48216564165
 30
0.0
 11
45506.33565937253
 21
-5533.48216564165
 31
0.0
  0
ARC
  5
14139
330
14134
100
AcDbEntity
  8
0
 62
     7
100
AcDbCircle
 10
45490.45965937254
 20
-5533.982165641649
 30
0.0
 40
0.5
100
AcDbArc
 50
90.0
 51
180.0000000002605
  0
LINE
  5
1413A
330
14134
100
AcDbEntity
  8
0
 62
     7
100
AcDbLine
 10
45514.33565937254
 20
-5533.48216564165
 30
0.0
 11
45521.56640937254
 21
-5533.48216564165
 31
0.0
  0
ARC
  5
1413B
330
14134
100
AcDbEntity
  8
0
 62
     7
100
AcDbCircle
 10
45514.33565937254
 20
-5533.982165641649
 30
0.0
 40
0.5
100
AcDbArc
 50
90.0
 51
180.0
  0
LINE
  5
1413C
330
14134
100
AcDbEntity
  8
0
 62
     7
100
AcDbLine
 10
45481.87265937254
 20
-5519.982165641651
 30
0.0
 11
45481.87265937254
 21
-5532.982165641651
 31
0.0
  0
LINE
  5
1413D
330
14134
100
AcDbEntity
  8
0
 62
     7
100
AcDbLine
 10
45522.06640937254
 20
-5519.982165641652
 30
0.0
 11
45522.06640937254
 21
-5532.982165641652
 31
0.0
  0
ARC
  5
1413E
330
14134
100
AcDbEntity
  8
0
 62
     7
100
AcDbCircle
 10
45482.37265937254
 20
-5519.982165641651
 30
0.0
 40
0.5
100
AcDbArc
 50
90.0
 51
180.0
  0
ARC
  5
1413F
330
14134
100
AcDbEntity
  8
0
 62
     7
100
AcDbCircle
 10
45521.56640937254
 20
-5519.982165641652
 30
0.0
 40
0.5
100
AcDbArc
 50
0.0
 51
90.0
  0
ARC
  5
14140
330
14134
100
AcDbEntity
  8
0
 62
     7
100
AcDbCircle
 10
45482.37265937254
 20
-5532.982165641651
 30
0.0
 40
0.5
100
AcDbArc
 50
180.0
 51
270.0
  0
ARC
  5
14141
330
14134
100
AcDbEntity
  8
0
 62
     7
100
AcDbCircle
 10
45521.56640937254
 20
-5532.982165641652
 30
0.0
 40
0.5
100
AcDbArc
 50
270.0
 51
0.0
  0
LINE
  5
14142
330
14134
100
AcDbEntity
  8
0
 62
     7
100
AcDbLine
 10
45483.45965937254
 20
-5535.48216564165
 30
0.0
 11
45489.45965937254
 21
-5535.48216564165
 31
0.0
  0
LINE
  5
14143
330
14134
100
AcDbEntity
  8
0
 62
     7
100
AcDbLine
 10
45482.95965937254
 20
-5533.982165641649
 30
0.0
 11
45482.95965937254
 21
-5534.98216564165
 31
0.0
  0
ARC
  5
14144
330
14134
100
AcDbEntity
  8
0
 62
     7
100
AcDbCircle
 10
45482.45965937254
 20
-5533.982165641649
 30
0.0
 40
0.5
100
AcDbArc
 50
0.0
 51
90.0
  0
LINE
  5
14145
330
14134
100
AcDbEntity
  8
0
 62
     7
100
AcDbLine
 10
45489.95965937253
 20
-5533.982165641653
 30
0.0
 11
45489.95965937254
 21
-5534.98216564165
 31
0.0
  0
ARC
  5
14146
330
14134
100
AcDbEntity
  8
0
 62
     7
100
AcDbCircle
 10
45483.45965937254
 20
-5534.98216564165
 30
0.0
 40
0.5
100
AcDbArc
 50
180.0
 51
270.0
  0
ARC
  5
14147
330
14134
100
AcDbEntity
  8
0
 62
     7
100
AcDbCircle
 10
45489.45965937254
 20
-5534.98216564165
 30
0.0
 40
0.5
100
AcDbArc
 50
270.0
 51
0.0
  0
LINE
  5
14148
330
14134
100
AcDbEntity
  8
0
 62
     7
100
AcDbLine
 10
45507.33565937254
 20
-5535.48216564165
 30
0.0
 11
45513.33565937254
 21
-5535.48216564165
 31
0.0
  0
LINE
  5
14149
330
14134
100
AcDbEntity
  8
0
 62
     7
100
AcDbLine
 10
45506.83565937254
 20
-5533.982165641649
 30
0.0
 11
45506.83565937254
 21
-5534.98216564165
 31
0.0
  0
ARC
  5
1414A
330
14134
100
AcDbEntity
  8
0
 62
     7
100
AcDbCircle
 10
45506.33565937253
 20
-5533.982165641649
 30
0.0
 40
0.5
100
AcDbArc
 50
0.0
 51
90.0
  0
LINE
  5
1414B
330
14134
100
AcDbEntity
  8
0
 62
     7
100
AcDbLine
 10
45513.83565937253
 20
-5533.982165641649
 30
0.0
 11
45513.83565937253
 21
-5534.98216564165
 31
0.0
  0
ARC
  5
1414C
330
14134
100
AcDbEntity
  8
0
 62
     7
100
AcDbCircle
 10
45507.33565937254
 20
-5534.98216564165
 30
0.0
 40
0.5
100
AcDbArc
 50
180.0
 51
270.0
  0
ARC
  5
1414D
330
14134
100
AcDbEntity
  8
0
 62
     7
100
AcDbCircle
 10
45513.33565937254
 20
-5534.98216564165
 30
0.0
 40
0.5
100
AcDbArc
 50
270.0
 51
0.0
  0
ENDBLK
  5
1414E
330
14134
100
AcDbEntity
  8
0
 62
     2
370
     0
100
AcDbBlockEnd
  0
BLOCK
  5
14150
330
1414F
100
AcDbEntity
  8
0
 62
     2
370
     0
100
AcDbBlockBegin
  2
jxmzsjrk
 70
     0
 10
0.0
 20
0.0
 30
0.0
  3
jxmzsjrk
  1

  0
LINE
  5
14151
330
1414F
100
AcDbEntity
  8
0
 62
     4
100
AcDbLine
 10
44650.84584425142
 20
-5111.634506349046
 30
0.0
 11
44685.27709425141
 21
-5111.634506349047
 31
0.0
  0
LINE
  5
14152
330
1414F
100
AcDbEntity
  8
0
 62
     4
100
AcDbLine
 10
44650.84584425142
 20
-5131.634506349047
 30
0.0
 11
44685.27709425141
 21
-5131.634506349047
 31
0.0
  0
ARC
  5
14153
330
1414F
100
AcDbEntity
  8
0
 62
     4
100
AcDbCircle
 10
44685.27709425141
 20
-5131.134506349046
 30
0.0
 40
0.5
100
AcDbArc
 50
270.0
 51
0.0
  0
ARC
  5
14154
330
1414F
100
AcDbEntity
  8
0
 62
     4
100
AcDbCircle
 10
44650.84584425142
 20
-5131.134506349046
 30
0.0
 40
0.5
100
AcDbArc
 50
180.0
 51
270.0
  0
LINE
  5
14155
330
1414F
100
AcDbEntity
  8
0
 62
     4
100
AcDbLine
 10
44650.34584425142
 20
-5112.134506349047
 30
0.0
 11
44650.34584425142
 21
-5131.134506349046
 31
0.0
  0
LINE
  5
14156
330
1414F
100
AcDbEntity
  8
0
 62
     4
100
AcDbLine
 10
44685.77709425141
 20
-5112.134506349047
 30
0.0
 11
44685.77709425141
 21
-5131.134506349046
 31
0.0
  0
ARC
  5
14157
330
1414F
100
AcDbEntity
  8
0
 62
     4
100
AcDbCircle
 10
44650.84584425142
 20
-5112.134506349047
 30
0.0
 40
0.5
100
AcDbArc
 50
90.0
 51
180.0
  0
ARC
  5
14158
330
1414F
100
AcDbEntity
  8
0
 62
     4
100
AcDbCircle
 10
44685.27709425141
 20
-5112.134506349047
 30
0.0
 40
0.5
100
AcDbArc
 50
0.0
 51
90.0
  0
ENDBLK
  5
14159
330
1414F
100
AcDbEntity
  8
0
 62
     2
370
     0
100
AcDbBlockEnd
  0
BLOCK
  5
1415B
330
1415A
100
AcDbEntity
  8
0
 62
     2
370
     0
100
AcDbBlockBegin
  2
jxmtgjjrk
 70
     0
 10
0.0
 20
0.0
 30
0.0
  3
jxmtgjjrk
  1

  0
LINE
  5
1415C
330
1415A
100
AcDbEntity
  8
0
  6
Continuous
 62
     4
100
AcDbLine
 10
47336.11204380045
 20
-6113.151667628454
 30
0.0
 11
47304.06204380045
 21
-6113.151667628454
 31
0.0
  0
LINE
  5
1415D
330
1415A
100
AcDbEntity
  8
0
  6
Continuous
 62
     4
100
AcDbLine
 10
47304.06204380045
 20
-6093.151667628454
 30
0.0
 11
47336.11204380045
 21
-6093.151667628454
 31
0.0
  0
LINE
  5
1415E
330
1415A
100
AcDbEntity
  8
0
  6
Continuous
 62
     4
100
AcDbLine
 10
47303.56204380045
 20
-6112.651667628454
 30
0.0
 11
47303.56204380045
 21
-6093.651667628454
 31
0.0
  0
LINE
  5
1415F
330
1415A
100
AcDbEntity
  8
0
  6
Continuous
 62
     4
100
AcDbLine
 10
47336.61204380045
 20
-6093.651667628454
 30
0.0
 11
47336.61204380045
 21
-6112.651667628454
 31
0.0
  0
ARC
  5
14160
330
1415A
100
AcDbEntity
  8
0
  6
Continuous
 62
     4
100
AcDbCircle
 10
47304.06204380045
 20
-6112.651667628454
 30
0.0
 40
0.5
100
AcDbArc
 50
180.0
 51
270.0
  0
ARC
  5
14161
330
1415A
100
AcDbEntity
  8
0
  6
Continuous
 62
     4
100
AcDbCircle
 10
47304.06204380045
 20
-6093.651667628454
 30
0.0
 40
0.5
100
AcDbArc
 50
90.0
 51
180.0
  0
ARC
  5
14162
330
1415A
100
AcDbEntity
  8
0
  6
Continuous
 62
     4
100
AcDbCircle
 10
47336.11204380045
 20
-6112.651667628454
 30
0.0
 40
0.5
100
AcDbArc
 50
270.0
 51
359.9999999956748
  0
ARC
  5
14163
330
1415A
100
AcDbEntity
  8
0
  6
Continuous
 62
     4
100
AcDbCircle
 10
47336.11204380045
 20
-6093.651667628454
 30
0.0
 40
0.5
100
AcDbArc
 50
0.0000000043251473
 51
90.0
  0
ENDBLK
  5
14164
330
1415A
100
AcDbEntity
  8
0
 62
     2
370
     0
100
AcDbBlockEnd
  0
BLOCK
  5
14166
330
14165
100
AcDbEntity
  8
0
 62
     2
370
     0
100
AcDbBlockBegin
  2
ysjrjk
 70
     0
 10
0.0
 20
0.0
 30
0.0
  3
ysjrjk
  1

  0
CIRCLE
  5
14167
330
14165
100
AcDbEntity
  8
0
  6
Continuous
 62
     1
100
AcDbCircle
 10
45109.59291332104
 20
-5278.696586254085
 30
0.0
 40
0.8
  0
CIRCLE
  5
14168
330
14165
100
AcDbEntity
  8
0
  6
Continuous
 62
     1
100
AcDbCircle
 10
45104.51291332104
 20
-5278.696586254085
 30
0.0
 40
2.0
  0
CIRCLE
  5
14169
330
14165
100
AcDbEntity
  8
0
  6
Continuous
 62
     6
100
AcDbCircle
 10
45107.05291332104
 20
-5273.616586254084
 30
0.0
 40
1.5
  0
CIRCLE
  5
1416A
330
14165
100
AcDbEntity
  8
0
  6
Continuous
 62
     6
100
AcDbCircle
 10
45100.70291332104
 20
-5276.156586254092
 30
0.0
 40
1.5
  0
CIRCLE
  5
1416B
330
14165
100
AcDbEntity
  8
0
  6
Continuous
 62
     1
100
AcDbCircle
 10
45094.98791332105
 20
-5278.696586254087
 30
0.0
 40
2.0
  0
CIRCLE
  5
1416C
330
14165
100
AcDbEntity
  8
0
  6
Continuous
 62
     6
100
AcDbCircle
 10
45098.79791332104
 20
-5281.236586254086
 30
0.0
 40
1.5
  0
ARC
  5
1416D
330
14165
100
AcDbEntity
  8
0
  6
Continuous
 62
     1
100
AcDbCircle
 10
45100.06791332105
 20
-5278.696586254087
 30
0.0
 40
0.8
100
AcDbArc
 50
270.0
 51
90.0
  0
CIRCLE
  5
1416E
330
14165
100
AcDbEntity
  8
0
  6
Continuous
 62
     1
100
AcDbCircle
 10
45089.90791332104
 20
-5278.696586254087
 30
0.0
 40
0.8
  0
CIRCLE
  5
1416F
330
14165
100
AcDbEntity
  8
0
  6
Continuous
 62
     1
100
AcDbCircle
 10
45121.18166332104
 20
-5278.696586254087
 30
0.0
 40
2.0
  0
CIRCLE
  5
14170
330
14165
100
AcDbEntity
  8
0
  6
Continuous
 62
     6
100
AcDbCircle
 10
45124.99166332104
 20
-5281.236586254087
 30
0.0
 40
1.5
  0
CIRCLE
  5
14171
330
14165
100
AcDbEntity
  8
0
  6
Continuous
 62
     6
100
AcDbCircle
 10
45118.64166332104
 20
-5283.776586254088
 30
0.0
 40
1.5
  0
CIRCLE
  5
14172
330
14165
100
AcDbEntity
  8
0
  6
Continuous
 62
     1
100
AcDbCircle
 10
45126.26166332105
 20
-5278.696586254087
 30
0.0
 40
0.8
  0
CIRCLE
  5
14173
330
14165
100
AcDbEntity
  8
0
  6
Continuous
 62
     1
100
AcDbCircle
 10
45116.10166332104
 20
-5278.696586254087
 30
0.0
 40
0.8
  0
ARC
  5
14174
330
14165
100
AcDbEntity
  8
0
  6
Continuous
 62
     1
100
AcDbCircle
 10
45099.43291332104
 20
-5278.696586254085
 30
0.0
 40
0.8
100
AcDbArc
 50
90.0
 51
270.0
  0
LINE
  5
14175
330
14165
100
AcDbEntity
  8
标注
 62
     1
370
     0
100
AcDbLine
 10
45099.43291332104
 20
-5277.896586254086
 30
0.0
 11
45100.06791332105
 21
-5277.896586254087
 31
0.0
  0
LINE
  5
14176
330
14165
100
AcDbEntity
  8
标注
 62
     1
370
     0
100
AcDbLine
 10
45099.43291332104
 20
-5279.496586254086
 30
0.0
 11
45100.06791332105
 21
-5279.496586254087
 31
0.0
  0
ARC
  5
14177
330
14165
100
AcDbEntity
  8
0
  6
Continuous
 62
     6
100
AcDbCircle
 10
45092.44791332105
 20
-5283.776586254086
 30
0.0
 40
1.5
100
AcDbArc
 50
297.4815899979673
 51
248.3133445537595
  0
CIRCLE
  5
14178
330
14165
100
AcDbEntity
  8
0
  6
Continuous
 62
     2
100
AcDbCircle
 10
45092.61291332104
 20
-5271.696586254086
 30
0.0
 40
1.55
  0
ARC
  5
14179
330
14165
100
AcDbEntity
  8
0
  6
Continuous
 62
     2
100
AcDbCircle
 10
45092.61291332104
 20
-5287.036586254085
 30
0.0
 40
1.999995999999999
100
AcDbArc
 50
111.0786094924504
 51
74.7163250593991
  0
CIRCLE
  5
1417A
330
14165
100
AcDbEntity
  8
0
  6
Continuous
 62
     2
100
AcDbCircle
 10
45116.41291332104
 20
-5271.696586254086
 30
0.0
 40
1.55
  0
CIRCLE
  5
1417B
330
14165
100
AcDbEntity
  8
0
  6
Continuous
 62
     2
100
AcDbCircle
 10
45116.41291332104
 20
-5287.036586254085
 30
0.0
 40
1.999995999999999
  0
ENDBLK
  5
1417C
330
14165
100
AcDbEntity
  8
0
 62
     2
370
     0
100
AcDbBlockEnd
  0
BLOCK
  5
1EB2E
330
1EB2D
100
AcDbEntity
  8
0
100
AcDbBlockBegin
  2
*D14
 70
     1
 10
0.0
 20
0.0
 30
0.0
  3
*D14
  1

  0
LINE
  5
1EB3A
330
1EB2D
100
AcDbEntity
  8
0
 62
     0
440
 16777216
370
    -2
100
AcDbLine
 10
14090.66066566118
 20
-228.3169534774422
 30
0.0
 11
14156.81326076994
 21
-228.3169534774421
 31
0.0
  0
LINE
  5
1EB3B
330
1EB2D
100
AcDbEntity
  8
0
 62
     0
440
 16777216
370
    -2
100
AcDbLine
 10
14090.66066566118
 20
-218.5044534774422
 30
0.0
 11
14156.81326076994
 21
-218.5044534774421
 31
0.0
  0
LINE
  5
1EB3C
330
1EB2D
100
AcDbEntity
  8
0
 62
     0
440
 16777216
370
    -2
100
AcDbLine
 10
14155.56326076995
 20
-225.8169534774421
 30
0.0
 11
14155.56326076995
 21
-221.0044534774421
 31
0.0
  0
SOLID
  5
1EB3D
330
1EB2D
100
AcDbEntity
  8
0
 62
     0
440
 16777216
100
AcDbTrace
 10
14155.14659410328
 20
-225.8169534774421
 30
0.0
 11
14155.97992743661
 21
-225.8169534774421
 31
0.0
 12
14155.56326076995
 22
-228.3169534774421
 32
0.0
 13
14155.56326076995
 23
-228.3169534774421
 33
0.0
  0
SOLID
  5
1EB3E
330
1EB2D
100
AcDbEntity
  8
0
 62
     0
440
 16777216
100
AcDbTrace
 10
14155.14659410328
 20
-221.0044534774421
 30
0.0
 11
14155.97992743661
 21
-221.0044534774421
 31
0.0
 12
14155.56326076995
 22
-218.5044534774421
 32
0.0
 13
14155.56326076995
 23
-218.5044534774421
 33
0.0
  0
MTEXT
  5
1EB3F
330
1EB2D
100
AcDbEntity
  8
0
 62
     0
440
 16777216
100
AcDbMText
 10
14153.47992743661
 20
-223.4107034774461
 30
0.0
 40
2.5
 41
0.0
 46
0.0
 71
     5
 72
     1
  1
9,81
 11
0.0000000000000001
 21
1.0
 31
0.0
 73
     1
 44
1.0
  0
POINT
  5
1EB40
330
1EB2D
100
AcDbEntity
  8
Defpoints
 62
     0
440
 16777216
100
AcDbPoint
 10
14090.03566566118
 20
-228.3169534774422
 30
0.0
  0
POINT
  5
1EB41
330
1EB2D
100
AcDbEntity
  8
Defpoints
 62
     0
440
 16777216
100
AcDbPoint
 10
14090.03566566118
 20
-218.5044534774422
 30
0.0
  0
POINT
  5
1EB42
330
1EB2D
100
AcDbEntity
  8
Defpoints
 62
     0
440
 16777216
100
AcDbPoint
 10
14155.56326076995
 20
-218.5044534774421
 30
0.0
  0
ENDBLK
  5
1EB2F
330
1EB2D
100
AcDbEntity
  8
0
100
AcDbBlockEnd
  0
BLOCK
  5
1EB7F
330
1EB7E
100
AcDbEntity
  8
0
100
AcDbBlockBegin
  2
*D18
 70
     1
 10
0.0
 20
0.0
 30
0.0
  3
*D18
  1

  0
LINE
  5
1EB8D
330
1EB7E
100
AcDbEntity
  8
0
 62
     0
440
 16777216
370
    -2
100
AcDbLine
 10
13978.26066566116
 20
-204.379453477442
 30
0.0
 11
13978.26066566116
 21
-187.2850177622184
 31
0.0
  0
LINE
  5
1EB8E
330
1EB7E
100
AcDbEntity
  8
0
 62
     0
440
 16777216
370
    -2
100
AcDbLine
 10
13982.40566566117
 20
-204.379453477442
 30
0.0
 11
13982.40566566117
 21
-187.2850177622184
 31
0.0
  0
LINE
  5
1EB8F
330
1EB7E
100
AcDbEntity
  8
0
 62
     0
440
 16777216
370
    -2
100
AcDbLine
 10
13975.76066566116
 20
-188.5350177622184
 30
0.0
 11
13973.26066566116
 21
-188.5350177622184
 31
0.0
  0
LINE
  5
1EB90
330
1EB7E
100
AcDbEntity
  8
0
 62
     0
440
 16777216
370
    -2
100
AcDbLine
 10
13984.90566566117
 20
-188.5350177622184
 30
0.0
 11
13995.73899899451
 21
-188.5350177622184
 31
0.0
  0
LINE
  5
1EB91
330
1EB7E
100
AcDbEntity
  8
0
 62
     0
440
 16777216
370
    -2
100
AcDbLine
 10
13978.26066566116
 20
-188.5350177622184
 30
0.0
 11
13982.40566566117
 21
-188.5350177622184
 31
0.0
  0
SOLID
  5
1EB92
330
1EB7E
100
AcDbEntity
  8
0
 62
     0
440
 16777216
100
AcDbTrace
 10
13975.76066566116
 20
-188.1183510955518
 30
0.0
 11
13975.76066566116
 21
-188.9516844288851
 31
0.0
 12
13978.26066566116
 22
-188.5350177622184
 32
0.0
 13
13978.26066566116
 23
-188.5350177622184
 33
0.0
  0
SOLID
  5
1EB93
330
1EB7E
100
AcDbEntity
  8
0
 62
     0
440
 16777216
100
AcDbTrace
 10
13984.90566566117
 20
-188.1183510955518
 30
0.0
 11
13984.90566566117
 21
-188.9516844288851
 31
0.0
 12
13982.40566566117
 22
-188.5350177622184
 32
0.0
 13
13982.40566566117
 23
-188.5350177622184
 33
0.0
  0
MTEXT
  5
1EB94
330
1EB7E
100
AcDbEntity
  8
0
 62
     0
440
 16777216
100
AcDbMText
 10
13991.57233232784
 20
-186.4516844288851
 30
0.0
 40
2.5
 41
0.0
 46
0.0
 71
     5
 72
     1
  1
4,15
 73
     1
 44
1.0
  0
POINT
  5
1EB95
330
1EB7E
100
AcDbEntity
  8
Defpoints
 62
     0
440
 16777216
100
AcDbPoint
 10
13978.26066566116
 20
-205.004453477442
 30
0.0
  0
POINT
  5
1EB96
330
1EB7E
100
AcDbEntity
  8
Defpoints
 62
     0
440
 16777216
100
AcDbPoint
 10
13982.40566566117
 20
-205.004453477442
 30
0.0
  0
POINT
  5
1EB97
330
1EB7E
100
AcDbEntity
  8
Defpoints
 62
     0
440
 16777216
100
AcDbPoint
 10
13982.40566566117
 20
-188.5350177622184
 30
0.0
  0
ENDBLK
  5
1EB80
330
1EB7E
100
AcDbEntity
  8
0
100
AcDbBlockEnd
  0
BLOCK
  5
1EBC8
330
1EBC7
100
AcDbEntity
  8
0
100
AcDbBlockBegin
  2
*D20
 70
     1
 10
0.0
 20
0.0
 30
0.0
  3
*D20
  1

  0
LINE
  5
1EBD6
330
1EBC7
100
AcDbEntity
  8
0
 62
     0
440
 16777216
370
    -2
100
AcDbLine
 10
14106.16566566117
 20
-202.6294534774673
 30
0.0
 11
14106.16566566117
 21
-204.0575051923767
 31
0.0
  0
LINE
  5
1EBD7
330
1EBC7
100
AcDbEntity
  8
0
 62
     0
440
 16777216
370
    -2
100
AcDbLine
 10
14104.96566566117
 20
-202.6294534774673
 30
0.0
 11
14104.96566566117
 21
-204.0575051923767
 31
0.0
  0
LINE
  5
1EBD8
330
1EBC7
100
AcDbEntity
  8
0
 62
     0
440
 16777216
370
    -2
100
AcDbLine
 10
14108.66566566117
 20
-202.8075051923766
 30
0.0
 11
14111.16566566117
 21
-202.8075051923766
 31
0.0
  0
LINE
  5
1EBD9
330
1EBC7
100
AcDbEntity
  8
0
 62
     0
440
 16777216
370
    -2
100
AcDbLine
 10
14102.46566566117
 20
-202.8075051923766
 30
0.0
 11
14094.13233232784
 21
-202.8075051923766
 31
0.0
  0
LINE
  5
1EBDA
330
1EBC7
100
AcDbEntity
  8
0
 62
     0
440
 16777216
370
    -2
100
AcDbLine
 10
14106.16566566117
 20
-202.8075051923766
 30
0.0
 11
14104.96566566117
 21
-202.8075051923766
 31
0.0
  0
SOLID
  5
1EBDB
330
1EBC7
100
AcDbEntity
  8
0
 62
     0
440
 16777216
100
AcDbTrace
 10
14108.66566566117
 20
-202.39083852571
 30
0.0
 11
14108.66566566117
 21
-203.2241718590433
 31
0.0
 12
14106.16566566117
 22
-202.8075051923766
 32
0.0
 13
14106.16566566117
 23
-202.8075051923766
 33
0.0
  0
SOLID
  5
1EBDC
330
1EBC7
100
AcDbEntity
  8
0
 62
     0
440
 16777216
100
AcDbTrace
 10
14102.46566566117
 20
-202.39083852571
 30
0.0
 11
14102.46566566117
 21
-203.2241718590433
 31
0.0
 12
14104.96566566117
 22
-202.8075051923766
 32
0.0
 13
14104.96566566117
 23
-202.8075051923766
 33
0.0
  0
MTEXT
  5
1EBDD
330
1EBC7
100
AcDbEntity
  8
0
 62
     0
440
 16777216
100
AcDbMText
 10
14097.04899899451
 20
-200.7241718590433
 30
0.0
 40
2.5
 41
0.0
 46
0.0
 71
     5
 72
     1
  1
1,2
 73
     1
 44
1.0
  0
POINT
  5
1EBDE
330
1EBC7
100
AcDbEntity
  8
Defpoints
 62
     0
440
 16777216
100
AcDbPoint
 10
14106.16566566117
 20
-202.0044534774673
 30
0.0
  0
POINT
  5
1EBDF
330
1EBC7
100
AcDbEntity
  8
Defpoints
 62
     0
440
 16777216
100
AcDbPoint
 10
14104.96566566117
 20
-202.0044534774674
 30
0.0
  0
POINT
  5
1EBE0
330
1EBC7
100
AcDbEntity
  8
Defpoints
 62
     0
440
 16777216
100
AcDbPoint
 10
14104.96566566117
 20
-202.8075051923766
 30
0.0
  0
ENDBLK
  5
1EBC9
330
1EBC7
100
AcDbEntity
  8
0
100
AcDbBlockEnd
  0
BLOCK
  5
1ECA0
330
1EC9F
100
AcDbEntity
  8
0
100
AcDbBlockBegin
  2
*D22
 70
     1
 10
0.0
 20
0.0
 30
0.0
  3
*D22
  1

  0
LINE
  5
1ECAC
330
1EC9F
100
AcDbEntity
  8
0
 62
     0
440
 16777216
370
    -2
100
AcDbLine
 10
13883.34566566117
 20
-326.5419534774651
 30
0.0
 11
13883.34566566117
 21
-335.2150594350348
 31
0.0
  0
LINE
  5
1ECAD
330
1EC9F
100
AcDbEntity
  8
0
 62
     0
440
 16777216
370
    -2
100
AcDbLine
 10
13953.22566566117
 20
-326.5419534774651
 30
0.0
 11
13953.22566566117
 21
-335.2150594350348
 31
0.0
  0
LINE
  5
1ECAE
330
1EC9F
100
AcDbEntity
  8
0
 62
     0
440
 16777216
370
    -2
100
AcDbLine
 10
13885.84566566117
 20
-333.9650594350349
 30
0.0
 11
13950.72566566118
 21
-333.9650594350349
 31
0.0
  0
SOLID
  5
1ECAF
330
1EC9F
100
AcDbEntity
  8
0
 62
     0
440
 16777216
100
AcDbTrace
 10
13885.84566566117
 20
-333.5483927683682
 30
0.0
 11
13885.84566566117
 21
-334.3817261017016
 31
0.0
 12
13883.34566566117
 22
-333.9650594350349
 32
0.0
 13
13883.34566566117
 23
-333.9650594350349
 33
0.0
  0
SOLID
  5
1ECB0
330
1EC9F
100
AcDbEntity
  8
0
 62
     0
440
 16777216
100
AcDbTrace
 10
13950.72566566118
 20
-333.5483927683682
 30
0.0
 11
13950.72566566118
 21
-334.3817261017016
 31
0.0
 12
13953.22566566117
 22
-333.9650594350349
 32
0.0
 13
13953.22566566117
 23
-333.9650594350349
 33
0.0
  0
MTEXT
  5
1ECB1
330
1EC9F
100
AcDbEntity
  8
0
 62
     0
440
 16777216
100
AcDbMText
 10
13918.28566566117
 20
-331.8817261017015
 30
0.0
 40
2.5
 41
0.0
 46
0.0
 71
     5
 72
     1
  1
69,88
 73
     1
 44
1.0
  0
POINT
  5
1ECB2
330
1EC9F
100
AcDbEntity
  8
Defpoints
 62
     0
440
 16777216
100
AcDbPoint
 10
13883.34566566117
 20
-325.9169534774652
 30
0.0
  0
POINT
  5
1ECB3
330
1EC9F
100
AcDbEntity
  8
Defpoints
 62
     0
440
 16777216
100
AcDbPoint
 10
13953.22566566117
 20
-325.9169534774652
 30
0.0
  0
POINT
  5
1ECB4
330
1EC9F
100
AcDbEntity
  8
Defpoints
 62
     0
440
 16777216
100
AcDbPoint
 10
13953.22566566117
 20
-333.9650594350349
 30
0.0
  0
ENDBLK
  5
1ECA1
330
1EC9F
100
AcDbEntity
  8
0
100
AcDbBlockEnd
  0
BLOCK
  5
1ECB8
330
1ECB7
100
AcDbEntity
  8
0
100
AcDbBlockBegin
  2
*D23
 70
     1
 10
0.0
 20
0.0
 30
0.0
  3
*D23
  1

  0
LINE
  5
1ECC4
330
1ECB7
100
AcDbEntity
  8
0
 62
     0
440
 16777216
370
    -2
100
AcDbLine
 10
13839.38316566117
 20
-326.5419534774158
 30
0.0
 11
13839.38316566117
 21
-335.0177796120544
 31
0.0
  0
LINE
  5
1ECC5
330
1ECB7
100
AcDbEntity
  8
0
 62
     0
440
 16777216
370
    -2
100
AcDbLine
 10
13798.62316566117
 20
-326.5419534774158
 30
0.0
 11
13798.62316566117
 21
-335.0177796120544
 31
0.0
  0
LINE
  5
1ECC6
330
1ECB7
100
AcDbEntity
  8
0
 62
     0
440
 16777216
370
    -2
100
AcDbLine
 10
13836.88316566117
 20
-333.7677796120544
 30
0.0
 11
13801.12316566117
 21
-333.7677796120544
 31
0.0
  0
SOLID
  5
1ECC7
330
1ECB7
100
AcDbEntity
  8
0
 62
     0
440
 16777216
100
AcDbTrace
 10
13836.88316566117
 20
-333.3511129453877
 30
0.0
 11
13836.88316566117
 21
-334.1844462787211
 31
0.0
 12
13839.38316566117
 22
-333.7677796120544
 32
0.0
 13
13839.38316566117
 23
-333.7677796120544
 33
0.0
  0
SOLID
  5
1ECC8
330
1ECB7
100
AcDbEntity
  8
0
 62
     0
440
 16777216
100
AcDbTrace
 10
13801.12316566117
 20
-333.3511129453877
 30
0.0
 11
13801.12316566117
 21
-334.1844462787211
 31
0.0
 12
13798.62316566117
 22
-333.7677796120544
 32
0.0
 13
13798.62316566117
 23
-333.7677796120544
 33
0.0
  0
MTEXT
  5
1ECC9
330
1ECB7
100
AcDbEntity
  8
0
 62
     0
440
 16777216
100
AcDbMText
 10
13819.00316566117
 20
-331.684446278721
 30
0.0
 40
2.5
 41
0.0
 46
0.0
 71
     5
 72
     1
  1
40,76
 73
     1
 44
1.0
  0
POINT
  5
1ECCA
330
1ECB7
100
AcDbEntity
  8
Defpoints
 62
     0
440
 16777216
100
AcDbPoint
 10
13839.38316566117
 20
-325.9169534774158
 30
0.0
  0
POINT
  5
1ECCB
330
1ECB7
100
AcDbEntity
  8
Defpoints
 62
     0
440
 16777216
100
AcDbPoint
 10
13798.62316566117
 20
-325.9169534774158
 30
0.0
  0
POINT
  5
1ECCC
330
1ECB7
100
AcDbEntity
  8
Defpoints
 62
     0
440
 16777216
100
AcDbPoint
 10
13798.62316566117
 20
-333.7677796120544
 30
0.0
  0
ENDBLK
  5
1ECB9
330
1ECB7
100
AcDbEntity
  8
0
100
AcDbBlockEnd
  0
BLOCK
  5
1ECD0
330
1ECCF
100
AcDbEntity
  8
0
100
AcDbBlockBegin
  2
*D24
 70
     1
 10
0.0
 20
0.0
 30
0.0
  3
*D24
  1

  0
LINE
  5
1ECDC
330
1ECCF
100
AcDbEntity
  8
0
 62
     0
440
 16777216
370
    -2
100
AcDbLine
 10
13810.02316566117
 20
-321.6419534774157
 30
0.0
 11
13810.02316566117
 21
-327.3578829573313
 31
0.0
  0
LINE
  5
1ECDD
330
1ECCF
100
AcDbEntity
  8
0
 62
     0
440
 16777216
370
    -2
100
AcDbLine
 10
13790.02316566117
 20
-321.6419534774417
 30
0.0
 11
13790.02316566117
 21
-327.3578829573313
 31
0.0
  0
LINE
  5
1ECDE
330
1ECCF
100
AcDbEntity
  8
0
 62
     0
440
 16777216
370
    -2
100
AcDbLine
 10
13807.52316566117
 20
-326.1078829573313
 30
0.0
 11
13792.52316566117
 21
-326.1078829573313
 31
0.0
  0
SOLID
  5
1ECDF
330
1ECCF
100
AcDbEntity
  8
0
 62
     0
440
 16777216
100
AcDbTrace
 10
13807.52316566117
 20
-325.6912162906646
 30
0.0
 11
13807.52316566117
 21
-326.524549623998
 31
0.0
 12
13810.02316566117
 22
-326.1078829573313
 32
0.0
 13
13810.02316566117
 23
-326.1078829573313
 33
0.0
  0
SOLID
  5
1ECE0
330
1ECCF
100
AcDbEntity
  8
0
 62
     0
440
 16777216
100
AcDbTrace
 10
13792.52316566117
 20
-325.6912162906646
 30
0.0
 11
13792.52316566117
 21
-326.524549623998
 31
0.0
 12
13790.02316566117
 22
-326.1078829573313
 32
0.0
 13
13790.02316566117
 23
-326.1078829573313
 33
0.0
  0
MTEXT
  5
1ECE1
330
1ECCF
100
AcDbEntity
  8
0
 62
     0
440
 16777216
100
AcDbMText
 10
13800.02316566117
 20
-324.2328829573313
 30
0.0
 40
2.5
 41
0.0
 46
0.0
 71
     5
 72
     1
  1
20
 73
     1
 44
1.0
  0
POINT
  5
1ECE2
330
1ECCF
100
AcDbEntity
  8
Defpoints
 62
     0
440
 16777216
100
AcDbPoint
 10
13810.02316566117
 20
-321.0169534774158
 30
0.0
  0
POINT
  5
1ECE3
330
1ECCF
100
AcDbEntity
  8
Defpoints
 62
     0
440
 16777216
100
AcDbPoint
 10
13790.02316566117
 20
-321.0169534774418
 30
0.0
  0
POINT
  5
1ECE4
330
1ECCF
100
AcDbEntity
  8
Defpoints
 62
     0
440
 16777216
100
AcDbPoint
 10
13790.02316566117
 20
-326.1078829573313
 30
0.0
  0
ENDBLK
  5
1ECD1
330
1ECCF
100
AcDbEntity
  8
0
100
AcDbBlockEnd
  0
BLOCK
  5
1ECE8
330
1ECE7
100
AcDbEntity
  8
0
100
AcDbBlockBegin
  2
*D25
 70
     1
 10
0.0
 20
0.0
 30
0.0
  3
*D25
  1

  0
LINE
  5
1ECF4
330
1ECE7
100
AcDbEntity
  8
0
 62
     0
440
 16777216
370
    -2
100
AcDbLine
 10
13808.84316566117
 20
-321.6419534774173
 30
0.0
 11
13808.84316566117
 21
-330.6645430384344
 31
0.0
  0
LINE
  5
1ECF5
330
1ECE7
100
AcDbEntity
  8
0
 62
     0
440
 16777216
370
    -2
100
AcDbLine
 10
13790.02316566117
 20
-321.6419534774417
 30
0.0
 11
13790.02316566117
 21
-330.6645430384344
 31
0.0
  0
LINE
  5
1ECF6
330
1ECE7
100
AcDbEntity
  8
0
 62
     0
440
 16777216
370
    -2
100
AcDbLine
 10
13806.34316566117
 20
-329.4145430384344
 30
0.0
 11
13792.52316566117
 21
-329.4145430384344
 31
0.0
  0
SOLID
  5
1ECF7
330
1ECE7
100
AcDbEntity
  8
0
 62
     0
440
 16777216
100
AcDbTrace
 10
13806.34316566117
 20
-328.9978763717678
 30
0.0
 11
13806.34316566117
 21
-329.8312097051011
 31
0.0
 12
13808.84316566117
 22
-329.4145430384344
 32
0.0
 13
13808.84316566117
 23
-329.4145430384344
 33
0.0
  0
SOLID
  5
1ECF8
330
1ECE7
100
AcDbEntity
  8
0
 62
     0
440
 16777216
100
AcDbTrace
 10
13792.52316566117
 20
-328.9978763717678
 30
0.0
 11
13792.52316566117
 21
-329.8312097051011
 31
0.0
 12
13790.02316566117
 22
-329.4145430384344
 32
0.0
 13
13790.02316566117
 23
-329.4145430384344
 33
0.0
  0
MTEXT
  5
1ECF9
330
1ECE7
100
AcDbEntity
  8
0
 62
     0
440
 16777216
100
AcDbMText
 10
13799.43316566117
 20
-327.3312097051011
 30
0.0
 40
2.5
 41
0.0
 46
0.0
 71
     5
 72
     1
  1
18,82
 73
     1
 44
1.0
  0
POINT
  5
1ECFA
330
1ECE7
100
AcDbEntity
  8
Defpoints
 62
     0
440
 16777216
100
AcDbPoint
 10
13808.84316566117
 20
-321.0169534774173
 30
0.0
  0
POINT
  5
1ECFB
330
1ECE7
100
AcDbEntity
  8
Defpoints
 62
     0
440
 16777216
100
AcDbPoint
 10
13790.02316566117
 20
-321.0169534774418
 30
0.0
  0
POINT
  5
1ECFC
330
1ECE7
100
AcDbEntity
  8
Defpoints
 62
     0
440
 16777216
100
AcDbPoint
 10
13790.02316566117
 20
-329.4145430384344
 30
0.0
  0
ENDBLK
  5
1ECE9
330
1ECE7
100
AcDbEntity
  8
0
100
AcDbBlockEnd
  0
BLOCK
  5
1ED00
330
1ECFF
100
AcDbEntity
  8
0
100
AcDbBlockBegin
  2
*D26
 70
     1
 10
0.0
 20
0.0
 30
0.0
  3
*D26
  1

  0
LINE
  5
1ED0C
330
1ECFF
100
AcDbEntity
  8
0
 62
     0
440
 16777216
370
    -2
100
AcDbLine
 10
13831.98897593963
 20
-346.7648324109992
 30
0.0
 11
13831.98897593963
 21
-338.0845227869088
 31
0.0
  0
LINE
  5
1ED0D
330
1ECFF
100
AcDbEntity
  8
0
 62
     0
440
 16777216
370
    -2
100
AcDbLine
 10
13815.35897593963
 20
-346.7648324109992
 30
0.0
 11
13815.35897593963
 21
-338.0845227869088
 31
0.0
  0
LINE
  5
1ED0E
330
1ECFF
100
AcDbEntity
  8
0
 62
     0
440
 16777216
370
    -2
100
AcDbLine
 10
13829.48897593963
 20
-339.3345227869088
 30
0.0
 11
13817.85897593963
 21
-339.3345227869088
 31
0.0
  0
SOLID
  5
1ED0F
330
1ECFF
100
AcDbEntity
  8
0
 62
     0
440
 16777216
100
AcDbTrace
 10
13829.48897593963
 20
-338.9178561202421
 30
0.0
 11
13829.48897593963
 21
-339.7511894535755
 31
0.0
 12
13831.98897593963
 22
-339.3345227869088
 32
0.0
 13
13831.98897593963
 23
-339.3345227869088
 33
0.0
  0
SOLID
  5
1ED10
330
1ECFF
100
AcDbEntity
  8
0
 62
     0
440
 16777216
100
AcDbTrace
 10
13817.85897593963
 20
-338.9178561202421
 30
0.0
 11
13817.85897593963
 21
-339.7511894535755
 31
0.0
 12
13815.35897593963
 22
-339.3345227869088
 32
0.0
 13
13815.35897593963
 23
-339.3345227869088
 33
0.0
  0
MTEXT
  5
1ED11
330
1ECFF
100
AcDbEntity
  8
0
 62
     0
440
 16777216
100
AcDbMText
 10
13823.67397593963
 20
-337.2511894535755
 30
0.0
 40
2.5
 41
0.0
 46
0.0
 71
     5
 72
     1
  1
16,63
 73
     1
 44
1.0
  0
POINT
  5
1ED12
330
1ECFF
100
AcDbEntity
  8
Defpoints
 62
     0
440
 16777216
100
AcDbPoint
 10
13831.98897593963
 20
-347.3898324109992
 30
0.0
  0
POINT
  5
1ED13
330
1ECFF
100
AcDbEntity
  8
Defpoints
 62
     0
440
 16777216
100
AcDbPoint
 10
13815.35897593963
 20
-347.3898324109992
 30
0.0
  0
POINT
  5
1ED14
330
1ECFF
100
AcDbEntity
  8
Defpoints
 62
     0
440
 16777216
100
AcDbPoint
 10
13815.35897593963
 20
-339.3345227869088
 30
0.0
  0
ENDBLK
  5
1ED01
330
1ECFF
100
AcDbEntity
  8
0
100
AcDbBlockEnd
  0
BLOCK
  5
1EE23
330
1EE22
100
AcDbEntity
  8
0
100
AcDbBlockBegin
  2
*D29
 70
     1
 10
0.0
 20
0.0
 30
0.0
  3
*D29
  1

  0
LINE
  5
1EE31
330
1EE22
100
AcDbEntity
  8
0
 62
     0
440
 16777216
370
    -2
100
AcDbLine
 10
14066.87991566118
 20
-267.4169534774421
 30
0.0
 11
14074.04526787065
 21
-267.4169534774421
 31
0.0
  0
LINE
  5
1EE32
330
1EE22
100
AcDbEntity
  8
0
 62
     0
440
 16777216
370
    -2
100
AcDbLine
 10
14054.94191566118
 20
-266.4169534774421
 30
0.0
 11
14074.04526787065
 21
-266.4169534774421
 31
0.0
  0
LINE
  5
1EE33
330
1EE22
100
AcDbEntity
  8
0
 62
     0
440
 16777216
370
    -2
100
AcDbLine
 10
14072.79526787064
 20
-269.9169534774421
 30
0.0
 11
14072.79526787064
 21
-272.4169534774421
 31
0.0
  0
LINE
  5
1EE34
330
1EE22
100
AcDbEntity
  8
0
 62
     0
440
 16777216
370
    -2
100
AcDbLine
 10
14072.79526787064
 20
-263.9169534774421
 30
0.0
 11
14072.79526787064
 21
-259.3336201441088
 31
0.0
  0
LINE
  5
1EE35
330
1EE22
100
AcDbEntity
  8
0
 62
     0
440
 16777216
370
    -2
100
AcDbLine
 10
14072.79526787064
 20
-267.4169534774421
 30
0.0
 11
14072.79526787064
 21
-266.4169534774421
 31
0.0
  0
SOLID
  5
1EE36
330
1EE22
100
AcDbEntity
  8
0
 62
     0
440
 16777216
100
AcDbTrace
 10
14072.37860120398
 20
-269.9169534774421
 30
0.0
 11
14073.21193453731
 21
-269.9169534774421
 31
0.0
 12
14072.79526787064
 22
-267.4169534774421
 32
0.0
 13
14072.79526787064
 23
-267.4169534774421
 33
0.0
  0
SOLID
  5
1EE37
330
1EE22
100
AcDbEntity
  8
0
 62
     0
440
 16777216
100
AcDbTrace
 10
14072.37860120398
 20
-263.9169534774421
 30
0.0
 11
14073.21193453731
 21
-263.9169534774421
 31
0.0
 12
14072.79526787064
 22
-266.4169534774421
 32
0.0
 13
14072.79526787064
 23
-266.4169534774421
 33
0.0
  0
MTEXT
  5
1EE38
330
1EE22
100
AcDbEntity
  8
0
 62
     0
440
 16777216
100
AcDbMText
 10
14070.92026787064
 20
-260.3752868107794
 30
0.0
 40
2.5
 41
0.0
 46
0.0
 71
     5
 72
     1
  1
1
 11
0.0000000000000001
 21
1.0
 31
0.0
 73
     1
 44
1.0
  0
POINT
  5
1EE39
330
1EE22
100
AcDbEntity
  8
Defpoints
 62
     0
440
 16777216
100
AcDbPoint
 10
14066.25491566118
 20
-267.4169534774421
 30
0.0
  0
POINT
  5
1EE3A
330
1EE22
100
AcDbEntity
  8
Defpoints
 62
     0
440
 16777216
100
AcDbPoint
 10
14054.31691566118
 20
-266.4169534774421
 30
0.0
  0
POINT
  5
1EE3B
330
1EE22
100
AcDbEntity
  8
Defpoints
 62
     0
440
 16777216
100
AcDbPoint
 10
14072.79526787064
 20
-266.4169534774421
 30
0.0
  0
ENDBLK
  5
1EE24
330
1EE22
100
AcDbEntity
  8
0
100
AcDbBlockEnd
  0
ENDSEC
  0
SECTION
  2
ENTITIES
  0
LINE
  5
1E55F
330
1F
100
AcDbEntity
  8
0
  6
Continuous
 62
     7
100
AcDbLine
 10
13793.02316566117
 20
-204.5044534774421
 30
0.0
 11
13806.02316566117
 21
-204.5044534774421
 31
0.0
  0
LINE
  5
1E560
330
1F
100
AcDbEntity
  8
0
  6
Continuous
 62
     7
100
AcDbLine
 10
13793.02316566117
 20
-218.504453477442
 30
0.0
 11
13806.02316566117
 21
-218.504453477442
 31
0.0
  0
LINE
  5
1E561
330
1F
100
AcDbEntity
  8
0
  6
Continuous
 62
     7
100
AcDbLine
 10
13792.52316566117
 20
-205.004453477442
 30
0.0
 11
13792.52316566117
 21
-218.004453477442
 31
0.0
  0
LINE
  5
1E562
330
1F
100
AcDbEntity
  8
0
  6
Continuous
 62
     7
100
AcDbLine
 10
13806.52316566117
 20
-205.004453477442
 30
0.0
 11
13806.52316566117
 21
-218.004453477442
 31
0.0
  0
ARC
  5
1E563
330
1F
100
AcDbEntity
  8
0
  6
Continuous
 62
     7
100
AcDbCircle
 10
13793.02316566117
 20
-205.004453477442
 30
0.0
 40
0.5
100
AcDbArc
 50
90.0
 51
180.0
  0
ARC
  5
1E564
330
1F
100
AcDbEntity
  8
0
  6
Continuous
 62
     7
100
AcDbCircle
 10
13806.02316566117
 20
-205.004453477442
 30
0.0
 40
0.5
100
AcDbArc
 50
0.0
 51
90.0
  0
ARC
  5
1E565
330
1F
100
AcDbEntity
  8
0
  6
Continuous
 62
     7
100
AcDbCircle
 10
13793.02316566117
 20
-218.004453477442
 30
0.0
 40
0.5
100
AcDbArc
 50
180.0
 51
270.0
  0
ARC
  5
1E566
330
1F
100
AcDbEntity
  8
0
  6
Continuous
 62
     7
100
AcDbCircle
 10
13806.02316566117
 20
-218.004453477442
 30
0.0
 40
0.5
100
AcDbArc
 50
270.0
 51
0.0
  0
LINE
  5
1E567
330
1F
100
AcDbEntity
  8
0
  6
Continuous
 62
     7
100
AcDbLine
 10
13816.83566566117
 20
-204.5044534774421
 30
0.0
 11
13829.83566566117
 21
-204.5044534774421
 31
0.0
  0
LINE
  5
1E568
330
1F
100
AcDbEntity
  8
0
  6
Continuous
 62
     7
100
AcDbLine
 10
13816.83566566117
 20
-218.504453477442
 30
0.0
 11
13829.83566566117
 21
-218.504453477442
 31
0.0
  0
LINE
  5
1E569
330
1F
100
AcDbEntity
  8
0
  6
Continuous
 62
     7
100
AcDbLine
 10
13816.33566566117
 20
-205.004453477442
 30
0.0
 11
13816.33566566117
 21
-218.004453477442
 31
0.0
  0
LINE
  5
1E56A
330
1F
100
AcDbEntity
  8
0
  6
Continuous
 62
     7
100
AcDbLine
 10
13830.33566566117
 20
-205.004453477442
 30
0.0
 11
13830.33566566117
 21
-218.004453477442
 31
0.0
  0
ARC
  5
1E56B
330
1F
100
AcDbEntity
  8
0
  6
Continuous
 62
     7
100
AcDbCircle
 10
13816.83566566117
 20
-205.004453477442
 30
0.0
 40
0.5
100
AcDbArc
 50
90.0
 51
180.0
  0
ARC
  5
1E56C
330
1F
100
AcDbEntity
  8
0
  6
Continuous
 62
     7
100
AcDbCircle
 10
13829.83566566117
 20
-205.004453477442
 30
0.0
 40
0.5
100
AcDbArc
 50
0.0
 51
90.0
  0
ARC
  5
1E56D
330
1F
100
AcDbEntity
  8
0
  6
Continuous
 62
     7
100
AcDbCircle
 10
13816.83566566117
 20
-218.004453477442
 30
0.0
 40
0.5
100
AcDbArc
 50
180.0
 51
270.0
  0
ARC
  5
1E56E
330
1F
100
AcDbEntity
  8
0
  6
Continuous
 62
     7
100
AcDbCircle
 10
13829.83566566117
 20
-218.004453477442
 30
0.0
 40
0.5
100
AcDbArc
 50
270.0
 51
0.0
  0
LINE
  5
1E56F
330
1F
100
AcDbEntity
  8
0
  6
Continuous
 62
     7
100
AcDbLine
 10
13835.88566566117
 20
-204.5044534774421
 30
0.0
 11
13848.88566566117
 21
-204.5044534774421
 31
0.0
  0
LINE
  5
1E570
330
1F
100
AcDbEntity
  8
0
  6
Continuous
 62
     7
100
AcDbLine
 10
13835.88566566117
 20
-218.504453477442
 30
0.0
 11
13848.88566566117
 21
-218.504453477442
 31
0.0
  0
LINE
  5
1E571
330
1F
100
AcDbEntity
  8
0
  6
Continuous
 62
     7
100
AcDbLine
 10
13835.38566566117
 20
-205.004453477442
 30
0.0
 11
13835.38566566117
 21
-218.004453477442
 31
0.0
  0
LINE
  5
1E572
330
1F
100
AcDbEntity
  8
0
  6
Continuous
 62
     7
100
AcDbLine
 10
13849.38566566117
 20
-205.004453477442
 30
0.0
 11
13849.38566566117
 21
-218.004453477442
 31
0.0
  0
ARC
  5
1E573
330
1F
100
AcDbEntity
  8
0
  6
Continuous
 62
     7
100
AcDbCircle
 10
13835.88566566117
 20
-205.004453477442
 30
0.0
 40
0.5
100
AcDbArc
 50
90.0
 51
180.0
  0
ARC
  5
1E574
330
1F
100
AcDbEntity
  8
0
  6
Continuous
 62
     7
100
AcDbCircle
 10
13848.88566566117
 20
-205.004453477442
 30
0.0
 40
0.5
100
AcDbArc
 50
0.0
 51
90.0
  0
ARC
  5
1E575
330
1F
100
AcDbEntity
  8
0
  6
Continuous
 62
     7
100
AcDbCircle
 10
13835.88566566117
 20
-218.004453477442
 30
0.0
 40
0.5
100
AcDbArc
 50
180.0
 51
270.0
  0
ARC
  5
1E576
330
1F
100
AcDbEntity
  8
0
  6
Continuous
 62
     7
100
AcDbCircle
 10
13848.88566566117
 20
-218.004453477442
 30
0.0
 40
0.5
100
AcDbArc
 50
270.0
 51
0.0
  0
LINE
  5
1E577
330
1F
100
AcDbEntity
  8
0
  6
Continuous
 62
     7
100
AcDbLine
 10
13854.93566566117
 20
-204.5044534774421
 30
0.0
 11
13867.93566566117
 21
-204.5044534774421
 31
0.0
  0
LINE
  5
1E578
330
1F
100
AcDbEntity
  8
0
  6
Continuous
 62
     7
100
AcDbLine
 10
13854.93566566117
 20
-218.504453477442
 30
0.0
 11
13867.93566566117
 21
-218.504453477442
 31
0.0
  0
LINE
  5
1E579
330
1F
100
AcDbEntity
  8
0
  6
Continuous
 62
     7
100
AcDbLine
 10
13854.43566566117
 20
-205.004453477442
 30
0.0
 11
13854.43566566117
 21
-218.004453477442
 31
0.0
  0
LINE
  5
1E57A
330
1F
100
AcDbEntity
  8
0
  6
Continuous
 62
     7
100
AcDbLine
 10
13868.43566566117
 20
-205.004453477442
 30
0.0
 11
13868.43566566117
 21
-218.004453477442
 31
0.0
  0
ARC
  5
1E57B
330
1F
100
AcDbEntity
  8
0
  6
Continuous
 62
     7
100
AcDbCircle
 10
13854.93566566117
 20
-205.004453477442
 30
0.0
 40
0.5
100
AcDbArc
 50
90.0
 51
180.0
  0
ARC
  5
1E57C
330
1F
100
AcDbEntity
  8
0
  6
Continuous
 62
     7
100
AcDbCircle
 10
13867.93566566117
 20
-205.004453477442
 30
0.0
 40
0.5
100
AcDbArc
 50
0.0
 51
90.0
  0
ARC
  5
1E57D
330
1F
100
AcDbEntity
  8
0
  6
Continuous
 62
     7
100
AcDbCircle
 10
13854.93566566117
 20
-218.004453477442
 30
0.0
 40
0.5
100
AcDbArc
 50
180.0
 51
270.0
  0
ARC
  5
1E57E
330
1F
100
AcDbEntity
  8
0
  6
Continuous
 62
     7
100
AcDbCircle
 10
13867.93566566117
 20
-218.004453477442
 30
0.0
 40
0.5
100
AcDbArc
 50
270.0
 51
0.0
  0
LINE
  5
1E57F
330
1F
100
AcDbEntity
  8
0
  6
Continuous
 62
     7
100
AcDbLine
 10
13873.98566566116
 20
-204.5044534774421
 30
0.0
 11
13886.98566566116
 21
-204.5044534774421
 31
0.0
  0
LINE
  5
1E580
330
1F
100
AcDbEntity
  8
0
  6
Continuous
 62
     7
100
AcDbLine
 10
13873.98566566116
 20
-218.504453477442
 30
0.0
 11
13886.98566566116
 21
-218.504453477442
 31
0.0
  0
LINE
  5
1E581
330
1F
100
AcDbEntity
  8
0
  6
Continuous
 62
     7
100
AcDbLine
 10
13873.48566566116
 20
-205.004453477442
 30
0.0
 11
13873.48566566116
 21
-218.004453477442
 31
0.0
  0
LINE
  5
1E582
330
1F
100
AcDbEntity
  8
0
  6
Continuous
 62
     7
100
AcDbLine
 10
13887.48566566117
 20
-205.004453477442
 30
0.0
 11
13887.48566566117
 21
-218.004453477442
 31
0.0
  0
ARC
  5
1E583
330
1F
100
AcDbEntity
  8
0
  6
Continuous
 62
     7
100
AcDbCircle
 10
13873.98566566116
 20
-205.004453477442
 30
0.0
 40
0.5
100
AcDbArc
 50
90.0
 51
180.0
  0
ARC
  5
1E584
330
1F
100
AcDbEntity
  8
0
  6
Continuous
 62
     7
100
AcDbCircle
 10
13886.98566566116
 20
-205.004453477442
 30
0.0
 40
0.5
100
AcDbArc
 50
0.0
 51
90.0
  0
ARC
  5
1E585
330
1F
100
AcDbEntity
  8
0
  6
Continuous
 62
     7
100
AcDbCircle
 10
13873.98566566116
 20
-218.004453477442
 30
0.0
 40
0.5
100
AcDbArc
 50
180.0
 51
270.0
  0
ARC
  5
1E586
330
1F
100
AcDbEntity
  8
0
  6
Continuous
 62
     7
100
AcDbCircle
 10
13886.98566566116
 20
-218.004453477442
 30
0.0
 40
0.5
100
AcDbArc
 50
270.0
 51
0.0
  0
LINE
  5
1E587
330
1F
100
AcDbEntity
  8
0
  6
Continuous
 62
     7
100
AcDbLine
 10
14083.53566566117
 20
-204.5044534774421
 30
0.0
 11
14096.53566566117
 21
-204.5044534774421
 31
0.0
  0
LINE
  5
1E588
330
1F
100
AcDbEntity
  8
0
  6
Continuous
 62
     7
100
AcDbLine
 10
14083.53566566117
 20
-218.504453477442
 30
0.0
 11
14096.53566566117
 21
-218.504453477442
 31
0.0
  0
LINE
  5
1E589
330
1F
100
AcDbEntity
  8
0
  6
Continuous
 62
     7
100
AcDbLine
 10
14083.03566566117
 20
-205.004453477442
 30
0.0
 11
14083.03566566117
 21
-218.004453477442
 31
0.0
  0
LINE
  5
1E58A
330
1F
100
AcDbEntity
  8
0
  6
Continuous
 62
     7
100
AcDbLine
 10
14097.03566566117
 20
-205.004453477442
 30
0.0
 11
14097.03566566117
 21
-218.004453477442
 31
0.0
  0
ARC
  5
1E58B
330
1F
100
AcDbEntity
  8
0
  6
Continuous
 62
     7
100
AcDbCircle
 10
14083.53566566117
 20
-205.004453477442
 30
0.0
 40
0.5
100
AcDbArc
 50
90.0
 51
180.0
  0
ARC
  5
1E58C
330
1F
100
AcDbEntity
  8
0
  6
Continuous
 62
     7
100
AcDbCircle
 10
14096.53566566117
 20
-205.004453477442
 30
0.0
 40
0.5
100
AcDbArc
 50
0.0
 51
90.0
  0
ARC
  5
1E58D
330
1F
100
AcDbEntity
  8
0
  6
Continuous
 62
     7
100
AcDbCircle
 10
14083.53566566117
 20
-218.004453477442
 30
0.0
 40
0.5
100
AcDbArc
 50
180.0
 51
270.0
  0
ARC
  5
1E58E
330
1F
100
AcDbEntity
  8
0
  6
Continuous
 62
     7
100
AcDbCircle
 10
14096.53566566117
 20
-218.004453477442
 30
0.0
 40
0.5
100
AcDbArc
 50
270.0
 51
0.0
  0
LINE
  5
1E58F
330
1F
100
AcDbEntity
  8
0
  6
Continuous
 62
     7
100
AcDbLine
 10
14102.58566566117
 20
-204.5044534774421
 30
0.0
 11
14115.58566566117
 21
-204.5044534774421
 31
0.0
  0
LINE
  5
1E590
330
1F
100
AcDbEntity
  8
0
  6
Continuous
 62
     7
100
AcDbLine
 10
14102.58566566117
 20
-218.504453477442
 30
0.0
 11
14115.58566566117
 21
-218.504453477442
 31
0.0
  0
LINE
  5
1E591
330
1F
100
AcDbEntity
  8
0
  6
Continuous
 62
     7
100
AcDbLine
 10
14102.08566566117
 20
-205.004453477442
 30
0.0
 11
14102.08566566117
 21
-218.004453477442
 31
0.0
  0
LINE
  5
1E592
330
1F
100
AcDbEntity
  8
0
  6
Continuous
 62
     7
100
AcDbLine
 10
14116.08566566117
 20
-205.004453477442
 30
0.0
 11
14116.08566566117
 21
-218.004453477442
 31
0.0
  0
ARC
  5
1E593
330
1F
100
AcDbEntity
  8
0
  6
Continuous
 62
     7
100
AcDbCircle
 10
14102.58566566117
 20
-205.004453477442
 30
0.0
 40
0.5
100
AcDbArc
 50
90.0
 51
180.0
  0
ARC
  5
1E594
330
1F
100
AcDbEntity
  8
0
  6
Continuous
 62
     7
100
AcDbCircle
 10
14115.58566566117
 20
-205.004453477442
 30
0.0
 40
0.5
100
AcDbArc
 50
0.0
 51
90.0
  0
ARC
  5
1E595
330
1F
100
AcDbEntity
  8
0
  6
Continuous
 62
     7
100
AcDbCircle
 10
14102.58566566117
 20
-218.004453477442
 30
0.0
 40
0.5
100
AcDbArc
 50
180.0
 51
270.0
  0
ARC
  5
1E596
330
1F
100
AcDbEntity
  8
0
  6
Continuous
 62
     7
100
AcDbCircle
 10
14115.58566566117
 20
-218.004453477442
 30
0.0
 40
0.5
100
AcDbArc
 50
270.0
 51
0.0
  0
LINE
  5
1E597
330
1F
100
AcDbEntity
  8
0
  6
Continuous
 62
     7
100
AcDbLine
 10
14121.63566566117
 20
-204.5044534774421
 30
0.0
 11
14134.63566566117
 21
-204.5044534774421
 31
0.0
  0
LINE
  5
1E598
330
1F
100
AcDbEntity
  8
0
  6
Continuous
 62
     7
100
AcDbLine
 10
14121.63566566117
 20
-218.504453477442
 30
0.0
 11
14134.63566566117
 21
-218.504453477442
 31
0.0
  0
LINE
  5
1E599
330
1F
100
AcDbEntity
  8
0
  6
Continuous
 62
     7
100
AcDbLine
 10
14121.13566566117
 20
-205.004453477442
 30
0.0
 11
14121.13566566117
 21
-218.004453477442
 31
0.0
  0
LINE
  5
1E59A
330
1F
100
AcDbEntity
  8
0
  6
Continuous
 62
     7
100
AcDbLine
 10
14135.13566566117
 20
-205.004453477442
 30
0.0
 11
14135.13566566117
 21
-218.004453477442
 31
0.0
  0
ARC
  5
1E59B
330
1F
100
AcDbEntity
  8
0
  6
Continuous
 62
     7
100
AcDbCircle
 10
14121.63566566117
 20
-205.004453477442
 30
0.0
 40
0.5
100
AcDbArc
 50
90.0
 51
180.0
  0
ARC
  5
1E59C
330
1F
100
AcDbEntity
  8
0
  6
Continuous
 62
     7
100
AcDbCircle
 10
14134.63566566117
 20
-205.004453477442
 30
0.0
 40
0.5
100
AcDbArc
 50
0.0
 51
90.0
  0
ARC
  5
1E59D
330
1F
100
AcDbEntity
  8
0
  6
Continuous
 62
     7
100
AcDbCircle
 10
14121.63566566117
 20
-218.004453477442
 30
0.0
 40
0.5
100
AcDbArc
 50
180.0
 51
270.0
  0
ARC
  5
1E59E
330
1F
100
AcDbEntity
  8
0
  6
Continuous
 62
     7
100
AcDbCircle
 10
14134.63566566117
 20
-218.004453477442
 30
0.0
 40
0.5
100
AcDbArc
 50
270.0
 51
0.0
  0
LINE
  5
1E59F
330
1F
100
AcDbEntity
  8
0
  6
Continuous
 62
     7
100
AcDbLine
 10
13793.02316566117
 20
-228.316953477442
 30
0.0
 11
13806.02316566117
 21
-228.316953477442
 31
0.0
  0
LINE
  5
1E5A0
330
1F
100
AcDbEntity
  8
0
  6
Continuous
 62
     7
100
AcDbLine
 10
13793.02316566117
 20
-242.316953477442
 30
0.0
 11
13806.02316566117
 21
-242.316953477442
 31
0.0
  0
LINE
  5
1E5A1
330
1F
100
AcDbEntity
  8
0
  6
Continuous
 62
     7
100
AcDbLine
 10
13792.52316566117
 20
-228.8169534774421
 30
0.0
 11
13792.52316566117
 21
-241.816953477442
 31
0.0
  0
LINE
  5
1E5A2
330
1F
100
AcDbEntity
  8
0
  6
Continuous
 62
     7
100
AcDbLine
 10
13806.52316566117
 20
-228.8169534774421
 30
0.0
 11
13806.52316566117
 21
-241.816953477442
 31
0.0
  0
ARC
  5
1E5A3
330
1F
100
AcDbEntity
  8
0
  6
Continuous
 62
     7
100
AcDbCircle
 10
13793.02316566117
 20
-228.8169534774421
 30
0.0
 40
0.5
100
AcDbArc
 50
90.0
 51
180.0
  0
ARC
  5
1E5A4
330
1F
100
AcDbEntity
  8
0
  6
Continuous
 62
     7
100
AcDbCircle
 10
13806.02316566117
 20
-228.8169534774421
 30
0.0
 40
0.5
100
AcDbArc
 50
0.0
 51
90.0
  0
ARC
  5
1E5A5
330
1F
100
AcDbEntity
  8
0
  6
Continuous
 62
     7
100
AcDbCircle
 10
13793.02316566117
 20
-241.816953477442
 30
0.0
 40
0.5
100
AcDbArc
 50
180.0
 51
270.0
  0
ARC
  5
1E5A6
330
1F
100
AcDbEntity
  8
0
  6
Continuous
 62
     7
100
AcDbCircle
 10
13806.02316566117
 20
-241.816953477442
 30
0.0
 40
0.5
100
AcDbArc
 50
270.0
 51
0.0
  0
LINE
  5
1E5A7
330
1F
100
AcDbEntity
  8
0
  6
Continuous
 62
     7
100
AcDbLine
 10
13812.07316566117
 20
-228.316953477442
 30
0.0
 11
13825.07316566117
 21
-228.316953477442
 31
0.0
  0
LINE
  5
1E5A8
330
1F
100
AcDbEntity
  8
0
  6
Continuous
 62
     7
100
AcDbLine
 10
13812.07316566117
 20
-242.316953477442
 30
0.0
 11
13825.07316566117
 21
-242.316953477442
 31
0.0
  0
LINE
  5
1E5A9
330
1F
100
AcDbEntity
  8
0
  6
Continuous
 62
     7
100
AcDbLine
 10
13811.57316566117
 20
-228.8169534774421
 30
0.0
 11
13811.57316566117
 21
-241.816953477442
 31
0.0
  0
LINE
  5
1E5AA
330
1F
100
AcDbEntity
  8
0
  6
Continuous
 62
     7
100
AcDbLine
 10
13825.57316566117
 20
-228.8169534774421
 30
0.0
 11
13825.57316566117
 21
-241.816953477442
 31
0.0
  0
ARC
  5
1E5AB
330
1F
100
AcDbEntity
  8
0
  6
Continuous
 62
     7
100
AcDbCircle
 10
13812.07316566117
 20
-228.8169534774421
 30
0.0
 40
0.5
100
AcDbArc
 50
90.0
 51
180.0
  0
ARC
  5
1E5AC
330
1F
100
AcDbEntity
  8
0
  6
Continuous
 62
     7
100
AcDbCircle
 10
13825.07316566117
 20
-228.8169534774421
 30
0.0
 40
0.5
100
AcDbArc
 50
0.0
 51
90.0
  0
ARC
  5
1E5AD
330
1F
100
AcDbEntity
  8
0
  6
Continuous
 62
     7
100
AcDbCircle
 10
13812.07316566117
 20
-241.816953477442
 30
0.0
 40
0.5
100
AcDbArc
 50
180.0
 51
270.0
  0
ARC
  5
1E5AE
330
1F
100
AcDbEntity
  8
0
  6
Continuous
 62
     7
100
AcDbCircle
 10
13825.07316566117
 20
-241.816953477442
 30
0.0
 40
0.5
100
AcDbArc
 50
270.0
 51
0.0
  0
LINE
  5
1E5AF
330
1F
100
AcDbEntity
  8
0
  6
Continuous
 62
     7
100
AcDbLine
 10
13831.12316566118
 20
-228.316953477442
 30
0.0
 11
13844.12316566118
 21
-228.316953477442
 31
0.0
  0
LINE
  5
1E5B0
330
1F
100
AcDbEntity
  8
0
  6
Continuous
 62
     7
100
AcDbLine
 10
13831.12316566118
 20
-242.316953477442
 30
0.0
 11
13844.12316566118
 21
-242.316953477442
 31
0.0
  0
LINE
  5
1E5B1
330
1F
100
AcDbEntity
  8
0
  6
Continuous
 62
     7
100
AcDbLine
 10
13830.62316566117
 20
-228.8169534774421
 30
0.0
 11
13830.62316566117
 21
-241.816953477442
 31
0.0
  0
LINE
  5
1E5B2
330
1F
100
AcDbEntity
  8
0
  6
Continuous
 62
     7
100
AcDbLine
 10
13844.62316566118
 20
-228.8169534774421
 30
0.0
 11
13844.62316566118
 21
-241.816953477442
 31
0.0
  0
ARC
  5
1E5B3
330
1F
100
AcDbEntity
  8
0
  6
Continuous
 62
     7
100
AcDbCircle
 10
13831.12316566118
 20
-228.8169534774421
 30
0.0
 40
0.5
100
AcDbArc
 50
90.0
 51
180.0
  0
ARC
  5
1E5B4
330
1F
100
AcDbEntity
  8
0
  6
Continuous
 62
     7
100
AcDbCircle
 10
13844.12316566118
 20
-228.8169534774421
 30
0.0
 40
0.5
100
AcDbArc
 50
0.0
 51
90.0
  0
ARC
  5
1E5B5
330
1F
100
AcDbEntity
  8
0
  6
Continuous
 62
     7
100
AcDbCircle
 10
13831.12316566118
 20
-241.816953477442
 30
0.0
 40
0.5
100
AcDbArc
 50
180.0
 51
270.0
  0
ARC
  5
1E5B6
330
1F
100
AcDbEntity
  8
0
  6
Continuous
 62
     7
100
AcDbCircle
 10
13844.12316566118
 20
-241.816953477442
 30
0.0
 40
0.5
100
AcDbArc
 50
270.0
 51
0.0
  0
LINE
  5
1E5B7
330
1F
100
AcDbEntity
  8
0
  6
Continuous
 62
     7
100
AcDbLine
 10
13850.17316566117
 20
-228.316953477442
 30
0.0
 11
13863.17316566117
 21
-228.316953477442
 31
0.0
  0
LINE
  5
1E5B8
330
1F
100
AcDbEntity
  8
0
  6
Continuous
 62
     7
100
AcDbLine
 10
13850.17316566117
 20
-242.316953477442
 30
0.0
 11
13863.17316566117
 21
-242.316953477442
 31
0.0
  0
LINE
  5
1E5B9
330
1F
100
AcDbEntity
  8
0
  6
Continuous
 62
     7
100
AcDbLine
 10
13849.67316566117
 20
-228.8169534774421
 30
0.0
 11
13849.67316566117
 21
-241.816953477442
 31
0.0
  0
LINE
  5
1E5BA
330
1F
100
AcDbEntity
  8
0
  6
Continuous
 62
     7
100
AcDbLine
 10
13863.67316566117
 20
-228.8169534774421
 30
0.0
 11
13863.67316566117
 21
-241.816953477442
 31
0.0
  0
ARC
  5
1E5BB
330
1F
100
AcDbEntity
  8
0
  6
Continuous
 62
     7
100
AcDbCircle
 10
13850.17316566117
 20
-228.8169534774421
 30
0.0
 40
0.5
100
AcDbArc
 50
90.0
 51
180.0
  0
ARC
  5
1E5BC
330
1F
100
AcDbEntity
  8
0
  6
Continuous
 62
     7
100
AcDbCircle
 10
13863.17316566117
 20
-228.8169534774421
 30
0.0
 40
0.5
100
AcDbArc
 50
0.0
 51
90.0
  0
ARC
  5
1E5BD
330
1F
100
AcDbEntity
  8
0
  6
Continuous
 62
     7
100
AcDbCircle
 10
13850.17316566117
 20
-241.816953477442
 30
0.0
 40
0.5
100
AcDbArc
 50
180.0
 51
270.0
  0
ARC
  5
1E5BE
330
1F
100
AcDbEntity
  8
0
  6
Continuous
 62
     7
100
AcDbCircle
 10
13863.17316566117
 20
-241.816953477442
 30
0.0
 40
0.5
100
AcDbArc
 50
270.0
 51
0.0
  0
LINE
  5
1E5BF
330
1F
100
AcDbEntity
  8
0
  6
Continuous
 62
     7
100
AcDbLine
 10
13869.22316566117
 20
-228.316953477442
 30
0.0
 11
13882.22316566118
 21
-228.316953477442
 31
0.0
  0
LINE
  5
1E5C0
330
1F
100
AcDbEntity
  8
0
  6
Continuous
 62
     7
100
AcDbLine
 10
13869.22316566117
 20
-242.316953477442
 30
0.0
 11
13882.22316566118
 21
-242.316953477442
 31
0.0
  0
LINE
  5
1E5C1
330
1F
100
AcDbEntity
  8
0
  6
Continuous
 62
     7
100
AcDbLine
 10
13868.72316566117
 20
-228.8169534774421
 30
0.0
 11
13868.72316566117
 21
-241.816953477442
 31
0.0
  0
LINE
  5
1E5C2
330
1F
100
AcDbEntity
  8
0
  6
Continuous
 62
     7
100
AcDbLine
 10
13882.72316566117
 20
-228.8169534774421
 30
0.0
 11
13882.72316566117
 21
-241.816953477442
 31
0.0
  0
ARC
  5
1E5C3
330
1F
100
AcDbEntity
  8
0
  6
Continuous
 62
     7
100
AcDbCircle
 10
13869.22316566117
 20
-228.8169534774421
 30
0.0
 40
0.5
100
AcDbArc
 50
90.0
 51
180.0
  0
ARC
  5
1E5C4
330
1F
100
AcDbEntity
  8
0
  6
Continuous
 62
     7
100
AcDbCircle
 10
13882.22316566118
 20
-228.8169534774421
 30
0.0
 40
0.5
100
AcDbArc
 50
0.0
 51
90.0
  0
ARC
  5
1E5C5
330
1F
100
AcDbEntity
  8
0
  6
Continuous
 62
     7
100
AcDbCircle
 10
13869.22316566117
 20
-241.816953477442
 30
0.0
 40
0.5
100
AcDbArc
 50
180.0
 51
270.0
  0
ARC
  5
1E5C6
330
1F
100
AcDbEntity
  8
0
  6
Continuous
 62
     7
100
AcDbCircle
 10
13882.22316566118
 20
-241.816953477442
 30
0.0
 40
0.5
100
AcDbArc
 50
270.0
 51
0.0
  0
LINE
  5
1E5C7
330
1F
100
AcDbEntity
  8
0
  6
Continuous
 62
     7
100
AcDbLine
 10
13888.27316566117
 20
-228.316953477442
 30
0.0
 11
13901.27316566117
 21
-228.316953477442
 31
0.0
  0
LINE
  5
1E5C8
330
1F
100
AcDbEntity
  8
0
  6
Continuous
 62
     7
100
AcDbLine
 10
13888.27316566117
 20
-242.316953477442
 30
0.0
 11
13901.27316566117
 21
-242.316953477442
 31
0.0
  0
LINE
  5
1E5C9
330
1F
100
AcDbEntity
  8
0
  6
Continuous
 62
     7
100
AcDbLine
 10
13887.77316566117
 20
-228.8169534774421
 30
0.0
 11
13887.77316566117
 21
-241.816953477442
 31
0.0
  0
LINE
  5
1E5CA
330
1F
100
AcDbEntity
  8
0
  6
Continuous
 62
     7
100
AcDbLine
 10
13901.77316566117
 20
-228.8169534774421
 30
0.0
 11
13901.77316566117
 21
-241.816953477442
 31
0.0
  0
ARC
  5
1E5CB
330
1F
100
AcDbEntity
  8
0
  6
Continuous
 62
     7
100
AcDbCircle
 10
13888.27316566117
 20
-228.8169534774421
 30
0.0
 40
0.5
100
AcDbArc
 50
90.0
 51
180.0
  0
ARC
  5
1E5CC
330
1F
100
AcDbEntity
  8
0
  6
Continuous
 62
     7
100
AcDbCircle
 10
13901.27316566117
 20
-228.8169534774421
 30
0.0
 40
0.5
100
AcDbArc
 50
0.0
 51
90.0
  0
ARC
  5
1E5CD
330
1F
100
AcDbEntity
  8
0
  6
Continuous
 62
     7
100
AcDbCircle
 10
13888.27316566117
 20
-241.816953477442
 30
0.0
 40
0.5
100
AcDbArc
 50
180.0
 51
270.0
  0
ARC
  5
1E5CE
330
1F
100
AcDbEntity
  8
0
  6
Continuous
 62
     7
100
AcDbCircle
 10
13901.27316566117
 20
-241.816953477442
 30
0.0
 40
0.5
100
AcDbArc
 50
270.0
 51
0.0
  0
LINE
  5
1E5CF
330
1F
100
AcDbEntity
  8
0
  6
Continuous
 62
     7
100
AcDbLine
 10
13907.32316566117
 20
-228.316953477442
 30
0.0
 11
13920.32316566117
 21
-228.316953477442
 31
0.0
  0
LINE
  5
1E5D0
330
1F
100
AcDbEntity
  8
0
  6
Continuous
 62
     7
100
AcDbLine
 10
13907.32316566117
 20
-242.316953477442
 30
0.0
 11
13920.32316566117
 21
-242.316953477442
 31
0.0
  0
LINE
  5
1E5D1
330
1F
100
AcDbEntity
  8
0
  6
Continuous
 62
     7
100
AcDbLine
 10
13906.82316566117
 20
-228.8169534774421
 30
0.0
 11
13906.82316566117
 21
-241.816953477442
 31
0.0
  0
LINE
  5
1E5D2
330
1F
100
AcDbEntity
  8
0
  6
Continuous
 62
     7
100
AcDbLine
 10
13920.82316566117
 20
-228.8169534774421
 30
0.0
 11
13920.82316566117
 21
-241.816953477442
 31
0.0
  0
ARC
  5
1E5D3
330
1F
100
AcDbEntity
  8
0
  6
Continuous
 62
     7
100
AcDbCircle
 10
13907.32316566117
 20
-228.8169534774421
 30
0.0
 40
0.5
100
AcDbArc
 50
90.0
 51
180.0
  0
ARC
  5
1E5D4
330
1F
100
AcDbEntity
  8
0
  6
Continuous
 62
     7
100
AcDbCircle
 10
13920.32316566117
 20
-228.8169534774421
 30
0.0
 40
0.5
100
AcDbArc
 50
0.0
 51
90.0
  0
ARC
  5
1E5D5
330
1F
100
AcDbEntity
  8
0
  6
Continuous
 62
     7
100
AcDbCircle
 10
13907.32316566117
 20
-241.816953477442
 30
0.0
 40
0.5
100
AcDbArc
 50
180.0
 51
270.0
  0
ARC
  5
1E5D6
330
1F
100
AcDbEntity
  8
0
  6
Continuous
 62
     7
100
AcDbCircle
 10
13920.32316566117
 20
-241.816953477442
 30
0.0
 40
0.5
100
AcDbArc
 50
270.0
 51
0.0
  0
LINE
  5
1E5D7
330
1F
100
AcDbEntity
  8
0
  6
Continuous
 62
     7
100
AcDbLine
 10
13926.37316566118
 20
-228.316953477442
 30
0.0
 11
13939.37316566118
 21
-228.316953477442
 31
0.0
  0
LINE
  5
1E5D8
330
1F
100
AcDbEntity
  8
0
  6
Continuous
 62
     7
100
AcDbLine
 10
13926.37316566118
 20
-242.316953477442
 30
0.0
 11
13939.37316566118
 21
-242.316953477442
 31
0.0
  0
LINE
  5
1E5D9
330
1F
100
AcDbEntity
  8
0
  6
Continuous
 62
     7
100
AcDbLine
 10
13925.87316566118
 20
-228.8169534774421
 30
0.0
 11
13925.87316566118
 21
-241.816953477442
 31
0.0
  0
LINE
  5
1E5DA
330
1F
100
AcDbEntity
  8
0
  6
Continuous
 62
     7
100
AcDbLine
 10
13939.87316566118
 20
-228.8169534774421
 30
0.0
 11
13939.87316566118
 21
-241.816953477442
 31
0.0
  0
ARC
  5
1E5DB
330
1F
100
AcDbEntity
  8
0
  6
Continuous
 62
     7
100
AcDbCircle
 10
13926.37316566118
 20
-228.8169534774421
 30
0.0
 40
0.5
100
AcDbArc
 50
90.0
 51
180.0
  0
ARC
  5
1E5DC
330
1F
100
AcDbEntity
  8
0
  6
Continuous
 62
     7
100
AcDbCircle
 10
13939.37316566118
 20
-228.8169534774421
 30
0.0
 40
0.5
100
AcDbArc
 50
0.0
 51
90.0
  0
ARC
  5
1E5DD
330
1F
100
AcDbEntity
  8
0
  6
Continuous
 62
     7
100
AcDbCircle
 10
13926.37316566118
 20
-241.816953477442
 30
0.0
 40
0.5
100
AcDbArc
 50
180.0
 51
270.0
  0
ARC
  5
1E5DE
330
1F
100
AcDbEntity
  8
0
  6
Continuous
 62
     7
100
AcDbCircle
 10
13939.37316566118
 20
-241.816953477442
 30
0.0
 40
0.5
100
AcDbArc
 50
270.0
 51
0.0
  0
LINE
  5
1E5DF
330
1F
100
AcDbEntity
  8
0
  6
Continuous
 62
     7
100
AcDbLine
 10
13945.42316566117
 20
-228.316953477442
 30
0.0
 11
13958.42316566117
 21
-228.316953477442
 31
0.0
  0
LINE
  5
1E5E0
330
1F
100
AcDbEntity
  8
0
  6
Continuous
 62
     7
100
AcDbLine
 10
13945.42316566117
 20
-242.316953477442
 30
0.0
 11
13958.42316566117
 21
-242.316953477442
 31
0.0
  0
LINE
  5
1E5E1
330
1F
100
AcDbEntity
  8
0
  6
Continuous
 62
     7
100
AcDbLine
 10
13944.92316566117
 20
-228.8169534774421
 30
0.0
 11
13944.92316566117
 21
-241.816953477442
 31
0.0
  0
LINE
  5
1E5E2
330
1F
100
AcDbEntity
  8
0
  6
Continuous
 62
     7
100
AcDbLine
 10
13958.92316566117
 20
-228.8169534774421
 30
0.0
 11
13958.92316566117
 21
-241.816953477442
 31
0.0
  0
ARC
  5
1E5E3
330
1F
100
AcDbEntity
  8
0
  6
Continuous
 62
     7
100
AcDbCircle
 10
13945.42316566117
 20
-228.8169534774421
 30
0.0
 40
0.5
100
AcDbArc
 50
90.0
 51
180.0
  0
ARC
  5
1E5E4
330
1F
100
AcDbEntity
  8
0
  6
Continuous
 62
     7
100
AcDbCircle
 10
13958.42316566117
 20
-228.8169534774421
 30
0.0
 40
0.5
100
AcDbArc
 50
0.0
 51
90.0
  0
ARC
  5
1E5E5
330
1F
100
AcDbEntity
  8
0
  6
Continuous
 62
     7
100
AcDbCircle
 10
13945.42316566117
 20
-241.816953477442
 30
0.0
 40
0.5
100
AcDbArc
 50
180.0
 51
270.0
  0
ARC
  5
1E5E6
330
1F
100
AcDbEntity
  8
0
  6
Continuous
 62
     7
100
AcDbCircle
 10
13958.42316566117
 20
-241.816953477442
 30
0.0
 40
0.5
100
AcDbArc
 50
270.0
 51
0.0
  0
LINE
  5
1E5E7
330
1F
100
AcDbEntity
  8
0
  6
Continuous
 62
     7
100
AcDbLine
 10
13964.47316566117
 20
-228.316953477442
 30
0.0
 11
13977.47316566118
 21
-228.316953477442
 31
0.0
  0
LINE
  5
1E5E8
330
1F
100
AcDbEntity
  8
0
  6
Continuous
 62
     7
100
AcDbLine
 10
13964.47316566117
 20
-242.316953477442
 30
0.0
 11
13977.47316566118
 21
-242.316953477442
 31
0.0
  0
LINE
  5
1E5E9
330
1F
100
AcDbEntity
  8
0
  6
Continuous
 62
     7
100
AcDbLine
 10
13963.97316566117
 20
-228.8169534774421
 30
0.0
 11
13963.97316566117
 21
-241.816953477442
 31
0.0
  0
LINE
  5
1E5EA
330
1F
100
AcDbEntity
  8
0
  6
Continuous
 62
     7
100
AcDbLine
 10
13977.97316566117
 20
-228.8169534774421
 30
0.0
 11
13977.97316566117
 21
-241.816953477442
 31
0.0
  0
ARC
  5
1E5EB
330
1F
100
AcDbEntity
  8
0
  6
Continuous
 62
     7
100
AcDbCircle
 10
13964.47316566117
 20
-228.8169534774421
 30
0.0
 40
0.5
100
AcDbArc
 50
90.0
 51
180.0
  0
ARC
  5
1E5EC
330
1F
100
AcDbEntity
  8
0
  6
Continuous
 62
     7
100
AcDbCircle
 10
13977.47316566118
 20
-228.8169534774421
 30
0.0
 40
0.5
100
AcDbArc
 50
0.0
 51
90.0
  0
ARC
  5
1E5ED
330
1F
100
AcDbEntity
  8
0
  6
Continuous
 62
     7
100
AcDbCircle
 10
13964.47316566117
 20
-241.816953477442
 30
0.0
 40
0.5
100
AcDbArc
 50
180.0
 51
270.0
  0
ARC
  5
1E5EE
330
1F
100
AcDbEntity
  8
0
  6
Continuous
 62
     7
100
AcDbCircle
 10
13977.47316566118
 20
-241.816953477442
 30
0.0
 40
0.5
100
AcDbArc
 50
270.0
 51
0.0
  0
LINE
  5
1E5EF
330
1F
100
AcDbEntity
  8
0
  6
Continuous
 62
     7
100
AcDbLine
 10
13983.52316566117
 20
-228.316953477442
 30
0.0
 11
13996.52316566117
 21
-228.316953477442
 31
0.0
  0
LINE
  5
1E5F0
330
1F
100
AcDbEntity
  8
0
  6
Continuous
 62
     7
100
AcDbLine
 10
13983.52316566117
 20
-242.316953477442
 30
0.0
 11
13996.52316566117
 21
-242.316953477442
 31
0.0
  0
LINE
  5
1E5F1
330
1F
100
AcDbEntity
  8
0
  6
Continuous
 62
     7
100
AcDbLine
 10
13983.02316566117
 20
-228.8169534774421
 30
0.0
 11
13983.02316566117
 21
-241.816953477442
 31
0.0
  0
LINE
  5
1E5F2
330
1F
100
AcDbEntity
  8
0
  6
Continuous
 62
     7
100
AcDbLine
 10
13997.02316566117
 20
-228.8169534774421
 30
0.0
 11
13997.02316566117
 21
-241.816953477442
 31
0.0
  0
ARC
  5
1E5F3
330
1F
100
AcDbEntity
  8
0
  6
Continuous
 62
     7
100
AcDbCircle
 10
13983.52316566117
 20
-228.8169534774421
 30
0.0
 40
0.5
100
AcDbArc
 50
90.0
 51
180.0
  0
ARC
  5
1E5F4
330
1F
100
AcDbEntity
  8
0
  6
Continuous
 62
     7
100
AcDbCircle
 10
13996.52316566117
 20
-228.8169534774421
 30
0.0
 40
0.5
100
AcDbArc
 50
0.0
 51
90.0
  0
ARC
  5
1E5F5
330
1F
100
AcDbEntity
  8
0
  6
Continuous
 62
     7
100
AcDbCircle
 10
13983.52316566117
 20
-241.816953477442
 30
0.0
 40
0.5
100
AcDbArc
 50
180.0
 51
270.0
  0
ARC
  5
1E5F6
330
1F
100
AcDbEntity
  8
0
  6
Continuous
 62
     7
100
AcDbCircle
 10
13996.52316566117
 20
-241.816953477442
 30
0.0
 40
0.5
100
AcDbArc
 50
270.0
 51
0.0
  0
LINE
  5
1E5F7
330
1F
100
AcDbEntity
  8
0
  6
Continuous
 62
     7
100
AcDbLine
 10
14002.57316566117
 20
-228.316953477442
 30
0.0
 11
14015.57316566117
 21
-228.316953477442
 31
0.0
  0
LINE
  5
1E5F8
330
1F
100
AcDbEntity
  8
0
  6
Continuous
 62
     7
100
AcDbLine
 10
14002.57316566117
 20
-242.316953477442
 30
0.0
 11
14015.57316566117
 21
-242.316953477442
 31
0.0
  0
LINE
  5
1E5F9
330
1F
100
AcDbEntity
  8
0
  6
Continuous
 62
     7
100
AcDbLine
 10
14002.07316566117
 20
-228.8169534774421
 30
0.0
 11
14002.07316566117
 21
-241.816953477442
 31
0.0
  0
LINE
  5
1E5FA
330
1F
100
AcDbEntity
  8
0
  6
Continuous
 62
     7
100
AcDbLine
 10
14016.07316566117
 20
-228.8169534774421
 30
0.0
 11
14016.07316566117
 21
-241.816953477442
 31
0.0
  0
ARC
  5
1E5FB
330
1F
100
AcDbEntity
  8
0
  6
Continuous
 62
     7
100
AcDbCircle
 10
14002.57316566117
 20
-228.8169534774421
 30
0.0
 40
0.5
100
AcDbArc
 50
90.0
 51
180.0
  0
ARC
  5
1E5FC
330
1F
100
AcDbEntity
  8
0
  6
Continuous
 62
     7
100
AcDbCircle
 10
14015.57316566117
 20
-228.8169534774421
 30
0.0
 40
0.5
100
AcDbArc
 50
0.0
 51
90.0
  0
ARC
  5
1E5FD
330
1F
100
AcDbEntity
  8
0
  6
Continuous
 62
     7
100
AcDbCircle
 10
14002.57316566117
 20
-241.816953477442
 30
0.0
 40
0.5
100
AcDbArc
 50
180.0
 51
270.0
  0
ARC
  5
1E5FE
330
1F
100
AcDbEntity
  8
0
  6
Continuous
 62
     7
100
AcDbCircle
 10
14015.57316566117
 20
-241.816953477442
 30
0.0
 40
0.5
100
AcDbArc
 50
270.0
 51
0.0
  0
LINE
  5
1E5FF
330
1F
100
AcDbEntity
  8
0
  6
Continuous
 62
     7
100
AcDbLine
 10
14021.62316566118
 20
-228.316953477442
 30
0.0
 11
14034.62316566118
 21
-228.316953477442
 31
0.0
  0
LINE
  5
1E600
330
1F
100
AcDbEntity
  8
0
  6
Continuous
 62
     7
100
AcDbLine
 10
14021.62316566118
 20
-242.316953477442
 30
0.0
 11
14034.62316566118
 21
-242.316953477442
 31
0.0
  0
LINE
  5
1E601
330
1F
100
AcDbEntity
  8
0
  6
Continuous
 62
     7
100
AcDbLine
 10
14021.12316566118
 20
-228.8169534774421
 30
0.0
 11
14021.12316566118
 21
-241.816953477442
 31
0.0
  0
LINE
  5
1E602
330
1F
100
AcDbEntity
  8
0
  6
Continuous
 62
     7
100
AcDbLine
 10
14035.12316566118
 20
-228.8169534774421
 30
0.0
 11
14035.12316566118
 21
-241.816953477442
 31
0.0
  0
ARC
  5
1E603
330
1F
100
AcDbEntity
  8
0
  6
Continuous
 62
     7
100
AcDbCircle
 10
14021.62316566118
 20
-228.8169534774421
 30
0.0
 40
0.5
100
AcDbArc
 50
90.0
 51
180.0
  0
ARC
  5
1E604
330
1F
100
AcDbEntity
  8
0
  6
Continuous
 62
     7
100
AcDbCircle
 10
14034.62316566118
 20
-228.8169534774421
 30
0.0
 40
0.5
100
AcDbArc
 50
0.0
 51
90.0
  0
ARC
  5
1E605
330
1F
100
AcDbEntity
  8
0
  6
Continuous
 62
     7
100
AcDbCircle
 10
14021.62316566118
 20
-241.816953477442
 30
0.0
 40
0.5
100
AcDbArc
 50
180.0
 51
270.0
  0
ARC
  5
1E606
330
1F
100
AcDbEntity
  8
0
  6
Continuous
 62
     7
100
AcDbCircle
 10
14034.62316566118
 20
-241.816953477442
 30
0.0
 40
0.5
100
AcDbArc
 50
270.0
 51
0.0
  0
LINE
  5
1E607
330
1F
100
AcDbEntity
  8
0
  6
Continuous
 62
     7
100
AcDbLine
 10
14083.53566566117
 20
-228.316953477442
 30
0.0
 11
14096.53566566117
 21
-228.316953477442
 31
0.0
  0
LINE
  5
1E608
330
1F
100
AcDbEntity
  8
0
  6
Continuous
 62
     7
100
AcDbLine
 10
14083.53566566117
 20
-242.316953477442
 30
0.0
 11
14096.53566566117
 21
-242.316953477442
 31
0.0
  0
LINE
  5
1E609
330
1F
100
AcDbEntity
  8
0
  6
Continuous
 62
     7
100
AcDbLine
 10
14083.03566566117
 20
-228.8169534774421
 30
0.0
 11
14083.03566566117
 21
-241.816953477442
 31
0.0
  0
LINE
  5
1E60A
330
1F
100
AcDbEntity
  8
0
  6
Continuous
 62
     7
100
AcDbLine
 10
14097.03566566117
 20
-228.8169534774421
 30
0.0
 11
14097.03566566117
 21
-241.816953477442
 31
0.0
  0
ARC
  5
1E60B
330
1F
100
AcDbEntity
  8
0
  6
Continuous
 62
     7
100
AcDbCircle
 10
14083.53566566117
 20
-228.8169534774421
 30
0.0
 40
0.5
100
AcDbArc
 50
90.0
 51
180.0
  0
ARC
  5
1E60C
330
1F
100
AcDbEntity
  8
0
  6
Continuous
 62
     7
100
AcDbCircle
 10
14096.53566566117
 20
-228.8169534774421
 30
0.0
 40
0.5
100
AcDbArc
 50
0.0
 51
90.0
  0
ARC
  5
1E60D
330
1F
100
AcDbEntity
  8
0
  6
Continuous
 62
     7
100
AcDbCircle
 10
14083.53566566117
 20
-241.816953477442
 30
0.0
 40
0.5
100
AcDbArc
 50
180.0
 51
270.0
  0
ARC
  5
1E60E
330
1F
100
AcDbEntity
  8
0
  6
Continuous
 62
     7
100
AcDbCircle
 10
14096.53566566117
 20
-241.816953477442
 30
0.0
 40
0.5
100
AcDbArc
 50
270.0
 51
0.0
  0
LINE
  5
1E60F
330
1F
100
AcDbEntity
  8
0
  6
Continuous
 62
     7
100
AcDbLine
 10
14102.58566566117
 20
-228.316953477442
 30
0.0
 11
14115.58566566117
 21
-228.316953477442
 31
0.0
  0
LINE
  5
1E610
330
1F
100
AcDbEntity
  8
0
  6
Continuous
 62
     7
100
AcDbLine
 10
14102.58566566117
 20
-242.316953477442
 30
0.0
 11
14115.58566566117
 21
-242.316953477442
 31
0.0
  0
LINE
  5
1E611
330
1F
100
AcDbEntity
  8
0
  6
Continuous
 62
     7
100
AcDbLine
 10
14102.08566566117
 20
-228.8169534774421
 30
0.0
 11
14102.08566566117
 21
-241.816953477442
 31
0.0
  0
LINE
  5
1E612
330
1F
100
AcDbEntity
  8
0
  6
Continuous
 62
     7
100
AcDbLine
 10
14116.08566566117
 20
-228.8169534774421
 30
0.0
 11
14116.08566566117
 21
-241.816953477442
 31
0.0
  0
ARC
  5
1E613
330
1F
100
AcDbEntity
  8
0
  6
Continuous
 62
     7
100
AcDbCircle
 10
14102.58566566117
 20
-228.8169534774421
 30
0.0
 40
0.5
100
AcDbArc
 50
90.0
 51
180.0
  0
ARC
  5
1E614
330
1F
100
AcDbEntity
  8
0
  6
Continuous
 62
     7
100
AcDbCircle
 10
14115.58566566117
 20
-228.8169534774421
 30
0.0
 40
0.5
100
AcDbArc
 50
0.0
 51
90.0
  0
ARC
  5
1E615
330
1F
100
AcDbEntity
  8
0
  6
Continuous
 62
     7
100
AcDbCircle
 10
14102.58566566117
 20
-241.816953477442
 30
0.0
 40
0.5
100
AcDbArc
 50
180.0
 51
270.0
  0
ARC
  5
1E616
330
1F
100
AcDbEntity
  8
0
  6
Continuous
 62
     7
100
AcDbCircle
 10
14115.58566566117
 20
-241.816953477442
 30
0.0
 40
0.5
100
AcDbArc
 50
270.0
 51
0.0
  0
LINE
  5
1E617
330
1F
100
AcDbEntity
  8
0
  6
Continuous
 62
     7
100
AcDbLine
 10
14121.63566566117
 20
-228.316953477442
 30
0.0
 11
14134.63566566117
 21
-228.316953477442
 31
0.0
  0
LINE
  5
1E618
330
1F
100
AcDbEntity
  8
0
  6
Continuous
 62
     7
100
AcDbLine
 10
14121.63566566117
 20
-242.316953477442
 30
0.0
 11
14134.63566566117
 21
-242.316953477442
 31
0.0
  0
LINE
  5
1E619
330
1F
100
AcDbEntity
  8
0
  6
Continuous
 62
     7
100
AcDbLine
 10
14121.13566566117
 20
-228.8169534774421
 30
0.0
 11
14121.13566566117
 21
-241.816953477442
 31
0.0
  0
LINE
  5
1E61A
330
1F
100
AcDbEntity
  8
0
  6
Continuous
 62
     7
100
AcDbLine
 10
14135.13566566117
 20
-228.8169534774421
 30
0.0
 11
14135.13566566117
 21
-241.816953477442
 31
0.0
  0
ARC
  5
1E61B
330
1F
100
AcDbEntity
  8
0
  6
Continuous
 62
     7
100
AcDbCircle
 10
14121.63566566117
 20
-228.8169534774421
 30
0.0
 40
0.5
100
AcDbArc
 50
90.0
 51
180.0
  0
ARC
  5
1E61C
330
1F
100
AcDbEntity
  8
0
  6
Continuous
 62
     7
100
AcDbCircle
 10
14134.63566566117
 20
-228.8169534774421
 30
0.0
 40
0.5
100
AcDbArc
 50
0.0
 51
90.0
  0
ARC
  5
1E61D
330
1F
100
AcDbEntity
  8
0
  6
Continuous
 62
     7
100
AcDbCircle
 10
14121.63566566117
 20
-241.816953477442
 30
0.0
 40
0.5
100
AcDbArc
 50
180.0
 51
270.0
  0
ARC
  5
1E61E
330
1F
100
AcDbEntity
  8
0
  6
Continuous
 62
     7
100
AcDbCircle
 10
14134.63566566117
 20
-241.816953477442
 30
0.0
 40
0.5
100
AcDbArc
 50
270.0
 51
0.0
  0
LINE
  5
1E61F
330
1F
100
AcDbEntity
  8
0
  6
Continuous
 62
     7
100
AcDbLine
 10
13797.78566566117
 20
-247.3669534774422
 30
0.0
 11
13810.78566566118
 21
-247.3669534774422
 31
0.0
  0
LINE
  5
1E620
330
1F
100
AcDbEntity
  8
0
  6
Continuous
 62
     7
100
AcDbLine
 10
13797.78566566117
 20
-261.3669534774422
 30
0.0
 11
13810.78566566118
 21
-261.3669534774422
 31
0.0
  0
LINE
  5
1E621
330
1F
100
AcDbEntity
  8
0
  6
Continuous
 62
     7
100
AcDbLine
 10
13797.28566566117
 20
-247.8669534774422
 30
0.0
 11
13797.28566566117
 21
-260.8669534774422
 31
0.0
  0
LINE
  5
1E622
330
1F
100
AcDbEntity
  8
0
  6
Continuous
 62
     7
100
AcDbLine
 10
13811.28566566117
 20
-247.8669534774422
 30
0.0
 11
13811.28566566117
 21
-260.8669534774422
 31
0.0
  0
ARC
  5
1E623
330
1F
100
AcDbEntity
  8
0
  6
Continuous
 62
     7
100
AcDbCircle
 10
13797.78566566117
 20
-247.8669534774422
 30
0.0
 40
0.5
100
AcDbArc
 50
90.0
 51
180.0
  0
ARC
  5
1E624
330
1F
100
AcDbEntity
  8
0
  6
Continuous
 62
     7
100
AcDbCircle
 10
13810.78566566118
 20
-247.8669534774422
 30
0.0
 40
0.5
100
AcDbArc
 50
0.0
 51
90.0
  0
ARC
  5
1E625
330
1F
100
AcDbEntity
  8
0
  6
Continuous
 62
     7
100
AcDbCircle
 10
13797.78566566117
 20
-260.8669534774422
 30
0.0
 40
0.5
100
AcDbArc
 50
180.0
 51
270.0
  0
ARC
  5
1E626
330
1F
100
AcDbEntity
  8
0
  6
Continuous
 62
     7
100
AcDbCircle
 10
13810.78566566118
 20
-260.8669534774422
 30
0.0
 40
0.5
100
AcDbArc
 50
270.0
 51
0.0
  0
LINE
  5
1E627
330
1F
100
AcDbEntity
  8
0
  6
Continuous
 62
     7
100
AcDbLine
 10
13821.59816566117
 20
-247.3669534774422
 30
0.0
 11
13834.59816566118
 21
-247.3669534774422
 31
0.0
  0
LINE
  5
1E628
330
1F
100
AcDbEntity
  8
0
  6
Continuous
 62
     7
100
AcDbLine
 10
13821.59816566117
 20
-261.3669534774422
 30
0.0
 11
13834.59816566118
 21
-261.3669534774422
 31
0.0
  0
LINE
  5
1E629
330
1F
100
AcDbEntity
  8
0
  6
Continuous
 62
     7
100
AcDbLine
 10
13821.09816566117
 20
-247.8669534774422
 30
0.0
 11
13821.09816566117
 21
-260.8669534774422
 31
0.0
  0
LINE
  5
1E62A
330
1F
100
AcDbEntity
  8
0
  6
Continuous
 62
     7
100
AcDbLine
 10
13835.09816566117
 20
-247.8669534774422
 30
0.0
 11
13835.09816566117
 21
-260.8669534774422
 31
0.0
  0
ARC
  5
1E62B
330
1F
100
AcDbEntity
  8
0
  6
Continuous
 62
     7
100
AcDbCircle
 10
13821.59816566117
 20
-247.8669534774422
 30
0.0
 40
0.5
100
AcDbArc
 50
90.0
 51
180.0
  0
ARC
  5
1E62C
330
1F
100
AcDbEntity
  8
0
  6
Continuous
 62
     7
100
AcDbCircle
 10
13834.59816566118
 20
-247.8669534774422
 30
0.0
 40
0.5
100
AcDbArc
 50
0.0
 51
90.0
  0
ARC
  5
1E62D
330
1F
100
AcDbEntity
  8
0
  6
Continuous
 62
     7
100
AcDbCircle
 10
13821.59816566117
 20
-260.8669534774422
 30
0.0
 40
0.5
100
AcDbArc
 50
180.0
 51
270.0
  0
ARC
  5
1E62E
330
1F
100
AcDbEntity
  8
0
  6
Continuous
 62
     7
100
AcDbCircle
 10
13834.59816566118
 20
-260.8669534774422
 30
0.0
 40
0.5
100
AcDbArc
 50
270.0
 51
0.0
  0
LINE
  5
1E62F
330
1F
100
AcDbEntity
  8
0
  6
Continuous
 62
     7
100
AcDbLine
 10
13840.64816566117
 20
-247.3669534774422
 30
0.0
 11
13853.64816566117
 21
-247.3669534774422
 31
0.0
  0
LINE
  5
1E630
330
1F
100
AcDbEntity
  8
0
  6
Continuous
 62
     7
100
AcDbLine
 10
13840.64816566117
 20
-261.3669534774422
 30
0.0
 11
13853.64816566117
 21
-261.3669534774422
 31
0.0
  0
LINE
  5
1E631
330
1F
100
AcDbEntity
  8
0
  6
Continuous
 62
     7
100
AcDbLine
 10
13840.14816566117
 20
-247.8669534774422
 30
0.0
 11
13840.14816566117
 21
-260.8669534774422
 31
0.0
  0
LINE
  5
1E632
330
1F
100
AcDbEntity
  8
0
  6
Continuous
 62
     7
100
AcDbLine
 10
13854.14816566117
 20
-247.8669534774422
 30
0.0
 11
13854.14816566117
 21
-260.8669534774422
 31
0.0
  0
ARC
  5
1E633
330
1F
100
AcDbEntity
  8
0
  6
Continuous
 62
     7
100
AcDbCircle
 10
13840.64816566117
 20
-247.8669534774422
 30
0.0
 40
0.5
100
AcDbArc
 50
90.0
 51
180.0
  0
ARC
  5
1E634
330
1F
100
AcDbEntity
  8
0
  6
Continuous
 62
     7
100
AcDbCircle
 10
13853.64816566117
 20
-247.8669534774422
 30
0.0
 40
0.5
100
AcDbArc
 50
0.0
 51
90.0
  0
ARC
  5
1E635
330
1F
100
AcDbEntity
  8
0
  6
Continuous
 62
     7
100
AcDbCircle
 10
13840.64816566117
 20
-260.8669534774422
 30
0.0
 40
0.5
100
AcDbArc
 50
180.0
 51
270.0
  0
ARC
  5
1E636
330
1F
100
AcDbEntity
  8
0
  6
Continuous
 62
     7
100
AcDbCircle
 10
13853.64816566117
 20
-260.8669534774422
 30
0.0
 40
0.5
100
AcDbArc
 50
270.0
 51
0.0
  0
LINE
  5
1E637
330
1F
100
AcDbEntity
  8
0
  6
Continuous
 62
     7
100
AcDbLine
 10
13859.69816566117
 20
-247.3669534774422
 30
0.0
 11
13872.69816566117
 21
-247.3669534774422
 31
0.0
  0
LINE
  5
1E638
330
1F
100
AcDbEntity
  8
0
  6
Continuous
 62
     7
100
AcDbLine
 10
13859.69816566117
 20
-261.3669534774422
 30
0.0
 11
13872.69816566117
 21
-261.3669534774422
 31
0.0
  0
LINE
  5
1E639
330
1F
100
AcDbEntity
  8
0
  6
Continuous
 62
     7
100
AcDbLine
 10
13859.19816566117
 20
-247.8669534774422
 30
0.0
 11
13859.19816566117
 21
-260.8669534774422
 31
0.0
  0
LINE
  5
1E63A
330
1F
100
AcDbEntity
  8
0
  6
Continuous
 62
     7
100
AcDbLine
 10
13873.19816566117
 20
-247.8669534774422
 30
0.0
 11
13873.19816566117
 21
-260.8669534774422
 31
0.0
  0
ARC
  5
1E63B
330
1F
100
AcDbEntity
  8
0
  6
Continuous
 62
     7
100
AcDbCircle
 10
13859.69816566117
 20
-247.8669534774422
 30
0.0
 40
0.5
100
AcDbArc
 50
90.0
 51
180.0
  0
ARC
  5
1E63C
330
1F
100
AcDbEntity
  8
0
  6
Continuous
 62
     7
100
AcDbCircle
 10
13872.69816566117
 20
-247.8669534774422
 30
0.0
 40
0.5
100
AcDbArc
 50
0.0
 51
90.0
  0
ARC
  5
1E63D
330
1F
100
AcDbEntity
  8
0
  6
Continuous
 62
     7
100
AcDbCircle
 10
13859.69816566117
 20
-260.8669534774422
 30
0.0
 40
0.5
100
AcDbArc
 50
180.0
 51
270.0
  0
ARC
  5
1E63E
330
1F
100
AcDbEntity
  8
0
  6
Continuous
 62
     7
100
AcDbCircle
 10
13872.69816566117
 20
-260.8669534774422
 30
0.0
 40
0.5
100
AcDbArc
 50
270.0
 51
0.0
  0
LINE
  5
1E63F
330
1F
100
AcDbEntity
  8
0
  6
Continuous
 62
     7
100
AcDbLine
 10
13878.74816566118
 20
-247.3669534774422
 30
0.0
 11
13891.74816566118
 21
-247.3669534774422
 31
0.0
  0
LINE
  5
1E640
330
1F
100
AcDbEntity
  8
0
  6
Continuous
 62
     7
100
AcDbLine
 10
13878.74816566118
 20
-261.3669534774422
 30
0.0
 11
13891.74816566118
 21
-261.3669534774422
 31
0.0
  0
LINE
  5
1E641
330
1F
100
AcDbEntity
  8
0
  6
Continuous
 62
     7
100
AcDbLine
 10
13878.24816566118
 20
-247.8669534774422
 30
0.0
 11
13878.24816566118
 21
-260.8669534774422
 31
0.0
  0
LINE
  5
1E642
330
1F
100
AcDbEntity
  8
0
  6
Continuous
 62
     7
100
AcDbLine
 10
13892.24816566118
 20
-247.8669534774422
 30
0.0
 11
13892.24816566118
 21
-260.8669534774422
 31
0.0
  0
ARC
  5
1E643
330
1F
100
AcDbEntity
  8
0
  6
Continuous
 62
     7
100
AcDbCircle
 10
13878.74816566118
 20
-247.8669534774422
 30
0.0
 40
0.5
100
AcDbArc
 50
90.0
 51
180.0
  0
ARC
  5
1E644
330
1F
100
AcDbEntity
  8
0
  6
Continuous
 62
     7
100
AcDbCircle
 10
13891.74816566118
 20
-247.8669534774422
 30
0.0
 40
0.5
100
AcDbArc
 50
0.0
 51
90.0
  0
ARC
  5
1E645
330
1F
100
AcDbEntity
  8
0
  6
Continuous
 62
     7
100
AcDbCircle
 10
13878.74816566118
 20
-260.8669534774422
 30
0.0
 40
0.5
100
AcDbArc
 50
180.0
 51
270.0
  0
ARC
  5
1E646
330
1F
100
AcDbEntity
  8
0
  6
Continuous
 62
     7
100
AcDbCircle
 10
13891.74816566118
 20
-260.8669534774422
 30
0.0
 40
0.5
100
AcDbArc
 50
270.0
 51
0.0
  0
LINE
  5
1E647
330
1F
100
AcDbEntity
  8
0
  6
Continuous
 62
     7
100
AcDbLine
 10
13897.79816566117
 20
-247.3669534774422
 30
0.0
 11
13910.79816566117
 21
-247.3669534774422
 31
0.0
  0
LINE
  5
1E648
330
1F
100
AcDbEntity
  8
0
  6
Continuous
 62
     7
100
AcDbLine
 10
13897.79816566117
 20
-261.3669534774422
 30
0.0
 11
13910.79816566117
 21
-261.3669534774422
 31
0.0
  0
LINE
  5
1E649
330
1F
100
AcDbEntity
  8
0
  6
Continuous
 62
     7
100
AcDbLine
 10
13897.29816566117
 20
-247.8669534774422
 30
0.0
 11
13897.29816566117
 21
-260.8669534774422
 31
0.0
  0
LINE
  5
1E64A
330
1F
100
AcDbEntity
  8
0
  6
Continuous
 62
     7
100
AcDbLine
 10
13911.29816566117
 20
-247.8669534774422
 30
0.0
 11
13911.29816566117
 21
-260.8669534774422
 31
0.0
  0
ARC
  5
1E64B
330
1F
100
AcDbEntity
  8
0
  6
Continuous
 62
     7
100
AcDbCircle
 10
13897.79816566117
 20
-247.8669534774422
 30
0.0
 40
0.5
100
AcDbArc
 50
90.0
 51
180.0
  0
ARC
  5
1E64C
330
1F
100
AcDbEntity
  8
0
  6
Continuous
 62
     7
100
AcDbCircle
 10
13910.79816566117
 20
-247.8669534774422
 30
0.0
 40
0.5
100
AcDbArc
 50
0.0
 51
90.0
  0
ARC
  5
1E64D
330
1F
100
AcDbEntity
  8
0
  6
Continuous
 62
     7
100
AcDbCircle
 10
13897.79816566117
 20
-260.8669534774422
 30
0.0
 40
0.5
100
AcDbArc
 50
180.0
 51
270.0
  0
ARC
  5
1E64E
330
1F
100
AcDbEntity
  8
0
  6
Continuous
 62
     7
100
AcDbCircle
 10
13910.79816566117
 20
-260.8669534774422
 30
0.0
 40
0.5
100
AcDbArc
 50
270.0
 51
0.0
  0
LINE
  5
1E64F
330
1F
100
AcDbEntity
  8
0
  6
Continuous
 62
     7
100
AcDbLine
 10
13916.84816566117
 20
-247.3669534774422
 30
0.0
 11
13929.84816566118
 21
-247.3669534774422
 31
0.0
  0
LINE
  5
1E650
330
1F
100
AcDbEntity
  8
0
  6
Continuous
 62
     7
100
AcDbLine
 10
13916.84816566117
 20
-261.3669534774422
 30
0.0
 11
13929.84816566118
 21
-261.3669534774422
 31
0.0
  0
LINE
  5
1E651
330
1F
100
AcDbEntity
  8
0
  6
Continuous
 62
     7
100
AcDbLine
 10
13916.34816566117
 20
-247.8669534774422
 30
0.0
 11
13916.34816566117
 21
-260.8669534774422
 31
0.0
  0
LINE
  5
1E652
330
1F
100
AcDbEntity
  8
0
  6
Continuous
 62
     7
100
AcDbLine
 10
13930.34816566117
 20
-247.8669534774422
 30
0.0
 11
13930.34816566117
 21
-260.8669534774422
 31
0.0
  0
ARC
  5
1E653
330
1F
100
AcDbEntity
  8
0
  6
Continuous
 62
     7
100
AcDbCircle
 10
13916.84816566117
 20
-247.8669534774422
 30
0.0
 40
0.5
100
AcDbArc
 50
90.0
 51
180.0
  0
ARC
  5
1E654
330
1F
100
AcDbEntity
  8
0
  6
Continuous
 62
     7
100
AcDbCircle
 10
13929.84816566118
 20
-247.8669534774422
 30
0.0
 40
0.5
100
AcDbArc
 50
0.0
 51
90.0
  0
ARC
  5
1E655
330
1F
100
AcDbEntity
  8
0
  6
Continuous
 62
     7
100
AcDbCircle
 10
13916.84816566117
 20
-260.8669534774422
 30
0.0
 40
0.5
100
AcDbArc
 50
180.0
 51
270.0
  0
ARC
  5
1E656
330
1F
100
AcDbEntity
  8
0
  6
Continuous
 62
     7
100
AcDbCircle
 10
13929.84816566118
 20
-260.8669534774422
 30
0.0
 40
0.5
100
AcDbArc
 50
270.0
 51
0.0
  0
LINE
  5
1E657
330
1F
100
AcDbEntity
  8
0
  6
Continuous
 62
     7
100
AcDbLine
 10
13935.89816566117
 20
-247.3669534774422
 30
0.0
 11
13948.89816566117
 21
-247.3669534774422
 31
0.0
  0
LINE
  5
1E658
330
1F
100
AcDbEntity
  8
0
  6
Continuous
 62
     7
100
AcDbLine
 10
13935.89816566117
 20
-261.3669534774422
 30
0.0
 11
13948.89816566117
 21
-261.3669534774422
 31
0.0
  0
LINE
  5
1E659
330
1F
100
AcDbEntity
  8
0
  6
Continuous
 62
     7
100
AcDbLine
 10
13935.39816566117
 20
-247.8669534774422
 30
0.0
 11
13935.39816566117
 21
-260.8669534774422
 31
0.0
  0
LINE
  5
1E65A
330
1F
100
AcDbEntity
  8
0
  6
Continuous
 62
     7
100
AcDbLine
 10
13949.39816566117
 20
-247.8669534774422
 30
0.0
 11
13949.39816566117
 21
-260.8669534774422
 31
0.0
  0
ARC
  5
1E65B
330
1F
100
AcDbEntity
  8
0
  6
Continuous
 62
     7
100
AcDbCircle
 10
13935.89816566117
 20
-247.8669534774422
 30
0.0
 40
0.5
100
AcDbArc
 50
90.0
 51
180.0
  0
ARC
  5
1E65C
330
1F
100
AcDbEntity
  8
0
  6
Continuous
 62
     7
100
AcDbCircle
 10
13948.89816566117
 20
-247.8669534774422
 30
0.0
 40
0.5
100
AcDbArc
 50
0.0
 51
90.0
  0
ARC
  5
1E65D
330
1F
100
AcDbEntity
  8
0
  6
Continuous
 62
     7
100
AcDbCircle
 10
13935.89816566117
 20
-260.8669534774422
 30
0.0
 40
0.5
100
AcDbArc
 50
180.0
 51
270.0
  0
ARC
  5
1E65E
330
1F
100
AcDbEntity
  8
0
  6
Continuous
 62
     7
100
AcDbCircle
 10
13948.89816566117
 20
-260.8669534774422
 30
0.0
 40
0.5
100
AcDbArc
 50
270.0
 51
0.0
  0
LINE
  5
1E65F
330
1F
100
AcDbEntity
  8
0
  6
Continuous
 62
     7
100
AcDbLine
 10
13954.94816566117
 20
-247.3669534774422
 30
0.0
 11
13967.94816566117
 21
-247.3669534774422
 31
0.0
  0
LINE
  5
1E660
330
1F
100
AcDbEntity
  8
0
  6
Continuous
 62
     7
100
AcDbLine
 10
13954.94816566117
 20
-261.3669534774422
 30
0.0
 11
13967.94816566117
 21
-261.3669534774422
 31
0.0
  0
LINE
  5
1E661
330
1F
100
AcDbEntity
  8
0
  6
Continuous
 62
     7
100
AcDbLine
 10
13954.44816566117
 20
-247.8669534774422
 30
0.0
 11
13954.44816566117
 21
-260.8669534774422
 31
0.0
  0
LINE
  5
1E662
330
1F
100
AcDbEntity
  8
0
  6
Continuous
 62
     7
100
AcDbLine
 10
13968.44816566117
 20
-247.8669534774422
 30
0.0
 11
13968.44816566117
 21
-260.8669534774422
 31
0.0
  0
ARC
  5
1E663
330
1F
100
AcDbEntity
  8
0
  6
Continuous
 62
     7
100
AcDbCircle
 10
13954.94816566117
 20
-247.8669534774422
 30
0.0
 40
0.5
100
AcDbArc
 50
90.0
 51
180.0
  0
ARC
  5
1E664
330
1F
100
AcDbEntity
  8
0
  6
Continuous
 62
     7
100
AcDbCircle
 10
13967.94816566117
 20
-247.8669534774422
 30
0.0
 40
0.5
100
AcDbArc
 50
0.0
 51
90.0
  0
ARC
  5
1E665
330
1F
100
AcDbEntity
  8
0
  6
Continuous
 62
     7
100
AcDbCircle
 10
13954.94816566117
 20
-260.8669534774422
 30
0.0
 40
0.5
100
AcDbArc
 50
180.0
 51
270.0
  0
ARC
  5
1E666
330
1F
100
AcDbEntity
  8
0
  6
Continuous
 62
     7
100
AcDbCircle
 10
13967.94816566117
 20
-260.8669534774422
 30
0.0
 40
0.5
100
AcDbArc
 50
270.0
 51
0.0
  0
LINE
  5
1E667
330
1F
100
AcDbEntity
  8
0
  6
Continuous
 62
     7
100
AcDbLine
 10
13973.99816566118
 20
-247.3669534774422
 30
0.0
 11
13986.99816566118
 21
-247.3669534774422
 31
0.0
  0
LINE
  5
1E668
330
1F
100
AcDbEntity
  8
0
  6
Continuous
 62
     7
100
AcDbLine
 10
13973.99816566118
 20
-261.3669534774422
 30
0.0
 11
13986.99816566118
 21
-261.3669534774422
 31
0.0
  0
LINE
  5
1E669
330
1F
100
AcDbEntity
  8
0
  6
Continuous
 62
     7
100
AcDbLine
 10
13973.49816566118
 20
-247.8669534774422
 30
0.0
 11
13973.49816566118
 21
-260.8669534774422
 31
0.0
  0
LINE
  5
1E66A
330
1F
100
AcDbEntity
  8
0
  6
Continuous
 62
     7
100
AcDbLine
 10
13987.49816566118
 20
-247.8669534774422
 30
0.0
 11
13987.49816566118
 21
-260.8669534774422
 31
0.0
  0
ARC
  5
1E66B
330
1F
100
AcDbEntity
  8
0
  6
Continuous
 62
     7
100
AcDbCircle
 10
13973.99816566118
 20
-247.8669534774422
 30
0.0
 40
0.5
100
AcDbArc
 50
90.0
 51
180.0
  0
ARC
  5
1E66C
330
1F
100
AcDbEntity
  8
0
  6
Continuous
 62
     7
100
AcDbCircle
 10
13986.99816566118
 20
-247.8669534774422
 30
0.0
 40
0.5
100
AcDbArc
 50
0.0
 51
90.0
  0
ARC
  5
1E66D
330
1F
100
AcDbEntity
  8
0
  6
Continuous
 62
     7
100
AcDbCircle
 10
13973.99816566118
 20
-260.8669534774422
 30
0.0
 40
0.5
100
AcDbArc
 50
180.0
 51
270.0
  0
ARC
  5
1E66E
330
1F
100
AcDbEntity
  8
0
  6
Continuous
 62
     7
100
AcDbCircle
 10
13986.99816566118
 20
-260.8669534774422
 30
0.0
 40
0.5
100
AcDbArc
 50
270.0
 51
0.0
  0
LINE
  5
1E66F
330
1F
100
AcDbEntity
  8
0
  6
Continuous
 62
     7
100
AcDbLine
 10
13993.04816566117
 20
-247.3669534774422
 30
0.0
 11
14006.04816566117
 21
-247.3669534774422
 31
0.0
  0
LINE
  5
1E670
330
1F
100
AcDbEntity
  8
0
  6
Continuous
 62
     7
100
AcDbLine
 10
13993.04816566117
 20
-261.3669534774422
 30
0.0
 11
14006.04816566117
 21
-261.3669534774422
 31
0.0
  0
LINE
  5
1E671
330
1F
100
AcDbEntity
  8
0
  6
Continuous
 62
     7
100
AcDbLine
 10
13992.54816566117
 20
-247.8669534774422
 30
0.0
 11
13992.54816566117
 21
-260.8669534774422
 31
0.0
  0
LINE
  5
1E672
330
1F
100
AcDbEntity
  8
0
  6
Continuous
 62
     7
100
AcDbLine
 10
14006.54816566117
 20
-247.8669534774422
 30
0.0
 11
14006.54816566117
 21
-260.8669534774422
 31
0.0
  0
ARC
  5
1E673
330
1F
100
AcDbEntity
  8
0
  6
Continuous
 62
     7
100
AcDbCircle
 10
13993.04816566117
 20
-247.8669534774422
 30
0.0
 40
0.5
100
AcDbArc
 50
90.0
 51
180.0
  0
ARC
  5
1E674
330
1F
100
AcDbEntity
  8
0
  6
Continuous
 62
     7
100
AcDbCircle
 10
14006.04816566117
 20
-247.8669534774422
 30
0.0
 40
0.5
100
AcDbArc
 50
0.0
 51
90.0
  0
ARC
  5
1E675
330
1F
100
AcDbEntity
  8
0
  6
Continuous
 62
     7
100
AcDbCircle
 10
13993.04816566117
 20
-260.8669534774422
 30
0.0
 40
0.5
100
AcDbArc
 50
180.0
 51
270.0
  0
ARC
  5
1E676
330
1F
100
AcDbEntity
  8
0
  6
Continuous
 62
     7
100
AcDbCircle
 10
14006.04816566117
 20
-260.8669534774422
 30
0.0
 40
0.5
100
AcDbArc
 50
270.0
 51
0.0
  0
LINE
  5
1E677
330
1F
100
AcDbEntity
  8
0
  6
Continuous
 62
     7
100
AcDbLine
 10
14012.09816566117
 20
-247.3669534774422
 30
0.0
 11
14025.09816566117
 21
-247.3669534774422
 31
0.0
  0
LINE
  5
1E678
330
1F
100
AcDbEntity
  8
0
  6
Continuous
 62
     7
100
AcDbLine
 10
14012.09816566117
 20
-261.3669534774422
 30
0.0
 11
14025.09816566117
 21
-261.3669534774422
 31
0.0
  0
LINE
  5
1E679
330
1F
100
AcDbEntity
  8
0
  6
Continuous
 62
     7
100
AcDbLine
 10
14011.59816566117
 20
-247.8669534774422
 30
0.0
 11
14011.59816566117
 21
-260.8669534774422
 31
0.0
  0
LINE
  5
1E67A
330
1F
100
AcDbEntity
  8
0
  6
Continuous
 62
     7
100
AcDbLine
 10
14025.59816566117
 20
-247.8669534774422
 30
0.0
 11
14025.59816566117
 21
-260.8669534774422
 31
0.0
  0
ARC
  5
1E67B
330
1F
100
AcDbEntity
  8
0
  6
Continuous
 62
     7
100
AcDbCircle
 10
14012.09816566117
 20
-247.8669534774422
 30
0.0
 40
0.5
100
AcDbArc
 50
90.0
 51
180.0
  0
ARC
  5
1E67C
330
1F
100
AcDbEntity
  8
0
  6
Continuous
 62
     7
100
AcDbCircle
 10
14025.09816566117
 20
-247.8669534774422
 30
0.0
 40
0.5
100
AcDbArc
 50
0.0
 51
90.0
  0
ARC
  5
1E67D
330
1F
100
AcDbEntity
  8
0
  6
Continuous
 62
     7
100
AcDbCircle
 10
14012.09816566117
 20
-260.8669534774422
 30
0.0
 40
0.5
100
AcDbArc
 50
180.0
 51
270.0
  0
ARC
  5
1E67E
330
1F
100
AcDbEntity
  8
0
  6
Continuous
 62
     7
100
AcDbCircle
 10
14025.09816566117
 20
-260.8669534774422
 30
0.0
 40
0.5
100
AcDbArc
 50
270.0
 51
0.0
  0
LINE
  5
1E67F
330
1F
100
AcDbEntity
  8
0
  6
Continuous
 62
     7
100
AcDbLine
 10
14031.14816566117
 20
-247.3669534774422
 30
0.0
 11
14044.14816566117
 21
-247.3669534774422
 31
0.0
  0
LINE
  5
1E680
330
1F
100
AcDbEntity
  8
0
  6
Continuous
 62
     7
100
AcDbLine
 10
14031.14816566117
 20
-261.3669534774422
 30
0.0
 11
14044.14816566117
 21
-261.3669534774422
 31
0.0
  0
LINE
  5
1E681
330
1F
100
AcDbEntity
  8
0
  6
Continuous
 62
     7
100
AcDbLine
 10
14030.64816566117
 20
-247.8669534774422
 30
0.0
 11
14030.64816566117
 21
-260.8669534774422
 31
0.0
  0
LINE
  5
1E682
330
1F
100
AcDbEntity
  8
0
  6
Continuous
 62
     7
100
AcDbLine
 10
14044.64816566117
 20
-247.8669534774422
 30
0.0
 11
14044.64816566117
 21
-260.8669534774422
 31
0.0
  0
ARC
  5
1E683
330
1F
100
AcDbEntity
  8
0
  6
Continuous
 62
     7
100
AcDbCircle
 10
14031.14816566117
 20
-247.8669534774422
 30
0.0
 40
0.5
100
AcDbArc
 50
90.0
 51
180.0
  0
ARC
  5
1E684
330
1F
100
AcDbEntity
  8
0
  6
Continuous
 62
     7
100
AcDbCircle
 10
14044.14816566117
 20
-247.8669534774422
 30
0.0
 40
0.5
100
AcDbArc
 50
0.0
 51
90.0
  0
ARC
  5
1E685
330
1F
100
AcDbEntity
  8
0
  6
Continuous
 62
     7
100
AcDbCircle
 10
14031.14816566117
 20
-260.8669534774422
 30
0.0
 40
0.5
100
AcDbArc
 50
180.0
 51
270.0
  0
ARC
  5
1E686
330
1F
100
AcDbEntity
  8
0
  6
Continuous
 62
     7
100
AcDbCircle
 10
14044.14816566117
 20
-260.8669534774422
 30
0.0
 40
0.5
100
AcDbArc
 50
270.0
 51
0.0
  0
LINE
  5
1E687
330
1F
100
AcDbEntity
  8
0
  6
Continuous
 62
     7
100
AcDbLine
 10
14083.53566566117
 20
-247.3669534774422
 30
0.0
 11
14096.53566566117
 21
-247.3669534774422
 31
0.0
  0
LINE
  5
1E688
330
1F
100
AcDbEntity
  8
0
  6
Continuous
 62
     7
100
AcDbLine
 10
14083.53566566117
 20
-261.3669534774422
 30
0.0
 11
14096.53566566117
 21
-261.3669534774422
 31
0.0
  0
LINE
  5
1E689
330
1F
100
AcDbEntity
  8
0
  6
Continuous
 62
     7
100
AcDbLine
 10
14083.03566566117
 20
-247.8669534774422
 30
0.0
 11
14083.03566566117
 21
-260.8669534774422
 31
0.0
  0
LINE
  5
1E68A
330
1F
100
AcDbEntity
  8
0
  6
Continuous
 62
     7
100
AcDbLine
 10
14097.03566566117
 20
-247.8669534774422
 30
0.0
 11
14097.03566566117
 21
-260.8669534774422
 31
0.0
  0
ARC
  5
1E68B
330
1F
100
AcDbEntity
  8
0
  6
Continuous
 62
     7
100
AcDbCircle
 10
14083.53566566117
 20
-247.8669534774422
 30
0.0
 40
0.5
100
AcDbArc
 50
90.0
 51
180.0
  0
ARC
  5
1E68C
330
1F
100
AcDbEntity
  8
0
  6
Continuous
 62
     7
100
AcDbCircle
 10
14096.53566566117
 20
-247.8669534774422
 30
0.0
 40
0.5
100
AcDbArc
 50
0.0
 51
90.0
  0
ARC
  5
1E68D
330
1F
100
AcDbEntity
  8
0
  6
Continuous
 62
     7
100
AcDbCircle
 10
14083.53566566117
 20
-260.8669534774422
 30
0.0
 40
0.5
100
AcDbArc
 50
180.0
 51
270.0
  0
ARC
  5
1E68E
330
1F
100
AcDbEntity
  8
0
  6
Continuous
 62
     7
100
AcDbCircle
 10
14096.53566566117
 20
-260.8669534774422
 30
0.0
 40
0.5
100
AcDbArc
 50
270.0
 51
0.0
  0
LINE
  5
1E68F
330
1F
100
AcDbEntity
  8
0
  6
Continuous
 62
     7
100
AcDbLine
 10
14102.58566566117
 20
-247.3669534774422
 30
0.0
 11
14115.58566566117
 21
-247.3669534774422
 31
0.0
  0
LINE
  5
1E690
330
1F
100
AcDbEntity
  8
0
  6
Continuous
 62
     7
100
AcDbLine
 10
14102.58566566117
 20
-261.3669534774422
 30
0.0
 11
14115.58566566117
 21
-261.3669534774422
 31
0.0
  0
LINE
  5
1E691
330
1F
100
AcDbEntity
  8
0
  6
Continuous
 62
     7
100
AcDbLine
 10
14102.08566566117
 20
-247.8669534774422
 30
0.0
 11
14102.08566566117
 21
-260.8669534774422
 31
0.0
  0
LINE
  5
1E692
330
1F
100
AcDbEntity
  8
0
  6
Continuous
 62
     7
100
AcDbLine
 10
14116.08566566117
 20
-247.8669534774422
 30
0.0
 11
14116.08566566117
 21
-260.8669534774422
 31
0.0
  0
ARC
  5
1E693
330
1F
100
AcDbEntity
  8
0
  6
Continuous
 62
     7
100
AcDbCircle
 10
14102.58566566117
 20
-247.8669534774422
 30
0.0
 40
0.5
100
AcDbArc
 50
90.0
 51
180.0
  0
ARC
  5
1E694
330
1F
100
AcDbEntity
  8
0
  6
Continuous
 62
     7
100
AcDbCircle
 10
14115.58566566117
 20
-247.8669534774422
 30
0.0
 40
0.5
100
AcDbArc
 50
0.0
 51
90.0
  0
ARC
  5
1E695
330
1F
100
AcDbEntity
  8
0
  6
Continuous
 62
     7
100
AcDbCircle
 10
14102.58566566117
 20
-260.8669534774422
 30
0.0
 40
0.5
100
AcDbArc
 50
180.0
 51
270.0
  0
ARC
  5
1E696
330
1F
100
AcDbEntity
  8
0
  6
Continuous
 62
     7
100
AcDbCircle
 10
14115.58566566117
 20
-260.8669534774422
 30
0.0
 40
0.5
100
AcDbArc
 50
270.0
 51
0.0
  0
LINE
  5
1E697
330
1F
100
AcDbEntity
  8
0
  6
Continuous
 62
     7
100
AcDbLine
 10
14121.63566566117
 20
-247.3669534774422
 30
0.0
 11
14134.63566566117
 21
-247.3669534774422
 31
0.0
  0
LINE
  5
1E698
330
1F
100
AcDbEntity
  8
0
  6
Continuous
 62
     7
100
AcDbLine
 10
14121.63566566117
 20
-261.3669534774422
 30
0.0
 11
14134.63566566117
 21
-261.3669534774422
 31
0.0
  0
LINE
  5
1E699
330
1F
100
AcDbEntity
  8
0
  6
Continuous
 62
     7
100
AcDbLine
 10
14121.13566566117
 20
-247.8669534774422
 30
0.0
 11
14121.13566566117
 21
-260.8669534774422
 31
0.0
  0
LINE
  5
1E69A
330
1F
100
AcDbEntity
  8
0
  6
Continuous
 62
     7
100
AcDbLine
 10
14135.13566566117
 20
-247.8669534774422
 30
0.0
 11
14135.13566566117
 21
-260.8669534774422
 31
0.0
  0
ARC
  5
1E69B
330
1F
100
AcDbEntity
  8
0
  6
Continuous
 62
     7
100
AcDbCircle
 10
14121.63566566117
 20
-247.8669534774422
 30
0.0
 40
0.5
100
AcDbArc
 50
90.0
 51
180.0
  0
ARC
  5
1E69C
330
1F
100
AcDbEntity
  8
0
  6
Continuous
 62
     7
100
AcDbCircle
 10
14134.63566566117
 20
-247.8669534774422
 30
0.0
 40
0.5
100
AcDbArc
 50
0.0
 51
90.0
  0
ARC
  5
1E69D
330
1F
100
AcDbEntity
  8
0
  6
Continuous
 62
     7
100
AcDbCircle
 10
14121.63566566117
 20
-260.8669534774422
 30
0.0
 40
0.5
100
AcDbArc
 50
180.0
 51
270.0
  0
ARC
  5
1E69E
330
1F
100
AcDbEntity
  8
0
  6
Continuous
 62
     7
100
AcDbCircle
 10
14134.63566566117
 20
-260.8669534774422
 30
0.0
 40
0.5
100
AcDbArc
 50
270.0
 51
0.0
  0
LINE
  5
1E69F
330
1F
100
AcDbEntity
  8
0
  6
Continuous
 62
     7
100
AcDbLine
 10
13826.36066566117
 20
-266.4169534774415
 30
0.0
 11
13839.36066566117
 21
-266.4169534774415
 31
0.0
  0
LINE
  5
1E6A0
330
1F
100
AcDbEntity
  8
0
  6
Continuous
 62
     7
100
AcDbLine
 10
13826.36066566117
 20
-280.4169534774415
 30
0.0
 11
13839.36066566117
 21
-280.4169534774415
 31
0.0
  0
LINE
  5
1E6A1
330
1F
100
AcDbEntity
  8
0
  6
Continuous
 62
     7
100
AcDbLine
 10
13825.86066566117
 20
-266.9169534774415
 30
0.0
 11
13825.86066566117
 21
-279.9169534774415
 31
0.0
  0
LINE
  5
1E6A2
330
1F
100
AcDbEntity
  8
0
  6
Continuous
 62
     7
100
AcDbLine
 10
13839.86066566117
 20
-266.9169534774415
 30
0.0
 11
13839.86066566117
 21
-279.9169534774415
 31
0.0
  0
ARC
  5
1E6A3
330
1F
100
AcDbEntity
  8
0
  6
Continuous
 62
     7
100
AcDbCircle
 10
13826.36066566117
 20
-266.9169534774415
 30
0.0
 40
0.5
100
AcDbArc
 50
90.0
 51
180.0
  0
ARC
  5
1E6A4
330
1F
100
AcDbEntity
  8
0
  6
Continuous
 62
     7
100
AcDbCircle
 10
13839.36066566117
 20
-266.9169534774415
 30
0.0
 40
0.5
100
AcDbArc
 50
0.0
 51
90.0
  0
ARC
  5
1E6A5
330
1F
100
AcDbEntity
  8
0
  6
Continuous
 62
     7
100
AcDbCircle
 10
13826.36066566117
 20
-279.9169534774415
 30
0.0
 40
0.5
100
AcDbArc
 50
180.0
 51
270.0
  0
ARC
  5
1E6A6
330
1F
100
AcDbEntity
  8
0
  6
Continuous
 62
     7
100
AcDbCircle
 10
13839.36066566117
 20
-279.9169534774415
 30
0.0
 40
0.5
100
AcDbArc
 50
270.0
 51
0.0
  0
LINE
  5
1E6A7
330
1F
100
AcDbEntity
  8
0
  6
Continuous
 62
     7
100
AcDbLine
 10
13845.41066566117
 20
-266.4169534774415
 30
0.0
 11
13858.41066566118
 21
-266.4169534774415
 31
0.0
  0
LINE
  5
1E6A8
330
1F
100
AcDbEntity
  8
0
  6
Continuous
 62
     7
100
AcDbLine
 10
13845.41066566117
 20
-280.4169534774415
 30
0.0
 11
13858.41066566118
 21
-280.4169534774415
 31
0.0
  0
LINE
  5
1E6A9
330
1F
100
AcDbEntity
  8
0
  6
Continuous
 62
     7
100
AcDbLine
 10
13844.91066566117
 20
-266.9169534774415
 30
0.0
 11
13844.91066566117
 21
-279.9169534774415
 31
0.0
  0
LINE
  5
1E6AA
330
1F
100
AcDbEntity
  8
0
  6
Continuous
 62
     7
100
AcDbLine
 10
13858.91066566117
 20
-266.9169534774415
 30
0.0
 11
13858.91066566117
 21
-279.9169534774415
 31
0.0
  0
ARC
  5
1E6AB
330
1F
100
AcDbEntity
  8
0
  6
Continuous
 62
     7
100
AcDbCircle
 10
13845.41066566117
 20
-266.9169534774415
 30
0.0
 40
0.5
100
AcDbArc
 50
90.0
 51
180.0
  0
ARC
  5
1E6AC
330
1F
100
AcDbEntity
  8
0
  6
Continuous
 62
     7
100
AcDbCircle
 10
13858.41066566118
 20
-266.9169534774415
 30
0.0
 40
0.5
100
AcDbArc
 50
0.0
 51
90.0
  0
ARC
  5
1E6AD
330
1F
100
AcDbEntity
  8
0
  6
Continuous
 62
     7
100
AcDbCircle
 10
13845.41066566117
 20
-279.9169534774415
 30
0.0
 40
0.5
100
AcDbArc
 50
180.0
 51
270.0
  0
ARC
  5
1E6AE
330
1F
100
AcDbEntity
  8
0
  6
Continuous
 62
     7
100
AcDbCircle
 10
13858.41066566118
 20
-279.9169534774415
 30
0.0
 40
0.5
100
AcDbArc
 50
270.0
 51
0.0
  0
LINE
  5
1E6AF
330
1F
100
AcDbEntity
  8
0
  6
Continuous
 62
     7
100
AcDbLine
 10
13864.46066566117
 20
-266.4169534774415
 30
0.0
 11
13877.46066566117
 21
-266.4169534774415
 31
0.0
  0
LINE
  5
1E6B0
330
1F
100
AcDbEntity
  8
0
  6
Continuous
 62
     7
100
AcDbLine
 10
13864.46066566117
 20
-280.4169534774415
 30
0.0
 11
13877.46066566117
 21
-280.4169534774415
 31
0.0
  0
LINE
  5
1E6B1
330
1F
100
AcDbEntity
  8
0
  6
Continuous
 62
     7
100
AcDbLine
 10
13863.96066566117
 20
-266.9169534774415
 30
0.0
 11
13863.96066566117
 21
-279.9169534774415
 31
0.0
  0
LINE
  5
1E6B2
330
1F
100
AcDbEntity
  8
0
  6
Continuous
 62
     7
100
AcDbLine
 10
13877.96066566117
 20
-266.9169534774415
 30
0.0
 11
13877.96066566117
 21
-279.9169534774415
 31
0.0
  0
ARC
  5
1E6B3
330
1F
100
AcDbEntity
  8
0
  6
Continuous
 62
     7
100
AcDbCircle
 10
13864.46066566117
 20
-266.9169534774415
 30
0.0
 40
0.5
100
AcDbArc
 50
90.0
 51
180.0
  0
ARC
  5
1E6B4
330
1F
100
AcDbEntity
  8
0
  6
Continuous
 62
     7
100
AcDbCircle
 10
13877.46066566117
 20
-266.9169534774415
 30
0.0
 40
0.5
100
AcDbArc
 50
0.0
 51
90.0
  0
ARC
  5
1E6B5
330
1F
100
AcDbEntity
  8
0
  6
Continuous
 62
     7
100
AcDbCircle
 10
13864.46066566117
 20
-279.9169534774415
 30
0.0
 40
0.5
100
AcDbArc
 50
180.0
 51
270.0
  0
ARC
  5
1E6B6
330
1F
100
AcDbEntity
  8
0
  6
Continuous
 62
     7
100
AcDbCircle
 10
13877.46066566117
 20
-279.9169534774415
 30
0.0
 40
0.5
100
AcDbArc
 50
270.0
 51
0.0
  0
LINE
  5
1E6B7
330
1F
100
AcDbEntity
  8
0
  6
Continuous
 62
     7
100
AcDbLine
 10
13883.51066566117
 20
-266.4169534774415
 30
0.0
 11
13896.51066566117
 21
-266.4169534774415
 31
0.0
  0
LINE
  5
1E6B8
330
1F
100
AcDbEntity
  8
0
  6
Continuous
 62
     7
100
AcDbLine
 10
13883.51066566117
 20
-280.4169534774415
 30
0.0
 11
13896.51066566117
 21
-280.4169534774415
 31
0.0
  0
LINE
  5
1E6B9
330
1F
100
AcDbEntity
  8
0
  6
Continuous
 62
     7
100
AcDbLine
 10
13883.01066566117
 20
-266.9169534774415
 30
0.0
 11
13883.01066566117
 21
-279.9169534774415
 31
0.0
  0
LINE
  5
1E6BA
330
1F
100
AcDbEntity
  8
0
  6
Continuous
 62
     7
100
AcDbLine
 10
13897.01066566117
 20
-266.9169534774415
 30
0.0
 11
13897.01066566117
 21
-279.9169534774415
 31
0.0
  0
ARC
  5
1E6BB
330
1F
100
AcDbEntity
  8
0
  6
Continuous
 62
     7
100
AcDbCircle
 10
13883.51066566117
 20
-266.9169534774415
 30
0.0
 40
0.5
100
AcDbArc
 50
90.0
 51
180.0
  0
ARC
  5
1E6BC
330
1F
100
AcDbEntity
  8
0
  6
Continuous
 62
     7
100
AcDbCircle
 10
13896.51066566117
 20
-266.9169534774415
 30
0.0
 40
0.5
100
AcDbArc
 50
0.0
 51
90.0
  0
ARC
  5
1E6BD
330
1F
100
AcDbEntity
  8
0
  6
Continuous
 62
     7
100
AcDbCircle
 10
13883.51066566117
 20
-279.9169534774415
 30
0.0
 40
0.5
100
AcDbArc
 50
180.0
 51
270.0
  0
ARC
  5
1E6BE
330
1F
100
AcDbEntity
  8
0
  6
Continuous
 62
     7
100
AcDbCircle
 10
13896.51066566117
 20
-279.9169534774415
 30
0.0
 40
0.5
100
AcDbArc
 50
270.0
 51
0.0
  0
LINE
  5
1E6BF
330
1F
100
AcDbEntity
  8
0
  6
Continuous
 62
     7
100
AcDbLine
 10
13902.56066566118
 20
-266.4169534774415
 30
0.0
 11
13915.56066566118
 21
-266.4169534774415
 31
0.0
  0
LINE
  5
1E6C0
330
1F
100
AcDbEntity
  8
0
  6
Continuous
 62
     7
100
AcDbLine
 10
13902.56066566118
 20
-280.4169534774415
 30
0.0
 11
13915.56066566118
 21
-280.4169534774415
 31
0.0
  0
LINE
  5
1E6C1
330
1F
100
AcDbEntity
  8
0
  6
Continuous
 62
     7
100
AcDbLine
 10
13902.06066566118
 20
-266.9169534774415
 30
0.0
 11
13902.06066566118
 21
-279.9169534774415
 31
0.0
  0
LINE
  5
1E6C2
330
1F
100
AcDbEntity
  8
0
  6
Continuous
 62
     7
100
AcDbLine
 10
13916.06066566118
 20
-266.9169534774415
 30
0.0
 11
13916.06066566118
 21
-279.9169534774415
 31
0.0
  0
ARC
  5
1E6C3
330
1F
100
AcDbEntity
  8
0
  6
Continuous
 62
     7
100
AcDbCircle
 10
13902.56066566118
 20
-266.9169534774415
 30
0.0
 40
0.5
100
AcDbArc
 50
90.0
 51
180.0
  0
ARC
  5
1E6C4
330
1F
100
AcDbEntity
  8
0
  6
Continuous
 62
     7
100
AcDbCircle
 10
13915.56066566118
 20
-266.9169534774415
 30
0.0
 40
0.5
100
AcDbArc
 50
0.0
 51
90.0
  0
ARC
  5
1E6C5
330
1F
100
AcDbEntity
  8
0
  6
Continuous
 62
     7
100
AcDbCircle
 10
13902.56066566118
 20
-279.9169534774415
 30
0.0
 40
0.5
100
AcDbArc
 50
180.0
 51
270.0
  0
ARC
  5
1E6C6
330
1F
100
AcDbEntity
  8
0
  6
Continuous
 62
     7
100
AcDbCircle
 10
13915.56066566118
 20
-279.9169534774415
 30
0.0
 40
0.5
100
AcDbArc
 50
270.0
 51
0.0
  0
LINE
  5
1E6C7
330
1F
100
AcDbEntity
  8
0
  6
Continuous
 62
     7
100
AcDbLine
 10
13921.61066566117
 20
-266.4169534774415
 30
0.0
 11
13934.61066566117
 21
-266.4169534774415
 31
0.0
  0
LINE
  5
1E6C8
330
1F
100
AcDbEntity
  8
0
  6
Continuous
 62
     7
100
AcDbLine
 10
13921.61066566117
 20
-280.4169534774415
 30
0.0
 11
13934.61066566117
 21
-280.4169534774415
 31
0.0
  0
LINE
  5
1E6C9
330
1F
100
AcDbEntity
  8
0
  6
Continuous
 62
     7
100
AcDbLine
 10
13921.11066566117
 20
-266.9169534774415
 30
0.0
 11
13921.11066566117
 21
-279.9169534774415
 31
0.0
  0
LINE
  5
1E6CA
330
1F
100
AcDbEntity
  8
0
  6
Continuous
 62
     7
100
AcDbLine
 10
13935.11066566117
 20
-266.9169534774415
 30
0.0
 11
13935.11066566117
 21
-279.9169534774415
 31
0.0
  0
ARC
  5
1E6CB
330
1F
100
AcDbEntity
  8
0
  6
Continuous
 62
     7
100
AcDbCircle
 10
13921.61066566117
 20
-266.9169534774415
 30
0.0
 40
0.5
100
AcDbArc
 50
90.0
 51
180.0
  0
ARC
  5
1E6CC
330
1F
100
AcDbEntity
  8
0
  6
Continuous
 62
     7
100
AcDbCircle
 10
13934.61066566117
 20
-266.9169534774415
 30
0.0
 40
0.5
100
AcDbArc
 50
0.0
 51
90.0
  0
ARC
  5
1E6CD
330
1F
100
AcDbEntity
  8
0
  6
Continuous
 62
     7
100
AcDbCircle
 10
13921.61066566117
 20
-279.9169534774415
 30
0.0
 40
0.5
100
AcDbArc
 50
180.0
 51
270.0
  0
ARC
  5
1E6CE
330
1F
100
AcDbEntity
  8
0
  6
Continuous
 62
     7
100
AcDbCircle
 10
13934.61066566117
 20
-279.9169534774415
 30
0.0
 40
0.5
100
AcDbArc
 50
270.0
 51
0.0
  0
LINE
  5
1E6CF
330
1F
100
AcDbEntity
  8
0
  6
Continuous
 62
     7
100
AcDbLine
 10
13940.66066566117
 20
-266.4169534774415
 30
0.0
 11
13953.66066566118
 21
-266.4169534774415
 31
0.0
  0
LINE
  5
1E6D0
330
1F
100
AcDbEntity
  8
0
  6
Continuous
 62
     7
100
AcDbLine
 10
13940.66066566117
 20
-280.4169534774415
 30
0.0
 11
13953.66066566118
 21
-280.4169534774415
 31
0.0
  0
LINE
  5
1E6D1
330
1F
100
AcDbEntity
  8
0
  6
Continuous
 62
     7
100
AcDbLine
 10
13940.16066566117
 20
-266.9169534774415
 30
0.0
 11
13940.16066566117
 21
-279.9169534774415
 31
0.0
  0
LINE
  5
1E6D2
330
1F
100
AcDbEntity
  8
0
  6
Continuous
 62
     7
100
AcDbLine
 10
13954.16066566117
 20
-266.9169534774415
 30
0.0
 11
13954.16066566117
 21
-279.9169534774415
 31
0.0
  0
ARC
  5
1E6D3
330
1F
100
AcDbEntity
  8
0
  6
Continuous
 62
     7
100
AcDbCircle
 10
13940.66066566117
 20
-266.9169534774415
 30
0.0
 40
0.5
100
AcDbArc
 50
90.0
 51
180.0
  0
ARC
  5
1E6D4
330
1F
100
AcDbEntity
  8
0
  6
Continuous
 62
     7
100
AcDbCircle
 10
13953.66066566118
 20
-266.9169534774415
 30
0.0
 40
0.5
100
AcDbArc
 50
0.0
 51
90.0
  0
ARC
  5
1E6D5
330
1F
100
AcDbEntity
  8
0
  6
Continuous
 62
     7
100
AcDbCircle
 10
13940.66066566117
 20
-279.9169534774415
 30
0.0
 40
0.5
100
AcDbArc
 50
180.0
 51
270.0
  0
ARC
  5
1E6D6
330
1F
100
AcDbEntity
  8
0
  6
Continuous
 62
     7
100
AcDbCircle
 10
13953.66066566118
 20
-279.9169534774415
 30
0.0
 40
0.5
100
AcDbArc
 50
270.0
 51
0.0
  0
LINE
  5
1E6D7
330
1F
100
AcDbEntity
  8
0
  6
Continuous
 62
     7
100
AcDbLine
 10
13959.71066566117
 20
-266.4169534774415
 30
0.0
 11
13972.71066566117
 21
-266.4169534774415
 31
0.0
  0
LINE
  5
1E6D8
330
1F
100
AcDbEntity
  8
0
  6
Continuous
 62
     7
100
AcDbLine
 10
13959.71066566117
 20
-280.4169534774415
 30
0.0
 11
13972.71066566117
 21
-280.4169534774415
 31
0.0
  0
LINE
  5
1E6D9
330
1F
100
AcDbEntity
  8
0
  6
Continuous
 62
     7
100
AcDbLine
 10
13959.21066566117
 20
-266.9169534774415
 30
0.0
 11
13959.21066566117
 21
-279.9169534774415
 31
0.0
  0
LINE
  5
1E6DA
330
1F
100
AcDbEntity
  8
0
  6
Continuous
 62
     7
100
AcDbLine
 10
13973.21066566117
 20
-266.9169534774415
 30
0.0
 11
13973.21066566117
 21
-279.9169534774415
 31
0.0
  0
ARC
  5
1E6DB
330
1F
100
AcDbEntity
  8
0
  6
Continuous
 62
     7
100
AcDbCircle
 10
13959.71066566117
 20
-266.9169534774415
 30
0.0
 40
0.5
100
AcDbArc
 50
90.0
 51
180.0
  0
ARC
  5
1E6DC
330
1F
100
AcDbEntity
  8
0
  6
Continuous
 62
     7
100
AcDbCircle
 10
13972.71066566117
 20
-266.9169534774415
 30
0.0
 40
0.5
100
AcDbArc
 50
0.0
 51
90.0
  0
ARC
  5
1E6DD
330
1F
100
AcDbEntity
  8
0
  6
Continuous
 62
     7
100
AcDbCircle
 10
13959.71066566117
 20
-279.9169534774415
 30
0.0
 40
0.5
100
AcDbArc
 50
180.0
 51
270.0
  0
ARC
  5
1E6DE
330
1F
100
AcDbEntity
  8
0
  6
Continuous
 62
     7
100
AcDbCircle
 10
13972.71066566117
 20
-279.9169534774415
 30
0.0
 40
0.5
100
AcDbArc
 50
270.0
 51
0.0
  0
LINE
  5
1E6DF
330
1F
100
AcDbEntity
  8
0
  6
Continuous
 62
     7
100
AcDbLine
 10
13978.76066566117
 20
-266.4169534774415
 30
0.0
 11
13991.76066566117
 21
-266.4169534774415
 31
0.0
  0
LINE
  5
1E6E0
330
1F
100
AcDbEntity
  8
0
  6
Continuous
 62
     7
100
AcDbLine
 10
13978.76066566117
 20
-280.4169534774415
 30
0.0
 11
13991.76066566117
 21
-280.4169534774415
 31
0.0
  0
LINE
  5
1E6E1
330
1F
100
AcDbEntity
  8
0
  6
Continuous
 62
     7
100
AcDbLine
 10
13978.26066566117
 20
-266.9169534774415
 30
0.0
 11
13978.26066566117
 21
-279.9169534774415
 31
0.0
  0
LINE
  5
1E6E2
330
1F
100
AcDbEntity
  8
0
  6
Continuous
 62
     7
100
AcDbLine
 10
13992.26066566117
 20
-266.9169534774415
 30
0.0
 11
13992.26066566117
 21
-279.9169534774415
 31
0.0
  0
ARC
  5
1E6E3
330
1F
100
AcDbEntity
  8
0
  6
Continuous
 62
     7
100
AcDbCircle
 10
13978.76066566117
 20
-266.9169534774415
 30
0.0
 40
0.5
100
AcDbArc
 50
90.0
 51
180.0
  0
ARC
  5
1E6E4
330
1F
100
AcDbEntity
  8
0
  6
Continuous
 62
     7
100
AcDbCircle
 10
13991.76066566117
 20
-266.9169534774415
 30
0.0
 40
0.5
100
AcDbArc
 50
0.0
 51
90.0
  0
ARC
  5
1E6E5
330
1F
100
AcDbEntity
  8
0
  6
Continuous
 62
     7
100
AcDbCircle
 10
13978.76066566117
 20
-279.9169534774415
 30
0.0
 40
0.5
100
AcDbArc
 50
180.0
 51
270.0
  0
ARC
  5
1E6E6
330
1F
100
AcDbEntity
  8
0
  6
Continuous
 62
     7
100
AcDbCircle
 10
13991.76066566117
 20
-279.9169534774415
 30
0.0
 40
0.5
100
AcDbArc
 50
270.0
 51
0.0
  0
LINE
  5
1E6E7
330
1F
100
AcDbEntity
  8
0
  6
Continuous
 62
     7
100
AcDbLine
 10
13997.81066566118
 20
-266.4169534774415
 30
0.0
 11
14010.81066566118
 21
-266.4169534774415
 31
0.0
  0
LINE
  5
1E6E8
330
1F
100
AcDbEntity
  8
0
  6
Continuous
 62
     7
100
AcDbLine
 10
13997.81066566118
 20
-280.4169534774415
 30
0.0
 11
14010.81066566118
 21
-280.4169534774415
 31
0.0
  0
LINE
  5
1E6E9
330
1F
100
AcDbEntity
  8
0
  6
Continuous
 62
     7
100
AcDbLine
 10
13997.31066566118
 20
-266.9169534774415
 30
0.0
 11
13997.31066566118
 21
-279.9169534774415
 31
0.0
  0
LINE
  5
1E6EA
330
1F
100
AcDbEntity
  8
0
  6
Continuous
 62
     7
100
AcDbLine
 10
14011.31066566118
 20
-266.9169534774415
 30
0.0
 11
14011.31066566118
 21
-279.9169534774415
 31
0.0
  0
ARC
  5
1E6EB
330
1F
100
AcDbEntity
  8
0
  6
Continuous
 62
     7
100
AcDbCircle
 10
13997.81066566118
 20
-266.9169534774415
 30
0.0
 40
0.5
100
AcDbArc
 50
90.0
 51
180.0
  0
ARC
  5
1E6EC
330
1F
100
AcDbEntity
  8
0
  6
Continuous
 62
     7
100
AcDbCircle
 10
14010.81066566118
 20
-266.9169534774415
 30
0.0
 40
0.5
100
AcDbArc
 50
0.0
 51
90.0
  0
ARC
  5
1E6ED
330
1F
100
AcDbEntity
  8
0
  6
Continuous
 62
     7
100
AcDbCircle
 10
13997.81066566118
 20
-279.9169534774415
 30
0.0
 40
0.5
100
AcDbArc
 50
180.0
 51
270.0
  0
ARC
  5
1E6EE
330
1F
100
AcDbEntity
  8
0
  6
Continuous
 62
     7
100
AcDbCircle
 10
14010.81066566118
 20
-279.9169534774415
 30
0.0
 40
0.5
100
AcDbArc
 50
270.0
 51
0.0
  0
LINE
  5
1E6EF
330
1F
100
AcDbEntity
  8
0
  6
Continuous
 62
     7
100
AcDbLine
 10
14016.86066566117
 20
-266.4169534774415
 30
0.0
 11
14029.86066566117
 21
-266.4169534774415
 31
0.0
  0
LINE
  5
1E6F0
330
1F
100
AcDbEntity
  8
0
  6
Continuous
 62
     7
100
AcDbLine
 10
14016.86066566117
 20
-280.4169534774415
 30
0.0
 11
14029.86066566117
 21
-280.4169534774415
 31
0.0
  0
LINE
  5
1E6F1
330
1F
100
AcDbEntity
  8
0
  6
Continuous
 62
     7
100
AcDbLine
 10
14016.36066566117
 20
-266.9169534774415
 30
0.0
 11
14016.36066566117
 21
-279.9169534774415
 31
0.0
  0
LINE
  5
1E6F2
330
1F
100
AcDbEntity
  8
0
  6
Continuous
 62
     7
100
AcDbLine
 10
14030.36066566117
 20
-266.9169534774415
 30
0.0
 11
14030.36066566117
 21
-279.9169534774415
 31
0.0
  0
ARC
  5
1E6F3
330
1F
100
AcDbEntity
  8
0
  6
Continuous
 62
     7
100
AcDbCircle
 10
14016.86066566117
 20
-266.9169534774415
 30
0.0
 40
0.5
100
AcDbArc
 50
90.0
 51
180.0
  0
ARC
  5
1E6F4
330
1F
100
AcDbEntity
  8
0
  6
Continuous
 62
     7
100
AcDbCircle
 10
14029.86066566117
 20
-266.9169534774415
 30
0.0
 40
0.5
100
AcDbArc
 50
0.0
 51
90.0
  0
ARC
  5
1E6F5
330
1F
100
AcDbEntity
  8
0
  6
Continuous
 62
     7
100
AcDbCircle
 10
14016.86066566117
 20
-279.9169534774415
 30
0.0
 40
0.5
100
AcDbArc
 50
180.0
 51
270.0
  0
ARC
  5
1E6F6
330
1F
100
AcDbEntity
  8
0
  6
Continuous
 62
     7
100
AcDbCircle
 10
14029.86066566117
 20
-279.9169534774415
 30
0.0
 40
0.5
100
AcDbArc
 50
270.0
 51
0.0
  0
LINE
  5
1E6F7
330
1F
100
AcDbEntity
  8
0
  6
Continuous
 62
     7
100
AcDbLine
 10
13835.88566566117
 20
-285.4669534774426
 30
0.0
 11
13848.88566566117
 21
-285.4669534774426
 31
0.0
  0
LINE
  5
1E6F8
330
1F
100
AcDbEntity
  8
0
  6
Continuous
 62
     7
100
AcDbLine
 10
13835.88566566117
 20
-299.4669534774426
 30
0.0
 11
13848.88566566117
 21
-299.4669534774426
 31
0.0
  0
LINE
  5
1E6F9
330
1F
100
AcDbEntity
  8
0
  6
Continuous
 62
     7
100
AcDbLine
 10
13835.38566566117
 20
-285.9669534774426
 30
0.0
 11
13835.38566566117
 21
-298.9669534774426
 31
0.0
  0
LINE
  5
1E6FA
330
1F
100
AcDbEntity
  8
0
  6
Continuous
 62
     7
100
AcDbLine
 10
13849.38566566117
 20
-285.9669534774426
 30
0.0
 11
13849.38566566117
 21
-298.9669534774426
 31
0.0
  0
ARC
  5
1E6FB
330
1F
100
AcDbEntity
  8
0
  6
Continuous
 62
     7
100
AcDbCircle
 10
13835.88566566117
 20
-285.9669534774426
 30
0.0
 40
0.5
100
AcDbArc
 50
90.0
 51
180.0
  0
ARC
  5
1E6FC
330
1F
100
AcDbEntity
  8
0
  6
Continuous
 62
     7
100
AcDbCircle
 10
13848.88566566117
 20
-285.9669534774426
 30
0.0
 40
0.5
100
AcDbArc
 50
0.0
 51
90.0
  0
ARC
  5
1E6FD
330
1F
100
AcDbEntity
  8
0
  6
Continuous
 62
     7
100
AcDbCircle
 10
13835.88566566117
 20
-298.9669534774426
 30
0.0
 40
0.5
100
AcDbArc
 50
180.0
 51
270.0
  0
ARC
  5
1E6FE
330
1F
100
AcDbEntity
  8
0
  6
Continuous
 62
     7
100
AcDbCircle
 10
13848.88566566117
 20
-298.9669534774426
 30
0.0
 40
0.5
100
AcDbArc
 50
270.0
 51
0.0
  0
LINE
  5
1E6FF
330
1F
100
AcDbEntity
  8
0
  6
Continuous
 62
     7
100
AcDbLine
 10
13854.93566566118
 20
-285.4669534774426
 30
0.0
 11
13867.93566566118
 21
-285.4669534774426
 31
0.0
  0
LINE
  5
1E700
330
1F
100
AcDbEntity
  8
0
  6
Continuous
 62
     7
100
AcDbLine
 10
13854.93566566118
 20
-299.4669534774426
 30
0.0
 11
13867.93566566118
 21
-299.4669534774426
 31
0.0
  0
LINE
  5
1E701
330
1F
100
AcDbEntity
  8
0
  6
Continuous
 62
     7
100
AcDbLine
 10
13854.43566566118
 20
-285.9669534774426
 30
0.0
 11
13854.43566566118
 21
-298.9669534774426
 31
0.0
  0
LINE
  5
1E702
330
1F
100
AcDbEntity
  8
0
  6
Continuous
 62
     7
100
AcDbLine
 10
13868.43566566118
 20
-285.9669534774426
 30
0.0
 11
13868.43566566118
 21
-298.9669534774426
 31
0.0
  0
ARC
  5
1E703
330
1F
100
AcDbEntity
  8
0
  6
Continuous
 62
     7
100
AcDbCircle
 10
13854.93566566118
 20
-285.9669534774426
 30
0.0
 40
0.5
100
AcDbArc
 50
90.0
 51
180.0
  0
ARC
  5
1E704
330
1F
100
AcDbEntity
  8
0
  6
Continuous
 62
     7
100
AcDbCircle
 10
13867.93566566118
 20
-285.9669534774426
 30
0.0
 40
0.5
100
AcDbArc
 50
0.0
 51
90.0
  0
ARC
  5
1E705
330
1F
100
AcDbEntity
  8
0
  6
Continuous
 62
     7
100
AcDbCircle
 10
13854.93566566118
 20
-298.9669534774426
 30
0.0
 40
0.5
100
AcDbArc
 50
180.0
 51
270.0
  0
ARC
  5
1E706
330
1F
100
AcDbEntity
  8
0
  6
Continuous
 62
     7
100
AcDbCircle
 10
13867.93566566118
 20
-298.9669534774426
 30
0.0
 40
0.5
100
AcDbArc
 50
270.0
 51
0.0
  0
LINE
  5
1E707
330
1F
100
AcDbEntity
  8
0
  6
Continuous
 62
     7
100
AcDbLine
 10
13873.98566566117
 20
-285.4669534774426
 30
0.0
 11
13886.98566566117
 21
-285.4669534774426
 31
0.0
  0
LINE
  5
1E708
330
1F
100
AcDbEntity
  8
0
  6
Continuous
 62
     7
100
AcDbLine
 10
13873.98566566117
 20
-299.4669534774426
 30
0.0
 11
13886.98566566117
 21
-299.4669534774426
 31
0.0
  0
LINE
  5
1E709
330
1F
100
AcDbEntity
  8
0
  6
Continuous
 62
     7
100
AcDbLine
 10
13873.48566566117
 20
-285.9669534774426
 30
0.0
 11
13873.48566566117
 21
-298.9669534774426
 31
0.0
  0
LINE
  5
1E70A
330
1F
100
AcDbEntity
  8
0
  6
Continuous
 62
     7
100
AcDbLine
 10
13887.48566566117
 20
-285.9669534774426
 30
0.0
 11
13887.48566566117
 21
-298.9669534774426
 31
0.0
  0
ARC
  5
1E70B
330
1F
100
AcDbEntity
  8
0
  6
Continuous
 62
     7
100
AcDbCircle
 10
13873.98566566117
 20
-285.9669534774426
 30
0.0
 40
0.5
100
AcDbArc
 50
90.0
 51
180.0
  0
ARC
  5
1E70C
330
1F
100
AcDbEntity
  8
0
  6
Continuous
 62
     7
100
AcDbCircle
 10
13886.98566566117
 20
-285.9669534774426
 30
0.0
 40
0.5
100
AcDbArc
 50
0.0
 51
90.0
  0
ARC
  5
1E70D
330
1F
100
AcDbEntity
  8
0
  6
Continuous
 62
     7
100
AcDbCircle
 10
13873.98566566117
 20
-298.9669534774426
 30
0.0
 40
0.5
100
AcDbArc
 50
180.0
 51
270.0
  0
ARC
  5
1E70E
330
1F
100
AcDbEntity
  8
0
  6
Continuous
 62
     7
100
AcDbCircle
 10
13886.98566566117
 20
-298.9669534774426
 30
0.0
 40
0.5
100
AcDbArc
 50
270.0
 51
0.0
  0
LINE
  5
1E70F
330
1F
100
AcDbEntity
  8
0
  6
Continuous
 62
     7
100
AcDbLine
 10
13893.03566566117
 20
-285.4669534774426
 30
0.0
 11
13906.03566566118
 21
-285.4669534774426
 31
0.0
  0
LINE
  5
1E710
330
1F
100
AcDbEntity
  8
0
  6
Continuous
 62
     7
100
AcDbLine
 10
13893.03566566117
 20
-299.4669534774426
 30
0.0
 11
13906.03566566118
 21
-299.4669534774426
 31
0.0
  0
LINE
  5
1E711
330
1F
100
AcDbEntity
  8
0
  6
Continuous
 62
     7
100
AcDbLine
 10
13892.53566566117
 20
-285.9669534774426
 30
0.0
 11
13892.53566566117
 21
-298.9669534774426
 31
0.0
  0
LINE
  5
1E712
330
1F
100
AcDbEntity
  8
0
  6
Continuous
 62
     7
100
AcDbLine
 10
13906.53566566117
 20
-285.9669534774426
 30
0.0
 11
13906.53566566117
 21
-298.9669534774426
 31
0.0
  0
ARC
  5
1E713
330
1F
100
AcDbEntity
  8
0
  6
Continuous
 62
     7
100
AcDbCircle
 10
13893.03566566117
 20
-285.9669534774426
 30
0.0
 40
0.5
100
AcDbArc
 50
90.0
 51
180.0
  0
ARC
  5
1E714
330
1F
100
AcDbEntity
  8
0
  6
Continuous
 62
     7
100
AcDbCircle
 10
13906.03566566118
 20
-285.9669534774426
 30
0.0
 40
0.5
100
AcDbArc
 50
0.0
 51
90.0
  0
ARC
  5
1E715
330
1F
100
AcDbEntity
  8
0
  6
Continuous
 62
     7
100
AcDbCircle
 10
13893.03566566117
 20
-298.9669534774426
 30
0.0
 40
0.5
100
AcDbArc
 50
180.0
 51
270.0
  0
ARC
  5
1E716
330
1F
100
AcDbEntity
  8
0
  6
Continuous
 62
     7
100
AcDbCircle
 10
13906.03566566118
 20
-298.9669534774426
 30
0.0
 40
0.5
100
AcDbArc
 50
270.0
 51
0.0
  0
LINE
  5
1E717
330
1F
100
AcDbEntity
  8
0
  6
Continuous
 62
     7
100
AcDbLine
 10
13912.08566566117
 20
-285.4669534774426
 30
0.0
 11
13925.08566566117
 21
-285.4669534774426
 31
0.0
  0
LINE
  5
1E718
330
1F
100
AcDbEntity
  8
0
  6
Continuous
 62
     7
100
AcDbLine
 10
13912.08566566117
 20
-299.4669534774426
 30
0.0
 11
13925.08566566117
 21
-299.4669534774426
 31
0.0
  0
LINE
  5
1E719
330
1F
100
AcDbEntity
  8
0
  6
Continuous
 62
     7
100
AcDbLine
 10
13911.58566566117
 20
-285.9669534774426
 30
0.0
 11
13911.58566566117
 21
-298.9669534774426
 31
0.0
  0
LINE
  5
1E71A
330
1F
100
AcDbEntity
  8
0
  6
Continuous
 62
     7
100
AcDbLine
 10
13925.58566566117
 20
-285.9669534774426
 30
0.0
 11
13925.58566566117
 21
-298.9669534774426
 31
0.0
  0
ARC
  5
1E71B
330
1F
100
AcDbEntity
  8
0
  6
Continuous
 62
     7
100
AcDbCircle
 10
13912.08566566117
 20
-285.9669534774426
 30
0.0
 40
0.5
100
AcDbArc
 50
90.0
 51
180.0
  0
ARC
  5
1E71C
330
1F
100
AcDbEntity
  8
0
  6
Continuous
 62
     7
100
AcDbCircle
 10
13925.08566566117
 20
-285.9669534774426
 30
0.0
 40
0.5
100
AcDbArc
 50
0.0
 51
90.0
  0
ARC
  5
1E71D
330
1F
100
AcDbEntity
  8
0
  6
Continuous
 62
     7
100
AcDbCircle
 10
13912.08566566117
 20
-298.9669534774426
 30
0.0
 40
0.5
100
AcDbArc
 50
180.0
 51
270.0
  0
ARC
  5
1E71E
330
1F
100
AcDbEntity
  8
0
  6
Continuous
 62
     7
100
AcDbCircle
 10
13925.08566566117
 20
-298.9669534774426
 30
0.0
 40
0.5
100
AcDbArc
 50
270.0
 51
0.0
  0
LINE
  5
1E71F
330
1F
100
AcDbEntity
  8
0
  6
Continuous
 62
     7
100
AcDbLine
 10
13931.13566566117
 20
-285.4669534774426
 30
0.0
 11
13944.13566566117
 21
-285.4669534774426
 31
0.0
  0
LINE
  5
1E720
330
1F
100
AcDbEntity
  8
0
  6
Continuous
 62
     7
100
AcDbLine
 10
13931.13566566117
 20
-299.4669534774426
 30
0.0
 11
13944.13566566117
 21
-299.4669534774426
 31
0.0
  0
LINE
  5
1E721
330
1F
100
AcDbEntity
  8
0
  6
Continuous
 62
     7
100
AcDbLine
 10
13930.63566566117
 20
-285.9669534774426
 30
0.0
 11
13930.63566566117
 21
-298.9669534774426
 31
0.0
  0
LINE
  5
1E722
330
1F
100
AcDbEntity
  8
0
  6
Continuous
 62
     7
100
AcDbLine
 10
13944.63566566117
 20
-285.9669534774426
 30
0.0
 11
13944.63566566117
 21
-298.9669534774426
 31
0.0
  0
ARC
  5
1E723
330
1F
100
AcDbEntity
  8
0
  6
Continuous
 62
     7
100
AcDbCircle
 10
13931.13566566117
 20
-285.9669534774426
 30
0.0
 40
0.5
100
AcDbArc
 50
90.0
 51
180.0
  0
ARC
  5
1E724
330
1F
100
AcDbEntity
  8
0
  6
Continuous
 62
     7
100
AcDbCircle
 10
13944.13566566117
 20
-285.9669534774426
 30
0.0
 40
0.5
100
AcDbArc
 50
0.0
 51
90.0
  0
ARC
  5
1E725
330
1F
100
AcDbEntity
  8
0
  6
Continuous
 62
     7
100
AcDbCircle
 10
13931.13566566117
 20
-298.9669534774426
 30
0.0
 40
0.5
100
AcDbArc
 50
180.0
 51
270.0
  0
ARC
  5
1E726
330
1F
100
AcDbEntity
  8
0
  6
Continuous
 62
     7
100
AcDbCircle
 10
13944.13566566117
 20
-298.9669534774426
 30
0.0
 40
0.5
100
AcDbArc
 50
270.0
 51
0.0
  0
LINE
  5
1E727
330
1F
100
AcDbEntity
  8
0
  6
Continuous
 62
     7
100
AcDbLine
 10
13950.18566566118
 20
-285.4669534774426
 30
0.0
 11
13963.18566566118
 21
-285.4669534774426
 31
0.0
  0
LINE
  5
1E728
330
1F
100
AcDbEntity
  8
0
  6
Continuous
 62
     7
100
AcDbLine
 10
13950.18566566118
 20
-299.4669534774426
 30
0.0
 11
13963.18566566118
 21
-299.4669534774426
 31
0.0
  0
LINE
  5
1E729
330
1F
100
AcDbEntity
  8
0
  6
Continuous
 62
     7
100
AcDbLine
 10
13949.68566566118
 20
-285.9669534774426
 30
0.0
 11
13949.68566566118
 21
-298.9669534774426
 31
0.0
  0
LINE
  5
1E72A
330
1F
100
AcDbEntity
  8
0
  6
Continuous
 62
     7
100
AcDbLine
 10
13963.68566566118
 20
-285.9669534774426
 30
0.0
 11
13963.68566566118
 21
-298.9669534774426
 31
0.0
  0
ARC
  5
1E72B
330
1F
100
AcDbEntity
  8
0
  6
Continuous
 62
     7
100
AcDbCircle
 10
13950.18566566118
 20
-285.9669534774426
 30
0.0
 40
0.5
100
AcDbArc
 50
90.0
 51
180.0
  0
ARC
  5
1E72C
330
1F
100
AcDbEntity
  8
0
  6
Continuous
 62
     7
100
AcDbCircle
 10
13963.18566566118
 20
-285.9669534774426
 30
0.0
 40
0.5
100
AcDbArc
 50
0.0
 51
90.0
  0
ARC
  5
1E72D
330
1F
100
AcDbEntity
  8
0
  6
Continuous
 62
     7
100
AcDbCircle
 10
13950.18566566118
 20
-298.9669534774426
 30
0.0
 40
0.5
100
AcDbArc
 50
180.0
 51
270.0
  0
ARC
  5
1E72E
330
1F
100
AcDbEntity
  8
0
  6
Continuous
 62
     7
100
AcDbCircle
 10
13963.18566566118
 20
-298.9669534774426
 30
0.0
 40
0.5
100
AcDbArc
 50
270.0
 51
0.0
  0
LINE
  5
1E72F
330
1F
100
AcDbEntity
  8
0
  6
Continuous
 62
     7
100
AcDbLine
 10
13969.23566566117
 20
-285.4669534774426
 30
0.0
 11
13982.23566566117
 21
-285.4669534774426
 31
0.0
  0
LINE
  5
1E730
330
1F
100
AcDbEntity
  8
0
  6
Continuous
 62
     7
100
AcDbLine
 10
13969.23566566117
 20
-299.4669534774426
 30
0.0
 11
13982.23566566117
 21
-299.4669534774426
 31
0.0
  0
LINE
  5
1E731
330
1F
100
AcDbEntity
  8
0
  6
Continuous
 62
     7
100
AcDbLine
 10
13968.73566566117
 20
-285.9669534774426
 30
0.0
 11
13968.73566566117
 21
-298.9669534774426
 31
0.0
  0
LINE
  5
1E732
330
1F
100
AcDbEntity
  8
0
  6
Continuous
 62
     7
100
AcDbLine
 10
13982.73566566117
 20
-285.9669534774426
 30
0.0
 11
13982.73566566117
 21
-298.9669534774426
 31
0.0
  0
ARC
  5
1E733
330
1F
100
AcDbEntity
  8
0
  6
Continuous
 62
     7
100
AcDbCircle
 10
13969.23566566117
 20
-285.9669534774426
 30
0.0
 40
0.5
100
AcDbArc
 50
90.0
 51
180.0
  0
ARC
  5
1E734
330
1F
100
AcDbEntity
  8
0
  6
Continuous
 62
     7
100
AcDbCircle
 10
13982.23566566117
 20
-285.9669534774426
 30
0.0
 40
0.5
100
AcDbArc
 50
0.0
 51
90.0
  0
ARC
  5
1E735
330
1F
100
AcDbEntity
  8
0
  6
Continuous
 62
     7
100
AcDbCircle
 10
13969.23566566117
 20
-298.9669534774426
 30
0.0
 40
0.5
100
AcDbArc
 50
180.0
 51
270.0
  0
ARC
  5
1E736
330
1F
100
AcDbEntity
  8
0
  6
Continuous
 62
     7
100
AcDbCircle
 10
13982.23566566117
 20
-298.9669534774426
 30
0.0
 40
0.5
100
AcDbArc
 50
270.0
 51
0.0
  0
LINE
  5
1E737
330
1F
100
AcDbEntity
  8
0
  6
Continuous
 62
     7
100
AcDbLine
 10
13988.28566566117
 20
-285.4669534774426
 30
0.0
 11
14001.28566566118
 21
-285.4669534774426
 31
0.0
  0
LINE
  5
1E738
330
1F
100
AcDbEntity
  8
0
  6
Continuous
 62
     7
100
AcDbLine
 10
13988.28566566117
 20
-299.4669534774426
 30
0.0
 11
14001.28566566118
 21
-299.4669534774426
 31
0.0
  0
LINE
  5
1E739
330
1F
100
AcDbEntity
  8
0
  6
Continuous
 62
     7
100
AcDbLine
 10
13987.78566566117
 20
-285.9669534774426
 30
0.0
 11
13987.78566566117
 21
-298.9669534774426
 31
0.0
  0
LINE
  5
1E73A
330
1F
100
AcDbEntity
  8
0
  6
Continuous
 62
     7
100
AcDbLine
 10
14001.78566566117
 20
-285.9669534774426
 30
0.0
 11
14001.78566566117
 21
-298.9669534774426
 31
0.0
  0
ARC
  5
1E73B
330
1F
100
AcDbEntity
  8
0
  6
Continuous
 62
     7
100
AcDbCircle
 10
13988.28566566117
 20
-285.9669534774426
 30
0.0
 40
0.5
100
AcDbArc
 50
90.0
 51
180.0
  0
ARC
  5
1E73C
330
1F
100
AcDbEntity
  8
0
  6
Continuous
 62
     7
100
AcDbCircle
 10
14001.28566566118
 20
-285.9669534774426
 30
0.0
 40
0.5
100
AcDbArc
 50
0.0
 51
90.0
  0
ARC
  5
1E73D
330
1F
100
AcDbEntity
  8
0
  6
Continuous
 62
     7
100
AcDbCircle
 10
13988.28566566117
 20
-298.9669534774426
 30
0.0
 40
0.5
100
AcDbArc
 50
180.0
 51
270.0
  0
ARC
  5
1E73E
330
1F
100
AcDbEntity
  8
0
  6
Continuous
 62
     7
100
AcDbCircle
 10
14001.28566566118
 20
-298.9669534774426
 30
0.0
 40
0.5
100
AcDbArc
 50
270.0
 51
0.0
  0
LINE
  5
1E73F
330
1F
100
AcDbEntity
  8
0
  6
Continuous
 62
     7
100
AcDbLine
 10
14007.33566566117
 20
-285.4669534774426
 30
0.0
 11
14020.33566566117
 21
-285.4669534774426
 31
0.0
  0
LINE
  5
1E740
330
1F
100
AcDbEntity
  8
0
  6
Continuous
 62
     7
100
AcDbLine
 10
14007.33566566117
 20
-299.4669534774426
 30
0.0
 11
14020.33566566117
 21
-299.4669534774426
 31
0.0
  0
LINE
  5
1E741
330
1F
100
AcDbEntity
  8
0
  6
Continuous
 62
     7
100
AcDbLine
 10
14006.83566566117
 20
-285.9669534774426
 30
0.0
 11
14006.83566566117
 21
-298.9669534774426
 31
0.0
  0
LINE
  5
1E742
330
1F
100
AcDbEntity
  8
0
  6
Continuous
 62
     7
100
AcDbLine
 10
14020.83566566117
 20
-285.9669534774426
 30
0.0
 11
14020.83566566117
 21
-298.9669534774426
 31
0.0
  0
ARC
  5
1E743
330
1F
100
AcDbEntity
  8
0
  6
Continuous
 62
     7
100
AcDbCircle
 10
14007.33566566117
 20
-285.9669534774426
 30
0.0
 40
0.5
100
AcDbArc
 50
90.0
 51
180.0
  0
ARC
  5
1E744
330
1F
100
AcDbEntity
  8
0
  6
Continuous
 62
     7
100
AcDbCircle
 10
14020.33566566117
 20
-285.9669534774426
 30
0.0
 40
0.5
100
AcDbArc
 50
0.0
 51
90.0
  0
ARC
  5
1E745
330
1F
100
AcDbEntity
  8
0
  6
Continuous
 62
     7
100
AcDbCircle
 10
14007.33566566117
 20
-298.9669534774426
 30
0.0
 40
0.5
100
AcDbArc
 50
180.0
 51
270.0
  0
ARC
  5
1E746
330
1F
100
AcDbEntity
  8
0
  6
Continuous
 62
     7
100
AcDbCircle
 10
14020.33566566117
 20
-298.9669534774426
 30
0.0
 40
0.5
100
AcDbArc
 50
270.0
 51
0.0
  0
LINE
  5
1E747
330
1F
100
AcDbEntity
  8
0
  6
Continuous
 62
     7
100
AcDbLine
 10
14102.58566566117
 20
-285.4669534774426
 30
0.0
 11
14115.58566566117
 21
-285.4669534774426
 31
0.0
  0
LINE
  5
1E749
330
1F
100
AcDbEntity
  8
0
  6
Continuous
 62
     7
100
AcDbLine
 10
14102.08566566117
 20
-285.9669534774426
 30
0.0
 11
14102.08566566117
 21
-298.9669534774426
 31
0.0
  0
LINE
  5
1E74A
330
1F
100
AcDbEntity
  8
0
  6
Continuous
 62
     7
100
AcDbLine
 10
14116.08566566117
 20
-285.9669534774426
 30
0.0
 11
14116.08566566117
 21
-298.9669534774426
 31
0.0
  0
ARC
  5
1E74B
330
1F
100
AcDbEntity
  8
0
  6
Continuous
 62
     7
100
AcDbCircle
 10
14102.58566566117
 20
-285.9669534774426
 30
0.0
 40
0.5
100
AcDbArc
 50
90.0
 51
180.0
  0
ARC
  5
1E74C
330
1F
100
AcDbEntity
  8
0
  6
Continuous
 62
     7
100
AcDbCircle
 10
14115.58566566117
 20
-285.9669534774426
 30
0.0
 40
0.5
100
AcDbArc
 50
0.0
 51
90.0
  0
LINE
  5
1E74F
330
1F
100
AcDbEntity
  8
0
  6
Continuous
 62
     7
100
AcDbLine
 10
14083.53566566117
 20
-304.5169534774418
 30
0.0
 11
14096.53566566117
 21
-304.5169534774418
 31
0.0
  0
LINE
  5
1E750
330
1F
100
AcDbEntity
  8
0
  6
Continuous
 62
     7
100
AcDbLine
 10
14083.53566566117
 20
-318.5169534774419
 30
0.0
 11
14096.53566566117
 21
-318.5169534774419
 31
0.0
  0
LINE
  5
1E751
330
1F
100
AcDbEntity
  8
0
  6
Continuous
 62
     7
100
AcDbLine
 10
14083.03566566117
 20
-305.0169534774419
 30
0.0
 11
14083.03566566117
 21
-318.0169534774419
 31
0.0
  0
LINE
  5
1E752
330
1F
100
AcDbEntity
  8
0
  6
Continuous
 62
     7
100
AcDbLine
 10
14097.03566566117
 20
-305.0169534774419
 30
0.0
 11
14097.03566566117
 21
-318.0169534774419
 31
0.0
  0
ARC
  5
1E753
330
1F
100
AcDbEntity
  8
0
  6
Continuous
 62
     7
100
AcDbCircle
 10
14083.53566566117
 20
-305.0169534774419
 30
0.0
 40
0.5
100
AcDbArc
 50
90.0
 51
180.0
  0
ARC
  5
1E754
330
1F
100
AcDbEntity
  8
0
  6
Continuous
 62
     7
100
AcDbCircle
 10
14096.53566566117
 20
-305.0169534774419
 30
0.0
 40
0.5
100
AcDbArc
 50
0.0
 51
90.0
  0
ARC
  5
1E755
330
1F
100
AcDbEntity
  8
0
  6
Continuous
 62
     7
100
AcDbCircle
 10
14083.53566566117
 20
-318.0169534774419
 30
0.0
 40
0.5
100
AcDbArc
 50
180.0
 51
270.0
  0
ARC
  5
1E756
330
1F
100
AcDbEntity
  8
0
  6
Continuous
 62
     7
100
AcDbCircle
 10
14096.53566566117
 20
-318.0169534774419
 30
0.0
 40
0.5
100
AcDbArc
 50
270.0
 51
0.0
  0
LINE
  5
1E757
330
1F
100
AcDbEntity
  8
0
  6
Continuous
 62
     7
100
AcDbLine
 10
14102.58566566117
 20
-304.5169534774418
 30
0.0
 11
14115.58566566117
 21
-304.5169534774418
 31
0.0
  0
LINE
  5
1E758
330
1F
100
AcDbEntity
  8
0
  6
Continuous
 62
     7
100
AcDbLine
 10
14102.58566566117
 20
-318.5169534774419
 30
0.0
 11
14115.58566566117
 21
-318.5169534774419
 31
0.0
  0
LINE
  5
1E759
330
1F
100
AcDbEntity
  8
0
  6
Continuous
 62
     7
100
AcDbLine
 10
14102.08566566117
 20
-305.0169534774419
 30
0.0
 11
14102.08566566117
 21
-318.0169534774419
 31
0.0
  0
LINE
  5
1E75A
330
1F
100
AcDbEntity
  8
0
  6
Continuous
 62
     7
100
AcDbLine
 10
14116.08566566117
 20
-305.0169534774419
 30
0.0
 11
14116.08566566117
 21
-318.0169534774419
 31
0.0
  0
ARC
  5
1E75B
330
1F
100
AcDbEntity
  8
0
  6
Continuous
 62
     7
100
AcDbCircle
 10
14102.58566566117
 20
-305.0169534774419
 30
0.0
 40
0.5
100
AcDbArc
 50
90.0
 51
180.0
  0
ARC
  5
1E75C
330
1F
100
AcDbEntity
  8
0
  6
Continuous
 62
     7
100
AcDbCircle
 10
14115.58566566117
 20
-305.0169534774419
 30
0.0
 40
0.5
100
AcDbArc
 50
0.0
 51
90.0
  0
ARC
  5
1E75D
330
1F
100
AcDbEntity
  8
0
  6
Continuous
 62
     7
100
AcDbCircle
 10
14102.58566566117
 20
-318.0169534774419
 30
0.0
 40
0.5
100
AcDbArc
 50
180.0
 51
270.0
  0
ARC
  5
1E75E
330
1F
100
AcDbEntity
  8
0
  6
Continuous
 62
     7
100
AcDbCircle
 10
14115.58566566117
 20
-318.0169534774419
 30
0.0
 40
0.5
100
AcDbArc
 50
270.0
 51
0.0
  0
LINE
  5
1E75F
330
1F
100
AcDbEntity
  8
0
  6
Continuous
 62
     7
100
AcDbLine
 10
14121.63566566117
 20
-304.5169534774418
 30
0.0
 11
14134.63566566117
 21
-304.5169534774418
 31
0.0
  0
LINE
  5
1E760
330
1F
100
AcDbEntity
  8
0
  6
Continuous
 62
     7
100
AcDbLine
 10
14121.63566566117
 20
-318.5169534774419
 30
0.0
 11
14134.63566566117
 21
-318.5169534774419
 31
0.0
  0
LINE
  5
1E761
330
1F
100
AcDbEntity
  8
0
  6
Continuous
 62
     7
100
AcDbLine
 10
14121.13566566117
 20
-305.0169534774419
 30
0.0
 11
14121.13566566117
 21
-318.0169534774419
 31
0.0
  0
LINE
  5
1E762
330
1F
100
AcDbEntity
  8
0
  6
Continuous
 62
     7
100
AcDbLine
 10
14135.13566566117
 20
-305.0169534774419
 30
0.0
 11
14135.13566566117
 21
-318.0169534774419
 31
0.0
  0
ARC
  5
1E763
330
1F
100
AcDbEntity
  8
0
  6
Continuous
 62
     7
100
AcDbCircle
 10
14121.63566566117
 20
-305.0169534774419
 30
0.0
 40
0.5
100
AcDbArc
 50
90.0
 51
180.0
  0
ARC
  5
1E764
330
1F
100
AcDbEntity
  8
0
  6
Continuous
 62
     7
100
AcDbCircle
 10
14134.63566566117
 20
-305.0169534774419
 30
0.0
 40
0.5
100
AcDbArc
 50
0.0
 51
90.0
  0
ARC
  5
1E765
330
1F
100
AcDbEntity
  8
0
  6
Continuous
 62
     7
100
AcDbCircle
 10
14121.63566566117
 20
-318.0169534774419
 30
0.0
 40
0.5
100
AcDbArc
 50
180.0
 51
270.0
  0
ARC
  5
1E766
330
1F
100
AcDbEntity
  8
0
  6
Continuous
 62
     7
100
AcDbCircle
 10
14134.63566566117
 20
-318.0169534774419
 30
0.0
 40
0.5
100
AcDbArc
 50
270.0
 51
0.0
  0
LINE
  5
1E767
330
1F
100
AcDbEntity
  8
0
  6
Continuous
 62
     7
100
AcDbLine
 10
13897.79816566116
 20
-204.5044534774421
 30
0.0
 11
13910.79816566116
 21
-204.5044534774421
 31
0.0
  0
LINE
  5
1E768
330
1F
100
AcDbEntity
  8
0
  6
Continuous
 62
     7
100
AcDbLine
 10
13897.79816566116
 20
-218.504453477442
 30
0.0
 11
13910.79816566116
 21
-218.504453477442
 31
0.0
  0
LINE
  5
1E769
330
1F
100
AcDbEntity
  8
0
  6
Continuous
 62
     7
100
AcDbLine
 10
13897.29816566116
 20
-205.004453477442
 30
0.0
 11
13897.29816566116
 21
-218.004453477442
 31
0.0
  0
LINE
  5
1E76A
330
1F
100
AcDbEntity
  8
0
  6
Continuous
 62
     7
100
AcDbLine
 10
13911.29816566117
 20
-205.004453477442
 30
0.0
 11
13911.29816566117
 21
-218.004453477442
 31
0.0
  0
ARC
  5
1E76B
330
1F
100
AcDbEntity
  8
0
  6
Continuous
 62
     7
100
AcDbCircle
 10
13897.79816566116
 20
-205.004453477442
 30
0.0
 40
0.5
100
AcDbArc
 50
90.0
 51
180.0
  0
ARC
  5
1E76C
330
1F
100
AcDbEntity
  8
0
  6
Continuous
 62
     7
100
AcDbCircle
 10
13910.79816566116
 20
-205.004453477442
 30
0.0
 40
0.5
100
AcDbArc
 50
0.0
 51
90.0
  0
ARC
  5
1E76D
330
1F
100
AcDbEntity
  8
0
  6
Continuous
 62
     7
100
AcDbCircle
 10
13897.79816566116
 20
-218.004453477442
 30
0.0
 40
0.5
100
AcDbArc
 50
180.0
 51
270.0
  0
ARC
  5
1E76E
330
1F
100
AcDbEntity
  8
0
  6
Continuous
 62
     7
100
AcDbCircle
 10
13910.79816566116
 20
-218.004453477442
 30
0.0
 40
0.5
100
AcDbArc
 50
270.0
 51
0.0
  0
LINE
  5
1E76F
330
1F
100
AcDbEntity
  8
0
  6
Continuous
 62
     7
100
AcDbLine
 10
13916.84816566116
 20
-204.5044534774421
 30
0.0
 11
13929.84816566116
 21
-204.5044534774421
 31
0.0
  0
LINE
  5
1E770
330
1F
100
AcDbEntity
  8
0
  6
Continuous
 62
     7
100
AcDbLine
 10
13916.84816566116
 20
-218.504453477442
 30
0.0
 11
13929.84816566116
 21
-218.504453477442
 31
0.0
  0
LINE
  5
1E771
330
1F
100
AcDbEntity
  8
0
  6
Continuous
 62
     7
100
AcDbLine
 10
13916.34816566116
 20
-205.004453477442
 30
0.0
 11
13916.34816566116
 21
-218.004453477442
 31
0.0
  0
LINE
  5
1E772
330
1F
100
AcDbEntity
  8
0
  6
Continuous
 62
     7
100
AcDbLine
 10
13930.34816566116
 20
-205.004453477442
 30
0.0
 11
13930.34816566116
 21
-218.004453477442
 31
0.0
  0
ARC
  5
1E773
330
1F
100
AcDbEntity
  8
0
  6
Continuous
 62
     7
100
AcDbCircle
 10
13916.84816566116
 20
-205.004453477442
 30
0.0
 40
0.5
100
AcDbArc
 50
90.0
 51
180.0
  0
ARC
  5
1E774
330
1F
100
AcDbEntity
  8
0
  6
Continuous
 62
     7
100
AcDbCircle
 10
13929.84816566116
 20
-205.004453477442
 30
0.0
 40
0.5
100
AcDbArc
 50
0.0
 51
90.0
  0
ARC
  5
1E775
330
1F
100
AcDbEntity
  8
0
  6
Continuous
 62
     7
100
AcDbCircle
 10
13916.84816566116
 20
-218.004453477442
 30
0.0
 40
0.5
100
AcDbArc
 50
180.0
 51
270.0
  0
ARC
  5
1E776
330
1F
100
AcDbEntity
  8
0
  6
Continuous
 62
     7
100
AcDbCircle
 10
13929.84816566116
 20
-218.004453477442
 30
0.0
 40
0.5
100
AcDbArc
 50
270.0
 51
0.0
  0
LINE
  5
1E777
330
1F
100
AcDbEntity
  8
0
  6
Continuous
 62
     7
100
AcDbLine
 10
13935.89816566116
 20
-204.5044534774421
 30
0.0
 11
13948.89816566116
 21
-204.5044534774421
 31
0.0
  0
LINE
  5
1E778
330
1F
100
AcDbEntity
  8
0
  6
Continuous
 62
     7
100
AcDbLine
 10
13935.89816566116
 20
-218.504453477442
 30
0.0
 11
13948.89816566116
 21
-218.504453477442
 31
0.0
  0
LINE
  5
1E779
330
1F
100
AcDbEntity
  8
0
  6
Continuous
 62
     7
100
AcDbLine
 10
13935.39816566116
 20
-205.004453477442
 30
0.0
 11
13935.39816566116
 21
-218.004453477442
 31
0.0
  0
LINE
  5
1E77A
330
1F
100
AcDbEntity
  8
0
  6
Continuous
 62
     7
100
AcDbLine
 10
13949.39816566116
 20
-205.004453477442
 30
0.0
 11
13949.39816566116
 21
-218.004453477442
 31
0.0
  0
ARC
  5
1E77B
330
1F
100
AcDbEntity
  8
0
  6
Continuous
 62
     7
100
AcDbCircle
 10
13935.89816566116
 20
-205.004453477442
 30
0.0
 40
0.5
100
AcDbArc
 50
90.0
 51
180.0
  0
ARC
  5
1E77C
330
1F
100
AcDbEntity
  8
0
  6
Continuous
 62
     7
100
AcDbCircle
 10
13948.89816566116
 20
-205.004453477442
 30
0.0
 40
0.5
100
AcDbArc
 50
0.0
 51
90.0
  0
ARC
  5
1E77D
330
1F
100
AcDbEntity
  8
0
  6
Continuous
 62
     7
100
AcDbCircle
 10
13935.89816566116
 20
-218.004453477442
 30
0.0
 40
0.5
100
AcDbArc
 50
180.0
 51
270.0
  0
ARC
  5
1E77E
330
1F
100
AcDbEntity
  8
0
  6
Continuous
 62
     7
100
AcDbCircle
 10
13948.89816566116
 20
-218.004453477442
 30
0.0
 40
0.5
100
AcDbArc
 50
270.0
 51
0.0
  0
LINE
  5
1E77F
330
1F
100
AcDbEntity
  8
0
  6
Continuous
 62
     7
100
AcDbLine
 10
13954.94816566116
 20
-204.5044534774421
 30
0.0
 11
13967.94816566116
 21
-204.5044534774421
 31
0.0
  0
LINE
  5
1E780
330
1F
100
AcDbEntity
  8
0
  6
Continuous
 62
     7
100
AcDbLine
 10
13954.94816566116
 20
-218.504453477442
 30
0.0
 11
13967.94816566116
 21
-218.504453477442
 31
0.0
  0
LINE
  5
1E781
330
1F
100
AcDbEntity
  8
0
  6
Continuous
 62
     7
100
AcDbLine
 10
13954.44816566116
 20
-205.004453477442
 30
0.0
 11
13954.44816566116
 21
-218.004453477442
 31
0.0
  0
LINE
  5
1E782
330
1F
100
AcDbEntity
  8
0
  6
Continuous
 62
     7
100
AcDbLine
 10
13968.44816566116
 20
-205.004453477442
 30
0.0
 11
13968.44816566116
 21
-218.004453477442
 31
0.0
  0
ARC
  5
1E783
330
1F
100
AcDbEntity
  8
0
  6
Continuous
 62
     7
100
AcDbCircle
 10
13954.94816566116
 20
-205.004453477442
 30
0.0
 40
0.5
100
AcDbArc
 50
90.0
 51
180.0
  0
ARC
  5
1E784
330
1F
100
AcDbEntity
  8
0
  6
Continuous
 62
     7
100
AcDbCircle
 10
13967.94816566116
 20
-205.004453477442
 30
0.0
 40
0.5
100
AcDbArc
 50
0.0
 51
90.0
  0
ARC
  5
1E785
330
1F
100
AcDbEntity
  8
0
  6
Continuous
 62
     7
100
AcDbCircle
 10
13954.94816566116
 20
-218.004453477442
 30
0.0
 40
0.5
100
AcDbArc
 50
180.0
 51
270.0
  0
ARC
  5
1E786
330
1F
100
AcDbEntity
  8
0
  6
Continuous
 62
     7
100
AcDbCircle
 10
13967.94816566116
 20
-218.004453477442
 30
0.0
 40
0.5
100
AcDbArc
 50
270.0
 51
0.0
  0
LINE
  5
1E787
330
1F
100
AcDbEntity
  8
0
  6
Continuous
 62
     7
100
AcDbLine
 10
13978.76066566116
 20
-204.5044534774421
 30
0.0
 11
13991.76066566116
 21
-204.5044534774421
 31
0.0
  0
LINE
  5
1E788
330
1F
100
AcDbEntity
  8
0
  6
Continuous
 62
     7
100
AcDbLine
 10
13978.76066566116
 20
-218.504453477442
 30
0.0
 11
13991.76066566116
 21
-218.504453477442
 31
0.0
  0
LINE
  5
1E789
330
1F
100
AcDbEntity
  8
0
  6
Continuous
 62
     7
100
AcDbLine
 10
13978.26066566116
 20
-205.004453477442
 30
0.0
 11
13978.26066566116
 21
-218.004453477442
 31
0.0
  0
LINE
  5
1E78A
330
1F
100
AcDbEntity
  8
0
  6
Continuous
 62
     7
100
AcDbLine
 10
13992.26066566116
 20
-205.004453477442
 30
0.0
 11
13992.26066566116
 21
-218.004453477442
 31
0.0
  0
ARC
  5
1E78B
330
1F
100
AcDbEntity
  8
0
  6
Continuous
 62
     7
100
AcDbCircle
 10
13978.76066566116
 20
-205.004453477442
 30
0.0
 40
0.5
100
AcDbArc
 50
90.0
 51
180.0
  0
ARC
  5
1E78C
330
1F
100
AcDbEntity
  8
0
  6
Continuous
 62
     7
100
AcDbCircle
 10
13991.76066566116
 20
-205.004453477442
 30
0.0
 40
0.5
100
AcDbArc
 50
0.0
 51
90.0
  0
ARC
  5
1E78D
330
1F
100
AcDbEntity
  8
0
  6
Continuous
 62
     7
100
AcDbCircle
 10
13978.76066566116
 20
-218.004453477442
 30
0.0
 40
0.5
100
AcDbArc
 50
180.0
 51
270.0
  0
ARC
  5
1E78E
330
1F
100
AcDbEntity
  8
0
  6
Continuous
 62
     7
100
AcDbCircle
 10
13991.76066566116
 20
-218.004453477442
 30
0.0
 40
0.5
100
AcDbArc
 50
270.0
 51
0.0
  0
LINE
  5
1E78F
330
1F
100
AcDbEntity
  8
0
  6
Continuous
 62
     7
100
AcDbLine
 10
13997.81066566115
 20
-204.5044534774421
 30
0.0
 11
14010.81066566115
 21
-204.5044534774421
 31
0.0
  0
LINE
  5
1E790
330
1F
100
AcDbEntity
  8
0
  6
Continuous
 62
     7
100
AcDbLine
 10
13997.81066566115
 20
-218.504453477442
 30
0.0
 11
14010.81066566115
 21
-218.504453477442
 31
0.0
  0
LINE
  5
1E791
330
1F
100
AcDbEntity
  8
0
  6
Continuous
 62
     7
100
AcDbLine
 10
13997.31066566116
 20
-205.004453477442
 30
0.0
 11
13997.31066566116
 21
-218.004453477442
 31
0.0
  0
LINE
  5
1E792
330
1F
100
AcDbEntity
  8
0
  6
Continuous
 62
     7
100
AcDbLine
 10
14011.31066566115
 20
-205.004453477442
 30
0.0
 11
14011.31066566115
 21
-218.004453477442
 31
0.0
  0
ARC
  5
1E793
330
1F
100
AcDbEntity
  8
0
  6
Continuous
 62
     7
100
AcDbCircle
 10
13997.81066566115
 20
-205.004453477442
 30
0.0
 40
0.5
100
AcDbArc
 50
90.0
 51
180.0
  0
ARC
  5
1E794
330
1F
100
AcDbEntity
  8
0
  6
Continuous
 62
     7
100
AcDbCircle
 10
14010.81066566115
 20
-205.004453477442
 30
0.0
 40
0.5
100
AcDbArc
 50
0.0
 51
90.0
  0
ARC
  5
1E795
330
1F
100
AcDbEntity
  8
0
  6
Continuous
 62
     7
100
AcDbCircle
 10
13997.81066566115
 20
-218.004453477442
 30
0.0
 40
0.5
100
AcDbArc
 50
180.0
 51
270.0
  0
ARC
  5
1E796
330
1F
100
AcDbEntity
  8
0
  6
Continuous
 62
     7
100
AcDbCircle
 10
14010.81066566115
 20
-218.004453477442
 30
0.0
 40
0.5
100
AcDbArc
 50
270.0
 51
0.0
  0
LINE
  5
1E797
330
1F
100
AcDbEntity
  8
0
  6
Continuous
 62
     7
100
AcDbLine
 10
14016.86066566116
 20
-204.5044534774421
 30
0.0
 11
14029.86066566116
 21
-204.5044534774421
 31
0.0
  0
LINE
  5
1E798
330
1F
100
AcDbEntity
  8
0
  6
Continuous
 62
     7
100
AcDbLine
 10
14016.86066566116
 20
-218.504453477442
 30
0.0
 11
14029.86066566116
 21
-218.504453477442
 31
0.0
  0
LINE
  5
1E799
330
1F
100
AcDbEntity
  8
0
  6
Continuous
 62
     7
100
AcDbLine
 10
14016.36066566116
 20
-205.004453477442
 30
0.0
 11
14016.36066566116
 21
-218.004453477442
 31
0.0
  0
LINE
  5
1E79A
330
1F
100
AcDbEntity
  8
0
  6
Continuous
 62
     7
100
AcDbLine
 10
14030.36066566116
 20
-205.004453477442
 30
0.0
 11
14030.36066566116
 21
-218.004453477442
 31
0.0
  0
ARC
  5
1E79B
330
1F
100
AcDbEntity
  8
0
  6
Continuous
 62
     7
100
AcDbCircle
 10
14016.86066566116
 20
-205.004453477442
 30
0.0
 40
0.5
100
AcDbArc
 50
90.0
 51
180.0
  0
ARC
  5
1E79C
330
1F
100
AcDbEntity
  8
0
  6
Continuous
 62
     7
100
AcDbCircle
 10
14029.86066566116
 20
-205.004453477442
 30
0.0
 40
0.5
100
AcDbArc
 50
0.0
 51
90.0
  0
ARC
  5
1E79D
330
1F
100
AcDbEntity
  8
0
  6
Continuous
 62
     7
100
AcDbCircle
 10
14016.86066566116
 20
-218.004453477442
 30
0.0
 40
0.5
100
AcDbArc
 50
180.0
 51
270.0
  0
ARC
  5
1E79E
330
1F
100
AcDbEntity
  8
0
  6
Continuous
 62
     7
100
AcDbCircle
 10
14029.86066566116
 20
-218.004453477442
 30
0.0
 40
0.5
100
AcDbArc
 50
270.0
 51
0.0
  0
LINE
  5
1E79F
330
1F
100
AcDbEntity
  8
0
  6
Continuous
 62
     7
100
AcDbLine
 10
14035.91066566115
 20
-204.5044534774421
 30
0.0
 11
14048.91066566115
 21
-204.5044534774421
 31
0.0
  0
LINE
  5
1E7A0
330
1F
100
AcDbEntity
  8
0
  6
Continuous
 62
     7
100
AcDbLine
 10
14035.91066566115
 20
-218.504453477442
 30
0.0
 11
14048.91066566115
 21
-218.504453477442
 31
0.0
  0
LINE
  5
1E7A1
330
1F
100
AcDbEntity
  8
0
  6
Continuous
 62
     7
100
AcDbLine
 10
14035.41066566115
 20
-205.004453477442
 30
0.0
 11
14035.41066566115
 21
-218.004453477442
 31
0.0
  0
LINE
  5
1E7A2
330
1F
100
AcDbEntity
  8
0
  6
Continuous
 62
     7
100
AcDbLine
 10
14049.41066566115
 20
-205.004453477442
 30
0.0
 11
14049.41066566115
 21
-218.004453477442
 31
0.0
  0
ARC
  5
1E7A3
330
1F
100
AcDbEntity
  8
0
  6
Continuous
 62
     7
100
AcDbCircle
 10
14035.91066566115
 20
-205.004453477442
 30
0.0
 40
0.5
100
AcDbArc
 50
90.0
 51
180.0
  0
ARC
  5
1E7A4
330
1F
100
AcDbEntity
  8
0
  6
Continuous
 62
     7
100
AcDbCircle
 10
14048.91066566115
 20
-205.004453477442
 30
0.0
 40
0.5
100
AcDbArc
 50
0.0
 51
90.0
  0
ARC
  5
1E7A5
330
1F
100
AcDbEntity
  8
0
  6
Continuous
 62
     7
100
AcDbCircle
 10
14035.91066566115
 20
-218.004453477442
 30
0.0
 40
0.5
100
AcDbArc
 50
180.0
 51
270.0
  0
ARC
  5
1E7A6
330
1F
100
AcDbEntity
  8
0
  6
Continuous
 62
     7
100
AcDbCircle
 10
14048.91066566115
 20
-218.004453477442
 30
0.0
 40
0.5
100
AcDbArc
 50
270.0
 51
0.0
  0
LINE
  5
1E7A7
330
1F
100
AcDbEntity
  8
0
  6
Continuous
 62
     7
100
AcDbLine
 10
14059.72316566115
 20
-204.5044534774421
 30
0.0
 11
14072.72316566115
 21
-204.5044534774421
 31
0.0
  0
LINE
  5
1E7A8
330
1F
100
AcDbEntity
  8
0
  6
Continuous
 62
     7
100
AcDbLine
 10
14059.72316566115
 20
-218.504453477442
 30
0.0
 11
14072.72316566115
 21
-218.504453477442
 31
0.0
  0
LINE
  5
1E7A9
330
1F
100
AcDbEntity
  8
0
  6
Continuous
 62
     7
100
AcDbLine
 10
14059.22316566115
 20
-205.004453477442
 30
0.0
 11
14059.22316566115
 21
-218.004453477442
 31
0.0
  0
LINE
  5
1E7AA
330
1F
100
AcDbEntity
  8
0
  6
Continuous
 62
     7
100
AcDbLine
 10
14073.22316566115
 20
-205.004453477442
 30
0.0
 11
14073.22316566115
 21
-218.004453477442
 31
0.0
  0
ARC
  5
1E7AB
330
1F
100
AcDbEntity
  8
0
  6
Continuous
 62
     7
100
AcDbCircle
 10
14059.72316566115
 20
-205.004453477442
 30
0.0
 40
0.5
100
AcDbArc
 50
90.0
 51
180.0
  0
ARC
  5
1E7AC
330
1F
100
AcDbEntity
  8
0
  6
Continuous
 62
     7
100
AcDbCircle
 10
14072.72316566115
 20
-205.004453477442
 30
0.0
 40
0.5
100
AcDbArc
 50
0.0
 51
90.0
  0
ARC
  5
1E7AD
330
1F
100
AcDbEntity
  8
0
  6
Continuous
 62
     7
100
AcDbCircle
 10
14059.72316566115
 20
-218.004453477442
 30
0.0
 40
0.5
100
AcDbArc
 50
180.0
 51
270.0
  0
ARC
  5
1E7AE
330
1F
100
AcDbEntity
  8
0
  6
Continuous
 62
     7
100
AcDbCircle
 10
14072.72316566115
 20
-218.004453477442
 30
0.0
 40
0.5
100
AcDbArc
 50
270.0
 51
0.0
  0
LINE
  5
1E7AF
330
1F
100
AcDbEntity
  8
0
  6
Continuous
 62
     7
100
AcDbLine
 10
13795.40465066118
 20
-266.4169534774415
 30
0.0
 11
13813.16715066118
 21
-266.4169534774415
 31
0.0
  0
LINE
  5
1E7B0
330
1F
100
AcDbEntity
  8
0
  6
Continuous
 62
     7
100
AcDbLine
 10
13795.40465066118
 20
-280.4169534774415
 30
0.0
 11
13813.16715066118
 21
-280.4169534774415
 31
0.0
  0
LINE
  5
1E7B1
330
1F
100
AcDbEntity
  8
0
  6
Continuous
 62
     7
100
AcDbLine
 10
13794.90465066118
 20
-266.9169534774415
 30
0.0
 11
13794.90465066118
 21
-279.9169534774415
 31
0.0
  0
LINE
  5
1E7B2
330
1F
100
AcDbEntity
  8
0
  6
Continuous
 62
     7
100
AcDbLine
 10
13813.66715066118
 20
-266.9169534774415
 30
0.0
 11
13813.66715066118
 21
-279.9169534774415
 31
0.0
  0
ARC
  5
1E7B3
330
1F
100
AcDbEntity
  8
0
  6
Continuous
 62
     7
100
AcDbCircle
 10
13795.40465066118
 20
-266.9169534774415
 30
0.0
 40
0.5
100
AcDbArc
 50
90.0
 51
180.0
  0
ARC
  5
1E7B4
330
1F
100
AcDbEntity
  8
0
  6
Continuous
 62
     7
100
AcDbCircle
 10
13813.16715066118
 20
-266.9169534774415
 30
0.0
 40
0.5
100
AcDbArc
 50
0.0
 51
90.0
  0
ARC
  5
1E7B5
330
1F
100
AcDbEntity
  8
0
  6
Continuous
 62
     7
100
AcDbCircle
 10
13795.40465066118
 20
-279.9169534774415
 30
0.0
 40
0.5
100
AcDbArc
 50
180.0
 51
270.0
  0
ARC
  5
1E7B6
330
1F
100
AcDbEntity
  8
0
  6
Continuous
 62
     7
100
AcDbCircle
 10
13813.16715066118
 20
-279.9169534774415
 30
0.0
 40
0.5
100
AcDbArc
 50
270.0
 51
0.0
  0
LINE
  5
1E886
330
1F
100
AcDbEntity
  8
0
  6
Continuous
 62
     7
100
AcDbLine
 10
13795.40441566118
 20
-304.5169534774418
 30
0.0
 11
13810.78566566118
 21
-304.5169534774418
 31
0.0
  0
LINE
  5
1E887
330
1F
100
AcDbEntity
  8
0
  6
Continuous
 62
     7
100
AcDbLine
 10
13795.40441566118
 20
-318.5169534774419
 30
0.0
 11
13810.78566566118
 21
-318.5169534774419
 31
0.0
  0
LINE
  5
1E888
330
1F
100
AcDbEntity
  8
0
  6
Continuous
 62
     7
100
AcDbLine
 10
13794.90441566117
 20
-305.0169534774428
 30
0.0
 11
13794.90441566117
 21
-318.0169534774428
 31
0.0
  0
LINE
  5
1E889
330
1F
100
AcDbEntity
  8
0
  6
Continuous
 62
     7
100
AcDbLine
 10
13811.28566566117
 20
-305.0169534774419
 30
0.0
 11
13811.28566566117
 21
-318.0169534774419
 31
0.0
  0
ARC
  5
1E88A
330
1F
100
AcDbEntity
  8
0
  6
Continuous
 62
     7
100
AcDbCircle
 10
13795.40441566118
 20
-305.0169534774428
 30
0.0
 40
0.5
100
AcDbArc
 50
90.0
 51
180.0
  0
ARC
  5
1E88B
330
1F
100
AcDbEntity
  8
0
  6
Continuous
 62
     7
100
AcDbCircle
 10
13810.78566566118
 20
-305.0169534774419
 30
0.0
 40
0.5
100
AcDbArc
 50
0.0
 51
90.0
  0
ARC
  5
1E88C
330
1F
100
AcDbEntity
  8
0
  6
Continuous
 62
     7
100
AcDbCircle
 10
13795.40441566118
 20
-318.0169534774428
 30
0.0
 40
0.5
100
AcDbArc
 50
180.0
 51
270.0
  0
ARC
  5
1E88D
330
1F
100
AcDbEntity
  8
0
  6
Continuous
 62
     7
100
AcDbCircle
 10
13810.78566566118
 20
-318.0169534774419
 30
0.0
 40
0.5
100
AcDbArc
 50
270.0
 51
0.0
  0
LINE
  5
1E88E
330
1F
100
AcDbEntity
  8
0
  6
Continuous
 62
     7
100
AcDbLine
 10
13819.21691566118
 20
-304.5169534774418
 30
0.0
 11
13834.59816566118
 21
-304.5169534774418
 31
0.0
  0
LINE
  5
1E88F
330
1F
100
AcDbEntity
  8
0
  6
Continuous
 62
     7
100
AcDbLine
 10
13819.21691566118
 20
-318.5169534774419
 30
0.0
 11
13834.59816566118
 21
-318.5169534774419
 31
0.0
  0
LINE
  5
1E890
330
1F
100
AcDbEntity
  8
0
  6
Continuous
 62
     7
100
AcDbLine
 10
13818.71691566117
 20
-305.0169534774428
 30
0.0
 11
13818.71691566117
 21
-318.0169534774428
 31
0.0
  0
LINE
  5
1E891
330
1F
100
AcDbEntity
  8
0
  6
Continuous
 62
     7
100
AcDbLine
 10
13835.09816566117
 20
-305.0169534774419
 30
0.0
 11
13835.09816566117
 21
-318.0169534774419
 31
0.0
  0
ARC
  5
1E892
330
1F
100
AcDbEntity
  8
0
  6
Continuous
 62
     7
100
AcDbCircle
 10
13819.21691566118
 20
-305.0169534774428
 30
0.0
 40
0.5
100
AcDbArc
 50
90.0
 51
180.0
  0
ARC
  5
1E893
330
1F
100
AcDbEntity
  8
0
  6
Continuous
 62
     7
100
AcDbCircle
 10
13834.59816566118
 20
-305.0169534774419
 30
0.0
 40
0.5
100
AcDbArc
 50
0.0
 51
90.0
  0
ARC
  5
1E894
330
1F
100
AcDbEntity
  8
0
  6
Continuous
 62
     7
100
AcDbCircle
 10
13819.21691566118
 20
-318.0169534774428
 30
0.0
 40
0.5
100
AcDbArc
 50
180.0
 51
270.0
  0
ARC
  5
1E895
330
1F
100
AcDbEntity
  8
0
  6
Continuous
 62
     7
100
AcDbCircle
 10
13834.59816566118
 20
-318.0169534774419
 30
0.0
 40
0.5
100
AcDbArc
 50
270.0
 51
0.0
  0
LINE
  5
1E896
330
1F
100
AcDbEntity
  8
0
  6
Continuous
 62
     7
100
AcDbLine
 10
13843.02941566118
 20
-304.5169534774418
 30
0.0
 11
13858.41066566118
 21
-304.5169534774418
 31
0.0
  0
LINE
  5
1E897
330
1F
100
AcDbEntity
  8
0
  6
Continuous
 62
     7
100
AcDbLine
 10
13843.02941566118
 20
-318.5169534774419
 30
0.0
 11
13858.41066566118
 21
-318.5169534774419
 31
0.0
  0
LINE
  5
1E898
330
1F
100
AcDbEntity
  8
0
  6
Continuous
 62
     7
100
AcDbLine
 10
13842.52941566118
 20
-305.0169534774428
 30
0.0
 11
13842.52941566118
 21
-318.0169534774428
 31
0.0
  0
LINE
  5
1E899
330
1F
100
AcDbEntity
  8
0
  6
Continuous
 62
     7
100
AcDbLine
 10
13858.91066566117
 20
-305.0169534774419
 30
0.0
 11
13858.91066566117
 21
-318.0169534774419
 31
0.0
  0
ARC
  5
1E89A
330
1F
100
AcDbEntity
  8
0
  6
Continuous
 62
     7
100
AcDbCircle
 10
13843.02941566118
 20
-305.0169534774428
 30
0.0
 40
0.5
100
AcDbArc
 50
90.0
 51
180.0
  0
ARC
  5
1E89B
330
1F
100
AcDbEntity
  8
0
  6
Continuous
 62
     7
100
AcDbCircle
 10
13858.41066566118
 20
-305.0169534774419
 30
0.0
 40
0.5
100
AcDbArc
 50
0.0
 51
90.0
  0
ARC
  5
1E89C
330
1F
100
AcDbEntity
  8
0
  6
Continuous
 62
     7
100
AcDbCircle
 10
13843.02941566118
 20
-318.0169534774428
 30
0.0
 40
0.5
100
AcDbArc
 50
180.0
 51
270.0
  0
ARC
  5
1E89D
330
1F
100
AcDbEntity
  8
0
  6
Continuous
 62
     7
100
AcDbCircle
 10
13858.41066566118
 20
-318.0169534774419
 30
0.0
 40
0.5
100
AcDbArc
 50
270.0
 51
0.0
  0
LINE
  5
1E89E
330
1F
100
AcDbEntity
  8
0
  6
Continuous
 62
     7
100
AcDbLine
 10
14007.33566566117
 20
-304.5169534774418
 30
0.0
 11
14022.71691566117
 21
-304.5169534774418
 31
0.0
  0
LINE
  5
1E89F
330
1F
100
AcDbEntity
  8
0
  6
Continuous
 62
     7
100
AcDbLine
 10
14007.33566566117
 20
-318.5169534774419
 30
0.0
 11
14022.71691566117
 21
-318.5169534774419
 31
0.0
  0
LINE
  5
1E8A0
330
1F
100
AcDbEntity
  8
0
  6
Continuous
 62
     7
100
AcDbLine
 10
14006.83566566117
 20
-305.0169534774428
 30
0.0
 11
14006.83566566117
 21
-318.0169534774428
 31
0.0
  0
LINE
  5
1E8A1
330
1F
100
AcDbEntity
  8
0
  6
Continuous
 62
     7
100
AcDbLine
 10
14023.21691566117
 20
-305.0169534774419
 30
0.0
 11
14023.21691566117
 21
-318.0169534774419
 31
0.0
  0
ARC
  5
1E8A2
330
1F
100
AcDbEntity
  8
0
  6
Continuous
 62
     7
100
AcDbCircle
 10
14007.33566566117
 20
-305.0169534774428
 30
0.0
 40
0.5
100
AcDbArc
 50
90.0
 51
180.0
  0
ARC
  5
1E8A3
330
1F
100
AcDbEntity
  8
0
  6
Continuous
 62
     7
100
AcDbCircle
 10
14022.71691566117
 20
-305.0169534774419
 30
0.0
 40
0.5
100
AcDbArc
 50
0.0
 51
90.0
  0
ARC
  5
1E8A4
330
1F
100
AcDbEntity
  8
0
  6
Continuous
 62
     7
100
AcDbCircle
 10
14007.33566566117
 20
-318.0169534774428
 30
0.0
 40
0.5
100
AcDbArc
 50
180.0
 51
270.0
  0
ARC
  5
1E8A5
330
1F
100
AcDbEntity
  8
0
  6
Continuous
 62
     7
100
AcDbCircle
 10
14022.71691566117
 20
-318.0169534774419
 30
0.0
 40
0.5
100
AcDbArc
 50
270.0
 51
0.0
  0
LINE
  5
1E8A6
330
1F
100
AcDbEntity
  8
0
  6
Continuous
 62
     7
100
AcDbLine
 10
14031.14816566117
 20
-304.5169534774418
 30
0.0
 11
14046.52941566117
 21
-304.5169534774418
 31
0.0
  0
LINE
  5
1E8A7
330
1F
100
AcDbEntity
  8
0
  6
Continuous
 62
     7
100
AcDbLine
 10
14031.14816566117
 20
-318.5169534774419
 30
0.0
 11
14046.52941566117
 21
-318.5169534774419
 31
0.0
  0
LINE
  5
1E8A8
330
1F
100
AcDbEntity
  8
0
  6
Continuous
 62
     7
100
AcDbLine
 10
14030.64816566117
 20
-305.0169534774428
 30
0.0
 11
14030.64816566117
 21
-318.0169534774428
 31
0.0
  0
LINE
  5
1E8A9
330
1F
100
AcDbEntity
  8
0
  6
Continuous
 62
     7
100
AcDbLine
 10
14047.02941566117
 20
-305.0169534774419
 30
0.0
 11
14047.02941566117
 21
-318.0169534774419
 31
0.0
  0
ARC
  5
1E8AA
330
1F
100
AcDbEntity
  8
0
  6
Continuous
 62
     7
100
AcDbCircle
 10
14031.14816566117
 20
-305.0169534774428
 30
0.0
 40
0.5
100
AcDbArc
 50
90.0
 51
180.0
  0
ARC
  5
1E8AB
330
1F
100
AcDbEntity
  8
0
  6
Continuous
 62
     7
100
AcDbCircle
 10
14046.52941566117
 20
-305.0169534774419
 30
0.0
 40
0.5
100
AcDbArc
 50
0.0
 51
90.0
  0
ARC
  5
1E8AC
330
1F
100
AcDbEntity
  8
0
  6
Continuous
 62
     7
100
AcDbCircle
 10
14031.14816566117
 20
-318.0169534774428
 30
0.0
 40
0.5
100
AcDbArc
 50
180.0
 51
270.0
  0
ARC
  5
1E8AD
330
1F
100
AcDbEntity
  8
0
  6
Continuous
 62
     7
100
AcDbCircle
 10
14046.52941566117
 20
-318.0169534774419
 30
0.0
 40
0.5
100
AcDbArc
 50
270.0
 51
0.0
  0
LINE
  5
1E8AE
330
1F
100
AcDbEntity
  8
0
  6
Continuous
 62
     7
100
AcDbLine
 10
14054.96066566117
 20
-304.5169534774418
 30
0.0
 11
14070.34191566117
 21
-304.5169534774418
 31
0.0
  0
LINE
  5
1E8AF
330
1F
100
AcDbEntity
  8
0
  6
Continuous
 62
     7
100
AcDbLine
 10
14054.96066566117
 20
-318.5169534774419
 30
0.0
 11
14070.34191566117
 21
-318.5169534774419
 31
0.0
  0
LINE
  5
1E8B0
330
1F
100
AcDbEntity
  8
0
  6
Continuous
 62
     7
100
AcDbLine
 10
14054.46066566117
 20
-305.0169534774428
 30
0.0
 11
14054.46066566117
 21
-318.0169534774428
 31
0.0
  0
LINE
  5
1E8B1
330
1F
100
AcDbEntity
  8
0
  6
Continuous
 62
     7
100
AcDbLine
 10
14070.84191566117
 20
-305.0169534774419
 30
0.0
 11
14070.84191566117
 21
-318.0169534774419
 31
0.0
  0
ARC
  5
1E8B2
330
1F
100
AcDbEntity
  8
0
  6
Continuous
 62
     7
100
AcDbCircle
 10
14054.96066566117
 20
-305.0169534774428
 30
0.0
 40
0.5
100
AcDbArc
 50
90.0
 51
180.0
  0
ARC
  5
1E8B3
330
1F
100
AcDbEntity
  8
0
  6
Continuous
 62
     7
100
AcDbCircle
 10
14070.34191566117
 20
-305.0169534774419
 30
0.0
 40
0.5
100
AcDbArc
 50
0.0
 51
90.0
  0
ARC
  5
1E8B4
330
1F
100
AcDbEntity
  8
0
  6
Continuous
 62
     7
100
AcDbCircle
 10
14054.96066566117
 20
-318.0169534774428
 30
0.0
 40
0.5
100
AcDbArc
 50
180.0
 51
270.0
  0
ARC
  5
1E8B5
330
1F
100
AcDbEntity
  8
0
  6
Continuous
 62
     7
100
AcDbCircle
 10
14070.34191566117
 20
-318.0169534774419
 30
0.0
 40
0.5
100
AcDbArc
 50
270.0
 51
0.0
  0
LINE
  5
1E8B6
330
1F
100
AcDbEntity
  8
0
  6
Continuous
 62
     7
100
AcDbLine
 10
13985.90441566118
 20
-318.5169534774419
 30
0.0
 11
13998.90441566118
 21
-318.5169534774419
 31
0.0
  0
LINE
  5
1E8B7
330
1F
100
AcDbEntity
  8
0
  6
Continuous
 62
     7
100
AcDbLine
 10
13998.90441566118
 20
-304.5169534774418
 30
0.0
 11
13985.90441566118
 21
-304.5169534774418
 31
0.0
  0
LINE
  5
1E8B8
330
1F
100
AcDbEntity
  8
0
  6
Continuous
 62
     7
100
AcDbLine
 10
13985.40441566118
 20
-305.0169534774419
 30
0.0
 11
13985.40441566118
 21
-318.0169534774419
 31
0.0
  0
LINE
  5
1E8B9
330
1F
100
AcDbEntity
  8
0
  6
Continuous
 62
     7
100
AcDbLine
 10
13999.40441566118
 20
-318.0169534774419
 30
0.0
 11
13999.40441566118
 21
-305.0169534774419
 31
0.0
  0
ARC
  5
1E8BA
330
1F
100
AcDbEntity
  8
0
  6
Continuous
 62
     7
100
AcDbCircle
 10
13985.90441566118
 20
-318.0169534774419
 30
0.0
 40
0.5
100
AcDbArc
 50
180.0
 51
270.0
  0
ARC
  5
1E8BB
330
1F
100
AcDbEntity
  8
0
  6
Continuous
 62
     7
100
AcDbCircle
 10
13985.90441566118
 20
-305.0169534774419
 30
0.0
 40
0.5
100
AcDbArc
 50
90.0
 51
180.0
  0
ARC
  5
1E8BC
330
1F
100
AcDbEntity
  8
0
  6
Continuous
 62
     7
100
AcDbCircle
 10
13998.90441566118
 20
-305.0169534774419
 30
0.0
 40
0.5
100
AcDbArc
 50
0.0
 51
90.0
  0
ARC
  5
1E8BD
330
1F
100
AcDbEntity
  8
0
  6
Continuous
 62
     7
100
AcDbCircle
 10
13998.90441566118
 20
-318.0169534774419
 30
0.0
 40
0.5
100
AcDbArc
 50
270.0
 51
0.0
  0
LINE
  5
1E8BE
330
1F
100
AcDbEntity
  8
0
  6
Continuous
 62
     7
100
AcDbLine
 10
13914.46691566118
 20
-318.5169534774419
 30
0.0
 11
13939.37316566118
 21
-318.5169534774419
 31
0.0
  0
ARC
  5
1E8BF
330
1F
100
AcDbEntity
  8
0
  6
Continuous
 62
     7
100
AcDbCircle
 10
13914.46691566118
 20
-318.0169534774419
 30
0.0
 40
0.5
100
AcDbArc
 50
180.0
 51
270.0
  0
LINE
  5
1E8C0
330
1F
100
AcDbEntity
  8
0
  6
Continuous
 62
     7
100
AcDbLine
 10
13939.37316566118
 20
-304.5169534774418
 30
0.0
 11
13914.46691566118
 21
-304.5169534774418
 31
0.0
  0
LINE
  5
1E8C1
330
1F
100
AcDbEntity
  8
0
  6
Continuous
 62
     7
100
AcDbLine
 10
13939.87316566118
 20
-318.0169534774419
 30
0.0
 11
13939.87316566118
 21
-305.0169534774419
 31
0.0
  0
ARC
  5
1E8C2
330
1F
100
AcDbEntity
  8
0
  6
Continuous
 62
     7
100
AcDbCircle
 10
13939.37316566118
 20
-305.0169534774419
 30
0.0
 40
0.5
100
AcDbArc
 50
0.0
 51
90.0
  0
ARC
  5
1E8C3
330
1F
100
AcDbEntity
  8
0
  6
Continuous
 62
     7
100
AcDbCircle
 10
13939.37316566118
 20
-318.0169534774419
 30
0.0
 40
0.5
100
AcDbArc
 50
270.0
 51
0.0
  0
LINE
  5
1E8C4
330
1F
100
AcDbEntity
  8
0
  6
Continuous
 62
     7
100
AcDbLine
 10
13913.96691566118
 20
-318.0169534774419
 30
0.0
 11
13913.96691566118
 21
-305.0169534774419
 31
0.0
  0
ARC
  5
1E8C5
330
1F
100
AcDbEntity
  8
0
  6
Continuous
 62
     7
100
AcDbCircle
 10
13914.46691566118
 20
-305.0169534774419
 30
0.0
 40
0.5
100
AcDbArc
 50
90.0
 51
180.0
  0
INSERT
  5
1E8C6
330
1F
100
AcDbEntity
  8
0
  6
Continuous
 62
     7
100
AcDbBlockReference
  2
zsjrkk
 10
-31481.55908220332
 20
5094.355428006732
 30
0.0
  0
INSERT
  5
1E8C7
330
1F
100
AcDbEntity
  8
0
  6
Continuous
 62
     7
100
AcDbBlockReference
  2
tgjrkk
 10
-31363.75360157491
 20
5194.68253540445
 30
0.0
  0
LINE
  5
1E8C9
330
1F
100
AcDbEntity
  8
0
  6
Continuous
 62
     7
100
AcDbLine
 10
13815.66691566117
 20
-266.9169534774415
 30
0.0
 11
13815.66691566117
 21
-279.9169534774415
 31
0.0
  0
LINE
  5
1E8CA
330
1F
100
AcDbEntity
  8
0
  6
Continuous
 62
     7
100
AcDbLine
 10
13823.86066566117
 20
-279.9169534774415
 30
0.0
 11
13823.86066566117
 21
-266.9169534774415
 31
0.0
  0
LINE
  5
1E8CB
330
1F
100
AcDbEntity
  8
0
  6
Continuous
 62
     7
100
AcDbLine
 10
13816.16691566116
 20
-280.4169534774415
 30
0.0
 11
13823.36066566117
 21
-280.4169534774415
 31
0.0
  0
LINE
  5
1E8CC
330
1F
100
AcDbEntity
  8
0
  6
Continuous
 62
     7
100
AcDbLine
 10
13823.36066566117
 20
-266.4169534774415
 30
0.0
 11
13816.16691566116
 21
-266.4169534774415
 31
0.0
  0
ARC
  5
1E8CD
330
1F
100
AcDbEntity
  8
0
  6
Continuous
 62
     7
100
AcDbCircle
 10
13816.16691566116
 20
-279.9169534774415
 30
0.0
 40
0.5
100
AcDbArc
 50
180.0
 51
270.0
  0
ARC
  5
1E8CE
330
1F
100
AcDbEntity
  8
0
  6
Continuous
 62
     7
100
AcDbCircle
 10
13823.36066566117
 20
-279.9169534774415
 30
0.0
 40
0.5
100
AcDbArc
 50
270.0
 51
0.0
  0
ARC
  5
1E8CF
330
1F
100
AcDbEntity
  8
0
  6
Continuous
 62
     7
100
AcDbCircle
 10
13816.16691566116
 20
-266.9169534774415
 30
0.0
 40
0.5
100
AcDbArc
 50
90.0
 51
180.0
  0
ARC
  5
1E8D0
330
1F
100
AcDbEntity
  8
0
  6
Continuous
 62
     7
100
AcDbCircle
 10
13823.36066566117
 20
-266.9169534774415
 30
0.0
 40
0.5
100
AcDbArc
 50
0.0
 51
90.0
  0
LINE
  5
1EAEF
330
1F
100
AcDbEntity
  8
0
  6
Continuous
 62
     7
100
AcDbLine
 10
13867.31847816118
 20
-305.0169534774419
 30
0.0
 11
13867.31535316118
 21
-318.0169534774419
 31
0.0
  0
LINE
  5
1EAF0
330
1F
100
AcDbEntity
  8
0
  6
Continuous
 62
     7
100
AcDbLine
 10
13879.37160315684
 20
-318.0169895351333
 30
0.0
 11
13879.37472813661
 21
-305.017073669746
 31
0.0
  0
ARC
  5
1EAF1
330
1F
100
AcDbEntity
  8
0
  6
Continuous
 62
     7
100
AcDbCircle
 10
13878.87472815106
 20
-305.0169534774419
 30
0.0
 40
0.5
100
AcDbArc
 50
359.98622697635
 51
90.0
  0
LINE
  5
1EAF2
330
1F
100
AcDbEntity
  8
0
  6
Continuous
 62
     7
100
AcDbLine
 10
13867.81535316118
 20
-318.5169534774419
 30
0.0
 11
13878.87760785427
 21
-318.5169534774419
 31
0.0
  0
LINE
  5
1EAF3
330
1F
100
AcDbEntity
  8
0
  6
Continuous
 62
     7
100
AcDbLine
 10
13878.87472815106
 20
-304.5169534774418
 30
0.0
 11
13867.81847816118
 21
-304.5169534774418
 31
0.0
  0
ARC
  5
1EAF4
330
1F
100
AcDbEntity
  8
0
  6
Continuous
 62
     7
100
AcDbCircle
 10
13867.81847816118
 20
-305.0169534774419
 30
0.0
 40
0.5
100
AcDbArc
 50
90.0
 51
180.0
  0
ARC
  5
1EAF5
330
1F
100
AcDbEntity
  8
0
  6
Continuous
 62
     7
100
AcDbCircle
 10
13878.87160315685
 20
-318.0169895351333
 30
0.0
 40
0.5
100
AcDbArc
 50
270.0
 51
0.0
  0
ARC
  5
1EAF6
330
1F
100
AcDbEntity
  8
0
  6
Continuous
 62
     7
100
AcDbCircle
 10
13867.81535316118
 20
-318.0169534774419
 30
0.0
 40
0.5
100
AcDbArc
 50
180.0
 51
270.0
  0
LINE
  5
1EAF7
330
1F
100
AcDbEntity
  8
0
  6
Continuous
 62
     7
100
AcDbLine
 10
13967.81691566117
 20
-304.5169534774418
 30
0.0
 11
13974.11691566118
 21
-304.5169534774418
 31
0.0
  0
LINE
  5
1EAF8
330
1F
100
AcDbEntity
  8
0
  6
Continuous
 62
     7
100
AcDbLine
 10
13967.81691566117
 20
-318.5169534774419
 30
0.0
 11
13974.11691566118
 21
-318.5169534774419
 31
0.0
  0
LINE
  5
1EAF9
330
1F
100
AcDbEntity
  8
0
  6
Continuous
 62
     7
100
AcDbLine
 10
13967.31691566117
 20
-305.0169534774419
 30
0.0
 11
13967.31691566117
 21
-318.0169534774419
 31
0.0
  0
LINE
  5
1EAFA
330
1F
100
AcDbEntity
  8
0
  6
Continuous
 62
     7
100
AcDbLine
 10
13974.61691566118
 20
-305.0169534774419
 30
0.0
 11
13974.61691566118
 21
-318.0169534774419
 31
0.0
  0
ARC
  5
1EAFB
330
1F
100
AcDbEntity
  8
0
  6
Continuous
 62
     7
100
AcDbCircle
 10
13967.81691566117
 20
-305.0169534774419
 30
0.0
 40
0.5
100
AcDbArc
 50
90.0
 51
180.0
  0
ARC
  5
1EAFC
330
1F
100
AcDbEntity
  8
0
  6
Continuous
 62
     7
100
AcDbCircle
 10
13974.11691566118
 20
-305.0169534774419
 30
0.0
 40
0.5
100
AcDbArc
 50
0.0
 51
90.0
  0
ARC
  5
1EAFD
330
1F
100
AcDbEntity
  8
0
  6
Continuous
 62
     7
100
AcDbCircle
 10
13967.81691566117
 20
-318.0169534774419
 30
0.0
 40
0.5
100
AcDbArc
 50
180.0
 51
270.0
  0
ARC
  5
1EAFE
330
1F
100
AcDbEntity
  8
0
  6
Continuous
 62
     7
100
AcDbCircle
 10
13974.11691566118
 20
-318.0169534774419
 30
0.0
 40
0.5
100
AcDbArc
 50
270.0
 51
0.0
  0
LINE
  5
1EB28
330
1F
100
AcDbEntity
  8
0
  6
Continuous
 62
     7
100
AcDbLine
 10
14102.58566566117
 20
-299.4669534774426
 30
0.0
 11
14115.58566566117
 21
-299.4669534774426
 31
0.0
  0
ARC
  5
1EB29
330
1F
100
AcDbEntity
  8
0
  6
Continuous
 62
     7
100
AcDbCircle
 10
14102.58566566117
 20
-298.9669534774426
 30
0.0
 40
0.5
100
AcDbArc
 50
180.0
 51
270.0
  0
ARC
  5
1EB2A
330
1F
100
AcDbEntity
  8
0
  6
Continuous
 62
     7
100
AcDbCircle
 10
14115.58566566117
 20
-298.9669534774426
 30
0.0
 40
0.5
100
AcDbArc
 50
270.0
 51
0.0
  0
LINE
  5
1EB4F
330
1F
100
AcDbEntity
  8
0
100
AcDbLine
 10
14037.28566566117
 20
-202.004453477442
 30
0.0
 11
14099.73566566117
 21
-202.0044534774654
 31
0.0
  0
LINE
  5
1EB50
330
1F
100
AcDbEntity
  8
0
100
AcDbLine
 10
14137.69566566117
 20
-203.5044534774181
 30
0.0
 11
14137.69566566117
 21
-319.5169534774178
 31
0.0
  0
LINE
  5
1EB52
330
1F
100
AcDbEntity
  8
0
100
AcDbLine
 10
13790.02316566117
 20
-203.50445347744
 30
0.0
 11
13790.02316566117
 21
-319.5169534774398
 31
0.0
  0
LINE
  5
1EB55
330
1F
100
AcDbEntity
  8
0
100
AcDbLine
 10
14129.09566566117
 20
-198.104453477442
 30
0.0
 11
14129.09566566117
 21
-199.604453477442
 31
0.0
  0
LINE
  5
1EB56
330
1F
100
AcDbEntity
  8
0
100
AcDbLine
 10
14117.69566566117
 20
-202.0044534774421
 30
0.0
 11
14117.69566566117
 21
-200.604453477442
 31
0.0
  0
LINE
  5
1EB57
330
1F
100
AcDbEntity
  8
0
100
AcDbLine
 10
14117.69566566117
 20
-200.604453477442
 30
0.0
 11
14128.09566566117
 21
-200.604453477442
 31
0.0
  0
LINE
  5
1EB58
330
1F
100
AcDbEntity
  8
0
100
AcDbLine
 10
14128.09566566117
 20
-197.1044534774421
 30
0.0
 11
14112.46566566117
 21
-197.1044534774421
 31
0.0
  0
LINE
  5
1EB5C
330
1F
100
AcDbEntity
  8
0
100
AcDbLine
 10
14104.96566566117
 20
-197.104453477442
 30
0.0
 11
14089.33566566117
 21
-197.104453477442
 31
0.0
  0
LINE
  5
1EB5D
330
1F
100
AcDbEntity
  8
0
100
AcDbLine
 10
14088.33566566117
 20
-198.1044534774425
 30
0.0
 11
14088.33566566117
 21
-199.604453477458
 31
0.0
  0
LINE
  5
1EB5E
330
1F
100
AcDbEntity
  8
0
100
AcDbLine
 10
14089.33566566117
 20
-200.6044534774573
 30
0.0
 11
14099.73566566117
 21
-200.6044534774573
 31
0.0
  0
LINE
  5
1EB5F
330
1F
100
AcDbEntity
  8
0
100
AcDbLine
 10
14099.73566566117
 20
-200.6044534774573
 30
0.0
 11
14099.73566566117
 21
-202.004453477442
 31
0.0
  0
LINE
  5
1EB60
330
1F
100
AcDbEntity
  8
0
100
AcDbLine
 10
14117.69566566117
 20
-202.0044534774421
 30
0.0
 11
14136.19566566117
 21
-202.004453477418
 31
0.0
  0
LINE
  5
1EB6B
330
1F
100
AcDbEntity
  8
0
100
AcDbLine
 10
14052.28566566117
 20
-198.1044534774607
 30
0.0
 11
14052.28566566117
 21
-199.6044534774607
 31
0.0
  0
LINE
  5
1EB6C
330
1F
100
AcDbEntity
  8
0
100
AcDbLine
 10
14037.28566566117
 20
-200.6044534774607
 30
0.0
 11
14051.28566566117
 21
-200.6044534774607
 31
0.0
  0
LINE
  5
1EB6E
330
1F
100
AcDbEntity
  8
0
100
AcDbLine
 10
14051.28566566117
 20
-197.1044534774607
 30
0.0
 11
14021.09566566117
 21
-197.1044534774607
 31
0.0
  0
LINE
  5
1EB72
330
1F
100
AcDbEntity
  8
0
100
AcDbLine
 10
14037.28566566117
 20
-200.6044534774607
 30
0.0
 11
14037.28566566117
 21
-202.0044534774607
 31
0.0
  0
LINE
  5
1EB7B
330
1F
100
AcDbEntity
  8
0
100
AcDbLine
 10
14013.59566566117
 20
-197.1044534774607
 30
0.0
 11
13983.40566566117
 21
-197.1044534774607
 31
0.0
  0
LINE
  5
1EB7C
330
1F
100
AcDbEntity
  8
0
100
AcDbLine
 10
13982.40566566117
 20
-198.1044534774607
 30
0.0
 11
13982.40566566117
 21
-199.6044534774607
 31
0.0
  0
LINE
  5
1EB99
330
1F
100
AcDbEntity
  8
0
100
AcDbLine
 10
13983.40566566117
 20
-200.6044534774607
 30
0.0
 11
13997.40566566117
 21
-200.6044534774607
 31
0.0
  0
LINE
  5
1EB9A
330
1F
100
AcDbEntity
  8
0
100
AcDbLine
 10
13997.40566566117
 20
-200.6044534774607
 30
0.0
 11
13997.40566566117
 21
-202.0044534774606
 31
0.0
  0
LINE
  5
1EB9C
330
1F
100
AcDbEntity
  8
0
100
AcDbLine
 10
13944.83566566117
 20
-198.1044534774607
 30
0.0
 11
13944.83566566117
 21
-199.6044534774607
 31
0.0
  0
LINE
  5
1EB9D
330
1F
100
AcDbEntity
  8
0
100
AcDbLine
 10
13929.83566566117
 20
-200.6044534774607
 30
0.0
 11
13943.83566566117
 21
-200.6044534774607
 31
0.0
  0
LINE
  5
1EB9E
330
1F
100
AcDbEntity
  8
0
100
AcDbLine
 10
13943.83566566117
 20
-197.1044534774607
 30
0.0
 11
13913.64566566117
 21
-197.1044534774607
 31
0.0
  0
LINE
  5
1EBA2
330
1F
100
AcDbEntity
  8
0
100
AcDbLine
 10
13929.83566566117
 20
-200.6044534774607
 30
0.0
 11
13929.83566566117
 21
-202.0044534774607
 31
0.0
  0
LINE
  5
1EBA3
330
1F
100
AcDbEntity
  8
0
100
AcDbLine
 10
13906.14566566117
 20
-197.1044534774607
 30
0.0
 11
13875.95566566117
 21
-197.1044534774607
 31
0.0
  0
LINE
  5
1EBA4
330
1F
100
AcDbEntity
  8
0
100
AcDbLine
 10
13874.95566566117
 20
-198.1044534774607
 30
0.0
 11
13874.95566566117
 21
-199.6044534774607
 31
0.0
  0
LINE
  5
1EBA5
330
1F
100
AcDbEntity
  8
0
100
AcDbLine
 10
13875.95566566117
 20
-200.6044534774607
 30
0.0
 11
13889.95566566117
 21
-200.6044534774607
 31
0.0
  0
LINE
  5
1EBA6
330
1F
100
AcDbEntity
  8
0
100
AcDbLine
 10
13889.95566566117
 20
-200.6044534774607
 30
0.0
 11
13889.95566566117
 21
-202.0044534774606
 31
0.0
  0
LINE
  5
1EBA8
330
1F
100
AcDbEntity
  8
0
100
AcDbLine
 10
13929.83566566117
 20
-202.0044534774607
 30
0.0
 11
13997.40566566117
 21
-202.0044534774607
 31
0.0
  0
LINE
  5
1EBB0
330
1F
100
AcDbEntity
  8
0
100
AcDbLine
 10
13791.52316566117
 20
-202.00445347744
 30
0.0
 11
13810.02316566117
 21
-202.004453477416
 31
0.0
  0
LINE
  5
1EBB1
330
1F
100
AcDbEntity
  8
0
100
AcDbLine
 10
13839.38316566116
 20
-198.1044534773926
 30
0.0
 11
13839.38316566116
 21
-199.6044534773926
 31
0.0
  0
LINE
  5
1EBB2
330
1F
100
AcDbEntity
  8
0
100
AcDbLine
 10
13827.98316566117
 20
-202.0044534773927
 30
0.0
 11
13827.98316566117
 21
-200.6044534773927
 31
0.0
  0
LINE
  5
1EBB3
330
1F
100
AcDbEntity
  8
0
100
AcDbLine
 10
13827.98316566117
 20
-200.6044534773927
 30
0.0
 11
13838.38316566117
 21
-200.6044534773927
 31
0.0
  0
LINE
  5
1EBB4
330
1F
100
AcDbEntity
  8
0
100
AcDbLine
 10
13838.38316566117
 20
-197.1044534773927
 30
0.0
 11
13822.75316566117
 21
-197.1044534773927
 31
0.0
  0
LINE
  5
1EBB8
330
1F
100
AcDbEntity
  8
0
100
AcDbLine
 10
13815.25316566117
 20
-197.1044534773926
 30
0.0
 11
13799.62316566117
 21
-197.1044534773926
 31
0.0
  0
LINE
  5
1EBB9
330
1F
100
AcDbEntity
  8
0
100
AcDbLine
 10
13798.62316566117
 20
-198.1044534773931
 30
0.0
 11
13798.62316566117
 21
-199.6044534774086
 31
0.0
  0
LINE
  5
1EBBA
330
1F
100
AcDbEntity
  8
0
100
AcDbLine
 10
13799.62316566117
 20
-200.6044534774079
 30
0.0
 11
13810.02316566117
 21
-200.6044534774079
 31
0.0
  0
LINE
  5
1EBBB
330
1F
100
AcDbEntity
  8
0
100
AcDbLine
 10
13810.02316566117
 20
-200.6044534774079
 30
0.0
 11
13810.02316566117
 21
-202.0044534773926
 31
0.0
  0
LINE
  5
1EBBC
330
1F
100
AcDbEntity
  8
0
100
AcDbLine
 10
13827.98316566117
 20
-202.0044534773927
 30
0.0
 11
13889.95566566117
 21
-202.0044534773122
 31
0.0
  0
LINE
  5
1EC04
330
1F
100
AcDbEntity
  8
0
100
AcDbLine
 10
13822.75316566117
 20
-197.1044534773927
 30
0.0
 11
13822.75316566117
 21
-201.504453477418
 31
0.0
  0
LINE
  5
1EC05
330
1F
100
AcDbEntity
  8
0
100
AcDbLine
 10
13815.95316566117
 20
-202.004453477418
 30
0.0
 11
13815.75316566117
 21
-202.004453477418
 31
0.0
  0
LINE
  5
1EC06
330
1F
100
AcDbEntity
  8
0
100
AcDbLine
 10
13815.25316566117
 20
-201.504453477418
 30
0.0
 11
13815.25316566117
 21
-197.1044534773926
 31
0.0
  0
CIRCLE
  5
1EC07
330
1F
100
AcDbEntity
  8
0
100
AcDbCircle
 10
13819.00316566117
 20
-199.5544534774053
 30
0.0
 40
1.35
  0
LINE
  5
1EC08
330
1F
100
AcDbEntity
  8
0
100
AcDbLine
 10
13822.25316566117
 20
-202.004453477418
 30
0.0
 11
13822.05316566117
 21
-202.004453477418
 31
0.0
  0
LINE
  5
1EC09
330
1F
100
AcDbEntity
  8
0
100
AcDbLine
 10
13816.45316566116
 20
-201.5044534774183
 30
0.0
 11
13816.45316566117
 21
-198.6044534773925
 31
0.0
  0
LINE
  5
1EC0A
330
1F
100
AcDbEntity
  8
0
100
AcDbLine
 10
13817.95316566117
 20
-197.1044534773938
 30
0.0
 11
13820.05316566117
 21
-197.1044534773953
 31
0.0
  0
LINE
  5
1EC0B
330
1F
100
AcDbEntity
  8
0
100
AcDbLine
 10
13821.55316566117
 20
-198.6044534773953
 30
0.0
 11
13821.55316566117
 21
-201.504453477418
 31
0.0
  0
LINE
  5
1EC58
330
1F
100
AcDbEntity
  8
0
100
AcDbLine
 10
13799.37316566117
 20
-324.9169534774174
 30
0.0
 11
13799.37316566117
 21
-323.4169534774173
 31
0.0
  0
LINE
  5
1EC59
330
1F
100
AcDbEntity
  8
0
100
AcDbLine
 10
13808.84316566117
 20
-321.0169534774173
 30
0.0
 11
13808.84316566117
 21
-322.4169534774173
 31
0.0
  0
LINE
  5
1EC5A
330
1F
100
AcDbEntity
  8
0
100
AcDbLine
 10
13808.84316566117
 20
-322.4169534774173
 30
0.0
 11
13800.37316566117
 21
-322.4169534774173
 31
0.0
  0
LINE
  5
1EC5B
330
1F
100
AcDbEntity
  8
0
100
AcDbLine
 10
13800.37316566117
 20
-325.9169534774173
 30
0.0
 11
13814.07316566117
 21
-325.9169534774173
 31
0.0
  0
LINE
  5
1EC5C
330
1F
100
AcDbEntity
  8
0
100
AcDbLine
 10
13814.07316566117
 20
-325.9169534774173
 30
0.0
 11
13814.07316566117
 21
-321.516953477392
 31
0.0
  0
LINE
  5
1EC5D
330
1F
100
AcDbEntity
  8
0
100
AcDbLine
 10
13820.87316566117
 20
-321.016953477392
 30
0.0
 11
13821.07316566117
 21
-321.016953477392
 31
0.0
  0
LINE
  5
1EC5E
330
1F
100
AcDbEntity
  8
0
100
AcDbLine
 10
13821.57316566117
 20
-321.516953477392
 30
0.0
 11
13821.57316566117
 21
-325.9169534774173
 31
0.0
  0
LINE
  5
1EC5F
330
1F
100
AcDbEntity
  8
0
100
AcDbLine
 10
13821.57316566117
 20
-325.9169534774173
 30
0.0
 11
13837.20316566117
 21
-325.9169534774173
 31
0.0
  0
LINE
  5
1EC60
330
1F
100
AcDbEntity
  8
0
100
AcDbLine
 10
13838.20316566117
 20
-324.9169534774166
 30
0.0
 11
13838.20316566117
 21
-323.4169534774016
 31
0.0
  0
LINE
  5
1EC61
330
1F
100
AcDbEntity
  8
0
100
AcDbLine
 10
13837.20316566117
 20
-322.4169534774021
 30
0.0
 11
13826.80316566117
 21
-322.4169534774021
 31
0.0
  0
LINE
  5
1EC62
330
1F
100
AcDbEntity
  8
0
100
AcDbLine
 10
13826.80316566117
 20
-322.4169534774021
 30
0.0
 11
13826.80316566117
 21
-321.0169534774174
 31
0.0
  0
LINE
  5
1EC63
330
1F
100
AcDbEntity
  8
0
100
AcDbLine
 10
13808.84316566117
 20
-321.0169534774173
 30
0.0
 11
13791.52316566117
 21
-321.0169534774398
 31
0.0
  0
LINE
  5
1EC64
330
1F
100
AcDbEntity
  8
0
100
AcDbLine
 10
13883.34566566117
 20
-324.9169534774651
 30
0.0
 11
13883.34566566117
 21
-323.4169534774651
 31
0.0
  0
LINE
  5
1EC65
330
1F
100
AcDbEntity
  8
0
100
AcDbLine
 10
13898.34566566117
 20
-322.4169534774651
 30
0.0
 11
13884.34566566117
 21
-322.4169534774651
 31
0.0
  0
LINE
  5
1EC66
330
1F
100
AcDbEntity
  8
0
100
AcDbLine
 10
13884.34566566117
 20
-325.9169534774652
 30
0.0
 11
13914.53566566117
 21
-325.9169534774652
 31
0.0
  0
LINE
  5
1EC67
330
1F
100
AcDbEntity
  8
0
100
AcDbLine
 10
13898.34566566117
 20
-322.4169534774651
 30
0.0
 11
13898.34566566117
 21
-321.0169534774652
 31
0.0
  0
LINE
  5
1EC68
330
1F
100
AcDbEntity
  8
0
100
AcDbLine
 10
13922.03566566117
 20
-325.9169534774652
 30
0.0
 11
13952.22566566117
 21
-325.9169534774652
 31
0.0
  0
LINE
  5
1EC69
330
1F
100
AcDbEntity
  8
0
100
AcDbLine
 10
13953.22566566117
 20
-324.9169534774651
 30
0.0
 11
13953.22566566117
 21
-323.4169534774651
 31
0.0
  0
LINE
  5
1EC6A
330
1F
100
AcDbEntity
  8
0
100
AcDbLine
 10
13952.22566566117
 20
-322.4169534774651
 30
0.0
 11
13938.22566566118
 21
-322.4169534774651
 31
0.0
  0
LINE
  5
1EC6B
330
1F
100
AcDbEntity
  8
0
100
AcDbLine
 10
13938.22566566118
 20
-322.4169534774651
 30
0.0
 11
13938.22566566118
 21
-321.0169534774652
 31
0.0
  0
LINE
  5
1EC6C
330
1F
100
AcDbEntity
  8
0
100
AcDbLine
 10
13995.82566566118
 20
-324.9169534774651
 30
0.0
 11
13995.82566566118
 21
-323.4169534774651
 31
0.0
  0
LINE
  5
1EC6D
330
1F
100
AcDbEntity
  8
0
100
AcDbLine
 10
14010.82566566118
 20
-322.4169534774651
 30
0.0
 11
13996.82566566118
 21
-322.4169534774651
 31
0.0
  0
LINE
  5
1EC6E
330
1F
100
AcDbEntity
  8
0
100
AcDbLine
 10
13996.82566566118
 20
-325.9169534774652
 30
0.0
 11
14027.01566566117
 21
-325.9169534774652
 31
0.0
  0
LINE
  5
1EC6F
330
1F
100
AcDbEntity
  8
0
100
AcDbLine
 10
14010.82566566118
 20
-322.4169534774651
 30
0.0
 11
14010.82566566118
 21
-321.0169534774652
 31
0.0
  0
LINE
  5
1EC70
330
1F
100
AcDbEntity
  8
0
100
AcDbLine
 10
14034.51566566118
 20
-325.9169534774652
 30
0.0
 11
14064.70566566118
 21
-325.9169534774652
 31
0.0
  0
LINE
  5
1EC71
330
1F
100
AcDbEntity
  8
0
100
AcDbLine
 10
14065.70566566118
 20
-324.9169534774651
 30
0.0
 11
14065.70566566118
 21
-323.4169534774651
 31
0.0
  0
LINE
  5
1EC72
330
1F
100
AcDbEntity
  8
0
100
AcDbLine
 10
14064.70566566118
 20
-322.4169534774651
 30
0.0
 11
14050.70566566118
 21
-322.4169534774651
 31
0.0
  0
LINE
  5
1EC73
330
1F
100
AcDbEntity
  8
0
100
AcDbLine
 10
14050.70566566118
 20
-322.4169534774651
 30
0.0
 11
14050.70566566118
 21
-321.0169534774652
 31
0.0
  0
LINE
  5
1EC75
330
1F
100
AcDbEntity
  8
0
100
AcDbLine
 10
14136.19566566118
 20
-321.0169534774177
 30
0.0
 11
14117.69566566117
 21
-321.0169534774419
 31
0.0
  0
LINE
  5
1EC76
330
1F
100
AcDbEntity
  8
0
100
AcDbLine
 10
14088.33566566118
 20
-324.9169534774651
 30
0.0
 11
14088.33566566118
 21
-323.4169534774651
 31
0.0
  0
LINE
  5
1EC77
330
1F
100
AcDbEntity
  8
0
100
AcDbLine
 10
14099.73566566117
 20
-321.0169534774652
 30
0.0
 11
14099.73566566117
 21
-322.4169534774651
 31
0.0
  0
LINE
  5
1EC78
330
1F
100
AcDbEntity
  8
0
100
AcDbLine
 10
14099.73566566117
 20
-322.4169534774651
 30
0.0
 11
14089.33566566117
 21
-322.4169534774651
 31
0.0
  0
LINE
  5
1EC79
330
1F
100
AcDbEntity
  8
0
100
AcDbLine
 10
14089.33566566117
 20
-325.9169534774652
 30
0.0
 11
14104.96566566117
 21
-325.9169534774652
 31
0.0
  0
LINE
  5
1EC7A
330
1F
100
AcDbEntity
  8
0
100
AcDbLine
 10
14112.46566566117
 20
-325.9169534774652
 30
0.0
 11
14128.09566566117
 21
-325.9169534774652
 31
0.0
  0
LINE
  5
1EC7B
330
1F
100
AcDbEntity
  8
0
100
AcDbLine
 10
14129.09566566117
 20
-324.9169534774645
 30
0.0
 11
14129.09566566117
 21
-323.4169534774494
 31
0.0
  0
LINE
  5
1EC7C
330
1F
100
AcDbEntity
  8
0
100
AcDbLine
 10
14128.09566566117
 20
-322.4169534774499
 30
0.0
 11
14117.69566566117
 21
-322.4169534774499
 31
0.0
  0
LINE
  5
1EC7D
330
1F
100
AcDbEntity
  8
0
100
AcDbLine
 10
14117.69566566117
 20
-322.4169534774499
 30
0.0
 11
14117.69566566117
 21
-321.0169534774652
 31
0.0
  0
CIRCLE
  5
1EC7F
330
1F
100
AcDbEntity
  8
0
100
AcDbCircle
 10
13817.82316566117
 20
-323.4669534774047
 30
0.0
 40
1.35
  0
LINE
  5
1EC80
330
1F
100
AcDbEntity
  8
0
100
AcDbLine
 10
13814.57316566117
 20
-321.016953477392
 30
0.0
 11
13814.77316566117
 21
-321.016953477392
 31
0.0
  0
LINE
  5
1EC81
330
1F
100
AcDbEntity
  8
0
100
AcDbLine
 10
13820.37316566117
 20
-321.5169534773916
 30
0.0
 11
13820.37316566117
 21
-324.4169534774175
 31
0.0
  0
LINE
  5
1EC82
330
1F
100
AcDbEntity
  8
0
100
AcDbLine
 10
13818.87316566117
 20
-325.9169534774162
 30
0.0
 11
13816.77316566117
 21
-325.9169534774147
 31
0.0
  0
LINE
  5
1EC83
330
1F
100
AcDbEntity
  8
0
100
AcDbLine
 10
13815.27316566117
 20
-324.4169534774147
 30
0.0
 11
13815.27316566117
 21
-321.516953477392
 31
0.0
  0
LINE
  5
1ED16
330
1F
100
AcDbEntity
  8
0
100
AcDbLine
 10
13826.80316566117
 20
-321.0169534774174
 30
0.0
 11
13898.34566566117
 21
-321.0169534774174
 31
0.0
  0
LINE
  5
1ED17
330
1F
100
AcDbEntity
  8
0
100
AcDbLine
 10
13938.22566566118
 20
-321.0169534774652
 30
0.0
 11
14010.82566566118
 21
-321.0169534774652
 31
0.0
  0
ARC
  5
1ED18
330
1F
100
AcDbEntity
  8
0
100
AcDbCircle
 10
13820.87316566117
 20
-321.516953477392
 30
0.0
 40
0.5
100
AcDbArc
 50
90.0
 51
179.9999999999574
  0
ARC
  5
1ED19
330
1F
100
AcDbEntity
  8
0
100
AcDbCircle
 10
13821.07316566117
 20
-321.516953477392
 30
0.0
 40
0.5
100
AcDbArc
 50
0.0
 51
90.0
  0
ARC
  5
1ED1A
330
1F
100
AcDbEntity
  8
0
100
AcDbCircle
 10
13814.57316566117
 20
-321.516953477392
 30
0.0
 40
0.5
100
AcDbArc
 50
90.0
 51
180.0
  0
ARC
  5
1ED1B
330
1F
100
AcDbEntity
  8
0
100
AcDbCircle
 10
13814.77316566117
 20
-321.516953477392
 30
0.0
 40
0.5
100
AcDbArc
 50
0.0
 51
90.0
  0
ARC
  5
1ED1C
330
1F
100
AcDbEntity
  8
0
100
AcDbCircle
 10
13815.75316566117
 20
-201.504453477418
 30
0.0
 40
0.5
100
AcDbArc
 50
180.0
 51
270.0000000000013
  0
ARC
  5
1ED1D
330
1F
100
AcDbEntity
  8
0
100
AcDbCircle
 10
13815.95316566117
 20
-201.504453477418
 30
0.0
 40
0.5
100
AcDbArc
 50
270.0000000000023
 51
359.9999999999575
  0
ARC
  5
1ED1E
330
1F
100
AcDbEntity
  8
0
100
AcDbCircle
 10
13822.05316566117
 20
-201.504453477418
 30
0.0
 40
0.5
100
AcDbArc
 50
180.0
 51
270.0
  0
ARC
  5
1ED1F
330
1F
100
AcDbEntity
  8
0
100
AcDbCircle
 10
13822.25316566117
 20
-201.504453477418
 30
0.0
 40
0.5
100
AcDbArc
 50
270.0
 51
0.0
  0
ARC
  5
1ED20
330
1F
100
AcDbEntity
  8
0
100
AcDbCircle
 10
13820.05316566117
 20
-198.6044534773953
 30
0.0
 40
1.5
100
AcDbArc
 50
0.0
 51
89.99999999995754
  0
ARC
  5
1ED21
330
1F
100
AcDbEntity
  8
0
100
AcDbCircle
 10
13817.95316566117
 20
-198.6044534773937
 30
0.0
 40
1.5
100
AcDbArc
 50
89.99999999995749
 51
179.9999999999526
  0
ARC
  5
1ED23
330
1F
100
AcDbEntity
  8
0
100
AcDbCircle
 10
13816.77316566117
 20
-324.4169534774147
 30
0.0
 40
1.5
100
AcDbArc
 50
180.0
 51
269.9999999999572
  0
ARC
  5
1ED24
330
1F
100
AcDbEntity
  8
0
100
AcDbCircle
 10
13818.87316566117
 20
-324.4169534774162
 30
0.0
 40
1.5
100
AcDbArc
 50
269.9999999999575
 51
359.9999999999526
  0
LINE
  5
1ED25
330
1F
100
AcDbEntity
  8
0
100
AcDbLine
 10
13914.53566566117
 20
-325.9169534774652
 30
0.0
 11
13914.53566566117
 21
-321.5169534774398
 31
0.0
  0
ARC
  5
1ED26
330
1F
100
AcDbEntity
  8
0
100
AcDbCircle
 10
13915.03566566117
 20
-321.5169534774398
 30
0.0
 40
0.5
100
AcDbArc
 50
90.0
 51
180.0
  0
LINE
  5
1ED27
330
1F
100
AcDbEntity
  8
0
100
AcDbLine
 10
13921.33566566118
 20
-321.0169534774398
 30
0.0
 11
13921.53566566117
 21
-321.0169534774398
 31
0.0
  0
ARC
  5
1ED28
330
1F
100
AcDbEntity
  8
0
100
AcDbCircle
 10
13921.33566566118
 20
-321.5169534774398
 30
0.0
 40
0.5
100
AcDbArc
 50
90.0
 51
179.9999999999574
  0
LINE
  5
1ED29
330
1F
100
AcDbEntity
  8
0
100
AcDbLine
 10
13922.03566566117
 20
-321.5169534774398
 30
0.0
 11
13922.03566566117
 21
-325.9169534774652
 31
0.0
  0
ARC
  5
1ED2A
330
1F
100
AcDbEntity
  8
0
100
AcDbCircle
 10
13921.53566566117
 20
-321.5169534774398
 30
0.0
 40
0.5
100
AcDbArc
 50
0.0
 51
90.0
  0
CIRCLE
  5
1ED2B
330
1F
100
AcDbEntity
  8
0
100
AcDbCircle
 10
13918.28566566117
 20
-323.4669534774525
 30
0.0
 40
1.35
  0
LINE
  5
1ED2C
330
1F
100
AcDbEntity
  8
0
100
AcDbLine
 10
13915.03566566117
 20
-321.0169534774398
 30
0.0
 11
13915.23566566117
 21
-321.0169534774398
 31
0.0
  0
LINE
  5
1ED2D
330
1F
100
AcDbEntity
  8
0
100
AcDbLine
 10
13920.83566566117
 20
-321.5169534774394
 30
0.0
 11
13920.83566566117
 21
-324.4169534774652
 31
0.0
  0
ARC
  5
1ED2E
330
1F
100
AcDbEntity
  8
0
100
AcDbCircle
 10
13919.33566566117
 20
-324.416953477464
 30
0.0
 40
1.5
100
AcDbArc
 50
269.9999999999576
 51
359.9999999999526
  0
LINE
  5
1ED2F
330
1F
100
AcDbEntity
  8
0
100
AcDbLine
 10
13919.33566566117
 20
-325.916953477464
 30
0.0
 11
13917.23566566117
 21
-325.9169534774625
 31
0.0
  0
ARC
  5
1ED30
330
1F
100
AcDbEntity
  8
0
100
AcDbCircle
 10
13917.23566566117
 20
-324.4169534774625
 30
0.0
 40
1.5
100
AcDbArc
 50
180.0
 51
269.9999999999568
  0
LINE
  5
1ED31
330
1F
100
AcDbEntity
  8
0
100
AcDbLine
 10
13915.73566566117
 20
-324.4169534774625
 30
0.0
 11
13915.73566566117
 21
-321.5169534774398
 31
0.0
  0
ARC
  5
1ED32
330
1F
100
AcDbEntity
  8
0
100
AcDbCircle
 10
13915.23566566117
 20
-321.5169534774398
 30
0.0
 40
0.5
100
AcDbArc
 50
0.0
 51
90.0
  0
LINE
  5
1ED33
330
1F
100
AcDbEntity
  8
0
100
AcDbLine
 10
14027.01566566117
 20
-325.9169534774652
 30
0.0
 11
14027.01566566117
 21
-321.5169534774398
 31
0.0
  0
ARC
  5
1ED34
330
1F
100
AcDbEntity
  8
0
100
AcDbCircle
 10
14027.51566566118
 20
-321.5169534774398
 30
0.0
 40
0.5
100
AcDbArc
 50
90.0
 51
180.0
  0
LINE
  5
1ED35
330
1F
100
AcDbEntity
  8
0
100
AcDbLine
 10
14033.81566566118
 20
-321.0169534774398
 30
0.0
 11
14034.01566566118
 21
-321.0169534774398
 31
0.0
  0
ARC
  5
1ED36
330
1F
100
AcDbEntity
  8
0
100
AcDbCircle
 10
14033.81566566118
 20
-321.5169534774398
 30
0.0
 40
0.5
100
AcDbArc
 50
90.0
 51
179.9999999999574
  0
LINE
  5
1ED37
330
1F
100
AcDbEntity
  8
0
100
AcDbLine
 10
14034.51566566118
 20
-321.5169534774398
 30
0.0
 11
14034.51566566118
 21
-325.9169534774652
 31
0.0
  0
ARC
  5
1ED38
330
1F
100
AcDbEntity
  8
0
100
AcDbCircle
 10
14034.01566566118
 20
-321.5169534774398
 30
0.0
 40
0.5
100
AcDbArc
 50
0.0
 51
90.0
  0
CIRCLE
  5
1ED39
330
1F
100
AcDbEntity
  8
0
100
AcDbCircle
 10
14030.76566566118
 20
-323.4669534774525
 30
0.0
 40
1.35
  0
LINE
  5
1ED3A
330
1F
100
AcDbEntity
  8
0
100
AcDbLine
 10
14027.51566566118
 20
-321.0169534774398
 30
0.0
 11
14027.71566566118
 21
-321.0169534774398
 31
0.0
  0
LINE
  5
1ED3B
330
1F
100
AcDbEntity
  8
0
100
AcDbLine
 10
14033.31566566118
 20
-321.5169534774394
 30
0.0
 11
14033.31566566117
 21
-324.4169534774652
 31
0.0
  0
ARC
  5
1ED3C
330
1F
100
AcDbEntity
  8
0
100
AcDbCircle
 10
14031.81566566118
 20
-324.416953477464
 30
0.0
 40
1.5
100
AcDbArc
 50
269.9999999999576
 51
359.9999999999526
  0
LINE
  5
1ED3D
330
1F
100
AcDbEntity
  8
0
100
AcDbLine
 10
14031.81566566117
 20
-325.916953477464
 30
0.0
 11
14029.71566566117
 21
-325.9169534774625
 31
0.0
  0
ARC
  5
1ED3E
330
1F
100
AcDbEntity
  8
0
100
AcDbCircle
 10
14029.71566566117
 20
-324.4169534774625
 30
0.0
 40
1.5
100
AcDbArc
 50
180.0
 51
269.9999999999576
  0
LINE
  5
1ED3F
330
1F
100
AcDbEntity
  8
0
100
AcDbLine
 10
14028.21566566117
 20
-324.4169534774625
 30
0.0
 11
14028.21566566117
 21
-321.5169534774398
 31
0.0
  0
ARC
  5
1ED40
330
1F
100
AcDbEntity
  8
0
100
AcDbCircle
 10
14027.71566566118
 20
-321.5169534774398
 30
0.0
 40
0.5
100
AcDbArc
 50
0.0
 51
90.0
  0
LINE
  5
1ED41
330
1F
100
AcDbEntity
  8
0
100
AcDbLine
 10
14104.96566566117
 20
-325.9169534774652
 30
0.0
 11
14104.96566566117
 21
-321.5169534774399
 31
0.0
  0
ARC
  5
1ED42
330
1F
100
AcDbEntity
  8
0
100
AcDbCircle
 10
14105.46566566117
 20
-321.5169534774399
 30
0.0
 40
0.5
100
AcDbArc
 50
90.0
 51
180.0
  0
LINE
  5
1ED43
330
1F
100
AcDbEntity
  8
0
100
AcDbLine
 10
14111.76566566117
 20
-321.0169534774399
 30
0.0
 11
14111.96566566117
 21
-321.0169534774399
 31
0.0
  0
ARC
  5
1ED44
330
1F
100
AcDbEntity
  8
0
100
AcDbCircle
 10
14111.76566566117
 20
-321.5169534774399
 30
0.0
 40
0.5
100
AcDbArc
 50
90.0
 51
179.9999999999574
  0
LINE
  5
1ED45
330
1F
100
AcDbEntity
  8
0
100
AcDbLine
 10
14112.46566566117
 20
-321.5169534774399
 30
0.0
 11
14112.46566566117
 21
-325.9169534774652
 31
0.0
  0
ARC
  5
1ED46
330
1F
100
AcDbEntity
  8
0
100
AcDbCircle
 10
14111.96566566117
 20
-321.5169534774399
 30
0.0
 40
0.5
100
AcDbArc
 50
0.0
 51
90.0
  0
CIRCLE
  5
1ED47
330
1F
100
AcDbEntity
  8
0
100
AcDbCircle
 10
14108.71566566117
 20
-323.4669534774525
 30
0.0
 40
1.35
  0
LINE
  5
1ED48
330
1F
100
AcDbEntity
  8
0
100
AcDbLine
 10
14105.46566566117
 20
-321.0169534774399
 30
0.0
 11
14105.66566566117
 21
-321.0169534774399
 31
0.0
  0
LINE
  5
1ED49
330
1F
100
AcDbEntity
  8
0
100
AcDbLine
 10
14111.26566566118
 20
-321.5169534774395
 30
0.0
 11
14111.26566566117
 21
-324.4169534774653
 31
0.0
  0
ARC
  5
1ED4A
330
1F
100
AcDbEntity
  8
0
100
AcDbCircle
 10
14109.76566566117
 20
-324.4169534774641
 30
0.0
 40
1.5
100
AcDbArc
 50
269.9999999999576
 51
359.9999999999526
  0
LINE
  5
1ED4B
330
1F
100
AcDbEntity
  8
0
100
AcDbLine
 10
14109.76566566117
 20
-325.916953477464
 30
0.0
 11
14107.66566566117
 21
-325.9169534774625
 31
0.0
  0
ARC
  5
1ED4C
330
1F
100
AcDbEntity
  8
0
100
AcDbCircle
 10
14107.66566566117
 20
-324.4169534774625
 30
0.0
 40
1.5
100
AcDbArc
 50
180.0
 51
269.9999999999576
  0
LINE
  5
1ED4D
330
1F
100
AcDbEntity
  8
0
100
AcDbLine
 10
14106.16566566117
 20
-324.4169534774625
 30
0.0
 11
14106.16566566117
 21
-321.5169534774399
 31
0.0
  0
ARC
  5
1ED4E
330
1F
100
AcDbEntity
  8
0
100
AcDbCircle
 10
14105.66566566117
 20
-321.5169534774399
 30
0.0
 40
0.5
100
AcDbArc
 50
0.0
 51
90.0
  0
LINE
  5
1ED4F
330
1F
100
AcDbEntity
  8
0
100
AcDbLine
 10
14050.70566566118
 20
-321.0169534774652
 30
0.0
 11
14099.73566566117
 21
-321.0169534774652
 31
0.0
  0
LINE
  5
1ED50
330
1F
100
AcDbEntity
  8
0
100
AcDbLine
 10
13913.64566566117
 20
-197.1044534774607
 30
0.0
 11
13913.64566566117
 21
-201.504453477486
 31
0.0
  0
ARC
  5
1ED51
330
1F
100
AcDbEntity
  8
0
100
AcDbCircle
 10
13913.14566566117
 20
-201.504453477486
 30
0.0
 40
0.5
100
AcDbArc
 50
270.0
 51
0.0
  0
LINE
  5
1ED52
330
1F
100
AcDbEntity
  8
0
100
AcDbLine
 10
13906.84566566117
 20
-202.004453477486
 30
0.0
 11
13906.64566566117
 21
-202.004453477486
 31
0.0
  0
ARC
  5
1ED53
330
1F
100
AcDbEntity
  8
0
100
AcDbCircle
 10
13906.64566566117
 20
-201.504453477486
 30
0.0
 40
0.5
100
AcDbArc
 50
180.0
 51
270.0000000000017
  0
LINE
  5
1ED54
330
1F
100
AcDbEntity
  8
0
100
AcDbLine
 10
13906.14566566117
 20
-201.504453477486
 30
0.0
 11
13906.14566566117
 21
-197.1044534774607
 31
0.0
  0
CIRCLE
  5
1ED55
330
1F
100
AcDbEntity
  8
0
100
AcDbCircle
 10
13909.89566566117
 20
-199.5544534774733
 30
0.0
 40
1.35
  0
LINE
  5
1ED56
330
1F
100
AcDbEntity
  8
0
100
AcDbLine
 10
13913.14566566117
 20
-202.004453477486
 30
0.0
 11
13912.94566566117
 21
-202.004453477486
 31
0.0
  0
ARC
  5
1ED57
330
1F
100
AcDbEntity
  8
0
100
AcDbCircle
 10
13912.94566566117
 20
-201.504453477486
 30
0.0
 40
0.5
100
AcDbArc
 50
180.0
 51
270.0
  0
LINE
  5
1ED58
330
1F
100
AcDbEntity
  8
0
100
AcDbLine
 10
13907.34566566117
 20
-201.5044534774864
 30
0.0
 11
13907.34566566117
 21
-198.6044534774605
 31
0.0
  0
ARC
  5
1ED59
330
1F
100
AcDbEntity
  8
0
100
AcDbCircle
 10
13908.84566566117
 20
-198.6044534774618
 30
0.0
 40
1.5
100
AcDbArc
 50
89.99999999995766
 51
179.9999999999526
  0
ARC
  5
1ED5A
330
1F
100
AcDbEntity
  8
0
100
AcDbCircle
 10
13906.84566566117
 20
-201.504453477486
 30
0.0
 40
0.5
100
AcDbArc
 50
270.0000000000025
 51
359.9999999999575
  0
LINE
  5
1ED5B
330
1F
100
AcDbEntity
  8
0
100
AcDbLine
 10
13908.84566566118
 20
-197.1044534774618
 30
0.0
 11
13910.94566566118
 21
-197.1044534774634
 31
0.0
  0
LINE
  5
1ED5C
330
1F
100
AcDbEntity
  8
0
100
AcDbLine
 10
13912.44566566117
 20
-198.6044534774634
 30
0.0
 11
13912.44566566117
 21
-201.504453477486
 31
0.0
  0
ARC
  5
1ED5D
330
1F
100
AcDbEntity
  8
0
100
AcDbCircle
 10
13910.94566566117
 20
-198.6044534774634
 30
0.0
 40
1.5
100
AcDbArc
 50
0.0
 51
89.99999999995766
  0
LINE
  5
1ED5E
330
1F
100
AcDbEntity
  8
0
100
AcDbLine
 10
14021.09566566117
 20
-197.1044534774607
 30
0.0
 11
14021.09566566117
 21
-201.504453477486
 31
0.0
  0
ARC
  5
1ED5F
330
1F
100
AcDbEntity
  8
0
100
AcDbCircle
 10
14020.59566566117
 20
-201.504453477486
 30
0.0
 40
0.5
100
AcDbArc
 50
270.0
 51
0.0
  0
LINE
  5
1ED60
330
1F
100
AcDbEntity
  8
0
100
AcDbLine
 10
14014.29566566117
 20
-202.004453477486
 30
0.0
 11
14014.09566566117
 21
-202.004453477486
 31
0.0
  0
ARC
  5
1ED61
330
1F
100
AcDbEntity
  8
0
100
AcDbCircle
 10
14014.09566566117
 20
-201.504453477486
 30
0.0
 40
0.5
100
AcDbArc
 50
180.0
 51
270.0000000000017
  0
LINE
  5
1ED62
330
1F
100
AcDbEntity
  8
0
100
AcDbLine
 10
14013.59566566117
 20
-201.504453477486
 30
0.0
 11
14013.59566566117
 21
-197.1044534774607
 31
0.0
  0
CIRCLE
  5
1ED63
330
1F
100
AcDbEntity
  8
0
100
AcDbCircle
 10
14017.34566566117
 20
-199.5544534774733
 30
0.0
 40
1.35
  0
LINE
  5
1ED64
330
1F
100
AcDbEntity
  8
0
100
AcDbLine
 10
14020.59566566117
 20
-202.004453477486
 30
0.0
 11
14020.39566566118
 21
-202.004453477486
 31
0.0
  0
ARC
  5
1ED65
330
1F
100
AcDbEntity
  8
0
100
AcDbCircle
 10
14020.39566566118
 20
-201.504453477486
 30
0.0
 40
0.5
100
AcDbArc
 50
180.0
 51
270.0
  0
LINE
  5
1ED66
330
1F
100
AcDbEntity
  8
0
100
AcDbLine
 10
14014.79566566117
 20
-201.5044534774864
 30
0.0
 11
14014.79566566117
 21
-198.6044534774605
 31
0.0
  0
ARC
  5
1ED67
330
1F
100
AcDbEntity
  8
0
100
AcDbCircle
 10
14016.29566566118
 20
-198.6044534774618
 30
0.0
 40
1.5
100
AcDbArc
 50
89.99999999995766
 51
179.9999999999526
  0
ARC
  5
1ED68
330
1F
100
AcDbEntity
  8
0
100
AcDbCircle
 10
14014.29566566117
 20
-201.504453477486
 30
0.0
 40
0.5
100
AcDbArc
 50
270.0000000000017
 51
359.9999999999575
  0
LINE
  5
1ED69
330
1F
100
AcDbEntity
  8
0
100
AcDbLine
 10
14016.29566566118
 20
-197.1044534774618
 30
0.0
 11
14018.39566566118
 21
-197.1044534774634
 31
0.0
  0
LINE
  5
1ED6A
330
1F
100
AcDbEntity
  8
0
100
AcDbLine
 10
14019.89566566117
 20
-198.6044534774634
 30
0.0
 11
14019.89566566117
 21
-201.504453477486
 31
0.0
  0
ARC
  5
1ED6B
330
1F
100
AcDbEntity
  8
0
100
AcDbCircle
 10
14018.39566566118
 20
-198.6044534774634
 30
0.0
 40
1.5
100
AcDbArc
 50
0.0
 51
89.99999999995766
  0
LINE
  5
1ED6C
330
1F
100
AcDbEntity
  8
0
100
AcDbLine
 10
14112.46566566117
 20
-197.1044534774421
 30
0.0
 11
14112.46566566117
 21
-201.5044534774673
 31
0.0
  0
ARC
  5
1ED6D
330
1F
100
AcDbEntity
  8
0
100
AcDbCircle
 10
14111.96566566117
 20
-201.5044534774673
 30
0.0
 40
0.5
100
AcDbArc
 50
270.0
 51
0.0
  0
LINE
  5
1ED6E
330
1F
100
AcDbEntity
  8
0
100
AcDbLine
 10
14105.66566566117
 20
-202.0044534774674
 30
0.0
 11
14105.46566566117
 21
-202.0044534774674
 31
0.0
  0
ARC
  5
1ED6F
330
1F
100
AcDbEntity
  8
0
100
AcDbCircle
 10
14105.46566566117
 20
-201.5044534774673
 30
0.0
 40
0.5
100
AcDbArc
 50
180.0
 51
270.0
  0
LINE
  5
1ED70
330
1F
100
AcDbEntity
  8
0
100
AcDbLine
 10
14104.96566566117
 20
-201.5044534774673
 30
0.0
 11
14104.96566566117
 21
-197.104453477442
 31
0.0
  0
CIRCLE
  5
1ED71
330
1F
100
AcDbEntity
  8
0
100
AcDbCircle
 10
14108.71566566117
 20
-199.5544534774547
 30
0.0
 40
1.35
  0
LINE
  5
1ED72
330
1F
100
AcDbEntity
  8
0
100
AcDbLine
 10
14111.96566566117
 20
-202.0044534774674
 30
0.0
 11
14111.76566566117
 21
-202.0044534774674
 31
0.0
  0
ARC
  5
1ED73
330
1F
100
AcDbEntity
  8
0
100
AcDbCircle
 10
14111.76566566117
 20
-201.5044534774673
 30
0.0
 40
0.5
100
AcDbArc
 50
180.0
 51
270.0
  0
LINE
  5
1ED74
330
1F
100
AcDbEntity
  8
0
100
AcDbLine
 10
14106.16566566117
 20
-201.5044534774677
 30
0.0
 11
14106.16566566117
 21
-198.6044534774419
 31
0.0
  0
ARC
  5
1ED75
330
1F
100
AcDbEntity
  8
0
100
AcDbCircle
 10
14107.66566566117
 20
-198.6044534774432
 30
0.0
 40
1.5
100
AcDbArc
 50
89.99999999995766
 51
179.9999999999526
  0
ARC
  5
1ED76
330
1F
100
AcDbEntity
  8
0
100
AcDbCircle
 10
14105.66566566117
 20
-201.5044534774673
 30
0.0
 40
0.5
100
AcDbArc
 50
270.0000000000033
 51
359.9999999999575
  0
LINE
  5
1ED77
330
1F
100
AcDbEntity
  8
0
100
AcDbLine
 10
14107.66566566117
 20
-197.1044534774432
 30
0.0
 11
14109.76566566117
 21
-197.1044534774447
 31
0.0
  0
LINE
  5
1ED78
330
1F
100
AcDbEntity
  8
0
100
AcDbLine
 10
14111.26566566117
 20
-198.6044534774447
 30
0.0
 11
14111.26566566117
 21
-201.5044534774673
 31
0.0
  0
ARC
  5
1ED79
330
1F
100
AcDbEntity
  8
0
100
AcDbCircle
 10
14109.76566566117
 20
-198.6044534774447
 30
0.0
 40
1.5
100
AcDbArc
 50
0.0
 51
89.99999999995766
  0
ARC
  5
1ED7C
330
1F
100
AcDbEntity
  8
0
100
AcDbCircle
 10
13799.62316566117
 20
-198.1044534773926
 30
0.0
 40
1.0
100
AcDbArc
 50
90.0
 51
180.0000000000297
  0
ARC
  5
1ED7D
330
1F
100
AcDbEntity
  8
0
100
AcDbCircle
 10
13799.62316566117
 20
-199.6044534774079
 30
0.0
 40
1.0
100
AcDbArc
 50
180.0000000000416
 51
270.0
  0
ARC
  5
1ED7E
330
1F
100
AcDbEntity
  8
0
100
AcDbCircle
 10
13838.38316566117
 20
-198.1044534773926
 30
0.0
 40
1.0
100
AcDbArc
 50
0.0
 51
90.0
  0
ARC
  5
1ED7F
330
1F
100
AcDbEntity
  8
0
100
AcDbCircle
 10
13838.38316566117
 20
-199.6044534773926
 30
0.0
 40
1.0
100
AcDbArc
 50
270.0
 51
0.0
  0
ARC
  5
1ED80
330
1F
100
AcDbEntity
  8
0
100
AcDbCircle
 10
13875.95566566117
 20
-198.1044534774607
 30
0.0
 40
1.0
100
AcDbArc
 50
90.0
 51
180.0
  0
ARC
  5
1ED81
330
1F
100
AcDbEntity
  8
0
100
AcDbCircle
 10
13875.95566566117
 20
-199.6044534774607
 30
0.0
 40
1.0
100
AcDbArc
 50
180.0
 51
270.0
  0
ARC
  5
1ED82
330
1F
100
AcDbEntity
  8
0
100
AcDbCircle
 10
13943.83566566117
 20
-198.1044534774607
 30
0.0
 40
1.0
100
AcDbArc
 50
0.0
 51
90.0
  0
ARC
  5
1ED83
330
1F
100
AcDbEntity
  8
0
100
AcDbCircle
 10
13943.83566566117
 20
-199.6044534774607
 30
0.0
 40
1.0
100
AcDbArc
 50
270.0
 51
0.0
  0
ARC
  5
1ED84
330
1F
100
AcDbEntity
  8
0
100
AcDbCircle
 10
13983.40566566117
 20
-198.1044534774607
 30
0.0
 40
1.0
100
AcDbArc
 50
90.0
 51
180.0
  0
ARC
  5
1ED85
330
1F
100
AcDbEntity
  8
0
100
AcDbCircle
 10
13983.40566566117
 20
-199.6044534774607
 30
0.0
 40
1.0
100
AcDbArc
 50
180.0
 51
270.0
  0
ARC
  5
1ED86
330
1F
100
AcDbEntity
  8
0
100
AcDbCircle
 10
14051.28566566117
 20
-198.1044534774607
 30
0.0
 40
1.0
100
AcDbArc
 50
0.0
 51
90.0
  0
ARC
  5
1ED87
330
1F
100
AcDbEntity
  8
0
100
AcDbCircle
 10
14051.28566566117
 20
-199.6044534774607
 30
0.0
 40
1.0
100
AcDbArc
 50
270.0
 51
0.0
  0
ARC
  5
1ED88
330
1F
100
AcDbEntity
  8
0
100
AcDbCircle
 10
14089.33566566117
 20
-198.104453477442
 30
0.0
 40
1.0
100
AcDbArc
 50
90.0
 51
180.0000000000297
  0
ARC
  5
1ED89
330
1F
100
AcDbEntity
  8
0
100
AcDbCircle
 10
14089.33566566117
 20
-199.6044534774573
 30
0.0
 40
1.0
100
AcDbArc
 50
180.0000000000416
 51
270.0
  0
ARC
  5
1ED8A
330
1F
100
AcDbEntity
  8
0
100
AcDbCircle
 10
14128.09566566117
 20
-198.104453477442
 30
0.0
 40
1.0
100
AcDbArc
 50
0.0
 51
90.0
  0
ARC
  5
1ED8B
330
1F
100
AcDbEntity
  8
0
100
AcDbCircle
 10
14128.09566566117
 20
-199.604453477442
 30
0.0
 40
1.0
100
AcDbArc
 50
270.0
 51
0.0
  0
ARC
  5
1ED8C
330
1F
100
AcDbEntity
  8
0
100
AcDbCircle
 10
14128.09566566117
 20
-323.4169534774499
 30
0.0
 40
1.0
100
AcDbArc
 50
0.00000000002977
 51
90.0
  0
ARC
  5
1ED8D
330
1F
100
AcDbEntity
  8
0
100
AcDbCircle
 10
14128.09566566117
 20
-324.9169534774652
 30
0.0
 40
1.0
100
AcDbArc
 50
270.0
 51
0.0000000000416907
  0
ARC
  5
1ED8E
330
1F
100
AcDbEntity
  8
0
100
AcDbCircle
 10
14089.33566566117
 20
-323.4169534774651
 30
0.0
 40
1.0
100
AcDbArc
 50
90.0
 51
180.0
  0
ARC
  5
1ED8F
330
1F
100
AcDbEntity
  8
0
100
AcDbCircle
 10
14089.33566566117
 20
-324.9169534774651
 30
0.0
 40
1.0
100
AcDbArc
 50
180.0
 51
270.0
  0
ARC
  5
1ED90
330
1F
100
AcDbEntity
  8
0
100
AcDbCircle
 10
14064.70566566118
 20
-324.9169534774651
 30
0.0
 40
1.0
100
AcDbArc
 50
270.0
 51
0.0
  0
ARC
  5
1ED91
330
1F
100
AcDbEntity
  8
0
100
AcDbCircle
 10
14064.70566566118
 20
-323.4169534774651
 30
0.0
 40
1.0
100
AcDbArc
 50
0.0
 51
90.0
  0
ARC
  5
1ED92
330
1F
100
AcDbEntity
  8
0
100
AcDbCircle
 10
13996.82566566118
 20
-323.4169534774651
 30
0.0
 40
1.0
100
AcDbArc
 50
90.0
 51
180.0
  0
ARC
  5
1ED93
330
1F
100
AcDbEntity
  8
0
100
AcDbCircle
 10
13996.82566566118
 20
-324.9169534774651
 30
0.0
 40
1.0
100
AcDbArc
 50
180.0
 51
270.0
  0
ARC
  5
1ED94
330
1F
100
AcDbEntity
  8
0
100
AcDbCircle
 10
13952.22566566117
 20
-324.9169534774651
 30
0.0
 40
1.0
100
AcDbArc
 50
270.0
 51
0.0
  0
ARC
  5
1ED95
330
1F
100
AcDbEntity
  8
0
100
AcDbCircle
 10
13952.22566566117
 20
-323.4169534774651
 30
0.0
 40
1.0
100
AcDbArc
 50
0.0
 51
90.0
  0
ARC
  5
1ED96
330
1F
100
AcDbEntity
  8
0
100
AcDbCircle
 10
13884.34566566117
 20
-323.4169534774651
 30
0.0
 40
1.0
100
AcDbArc
 50
90.0
 51
180.0
  0
ARC
  5
1ED97
330
1F
100
AcDbEntity
  8
0
100
AcDbCircle
 10
13884.34566566117
 20
-324.9169534774651
 30
0.0
 40
1.0
100
AcDbArc
 50
180.0
 51
270.0
  0
ARC
  5
1ED98
330
1F
100
AcDbEntity
  8
0
100
AcDbCircle
 10
13837.20316566117
 20
-323.4169534774021
 30
0.0
 40
1.0
100
AcDbArc
 50
0.00000000002977
 51
90.0
  0
ARC
  5
1ED99
330
1F
100
AcDbEntity
  8
0
100
AcDbCircle
 10
13837.20316566117
 20
-324.9169534774174
 30
0.0
 40
1.0
100
AcDbArc
 50
270.0
 51
0.0000000000416907
  0
ARC
  5
1ED9A
330
1F
100
AcDbEntity
  8
0
100
AcDbCircle
 10
13800.37316566117
 20
-323.4169534774173
 30
0.0
 40
1.0
100
AcDbArc
 50
90.0
 51
180.0
  0
ARC
  5
1ED9B
330
1F
100
AcDbEntity
  8
0
100
AcDbCircle
 10
13800.37316566117
 20
-324.9169534774174
 30
0.0
 40
1.0
100
AcDbArc
 50
180.0
 51
270.0
  0
ARC
  5
1ED9C
330
1F
100
AcDbEntity
  8
0
100
AcDbCircle
 10
13791.52316566117
 20
-203.50445347744
 30
0.0
 40
1.5
100
AcDbArc
 50
90.00000000007442
 51
180.0
  0
ARC
  5
1ED9D
330
1F
100
AcDbEntity
  8
0
100
AcDbCircle
 10
13791.52316566117
 20
-319.5169534774398
 30
0.0
 40
1.5
100
AcDbArc
 50
180.0
 51
270.0000000000744
  0
ARC
  5
1ED9E
330
1F
100
AcDbEntity
  8
0
100
AcDbCircle
 10
14136.19566566117
 20
-319.5169534774178
 30
0.0
 40
1.5
100
AcDbArc
 50
270.0000000000746
 51
0.0
  0
ARC
  5
1ED9F
330
1F
100
AcDbEntity
  8
0
100
AcDbCircle
 10
14136.19566566117
 20
-203.5044534774181
 30
0.0
 40
1.5
100
AcDbArc
 50
0.0
 51
90.00000000007439
  0
LWPOLYLINE
  5
1EDA2
330
1F
100
AcDbEntity
  8
0
100
AcDbPolyline
 90
        8
 70
     1
 43
0.0
 10
14086.03566566117
 20
-264.8669534774422
 10
14132.65910594661
 20
-264.8669534774422
 42
-0.4142135623730951
 10
14135.65910594661
 20
-267.8669534774422
 10
14135.65910594661
 20
-278.4669534774426
 42
-0.4142135623730951
 10
14132.65910594661
 20
-281.4669534774426
 10
14086.03566566117
 20
-281.4669534774426
 42
-0.4142135623730951
 10
14083.03566566117
 20
-278.4669534774426
 10
14083.03566566117
 20
-267.8669534774422
 42
-0.4142135623730951
  0
LINE
  5
1EDDB
330
1F
100
AcDbEntity
  8
0
100
AcDbLine
 10
14047.81691566117
 20
-266.416953477442
 30
0.0
 11
14060.81691566117
 21
-266.416953477442
 31
0.0
  0
LINE
  5
1EDDC
330
1F
100
AcDbEntity
  8
0
100
AcDbLine
 10
14047.81691566117
 20
-280.416953477442
 30
0.0
 11
14060.81691566117
 21
-280.416953477442
 31
0.0
  0
LINE
  5
1EDDD
330
1F
100
AcDbEntity
  8
0
100
AcDbLine
 10
14047.31691566117
 20
-266.916953477442
 30
0.0
 11
14047.31691566117
 21
-279.916953477442
 31
0.0
  0
LINE
  5
1EDDE
330
1F
100
AcDbEntity
  8
0
100
AcDbLine
 10
14061.31691566117
 20
-266.916953477442
 30
0.0
 11
14061.31691566117
 21
-279.916953477442
 31
0.0
  0
ARC
  5
1EDDF
330
1F
100
AcDbEntity
  8
0
100
AcDbCircle
 10
14047.81691566117
 20
-266.916953477442
 30
0.0
 40
0.5
100
AcDbArc
 50
90.0
 51
180.0
  0
ARC
  5
1EDE0
330
1F
100
AcDbEntity
  8
0
100
AcDbCircle
 10
14060.81691566117
 20
-266.916953477442
 30
0.0
 40
0.5
100
AcDbArc
 50
0.0
 51
90.0
  0
ARC
  5
1EDE1
330
1F
100
AcDbEntity
  8
0
100
AcDbCircle
 10
14047.81691566117
 20
-279.916953477442
 30
0.0
 40
0.5
100
AcDbArc
 50
180.0
 51
270.0
  0
ARC
  5
1EDE2
330
1F
100
AcDbEntity
  8
0
100
AcDbCircle
 10
14060.81691566117
 20
-279.916953477442
 30
0.0
 40
0.5
100
AcDbArc
 50
270.0
 51
0.0
  0
LINE
  5
1EDE3
330
1F
100
AcDbEntity
  8
0
100
AcDbLine
 10
14039.37891566117
 20
-267.416953477442
 30
0.0
 11
14045.37891566117
 21
-267.416953477442
 31
0.0
  0
LINE
  5
1EDE4
330
1F
100
AcDbEntity
  8
0
100
AcDbLine
 10
14039.37891566117
 20
-282.416953477442
 30
0.0
 11
14045.37891566117
 21
-282.416953477442
 31
0.0
  0
LINE
  5
1EDE5
330
1F
100
AcDbEntity
  8
0
100
AcDbLine
 10
14038.87891566117
 20
-267.916953477442
 30
0.0
 11
14038.87891566117
 21
-281.916953477442
 31
0.0
  0
LINE
  5
1EDE6
330
1F
100
AcDbEntity
  8
0
100
AcDbLine
 10
14045.87891566117
 20
-267.916953477442
 30
0.0
 11
14045.87891566117
 21
-281.916953477442
 31
0.0
  0
ARC
  5
1EDE7
330
1F
100
AcDbEntity
  8
0
100
AcDbCircle
 10
14039.37891566117
 20
-267.916953477442
 30
0.0
 40
0.5
100
AcDbArc
 50
90.0
 51
180.0
  0
ARC
  5
1EDE8
330
1F
100
AcDbEntity
  8
0
100
AcDbCircle
 10
14045.37891566117
 20
-267.916953477442
 30
0.0
 40
0.5
100
AcDbArc
 50
0.0
 51
90.0
  0
ARC
  5
1EDE9
330
1F
100
AcDbEntity
  8
0
100
AcDbCircle
 10
14039.37891566117
 20
-281.916953477442
 30
0.0
 40
0.5
100
AcDbArc
 50
180.0
 51
270.0
  0
ARC
  5
1EDEA
330
1F
100
AcDbEntity
  8
0
100
AcDbCircle
 10
14045.37891566117
 20
-281.916953477442
 30
0.0
 40
0.5
100
AcDbArc
 50
270.0
 51
0.0
  0
LINE
  5
1EDEB
330
1F
100
AcDbEntity
  8
0
100
AcDbLine
 10
14063.25491566117
 20
-267.416953477442
 30
0.0
 11
14069.25491566117
 21
-267.416953477442
 31
0.0
  0
LINE
  5
1EDEC
330
1F
100
AcDbEntity
  8
0
100
AcDbLine
 10
14063.25491566117
 20
-282.416953477442
 30
0.0
 11
14069.25491566117
 21
-282.416953477442
 31
0.0
  0
LINE
  5
1EDED
330
1F
100
AcDbEntity
  8
0
100
AcDbLine
 10
14062.75491566117
 20
-267.916953477442
 30
0.0
 11
14062.75491566117
 21
-281.916953477442
 31
0.0
  0
LINE
  5
1EDEE
330
1F
100
AcDbEntity
  8
0
100
AcDbLine
 10
14069.75491566117
 20
-267.916953477442
 30
0.0
 11
14069.75491566117
 21
-281.916953477442
 31
0.0
  0
ARC
  5
1EDEF
330
1F
100
AcDbEntity
  8
0
100
AcDbCircle
 10
14063.25491566117
 20
-267.916953477442
 30
0.0
 40
0.5
100
AcDbArc
 50
90.0
 51
180.0
  0
ARC
  5
1EDF0
330
1F
100
AcDbEntity
  8
0
100
AcDbCircle
 10
14069.25491566117
 20
-267.916953477442
 30
0.0
 40
0.5
100
AcDbArc
 50
0.0
 51
90.0
  0
ARC
  5
1EDF1
330
1F
100
AcDbEntity
  8
0
100
AcDbCircle
 10
14063.25491566117
 20
-281.916953477442
 30
0.0
 40
0.5
100
AcDbArc
 50
180.0
 51
270.0
  0
ARC
  5
1EDF2
330
1F
100
AcDbEntity
  8
0
100
AcDbCircle
 10
14069.25491566117
 20
-281.916953477442
 30
0.0
 40
0.5
100
AcDbArc
 50
270.0
 51
0.0
  0
LINE
  5
1EDF3
330
1F
100
AcDbEntity
  8
0
100
AcDbLine
 10
14043.05441566117
 20
-285.4669534774421
 30
0.0
 11
14056.05441566117
 21
-285.4669534774421
 31
0.0
  0
LINE
  5
1EDF4
330
1F
100
AcDbEntity
  8
0
100
AcDbLine
 10
14043.05441566117
 20
-299.4669534774421
 30
0.0
 11
14056.05441566117
 21
-299.4669534774421
 31
0.0
  0
LINE
  5
1EDF5
330
1F
100
AcDbEntity
  8
0
100
AcDbLine
 10
14042.55441566117
 20
-285.9669534774421
 30
0.0
 11
14042.55441566117
 21
-298.9669534774421
 31
0.0
  0
LINE
  5
1EDF6
330
1F
100
AcDbEntity
  8
0
100
AcDbLine
 10
14056.55441566117
 20
-285.9669534774421
 30
0.0
 11
14056.55441566117
 21
-298.9669534774421
 31
0.0
  0
ARC
  5
1EDF7
330
1F
100
AcDbEntity
  8
0
100
AcDbCircle
 10
14043.05441566117
 20
-285.9669534774421
 30
0.0
 40
0.5
100
AcDbArc
 50
90.0
 51
180.0
  0
ARC
  5
1EDF8
330
1F
100
AcDbEntity
  8
0
100
AcDbCircle
 10
14056.05441566117
 20
-285.9669534774421
 30
0.0
 40
0.5
100
AcDbArc
 50
0.0
 51
90.0
  0
ARC
  5
1EDF9
330
1F
100
AcDbEntity
  8
0
100
AcDbCircle
 10
14043.05441566117
 20
-298.9669534774421
 30
0.0
 40
0.5
100
AcDbArc
 50
180.0
 51
270.0
  0
ARC
  5
1EDFA
330
1F
100
AcDbEntity
  8
0
100
AcDbCircle
 10
14056.05441566117
 20
-298.9669534774421
 30
0.0
 40
0.5
100
AcDbArc
 50
270.0
 51
0.0
  0
LINE
  5
1EDFB
330
1F
100
AcDbEntity
  8
0
100
AcDbLine
 10
14034.61641566117
 20
-283.4669534774421
 30
0.0
 11
14040.61641566117
 21
-283.4669534774421
 31
0.0
  0
LINE
  5
1EDFC
330
1F
100
AcDbEntity
  8
0
100
AcDbLine
 10
14034.61641566117
 20
-298.4669534774421
 30
0.0
 11
14040.61641566117
 21
-298.4669534774421
 31
0.0
  0
LINE
  5
1EDFD
330
1F
100
AcDbEntity
  8
0
100
AcDbLine
 10
14034.11641566117
 20
-283.9669534774421
 30
0.0
 11
14034.11641566117
 21
-297.9669534774421
 31
0.0
  0
LINE
  5
1EDFE
330
1F
100
AcDbEntity
  8
0
100
AcDbLine
 10
14041.11641566117
 20
-283.9669534774421
 30
0.0
 11
14041.11641566117
 21
-297.9669534774421
 31
0.0
  0
ARC
  5
1EDFF
330
1F
100
AcDbEntity
  8
0
100
AcDbCircle
 10
14034.61641566117
 20
-283.9669534774421
 30
0.0
 40
0.5
100
AcDbArc
 50
90.0
 51
180.0
  0
ARC
  5
1EE00
330
1F
100
AcDbEntity
  8
0
100
AcDbCircle
 10
14040.61641566117
 20
-283.9669534774421
 30
0.0
 40
0.5
100
AcDbArc
 50
0.0
 51
90.0
  0
ARC
  5
1EE01
330
1F
100
AcDbEntity
  8
0
100
AcDbCircle
 10
14034.61641566117
 20
-297.9669534774421
 30
0.0
 40
0.5
100
AcDbArc
 50
180.0
 51
270.0
  0
ARC
  5
1EE02
330
1F
100
AcDbEntity
  8
0
100
AcDbCircle
 10
14040.61641566117
 20
-297.9669534774421
 30
0.0
 40
0.5
100
AcDbArc
 50
270.0
 51
0.0
  0
LINE
  5
1EE03
330
1F
100
AcDbEntity
  8
0
100
AcDbLine
 10
14058.49241566117
 20
-283.4669534774421
 30
0.0
 11
14064.49241566117
 21
-283.4669534774421
 31
0.0
  0
LINE
  5
1EE04
330
1F
100
AcDbEntity
  8
0
100
AcDbLine
 10
14058.49241566117
 20
-298.4669534774421
 30
0.0
 11
14064.49241566117
 21
-298.4669534774421
 31
0.0
  0
LINE
  5
1EE05
330
1F
100
AcDbEntity
  8
0
100
AcDbLine
 10
14057.99241566117
 20
-283.9669534774421
 30
0.0
 11
14057.99241566117
 21
-297.9669534774421
 31
0.0
  0
LINE
  5
1EE06
330
1F
100
AcDbEntity
  8
0
100
AcDbLine
 10
14064.99241566117
 20
-283.9669534774421
 30
0.0
 11
14064.99241566117
 21
-297.9669534774421
 31
0.0
  0
ARC
  5
1EE07
330
1F
100
AcDbEntity
  8
0
100
AcDbCircle
 10
14058.49241566117
 20
-283.9669534774421
 30
0.0
 40
0.5
100
AcDbArc
 50
90.0
 51
180.0
  0
ARC
  5
1EE08
330
1F
100
AcDbEntity
  8
0
100
AcDbCircle
 10
14064.49241566117
 20
-283.9669534774421
 30
0.0
 40
0.5
100
AcDbArc
 50
0.0
 51
90.0
  0
ARC
  5
1EE09
330
1F
100
AcDbEntity
  8
0
100
AcDbCircle
 10
14058.49241566117
 20
-297.9669534774421
 30
0.0
 40
0.5
100
AcDbArc
 50
180.0
 51
270.0
  0
ARC
  5
1EE0A
330
1F
100
AcDbEntity
  8
0
100
AcDbCircle
 10
14064.49241566117
 20
-297.9669534774421
 30
0.0
 40
0.5
100
AcDbArc
 50
270.0
 51
0.0
  0
LINE
  5
1EE19
330
1F
100
AcDbEntity
  8
0
100
AcDbLine
 10
14054.96066566117
 20
-247.366953477442
 30
0.0
 11
14067.96066566117
 21
-247.366953477442
 31
0.0
  0
LINE
  5
1EE1A
330
1F
100
AcDbEntity
  8
0
100
AcDbLine
 10
14054.96066566117
 20
-261.366953477442
 30
0.0
 11
14067.96066566117
 21
-261.366953477442
 31
0.0
  0
LINE
  5
1EE1B
330
1F
100
AcDbEntity
  8
0
100
AcDbLine
 10
14054.46066566117
 20
-247.8669534774421
 30
0.0
 11
14054.46066566117
 21
-260.8669534774421
 31
0.0
  0
LINE
  5
1EE1C
330
1F
100
AcDbEntity
  8
0
100
AcDbLine
 10
14068.46066566117
 20
-247.8669534774421
 30
0.0
 11
14068.46066566117
 21
-260.8669534774421
 31
0.0
  0
ARC
  5
1EE1D
330
1F
100
AcDbEntity
  8
0
100
AcDbCircle
 10
14054.96066566117
 20
-247.8669534774421
 30
0.0
 40
0.5
100
AcDbArc
 50
90.0
 51
180.0
  0
ARC
  5
1EE1E
330
1F
100
AcDbEntity
  8
0
100
AcDbCircle
 10
14067.96066566117
 20
-247.8669534774421
 30
0.0
 40
0.5
100
AcDbArc
 50
0.0
 51
90.0
  0
ARC
  5
1EE1F
330
1F
100
AcDbEntity
  8
0
100
AcDbCircle
 10
14054.96066566117
 20
-260.8669534774421
 30
0.0
 40
0.5
100
AcDbArc
 50
180.0
 51
270.0
  0
ARC
  5
1EE20
330
1F
100
AcDbEntity
  8
0
100
AcDbCircle
 10
14067.96066566117
 20
-260.8669534774421
 30
0.0
 40
0.5
100
AcDbArc
 50
270.0
 51
0.0
  0
LWPOLYLINE
  5
1EE3E
330
1F
100
AcDbEntity
  8
0
100
AcDbPolyline
 90
        4
 70
     1
 43
0.0
 10
13813.28314631637
 20
-247.3669534774422
 10
13815.28314631637
 20
-247.3669534774422
 10
13815.28314631637
 20
-261.3669534774422
 10
13813.28314631637
 20
-261.3669534774422
  0
LWPOLYLINE
  5
1EE3F
330
1F
100
AcDbEntity
  8
0
100
AcDbPolyline
 90
        4
 70
     1
 43
0.0
 10
13795.67313854237
 20
-247.3669534774422
 10
13793.67313854237
 20
-247.3669534774422
 10
13793.67313854237
 20
-261.3669534774422
 10
13795.67313854237
 20
-261.3669534774422
  0
LINE
  5
1EE4E
330
1F
100
AcDbEntity
  8
0
  6
Continuous
 62
     7
100
AcDbLine
 10
14047.51534282872
 20
-247.9633151996521
 30
0.0
 11
14047.51534282872
 21
-260.9633151996521
 31
0.0
  0
LINE
  5
1EE4F
330
1F
100
AcDbEntity
  8
0
  6
Continuous
 62
     7
100
AcDbLine
 10
14051.70909282873
 20
-260.9633151996521
 30
0.0
 11
14051.70909282873
 21
-247.9633151996521
 31
0.0
  0
LINE
  5
1EE50
330
1F
100
AcDbEntity
  8
0
  6
Continuous
 62
     7
100
AcDbLine
 10
14048.01534282873
 20
-261.4633151996521
 30
0.0
 11
14051.20909282873
 21
-261.4633151996521
 31
0.0
  0
LINE
  5
1EE51
330
1F
100
AcDbEntity
  8
0
  6
Continuous
 62
     7
100
AcDbLine
 10
14051.20909282873
 20
-247.4633151996521
 30
0.0
 11
14048.01534282873
 21
-247.4633151996521
 31
0.0
  0
ARC
  5
1EE52
330
1F
100
AcDbEntity
  8
0
  6
Continuous
 62
     7
100
AcDbCircle
 10
14048.01534282873
 20
-260.9633151996521
 30
0.0
 40
0.5
100
AcDbArc
 50
180.0
 51
270.0
  0
ARC
  5
1EE53
330
1F
100
AcDbEntity
  8
0
  6
Continuous
 62
     7
100
AcDbCircle
 10
14051.20909282873
 20
-260.9633151996521
 30
0.0
 40
0.5
100
AcDbArc
 50
270.0
 51
0.0
  0
ARC
  5
1EE54
330
1F
100
AcDbEntity
  8
0
  6
Continuous
 62
     7
100
AcDbCircle
 10
14048.01534282873
 20
-247.9633151996521
 30
0.0
 40
0.5
100
AcDbArc
 50
90.0
 51
180.0
  0
ARC
  5
1EE55
330
1F
100
AcDbEntity
  8
0
  6
Continuous
 62
     7
100
AcDbCircle
 10
14051.20909282873
 20
-247.9633151996521
 30
0.0
 40
0.5
100
AcDbArc
 50
0.0
 51
90.0
  0
LINE
  5
1EE64
330
1F
100
AcDbEntity
  8
0
  6
Continuous
 62
     7
100
AcDbLine
 10
14025.92303473938
 20
-284.5742651294821
 30
0.0
 11
14025.92303473938
 21
-297.5742651294821
 31
0.0
  0
LINE
  5
1EE65
330
1F
100
AcDbEntity
  8
0
  6
Continuous
 62
     7
100
AcDbLine
 10
14030.11678473939
 20
-297.5742651294821
 30
0.0
 11
14030.11678473939
 21
-284.5742651294821
 31
0.0
  0
LINE
  5
1EE66
330
1F
100
AcDbEntity
  8
0
  6
Continuous
 62
     7
100
AcDbLine
 10
14026.42303473938
 20
-298.0742651294821
 30
0.0
 11
14029.61678473939
 21
-298.0742651294821
 31
0.0
  0
LINE
  5
1EE67
330
1F
100
AcDbEntity
  8
0
  6
Continuous
 62
     7
100
AcDbLine
 10
14029.61678473939
 20
-284.0742651294821
 30
0.0
 11
14026.42303473938
 21
-284.0742651294821
 31
0.0
  0
ARC
  5
1EE68
330
1F
100
AcDbEntity
  8
0
  6
Continuous
 62
     7
100
AcDbCircle
 10
14026.42303473938
 20
-297.5742651294821
 30
0.0
 40
0.5
100
AcDbArc
 50
180.0
 51
270.0
  0
ARC
  5
1EE69
330
1F
100
AcDbEntity
  8
0
  6
Continuous
 62
     7
100
AcDbCircle
 10
14029.61678473939
 20
-297.5742651294821
 30
0.0
 40
0.5
100
AcDbArc
 50
270.0
 51
0.0
  0
ARC
  5
1EE6A
330
1F
100
AcDbEntity
  8
0
  6
Continuous
 62
     7
100
AcDbCircle
 10
14026.42303473938
 20
-284.5742651294821
 30
0.0
 40
0.5
100
AcDbArc
 50
90.0
 51
180.0
  0
ARC
  5
1EE6B
330
1F
100
AcDbEntity
  8
0
  6
Continuous
 62
     7
100
AcDbCircle
 10
14029.61678473939
 20
-284.5742651294821
 30
0.0
 40
0.5
100
AcDbArc
 50
0.0
 51
90.0
  0
ENDSEC
  0
SECTION
  2
OBJECTS
  0
DICTIONARY
  5
C
330
0
100
AcDbDictionary
281
     1
  3
ACAD_CIP_PREVIOUS_PRODUCT_INFO
350
20D
  3
ACAD_COLOR
350
6B
  3
ACAD_DETAILVIEWSTYLE
350
207
  3
ACAD_GROUP
350
D
  3
ACAD_IMAGE_DICT
350
1B1
  3
ACAD_IMAGE_VARS
350
1B2
  3
ACAD_LAYOUT
350
1A
  3
ACAD_MATERIAL
350
6A
  3
ACAD_MLEADERSTYLE
350
12D
  3
ACAD_MLINESTYLE
350
17
  3
ACAD_PLOTSETTINGS
350
19
  3
ACAD_PLOTSTYLENAME
350
E
  3
ACAD_SCALELIST
350
10C
  3
ACAD_SECTIONVIEWSTYLE
350
205
  3
ACAD_TABLESTYLE
350
7E
  3
ACAD_VISUALSTYLE
350
EF
  3
ACDB_RECOMPOSE_DATA
350
1EE6D
  3
AcDbVariableDictionary
350
5E
  3
AcDsDecomposeData
350
1EE73
  3
lxx_dict
350
68D
  0
DICTIONARY
  5
280
330
2
100
AcDbDictionary
280
     1
281
     1
  3
ACAD_LAYERSTATES
360
281
  0
DICTIONARY
  5
13C
330
10
100
AcDbDictionary
280
     1
281
     1
  3
ADSK_XREC_LAYER_RECONCILED
360
1D3
  0
DICTIONARY
  5
273
330
272
100
AcDbDictionary
280
     1
281
     1
  0
DICTIONARY
  5
5BE
330
1F
100
AcDbDictionary
280
     1
281
     1
  3
ACAD_SORTENTS
360
CC64
  0
XRECORD
  5
20D
102
{ACAD_REACTORS
330
C
102
}
330
C
100
AcDbXrecord
280
     1
300
ACD
300
2022
300

  0
DICTIONARY
  5
6B
102
{ACAD_REACTORS
330
C
102
}
330
C
100
AcDbDictionary
281
     1
  0
DICTIONARY
  5
207
102
{ACAD_REACTORS
330
C
102
}
330
C
100
AcDbDictionary
281
     1
  3
Imperial24
350
1EDA4
  3
Metric50
350
208
  0
DICTIONARY
  5
D
102
{ACAD_REACTORS
330
C
102
}
330
C
100
AcDbDictionary
281
     1
  0
DICTIONARY
  5
1B1
102
{ACAD_REACTORS
330
C
102
}
330
C
100
AcDbDictionary
281
     1
  3
微信图片_20220613163717
350
1B3
1001
AcadStringInfo
1000
MIFCodePage
1070
     5
  0
RASTERVARIABLES
  5
1B2
102
{ACAD_REACTORS
330
C
102
}
330
C
100
AcDbRasterVariables
 90
        0
 70
     1
 71
     1
 72
     1
  0
DICTIONARY
  5
1A
102
{ACAD_REACTORS
330
C
102
}
330
C
100
AcDbDictionary
281
     1
  3
Model
350
22
  3
布局1
350
D3
  3
布局2
350
D7
1001
AcadStringInfo
1000
MIFCodePage
1070
     5
  0
DICTIONARY
  5
6A
102
{ACAD_REACTORS
330
C
102
}
330
C
100
AcDbDictionary
281
     1
  3
ByBlock
350
ED
  3
ByLayer
350
EC
  3
Global
350
EE
  0
DICTIONARY
  5
12D
102
{ACAD_REACTORS
330
C
102
}
330
C
100
AcDbDictionary
281
     1
  3
Annotative
350
13B
  3
Standard
350
12E
  3
多重引线
350
749
1001
AcadStringInfo
1000
MIFCodePage
1070
     5
  0
DICTIONARY
  5
17
102
{ACAD_REACTORS
330
C
102
}
330
C
100
AcDbDictionary
281
     1
  3
Standard
350
18
  0
DICTIONARY
  5
19
102
{ACAD_REACTORS
330
C
102
}
330
C
100
AcDbDictionary
281
     1
  0
ACDBDICTIONARYWDFLT
  5
E
102
{ACAD_REACTORS
330
C
102
}
330
C
100
AcDbDictionary
281
     1
  3
Normal
350
F
100
AcDbDictionaryWithDefault
340
F
  0
DICTIONARY
  5
10C
102
{ACAD_REACTORS
330
C
102
}
330
C
100
AcDbDictionary
281
     1
  3
A0
350
10D
  3
A1
350
188
  3
A2
350
189
  3
A3
350
18A
  3
A4
350
18B
  3
A5
350
18C
  3
A6
350
18D
  3
A7
350
18E
  3
A8
350
18F
  3
A9
350
190
  3
B0
350
191
  3
B1
350
192
  3
B2
350
193
  3
B3
350
194
  3
B4
350
195
  3
B5
350
196
  3
B6
350
197
  3
B7
350
198
  3
B8
350
199
  3
B9
350
19A
  3
C0
350
19B
  3
C1
350
19C
  3
C2
350
19D
  3
C3
350
19E
  3
C4
350
19F
  3
C5
350
1A0
  3
C6
350
1A1
  3
C7
350
1A2
  3
C8
350
1A3
  3
C9
350
1A4
  3
D0
350
1A5
  3
D1
350
1A6
  3
D2
350
1A7
  0
DICTIONARY
  5
205
102
{ACAD_REACTORS
330
C
102
}
330
C
100
AcDbDictionary
281
     1
  3
Imperial24
350
1EDA3
  3
Metric50
350
206
  0
DICTIONARY
  5
7E
102
{ACAD_REACTORS
330
C
102
}
330
C
100
AcDbDictionary
281
     1
  3
Standard
350
7F
  0
DICTIONARY
  5
EF
102
{ACAD_REACTORS
330
C
102
}
330
C
100
AcDbDictionary
281
     1
  3
2dWireframe
350
F5
  3
3D Hidden
350
F7
  3
3dWireframe
350
F6
  3
Basic
350
F4
  3
Brighten
350
FB
  3
ColorChange
350
FF
  3
Conceptual
350
F8
  3
Dim
350
FA
  3
EdgeColorOff
350
204
  3
Facepattern
350
FE
  3
Flat
350
F0
  3
FlatWithEdges
350
F1
  3
Gouraud
350
F2
  3
GouraudWithEdges
350
F3
  3
Hidden
350
1FC
  3
JitterOff
350
202
  3
Linepattern
350
FD
  3
OverhangOff
350
203
  3
Realistic
350
F9
  3
Shaded
350
201
  3
Shaded with edges
350
200
  3
Shades of Gray
350
1FD
  3
Sketchy
350
1FE
  3
Thicken
350
FC
  3
Wireframe
350
1FB
  3
X-Ray
350
1FF
  0
XRECORD
  5
1EE6D
102
{ACAD_REACTORS
330
C
102
}
330
C
100
AcDbXrecord
280
     1
 90
        1
330
7F
  0
DICTIONARY
  5
5E
102
{ACAD_REACTORS
330
C
102
}
330
C
100
AcDbDictionary
281
     1
  3
CANNOSCALE
350
146
  3
CMLEADERSTYLE
350
145
  3
CTABLESTYLE
350
84
  3
CVIEWDETAILSTYLE
350
682
  3
CVIEWSECTIONSTYLE
350
683
  3
DIMASSOC
350
5F
  3
HIDETEXT
350
63
  3
LAYEREVAL
350
684
  3
LAYERNOTIFY
350
685
  0
DICTIONARY
  5
1EE73
102
{ACAD_REACTORS
330
C
102
}
330
C
100
AcDbDictionary
281
     1
  3
AcDsRecords
350
1EE75
  3
AcDsSchemas
350
1EE74
1001
ACAD
1070
     2
  0
DICTIONARY
  5
68D
102
{ACAD_REACTORS
330
C
102
}
330
C
100
AcDbDictionary
281
     1
  3
lxx_dimth
350
68E
  0
DICTIONARY
  5
281
102
{ACAD_REACTORS
330
280
102
}
330
280
100
AcDbDictionary
281
     1
  0
XRECORD
  5
1D3
102
{ACAD_REACTORS
330
13C
102
}
330
13C
100
AcDbXrecord
280
     1
290
     1
  0
SORTENTSTABLE
  5
CC64
102
{ACAD_REACTORS
330
5BE
102
}
330
5BE
100
AcDbSortentsTable
330
1F
331
1EB52
  5
1EB55
331
1EB55
  5
1EB56
331
1EB56
  5
1EB58
331
1EB57
  5
1EB5C
331
1EB58
  5
1EB5E
331
1EB5C
  5
1EB5F
331
1EB5D
  5
1EB6B
331
1EB5E
  5
1EB6C
331
1EB5F
  5
1EB72
331
1EB60
  5
1EB7B
331
1EB6B
  5
1EB99
331
1EB6C
  5
1EB9C
331
1EB6E
  5
1EB9E
331
1EB72
  5
1EBA2
331
1EB7B
  5
1EBA3
331
1EB7C
  5
1EBA4
331
1EB99
  5
1EBA6
331
1EB9A
  5
1EBB0
331
1EB9C
  5
1EBB1
331
1EB9D
  5
1EBB3
331
1EB9E
  5
1EBB8
331
1EBA2
  5
1EBB9
331
1EBA3
  5
1EBBA
331
1EBA4
  5
1EBBC
331
1EBA5
  5
1EC05
331
1EBA6
  5
1EC07
331
1EBA8
  5
1EC08
331
1EBB0
  5
1EC09
331
1EBB1
  5
1EC0B
331
1EBB2
  5
1EC59
331
1EBB3
  5
1EC5A
331
1EBB4
  5
1EC5C
331
1EBB8
  5
1EC5D
331
1EBB9
  5
1EC5F
331
1EBBA
  5
1EC60
331
1EBBB
  5
1EC62
331
1EBBC
  5
1EC63
331
1EC04
  5
1EC64
331
1EC05
  5
1EC66
331
1EC06
  5
1EC68
331
1EC07
  5
1EC69
331
1EC08
  5
1EC6A
331
1EC09
  5
1EC6C
331
1EC0A
  5
1EC6F
331
1EC0B
  5
1EC70
331
1EC58
  5
1EC72
331
1EC59
  5
1EC73
331
1EC5A
  5
1EC75
331
1EC5B
  5
1EC77
331
1EC5C
  5
1EC79
331
1EC5D
  5
1EC7B
331
1EC5E
  5
1EC7D
331
1EC5F
  5
1EC80
331
1EC60
  5
1EC81
331
1EC61
  5
1EC83
331
1EC62
  5
1EC85
331
1EC63
  5
1EC86
331
1EC64
  5
1EC88
331
1EC65
  5
1EC89
331
1EC66
  5
1EC8B
331
1EC67
  5
1EC8D
331
1EC68
  5
1EC8E
331
1EC69
  5
1EC8F
331
1EC6A
  5
1ED23
331
1EC6B
  5
1ED25
331
1EC6C
  5
1ED26
331
1EC6D
  5
1ED28
331
1EC6E
  5
1ED29
331
1EC6F
  5
1ED2B
331
1EC70
  5
1ED2C
331
1EC71
  5
1ED2E
331
1EC72
  5
1ED30
331
1EC73
  5
1ED31
331
1EC75
  5
1ED32
331
1EC76
  5
1ED33
331
1EC77
  5
1ED34
331
1EC78
  5
1ED35
331
1EC79
  5
1ED37
331
1EC7A
  5
1ED39
331
1EC7B
  5
1ED3B
331
1EC7C
  5
1ED3D
331
1EC7D
  5
1ED3E
331
1EC7F
  5
1ED3F
331
1EC80
  5
1ED40
331
1EC81
  5
1ED41
331
1EC82
  5
1ED43
331
1EC83
  5
1ED45
331
1ED16
  5
1ED47
331
1ED17
  5
1ED48
331
1ED18
  5
1EC7C
331
1ED19
  5
1EC7F
331
1ED1A
  5
1EC7A
331
1ED1B
  5
1ED46
331
1ED1C
  5
1EC67
331
1ED1D
  5
1EC6E
331
1ED1E
  5
1EC6B
331
1ED1F
  5
1EC65
331
1ED20
  5
1EC71
331
1ED21
  5
1EC6D
331
1ED23
  5
1ED44
331
1ED24
  5
1ED42
331
1ED25
  5
1ED49
331
1ED26
  5
1ED4A
331
1ED27
  5
1ED4B
331
1ED28
  5
1ED4C
331
1ED29
  5
1ED4D
331
1ED2A
  5
1ED4E
331
1ED2B
  5
1ED4F
331
1ED2C
  5
1ED50
331
1ED2D
  5
1ED51
331
1ED2E
  5
1ED52
331
1ED2F
  5
1ED53
331
1ED30
  5
1ED54
331
1ED31
  5
1ED55
331
1ED32
  5
1ED56
331
1ED33
  5
1ED57
331
1ED34
  5
1ED58
331
1ED35
  5
1ED59
331
1ED36
  5
1ED5A
331
1ED37
  5
1ED5B
331
1ED38
  5
1ED5C
331
1ED39
  5
1ED5D
331
1ED3A
  5
1ED5E
331
1ED3B
  5
1ED5F
331
1ED3C
  5
1ED60
331
1ED3D
  5
1ED61
331
1ED3E
  5
1ED62
331
1ED3F
  5
1ED63
331
1ED40
  5
1ED64
331
1ED41
  5
1ED65
331
1ED42
  5
1ED66
331
1ED43
  5
1ED67
331
1ED44
  5
1ED68
331
1ED45
  5
1ED69
331
1ED46
  5
1ED6A
331
1ED47
  5
1ED6B
331
1ED48
  5
1ED6C
331
1ED49
  5
1ED6D
331
1ED4A
  5
1ED6E
331
1ED4B
  5
1ED6F
331
1ED4C
  5
1ED70
331
1ED4D
  5
1ED71
331
1ED4E
  5
1ED72
331
1ED4F
  5
1ED73
331
1ED50
  5
1ED74
331
1ED51
  5
1ED75
331
1ED52
  5
1ED76
331
1ED53
  5
1ED77
331
1ED54
  5
1ED78
331
1ED55
  5
1ED79
331
1ED56
  5
1ED7C
331
1ED57
  5
1ED7D
331
1ED58
  5
1ED7E
331
1ED59
  5
1ED7F
331
1ED5A
  5
1ED80
331
1ED5B
  5
1ED81
331
1ED5C
  5
1ED82
331
1ED5D
  5
1ED83
331
1ED5E
  5
1ED84
331
1ED5F
  5
1ED85
331
1ED60
  5
1ED86
331
1ED61
  5
1ED87
331
1ED62
  5
1ED88
331
1ED63
  5
1ED89
331
1ED64
  5
1ED8A
331
1ED65
  5
1ED8B
331
1ED66
  5
1ED8C
331
1ED67
  5
1ED8D
331
1ED68
  5
1ED8E
331
1ED69
  5
1ED8F
331
1ED6A
  5
1ED90
331
1ED6B
  5
1ED91
331
1ED6C
  5
1ED92
331
1ED6D
  5
1ED93
331
1ED6E
  5
1ED94
331
1ED6F
  5
1ED95
331
1ED70
  5
1ED96
331
1ED71
  5
1ED97
331
1ED72
  5
1ED98
331
1ED73
  5
1ED99
331
1ED74
  5
1ED9A
331
1ED75
  5
1ED9B
331
1ED76
  5
1ED9C
331
1ED77
  5
1ED9D
331
1ED78
  5
1ED9E
331
1ED79
  5
1ED9F
331
1ED7C
  5
1EC5E
331
1ED7D
  5
1EC61
331
1ED7E
  5
1EC58
331
1ED7F
  5
1EC5B
331
1ED80
  5
1EBBB
331
1ED81
  5
1EC06
331
1ED82
  5
1EBB2
331
1ED83
  5
1EBB4
331
1ED84
  5
1EBA5
331
1ED85
  5
1EBA8
331
1ED86
  5
1EB9A
331
1ED87
  5
1EB9D
331
1ED88
  5
1EB60
331
1ED89
  5
1EB6E
331
1ED8A
  5
1EB57
331
1ED8B
  5
1EB5D
331
1ED8C
  5
1ED3C
331
1ED8D
  5
1ED3A
331
1ED8E
  5
1ED36
331
1ED8F
  5
1ED38
331
1ED90
  5
1ED2D
331
1ED91
  5
1ED2F
331
1ED92
  5
1ED27
331
1ED93
  5
1ED2A
331
1ED94
  5
1EC90
331
1ED95
  5
1ED24
331
1ED96
  5
1EC8A
331
1ED97
  5
1EC8C
331
1ED98
  5
1EC84
331
1ED99
  5
1EC82
331
1ED9A
  5
1EC76
331
1ED9B
  5
1EC78
331
1ED9C
  5
1EC0A
331
1ED9D
  5
1EC87
331
1ED9E
  5
1EB52
331
1ED9F
  5
1EB7C
  0
ACDBDETAILVIEWSTYLE
  5
1EDA4
102
{ACAD_XDICTIONARY
360
1EE7C
102
}
102
{ACAD_REACTORS
330
207
102
}
330
207
100
AcDbModelDocViewStyle
 70
     0
  3
Imperial24
290
     0
100
AcDbDetailViewStyle
 70
     0
 71
     0
 90
        3
 71
     1
340
11
 62
   256
 40
0.24
340
0
 62
   256
 40
0.24
300

 40
0.36
280
     3
 71
     2
340
16
 90
       25
 62
   256
 71
     3
340
11
 62
   256
 40
0.24
 90
        1
 40
0.75
 90
        1
300
%<\AcVar ViewType \f "%tc1">% %<\AcVar ViewDetailId>%\PSCALE %<\AcVar ViewScale \f "%sn">%
 71
     4
340
16
 90
       25
 62
   256
340
16
 90
       25
 62
   256
280
     0
  0
ACDBDETAILVIEWSTYLE
  5
208
102
{ACAD_XDICTIONARY
360
1EE78
102
}
102
{ACAD_REACTORS
330
207
102
}
330
207
100
AcDbModelDocViewStyle
 70
     0
  3
Metric50
290
     0
100
AcDbDetailViewStyle
 70
     0
 71
     0
 90
        3
 71
     1
340
11
 62
   256
 40
5.0
340
0
 62
   256
 40
5.0
300

 40
0.0
280
     1
 71
     2
340
16
 90
       25
 62
   256
 71
     3
340
11
 62
   256
 40
5.0
 90
        0
 40
15.0
 90
        1
300
%<\AcVar ViewDetailId>% (%<\AcVar ViewScale \f "%sn">%)
 71
     4
340
16
 90
       25
 62
   256
340
16
 90
       25
 62
   256
280
     0
  0
IMAGEDEF
  5
1B3
102
{ACAD_REACTORS
330
1B1
102
}
330
1B1
100
AcDbRasterImageDef
 90
        0
  1
F:\YBB\SUNKEY\2022\iris\微信图片_20220613163717.png
 10
2953.0
 20
1730.0
 11
0.0846668360003387
 21
0.0846668360003387
280
     1
281
     2
1001
AcadStringInfo
1000
MIFCodePage
1070
     5
  0
LAYOUT
  5
22
102
{ACAD_XDICTIONARY
360
648
102
}
102
{ACAD_REACTORS
330
1A
102
}
330
1A
100
AcDbPlotSettings
  1

  2
none_device
  4
ISO_A4_(210.00_x_297.00_MM)
  6

 40
7.5
 41
20.0
 42
7.5
 43
20.0
 44
210.0
 45
297.0
 46
11.54999923706054
 47
-13.65000009536743
 48
0.0
 49
0.0
140
0.0
141
0.0
142
1.0
143
8.704084754739808
 70
 11952
 72
     1
 73
     0
 74
     0
  7

 75
     0
147
0.1148885871608098
 76
     0
 77
     2
 78
   300
148
0.0
149
0.0
100
AcDbLayout
  1
Model
 70
     1
 71
     0
 10
0.0
 20
0.0
 11
12.0
 21
9.0
 12
0.0
 22
0.0
 32
0.0
 14
0.0
 24
0.0
 34
0.0
 15
0.0
 25
0.0
 35
0.0
146
0.0
 13
0.0
 23
0.0
 33
0.0
 16
1.0
 26
0.0
 36
0.0
 17
0.0
 27
1.0
 37
0.0
 76
     0
330
1F
331
EA
1001
ACAD_PSEXT
1000
None
1000
None
1000
Not applicable
1000
The layout will not be plotted unless a new plotter configuration name is selected.
1070
     0
  0
LAYOUT
  5
D3
102
{ACAD_REACTORS
330
1A
102
}
330
1A
100
AcDbPlotSettings
  1

  2
C:\Documents and Settings\basas\Application Data\Autodesk\AutoCAD 2005\R16.1\enu\plotters\Default Windows System Printer.pc3
  4

  6

 40
0.0
 41
0.0
 42
0.0
 43
0.0
 44
0.0
 45
0.0
 46
0.0
 47
0.0
 48
0.0
 49
0.0
140
0.0
141
0.0
142
1.0
143
1.0
 70
   688
 72
     0
 73
     0
 74
     5
  7

 75
    16
147
1.0
 76
     0
 77
     2
 78
   300
148
0.0
149
0.0
100
AcDbLayout
  1
布局1
 70
     1
 71
     1
 10
0.0
 20
0.0
 11
12.0
 21
9.0
 12
0.0
 22
0.0
 32
0.0
 14
0.0
 24
0.0
 34
0.0
 15
0.0
 25
0.0
 35
0.0
146
0.0
 13
0.0
 23
0.0
 33
0.0
 16
1.0
 26
0.0
 36
0.0
 17
0.0
 27
1.0
 37
0.0
 76
     0
330
D2
1001
AcadStringInfo
1000
MIFCodePage
1070
     5
  0
LAYOUT
  5
D7
102
{ACAD_REACTORS
330
1A
102
}
330
1A
100
AcDbPlotSettings
  1

  2
C:\Documents and Settings\basas\Application Data\Autodesk\AutoCAD 2005\R16.1\enu\plotters\Default Windows System Printer.pc3
  4

  6

 40
0.0
 41
0.0
 42
0.0
 43
0.0
 44
0.0
 45
0.0
 46
0.0
 47
0.0
 48
0.0
 49
0.0
140
0.0
141
0.0
142
1.0
143
1.0
 70
   688
 72
     0
 73
     0
 74
     5
  7

 75
    16
147
1.0
 76
     0
 77
     2
 78
   300
148
0.0
149
0.0
100
AcDbLayout
  1
布局2
 70
     1
 71
     2
 10
0.0
 20
0.0
 11
12.0
 21
9.0
 12
0.0
 22
0.0
 32
0.0
 14
0.0
 24
0.0
 34
0.0
 15
0.0
 25
0.0
 35
0.0
146
0.0
 13
0.0
 23
0.0
 33
0.0
 16
1.0
 26
0.0
 36
0.0
 17
0.0
 27
1.0
 37
0.0
 76
     0
330
D6
1001
AcadStringInfo
1000
MIFCodePage
1070
     5
  0
MATERIAL
  5
ED
102
{ACAD_REACTORS
330
6A
102
}
330
6A
100
AcDbMaterial
  1
ByBlock
 94
       63
  0
MATERIAL
  5
EC
102
{ACAD_REACTORS
330
6A
102
}
330
6A
100
AcDbMaterial
  1
ByLayer
 94
       63
  0
MATERIAL
  5
EE
102
{ACAD_XDICTIONARY
360
173
102
}
102
{ACAD_REACTORS
330
6A
102
}
330
6A
100
AcDbMaterial
  1
Global
 43
0.0007999999797903
 43
0.0
 43
0.0
 43
0.0
 43
0.0
 43
0.0007999999797903
 43
0.0
 43
0.0
 43
0.0
 43
0.0
 43
1.0
 43
0.0
 43
0.0
 43
0.0
 43
0.0
 43
1.0
 49
0.0007999999797903
 49
0.0
 49
0.0
 49
0.0
 49
0.0
 49
0.0007999999797903
 49
0.0
 49
0.0
 49
0.0
 49
0.0
 49
1.0
 49
0.0
 49
0.0
 49
0.0
 49
0.0
 49
1.0
142
0.0007999999797903
142
0.0
142
0.0
142
0.0
142
0.0
142
0.0007999999797903
142
0.0
142
0.0
142
0.0
142
0.0
142
1.0
142
0.0
142
0.0
142
0.0
142
0.0
142
1.0
144
0.0007999999797903
144
0.0
144
0.0
144
0.0
144
0.0
144
0.0007999999797903
144
0.0
144
0.0
144
0.0
144
0.0
144
1.0
144
0.0
144
0.0
144
0.0
144
0.0
144
1.0
 94
       63
1001
ACAD
1070
    -1
1070
     3
1070
     0
1000

1071
        0
1070
     0
  0
MLEADERSTYLE
  5
13B
102
{ACAD_REACTORS
330
12D
102
}
330
12D
100
AcDbMLeaderStyle
179
     2
170
     2
171
     1
172
     0
 90
        2
 40
0.0
 41
0.0
173
     1
 91
-1056964608
340
14
 92
       -2
290
     1
 42
2.0
291
     1
 43
8.0
  3
Standard
 44
4.0
300

342
11
174
     1
178
     1
175
     1
176
     0
 93
-1056964608
 45
4.0
292
     0
297
     0
 46
4.0
 94
-1056964608
 47
1.0
 49
1.0
140
1.0
293
     1
141
0.0
294
     1
177
     0
142
1.0
295
     0
296
     1
143
3.75
271
     0
272
     9
273
     9
298
     0
  0
MLEADERSTYLE
  5
12E
102
{ACAD_REACTORS
330
12D
102
}
330
12D
100
AcDbMLeaderStyle
179
     2
170
     2
171
     1
172
     0
 90
        2
 40
0.0
 41
0.0
173
     1
 91
-1056964608
340
14
 92
       -2
290
     1
 42
2.0
291
     1
 43
8.0
  3
Standard
 44
4.0
300

342
11
174
     1
178
     1
175
     1
176
     0
 93
-1056964608
 45
4.0
292
     0
297
     0
 46
4.0
 94
-1056964608
 47
1.0
 49
1.0
140
1.0
293
     1
141
0.0
294
     1
177
     0
142
1.0
295
     0
296
     0
143
3.75
271
     0
272
     9
273
     9
298
     0
  0
MLEADERSTYLE
  5
749
102
{ACAD_REACTORS
330
12D
102
}
330
12D
100
AcDbMLeaderStyle
179
     2
170
     2
171
     1
172
     0
 90
        2
 40
0.0
 41
0.0
173
     1
 91
-1056964608
340
14
 92
       -2
290
     1
 42
2.0
291
     1
 43
2.0
  3
Standard
 44
4.0
300

342
11
174
     1
178
     6
175
     1
176
     0
 93
-1056964608
 45
4.0
292
     0
297
     0
 46
4.0
 94
-1056964608
 47
1.0
 49
1.0
140
1.0
293
     1
141
0.0
294
     1
177
     0
142
1.0
295
     0
296
     0
143
1.0
271
     0
272
     9
273
     9
298
     0
  0
MLINESTYLE
  5
18
102
{ACAD_REACTORS
330
17
102
}
330
17
100
AcDbMlineStyle
  2
STANDARD
 70
     0
  3

 62
   256
 51
90.0
 52
90.0
 71
     2
 49
0.5
 62
   256
  6
BYLAYER
 49
-0.5
 62
   256
  6
BYLAYER
  0
ACDBPLACEHOLDER
  5
F
102
{ACAD_REACTORS
330
E
102
}
330
E
  0
SCALE
  5
10D
102
{ACAD_REACTORS
330
10C
102
}
330
10C
100
AcDbScale
 70
     0
300
1:1
140
1.0
141
1.0
290
     1
  0
SCALE
  5
188
102
{ACAD_REACTORS
330
10C
102
}
330
10C
100
AcDbScale
 70
     0
300
1:2
140
1.0
141
2.0
290
     0
  0
SCALE
  5
189
102
{ACAD_REACTORS
330
10C
102
}
330
10C
100
AcDbScale
 70
     0
300
1:4
140
1.0
141
4.0
290
     0
  0
SCALE
  5
18A
102
{ACAD_REACTORS
330
10C
102
}
330
10C
100
AcDbScale
 70
     0
300
1:5
140
1.0
141
5.0
290
     0
  0
SCALE
  5
18B
102
{ACAD_REACTORS
330
10C
102
}
330
10C
100
AcDbScale
 70
     0
300
1:8
140
1.0
141
8.0
290
     0
  0
SCALE
  5
18C
102
{ACAD_REACTORS
330
10C
102
}
330
10C
100
AcDbScale
 70
     0
300
1:10
140
1.0
141
10.0
290
     0
  0
SCALE
  5
18D
102
{ACAD_REACTORS
330
10C
102
}
330
10C
100
AcDbScale
 70
     0
300
1:16
140
1.0
141
16.0
290
     0
  0
SCALE
  5
18E
102
{ACAD_REACTORS
330
10C
102
}
330
10C
100
AcDbScale
 70
     0
300
1:20
140
1.0
141
20.0
290
     0
  0
SCALE
  5
18F
102
{ACAD_REACTORS
330
10C
102
}
330
10C
100
AcDbScale
 70
     0
300
1:30
140
1.0
141
30.0
290
     0
  0
SCALE
  5
190
102
{ACAD_REACTORS
330
10C
102
}
330
10C
100
AcDbScale
 70
     0
300
1:40
140
1.0
141
40.0
290
     0
  0
SCALE
  5
191
102
{ACAD_REACTORS
330
10C
102
}
330
10C
100
AcDbScale
 70
     0
300
1:50
140
1.0
141
50.0
290
     0
  0
SCALE
  5
192
102
{ACAD_REACTORS
330
10C
102
}
330
10C
100
AcDbScale
 70
     0
300
1:100
140
1.0
141
100.0
290
     0
  0
SCALE
  5
193
102
{ACAD_REACTORS
330
10C
102
}
330
10C
100
AcDbScale
 70
     0
300
2:1
140
2.0
141
1.0
290
     0
  0
SCALE
  5
194
102
{ACAD_REACTORS
330
10C
102
}
330
10C
100
AcDbScale
 70
     0
300
4:1
140
4.0
141
1.0
290
     0
  0
SCALE
  5
195
102
{ACAD_REACTORS
330
10C
102
}
330
10C
100
AcDbScale
 70
     0
300
8:1
140
8.0
141
1.0
290
     0
  0
SCALE
  5
196
102
{ACAD_REACTORS
330
10C
102
}
330
10C
100
AcDbScale
 70
     0
300
10:1
140
10.0
141
1.0
290
     0
  0
SCALE
  5
197
102
{ACAD_REACTORS
330
10C
102
}
330
10C
100
AcDbScale
 70
     0
300
100:1
140
100.0
141
1.0
290
     0
  0
SCALE
  5
198
102
{ACAD_REACTORS
330
10C
102
}
330
10C
100
AcDbScale
 70
     0
300
1/128" = 1'-0"
140
0.0078125
141
12.0
290
     0
  0
SCALE
  5
199
102
{ACAD_REACTORS
330
10C
102
}
330
10C
100
AcDbScale
 70
     0
300
1/64" = 1'-0"
140
0.015625
141
12.0
290
     0
  0
SCALE
  5
19A
102
{ACAD_REACTORS
330
10C
102
}
330
10C
100
AcDbScale
 70
     0
300
1/32" = 1'-0"
140
0.03125
141
12.0
290
     0
  0
SCALE
  5
19B
102
{ACAD_REACTORS
330
10C
102
}
330
10C
100
AcDbScale
 70
     0
300
1/16" = 1'-0"
140
0.0625
141
12.0
290
     0
  0
SCALE
  5
19C
102
{ACAD_REACTORS
330
10C
102
}
330
10C
100
AcDbScale
 70
     0
300
3/32" = 1'-0"
140
0.09375
141
12.0
290
     0
  0
SCALE
  5
19D
102
{ACAD_REACTORS
330
10C
102
}
330
10C
100
AcDbScale
 70
     0
300
1/8" = 1'-0"
140
0.125
141
12.0
290
     0
  0
SCALE
  5
19E
102
{ACAD_REACTORS
330
10C
102
}
330
10C
100
AcDbScale
 70
     0
300
3/16" = 1'-0"
140
0.1875
141
12.0
290
     0
  0
SCALE
  5
19F
102
{ACAD_REACTORS
330
10C
102
}
330
10C
100
AcDbScale
 70
     0
300
1/4" = 1'-0"
140
0.25
141
12.0
290
     0
  0
SCALE
  5
1A0
102
{ACAD_REACTORS
330
10C
102
}
330
10C
100
AcDbScale
 70
     0
300
3/8" = 1'-0"
140
0.375
141
12.0
290
     0
  0
SCALE
  5
1A1
102
{ACAD_REACTORS
330
10C
102
}
330
10C
100
AcDbScale
 70
     0
300
1/2" = 1'-0"
140
0.5
141
12.0
290
     0
  0
SCALE
  5
1A2
102
{ACAD_REACTORS
330
10C
102
}
330
10C
100
AcDbScale
 70
     0
300
3/4" = 1'-0"
140
0.75
141
12.0
290
     0
  0
SCALE
  5
1A3
102
{ACAD_REACTORS
330
10C
102
}
330
10C
100
AcDbScale
 70
     0
300
1" = 1'-0"
140
1.0
141
12.0
290
     0
  0
SCALE
  5
1A4
102
{ACAD_REACTORS
330
10C
102
}
330
10C
100
AcDbScale
 70
     0
300
1-1/2" = 1'-0"
140
1.5
141
12.0
290
     0
  0
SCALE
  5
1A5
102
{ACAD_REACTORS
330
10C
102
}
330
10C
100
AcDbScale
 70
     0
300
3" = 1'-0"
140
3.0
141
12.0
290
     0
  0
SCALE
  5
1A6
102
{ACAD_REACTORS
330
10C
102
}
330
10C
100
AcDbScale
 70
     0
300
6" = 1'-0"
140
6.0
141
12.0
290
     0
  0
SCALE
  5
1A7
102
{ACAD_REACTORS
330
10C
102
}
330
10C
100
AcDbScale
 70
     0
300
1'-0" = 1'-0"
140
12.0
141
12.0
290
     0
  0
ACDBSECTIONVIEWSTYLE
  5
1EDA3
102
{ACAD_XDICTIONARY
360
1EE7A
102
}
102
{ACAD_REACTORS
330
205
102
}
330
205
100
AcDbModelDocViewStyle
 70
     0
  3
Imperial24
290
     0
100
AcDbSectionViewStyle
 70
     0
 71
     0
 90
       78
 71
     1
340
11
 62
   256
 40
0.24
340
0
340
0
 62
   256
 40
0.24
300
I, O, Q, S, X, Z
 40
0.48
 90
        3
 40
0.18
 90
        1
 71
     2
340
16
 90
       25
 62
   256
340
16
 90
       50
 62
   256
 40
0.24
 40
0.0
 40
0.24
 71
     3
340
11
 62
   256
 40
0.24
 90
        1
 40
0.75
 90
        1
300
%<\AcVar ViewType \f "%tc1">% %<\AcVar ViewSectionStartId>%-%<\AcVar ViewSectionEndId>%\PSCALE %<\AcVar ViewScale \f "%sn">%
 71
     4
 62
   256
 62
   257
300
ANSI31
 40
1.0
 90
        0
290
     0
290
     0
 90
        6
 40
0.0
 40
1.570796326794896
 40
0.2617993877991494
 40
1.308996938995747
 40
-0.2617993877991494
 40
1.832595714594046
  0
ACDBSECTIONVIEWSTYLE
  5
206
102
{ACAD_XDICTIONARY
360
1EE76
102
}
102
{ACAD_REACTORS
330
205
102
}
330
205
100
AcDbModelDocViewStyle
 70
     0
  3
Metric50
290
     0
100
AcDbSectionViewStyle
 70
     0
 71
     0
 90
      102
 71
     1
340
11
 62
   256
 40
5.0
340
0
340
0
 62
   256
 40
5.0
300
I, O, Q, S, X, Z
 40
10.0
 90
        0
 40
2.5
 90
        0
 71
     2
340
16
 90
       25
 62
   256
340
16
 90
       50
 62
   256
 40
5.0
 40
2.5
 40
5.0
 71
     3
340
11
 62
   256
 40
5.0
 90
        0
 40
15.0
 90
        1
300
%<\AcVar ViewSectionStartId>%-%<\AcVar ViewSectionEndId>% (%<\AcVar ViewScale \f "%sn">%)
 71
     4
 62
   256
 62
   257
300
ANSI31
 40
1.0
 90
        0
290
     0
290
     0
 90
        6
 40
0.0
 40
1.570796326794896
 40
0.2617993877991494
 40
1.308996938995747
 40
-0.2617993877991494
 40
1.832595714594046
  0
TABLESTYLE
  5
7F
102
{ACAD_XDICTIONARY
360
162
102
}
102
{ACAD_REACTORS
330
7E
102
}
330
7E
100
AcDbTableStyle
280
     0
  3
Standard
 70
     0
 71
     0
 40
1.5
 41
1.5
280
     0
281
     0
  7
Standard
140
4.5
170
     2
 62
     0
 63
     7
283
     0
 90
      512
 91
        0
  1

274
    -2
284
     1
 64
     0
275
    -2
285
     1
 65
     0
276
    -2
286
     1
 66
     0
277
    -2
287
     1
 67
     0
278
    -2
288
     1
 68
     0
279
    -2
289
     1
 69
     0
  7
Standard
140
6.0
170
     5
 62
     0
 63
     7
283
     0
 90
      512
 91
        0
  1

274
    -2
284
     1
 64
     0
275
    -2
285
     1
 65
     0
276
    -2
286
     1
 66
     0
277
    -2
287
     1
 67
     0
278
    -2
288
     1
 68
     0
279
    -2
289
     1
 69
     0
  7
Standard
140
4.5
170
     5
 62
     0
 63
     7
283
     0
 90
      512
 91
        0
  1

274
    -2
284
     1
 64
     0
275
    -2
285
     1
 65
     0
276
    -2
286
     1
 66
     0
277
    -2
287
     1
 67
     0
278
    -2
288
     1
 68
     0
279
    -2
289
     1
 69
     0
  0
VISUALSTYLE
  5
F5
102
{ACAD_REACTORS
330
EF
102
}
330
EF
100
AcDbVisualStyle
  2
2dWireframe
 70
     4
177
     3
291
     0
 70
    58
 90
        0
176
     1
 90
        2
176
     1
 90
        1
176
     1
 90
        0
176
     1
 40
0.6
176
     1
 40
30.0
176
     1
 62
     7
420
 16777215
176
     1
 90
        1
176
     1
 90
        4
176
     1
 62
     7
176
     1
 62
   257
176
     1
 90
        1
176
     1
 90
        1
176
     1
 40
1.0
176
     1
 90
        0
176
     1
 62
   257
176
     1
 40
1.0
176
     1
 90
        1
176
     1
 90
        6
176
     1
 90
        2
176
     1
 62
     7
176
     1
 90
        5
176
     1
 90
        0
176
     1
 90
        0
176
     1
290
     0
176
     1
 90
        1
176
     1
 40
0.0
176
     1
 90
        0
176
     1
290
     1
176
     1
290
     1
176
     1
290
     0
176
     1
290
     0
176
     1
290
     0
176
     1
290
     0
176
     1
290
     0
176
     1
290
     0
176
     1
290
     0
176
     1
 90
       50
176
     1
 40
0.0
176
     1
 40
1.0
176
     1
 90
        0
176
     1
 62
    18
420
        0
176
     1
 90
       50
176
     1
 90
        3
176
     1
 62
     5
420
      255
176
     1
290
     0
176
     1
 90
       50
176
     1
 90
       50
176
     1
 90
       50
176
     1
290
     0
176
     1
 90
       50
176
     1
 62
   256
176
     0
 40
1.0
176
     0
 90
        2
176
     1
  1
strokes_ogs.tif
176
     1
290
     0
176
     1
 40
1.0
176
     1
 40
1.0
176
     1
1001
ACAD
1000
AcDbSavedByObjectVersion
1070
     0
  0
VISUALSTYLE
  5
F7
102
{ACAD_REACTORS
330
EF
102
}
330
EF
100
AcDbVisualStyle
  2
3D Hidden
 70
     6
177
     3
291
     0
 70
    58
 90
        1
176
     1
 90
        2
176
     1
 90
        2
176
     1
 90
        0
176
     1
 40
0.6
176
     1
 40
30.0
176
     1
 62
     7
420
 16777215
176
     1
 90
        2
176
     1
 90
        2
176
     1
 62
     7
176
     1
 62
   257
176
     1
 90
        2
176
     1
 90
        1
176
     1
 40
40.0
176
     1
 90
        0
176
     1
 62
   257
176
     1
 40
1.0
176
     1
 90
        1
176
     1
 90
        6
176
     1
 90
        2
176
     1
 62
     7
176
     1
 90
        3
176
     1
 90
        0
176
     1
 90
        0
176
     1
290
     0
176
     1
 90
        1
176
     1
 40
0.0
176
     1
 90
        0
176
     1
290
     0
176
     1
290
     1
176
     1
290
     1
176
     1
290
     0
176
     1
290
     0
176
     1
290
     0
176
     1
290
     0
176
     1
290
     0
176
     1
290
     0
176
     1
 90
       50
176
     1
 40
0.0
176
     1
 40
1.0
176
     1
 90
        0
176
     1
 62
    18
420
        0
176
     1
 90
       50
176
     1
 90
        3
176
     1
 62
     5
420
      255
176
     1
290
     0
176
     1
 90
       50
176
     1
 90
       50
176
     1
 90
       50
176
     1
290
     0
176
     1
 90
       50
176
     1
 62
   256
176
     0
 40
1.0
176
     0
 90
        2
176
     1
  1
strokes_ogs.tif
176
     1
290
     0
176
     1
 40
1.0
176
     1
 40
1.0
176
     1
1001
ACAD
1000
AcDbSavedByObjectVersion
1070
     0
  0
VISUALSTYLE
  5
F6
102
{ACAD_REACTORS
330
EF
102
}
330
EF
100
AcDbVisualStyle
  2
3dWireframe
 70
     5
177
     3
291
     0
 70
    58
 90
        0
176
     1
 90
        2
176
     1
 90
        1
176
     1
 90
        0
176
     1
 40
0.6
176
     1
 40
30.0
176
     1
 62
     7
420
 16777215
176
     1
 90
        1
176
     1
 90
        4
176
     1
 62
     7
176
     1
 62
   257
176
     1
 90
        1
176
     1
 90
        1
176
     1
 40
1.0
176
     1
 90
        0
176
     1
 62
   257
176
     1
 40
1.0
176
     1
 90
        1
176
     1
 90
        6
176
     1
 90
        2
176
     1
 62
     7
176
     1
 90
        5
176
     1
 90
        0
176
     1
 90
        0
176
     1
290
     0
176
     1
 90
        1
176
     1
 40
0.0
176
     1
 90
        0
176
     1
290
     0
176
     1
290
     1
176
     1
290
     1
176
     1
290
     0
176
     1
290
     0
176
     1
290
     0
176
     1
290
     0
176
     1
290
     0
176
     1
290
     0
176
     1
 90
       50
176
     1
 40
0.0
176
     1
 40
1.0
176
     1
 90
        0
176
     1
 62
    18
420
        0
176
     1
 90
       50
176
     1
 90
        3
176
     1
 62
     5
420
      255
176
     1
290
     0
176
     1
 90
       50
176
     1
 90
       50
176
     1
 90
       50
176
     1
290
     0
176
     1
 90
       50
176
     1
 62
   256
176
     0
 40
1.0
176
     0
 90
        2
176
     1
  1
strokes_ogs.tif
176
     1
290
     0
176
     1
 40
1.0
176
     1
 40
1.0
176
     1
1001
ACAD
1000
AcDbSavedByObjectVersion
1070
     0
  0
VISUALSTYLE
  5
F4
102
{ACAD_REACTORS
330
EF
102
}
330
EF
100
AcDbVisualStyle
  2
Basic
 70
     7
177
     3
291
     1
 70
    58
 90
        1
176
     1
 90
        0
176
     1
 90
        1
176
     1
 90
        0
176
     1
 40
0.6
176
     1
 40
30.0
176
     1
 62
     7
420
 16777215
176
     1
 90
        0
176
     1
 90
        4
176
     1
 62
     7
176
     1
 62
   257
176
     1
 90
        1
176
     1
 90
        1
176
     1
 40
1.0
176
     1
 90
        8
176
     1
 62
     7
176
     1
 40
1.0
176
     1
 90
        1
176
     1
 90
        6
176
     1
 90
        2
176
     1
 62
     7
176
     1
 90
        5
176
     1
 90
        0
176
     1
 90
        0
176
     1
290
     0
176
     1
 90
        1
176
     1
 40
0.0
176
     1
 90
        0
176
     1
290
     0
176
     1
290
     1
176
     1
290
     1
176
     1
290
     0
176
     1
290
     0
176
     1
290
     0
176
     1
290
     0
176
     1
290
     0
176
     1
290
     0
176
     1
 90
       50
176
     1
 40
0.0
176
     1
 40
1.0
176
     1
 90
        0
176
     1
 62
    18
420
        0
176
     1
 90
       50
176
     1
 90
        3
176
     1
 62
     5
420
      255
176
     1
290
     0
176
     1
 90
       50
176
     1
 90
       50
176
     1
 90
       50
176
     1
290
     0
176
     1
 90
       50
176
     1
 62
   256
176
     0
 40
1.0
176
     0
 90
        2
176
     1
  1
strokes_ogs.tif
176
     1
290
     0
176
     1
 40
1.0
176
     1
 40
1.0
176
     1
1001
ACAD
1000
AcDbSavedByObjectVersion
1070
     0
  0
VISUALSTYLE
  5
FB
102
{ACAD_REACTORS
330
EF
102
}
330
EF
100
AcDbVisualStyle
  2
Brighten
 70
    12
177
     3
291
     1
 70
    58
 90
        2
176
     1
 90
        2
176
     1
 90
        1
176
     1
 90
        0
176
     1
 40
0.6
176
     1
 40
30.0
176
     1
 62
     7
420
 16777215
176
     1
 90
        1
176
     1
 90
        4
176
     1
 62
     7
176
     1
 62
   257
176
     1
 90
        1
176
     1
 90
        1
176
     1
 40
1.0
176
     1
 90
        8
176
     1
 62
     7
176
     1
 40
1.0
176
     1
 90
        1
176
     1
 90
        6
176
     1
 90
        2
176
     1
 62
     7
176
     1
 90
        5
176
     1
 90
        0
176
     1
 90
        0
176
     1
290
     0
176
     1
 90
        1
176
     1
 40
50.0
176
     1
 90
        0
176
     1
290
     0
176
     1
290
     1
176
     1
290
     1
176
     1
290
     0
176
     1
290
     0
176
     1
290
     0
176
     1
290
     0
176
     1
290
     0
176
     1
290
     0
176
     1
 90
       50
176
     1
 40
0.0
176
     1
 40
1.0
176
     1
 90
        0
176
     1
 62
    18
420
        0
176
     1
 90
       50
176
     1
 90
        3
176
     1
 62
     5
420
      255
176
     1
290
     0
176
     1
 90
       50
176
     1
 90
       50
176
     1
 90
       50
176
     1
290
     0
176
     1
 90
       50
176
     1
 62
   256
176
     0
 40
1.0
176
     0
 90
        2
176
     1
  1
strokes_ogs.tif
176
     1
290
     0
176
     1
 40
1.0
176
     1
 40
1.0
176
     1
1001
ACAD
1000
AcDbSavedByObjectVersion
1070
     0
  0
VISUALSTYLE
  5
FF
102
{ACAD_REACTORS
330
EF
102
}
330
EF
100
AcDbVisualStyle
  2
ColorChange
 70
    16
177
     3
291
     1
 70
    58
 90
        2
176
     1
 90
        2
176
     1
 90
        3
176
     1
 90
        0
176
     1
 40
0.6
176
     1
 40
30.0
176
     1
 62
     8
420
  8421504
176
     1
 90
        1
176
     1
 90
        4
176
     1
 62
     7
176
     1
 62
   257
176
     1
 90
        1
176
     1
 90
        1
176
     1
 40
1.0
176
     1
 90
        8
176
     1
 62
     8
420
  8421504
176
     1
 40
1.0
176
     1
 90
        1
176
     1
 90
        6
176
     1
 90
        2
176
     1
 62
     7
176
     1
 90
        5
176
     1
 90
        0
176
     1
 90
        0
176
     1
290
     0
176
     1
 90
        1
176
     1
 40
0.0
176
     1
 90
        0
176
     1
290
     0
176
     1
290
     1
176
     1
290
     1
176
     1
290
     0
176
     1
290
     0
176
     1
290
     0
176
     1
290
     0
176
     1
290
     0
176
     1
290
     0
176
     1
 90
       50
176
     1
 40
0.0
176
     1
 40
1.0
176
     1
 90
        0
176
     1
 62
    18
420
        0
176
     1
 90
       50
176
     1
 90
        3
176
     1
 62
     5
420
      255
176
     1
290
     0
176
     1
 90
       50
176
     1
 90
       50
176
     1
 90
       50
176
     1
290
     0
176
     1
 90
       50
176
     1
 62
   256
176
     0
 40
1.0
176
     0
 90
        2
176
     1
  1
strokes_ogs.tif
176
     1
290
     0
176
     1
 40
1.0
176
     1
 40
1.0
176
     1
1001
ACAD
1000
AcDbSavedByObjectVersion
1070
     0
  0
VISUALSTYLE
  5
F8
102
{ACAD_REACTORS
330
EF
102
}
330
EF
100
AcDbVisualStyle
  2
Conceptual
 70
     9
177
     3
291
     0
 70
    58
 90
        3
176
     1
 90
        2
176
     1
 90
        1
176
     1
 90
        0
176
     1
 40
0.6
176
     1
 40
30.0
176
     1
 62
     7
420
 16777215
176
     1
 90
        2
176
     1
 90
        2
176
     1
 62
     7
176
     1
 62
   257
176
     1
 90
        1
176
     1
 90
        1
176
     1
 40
40.0
176
     1
 90
        8
176
     1
 62
     7
176
     1
 40
1.0
176
     1
 90
        1
176
     1
 90
        6
176
     1
 90
        2
176
     1
 62
     7
176
     1
 90
        3
176
     1
 90
        0
176
     1
 90
        0
176
     1
290
     0
176
     1
 90
        1
176
     1
 40
0.0
176
     1
 90
        0
176
     1
290
     0
176
     1
290
     1
176
     1
290
     1
176
     1
290
     0
176
     1
290
     0
176
     1
290
     0
176
     1
290
     0
176
     1
290
     0
176
     1
290
     0
176
     1
 90
       50
176
     1
 40
0.0
176
     1
 40
1.0
176
     1
 90
        0
176
     1
 62
    18
420
        0
176
     1
 90
       50
176
     1
 90
        3
176
     1
 62
     5
420
      255
176
     1
290
     0
176
     1
 90
       50
176
     1
 90
       50
176
     1
 90
       50
176
     1
290
     0
176
     1
 90
       50
176
     1
 62
   256
176
     0
 40
1.0
176
     0
 90
        2
176
     1
  1
strokes_ogs.tif
176
     1
290
     0
176
     1
 40
1.0
176
     1
 40
1.0
176
     1
1001
ACAD
1000
AcDbSavedByObjectVersion
1070
     0
  0
VISUALSTYLE
  5
FA
102
{ACAD_REACTORS
330
EF
102
}
330
EF
100
AcDbVisualStyle
  2
Dim
 70
    11
177
     3
291
     1
 70
    58
 90
        2
176
     1
 90
        2
176
     1
 90
        1
176
     1
 90
        0
176
     1
 40
0.6
176
     1
 40
30.0
176
     1
 62
     7
420
 16777215
176
     1
 90
        1
176
     1
 90
        4
176
     1
 62
     7
176
     1
 62
   257
176
     1
 90
        1
176
     1
 90
        1
176
     1
 40
1.0
176
     1
 90
        8
176
     1
 62
     7
176
     1
 40
1.0
176
     1
 90
        1
176
     1
 90
        6
176
     1
 90
        2
176
     1
 62
     7
176
     1
 90
        5
176
     1
 90
        0
176
     1
 90
        0
176
     1
290
     0
176
     1
 90
        1
176
     1
 40
-50.0
176
     1
 90
        0
176
     1
290
     0
176
     1
290
     1
176
     1
290
     1
176
     1
290
     0
176
     1
290
     0
176
     1
290
     0
176
     1
290
     0
176
     1
290
     0
176
     1
290
     0
176
     1
 90
       50
176
     1
 40
0.0
176
     1
 40
1.0
176
     1
 90
        0
176
     1
 62
    18
420
        0
176
     1
 90
       50
176
     1
 90
        3
176
     1
 62
     5
420
      255
176
     1
290
     0
176
     1
 90
       50
176
     1
 90
       50
176
     1
 90
       50
176
     1
290
     0
176
     1
 90
       50
176
     1
 62
   256
176
     0
 40
1.0
176
     0
 90
        2
176
     1
  1
strokes_ogs.tif
176
     1
290
     0
176
     1
 40
1.0
176
     1
 40
1.0
176
     1
1001
ACAD
1000
AcDbSavedByObjectVersion
1070
     0
  0
VISUALSTYLE
  5
204
102
{ACAD_REACTORS
330
EF
102
}
330
EF
100
AcDbVisualStyle
  2
EdgeColorOff
 70
    22
177
     3
291
     1
 70
    58
 90
        2
176
     0
 90
        2
176
     0
 90
        0
176
     0
 90
        0
176
     0
 40
0.6
176
     0
 40
30.0
176
     0
 62
     7
420
 16777215
176
     0
 90
        1
176
     0
 90
        4
176
     0
 62
     7
176
     0
 62
   257
176
     0
 90
        1
176
     0
 90
        1
176
     0
 40
1.0
176
     0
 90
        8
176
     2
 62
     7
176
     0
 40
1.0
176
     0
 90
        1
176
     0
 90
        6
176
     0
 90
        2
176
     0
 62
     7
176
     0
 90
        5
176
     0
 90
        0
176
     0
 90
        0
176
     0
290
     0
176
     0
 90
        1
176
     0
 40
0.0
176
     0
 90
        0
176
     0
290
     0
176
     0
290
     1
176
     0
290
     1
176
     0
290
     0
176
     0
290
     0
176
     0
290
     0
176
     0
290
     0
176
     0
290
     0
176
     0
290
     0
176
     0
 90
       50
176
     0
 40
0.0
176
     0
 40
1.0
176
     0
 90
        0
176
     0
 62
    18
420
        0
176
     0
 90
       50
176
     0
 90
        3
176
     0
 62
     5
420
      255
176
     0
290
     0
176
     0
 90
       50
176
     0
 90
       50
176
     0
 90
       50
176
     0
290
     0
176
     0
 90
       50
176
     0
 62
   256
176
     0
 40
1.0
176
     0
 90
        2
176
     0
  1
strokes_ogs.tif
176
     0
290
     0
176
     0
 40
1.0
176
     0
 40
1.0
176
     0
1001
ACAD
1000
AcDbSavedByObjectVersion
1070
     0
  0
VISUALSTYLE
  5
FE
102
{ACAD_REACTORS
330
EF
102
}
330
EF
100
AcDbVisualStyle
  2
Facepattern
 70
    15
177
     3
291
     1
 70
    58
 90
        2
176
     1
 90
        2
176
     1
 90
        1
176
     1
 90
        0
176
     1
 40
0.6
176
     1
 40
30.0
176
     1
 62
     7
420
 16777215
176
     1
 90
        1
176
     1
 90
        4
176
     1
 62
     7
176
     1
 62
   257
176
     1
 90
        1
176
     1
 90
        1
176
     1
 40
1.0
176
     1
 90
        8
176
     1
 62
     7
176
     1
 40
1.0
176
     1
 90
        1
176
     1
 90
        6
176
     1
 90
        2
176
     1
 62
     7
176
     1
 90
        5
176
     1
 90
        0
176
     1
 90
        0
176
     1
290
     0
176
     1
 90
        1
176
     1
 40
0.0
176
     1
 90
        0
176
     1
290
     0
176
     1
290
     1
176
     1
290
     1
176
     1
290
     0
176
     1
290
     0
176
     1
290
     0
176
     1
290
     0
176
     1
290
     0
176
     1
290
     0
176
     1
 90
       50
176
     1
 40
0.0
176
     1
 40
1.0
176
     1
 90
        0
176
     1
 62
    18
420
        0
176
     1
 90
       50
176
     1
 90
        3
176
     1
 62
     5
420
      255
176
     1
290
     0
176
     1
 90
       50
176
     1
 90
       50
176
     1
 90
       50
176
     1
290
     0
176
     1
 90
       50
176
     1
 62
   256
176
     0
 40
1.0
176
     0
 90
        2
176
     1
  1
strokes_ogs.tif
176
     1
290
     0
176
     1
 40
1.0
176
     1
 40
1.0
176
     1
1001
ACAD
1000
AcDbSavedByObjectVersion
1070
     0
  0
VISUALSTYLE
  5
F0
102
{ACAD_REACTORS
330
EF
102
}
330
EF
100
AcDbVisualStyle
  2
Flat
 70
     0
177
     3
291
     1
 70
    58
 90
        2
176
     1
 90
        1
176
     1
 90
        1
176
     1
 90
        2
176
     1
 40
0.6
176
     1
 40
30.0
176
     1
 62
     7
420
 16777215
176
     1
 90
        0
176
     1
 90
        4
176
     1
 62
     7
176
     1
 62
   257
176
     1
 90
        1
176
     1
 90
        1
176
     1
 40
1.0
176
     1
 90
        8
176
     1
 62
     7
176
     1
 40
1.0
176
     1
 90
        1
176
     1
 90
        6
176
     1
 90
        2
176
     1
 62
     7
176
     1
 90
        5
176
     1
 90
        0
176
     1
 90
        0
176
     1
290
     0
176
     1
 90
        1
176
     1
 40
0.0
176
     1
 90
        0
176
     1
290
     0
176
     1
290
     1
176
     1
290
     1
176
     1
290
     0
176
     1
290
     0
176
     1
290
     0
176
     1
290
     0
176
     1
290
     0
176
     1
290
     0
176
     1
 90
       50
176
     1
 40
0.0
176
     1
 40
1.0
176
     1
 90
        0
176
     1
 62
    18
420
        0
176
     1
 90
       50
176
     1
 90
        3
176
     1
 62
     5
420
      255
176
     1
290
     0
176
     1
 90
       50
176
     1
 90
       50
176
     1
 90
       50
176
     1
290
     0
176
     1
 90
       50
176
     1
 62
   256
176
     0
 40
1.0
176
     0
 90
        2
176
     1
  1
strokes_ogs.tif
176
     1
290
     0
176
     1
 40
1.0
176
     1
 40
1.0
176
     1
1001
ACAD
1000
AcDbSavedByObjectVersion
1070
     0
  0
VISUALSTYLE
  5
F1
102
{ACAD_REACTORS
330
EF
102
}
330
EF
100
AcDbVisualStyle
  2
FlatWithEdges
 70
     1
177
     3
291
     1
 70
    58
 90
        2
176
     1
 90
        1
176
     1
 90
        1
176
     1
 90
        2
176
     1
 40
0.6
176
     1
 40
30.0
176
     1
 62
     7
420
 16777215
176
     1
 90
        1
176
     1
 90
        4
176
     1
 62
     7
176
     1
 62
   257
176
     1
 90
        1
176
     1
 90
        1
176
     1
 40
1.0
176
     1
 90
        0
176
     1
 62
   257
176
     1
 40
1.0
176
     1
 90
        1
176
     1
 90
        6
176
     1
 90
        2
176
     1
 62
     7
176
     1
 90
        5
176
     1
 90
        0
176
     1
 90
        0
176
     1
290
     0
176
     1
 90
        1
176
     1
 40
0.0
176
     1
 90
        0
176
     1
290
     0
176
     1
290
     1
176
     1
290
     1
176
     1
290
     0
176
     1
290
     0
176
     1
290
     0
176
     1
290
     0
176
     1
290
     0
176
     1
290
     0
176
     1
 90
       50
176
     1
 40
0.0
176
     1
 40
1.0
176
     1
 90
        0
176
     1
 62
    18
420
        0
176
     1
 90
       50
176
     1
 90
        3
176
     1
 62
     5
420
      255
176
     1
290
     0
176
     1
 90
       50
176
     1
 90
       50
176
     1
 90
       50
176
     1
290
     0
176
     1
 90
       50
176
     1
 62
   256
176
     0
 40
1.0
176
     0
 90
        2
176
     1
  1
strokes_ogs.tif
176
     1
290
     0
176
     1
 40
1.0
176
     1
 40
1.0
176
     1
1001
ACAD
1000
AcDbSavedByObjectVersion
1070
     0
  0
VISUALSTYLE
  5
F2
102
{ACAD_REACTORS
330
EF
102
}
330
EF
100
AcDbVisualStyle
  2
Gouraud
 70
     2
177
     3
291
     1
 70
    58
 90
        2
176
     1
 90
        2
176
     1
 90
        1
176
     1
 90
        2
176
     1
 40
0.6
176
     1
 40
30.0
176
     1
 62
     7
420
 16777215
176
     1
 90
        0
176
     1
 90
        4
176
     1
 62
     7
176
     1
 62
   257
176
     1
 90
        1
176
     1
 90
        1
176
     1
 40
1.0
176
     1
 90
        0
176
     1
 62
     7
176
     1
 40
1.0
176
     1
 90
        1
176
     1
 90
        6
176
     1
 90
        2
176
     1
 62
     7
176
     1
 90
        5
176
     1
 90
        0
176
     1
 90
        0
176
     1
290
     0
176
     1
 90
        1
176
     1
 40
0.0
176
     1
 90
        0
176
     1
290
     0
176
     1
290
     1
176
     1
290
     1
176
     1
290
     0
176
     1
290
     0
176
     1
290
     0
176
     1
290
     0
176
     1
290
     0
176
     1
290
     0
176
     1
 90
       50
176
     1
 40
0.0
176
     1
 40
1.0
176
     1
 90
        0
176
     1
 62
    18
420
        0
176
     1
 90
       50
176
     1
 90
        3
176
     1
 62
     5
420
      255
176
     1
290
     0
176
     1
 90
       50
176
     1
 90
       50
176
     1
 90
       50
176
     1
290
     0
176
     1
 90
       50
176
     1
 62
   256
176
     0
 40
1.0
176
     0
 90
        2
176
     1
  1
strokes_ogs.tif
176
     1
290
     0
176
     1
 40
1.0
176
     1
 40
1.0
176
     1
1001
ACAD
1000
AcDbSavedByObjectVersion
1070
     0
  0
VISUALSTYLE
  5
F3
102
{ACAD_REACTORS
330
EF
102
}
330
EF
100
AcDbVisualStyle
  2
GouraudWithEdges
 70
     3
177
     3
291
     1
 70
    58
 90
        2
176
     1
 90
        2
176
     1
 90
        1
176
     1
 90
        2
176
     1
 40
0.6
176
     1
 40
30.0
176
     1
 62
     7
420
 16777215
176
     1
 90
        1
176
     1
 90
        4
176
     1
 62
     7
176
     1
 62
   257
176
     1
 90
        1
176
     1
 90
        1
176
     1
 40
1.0
176
     1
 90
        0
176
     1
 62
   257
176
     1
 40
1.0
176
     1
 90
        1
176
     1
 90
        6
176
     1
 90
        2
176
     1
 62
     7
176
     1
 90
        5
176
     1
 90
        0
176
     1
 90
        0
176
     1
290
     0
176
     1
 90
        1
176
     1
 40
0.0
176
     1
 90
        0
176
     1
290
     0
176
     1
290
     1
176
     1
290
     1
176
     1
290
     0
176
     1
290
     0
176
     1
290
     0
176
     1
290
     0
176
     1
290
     0
176
     1
290
     0
176
     1
 90
       50
176
     1
 40
0.0
176
     1
 40
1.0
176
     1
 90
        0
176
     1
 62
    18
420
        0
176
     1
 90
       50
176
     1
 90
        3
176
     1
 62
     5
420
      255
176
     1
290
     0
176
     1
 90
       50
176
     1
 90
       50
176
     1
 90
       50
176
     1
290
     0
176
     1
 90
       50
176
     1
 62
   256
176
     0
 40
1.0
176
     0
 90
        2
176
     1
  1
strokes_ogs.tif
176
     1
290
     0
176
     1
 40
1.0
176
     1
 40
1.0
176
     1
1001
ACAD
1000
AcDbSavedByObjectVersion
1070
     0
  0
VISUALSTYLE
  5
1FC
102
{ACAD_REACTORS
330
EF
102
}
330
EF
100
AcDbVisualStyle
  2
Hidden
 70
     6
177
     3
291
     0
 70
    58
 90
        1
176
     1
 90
        2
176
     1
 90
        2
176
     1
 90
        0
176
     1
 40
0.6
176
     1
 40
30.0
176
     1
 62
     7
420
 16777215
176
     1
 90
        2
176
     1
 90
        2
176
     1
 62
     7
176
     1
 62
   257
176
     1
 90
        2
176
     1
 90
        1
176
     1
 40
40.0
176
     1
 90
        0
176
     1
 62
   257
176
     1
 40
1.0
176
     1
 90
        1
176
     1
 90
        6
176
     1
 90
        2
176
     1
 62
     7
176
     1
 90
        3
176
     1
 90
        0
176
     1
 90
        0
176
     1
290
     0
176
     1
 90
        1
176
     1
 40
0.0
176
     1
 90
        0
176
     1
290
     0
176
     1
290
     1
176
     1
290
     1
176
     1
290
     0
176
     1
290
     0
176
     1
290
     0
176
     1
290
     0
176
     1
290
     0
176
     1
290
     0
176
     1
 90
       50
176
     1
 40
0.0
176
     1
 40
1.0
176
     1
 90
        0
176
     1
 62
    18
420
        0
176
     1
 90
       50
176
     1
 90
        3
176
     1
 62
     5
420
      255
176
     1
290
     0
176
     1
 90
       50
176
     1
 90
       50
176
     1
 90
       50
176
     1
290
     0
176
     1
 90
       50
176
     1
 62
   256
176
     0
 40
1.0
176
     0
 90
        2
176
     1
  1
strokes_ogs.tif
176
     1
290
     0
176
     1
 40
1.0
176
     1
 40
1.0
176
     1
1001
ACAD
1000
AcDbSavedByObjectVersion
1070
     0
  0
VISUALSTYLE
  5
202
102
{ACAD_REACTORS
330
EF
102
}
330
EF
100
AcDbVisualStyle
  2
JitterOff
 70
    20
177
     3
291
     1
 70
    58
 90
        2
176
     0
 90
        2
176
     0
 90
        0
176
     0
 90
        0
176
     0
 40
0.6
176
     0
 40
30.0
176
     0
 62
     7
420
 16777215
176
     0
 90
        1
176
     0
 90
        4
176
     0
 62
     7
176
     0
 62
   257
176
     0
 90
        1
176
     0
 90
        1
176
     0
 40
1.0
176
     0
 90
       10
176
     2
 62
     7
176
     0
 40
1.0
176
     0
 90
        1
176
     0
 90
        6
176
     0
 90
        2
176
     0
 62
     7
176
     0
 90
        5
176
     0
 90
        0
176
     0
 90
        0
176
     0
290
     0
176
     0
 90
        1
176
     0
 40
0.0
176
     0
 90
        0
176
     0
290
     0
176
     0
290
     1
176
     0
290
     1
176
     0
290
     0
176
     0
290
     0
176
     0
290
     0
176
     0
290
     0
176
     0
290
     0
176
     0
290
     0
176
     0
 90
       50
176
     0
 40
0.0
176
     0
 40
1.0
176
     0
 90
        0
176
     0
 62
    18
420
        0
176
     0
 90
       50
176
     0
 90
        3
176
     0
 62
     5
420
      255
176
     0
290
     0
176
     0
 90
       50
176
     0
 90
       50
176
     0
 90
       50
176
     0
290
     0
176
     0
 90
       50
176
     0
 62
   256
176
     0
 40
1.0
176
     0
 90
        2
176
     0
  1
strokes_ogs.tif
176
     0
290
     0
176
     0
 40
1.0
176
     0
 40
1.0
176
     0
1001
ACAD
1000
AcDbSavedByObjectVersion
1070
     0
  0
VISUALSTYLE
  5
FD
102
{ACAD_REACTORS
330
EF
102
}
330
EF
100
AcDbVisualStyle
  2
Linepattern
 70
    14
177
     3
291
     1
 70
    58
 90
        2
176
     1
 90
        2
176
     1
 90
        1
176
     1
 90
        0
176
     1
 40
0.6
176
     1
 40
30.0
176
     1
 62
     7
420
 16777215
176
     1
 90
        1
176
     1
 90
        4
176
     1
 62
     7
176
     1
 62
   257
176
     1
 90
        7
176
     1
 90
        7
176
     1
 40
1.0
176
     1
 90
        8
176
     1
 62
     7
176
     1
 40
1.0
176
     1
 90
        1
176
     1
 90
        6
176
     1
 90
        2
176
     1
 62
     7
176
     1
 90
        5
176
     1
 90
        0
176
     1
 90
        0
176
     1
290
     0
176
     1
 90
        1
176
     1
 40
0.0
176
     1
 90
        0
176
     1
290
     0
176
     1
290
     1
176
     1
290
     1
176
     1
290
     0
176
     1
290
     0
176
     1
290
     0
176
     1
290
     0
176
     1
290
     0
176
     1
290
     0
176
     1
 90
       50
176
     1
 40
0.0
176
     1
 40
1.0
176
     1
 90
        0
176
     1
 62
    18
420
        0
176
     1
 90
       50
176
     1
 90
        3
176
     1
 62
     5
420
      255
176
     1
290
     0
176
     1
 90
       50
176
     1
 90
       50
176
     1
 90
       50
176
     1
290
     0
176
     1
 90
       50
176
     1
 62
   256
176
     0
 40
1.0
176
     0
 90
        2
176
     1
  1
strokes_ogs.tif
176
     1
290
     0
176
     1
 40
1.0
176
     1
 40
1.0
176
     1
1001
ACAD
1000
AcDbSavedByObjectVersion
1070
     0
  0
VISUALSTYLE
  5
203
102
{ACAD_REACTORS
330
EF
102
}
330
EF
100
AcDbVisualStyle
  2
OverhangOff
 70
    21
177
     3
291
     1
 70
    58
 90
        2
176
     0
 90
        2
176
     0
 90
        0
176
     0
 90
        0
176
     0
 40
0.6
176
     0
 40
30.0
176
     0
 62
     7
420
 16777215
176
     0
 90
        1
176
     0
 90
        4
176
     0
 62
     7
176
     0
 62
   257
176
     0
 90
        1
176
     0
 90
        1
176
     0
 40
1.0
176
     0
 90
        9
176
     2
 62
     7
176
     0
 40
1.0
176
     0
 90
        1
176
     0
 90
        6
176
     0
 90
        2
176
     0
 62
     7
176
     0
 90
        5
176
     0
 90
        0
176
     0
 90
        0
176
     0
290
     0
176
     0
 90
        1
176
     0
 40
0.0
176
     0
 90
        0
176
     0
290
     0
176
     0
290
     1
176
     0
290
     1
176
     0
290
     0
176
     0
290
     0
176
     0
290
     0
176
     0
290
     0
176
     0
290
     0
176
     0
290
     0
176
     0
 90
       50
176
     0
 40
0.0
176
     0
 40
1.0
176
     0
 90
        0
176
     0
 62
    18
420
        0
176
     0
 90
       50
176
     0
 90
        3
176
     0
 62
     5
420
      255
176
     0
290
     0
176
     0
 90
       50
176
     0
 90
       50
176
     0
 90
       50
176
     0
290
     0
176
     0
 90
       50
176
     0
 62
   256
176
     0
 40
1.0
176
     0
 90
        2
176
     0
  1
strokes_ogs.tif
176
     0
290
     0
176
     0
 40
1.0
176
     0
 40
1.0
176
     0
1001
ACAD
1000
AcDbSavedByObjectVersion
1070
     0
  0
VISUALSTYLE
  5
F9
102
{ACAD_REACTORS
330
EF
102
}
330
EF
100
AcDbVisualStyle
  2
Realistic
 70
     8
177
     3
291
     0
 70
    58
 90
        2
176
     1
 90
        2
176
     1
 90
        1
176
     1
 90
        0
176
     1
 40
0.6
176
     1
 40
30.0
176
     1
 62
     7
420
 16777215
176
     1
 90
        1
176
     1
 90
        0
176
     1
 62
     7
176
     1
 62
   257
176
     1
 90
        1
176
     1
 90
        1
176
     1
 40
1.0
176
     1
 90
        8
176
     1
 62
     8
420
  7895160
176
     1
 40
1.0
176
     1
 90
        1
176
     1
 90
        6
176
     1
 90
        2
176
     1
 62
     7
176
     1
 90
        5
176
     1
 90
        0
176
     1
 90
        0
176
     1
290
     0
176
     1
 90
       13
176
     1
 40
0.0
176
     1
 90
        0
176
     1
290
     0
176
     1
290
     1
176
     1
290
     1
176
     1
290
     0
176
     1
290
     0
176
     1
290
     0
176
     1
290
     0
176
     1
290
     0
176
     1
290
     0
176
     1
 90
       50
176
     1
 40
0.0
176
     1
 40
1.0
176
     1
 90
        0
176
     1
 62
    18
420
        0
176
     1
 90
       50
176
     1
 90
        3
176
     1
 62
     5
420
      255
176
     1
290
     0
176
     1
 90
       50
176
     1
 90
       50
176
     1
 90
       50
176
     1
290
     0
176
     1
 90
       50
176
     1
 62
   256
176
     0
 40
1.0
176
     0
 90
        2
176
     1
  1
strokes_ogs.tif
176
     1
290
     0
176
     1
 40
1.0
176
     1
 40
1.0
176
     1
1001
ACAD
1000
AcDbSavedByObjectVersion
1070
     0
  0
VISUALSTYLE
  5
201
102
{ACAD_REACTORS
330
EF
102
}
330
EF
100
AcDbVisualStyle
  2
Shaded
 70
    27
177
     3
291
     0
 70
    58
 90
        2
176
     1
 90
        2
176
     1
 90
        1
176
     1
 90
        2
176
     1
 40
0.6
176
     1
 40
30.0
176
     1
 62
     7
420
 16777215
176
     1
 90
        0
176
     1
 90
        4
176
     1
 62
     7
176
     1
 62
   257
176
     1
 90
        1
176
     1
 90
        1
176
     1
 40
1.0
176
     1
 90
        8
176
     1
 62
   257
176
     1
 40
1.0
176
     1
 90
        1
176
     1
 90
        6
176
     1
 90
        2
176
     1
 62
     8
420
  7895160
176
     1
 90
        3
176
     1
 90
        0
176
     1
 90
        0
176
     1
290
     0
176
     1
 90
        5
176
     1
 40
0.0
176
     1
 90
        0
176
     1
290
     0
176
     1
290
     1
176
     1
290
     1
176
     1
290
     0
176
     1
290
     0
176
     1
290
     0
176
     1
290
     0
176
     1
290
     0
176
     1
290
     0
176
     1
 90
       50
176
     1
 40
0.0
176
     1
 40
1.0
176
     1
 90
        0
176
     1
 62
    18
420
        0
176
     1
 90
       50
176
     1
 90
        3
176
     1
 62
     5
420
      255
176
     1
290
     0
176
     1
 90
       50
176
     1
 90
       50
176
     1
 90
       50
176
     1
290
     0
176
     1
 90
       50
176
     1
 62
   256
176
     0
 40
1.0
176
     0
 90
        2
176
     1
  1
strokes_ogs.tif
176
     1
290
     0
176
     1
 40
1.0
176
     1
 40
1.0
176
     1
1001
ACAD
1000
AcDbSavedByObjectVersion
1070
     0
  0
VISUALSTYLE
  5
200
102
{ACAD_REACTORS
330
EF
102
}
330
EF
100
AcDbVisualStyle
  2
Shaded with edges
 70
    26
177
     3
291
     0
 70
    58
 90
        2
176
     1
 90
        2
176
     1
 90
        1
176
     1
 90
        2
176
     1
 40
0.6
176
     1
 40
30.0
176
     1
 62
     7
420
 16777215
176
     1
 90
        1
176
     1
 90
        2
176
     1
 62
     7
176
     1
 62
   257
176
     1
 90
        2
176
     1
 90
        1
176
     1
 40
1.0
176
     1
 90
        8
176
     1
 62
   257
176
     1
 40
1.0
176
     1
 90
        1
176
     1
 90
        6
176
     1
 90
        2
176
     1
 62
     7
176
     1
 90
        3
176
     1
 90
        0
176
     1
 90
        0
176
     1
290
     0
176
     1
 90
        5
176
     1
 40
0.0
176
     1
 90
        0
176
     1
290
     0
176
     1
290
     1
176
     1
290
     1
176
     1
290
     0
176
     1
290
     0
176
     1
290
     0
176
     1
290
     0
176
     1
290
     0
176
     1
290
     0
176
     1
 90
       50
176
     1
 40
0.0
176
     1
 40
1.0
176
     1
 90
        0
176
     1
 62
    18
420
        0
176
     1
 90
       50
176
     1
 90
        3
176
     1
 62
     5
420
      255
176
     1
290
     0
176
     1
 90
       50
176
     1
 90
       50
176
     1
 90
       50
176
     1
290
     0
176
     1
 90
       50
176
     1
 62
   256
176
     0
 40
1.0
176
     0
 90
        2
176
     1
  1
strokes_ogs.tif
176
     1
290
     0
176
     1
 40
1.0
176
     1
 40
1.0
176
     1
1001
ACAD
1000
AcDbSavedByObjectVersion
1070
     0
  0
VISUALSTYLE
  5
1FD
102
{ACAD_REACTORS
330
EF
102
}
330
EF
100
AcDbVisualStyle
  2
Shades of Gray
 70
    23
177
     3
291
     0
 70
    58
 90
        2
176
     1
 90
        2
176
     1
 90
        3
176
     1
 90
        0
176
     1
 40
0.6
176
     1
 40
30.0
176
     1
 62
     7
420
 16777215
176
     1
 90
        2
176
     1
 90
        2
176
     1
 62
     7
176
     1
 62
     7
176
     1
 90
        1
176
     1
 90
        1
176
     1
 40
40.0
176
     1
 90
        8
176
     1
 62
     7
176
     1
 40
1.0
176
     1
 90
        1
176
     1
 90
        6
176
     1
 90
        2
176
     1
 62
     7
176
     1
 90
        3
176
     1
 90
        0
176
     1
 90
        0
176
     1
290
     0
176
     1
 90
        1
176
     1
 40
0.0
176
     1
 90
        0
176
     1
290
     0
176
     1
290
     1
176
     1
290
     1
176
     1
290
     0
176
     1
290
     0
176
     1
290
     0
176
     1
290
     0
176
     1
290
     0
176
     1
290
     0
176
     1
 90
       50
176
     1
 40
0.0
176
     1
 40
1.0
176
     1
 90
        0
176
     1
 62
    18
420
        0
176
     1
 90
       50
176
     1
 90
        3
176
     1
 62
     5
420
      255
176
     1
290
     0
176
     1
 90
       50
176
     1
 90
       50
176
     1
 90
       50
176
     1
290
     0
176
     1
 90
       50
176
     1
 62
   256
176
     0
 40
1.0
176
     0
 90
        2
176
     1
  1
strokes_ogs.tif
176
     1
290
     0
176
     1
 40
1.0
176
     1
 40
1.0
176
     1
1001
ACAD
1000
AcDbSavedByObjectVersion
1070
     0
  0
VISUALSTYLE
  5
1FE
102
{ACAD_REACTORS
330
EF
102
}
330
EF
100
AcDbVisualStyle
  2
Sketchy
 70
    24
177
     3
291
     0
 70
    58
 90
        1
176
     1
 90
        2
176
     1
 90
        2
176
     1
 90
        0
176
     1
 40
0.6
176
     1
 40
30.0
176
     1
 62
     7
420
 16777215
176
     1
 90
        2
176
     1
 90
        2
176
     1
 62
     7
176
     1
 62
     7
176
     1
 90
        1
176
     1
 90
        1
176
     1
 40
40.0
176
     1
 90
       11
176
     1
 62
     7
176
     1
 40
1.0
176
     1
 90
        1
176
     1
 90
        6
176
     1
 90
        2
176
     1
 62
     7
176
     1
 90
        6
176
     1
 90
        0
176
     1
 90
        0
176
     1
290
     0
176
     1
 90
        1
176
     1
 40
0.0
176
     1
 90
        0
176
     1
290
     0
176
     1
290
     1
176
     1
290
     1
176
     1
290
     0
176
     1
290
     0
176
     1
290
     0
176
     1
290
     0
176
     1
290
     0
176
     1
290
     0
176
     1
 90
       50
176
     1
 40
0.0
176
     1
 40
1.0
176
     1
 90
        0
176
     1
 62
    18
420
        0
176
     1
 90
       50
176
     1
 90
        3
176
     1
 62
     5
420
      255
176
     1
290
     0
176
     1
 90
       50
176
     1
 90
       50
176
     1
 90
       50
176
     1
290
     0
176
     1
 90
       50
176
     1
 62
   256
176
     0
 40
1.0
176
     0
 90
        2
176
     1
  1
strokes_ogs.tif
176
     1
290
     0
176
     1
 40
1.0
176
     1
 40
1.0
176
     1
1001
ACAD
1000
AcDbSavedByObjectVersion
1070
     0
  0
VISUALSTYLE
  5
FC
102
{ACAD_REACTORS
330
EF
102
}
330
EF
100
AcDbVisualStyle
  2
Thicken
 70
    13
177
     3
291
     1
 70
    58
 90
        2
176
     1
 90
        2
176
     1
 90
        1
176
     1
 90
        0
176
     1
 40
0.6
176
     1
 40
30.0
176
     1
 62
     7
420
 16777215
176
     1
 90
        1
176
     1
 90
        4
176
     1
 62
     7
176
     1
 62
   257
176
     1
 90
        1
176
     1
 90
        1
176
     1
 40
1.0
176
     1
 90
       12
176
     1
 62
     7
176
     1
 40
1.0
176
     1
 90
        1
176
     1
 90
        6
176
     1
 90
        2
176
     1
 62
     7
176
     1
 90
        5
176
     1
 90
        0
176
     1
 90
        0
176
     1
290
     0
176
     1
 90
        1
176
     1
 40
0.0
176
     1
 90
        0
176
     1
290
     0
176
     1
290
     1
176
     1
290
     1
176
     1
290
     0
176
     1
290
     0
176
     1
290
     0
176
     1
290
     0
176
     1
290
     0
176
     1
290
     0
176
     1
 90
       50
176
     1
 40
0.0
176
     1
 40
1.0
176
     1
 90
        0
176
     1
 62
    18
420
        0
176
     1
 90
       50
176
     1
 90
        3
176
     1
 62
     5
420
      255
176
     1
290
     0
176
     1
 90
       50
176
     1
 90
       50
176
     1
 90
       50
176
     1
290
     0
176
     1
 90
       50
176
     1
 62
   256
176
     0
 40
1.0
176
     0
 90
        2
176
     1
  1
strokes_ogs.tif
176
     1
290
     0
176
     1
 40
1.0
176
     1
 40
1.0
176
     1
1001
ACAD
1000
AcDbSavedByObjectVersion
1070
     0
  0
VISUALSTYLE
  5
1FB
102
{ACAD_REACTORS
330
EF
102
}
330
EF
100
AcDbVisualStyle
  2
Wireframe
 70
     5
177
     3
291
     0
 70
    58
 90
        0
176
     1
 90
        2
176
     1
 90
        0
176
     1
 90
        0
176
     1
 40
0.6
176
     1
 40
30.0
176
     1
 62
     7
420
 16777215
176
     1
 90
        1
176
     1
 90
        4
176
     1
 62
     7
176
     1
 62
   257
176
     1
 90
        1
176
     1
 90
        1
176
     1
 40
1.0
176
     1
 90
        0
176
     1
 62
   257
176
     1
 40
1.0
176
     1
 90
        1
176
     1
 90
        6
176
     1
 90
        2
176
     1
 62
     7
176
     1
 90
        3
176
     1
 90
        0
176
     1
 90
        0
176
     1
290
     0
176
     1
 90
        1
176
     1
 40
0.0
176
     1
 90
        0
176
     1
290
     0
176
     1
290
     1
176
     1
290
     1
176
     1
290
     0
176
     1
290
     0
176
     1
290
     0
176
     1
290
     0
176
     1
290
     0
176
     1
290
     0
176
     1
 90
       50
176
     1
 40
0.0
176
     1
 40
1.0
176
     1
 90
        0
176
     1
 62
    18
420
        0
176
     1
 90
       50
176
     1
 90
        3
176
     1
 62
     5
420
      255
176
     1
290
     0
176
     1
 90
       50
176
     1
 90
       50
176
     1
 90
       50
176
     1
290
     0
176
     1
 90
       50
176
     1
 62
   256
176
     0
 40
1.0
176
     0
 90
        2
176
     1
  1
strokes_ogs.tif
176
     1
290
     0
176
     1
 40
1.0
176
     1
 40
1.0
176
     1
1001
ACAD
1000
AcDbSavedByObjectVersion
1070
     0
  0
VISUALSTYLE
  5
1FF
102
{ACAD_REACTORS
330
EF
102
}
330
EF
100
AcDbVisualStyle
  2
X-Ray
 70
    25
177
     3
291
     0
 70
    58
 90
        2
176
     1
 90
        2
176
     1
 90
        1
176
     1
 90
        1
176
     1
 40
0.5
176
     1
 40
30.0
176
     1
 62
     7
420
 16777215
176
     1
 90
        1
176
     1
 90
        0
176
     1
 62
     7
176
     1
 62
   257
176
     1
 90
        1
176
     1
 90
        1
176
     1
 40
1.0
176
     1
 90
        8
176
     1
 62
     7
176
     1
 40
1.0
176
     1
 90
        1
176
     1
 90
        6
176
     1
 90
        2
176
     1
 62
     7
176
     1
 90
        3
176
     1
 90
        0
176
     1
 90
        0
176
     1
290
     0
176
     1
 90
       13
176
     1
 40
0.0
176
     1
 90
        0
176
     1
290
     0
176
     1
290
     1
176
     1
290
     1
176
     1
290
     0
176
     1
290
     0
176
     1
290
     0
176
     1
290
     0
176
     1
290
     0
176
     1
290
     0
176
     1
 90
       50
176
     1
 40
0.0
176
     1
 40
1.0
176
     1
 90
        0
176
     1
 62
    18
420
        0
176
     1
 90
       50
176
     1
 90
        3
176
     1
 62
     5
420
      255
176
     1
290
     0
176
     1
 90
       50
176
     1
 90
       50
176
     1
 90
       50
176
     1
290
     0
176
     1
 90
       50
176
     1
 62
   256
176
     0
 40
1.0
176
     0
 90
        2
176
     1
  1
strokes_ogs.tif
176
     1
290
     0
176
     1
 40
1.0
176
     1
 40
1.0
176
     1
1001
ACAD
1000
AcDbSavedByObjectVersion
1070
     0
  0
DICTIONARYVAR
  5
146
102
{ACAD_REACTORS
330
5E
102
}
330
5E
100
DictionaryVariables
280
     0
  1
1:1
  0
DICTIONARYVAR
  5
145
102
{ACAD_REACTORS
330
5E
102
}
330
5E
100
DictionaryVariables
280
     0
  1
STANDARD
  0
DICTIONARYVAR
  5
84
102
{ACAD_REACTORS
330
5E
102
}
330
5E
100
DictionaryVariables
280
     0
  1
STANDARD
  0
DICTIONARYVAR
  5
682
102
{ACAD_REACTORS
330
5E
102
}
330
5E
100
DictionaryVariables
280
     0
  1
Metric50
  0
DICTIONARYVAR
  5
683
102
{ACAD_REACTORS
330
5E
102
}
330
5E
100
DictionaryVariables
280
     0
  1
Metric50
  0
DICTIONARYVAR
  5
5F
102
{ACAD_REACTORS
330
5E
102
}
330
5E
100
DictionaryVariables
280
     0
  1
2
  0
DICTIONARYVAR
  5
63
102
{ACAD_REACTORS
330
5E
102
}
330
5E
100
DictionaryVariables
280
     0
  1
1
  0
DICTIONARYVAR
  5
684
102
{ACAD_REACTORS
330
5E
102
}
330
5E
100
DictionaryVariables
280
     0
  1
1
  0
DICTIONARYVAR
  5
685
102
{ACAD_REACTORS
330
5E
102
}
330
5E
100
DictionaryVariables
280
     0
  1
15
  0
DICTIONARY
  5
1EE75
102
{ACAD_REACTORS
330
1EE73
102
}
330
1EE73
100
AcDbDictionary
281
     1
  0
DICTIONARY
  5
1EE74
102
{ACAD_REACTORS
330
1EE73
102
}
330
1EE73
100
AcDbDictionary
281
     1
  3
2246714408416
350
1EE6E
  3
2246714408432
350
1EE6F
  3
2246714408448
350
1EE70
  3
2246714408464
350
1EE71
  3
2246714408480
350
1EE72
  0
VLO-VL
  5
68E
102
{ACAD_REACTORS
330
68D
102
}
330
68D
100
vlo_VL
 90
   -64512
 91
       12
 92
        1
 40
2.5
300
(&VLO-R . 0)
  0
DICTIONARY
  5
1EE7C
330
1EDA4
100
AcDbDictionary
280
     1
281
     1
  3
ACAD_XREC_ROUNDTRIP
360
1EE7D
  0
DICTIONARY
  5
1EE78
330
208
100
AcDbDictionary
280
     1
281
     1
  3
ACAD_XREC_ROUNDTRIP
360
1EE79
  0
DICTIONARY
  5
648
330
22
100
AcDbDictionary
280
     1
281
     1
  0
DICTIONARY
  5
173
330
EE
100
AcDbDictionary
280
     1
281
     1
  3
BUMPTILE
360
175
  3
DIFFUSETILE
360
174
  3
OPACITYTILE
360
176
  3
REFLECTIONTILE
360
177
  0
DICTIONARY
  5
1EE7A
330
1EDA3
100
AcDbDictionary
280
     1
281
     1
  3
ACAD_XREC_ROUNDTRIP
360
1EE7B
  0
DICTIONARY
  5
1EE76
330
206
100
AcDbDictionary
280
     1
281
     1
  3
ACAD_XREC_ROUNDTRIP
360
1EE77
  0
DICTIONARY
  5
162
330
7F
100
AcDbDictionary
280
     1
281
     1
  3
ACAD_ROUNDTRIP_2008_TABLESTYLE_CELLSTYLEMAP
360
1EE6C
  0
XRECORD
  5
1EE6E
102
{ACAD_REACTORS
330
1EE74
102
}
330
1EE74
100
AcDbXrecord
280
     1
  1
AcDb_Thumbnail_Schema
102
{ATTRRECORD
341
1EE6F
  2
AcDbDs::TreatedAsObjectData
280
     1
291
     1
102
ATTRRECORD}
102
{ATTRRECORD
341
1EE70
  2
AcDbDs::Legacy
280
     1
291
     1
102
ATTRRECORD}
  2
AcDbDs::ID
280
    10
 91
        8
102
{ATTRRECORD
341
1EE71
  2
AcDs:Indexable
280
     1
291
     1
102
ATTRRECORD}
102
{ATTRRECORD
341
1EE72
  2
AcDbDs::HandleAttribute
280
     7
282
     1
102
ATTRRECORD}
  2
Thumbnail_Data
280
    15
 91
        0
  0
XRECORD
  5
1EE6F
102
{ACAD_REACTORS
330
1EE74
102
}
330
1EE74
100
AcDbXrecord
280
     1
  1
AcDbDs::TreatedAsObjectDataSchema
  2
AcDbDs::TreatedAsObjectData
280
     1
 91
        0
  0
XRECORD
  5
1EE70
102
{ACAD_REACTORS
330
1EE74
102
}
330
1EE74
100
AcDbXrecord
280
     1
  1
AcDbDs::LegacySchema
  2
AcDbDs::Legacy
280
     1
 91
        0
  0
XRECORD
  5
1EE71
102
{ACAD_REACTORS
330
1EE74
102
}
330
1EE74
100
AcDbXrecord
280
     1
  1
AcDbDs::IndexedPropertySchema
  2
AcDs:Indexable
280
     1
 91
        0
  0
XRECORD
  5
1EE72
102
{ACAD_REACTORS
330
1EE74
102
}
330
1EE74
100
AcDbXrecord
280
     1
  1
AcDbDs::HandleAttributeSchema
  2
AcDbDs::HandleAttribute
280
     7
 91
        1
284
     1
  0
XRECORD
  5
1EE7D
102
{ACAD_REACTORS
330
1EE7C
102
}
330
1EE7C
100
AcDbXrecord
280
     1
102
DISPLAYNAME
  1
Imperial24
102
FLAGS
 90
        0
  0
XRECORD
  5
1EE79
102
{ACAD_REACTORS
330
1EE78
102
}
330
1EE78
100
AcDbXrecord
280
     1
102
DISPLAYNAME
  1
Metric50
102
FLAGS
 90
        0
  0
XRECORD
  5
175
102
{ACAD_REACTORS
330
173
102
}
330
173
100
AcDbXrecord
280
     1
270
     1
271
     1
  0
XRECORD
  5
174
102
{ACAD_REACTORS
330
173
102
}
330
173
100
AcDbXrecord
280
     1
270
     1
271
     1
  0
XRECORD
  5
176
102
{ACAD_REACTORS
330
173
102
}
330
173
100
AcDbXrecord
280
     1
270
     1
271
     1
  0
XRECORD
  5
177
102
{ACAD_REACTORS
330
173
102
}
330
173
100
AcDbXrecord
280
     1
270
     1
271
     1
  0
XRECORD
  5
1EE7B
102
{ACAD_REACTORS
330
1EE7A
102
}
330
1EE7A
100
AcDbXrecord
280
     1
102
DISPLAYNAME
  1
Imperial24
102
FLAGS
 90
        0
  0
XRECORD
  5
1EE77
102
{ACAD_REACTORS
330
1EE76
102
}
330
1EE76
100
AcDbXrecord
280
     1
102
DISPLAYNAME
  1
Metric50
102
FLAGS
 90
        0
  0
CELLSTYLEMAP
  5
1EE6C
102
{ACAD_REACTORS
330
162
102
}
330
162
100
AcDbCellStyleMap
 90
        3
300
CELLSTYLE
  1
TABLEFORMAT_BEGIN
 90
        5
170
     1
 91
        0
 92
    32768
 62
   257
 93
        1
300
CONTENTFORMAT
  1
CONTENTFORMAT_BEGIN
 90
        0
 91
        0
 92
      512
 93
        0
300

 40
0.0
140
1.0
 94
        5
 62
     0
340
11
144
6.0
309
CONTENTFORMAT_END
171
     1
301
MARGIN
  1
CELLMARGIN_BEGIN
 40
1.5
 40
1.5
 40
1.5
 40
1.5
 40
4.5
 40
4.5
309
CELLMARGIN_END
 94
        6
 95
        1
302
GRIDFORMAT
  1
GRIDFORMAT_BEGIN
 90
        0
 91
        1
 62
     0
 92
       -2
340
14
 93
        0
 40
1.125
309
GRIDFORMAT_END
 95
        2
302
GRIDFORMAT
  1
GRIDFORMAT_BEGIN
 90
        0
 91
        1
 62
     0
 92
       -2
340
14
 93
        0
 40
1.125
309
GRIDFORMAT_END
 95
        4
302
GRIDFORMAT
  1
GRIDFORMAT_BEGIN
 90
        0
 91
        1
 62
     0
 92
       -2
340
14
 93
        0
 40
1.125
309
GRIDFORMAT_END
 95
        8
302
GRIDFORMAT
  1
GRIDFORMAT_BEGIN
 90
        0
 91
        1
 62
     0
 92
       -2
340
14
 93
        0
 40
1.125
309
GRIDFORMAT_END
 95
       16
302
GRIDFORMAT
  1
GRIDFORMAT_BEGIN
 90
        0
 91
        1
 62
     0
 92
       -2
340
14
 93
        0
 40
1.125
309
GRIDFORMAT_END
 95
       32
302
GRIDFORMAT
  1
GRIDFORMAT_BEGIN
 90
        0
 91
        1
 62
     0
 92
       -2
340
14
 93
        0
 40
1.125
309
GRIDFORMAT_END
309
TABLEFORMAT_END
  1
CELLSTYLE_BEGIN
 90
        1
 91
        1
300
_TITLE
309
CELLSTYLE_END
300
CELLSTYLE
  1
TABLEFORMAT_BEGIN
 90
        5
170
     1
 91
        0
 92
        0
 62
   257
 93
        1
300
CONTENTFORMAT
  1
CONTENTFORMAT_BEGIN
 90
        0
 91
        0
 92
      512
 93
        0
300

 40
0.0
140
1.0
 94
        5
 62
     0
340
11
144
4.5
309
CONTENTFORMAT_END
171
     1
301
MARGIN
  1
CELLMARGIN_BEGIN
 40
1.5
 40
1.5
 40
1.5
 40
1.5
 40
4.5
 40
4.5
309
CELLMARGIN_END
 94
        6
 95
        1
302
GRIDFORMAT
  1
GRIDFORMAT_BEGIN
 90
        0
 91
        1
 62
     0
 92
       -2
340
14
 93
        0
 40
1.125
309
GRIDFORMAT_END
 95
        2
302
GRIDFORMAT
  1
GRIDFORMAT_BEGIN
 90
        0
 91
        1
 62
     0
 92
       -2
340
14
 93
        0
 40
1.125
309
GRIDFORMAT_END
 95
        4
302
GRIDFORMAT
  1
GRIDFORMAT_BEGIN
 90
        0
 91
        1
 62
     0
 92
       -2
340
14
 93
        0
 40
1.125
309
GRIDFORMAT_END
 95
        8
302
GRIDFORMAT
  1
GRIDFORMAT_BEGIN
 90
        0
 91
        1
 62
     0
 92
       -2
340
14
 93
        0
 40
1.125
309
GRIDFORMAT_END
 95
       16
302
GRIDFORMAT
  1
GRIDFORMAT_BEGIN
 90
        0
 91
        1
 62
     0
 92
       -2
340
14
 93
        0
 40
1.125
309
GRIDFORMAT_END
 95
       32
302
GRIDFORMAT
  1
GRIDFORMAT_BEGIN
 90
        0
 91
        1
 62
     0
 92
       -2
340
14
 93
        0
 40
1.125
309
GRIDFORMAT_END
309
TABLEFORMAT_END
  1
CELLSTYLE_BEGIN
 90
        2
 91
        1
300
_HEADER
309
CELLSTYLE_END
300
CELLSTYLE
  1
TABLEFORMAT_BEGIN
 90
        5
170
     1
 91
        0
 92
        0
 62
   257
 93
        1
300
CONTENTFORMAT
  1
CONTENTFORMAT_BEGIN
 90
        0
 91
        0
 92
      512
 93
        0
300

 40
0.0
140
1.0
 94
        2
 62
     0
340
11
144
4.5
309
CONTENTFORMAT_END
171
     1
301
MARGIN
  1
CELLMARGIN_BEGIN
 40
1.5
 40
1.5
 40
1.5
 40
1.5
 40
4.5
 40
4.5
309
CELLMARGIN_END
 94
        6
 95
        1
302
GRIDFORMAT
  1
GRIDFORMAT_BEGIN
 90
        0
 91
        1
 62
     0
 92
       -2
340
14
 93
        0
 40
1.125
309
GRIDFORMAT_END
 95
        2
302
GRIDFORMAT
  1
GRIDFORMAT_BEGIN
 90
        0
 91
        1
 62
     0
 92
       -2
340
14
 93
        0
 40
1.125
309
GRIDFORMAT_END
 95
        4
302
GRIDFORMAT
  1
GRIDFORMAT_BEGIN
 90
        0
 91
        1
 62
     0
 92
       -2
340
14
 93
        0
 40
1.125
309
GRIDFORMAT_END
 95
        8
302
GRIDFORMAT
  1
GRIDFORMAT_BEGIN
 90
        0
 91
        1
 62
     0
 92
       -2
340
14
 93
        0
 40
1.125
309
GRIDFORMAT_END
 95
       16
302
GRIDFORMAT
  1
GRIDFORMAT_BEGIN
 90
        0
 91
        1
 62
     0
 92
       -2
340
14
 93
        0
 40
1.125
309
GRIDFORMAT_END
 95
       32
302
GRIDFORMAT
  1
GRIDFORMAT_BEGIN
 90
        0
 91
        1
 62
     0
 92
       -2
340
14
 93
        0
 40
1.125
309
GRIDFORMAT_END
309
TABLEFORMAT_END
  1
CELLSTYLE_BEGIN
 90
        3
 91
        2
300
_DATA
309
CELLSTYLE_END
  0
ENDSEC
  0
SECTION
  2
ACDSDATA
 70
     2
 71
     8
  0
ACDSSCHEMA
 90
        0
  1
AcDb_Thumbnail_Schema
  2
AcDbDs::ID
280
    10
 91
        8
  2
Thumbnail_Data
280
    15
 91
        0
101
ACDSRECORD
 95
        0
 90
        1
  2
AcDbDs::TreatedAsObjectData
280
     1
291
     1
101
ACDSRECORD
 95
        0
 90
        2
  2
AcDbDs::Legacy
280
     1
291
     1
101
ACDSRECORD
  1
AcDbDs::ID
 90
        3
  2
AcDs:Indexable
280
     1
291
     1
101
ACDSRECORD
  1
AcDbDs::ID
 90
        4
  2
AcDbDs::HandleAttribute
280
     7
282
     1
  0
ACDSSCHEMA
 90
        1
  1
AcDbDs::TreatedAsObjectDataSchema
  2
AcDbDs::TreatedAsObjectData
280
     1
 91
        0
  0
ACDSSCHEMA
 90
        2
  1
AcDbDs::LegacySchema
  2
AcDbDs::Legacy
280
     1
 91
        0
  0
ACDSSCHEMA
 90
        3
  1
AcDbDs::IndexedPropertySchema
  2
AcDs:Indexable
280
     1
 91
        0
  0
ACDSSCHEMA
 90
        4
  1
AcDbDs::HandleAttributeSchema
  2
AcDbDs::HandleAttribute
280
     7
 91
        1
284
     1
  0
ACDSRECORD
 90
        0
  2
AcDbDs::ID
280
    10
320
22
  2
Thumbnail_Data
280
    15
 94
     2010
310
89504E470D0A1A0A0000000D4948445200000100000000970803000000CDB8751B00000300504C5445000000000000CCE8CF0000000000000000000000000000000000000000000000000000330000660000990000CC0000FF0033000033330033660033990033CC0033FF0066000066330066660066990066CC0066FF0099
310
000099330099660099990099CC0099FF00CC0000CC3300CC6600CC9900CCCC00CCFF00FF0000FF3300FF6600FF9900FFCC00FFFF3300003300333300663300993300CC3300FF3333003333333333663333993333CC3333FF3366003366333366663366993366CC3366FF3399003399333399663399993399CC3399FF33CC00
310
33CC3333CC6633CC9933CCCC33CCFF33FF0033FF3333FF6633FF9933FFCC33FFFF6600006600336600666600996600CC6600FF6633006633336633666633996633CC6633FF6666006666336666666666996666CC6666FF6699006699336699666699996699CC6699FF66CC0066CC3366CC6666CC9966CCCC66CCFF66FF0066
310
FF3366FF6666FF9966FFCC66FFFF9900009900339900669900999900CC9900FF9933009933339933669933999933CC9933FF9966009966339966669966999966CC9966FF9999009999339999669999999999CC9999FF99CC0099CC3399CC6699CC9999CCCC99CCFF99FF0099FF3399FF6699FF9999FFCC99FFFFCC0000CC00
310
33CC0066CC0099CC00CCCC00FFCC3300CC3333CC3366CC3399CC33CCCC33FFCC6600CC6633CC6666CC6699CC66CCCC66FFCC9900CC9933CC9966CC9999CC99CCCC99FFCCCC00CCCC33CCCC66CCCC99CCCCCCCCCCFFCCFF00CCFF33CCFF66CCFF99CCFFCCCCFFFFFF0000FF0033FF0066FF0099FF00CCFF00FFFF3300FF3333
310
FF3366FF3399FF33CCFF33FFFF6600FF6633FF6666FF6699FF66CCFF66FFFF9900FF9933FF9966FF9999FF99CCFF99FFFFCC00FFCC33FFCC66FFCC99FFCCCCFFCCFFFFFF00FFFF33FFFF66FFFF99FFFFCCFFFFFF0000000D0D0D1A1A1A2828283535354343435050505D5D5D6B6B6B787878868686939393A1A1A1AEAEAEBB
310
BBBBC9C9C9D6D6D6E4E4E4F1F1F1FFFFFF000000000000000000000000000000000000000000000000000000000000B78BE71B000004954944415478DAED9D5996AC200C866BFF6BCC53F6C07BB7A52243A08080133FF79CBE5DC442FC849041E90F4F5E3E00000000000000000000000000000000000000E017B31455EBEA
310
06B84B17CCD400580180889467D736A06FC170BE85CF71AFE3B200D015750BD4A38584E400901A23FFDF55AA187503235B300700F688B10F2DF8901371C5B13D4EC9C2298BFBE00370271DFFFF33F22C347911571C3BEA94C57D00000000000000000000806703A06E0006996599638B4FC915A7E4564B70E9C05A1C3FA06B
310
19D126457DADE9BC078042CF41ED82481E49F74683FFF75F8A1CA804001E04606970449B7E5F6B3A7F0580412380A803000AA700DD7F0A503805A28AFC974525C88394E0C046B9ADF7998048E34AD61643518BA228973E20526847042609B7D94E5A511CE4D25B82000000003013804539CE09605912BE0088684E0004003B
310
00CE441C7C912900607EB451263A0D8010102932F7BA8B4243332F8A72BA2E80B266BEDFF9D8EFF14037A0BF0B60C28717DC0AAA0F883C0EC00F4FAF1E40386EB86A3C36885A9CAC4814F472BFFCD2291000C8C556A9B722A786D5251291DFCCE10DD65B82DC2DC0AD169503F886804D1F5318000000001E0F607A25B82F84
310
134F0100D001E8F3C49F5A5461096EBD8C013464879B2DEAEB5D821080DE192ACF2F5D991B1C0F806FFE7C401A40A64421040B40CE345D94EE2A15055101F3FBF2A3AA038070A0B928CE572A12236259000C006F066000C054E940F3BA29C075AF17010000004039804CBAAB4F26AC426492FABF09C0A60E451330E98931A9
310
45A1A3572512ADDA6A004E7A5C976339D313E44C624C5E06933925373DFE3000756E6301004EBE3DAB886498BEE9E2BDFBD9F764A5AB17DA080018939B3E6787B972EF63FC9AE70280F0CD8C580748ABC02400D2CB200000000000000000C08400E207EFCE4F77E576E8383CBFB0A72D96A0941788FC8B3E1E41A73638E309
310
D57B30BF3343FD5CA2AE00AADC9F3E005E5AD2A9B168F722B182324E58DA714B1DB5DD96EA5E0415EDE971E3EA7D0E1E3C902A9C1A531EA24B55997588FB6ABFA0174105353F2001002A0009356344AB423CEAE90064652C02908F02004C01284100B818C0EC86D0D4A6F0A47B8A3A0092A110FDAEB2CA16DAB261155DC0BE
310
C2AF07A0D8597A8A02000000000000009DCBE6D750FE00BBBDDA76F8FAFBB11FDCF79DA821BBF08D07106DA1C65E6E60FDB4FF203A4C3E376AAF7A30EA7E0038931C09247CE6F58F00E0F4DF1D01EB677BD7A3DBDCF5D1B8EB47007BEF4A7900581EE7AF1901C7DC26623A80F0A6D79C0B9455C0E3A700CB6FCBA5758015ED
310
97CE0EC3474E01DE6F73524C6CD9F86363559744C7C419BC0EC2100280213AC08F6559E536D8AABB911D106FF5CD815A7C2F80C476C21C2E8CE357B83B8C008A6CE3F703A0D901F8B6BE758656D360D38DAF0760CD5F62B69EBD35FA986FB41AC00E008001538077FFC65AFFE4FC3504C70BBC8112181B0F90D4A21B2EB981
310
1A1CBC0C7A357C68C7B3BCFD7B2C839C00C0F4CA1120D9018E7BE41945AFD401248F0061F0D36B470013C5AE0FBB76904D0FBC5307B8D7BAD51CF61F851530840000000000000000000000000000000000004E2F7FC7263206DFE95D920000000049454E44AE426082
  0
ENDSEC
  0
EOF
