  0
SECTION
  2
HEADER
  9
$ACADVER
  1
AC1027
  9
$ACADMAINTVER
 70
   125
  9
$DWGCODEPAGE
  3
ANSI_1252
  9
$LASTSAVEDBY
  1
lequo
  9
$REQUIREDVERSIONS
160
                 0
  9
$INSBASE
 10
0.0
 20
0.0
 30
0.0
  9
$EXTMIN
 10
0.0950845999999999
 20
-301.5689096864367
 30
0.0
  9
$EXTMAX
 10
872.71624569702
 20
431.5343288808985
 30
0.0
  9
$LIMMIN
 10
0.0
 20
0.0
  9
$LIMMAX
 10
12.0
 20
9.0
  9
$ORTHOMODE
 70
     0
  9
$REGENMODE
 70
     1
  9
$FILLMODE
 70
     0
  9
$QTEXTMODE
 70
     0
  9
$MIRRTEXT
 70
     0
  9
$LTSCALE
 40
1.0
  9
$ATTMODE
 70
     1
  9
$TEXTSIZE
 40
0.2
  9
$TRACEWID
 40
0.05
  9
$TEXTSTYLE
  7
Standard
  9
$CLAYER
  8
0
  9
$CELTYPE
  6
Continuous
  9
$CECOLOR
 62
   256
  9
$CELTSCALE
 40
1.0
  9
$DISPSILH
 70
     0
  9
$DIMSCALE
 40
1.0
  9
$DIMASZ
 40
0.18
  9
$DIMEXO
 40
0.0625
  9
$DIMDLI
 40
0.38
  9
$DIMRND
 40
0.0
  9
$DIMDLE
 40
0.0
  9
$DIMEXE
 40
0.18
  9
$DIMTP
 40
0.0
  9
$DIMTM
 40
0.0
  9
$DIMTXT
 40
0.18
  9
$DIMCEN
 40
0.09
  9
$DIMTSZ
 40
0.0
  9
$DIMTOL
 70
     0
  9
$DIMLIM
 70
     0
  9
$DIMTIH
 70
     1
  9
$DIMTOH
 70
     1
  9
$DIMSE1
 70
     0
  9
$DIMSE2
 70
     0
  9
$DIMTAD
 70
     0
  9
$DIMZIN
 70
     0
  9
$DIMBLK
  1

  9
$DIMASO
 70
     1
  9
$DIMSHO
 70
     1
  9
$DIMPOST
  1

  9
$DIMAPOST
  1

  9
$DIMALT
 70
     0
  9
$DIMALTD
 70
     2
  9
$DIMALTF
 40
25.4
  9
$DIMLFAC
 40
1.0
  9
$DIMTOFL
 70
     0
  9
$DIMTVP
 40
0.0
  9
$DIMTIX
 70
     0
  9
$DIMSOXD
 70
     0
  9
$DIMSAH
 70
     0
  9
$DIMBLK1
  1

  9
$DIMBLK2
  1

  9
$DIMSTYLE
  2
Standard
  9
$DIMCLRD
 70
     0
  9
$DIMCLRE
 70
     0
  9
$DIMCLRT
 70
     0
  9
$DIMTFAC
 40
1.0
  9
$DIMGAP
 40
0.09
  9
$DIMJUST
 70
     0
  9
$DIMSD1
 70
     0
  9
$DIMSD2
 70
     0
  9
$DIMTOLJ
 70
     1
  9
$DIMTZIN
 70
     0
  9
$DIMALTZ
 70
     0
  9
$DIMALTTZ
 70
     0
  9
$DIMUPT
 70
     0
  9
$DIMDEC
 70
     4
  9
$DIMTDEC
 70
     4
  9
$DIMALTU
 70
     2
  9
$DIMALTTD
 70
     2
  9
$DIMTXSTY
  7
Standard
  9
$DIMAUNIT
 70
     0
  9
$DIMADEC
 70
     0
  9
$DIMALTRND
 40
0.0
  9
$DIMAZIN
 70
     0
  9
$DIMDSEP
 70
    46
  9
$DIMATFIT
 70
     3
  9
$DIMFRAC
 70
     0
  9
$DIMLDRBLK
  1

  9
$DIMLUNIT
 70
     2
  9
$DIMLWD
 70
    -2
  9
$DIMLWE
 70
    -2
  9
$DIMTMOVE
 70
     0
  9
$DIMFXL
 40
1.0
  9
$DIMFXLON
 70
     0
  9
$DIMJOGANG
 40
0.7853981633974483
  9
$DIMTFILL
 70
     0
  9
$DIMTFILLCLR
 70
     0
  9
$DIMARCSYM
 70
     0
  9
$DIMLTYPE
  6

  9
$DIMLTEX1
  6

  9
$DIMLTEX2
  6

  9
$DIMTXTDIRECTION
 70
     0
  9
$LUNITS
 70
     2
  9
$LUPREC
 70
     4
  9
$SKETCHINC
 40
0.1
  9
$FILLETRAD
 40
3.6
  9
$AUNITS
 70
     0
  9
$AUPREC
 70
     0
  9
$MENU
  1
.
  9
$ELEVATION
 40
0.0
  9
$PELEVATION
 40
0.0
  9
$THICKNESS
 40
0.0
  9
$LIMCHECK
 70
     0
  9
$CHAMFERA
 40
0.0
  9
$CHAMFERB
 40
0.0
  9
$CHAMFERC
 40
0.0
  9
$CHAMFERD
 40
0.0
  9
$SKPOLY
 70
     0
  9
$TDCREATE
 40
2460965.689050926
  9
$TDUCREATE
 40
2460965.397391563
  9
$TDUPDATE
 40
2460985.660543982
  9
$TDUUPDATE
 40
2460985.368877315
  9
$TDINDWG
 40
0.2751151157
  9
$TDUSRTIMER
 40
0.2751151157
  9
$USRTIMER
 70
     1
  9
$ANGBASE
 50
0.0
  9
$ANGDIR
 70
     0
  9
$PDMODE
 70
     0
  9
$PDSIZE
 40
0.0
  9
$PLINEWID
 40
0.0
  9
$SPLFRAME
 70
     1
  9
$SPLINETYPE
 70
     6
  9
$SPLINESEGS
 70
     8
  9
$HANDSEED
  5
A78
  9
$SURFTAB1
 70
     6
  9
$SURFTAB2
 70
     6
  9
$SURFTYPE
 70
     6
  9
$SURFU
 70
     6
  9
$SURFV
 70
     6
  9
$UCSBASE
  2

  9
$UCSNAME
  2

  9
$UCSORG
 10
0.0
 20
0.0
 30
0.0
  9
$UCSXDIR
 10
1.0
 20
0.0
 30
0.0
  9
$UCSYDIR
 10
0.0
 20
1.0
 30
0.0
  9
$UCSORTHOREF
  2

  9
$UCSORTHOVIEW
 70
     0
  9
$UCSORGTOP
 10
0.0
 20
0.0
 30
0.0
  9
$UCSORGBOTTOM
 10
0.0
 20
0.0
 30
0.0
  9
$UCSORGLEFT
 10
0.0
 20
0.0
 30
0.0
  9
$UCSORGRIGHT
 10
0.0
 20
0.0
 30
0.0
  9
$UCSORGFRONT
 10
0.0
 20
0.0
 30
0.0
  9
$UCSORGBACK
 10
0.0
 20
0.0
 30
0.0
  9
$PUCSBASE
  2

  9
$PUCSNAME
  2

  9
$PUCSORG
 10
0.0
 20
0.0
 30
0.0
  9
$PUCSXDIR
 10
1.0
 20
0.0
 30
0.0
  9
$PUCSYDIR
 10
0.0
 20
1.0
 30
0.0
  9
$PUCSORTHOREF
  2

  9
$PUCSORTHOVIEW
 70
     0
  9
$PUCSORGTOP
 10
0.0
 20
0.0
 30
0.0
  9
$PUCSORGBOTTOM
 10
0.0
 20
0.0
 30
0.0
  9
$PUCSORGLEFT
 10
0.0
 20
0.0
 30
0.0
  9
$PUCSORGRIGHT
 10
0.0
 20
0.0
 30
0.0
  9
$PUCSORGFRONT
 10
0.0
 20
0.0
 30
0.0
  9
$PUCSORGBACK
 10
0.0
 20
0.0
 30
0.0
  9
$USERI1
 70
     0
  9
$USERI2
 70
     0
  9
$USERI3
 70
     0
  9
$USERI4
 70
     0
  9
$USERI5
 70
     0
  9
$USERR1
 40
0.0
  9
$USERR2
 40
0.0
  9
$USERR3
 40
0.0
  9
$USERR4
 40
0.0
  9
$USERR5
 40
0.0
  9
$WORLDVIEW
 70
     1
  9
$SHADEDGE
 70
     3
  9
$SHADEDIF
 70
    70
  9
$TILEMODE
 70
     1
  9
$MAXACTVP
 70
    64
  9
$PINSBASE
 10
0.0
 20
0.0
 30
0.0
  9
$PLIMCHECK
 70
     0
  9
$PEXTMIN
 10
1.000000000000000E+20
 20
1.000000000000000E+20
 30
1.000000000000000E+20
  9
$PEXTMAX
 10
-1.000000000000000E+20
 20
-1.000000000000000E+20
 30
-1.000000000000000E+20
  9
$PLIMMIN
 10
0.0
 20
0.0
  9
$PLIMMAX
 10
12.0
 20
9.0
  9
$UNITMODE
 70
     0
  9
$VISRETAIN
 70
     1
  9
$PLINEGEN
 70
     0
  9
$PSLTSCALE
 70
     1
  9
$TREEDEPTH
 70
  3020
  9
$CMLSTYLE
  2
Standard
  9
$CMLJUST
 70
     0
  9
$CMLSCALE
 40
1.0
  9
$PROXYGRAPHICS
 70
     1
  9
$MEASUREMENT
 70
     0
  9
$CELWEIGHT
370
    -1
  9
$ENDCAPS
280
     0
  9
$JOINSTYLE
280
     0
  9
$LWDISPLAY
290
     0
  9
$INSUNITS
 70
     0
  9
$HYPERLINKBASE
  1

  9
$STYLESHEET
  1

  9
$XEDIT
290
     1
  9
$CEPSNTYPE
380
     0
  9
$PSTYLEMODE
290
     1
  9
$FINGERPRINTGUID
  2
{A799C8C7-761B-4162-B422-A598E3D0C5D5}
  9
$VERSIONGUID
  2
{BDDEDEDF-235F-1040-B316-2F9EB25896BE}
  9
$EXTNAMES
290
     1
  9
$PSVPSCALE
 40
0.0
  9
$OLESTARTUP
290
     0
  9
$SORTENTS
280
   127
  9
$INDEXCTL
280
     0
  9
$HIDETEXT
280
     0
  9
$XCLIPFRAME
280
     0
  9
$HALOGAP
280
     0
  9
$OBSCOLOR
 70
   257
  9
$OBSLTYPE
280
     0
  9
$INTERSECTIONDISPLAY
280
     0
  9
$INTERSECTIONCOLOR
 70
   257
  9
$DIMASSOC
280
     1
  9
$PROJECTNAME
  1

  9
$CAMERADISPLAY
290
     0
  9
$LENSLENGTH
 40
50.0
  9
$CAMERAHEIGHT
 40
0.0
  9
$STEPSPERSEC
 40
2.0
  9
$STEPSIZE
 40
6.0
  9
$3DDWFPREC
 40
2.0
  9
$PSOLWIDTH
 40
0.25
  9
$PSOLHEIGHT
 40
4.0
  9
$LOFTANG1
 40
1.570796326794896
  9
$LOFTANG2
 40
1.570796326794896
  9
$LOFTMAG1
 40
0.0
  9
$LOFTMAG2
 40
0.0
  9
$LOFTPARAM
 70
     7
  9
$LOFTNORMALS
280
     1
  9
$LATITUDE
 40
37.795
  9
$LONGITUDE
 40
-122.394
  9
$NORTHDIRECTION
 40
0.0
  9
$TIMEZONE
 70
 -8000
  9
$LIGHTGLYPHDISPLAY
280
     1
  9
$TILEMODELIGHTSYNCH
280
     1
  9
$CMATERIAL
347
11
  9
$SOLIDHIST
280
     1
  9
$SHOWHIST
280
     1
  9
$DWFFRAME
280
     2
  9
$DGNFRAME
280
     0
  9
$REALWORLDSCALE
290
     1
  9
$INTERFERECOLOR
 62
     1
  9
$INTERFEREOBJVS
345
1E
  9
$INTERFEREVPVS
346
1B
  9
$CSHADOW
280
     0
  9
$SHADOWPLANELOCATION
 40
0.0
  0
ENDSEC
  0
SECTION
  2
CLASSES
  0
CLASS
  1
ACDBDICTIONARYWDFLT
  2
AcDbDictionaryWithDefault
  3
ObjectDBX Classes
 90
        0
 91
        1
280
     0
281
     0
  0
CLASS
  1
MATERIAL
  2
AcDbMaterial
  3
ObjectDBX Classes
 90
     1153
 91
        3
280
     0
281
     0
  0
CLASS
  1
VISUALSTYLE
  2
AcDbVisualStyle
  3
ObjectDBX Classes
 90
     4095
 91
       26
280
     0
281
     0
  0
CLASS
  1
TABLESTYLE
  2
AcDbTableStyle
  3
ObjectDBX Classes
 90
     4095
 91
        1
280
     0
281
     0
  0
CLASS
  1
SORTENTSTABLE
  2
AcDbSortentsTable
  3
ObjectDBX Classes
 90
        0
 91
        3
280
     0
281
     0
  0
CLASS
  1
DICTIONARYVAR
  2
AcDbDictionaryVar
  3
ObjectDBX Classes
 90
        0
 91
       12
280
     0
281
     0
  0
CLASS
  1
SCALE
  2
AcDbScale
  3
ObjectDBX Classes
 90
     1153
 91
       17
280
     0
281
     0
  0
CLASS
  1
MLEADERSTYLE
  2
AcDbMLeaderStyle
  3
ACDB_MLEADERSTYLE_CLASS
 90
     4095
 91
        1
280
     0
281
     0
  0
CLASS
  1
ACDBSECTIONVIEWSTYLE
  2
AcDbSectionViewStyle
  3
ObjectDBX Classes
 90
     1025
 91
        2
280
     0
281
     0
  0
CLASS
  1
ACDBDETAILVIEWSTYLE
  2
AcDbDetailViewStyle
  3
ObjectDBX Classes
 90
     1025
 91
        2
280
     0
281
     0
  0
CLASS
  1
CELLSTYLEMAP
  2
AcDbCellStyleMap
  3
ObjectDBX Classes
 90
     1152
 91
        2
280
     0
281
     0
  0
ENDSEC
  0
SECTION
  2
TABLES
  0
TABLE
  2
VPORT
  5
8
330
0
100
AcDbSymbolTable
 70
     1
1001
ACAD
1000
DbSaveVer
1071
      298
  0
VPORT
  5
3B
330
8
100
AcDbSymbolTableRecord
100
AcDbViewportTableRecord
  2
*Active
 70
     0
 10
0.0
 20
0.0
 11
1.0
 21
1.0
 12
600.1099217358142
 22
-223.508441287
 13
0.0
 23
0.0
 14
1.0
 24
1.0
 15
0.0
 25
0.0
 16
0.0
 26
0.0
 36
1.0
 17
0.0
 27
0.0
 37
0.0
 40
546.7123375666558
 41
1.96514423076923
 42
50.0
 43
0.0
 44
0.0
 50
0.0
 51
0.0
 71
     0
 72
   100
 73
     1
 74
     1
 75
     0
 76
     0
 77
     0
 78
     0
281
     0
 65
     1
110
0.0
120
0.0
130
0.0
111
1.0
121
0.0
131
0.0
112
0.0
122
1.0
132
0.0
 79
     0
146
0.0
348
1A
 60
     3
 61
     5
292
     1
282
     1
141
0.0
142
0.0
 63
   250
421
  3355443
1001
ACAD_NAV_VCDISPLAY
1070
     3
  0
ENDTAB
  0
TABLE
  2
LTYPE
  5
5
330
0
100
AcDbSymbolTable
 70
     2
  0
LTYPE
  5
28
330
5
100
AcDbSymbolTableRecord
100
AcDbLinetypeTableRecord
  2
ByBlock
 70
     0
  3

 72
    65
 73
     0
 40
0.0
  0
LTYPE
  5
29
330
5
100
AcDbSymbolTableRecord
100
AcDbLinetypeTableRecord
  2
ByLayer
 70
     0
  3

 72
    65
 73
     0
 40
0.0
  0
LTYPE
  5
2A
330
5
100
AcDbSymbolTableRecord
100
AcDbLinetypeTableRecord
  2
Continuous
 70
     0
  3
Solid line
 72
    65
 73
     0
 40
0.0
  0
ENDTAB
  0
TABLE
  2
LAYER
  5
2
102
{ACAD_XDICTIONARY
360
20F
102
}
330
0
100
AcDbSymbolTable
 70
     2
  0
LAYER
  5
25
102
{ACAD_XDICTIONARY
360
A5F
102
}
330
2
100
AcDbSymbolTableRecord
100
AcDbLayerTableRecord
  2
0
 70
     0
 62
     7
  6
Continuous
370
    -3
390
F
347
13
348
0
  0
LAYER
  5
205
102
{ACAD_XDICTIONARY
360
206
102
}
330
2
100
AcDbSymbolTableRecord
100
AcDbLayerTableRecord
  2
Default
 70
     0
 62
    18
420
        0
  6
Continuous
370
    -3
390
F
347
13
348
0
  0
ENDTAB
  0
TABLE
  2
STYLE
  5
3
330
0
100
AcDbSymbolTable
 70
     1
  0
STYLE
  5
26
330
3
100
AcDbSymbolTableRecord
100
AcDbTextStyleTableRecord
  2
Standard
 70
     0
 40
0.0
 41
1.0
 50
0.0
 71
     0
 42
0.2
  3
txt
  4

  0
ENDTAB
  0
TABLE
  2
VIEW
  5
6
330
0
100
AcDbSymbolTable
 70
     0
  0
ENDTAB
  0
TABLE
  2
UCS
  5
7
330
0
100
AcDbSymbolTable
 70
     0
  0
ENDTAB
  0
TABLE
  2
APPID
  5
9
330
0
100
AcDbSymbolTable
 70
     5
  0
APPID
  5
27
330
9
100
AcDbSymbolTableRecord
100
AcDbRegAppTableRecord
  2
ACAD
 70
     0
  0
APPID
  5
1C3
330
9
100
AcDbSymbolTableRecord
100
AcDbRegAppTableRecord
  2
ACAD_EXEMPT_FROM_CAD_STANDARDS
 70
     0
  0
APPID
  5
209
330
9
100
AcDbSymbolTableRecord
100
AcDbRegAppTableRecord
  2
ACAD_NAV_VCDISPLAY
 70
     0
  0
APPID
  5
20A
330
9
100
AcDbSymbolTableRecord
100
AcDbRegAppTableRecord
  2
ACAD_PSEXT
 70
     0
  0
APPID
  5
20B
330
9
100
AcDbSymbolTableRecord
100
AcDbRegAppTableRecord
  2
ACAD_SPLINE_DATA
 70
     0
  0
ENDTAB
  0
TABLE
  2
DIMSTYLE
  5
A
330
0
100
AcDbSymbolTable
 70
     4
100
AcDbDimStyleTable
 71
     1
340
1C0
  0
DIMSTYLE
105
1C0
330
A
100
AcDbSymbolTableRecord
100
AcDbDimStyleTableRecord
  2
Standard
 70
     0
340
26
  0
DIMSTYLE
105
208
330
A
100
AcDbSymbolTableRecord
100
AcDbDimStyleTableRecord
  2
STANDARD_ACAD
 70
     0
340
26
  0
DIMSTYLE
105
9A6
330
A
100
AcDbSymbolTableRecord
100
AcDbDimStyleTableRecord
  2
ISO-25
 70
     0
 41
2.5
 42
0.625
 43
3.75
 44
1.25
 50
90.0
 73
     0
 74
     0
 77
     1
 78
     8
140
2.5
141
2.5
143
0.03937007874016
147
0.625
171
     3
172
     1
271
     2
272
     2
274
     3
278
    44
283
     0
284
     8
340
26
  0
ENDTAB
  0
TABLE
  2
BLOCK_RECORD
  5
1
330
0
100
AcDbSymbolTable
 70
     4
  0
BLOCK_RECORD
  5
36
102
{ACAD_XDICTIONARY
360
1CB
102
}
330
1
100
AcDbSymbolTableRecord
100
AcDbBlockTableRecord
  2
*Model_Space
340
39
 70
     0
280
     1
281
     0
  0
BLOCK_RECORD
  5
32
330
1
100
AcDbSymbolTableRecord
100
AcDbBlockTableRecord
  2
*Paper_Space
340
35
 70
     0
280
     1
281
     0
  0
ENDTAB
  0
ENDSEC
  0
SECTION
  2
BLOCKS
  0
BLOCK
  5
37
330
36
100
AcDbEntity
  8
0
100
AcDbBlockBegin
  2
*Model_Space
 70
     0
 10
0.0
 20
0.0
 30
0.0
  3
*Model_Space
  1

  0
ENDBLK
  5
38
330
36
100
AcDbEntity
  8
0
100
AcDbBlockEnd
  0
BLOCK
  5
33
330
32
100
AcDbEntity
 67
     1
  8
0
100
AcDbBlockBegin
  2
*Paper_Space
 70
     0
 10
0.0
 20
0.0
 30
0.0
  3
*Paper_Space
  1

  0
ENDBLK
  5
34
330
32
100
AcDbEntity
 67
     1
  8
0
100
AcDbBlockEnd
  0
ENDSEC
  0
SECTION
  2
ENTITIES
  0
CIRCLE
  5
5CB
330
36
100
AcDbEntity
  8
0
  6
Continuous
 62
     7
370
    25
100
AcDbCircle
 10
356.2001192549669
 20
-32.01489991069138
 30
0.0
 40
1.75
  0
CIRCLE
  5
5CC
330
36
100
AcDbEntity
  8
0
  6
Continuous
 62
     7
370
    25
100
AcDbCircle
 10
436.2001192549668
 20
-32.01489991069138
 30
0.0
 40
1.75
  0
CIRCLE
  5
5CD
330
36
100
AcDbEntity
  8
0
  6
Continuous
 62
     7
370
    25
100
AcDbCircle
 10
516.2001192549669
 20
-32.01489991069138
 30
0.0
 40
1.75
  0
CIRCLE
  5
5CE
330
36
100
AcDbEntity
  8
0
  6
Continuous
 62
     7
370
    25
100
AcDbCircle
 10
596.2001192549669
 20
-32.01489991069138
 30
0.0
 40
1.749999999999771
  0
CIRCLE
  5
5CF
330
36
100
AcDbEntity
  8
0
  6
Continuous
 62
     7
370
    25
100
AcDbCircle
 10
676.2001192549669
 20
-32.01489991069138
 30
0.0
 40
1.75
  0
CIRCLE
  5
5D0
330
36
100
AcDbEntity
  8
0
  6
Continuous
 62
     7
370
    25
100
AcDbCircle
 10
676.2001192549669
 20
94.04510008930861
 30
0.0
 40
1.7499999999998
  0
CIRCLE
  5
5D1
330
36
100
AcDbEntity
  8
0
  6
Continuous
 62
     7
370
    25
100
AcDbCircle
 10
596.2001192549669
 20
94.04510008930861
 30
0.0
 40
1.7499999999998
  0
CIRCLE
  5
5D2
330
36
100
AcDbEntity
  8
0
  6
Continuous
 62
     7
370
    25
100
AcDbCircle
 10
516.2001192549669
 20
94.04510008930861
 30
0.0
 40
1.7499999999998
  0
CIRCLE
  5
5D3
330
36
100
AcDbEntity
  8
0
  6
Continuous
 62
     7
370
    25
100
AcDbCircle
 10
436.2001192549668
 20
94.04510008930868
 30
0.0
 40
1.7499999999998
  0
CIRCLE
  5
5D4
330
36
100
AcDbEntity
  8
0
  6
Continuous
 62
     7
370
    25
100
AcDbCircle
 10
356.2001192549669
 20
94.04510008930868
 30
0.0
 40
1.7499999999998
  0
LINE
  5
5D5
330
36
100
AcDbEntity
  8
0
  6
Continuous
 62
     7
370
    25
100
AcDbLine
 10
346.7936769857679
 20
67.21387815360867
 30
0.0
 11
356.9936769857668
 21
67.21387815360867
 31
0.0
  0
ARC
  5
5D6
330
36
100
AcDbEntity
  8
0
  6
Continuous
 62
     7
370
    25
100
AcDbCircle
 10
346.7936769857679
 20
69.11387815360865
 30
0.0
 40
1.900000000000161
100
AcDbArc
 50
90.0
 51
270.0
  0
LINE
  5
5D7
330
36
100
AcDbEntity
  8
0
  6
Continuous
 62
     7
370
    25
100
AcDbLine
 10
356.9936769857668
 20
71.01387815360863
 30
0.0
 11
346.7936769857679
 21
71.01387815360863
 31
0.0
  0
ARC
  5
5D8
330
36
100
AcDbEntity
  8
0
  6
Continuous
 62
     7
370
    25
100
AcDbCircle
 10
356.9936769857668
 20
69.11387815360865
 30
0.0
 40
1.900000000000161
100
AcDbArc
 50
270.0
 51
90.0
  0
CIRCLE
  5
5D9
330
36
100
AcDbEntity
  8
0
  6
Continuous
 62
     7
370
    25
100
AcDbCircle
 10
547.1561891928668
 20
81.02012815360865
 30
0.0
 40
4.000000000000213
  0
CIRCLE
  5
5DA
330
36
100
AcDbEntity
  8
0
  6
Continuous
 62
     7
370
    25
100
AcDbCircle
 10
461.4311830893675
 20
81.02012815360865
 30
0.0
 40
4.0
  0
LINE
  5
5DB
330
36
100
AcDbEntity
  8
0
  6
Continuous
 62
     7
370
    25
100
AcDbLine
 10
637.3062044516682
 20
67.21387815360862
 30
0.0
 11
685.6061800375664
 21
67.21387815360862
 31
0.0
  0
ARC
  5
5DC
330
36
100
AcDbEntity
  8
0
  6
Continuous
 62
     7
370
    25
100
AcDbCircle
 10
637.3062044516682
 20
69.1138781536086
 30
0.0
 40
1.900000000000161
100
AcDbArc
 50
90.0
 51
270.0
  0
LINE
  5
5DD
330
36
100
AcDbEntity
  8
0
  6
Continuous
 62
     7
370
    25
100
AcDbLine
 10
685.6061800375664
 20
71.01387815360863
 30
0.0
 11
637.3062044516682
 21
71.01387815360863
 31
0.0
  0
ARC
  5
5DE
330
36
100
AcDbEntity
  8
0
  6
Continuous
 62
     7
370
    25
100
AcDbCircle
 10
685.6061800375664
 20
69.1138781536086
 30
0.0
 40
1.900000000000161
100
AcDbArc
 50
270.0
 51
90.0
  0
LINE
  5
5DF
330
36
100
AcDbEntity
  8
0
  6
Continuous
 62
     7
370
    25
100
AcDbLine
 10
648.4061434164669
 20
64.20762815360859
 30
0.0
 11
636.4062044516668
 21
64.20762815360859
 31
0.0
  0
ARC
  5
5E0
330
36
100
AcDbEntity
  8
0
  6
Continuous
 62
     7
370
    25
100
AcDbCircle
 10
648.4061434164669
 20
63.20762815360859
 30
0.0
 40
1.000000000000228
100
AcDbArc
 50
0.0000012522994887
 51
90.0
  0
LINE
  5
5E1
330
36
100
AcDbEntity
  8
0
  6
Continuous
 62
     7
370
    25
100
AcDbLine
 10
649.4061434164668
 20
51.20762815360859
 30
0.0
 11
649.4061434164668
 21
63.20762817550861
 31
0.0
  0
ARC
  5
5E2
330
36
100
AcDbEntity
  8
0
  6
Continuous
 62
     7
370
    25
100
AcDbCircle
 10
648.4061434164669
 20
51.20762815360859
 30
0.0
 40
1.000000000000469
100
AcDbArc
 50
270.0
 51
0.0
  0
LINE
  5
5E3
330
36
100
AcDbEntity
  8
0
  6
Continuous
 62
     7
370
    25
100
AcDbLine
 10
636.4062044516668
 20
50.2076281536086
 30
0.0
 11
648.4061434164669
 21
50.2076281536086
 31
0.0
  0
ARC
  5
5E4
330
36
100
AcDbEntity
  8
0
  6
Continuous
 62
     7
370
    25
100
AcDbCircle
 10
636.4062044516668
 20
51.20762815360859
 30
0.0
 40
1.000000000000199
100
AcDbArc
 50
179.9999987477982
 51
270.0
  0
LINE
  5
5E5
330
36
100
AcDbEntity
  8
0
  6
Continuous
 62
     7
370
    25
100
AcDbLine
 10
635.4062044516667
 20
63.20762815360859
 30
0.0
 11
635.4062044516667
 21
51.2076281755086
 31
0.0
  0
ARC
  5
5E6
330
36
100
AcDbEntity
  8
0
  6
Continuous
 62
     7
370
    25
100
AcDbCircle
 10
636.4062044516668
 20
63.20762815360859
 30
0.0
 40
1.000000000000113
100
AcDbArc
 50
90.0
 51
180.0
  0
LINE
  5
5E7
330
36
100
AcDbEntity
  8
0
  6
Continuous
 62
     7
370
    25
100
AcDbLine
 10
648.4061434164669
 20
45.15764036070857
 30
0.0
 11
636.4062044516668
 21
45.15764036070857
 31
0.0
  0
ARC
  5
5E8
330
36
100
AcDbEntity
  8
0
  6
Continuous
 62
     7
370
    25
100
AcDbCircle
 10
648.4061434164669
 20
44.15764036070856
 30
0.0
 40
1.000000000000512
100
AcDbArc
 50
0.0000012522994887
 51
90.0
  0
LINE
  5
5E9
330
36
100
AcDbEntity
  8
0
  6
Continuous
 62
     7
370
    25
100
AcDbLine
 10
649.4061434164668
 20
32.15764036070857
 30
0.0
 11
649.4061434164668
 21
44.15764038250858
 31
0.0
  0
ARC
  5
5EA
330
36
100
AcDbEntity
  8
0
  6
Continuous
 62
     7
370
    25
100
AcDbCircle
 10
648.4061434164669
 20
32.15764036070857
 30
0.0
 40
0.9999999999997015
100
AcDbArc
 50
270.0
 51
0.0
  0
LINE
  5
5EB
330
36
100
AcDbEntity
  8
0
  6
Continuous
 62
     7
370
    25
100
AcDbLine
 10
636.4062044516668
 20
31.15764036070857
 30
0.0
 11
648.4061434164669
 21
31.15764036070857
 31
0.0
  0
ARC
  5
5EC
330
36
100
AcDbEntity
  8
0
  6
Continuous
 62
     7
370
    25
100
AcDbCircle
 10
636.4062044516668
 20
32.15764036070857
 30
0.0
 40
1.00000000000081
100
AcDbArc
 50
179.9999987477982
 51
270.0
  0
LINE
  5
5ED
330
36
100
AcDbEntity
  8
0
  6
Continuous
 62
     7
370
    25
100
AcDbLine
 10
635.4062044516667
 20
44.15764036070856
 30
0.0
 11
635.4062044516667
 21
32.15764038250859
 31
0.0
  0
ARC
  5
5EE
330
36
100
AcDbEntity
  8
0
  6
Continuous
 62
     7
370
    25
100
AcDbCircle
 10
636.4062044516668
 20
44.15764036070856
 30
0.0
 40
1.000000000000738
100
AcDbArc
 50
90.0
 51
180.0
  0
LINE
  5
5EF
330
36
100
AcDbEntity
  8
0
  6
Continuous
 62
     7
370
    25
100
AcDbLine
 10
648.4061434164669
 20
88.02012815360866
 30
0.0
 11
636.4062044516668
 21
88.02012815360866
 31
0.0
  0
ARC
  5
5F0
330
36
100
AcDbEntity
  8
0
  6
Continuous
 62
     7
370
    25
100
AcDbCircle
 10
648.4061434164669
 20
87.02012815360864
 30
0.0
 40
1.000000000001022
100
AcDbArc
 50
0.0000012522994887
 51
90.0
  0
LINE
  5
5F1
330
36
100
AcDbEntity
  8
0
  6
Continuous
 62
     7
370
    25
100
AcDbLine
 10
649.4061434164668
 20
75.0201281536086
 30
0.0
 11
649.4061434164668
 21
87.0201281755086
 31
0.0
  0
ARC
  5
5F2
330
36
100
AcDbEntity
  8
0
  6
Continuous
 62
     7
370
    25
100
AcDbCircle
 10
648.4061434164669
 20
75.0201281536086
 30
0.0
 40
1.000000000000724
100
AcDbArc
 50
270.0
 51
0.0
  0
LINE
  5
5F3
330
36
100
AcDbEntity
  8
0
  6
Continuous
 62
     7
370
    25
100
AcDbLine
 10
636.4062044516668
 20
74.02012815360859
 30
0.0
 11
648.4061434164669
 21
74.02012815360859
 31
0.0
  0
ARC
  5
5F4
330
36
100
AcDbEntity
  8
0
  6
Continuous
 62
     7
370
    25
100
AcDbCircle
 10
636.4062044516668
 20
75.0201281536086
 30
0.0
 40
1.000000000000113
100
AcDbArc
 50
179.9999987477982
 51
270.0
  0
LINE
  5
5F5
330
36
100
AcDbEntity
  8
0
  6
Continuous
 62
     7
370
    25
100
AcDbLine
 10
635.4062044516667
 20
87.02012815360864
 30
0.0
 11
635.4062044516667
 21
75.0201281755086
 31
0.0
  0
ARC
  5
5F6
330
36
100
AcDbEntity
  8
0
  6
Continuous
 62
     7
370
    25
100
AcDbCircle
 10
636.4062044516668
 20
87.02012815360864
 30
0.0
 40
1.000000000000625
100
AcDbArc
 50
90.0
 51
180.0
  0
LINE
  5
5F7
330
36
100
AcDbEntity
  8
0
  6
Continuous
 62
     7
370
    25
100
AcDbLine
 10
648.4061434164669
 20
-11.99235353579138
 30
0.0
 11
636.4062044516668
 21
-11.99235353579138
 31
0.0
  0
ARC
  5
5F8
330
36
100
AcDbEntity
  8
0
  6
Continuous
 62
     7
370
    25
100
AcDbCircle
 10
648.4061434164669
 20
-12.99235353579138
 30
0.0
 40
1.000000000000494
100
AcDbArc
 50
0.0000012521985252
 51
90.0
  0
LINE
  5
5F9
330
36
100
AcDbEntity
  8
0
  6
Continuous
 62
     7
370
    25
100
AcDbLine
 10
649.4061434164668
 20
-24.99235353579138
 30
0.0
 11
649.4061434164668
 21
-12.99235351399136
 31
0.0
  0
ARC
  5
5FA
330
36
100
AcDbEntity
  8
0
  6
Continuous
 62
     7
370
    25
100
AcDbCircle
 10
648.4061434164669
 20
-24.99235353579138
 30
0.0
 40
1.0
100
AcDbArc
 50
270.0
 51
0.0
  0
LINE
  5
5FB
330
36
100
AcDbEntity
  8
0
  6
Continuous
 62
     7
370
    25
100
AcDbLine
 10
636.4062044516668
 20
-25.99235353579138
 30
0.0
 11
648.4061434164669
 21
-25.99235353579138
 31
0.0
  0
ARC
  5
5FC
330
36
100
AcDbEntity
  8
0
  6
Continuous
 62
     7
370
    25
100
AcDbCircle
 10
636.4062044516668
 20
-24.99235353579138
 30
0.0
 40
1.0
100
AcDbArc
 50
179.9999987477982
 51
270.0
  0
LINE
  5
5FD
330
36
100
AcDbEntity
  8
0
  6
Continuous
 62
     7
370
    25
100
AcDbLine
 10
635.4062044516667
 20
-12.99235353579138
 30
0.0
 11
635.4062044516667
 21
-24.99235351399136
 31
0.0
  0
ARC
  5
5FE
330
36
100
AcDbEntity
  8
0
  6
Continuous
 62
     7
370
    25
100
AcDbCircle
 10
636.4062044516668
 20
-12.99235353579138
 30
0.0
 40
1.000000000000734
100
AcDbArc
 50
90.0
 51
180.0
  0
LINE
  5
5FF
330
36
100
AcDbEntity
  8
0
  6
Continuous
 62
     7
370
    25
100
AcDbLine
 10
620.8312379862164
 20
45.15764036070862
 30
0.0
 11
607.3312379862127
 21
45.15764036070862
 31
0.0
  0
ARC
  5
600
330
36
100
AcDbEntity
  8
Default
 62
     0
370
    25
100
AcDbCircle
 10
607.3312379862127
 20
44.65764036070862
 30
0.0
 40
0.5
100
AcDbArc
 50
90.0
 51
179.9999999999935
  0
LINE
  5
601
330
36
100
AcDbEntity
  8
0
  6
Continuous
 62
     7
370
    25
100
AcDbLine
 10
667.4561922445664
 20
64.20762815360859
 30
0.0
 11
655.4561922445664
 21
64.20762815360859
 31
0.0
  0
ARC
  5
602
330
36
100
AcDbEntity
  8
0
  6
Continuous
 62
     7
370
    25
100
AcDbCircle
 10
667.4561922445664
 20
63.20762815360859
 30
0.0
 40
1.000000000000228
100
AcDbArc
 50
0.0000012522994887
 51
90.0
  0
LINE
  5
603
330
36
100
AcDbEntity
  8
0
  6
Continuous
 62
     7
370
    25
100
AcDbLine
 10
668.4561922445664
 20
51.20762815360859
 30
0.0
 11
668.4561922445664
 21
63.20762817550861
 31
0.0
  0
ARC
  5
604
330
36
100
AcDbEntity
  8
0
  6
Continuous
 62
     7
370
    25
100
AcDbCircle
 10
667.4561922445664
 20
51.20762815360859
 30
0.0
 40
1.0
100
AcDbArc
 50
270.0
 51
0.0
  0
LINE
  5
605
330
36
100
AcDbEntity
  8
0
  6
Continuous
 62
     7
370
    25
100
AcDbLine
 10
655.4561922445664
 20
50.2076281536086
 30
0.0
 11
667.4561922445664
 21
50.2076281536086
 31
0.0
  0
ARC
  5
606
330
36
100
AcDbEntity
  8
0
  6
Continuous
 62
     7
370
    25
100
AcDbCircle
 10
655.4561922445664
 20
51.20762815360859
 30
0.0
 40
1.000000000000909
100
AcDbArc
 50
179.9999987477982
 51
270.0
  0
LINE
  5
607
330
36
100
AcDbEntity
  8
0
  6
Continuous
 62
     7
370
    25
100
AcDbLine
 10
654.4561922445664
 20
63.20762815360859
 30
0.0
 11
654.4561922445664
 21
51.2076281755086
 31
0.0
  0
ARC
  5
608
330
36
100
AcDbEntity
  8
0
  6
Continuous
 62
     7
370
    25
100
AcDbCircle
 10
655.4561922445664
 20
63.20762815360859
 30
0.0
 40
1.0
100
AcDbArc
 50
90.0
 51
180.0
  0
LINE
  5
609
330
36
100
AcDbEntity
  8
0
  6
Continuous
 62
     7
370
    25
100
AcDbLine
 10
686.5061800375679
 20
64.20762815360859
 30
0.0
 11
674.5061800375679
 21
64.20762815360859
 31
0.0
  0
ARC
  5
60A
330
36
100
AcDbEntity
  8
0
  6
Continuous
 62
     7
370
    25
100
AcDbCircle
 10
686.5061800375679
 20
63.20762815360859
 30
0.0
 40
1.000000000000113
100
AcDbArc
 50
0.0000012522994887
 51
90.0
  0
LINE
  5
60B
330
36
100
AcDbEntity
  8
0
  6
Continuous
 62
     7
370
    25
100
AcDbLine
 10
687.5061800375679
 20
51.20762815360859
 30
0.0
 11
687.5061800375679
 21
63.20762817550861
 31
0.0
  0
ARC
  5
60C
330
36
100
AcDbEntity
  8
0
  6
Continuous
 62
     7
370
    25
100
AcDbCircle
 10
686.5061800375679
 20
51.20762815360859
 30
0.0
 40
0.9999999999993319
100
AcDbArc
 50
270.0
 51
0.0
  0
LINE
  5
60D
330
36
100
AcDbEntity
  8
0
  6
Continuous
 62
     7
370
    25
100
AcDbLine
 10
674.5061800375679
 20
50.2076281536086
 30
0.0
 11
686.5061800375679
 21
50.2076281536086
 31
0.0
  0
ARC
  5
60E
330
36
100
AcDbEntity
  8
0
  6
Continuous
 62
     7
370
    25
100
AcDbCircle
 10
674.5061800375679
 20
51.20762815360859
 30
0.0
 40
1.000000000000682
100
AcDbArc
 50
179.9999987477982
 51
270.0
  0
LINE
  5
60F
330
36
100
AcDbEntity
  8
0
  6
Continuous
 62
     7
370
    25
100
AcDbLine
 10
673.5061800375679
 20
63.20762815360859
 30
0.0
 11
673.5061800375679
 21
51.2076281755086
 31
0.0
  0
ARC
  5
610
330
36
100
AcDbEntity
  8
0
  6
Continuous
 62
     7
370
    25
100
AcDbCircle
 10
674.5061800375679
 20
63.20762815360859
 30
0.0
 40
0.9999999999998864
100
AcDbArc
 50
90.0
 51
180.0
  0
LINE
  5
611
330
36
100
AcDbEntity
  8
0
  6
Continuous
 62
     7
370
    25
100
AcDbLine
 10
667.4561922445664
 20
45.15764036070857
 30
0.0
 11
655.4561922445664
 21
45.15764036070857
 31
0.0
  0
ARC
  5
612
330
36
100
AcDbEntity
  8
0
  6
Continuous
 62
     7
370
    25
100
AcDbCircle
 10
667.4561922445664
 20
44.15764036070856
 30
0.0
 40
1.000000000000512
100
AcDbArc
 50
0.0000012522994887
 51
90.0
  0
LINE
  5
613
330
36
100
AcDbEntity
  8
0
  6
Continuous
 62
     7
370
    25
100
AcDbLine
 10
668.4561922445664
 20
32.15764036070857
 30
0.0
 11
668.4561922445664
 21
44.15764038250858
 31
0.0
  0
ARC
  5
614
330
36
100
AcDbEntity
  8
0
  6
Continuous
 62
     7
370
    25
100
AcDbCircle
 10
667.4561922445664
 20
32.15764036070857
 30
0.0
 40
1.000000000000469
100
AcDbArc
 50
270.0
 51
0.0
  0
LINE
  5
615
330
36
100
AcDbEntity
  8
0
  6
Continuous
 62
     7
370
    25
100
AcDbLine
 10
655.4561922445664
 20
31.15764036070857
 30
0.0
 11
667.4561922445664
 21
31.15764036070857
 31
0.0
  0
ARC
  5
616
330
36
100
AcDbEntity
  8
0
  6
Continuous
 62
     7
370
    25
100
AcDbCircle
 10
655.4561922445664
 20
32.15764036070857
 30
0.0
 40
1.0
100
AcDbArc
 50
179.9999987477982
 51
270.0
  0
LINE
  5
617
330
36
100
AcDbEntity
  8
0
  6
Continuous
 62
     7
370
    25
100
AcDbLine
 10
654.4561922445664
 20
44.15764036070856
 30
0.0
 11
654.4561922445664
 21
32.15764038250859
 31
0.0
  0
ARC
  5
618
330
36
100
AcDbEntity
  8
0
  6
Continuous
 62
     7
370
    25
100
AcDbCircle
 10
655.4561922445664
 20
44.15764036070856
 30
0.0
 40
1.0
100
AcDbArc
 50
90.0
 51
180.0
  0
LINE
  5
619
330
36
100
AcDbEntity
  8
0
  6
Continuous
 62
     7
370
    25
100
AcDbLine
 10
686.5061800375679
 20
45.15764036070857
 30
0.0
 11
674.5061800375679
 21
45.15764036070857
 31
0.0
  0
ARC
  5
61A
330
36
100
AcDbEntity
  8
0
  6
Continuous
 62
     7
370
    25
100
AcDbCircle
 10
686.5061800375679
 20
44.15764036070856
 30
0.0
 40
1.0
100
AcDbArc
 50
0.0000012521985252
 51
90.0
  0
LINE
  5
61B
330
36
100
AcDbEntity
  8
0
  6
Continuous
 62
     7
370
    25
100
AcDbLine
 10
687.5061800375679
 20
32.15764036070857
 30
0.0
 11
687.5061800375679
 21
44.15764038250858
 31
0.0
  0
ARC
  5
61C
330
36
100
AcDbEntity
  8
0
  6
Continuous
 62
     7
370
    25
100
AcDbCircle
 10
686.5061800375679
 20
32.15764036070857
 30
0.0
 40
0.999999999999588
100
AcDbArc
 50
270.0
 51
0.0
  0
LINE
  5
61D
330
36
100
AcDbEntity
  8
0
  6
Continuous
 62
     7
370
    25
100
AcDbLine
 10
674.5061800375679
 20
31.15764036070857
 30
0.0
 11
686.5061800375679
 21
31.15764036070857
 31
0.0
  0
ARC
  5
61E
330
36
100
AcDbEntity
  8
0
  6
Continuous
 62
     7
370
    25
100
AcDbCircle
 10
674.5061800375679
 20
32.15764036070857
 30
0.0
 40
1.000000000000853
100
AcDbArc
 50
179.9999987477982
 51
270.0
  0
LINE
  5
61F
330
36
100
AcDbEntity
  8
0
  6
Continuous
 62
     7
370
    25
100
AcDbLine
 10
673.5061800375679
 20
44.15764036070856
 30
0.0
 11
673.5061800375679
 21
32.15764038250859
 31
0.0
  0
ARC
  5
620
330
36
100
AcDbEntity
  8
0
  6
Continuous
 62
     7
370
    25
100
AcDbCircle
 10
674.5061800375679
 20
44.15764036070856
 30
0.0
 40
1.000000000000682
100
AcDbArc
 50
90.0
 51
180.0
  0
LINE
  5
621
330
36
100
AcDbEntity
  8
0
  6
Continuous
 62
     7
370
    25
100
AcDbLine
 10
491.2436678305676
 20
64.20762815360865
 30
0.0
 11
479.2436678305675
 21
64.20762815360865
 31
0.0
  0
ARC
  5
622
330
36
100
AcDbEntity
  8
0
  6
Continuous
 62
     7
370
    25
100
AcDbCircle
 10
491.2436678305676
 20
63.20762815360865
 30
0.0
 40
1.0
100
AcDbArc
 50
0.0000012521985252
 51
90.0
  0
LINE
  5
623
330
36
100
AcDbEntity
  8
0
  6
Continuous
 62
     7
370
    25
100
AcDbLine
 10
492.2436678305675
 20
51.20762815360865
 30
0.0
 11
492.2436678305675
 21
63.20762817550861
 31
0.0
  0
ARC
  5
624
330
36
100
AcDbEntity
  8
0
  6
Continuous
 62
     7
370
    25
100
AcDbCircle
 10
491.2436678305676
 20
51.20762815360865
 30
0.0
 40
1.000000000000213
100
AcDbArc
 50
270.0
 51
0.0
  0
LINE
  5
625
330
36
100
AcDbEntity
  8
0
  6
Continuous
 62
     7
370
    25
100
AcDbLine
 10
479.2436678305675
 20
50.20762815360865
 30
0.0
 11
491.2436678305676
 21
50.20762815360865
 31
0.0
  0
ARC
  5
626
330
36
100
AcDbEntity
  8
0
  6
Continuous
 62
     7
370
    25
100
AcDbCircle
 10
479.2436678305675
 20
51.20762815360865
 30
0.0
 40
1.000000000000199
100
AcDbArc
 50
179.9999987477982
 51
270.0
  0
LINE
  5
627
330
36
100
AcDbEntity
  8
0
  6
Continuous
 62
     7
370
    25
100
AcDbLine
 10
478.2436678305676
 20
63.20762815360865
 30
0.0
 11
478.2436678305676
 21
51.2076281755086
 31
0.0
  0
ARC
  5
628
330
36
100
AcDbEntity
  8
0
  6
Continuous
 62
     7
370
    25
100
AcDbCircle
 10
479.2436678305675
 20
63.20762815360865
 30
0.0
 40
0.9999999999997442
100
AcDbArc
 50
90.0
 51
180.0
  0
LINE
  5
629
330
36
100
AcDbEntity
  8
0
  6
Continuous
 62
     7
370
    25
100
AcDbLine
 10
548.3936922445663
 20
64.20762815360865
 30
0.0
 11
536.3936922445664
 21
64.20762815360865
 31
0.0
  0
ARC
  5
62A
330
36
100
AcDbEntity
  8
0
  6
Continuous
 62
     7
370
    25
100
AcDbCircle
 10
548.3936922445663
 20
63.20762815360865
 30
0.0
 40
1.0
100
AcDbArc
 50
0.0000012522994887
 51
90.0
  0
LINE
  5
62B
330
36
100
AcDbEntity
  8
0
  6
Continuous
 62
     7
370
    25
100
AcDbLine
 10
549.3936922445664
 20
51.20762815360865
 30
0.0
 11
549.3936922445664
 21
63.20762817550861
 31
0.0
  0
ARC
  5
62C
330
36
100
AcDbEntity
  8
0
  6
Continuous
 62
     7
370
    25
100
AcDbCircle
 10
548.3936922445663
 20
51.20762815360865
 30
0.0
 40
1.0
100
AcDbArc
 50
270.0
 51
0.0
  0
LINE
  5
62D
330
36
100
AcDbEntity
  8
0
  6
Continuous
 62
     7
370
    25
100
AcDbLine
 10
536.3936922445664
 20
50.20762815360865
 30
0.0
 11
548.3936922445663
 21
50.20762815360865
 31
0.0
  0
ARC
  5
62E
330
36
100
AcDbEntity
  8
0
  6
Continuous
 62
     7
370
    25
100
AcDbCircle
 10
536.3936922445664
 20
51.20762815360865
 30
0.0
 40
1.00000000000071
100
AcDbArc
 50
179.9999987477982
 51
270.0
  0
LINE
  5
62F
330
36
100
AcDbEntity
  8
0
  6
Continuous
 62
     7
370
    25
100
AcDbLine
 10
535.3936922445663
 20
63.20762815360865
 30
0.0
 11
535.3936922445663
 21
51.2076281755086
 31
0.0
  0
ARC
  5
630
330
36
100
AcDbEntity
  8
0
  6
Continuous
 62
     7
370
    25
100
AcDbCircle
 10
536.3936922445664
 20
63.20762815360865
 30
0.0
 40
1.000000000000597
100
AcDbArc
 50
90.0
 51
180.0
  0
LINE
  5
631
330
36
100
AcDbEntity
  8
0
  6
Continuous
 62
     7
370
    25
100
AcDbLine
 10
567.4436800375679
 20
64.20762815360865
 30
0.0
 11
555.4436800375679
 21
64.20762815360865
 31
0.0
  0
ARC
  5
632
330
36
100
AcDbEntity
  8
0
  6
Continuous
 62
     7
370
    25
100
AcDbCircle
 10
567.4436800375679
 20
63.20762815360865
 30
0.0
 40
1.0
100
AcDbArc
 50
0.0000012522994887
 51
90.0
  0
LINE
  5
633
330
36
100
AcDbEntity
  8
0
  6
Continuous
 62
     7
370
    25
100
AcDbLine
 10
568.4436800375679
 20
51.20762815360865
 30
0.0
 11
568.4436800375679
 21
63.20762817550861
 31
0.0
  0
ARC
  5
634
330
36
100
AcDbEntity
  8
0
  6
Continuous
 62
     7
370
    25
100
AcDbCircle
 10
567.4436800375679
 20
51.20762815360865
 30
0.0
 40
1.000000000000213
100
AcDbArc
 50
270.0
 51
0.0
  0
LINE
  5
635
330
36
100
AcDbEntity
  8
0
  6
Continuous
 62
     7
370
    25
100
AcDbLine
 10
555.4436800375679
 20
50.20762815360865
 30
0.0
 11
567.4436800375679
 21
50.20762815360865
 31
0.0
  0
ARC
  5
636
330
36
100
AcDbEntity
  8
0
  6
Continuous
 62
     7
370
    25
100
AcDbCircle
 10
555.4436800375679
 20
51.20762815360865
 30
0.0
 40
1.000000000000824
100
AcDbArc
 50
179.9999987477982
 51
270.0
  0
LINE
  5
637
330
36
100
AcDbEntity
  8
0
  6
Continuous
 62
     7
370
    25
100
AcDbLine
 10
554.4436800375678
 20
63.20762815360865
 30
0.0
 11
554.4436800375678
 21
51.2076281755086
 31
0.0
  0
ARC
  5
638
330
36
100
AcDbEntity
  8
0
  6
Continuous
 62
     7
370
    25
100
AcDbCircle
 10
555.4436800375679
 20
63.20762815360865
 30
0.0
 40
1.00000000000071
100
AcDbArc
 50
90.0
 51
180.0
  0
LINE
  5
639
330
36
100
AcDbEntity
  8
0
  6
Continuous
 62
     7
370
    25
100
AcDbLine
 10
586.4936678305675
 20
64.20762815360865
 30
0.0
 11
574.4936678305675
 21
64.20762815360865
 31
0.0
  0
ARC
  5
63A
330
36
100
AcDbEntity
  8
0
  6
Continuous
 62
     7
370
    25
100
AcDbCircle
 10
586.4936678305675
 20
63.20762815360865
 30
0.0
 40
1.000000000000994
100
AcDbArc
 50
0.0000012522994887
 51
90.0
  0
LINE
  5
63B
330
36
100
AcDbEntity
  8
0
  6
Continuous
 62
     7
370
    25
100
AcDbLine
 10
587.4936678305675
 20
51.20762815360865
 30
0.0
 11
587.4936678305675
 21
63.20762817550861
 31
0.0
  0
ARC
  5
63C
330
36
100
AcDbEntity
  8
0
  6
Continuous
 62
     7
370
    25
100
AcDbCircle
 10
586.4936678305675
 20
51.20762815360865
 30
0.0
 40
1.000000000000469
100
AcDbArc
 50
270.0
 51
0.0
  0
LINE
  5
63D
330
36
100
AcDbEntity
  8
0
  6
Continuous
 62
     7
370
    25
100
AcDbLine
 10
574.4936678305675
 20
50.20762815360865
 30
0.0
 11
586.4936678305675
 21
50.20762815360865
 31
0.0
  0
ARC
  5
63E
330
36
100
AcDbEntity
  8
0
  6
Continuous
 62
     7
370
    25
100
AcDbCircle
 10
574.4936678305675
 20
51.20762815360865
 30
0.0
 40
1.000000000000199
100
AcDbArc
 50
179.9999987477982
 51
270.0
  0
LINE
  5
63F
330
36
100
AcDbEntity
  8
0
  6
Continuous
 62
     7
370
    25
100
AcDbLine
 10
573.4936678305675
 20
63.20762815360865
 30
0.0
 11
573.4936678305675
 21
51.2076281755086
 31
0.0
  0
ARC
  5
640
330
36
100
AcDbEntity
  8
0
  6
Continuous
 62
     7
370
    25
100
AcDbCircle
 10
574.4936678305675
 20
63.20762815360865
 30
0.0
 40
0.9999999999998864
100
AcDbArc
 50
90.0
 51
180.0
  0
LINE
  5
641
330
36
100
AcDbEntity
  8
0
  6
Continuous
 62
     7
370
    25
100
AcDbLine
 10
481.7186739340668
 20
45.15764036070862
 30
0.0
 11
469.7186739340668
 21
45.15764036070862
 31
0.0
  0
ARC
  5
642
330
36
100
AcDbEntity
  8
0
  6
Continuous
 62
     7
370
    25
100
AcDbCircle
 10
481.7186739340668
 20
44.15764036070862
 30
0.0
 40
1.000000000000853
100
AcDbArc
 50
0.0000012521985252
 51
90.0
  0
LINE
  5
643
330
36
100
AcDbEntity
  8
0
  6
Continuous
 62
     7
370
    25
100
AcDbLine
 10
482.7186739340667
 20
32.15764036070863
 30
0.0
 11
482.7186739340667
 21
44.15764038250864
 31
0.0
  0
ARC
  5
644
330
36
100
AcDbEntity
  8
0
  6
Continuous
 62
     7
370
    25
100
AcDbCircle
 10
481.7186739340668
 20
32.15764036070863
 30
0.0
 40
1.000000000001022
100
AcDbArc
 50
270.0
 51
0.0
  0
LINE
  5
645
330
36
100
AcDbEntity
  8
0
  6
Continuous
 62
     7
370
    25
100
AcDbLine
 10
469.7186739340668
 20
31.15764036070863
 30
0.0
 11
481.7186739340668
 21
31.15764036070863
 31
0.0
  0
ARC
  5
646
330
36
100
AcDbEntity
  8
0
  6
Continuous
 62
     7
370
    25
100
AcDbCircle
 10
469.7186739340668
 20
32.15764036070863
 30
0.0
 40
0.9999999999992612
100
AcDbArc
 50
179.9999987477005
 51
270.0
  0
LINE
  5
647
330
36
100
AcDbEntity
  8
0
  6
Continuous
 62
     7
370
    25
100
AcDbLine
 10
468.7186739340668
 20
44.15764036070862
 30
0.0
 11
468.7186739340668
 21
32.15764038250865
 31
0.0
  0
ARC
  5
648
330
36
100
AcDbEntity
  8
0
  6
Continuous
 62
     7
370
    25
100
AcDbCircle
 10
469.7186739340668
 20
44.15764036070862
 30
0.0
 40
0.9999999999996873
100
AcDbArc
 50
90.0
 51
180.0
  0
LINE
  5
649
330
36
100
AcDbEntity
  8
0
  6
Continuous
 62
     7
370
    25
100
AcDbLine
 10
557.9186861410671
 20
45.15764036070862
 30
0.0
 11
545.9186861410671
 21
45.15764036070862
 31
0.0
  0
ARC
  5
64A
330
36
100
AcDbEntity
  8
0
  6
Continuous
 62
     7
370
    25
100
AcDbCircle
 10
557.9186861410671
 20
44.15764036070862
 30
0.0
 40
0.9999999999995456
100
AcDbArc
 50
0.0000012521985252
 51
90.0
  0
LINE
  5
64B
330
36
100
AcDbEntity
  8
0
  6
Continuous
 62
     7
370
    25
100
AcDbLine
 10
558.9186861410671
 20
32.15764036070863
 30
0.0
 11
558.9186861410671
 21
44.15764038250858
 31
0.0
  0
ARC
  5
64C
330
36
100
AcDbEntity
  8
0
  6
Continuous
 62
     7
370
    25
100
AcDbCircle
 10
557.9186861410671
 20
32.15764036070863
 30
0.0
 40
0.9999999999994315
100
AcDbArc
 50
270.0
 51
0.0
  0
LINE
  5
64D
330
36
100
AcDbEntity
  8
0
  6
Continuous
 62
     7
370
    25
100
AcDbLine
 10
545.9186861410671
 20
31.15764036070863
 30
0.0
 11
557.9186861410671
 21
31.15764036070863
 31
0.0
  0
ARC
  5
64E
330
36
100
AcDbEntity
  8
0
  6
Continuous
 62
     7
370
    25
100
AcDbCircle
 10
545.9186861410671
 20
32.15764036070863
 30
0.0
 40
1.000000000000029
100
AcDbArc
 50
179.9999987477982
 51
270.0
  0
LINE
  5
64F
330
36
100
AcDbEntity
  8
0
  6
Continuous
 62
     7
370
    25
100
AcDbLine
 10
544.9186861410671
 20
44.15764036070862
 30
0.0
 11
544.9186861410671
 21
32.15764038250859
 31
0.0
  0
ARC
  5
650
330
36
100
AcDbEntity
  8
0
  6
Continuous
 62
     7
370
    25
100
AcDbCircle
 10
545.9186861410671
 20
44.15764036070862
 30
0.0
 40
0.9999999999997299
100
AcDbArc
 50
90.0
 51
180.0
  0
LINE
  5
651
330
36
100
AcDbEntity
  8
0
  6
Continuous
 62
     7
370
    25
100
AcDbLine
 10
576.9686739340668
 20
45.15764036070862
 30
0.0
 11
564.9686739340668
 21
45.15764036070862
 31
0.0
  0
ARC
  5
652
330
36
100
AcDbEntity
  8
0
  6
Continuous
 62
     7
370
    25
100
AcDbCircle
 10
576.9686739340668
 20
44.15764036070862
 30
0.0
 40
1.000000000000283
100
AcDbArc
 50
0.0000012521985252
 51
90.0
  0
LINE
  5
653
330
36
100
AcDbEntity
  8
0
  6
Continuous
 62
     7
370
    25
100
AcDbLine
 10
577.9686739340668
 20
32.15764036070863
 30
0.0
 11
577.9686739340668
 21
44.15764038250858
 31
0.0
  0
ARC
  5
654
330
36
100
AcDbEntity
  8
0
  6
Continuous
 62
     7
370
    25
100
AcDbCircle
 10
576.9686739340668
 20
32.15764036070863
 30
0.0
 40
0.9999999999994741
100
AcDbArc
 50
270.0
 51
0.0
  0
LINE
  5
655
330
36
100
AcDbEntity
  8
0
  6
Continuous
 62
     7
370
    25
100
AcDbLine
 10
564.9686739340668
 20
31.15764036070863
 30
0.0
 11
576.9686739340668
 21
31.15764036070863
 31
0.0
  0
ARC
  5
656
330
36
100
AcDbEntity
  8
0
  6
Continuous
 62
     7
370
    25
100
AcDbCircle
 10
564.9686739340668
 20
32.15764036070863
 30
0.0
 40
1.000000000000013
100
AcDbArc
 50
179.9999987477982
 51
270.0
  0
LINE
  5
657
330
36
100
AcDbEntity
  8
0
  6
Continuous
 62
     7
370
    25
100
AcDbLine
 10
563.9686739340667
 20
44.15764036070862
 30
0.0
 11
563.9686739340667
 21
32.15764038250859
 31
0.0
  0
ARC
  5
658
330
36
100
AcDbEntity
  8
0
  6
Continuous
 62
     7
370
    25
100
AcDbCircle
 10
564.9686739340668
 20
44.15764036070862
 30
0.0
 40
1.000000000000227
100
AcDbArc
 50
90.0
 51
180.0
  0
LINE
  5
659
330
36
100
AcDbEntity
  8
0
  6
Continuous
 62
     7
370
    25
100
AcDbLine
 10
596.0186922445664
 20
45.15764036070862
 30
0.0
 11
584.0186922445663
 21
45.15764036070862
 31
0.0
  0
ARC
  5
65A
330
36
100
AcDbEntity
  8
0
  6
Continuous
 62
     7
370
    25
100
AcDbCircle
 10
596.0186922445664
 20
44.15764036070862
 30
0.0
 40
0.9999999999999003
100
AcDbArc
 50
0.0000012521985252
 51
90.0
  0
LINE
  5
65B
330
36
100
AcDbEntity
  8
0
  6
Continuous
 62
     7
370
    25
100
AcDbLine
 10
597.0186922445663
 20
32.15764036070863
 30
0.0
 11
597.0186922445663
 21
44.15764038250858
 31
0.0
  0
ARC
  5
65C
330
36
100
AcDbEntity
  8
0
  6
Continuous
 62
     7
370
    25
100
AcDbCircle
 10
596.0186922445664
 20
32.15764036070863
 30
0.0
 40
0.9999999999994741
100
AcDbArc
 50
270.0
 51
0.0
  0
LINE
  5
65D
330
36
100
AcDbEntity
  8
0
  6
Continuous
 62
     7
370
    25
100
AcDbLine
 10
584.0186922445663
 20
31.15764036070863
 30
0.0
 11
596.0186922445664
 21
31.15764036070863
 31
0.0
  0
ARC
  5
65E
330
36
100
AcDbEntity
  8
0
  6
Continuous
 62
     7
370
    25
100
AcDbCircle
 10
584.0186922445663
 20
32.15764036070863
 30
0.0
 40
1.000000000000113
100
AcDbArc
 50
179.9999987477982
 51
270.0
  0
LINE
  5
65F
330
36
100
AcDbEntity
  8
0
  6
Continuous
 62
     7
370
    25
100
AcDbLine
 10
583.0186922445664
 20
44.15764036070862
 30
0.0
 11
583.0186922445664
 21
32.15764038250859
 31
0.0
  0
ARC
  5
660
330
36
100
AcDbEntity
  8
0
  6
Continuous
 62
     7
370
    25
100
AcDbCircle
 10
584.0186922445663
 20
44.15764036070862
 30
0.0
 40
0.9999999999997726
100
AcDbArc
 50
90.0
 51
180.0
  0
LINE
  5
661
330
36
100
AcDbEntity
  8
0
  6
Continuous
 62
     7
370
    25
100
AcDbLine
 10
562.6811678305675
 20
26.1076220501086
 30
0.0
 11
550.6811678305675
 21
26.1076220501086
 31
0.0
  0
ARC
  5
662
330
36
100
AcDbEntity
  8
0
  6
Continuous
 62
     7
370
    25
100
AcDbCircle
 10
562.6811678305675
 20
25.1076220501086
 30
0.0
 40
1.000000000000297
100
AcDbArc
 50
0.0000012522994887
 51
90.0
  0
LINE
  5
663
330
36
100
AcDbEntity
  8
0
  6
Continuous
 62
     7
370
    25
100
AcDbLine
 10
563.6811678305675
 20
13.1076220501086
 30
0.0
 11
563.6811678305675
 21
25.10762207200861
 31
0.0
  0
ARC
  5
664
330
36
100
AcDbEntity
  8
0
  6
Continuous
 62
     7
370
    25
100
AcDbCircle
 10
562.6811678305675
 20
13.1076220501086
 30
0.0
 40
1.000000000000383
100
AcDbArc
 50
270.0
 51
0.0
  0
LINE
  5
665
330
36
100
AcDbEntity
  8
0
  6
Continuous
 62
     7
370
    25
100
AcDbLine
 10
550.6811678305675
 20
12.1076220501086
 30
0.0
 11
562.6811678305675
 21
12.1076220501086
 31
0.0
  0
ARC
  5
666
330
36
100
AcDbEntity
  8
0
  6
Continuous
 62
     7
370
    25
100
AcDbCircle
 10
550.6811678305675
 20
13.1076220501086
 30
0.0
 40
0.9999999999997728
100
AcDbArc
 50
179.9999987477005
 51
270.0
  0
LINE
  5
667
330
36
100
AcDbEntity
  8
0
  6
Continuous
 62
     7
370
    25
100
AcDbLine
 10
549.6811678305675
 20
25.1076220501086
 30
0.0
 11
549.6811678305675
 21
13.10762207200861
 31
0.0
  0
ARC
  5
668
330
36
100
AcDbEntity
  8
0
  6
Continuous
 62
     7
370
    25
100
AcDbCircle
 10
550.6811678305675
 20
25.1076220501086
 30
0.0
 40
0.9999999999993603
100
AcDbArc
 50
90.0
 51
180.0
  0
LINE
  5
669
330
36
100
AcDbEntity
  8
0
  6
Continuous
 62
     7
370
    25
100
AcDbLine
 10
505.5311739340668
 20
26.1076220501086
 30
0.0
 11
493.5311739340668
 21
26.1076220501086
 31
0.0
  0
ARC
  5
66A
330
36
100
AcDbEntity
  8
0
  6
Continuous
 62
     7
370
    25
100
AcDbCircle
 10
505.5311739340668
 20
25.1076220501086
 30
0.0
 40
1.0
100
AcDbArc
 50
0.0000012522994887
 51
90.0
  0
LINE
  5
66B
330
36
100
AcDbEntity
  8
0
  6
Continuous
 62
     7
370
    25
100
AcDbLine
 10
506.5311739340668
 20
13.1076220501086
 30
0.0
 11
506.5311739340668
 21
25.10762207200867
 31
0.0
  0
ARC
  5
66C
330
36
100
AcDbEntity
  8
0
  6
Continuous
 62
     7
370
    25
100
AcDbCircle
 10
505.5311739340668
 20
13.1076220501086
 30
0.0
 40
0.9999999999997372
100
AcDbArc
 50
270.0
 51
0.0
  0
LINE
  5
66D
330
36
100
AcDbEntity
  8
0
  6
Continuous
 62
     7
370
    25
100
AcDbLine
 10
493.5311739340668
 20
12.1076220501086
 30
0.0
 11
505.5311739340668
 21
12.1076220501086
 31
0.0
  0
ARC
  5
66E
330
36
100
AcDbEntity
  8
0
  6
Continuous
 62
     7
370
    25
100
AcDbCircle
 10
493.5311739340668
 20
13.1076220501086
 30
0.0
 40
0.9999999999997728
100
AcDbArc
 50
179.9999987477005
 51
270.0
  0
LINE
  5
66F
330
36
100
AcDbEntity
  8
0
  6
Continuous
 62
     7
370
    25
100
AcDbLine
 10
492.5311739340668
 20
25.1076220501086
 30
0.0
 11
492.5311739340668
 21
13.10762207200866
 31
0.0
  0
ARC
  5
670
330
36
100
AcDbEntity
  8
0
  6
Continuous
 62
     7
370
    25
100
AcDbCircle
 10
493.5311739340668
 20
25.1076220501086
 30
0.0
 40
0.9999999999998864
100
AcDbArc
 50
90.0
 51
180.0
  0
LINE
  5
671
330
36
100
AcDbEntity
  8
0
  6
Continuous
 62
     7
370
    25
100
AcDbLine
 10
486.4811861410671
 20
26.1076220501086
 30
0.0
 11
474.4811861410672
 21
26.1076220501086
 31
0.0
  0
ARC
  5
672
330
36
100
AcDbEntity
  8
0
  6
Continuous
 62
     7
370
    25
100
AcDbCircle
 10
486.4811861410671
 20
25.1076220501086
 30
0.0
 40
0.9999999999997015
100
AcDbArc
 50
0.0000012521985252
 51
90.0
  0
LINE
  5
673
330
36
100
AcDbEntity
  8
0
  6
Continuous
 62
     7
370
    25
100
AcDbLine
 10
487.4811861410671
 20
13.1076220501086
 30
0.0
 11
487.4811861410671
 21
25.10762207200867
 31
0.0
  0
ARC
  5
674
330
36
100
AcDbEntity
  8
0
  6
Continuous
 62
     7
370
    25
100
AcDbCircle
 10
486.4811861410671
 20
13.1076220501086
 30
0.0
 40
1.000000000000277
100
AcDbArc
 50
270.0
 51
0.0
  0
LINE
  5
675
330
36
100
AcDbEntity
  8
0
  6
Continuous
 62
     7
370
    25
100
AcDbLine
 10
474.4811861410672
 20
12.1076220501086
 30
0.0
 11
486.4811861410671
 21
12.1076220501086
 31
0.0
  0
ARC
  5
676
330
36
100
AcDbEntity
  8
0
  6
Continuous
 62
     7
370
    25
100
AcDbCircle
 10
474.4811861410672
 20
13.1076220501086
 30
0.0
 40
0.9999999999997088
100
AcDbArc
 50
179.9999987477005
 51
270.0
  0
LINE
  5
677
330
36
100
AcDbEntity
  8
0
  6
Continuous
 62
     7
370
    25
100
AcDbLine
 10
473.4811861410671
 20
25.1076220501086
 30
0.0
 11
473.4811861410671
 21
13.10762207200866
 31
0.0
  0
ARC
  5
678
330
36
100
AcDbEntity
  8
0
  6
Continuous
 62
     7
370
    25
100
AcDbCircle
 10
474.4811861410672
 20
25.1076220501086
 30
0.0
 40
0.9999999999997299
100
AcDbArc
 50
90.0
 51
180.0
  0
LINE
  5
679
330
36
100
AcDbEntity
  8
0
  6
Continuous
 62
     7
370
    25
100
AcDbLine
 10
481.7186739340668
 20
88.02012815360866
 30
0.0
 11
469.7186739340668
 21
88.02012815360866
 31
0.0
  0
ARC
  5
67A
330
36
100
AcDbEntity
  8
0
  6
Continuous
 62
     7
370
    25
100
AcDbCircle
 10
481.7186739340668
 20
87.02012815360864
 30
0.0
 40
1.000000000001022
100
AcDbArc
 50
0.0000012522994887
 51
90.0
  0
LINE
  5
67B
330
36
100
AcDbEntity
  8
0
  6
Continuous
 62
     7
370
    25
100
AcDbLine
 10
482.7186739340667
 20
75.02012815360865
 30
0.0
 11
482.7186739340667
 21
87.0201281755086
 31
0.0
  0
ARC
  5
67C
330
36
100
AcDbEntity
  8
0
  6
Continuous
 62
     7
370
    25
100
AcDbCircle
 10
481.7186739340668
 20
75.02012815360865
 30
0.0
 40
1.000000000001022
100
AcDbArc
 50
270.0
 51
0.0
  0
LINE
  5
67D
330
36
100
AcDbEntity
  8
0
  6
Continuous
 62
     7
370
    25
100
AcDbLine
 10
469.7186739340668
 20
74.02012815360865
 30
0.0
 11
481.7186739340668
 21
74.02012815360865
 31
0.0
  0
ARC
  5
67E
330
36
100
AcDbEntity
  8
0
  6
Continuous
 62
     7
370
    25
100
AcDbCircle
 10
469.7186739340668
 20
75.02012815360865
 30
0.0
 40
1.000000000000113
100
AcDbArc
 50
179.9999987477982
 51
270.0
  0
LINE
  5
67F
330
36
100
AcDbEntity
  8
0
  6
Continuous
 62
     7
370
    25
100
AcDbLine
 10
468.7186739340668
 20
87.02012815360864
 30
0.0
 11
468.7186739340668
 21
75.0201281755086
 31
0.0
  0
ARC
  5
680
330
36
100
AcDbEntity
  8
0
  6
Continuous
 62
     7
370
    25
100
AcDbCircle
 10
469.7186739340668
 20
87.02012815360864
 30
0.0
 40
0.9999999999999149
100
AcDbArc
 50
90.0
 51
180.0
  0
LINE
  5
681
330
36
100
AcDbEntity
  8
0
  6
Continuous
 62
     7
370
    25
100
AcDbLine
 10
586.4936678305675
 20
88.02012815360866
 30
0.0
 11
574.4936678305675
 21
88.02012815360866
 31
0.0
  0
ARC
  5
682
330
36
100
AcDbEntity
  8
0
  6
Continuous
 62
     7
370
    25
100
AcDbCircle
 10
586.4936678305675
 20
87.02012815360864
 30
0.0
 40
1.000000000001022
100
AcDbArc
 50
0.0000012522994887
 51
90.0
  0
LINE
  5
683
330
36
100
AcDbEntity
  8
0
  6
Continuous
 62
     7
370
    25
100
AcDbLine
 10
587.4936678305675
 20
75.02012815360865
 30
0.0
 11
587.4936678305675
 21
87.0201281755086
 31
0.0
  0
ARC
  5
684
330
36
100
AcDbEntity
  8
0
  6
Continuous
 62
     7
370
    25
100
AcDbCircle
 10
586.4936678305675
 20
75.02012815360865
 30
0.0
 40
1.000000000000853
100
AcDbArc
 50
270.0
 51
0.0
  0
LINE
  5
685
330
36
100
AcDbEntity
  8
0
  6
Continuous
 62
     7
370
    25
100
AcDbLine
 10
574.4936678305675
 20
74.02012815360865
 30
0.0
 11
586.4936678305675
 21
74.02012815360865
 31
0.0
  0
ARC
  5
686
330
36
100
AcDbEntity
  8
0
  6
Continuous
 62
     7
370
    25
100
AcDbCircle
 10
574.4936678305675
 20
75.02012815360865
 30
0.0
 40
1.000000000000113
100
AcDbArc
 50
179.9999987477982
 51
270.0
  0
LINE
  5
687
330
36
100
AcDbEntity
  8
0
  6
Continuous
 62
     7
370
    25
100
AcDbLine
 10
573.4936678305675
 20
87.02012815360864
 30
0.0
 11
573.4936678305675
 21
75.0201281755086
 31
0.0
  0
ARC
  5
688
330
36
100
AcDbEntity
  8
0
  6
Continuous
 62
     7
370
    25
100
AcDbCircle
 10
574.4936678305675
 20
87.02012815360864
 30
0.0
 40
1.000000000000113
100
AcDbArc
 50
90.0
 51
180.0
  0
LINE
  5
689
330
36
100
AcDbEntity
  8
0
  6
Continuous
 62
     7
370
    25
100
AcDbLine
 10
605.5563509359672
 20
88.02012815360866
 30
0.0
 11
593.5563509359671
 21
88.02012815360866
 31
0.0
  0
ARC
  5
68A
330
36
100
AcDbEntity
  8
0
  6
Continuous
 62
     7
370
    25
100
AcDbCircle
 10
605.5563509359672
 20
87.02012815360864
 30
0.0
 40
1.000000000000027
100
AcDbArc
 50
0.0000012521985252
 51
90.0
  0
LINE
  5
68B
330
36
100
AcDbEntity
  8
0
  6
Continuous
 62
     7
370
    25
100
AcDbLine
 10
606.5563509359671
 20
75.02012815360865
 30
0.0
 11
606.5563509359671
 21
87.0201281755086
 31
0.0
  0
ARC
  5
68C
330
36
100
AcDbEntity
  8
0
  6
Continuous
 62
     7
370
    25
100
AcDbCircle
 10
605.5563509359672
 20
75.02012815360865
 30
0.0
 40
1.0
100
AcDbArc
 50
270.0
 51
0.0
  0
LINE
  5
68D
330
36
100
AcDbEntity
  8
0
  6
Continuous
 62
     7
370
    25
100
AcDbLine
 10
593.5563509359671
 20
74.02012815360865
 30
0.0
 11
605.5563509359672
 21
74.02012815360865
 31
0.0
  0
ARC
  5
68E
330
36
100
AcDbEntity
  8
0
  6
Continuous
 62
     7
370
    25
100
AcDbCircle
 10
593.5563509359671
 20
75.02012815360865
 30
0.0
 40
1.000000000000113
100
AcDbArc
 50
179.9999987477982
 51
270.0
  0
LINE
  5
68F
330
36
100
AcDbEntity
  8
0
  6
Continuous
 62
     7
370
    25
100
AcDbLine
 10
592.5563509359672
 20
87.02012815360864
 30
0.0
 11
592.5563509359672
 21
75.0201281755086
 31
0.0
  0
ARC
  5
690
330
36
100
AcDbEntity
  8
0
  6
Continuous
 62
     7
370
    25
100
AcDbCircle
 10
593.5563509359671
 20
87.02012815360864
 30
0.0
 40
1.000000000000027
100
AcDbArc
 50
90.0
 51
180.0
  0
LINE
  5
691
330
36
100
AcDbEntity
  8
0
  6
Continuous
 62
     7
370
    25
100
AcDbLine
 10
667.4561922445664
 20
88.02012815360866
 30
0.0
 11
655.4561922445664
 21
88.02012815360866
 31
0.0
  0
ARC
  5
692
330
36
100
AcDbEntity
  8
0
  6
Continuous
 62
     7
370
    25
100
AcDbCircle
 10
667.4561922445664
 20
87.02012815360864
 30
0.0
 40
1.000000000000027
100
AcDbArc
 50
0.0000012521985252
 51
90.0
  0
LINE
  5
693
330
36
100
AcDbEntity
  8
0
  6
Continuous
 62
     7
370
    25
100
AcDbLine
 10
668.4561922445664
 20
75.0201281536086
 30
0.0
 11
668.4561922445664
 21
87.0201281755086
 31
0.0
  0
ARC
  5
694
330
36
100
AcDbEntity
  8
0
  6
Continuous
 62
     7
370
    25
100
AcDbCircle
 10
667.4561922445664
 20
75.0201281536086
 30
0.0
 40
1.000000000000113
100
AcDbArc
 50
270.0
 51
0.0
  0
LINE
  5
695
330
36
100
AcDbEntity
  8
0
  6
Continuous
 62
     7
370
    25
100
AcDbLine
 10
655.4561922445664
 20
74.02012815360859
 30
0.0
 11
667.4561922445664
 21
74.02012815360859
 31
0.0
  0
ARC
  5
696
330
36
100
AcDbEntity
  8
0
  6
Continuous
 62
     7
370
    25
100
AcDbCircle
 10
655.4561922445664
 20
75.0201281536086
 30
0.0
 40
1.000000000000994
100
AcDbArc
 50
179.9999987477982
 51
270.0
  0
LINE
  5
697
330
36
100
AcDbEntity
  8
0
  6
Continuous
 62
     7
370
    25
100
AcDbLine
 10
654.4561922445664
 20
87.02012815360864
 30
0.0
 11
654.4561922445664
 21
75.0201281755086
 31
0.0
  0
ARC
  5
698
330
36
100
AcDbEntity
  8
0
  6
Continuous
 62
     7
370
    25
100
AcDbCircle
 10
655.4561922445664
 20
87.02012815360864
 30
0.0
 40
1.000000000000512
100
AcDbArc
 50
90.0
 51
180.0
  0
LINE
  5
699
330
36
100
AcDbEntity
  8
0
  6
Continuous
 62
     7
370
    25
100
AcDbLine
 10
686.5061800375679
 20
88.02012815360866
 30
0.0
 11
674.5061800375679
 21
88.02012815360866
 31
0.0
  0
ARC
  5
69A
330
36
100
AcDbEntity
  8
0
  6
Continuous
 62
     7
370
    25
100
AcDbCircle
 10
686.5061800375679
 20
87.02012815360864
 30
0.0
 40
1.000000000000027
100
AcDbArc
 50
0.0000012521985252
 51
90.0
  0
LINE
  5
69B
330
36
100
AcDbEntity
  8
0
  6
Continuous
 62
     7
370
    25
100
AcDbLine
 10
687.5061800375679
 20
75.0201281536086
 30
0.0
 11
687.5061800375679
 21
87.0201281755086
 31
0.0
  0
ARC
  5
69C
330
36
100
AcDbEntity
  8
0
  6
Continuous
 62
     7
370
    25
100
AcDbCircle
 10
686.5061800375679
 20
75.0201281536086
 30
0.0
 40
0.9999999999997868
100
AcDbArc
 50
270.0
 51
0.0
  0
LINE
  5
69D
330
36
100
AcDbEntity
  8
0
  6
Continuous
 62
     7
370
    25
100
AcDbLine
 10
674.5061800375679
 20
74.02012815360859
 30
0.0
 11
686.5061800375679
 21
74.02012815360859
 31
0.0
  0
ARC
  5
69E
330
36
100
AcDbEntity
  8
0
  6
Continuous
 62
     7
370
    25
100
AcDbCircle
 10
674.5061800375679
 20
75.0201281536086
 30
0.0
 40
1.000000000000994
100
AcDbArc
 50
179.9999987477982
 51
270.0
  0
LINE
  5
69F
330
36
100
AcDbEntity
  8
0
  6
Continuous
 62
     7
370
    25
100
AcDbLine
 10
673.5061800375679
 20
87.02012815360864
 30
0.0
 11
673.5061800375679
 21
75.0201281755086
 31
0.0
  0
ARC
  5
6A0
330
36
100
AcDbEntity
  8
0
  6
Continuous
 62
     7
370
    25
100
AcDbCircle
 10
674.5061800375679
 20
87.02012815360864
 30
0.0
 40
0.9999999999999149
100
AcDbArc
 50
90.0
 51
180.0
  0
LINE
  5
6A1
330
36
100
AcDbEntity
  8
0
  6
Continuous
 62
     7
370
    25
100
AcDbLine
 10
567.4436800375679
 20
88.02012815360866
 30
0.0
 11
555.4436800375679
 21
88.02012815360866
 31
0.0
  0
ARC
  5
6A2
330
36
100
AcDbEntity
  8
0
  6
Continuous
 62
     7
370
    25
100
AcDbCircle
 10
567.4436800375679
 20
87.02012815360864
 30
0.0
 40
1.0
100
AcDbArc
 50
0.0000012522994887
 51
90.0
  0
LINE
  5
6A3
330
36
100
AcDbEntity
  8
0
  6
Continuous
 62
     7
370
    25
100
AcDbLine
 10
568.4436800375679
 20
75.02012815360865
 30
0.0
 11
568.4436800375679
 21
87.0201281755086
 31
0.0
  0
ARC
  5
6A4
330
36
100
AcDbEntity
  8
0
  6
Continuous
 62
     7
370
    25
100
AcDbCircle
 10
567.4436800375679
 20
75.02012815360865
 30
0.0
 40
1.000000000000113
100
AcDbArc
 50
270.0
 51
0.0
  0
LINE
  5
6A5
330
36
100
AcDbEntity
  8
0
  6
Continuous
 62
     7
370
    25
100
AcDbLine
 10
555.4436800375679
 20
74.02012815360865
 30
0.0
 11
567.4436800375679
 21
74.02012815360865
 31
0.0
  0
ARC
  5
6A6
330
36
100
AcDbEntity
  8
0
  6
Continuous
 62
     7
370
    25
100
AcDbCircle
 10
555.4436800375679
 20
75.02012815360865
 30
0.0
 40
1.000000000000994
100
AcDbArc
 50
179.9999987477982
 51
270.0
  0
LINE
  5
6A7
330
36
100
AcDbEntity
  8
0
  6
Continuous
 62
     7
370
    25
100
AcDbLine
 10
554.4436800375678
 20
87.02012815360864
 30
0.0
 11
554.4436800375678
 21
75.0201281755086
 31
0.0
  0
ARC
  5
6A8
330
36
100
AcDbEntity
  8
0
  6
Continuous
 62
     7
370
    25
100
AcDbCircle
 10
555.4436800375679
 20
87.02012815360864
 30
0.0
 40
1.00000000000071
100
AcDbArc
 50
90.0
 51
180.0
  0
LINE
  5
6A9
330
36
100
AcDbEntity
  8
0
  6
Continuous
 62
     7
370
    25
100
AcDbLine
 10
429.3311922445663
 20
26.1076220501086
 30
0.0
 11
417.3311922445663
 21
26.1076220501086
 31
0.0
  0
ARC
  5
6AA
330
36
100
AcDbEntity
  8
0
  6
Continuous
 62
     7
370
    25
100
AcDbCircle
 10
429.3311922445663
 20
25.1076220501086
 30
0.0
 40
0.9999999999997443
100
AcDbArc
 50
0.0000012521985252
 51
90.0
  0
LINE
  5
6AB
330
36
100
AcDbEntity
  8
0
  6
Continuous
 62
     7
370
    25
100
AcDbLine
 10
430.3311922445664
 20
13.1076220501086
 30
0.0
 11
430.3311922445664
 21
25.10762207200867
 31
0.0
  0
ARC
  5
6AC
330
36
100
AcDbEntity
  8
0
  6
Continuous
 62
     7
370
    25
100
AcDbCircle
 10
429.3311922445663
 20
13.1076220501086
 30
0.0
 40
0.9999999999997372
100
AcDbArc
 50
270.0
 51
0.0
  0
LINE
  5
6AD
330
36
100
AcDbEntity
  8
0
  6
Continuous
 62
     7
370
    25
100
AcDbLine
 10
417.3311922445663
 20
12.1076220501086
 30
0.0
 11
429.3311922445663
 21
12.1076220501086
 31
0.0
  0
ARC
  5
6AE
330
36
100
AcDbEntity
  8
0
  6
Continuous
 62
     7
370
    25
100
AcDbCircle
 10
417.3311922445663
 20
13.1076220501086
 30
0.0
 40
1.000000000000007
100
AcDbArc
 50
179.9999987477982
 51
270.0
  0
LINE
  5
6AF
330
36
100
AcDbEntity
  8
0
  6
Continuous
 62
     7
370
    25
100
AcDbLine
 10
416.3311922445664
 20
25.1076220501086
 30
0.0
 11
416.3311922445664
 21
13.10762207200866
 31
0.0
  0
ARC
  5
6B0
330
36
100
AcDbEntity
  8
0
  6
Continuous
 62
     7
370
    25
100
AcDbCircle
 10
417.3311922445663
 20
25.1076220501086
 30
0.0
 40
0.9999999999997299
100
AcDbArc
 50
90.0
 51
180.0
  0
LINE
  5
6B1
330
36
100
AcDbEntity
  8
0
  6
Continuous
 62
     7
370
    25
100
AcDbLine
 10
667.4561922445664
 20
7.057634257108588
 30
0.0
 11
655.4561922445664
 21
7.057634257108588
 31
0.0
  0
ARC
  5
6B2
330
36
100
AcDbEntity
  8
0
  6
Continuous
 62
     7
370
    25
100
AcDbCircle
 10
667.4561922445664
 20
6.057634257108588
 30
0.0
 40
1.000000000000497
100
AcDbArc
 50
0.0000012521985252
 51
90.0
  0
LINE
  5
6B3
330
36
100
AcDbEntity
  8
0
  6
Continuous
 62
     7
370
    25
100
AcDbLine
 10
668.4561922445664
 20
-5.942365742891411
 30
0.0
 11
668.4561922445664
 21
6.057634279008652
 31
0.0
  0
ARC
  5
6B4
330
36
100
AcDbEntity
  8
0
  6
Continuous
 62
     7
370
    25
100
AcDbCircle
 10
667.4561922445664
 20
-5.942365742891411
 30
0.0
 40
1.00000000000022
100
AcDbArc
 50
270.0
 51
0.0
  0
LINE
  5
6B5
330
36
100
AcDbEntity
  8
0
  6
Continuous
 62
     7
370
    25
100
AcDbLine
 10
655.4561922445664
 20
-6.942365742891411
 30
0.0
 11
667.4561922445664
 21
-6.942365742891411
 31
0.0
  0
ARC
  5
6B6
330
36
100
AcDbEntity
  8
0
  6
Continuous
 62
     7
370
    25
100
AcDbCircle
 10
655.4561922445664
 20
-5.942365742891411
 30
0.0
 40
1.000000000000909
100
AcDbArc
 50
179.9999987477982
 51
270.0
  0
LINE
  5
6B7
330
36
100
AcDbEntity
  8
0
  6
Continuous
 62
     7
370
    25
100
AcDbLine
 10
654.4561922445664
 20
6.057634257108588
 30
0.0
 11
654.4561922445664
 21
-5.942365720991347
 31
0.0
  0
ARC
  5
6B8
330
36
100
AcDbEntity
  8
0
  6
Continuous
 62
     7
370
    25
100
AcDbCircle
 10
655.4561922445664
 20
6.057634257108588
 30
0.0
 40
0.9999999999990976
100
AcDbArc
 50
90.0
 51
180.0
  0
LINE
  5
6B9
330
36
100
AcDbEntity
  8
0
  6
Continuous
 62
     7
370
    25
100
AcDbLine
 10
667.4561922445664
 20
-11.99235353579138
 30
0.0
 11
655.4561922445664
 21
-11.99235353579138
 31
0.0
  0
ARC
  5
6BA
330
36
100
AcDbEntity
  8
0
  6
Continuous
 62
     7
370
    25
100
AcDbCircle
 10
667.4561922445664
 20
-12.99235353579138
 30
0.0
 40
0.9999999999998864
100
AcDbArc
 50
0.0000012521985252
 51
90.0
  0
LINE
  5
6BB
330
36
100
AcDbEntity
  8
0
  6
Continuous
 62
     7
370
    25
100
AcDbLine
 10
668.4561922445664
 20
-24.99235353579138
 30
0.0
 11
668.4561922445664
 21
-12.99235351399136
 31
0.0
  0
ARC
  5
6BC
330
36
100
AcDbEntity
  8
0
  6
Continuous
 62
     7
370
    25
100
AcDbCircle
 10
667.4561922445664
 20
-24.99235353579138
 30
0.0
 40
1.000000000000909
100
AcDbArc
 50
270.0
 51
0.0
  0
LINE
  5
6BD
330
36
100
AcDbEntity
  8
0
  6
Continuous
 62
     7
370
    25
100
AcDbLine
 10
655.4561922445664
 20
-25.99235353579138
 30
0.0
 11
667.4561922445664
 21
-25.99235353579138
 31
0.0
  0
ARC
  5
6BE
330
36
100
AcDbEntity
  8
0
  6
Continuous
 62
     7
370
    25
100
AcDbCircle
 10
655.4561922445664
 20
-24.99235353579138
 30
0.0
 40
1.000000000000795
100
AcDbArc
 50
179.9999987477982
 51
270.0
  0
LINE
  5
6BF
330
36
100
AcDbEntity
  8
0
  6
Continuous
 62
     7
370
    25
100
AcDbLine
 10
654.4561922445664
 20
-12.99235353579138
 30
0.0
 11
654.4561922445664
 21
-24.99235351399136
 31
0.0
  0
ARC
  5
6C0
330
36
100
AcDbEntity
  8
0
  6
Continuous
 62
     7
370
    25
100
AcDbCircle
 10
655.4561922445664
 20
-12.99235353579138
 30
0.0
 40
1.0
100
AcDbArc
 50
90.0
 51
180.0
  0
LINE
  5
6C1
330
36
100
AcDbEntity
  8
0
  6
Continuous
 62
     7
370
    25
100
AcDbLine
 10
686.5061800375679
 20
-11.99235353579138
 30
0.0
 11
674.5061800375679
 21
-11.99235353579138
 31
0.0
  0
ARC
  5
6C2
330
36
100
AcDbEntity
  8
0
  6
Continuous
 62
     7
370
    25
100
AcDbCircle
 10
686.5061800375679
 20
-12.99235353579138
 30
0.0
 40
1.0
100
AcDbArc
 50
0.0000012521985252
 51
90.0
  0
LINE
  5
6C3
330
36
100
AcDbEntity
  8
0
  6
Continuous
 62
     7
370
    25
100
AcDbLine
 10
687.5061800375679
 20
-24.99235353579138
 30
0.0
 11
687.5061800375679
 21
-12.99235351399136
 31
0.0
  0
ARC
  5
6C4
330
36
100
AcDbEntity
  8
0
  6
Continuous
 62
     7
370
    25
100
AcDbCircle
 10
686.5061800375679
 20
-24.99235353579138
 30
0.0
 40
0.9999999999997335
100
AcDbArc
 50
270.0
 51
0.0
  0
LINE
  5
6C5
330
36
100
AcDbEntity
  8
0
  6
Continuous
 62
     7
370
    25
100
AcDbLine
 10
674.5061800375679
 20
-25.99235353579138
 30
0.0
 11
686.5061800375679
 21
-25.99235353579138
 31
0.0
  0
ARC
  5
6C6
330
36
100
AcDbEntity
  8
0
  6
Continuous
 62
     7
370
    25
100
AcDbCircle
 10
674.5061800375679
 20
-24.99235353579138
 30
0.0
 40
1.000000000000682
100
AcDbArc
 50
179.9999987477982
 51
270.0
  0
LINE
  5
6C7
330
36
100
AcDbEntity
  8
0
  6
Continuous
 62
     7
370
    25
100
AcDbLine
 10
673.5061800375679
 20
-12.99235353579138
 30
0.0
 11
673.5061800375679
 21
-24.99235351399136
 31
0.0
  0
ARC
  5
6C8
330
36
100
AcDbEntity
  8
0
  6
Continuous
 62
     7
370
    25
100
AcDbCircle
 10
674.5061800375679
 20
-12.99235353579138
 30
0.0
 40
1.000000000000682
100
AcDbArc
 50
90.0
 51
180.0
  0
LINE
  5
6C9
330
36
100
AcDbEntity
  8
0
  6
Continuous
 62
     7
370
    25
100
AcDbLine
 10
395.9936678305676
 20
64.20762815360865
 30
0.0
 11
383.9936678305676
 21
64.20762815360865
 31
0.0
  0
ARC
  5
6CA
330
36
100
AcDbEntity
  8
0
  6
Continuous
 62
     7
370
    25
100
AcDbCircle
 10
395.9936678305676
 20
63.20762815360865
 30
0.0
 40
0.9999999999999857
100
AcDbArc
 50
0.0000012522994887
 51
90.0
  0
LINE
  5
6CB
330
36
100
AcDbEntity
  8
0
  6
Continuous
 62
     7
370
    25
100
AcDbLine
 10
396.9936678305676
 20
51.20762815360865
 30
0.0
 11
396.9936678305676
 21
63.20762817550861
 31
0.0
  0
ARC
  5
6CC
330
36
100
AcDbEntity
  8
0
  6
Continuous
 62
     7
370
    25
100
AcDbCircle
 10
395.9936678305676
 20
51.20762815360865
 30
0.0
 40
0.9999999999997442
100
AcDbArc
 50
270.0
 51
0.0
  0
LINE
  5
6CD
330
36
100
AcDbEntity
  8
0
  6
Continuous
 62
     7
370
    25
100
AcDbLine
 10
383.9936678305676
 20
50.20762815360865
 30
0.0
 11
395.9936678305676
 21
50.20762815360865
 31
0.0
  0
ARC
  5
6CE
330
36
100
AcDbEntity
  8
0
  6
Continuous
 62
     7
370
    25
100
AcDbCircle
 10
383.9936678305676
 20
51.20762815360865
 30
0.0
 40
1.000000000000853
100
AcDbArc
 50
179.9999987477982
 51
270.0
  0
LINE
  5
6CF
330
36
100
AcDbEntity
  8
0
  6
Continuous
 62
     7
370
    25
100
AcDbLine
 10
382.9936678305676
 20
63.20762815360865
 30
0.0
 11
382.9936678305676
 21
51.2076281755086
 31
0.0
  0
ARC
  5
6D0
330
36
100
AcDbEntity
  8
0
  6
Continuous
 62
     7
370
    25
100
AcDbCircle
 10
383.9936678305676
 20
63.20762815360865
 30
0.0
 40
1.000000000000475
100
AcDbArc
 50
90.0
 51
180.0
  0
LINE
  5
6D1
330
36
100
AcDbEntity
  8
0
  6
Continuous
 62
     7
370
    25
100
AcDbLine
 10
553.1561739340668
 20
7.057634257108588
 30
0.0
 11
541.1561739340668
 21
7.057634257108588
 31
0.0
  0
ARC
  5
6D2
330
36
100
AcDbEntity
  8
0
  6
Continuous
 62
     7
370
    25
100
AcDbCircle
 10
553.1561739340668
 20
6.057634257108588
 30
0.0
 40
1.000000000000497
100
AcDbArc
 50
0.0000012521985252
 51
90.0
  0
LINE
  5
6D3
330
36
100
AcDbEntity
  8
0
  6
Continuous
 62
     7
370
    25
100
AcDbLine
 10
554.1561739340668
 20
-5.942365742891411
 30
0.0
 11
554.1561739340668
 21
6.057634279008652
 31
0.0
  0
ARC
  5
6D4
330
36
100
AcDbEntity
  8
0
  6
Continuous
 62
     7
370
    25
100
AcDbCircle
 10
553.1561739340668
 20
-5.942365742891411
 30
0.0
 40
0.9999999999996804
100
AcDbArc
 50
270.0
 51
0.0
  0
LINE
  5
6D5
330
36
100
AcDbEntity
  8
0
  6
Continuous
 62
     7
370
    25
100
AcDbLine
 10
541.1561739340668
 20
-6.942365742891411
 30
0.0
 11
553.1561739340668
 21
-6.942365742891411
 31
0.0
  0
ARC
  5
6D6
330
36
100
AcDbEntity
  8
0
  6
Continuous
 62
     7
370
    25
100
AcDbCircle
 10
541.1561739340668
 20
-5.942365742891411
 30
0.0
 40
1.000000000000738
100
AcDbArc
 50
179.9999987477982
 51
270.0
  0
LINE
  5
6D7
330
36
100
AcDbEntity
  8
0
  6
Continuous
 62
     7
370
    25
100
AcDbLine
 10
540.1561739340668
 20
6.057634257108588
 30
0.0
 11
540.1561739340668
 21
-5.942365720991347
 31
0.0
  0
ARC
  5
6D8
330
36
100
AcDbEntity
  8
0
  6
Continuous
 62
     7
370
    25
100
AcDbCircle
 10
541.1561739340668
 20
6.057634257108588
 30
0.0
 40
1.0
100
AcDbArc
 50
90.0
 51
180.0
  0
LINE
  5
6D9
330
36
100
AcDbEntity
  8
0
  6
Continuous
 62
     7
370
    25
100
AcDbLine
 10
515.0561678305676
 20
7.057634257108588
 30
0.0
 11
503.0561678305676
 21
7.057634257108588
 31
0.0
  0
ARC
  5
6DA
330
36
100
AcDbEntity
  8
0
  6
Continuous
 62
     7
370
    25
100
AcDbCircle
 10
515.0561678305676
 20
6.057634257108588
 30
0.0
 40
0.9999999999998934
100
AcDbArc
 50
0.0000012521985252
 51
90.0
  0
LINE
  5
6DB
330
36
100
AcDbEntity
  8
0
  6
Continuous
 62
     7
370
    25
100
AcDbLine
 10
516.0561678305676
 20
-5.942365742891411
 30
0.0
 11
516.0561678305676
 21
6.057634279008652
 31
0.0
  0
ARC
  5
6DC
330
36
100
AcDbEntity
  8
0
  6
Continuous
 62
     7
370
    25
100
AcDbCircle
 10
515.0561678305676
 20
-5.942365742891411
 30
0.0
 40
1.000000000000107
100
AcDbArc
 50
270.0
 51
0.0
  0
LINE
  5
6DD
330
36
100
AcDbEntity
  8
0
  6
Continuous
 62
     7
370
    25
100
AcDbLine
 10
503.0561678305676
 20
-6.942365742891411
 30
0.0
 11
515.0561678305676
 21
-6.942365742891411
 31
0.0
  0
ARC
  5
6DE
330
36
100
AcDbEntity
  8
0
  6
Continuous
 62
     7
370
    25
100
AcDbCircle
 10
503.0561678305676
 20
-5.942365742891411
 30
0.0
 40
1.000000000000504
100
AcDbArc
 50
179.9999987477982
 51
270.0
  0
LINE
  5
6DF
330
36
100
AcDbEntity
  8
0
  6
Continuous
 62
     7
370
    25
100
AcDbLine
 10
502.0561678305675
 20
6.057634257108588
 30
0.0
 11
502.0561678305675
 21
-5.942365720991347
 31
0.0
  0
ARC
  5
6E0
330
36
100
AcDbEntity
  8
0
  6
Continuous
 62
     7
370
    25
100
AcDbCircle
 10
503.0561678305676
 20
6.057634257108588
 30
0.0
 40
0.9999999999993391
100
AcDbArc
 50
90.0
 51
180.0
  0
LINE
  5
6E1
330
36
100
AcDbEntity
  8
0
  6
Continuous
 62
     7
370
    25
100
AcDbLine
 10
496.0061800375679
 20
7.057634257108588
 30
0.0
 11
484.0061800375679
 21
7.057634257108588
 31
0.0
  0
ARC
  5
6E2
330
36
100
AcDbEntity
  8
0
  6
Continuous
 62
     7
370
    25
100
AcDbCircle
 10
496.0061800375679
 20
6.057634257108588
 30
0.0
 40
1.00000000000029
100
AcDbArc
 50
0.0000012522994887
 51
90.0
  0
LINE
  5
6E3
330
36
100
AcDbEntity
  8
0
  6
Continuous
 62
     7
370
    25
100
AcDbLine
 10
497.0061800375678
 20
-5.942365742891411
 30
0.0
 11
497.0061800375678
 21
6.057634279008652
 31
0.0
  0
ARC
  5
6E4
330
36
100
AcDbEntity
  8
0
  6
Continuous
 62
     7
370
    25
100
AcDbCircle
 10
496.0061800375679
 20
-5.942365742891411
 30
0.0
 40
1.0
100
AcDbArc
 50
270.0
 51
0.0
  0
LINE
  5
6E5
330
36
100
AcDbEntity
  8
0
  6
Continuous
 62
     7
370
    25
100
AcDbLine
 10
484.0061800375679
 20
-6.942365742891411
 30
0.0
 11
496.0061800375679
 21
-6.942365742891411
 31
0.0
  0
ARC
  5
6E6
330
36
100
AcDbEntity
  8
0
  6
Continuous
 62
     7
370
    25
100
AcDbCircle
 10
484.0061800375679
 20
-5.942365742891411
 30
0.0
 40
1.000000000000205
100
AcDbArc
 50
179.9999987477982
 51
270.0
  0
LINE
  5
6E7
330
36
100
AcDbEntity
  8
0
  6
Continuous
 62
     7
370
    25
100
AcDbLine
 10
483.0061800375679
 20
6.057634257108588
 30
0.0
 11
483.0061800375679
 21
-5.942365720991347
 31
0.0
  0
ARC
  5
6E8
330
36
100
AcDbEntity
  8
0
  6
Continuous
 62
     7
370
    25
100
AcDbCircle
 10
484.0061800375679
 20
6.057634257108588
 30
0.0
 40
1.0
100
AcDbArc
 50
90.0
 51
180.0
  0
LINE
  5
6E9
330
36
100
AcDbEntity
  8
0
  6
Continuous
 62
     7
370
    25
100
AcDbLine
 10
476.9561922445664
 20
7.057634257108588
 30
0.0
 11
464.9561922445664
 21
7.057634257108588
 31
0.0
  0
ARC
  5
6EA
330
36
100
AcDbEntity
  8
0
  6
Continuous
 62
     7
370
    25
100
AcDbCircle
 10
476.9561922445664
 20
6.057634257108588
 30
0.0
 40
1.000000000001094
100
AcDbArc
 50
0.0000012522994887
 51
90.0
  0
LINE
  5
6EB
330
36
100
AcDbEntity
  8
0
  6
Continuous
 62
     7
370
    25
100
AcDbLine
 10
477.9561922445664
 20
-5.942365742891411
 30
0.0
 11
477.9561922445664
 21
6.057634279008652
 31
0.0
  0
ARC
  5
6EC
330
36
100
AcDbEntity
  8
0
  6
Continuous
 62
     7
370
    25
100
AcDbCircle
 10
476.9561922445664
 20
-5.942365742891411
 30
0.0
 40
1.000000000000994
100
AcDbArc
 50
270.0
 51
0.0
  0
LINE
  5
6ED
330
36
100
AcDbEntity
  8
0
  6
Continuous
 62
     7
370
    25
100
AcDbLine
 10
464.9561922445664
 20
-6.942365742891411
 30
0.0
 11
476.9561922445664
 21
-6.942365742891411
 31
0.0
  0
ARC
  5
6EE
330
36
100
AcDbEntity
  8
0
  6
Continuous
 62
     7
370
    25
100
AcDbCircle
 10
464.9561922445664
 20
-5.942365742891411
 30
0.0
 40
0.9999999999999003
100
AcDbArc
 50
179.9999987477982
 51
270.0
  0
LINE
  5
6EF
330
36
100
AcDbEntity
  8
0
  6
Continuous
 62
     7
370
    25
100
AcDbLine
 10
463.9561922445664
 20
6.057634257108588
 30
0.0
 11
463.9561922445664
 21
-5.942365720991347
 31
0.0
  0
ARC
  5
6F0
330
36
100
AcDbEntity
  8
0
  6
Continuous
 62
     7
370
    25
100
AcDbCircle
 10
464.9561922445664
 20
6.057634257108588
 30
0.0
 40
0.9999999999988276
100
AcDbArc
 50
90.0
 51
180.0
  0
LINE
  5
6F1
330
36
100
AcDbEntity
  8
0
  6
Continuous
 62
     7
370
    25
100
AcDbLine
 10
357.8936769857664
 20
64.20762815360865
 30
0.0
 11
345.8936769857664
 21
64.20762815360865
 31
0.0
  0
ARC
  5
6F2
330
36
100
AcDbEntity
  8
0
  6
Continuous
 62
     7
370
    25
100
AcDbCircle
 10
357.8936769857664
 20
63.20762815360865
 30
0.0
 40
0.9999999999999857
100
AcDbArc
 50
0.0000012522994887
 51
90.0
  0
LINE
  5
6F3
330
36
100
AcDbEntity
  8
0
  6
Continuous
 62
     7
370
    25
100
AcDbLine
 10
358.8936769857664
 20
51.20762815360865
 30
0.0
 11
358.8936769857664
 21
63.20762817550861
 31
0.0
  0
ARC
  5
6F4
330
36
100
AcDbEntity
  8
0
  6
Continuous
 62
     7
370
    25
100
AcDbCircle
 10
357.8936769857664
 20
51.20762815360865
 30
0.0
 40
0.9999999999997442
100
AcDbArc
 50
270.0
 51
0.0
  0
LINE
  5
6F5
330
36
100
AcDbEntity
  8
0
  6
Continuous
 62
     7
370
    25
100
AcDbLine
 10
345.8936769857664
 20
50.20762815360865
 30
0.0
 11
357.8936769857664
 21
50.20762815360865
 31
0.0
  0
ARC
  5
6F6
330
36
100
AcDbEntity
  8
0
  6
Continuous
 62
     7
370
    25
100
AcDbCircle
 10
345.8936769857664
 20
51.20762815360865
 30
0.0
 40
1.000000000000497
100
AcDbArc
 50
179.9999987477982
 51
270.0
  0
LINE
  5
6F7
330
36
100
AcDbEntity
  8
0
  6
Continuous
 62
     7
370
    25
100
AcDbLine
 10
344.8936769857664
 20
63.20762815360865
 30
0.0
 11
344.8936769857664
 21
51.2076281755086
 31
0.0
  0
ARC
  5
6F8
330
36
100
AcDbEntity
  8
0
  6
Continuous
 62
     7
370
    25
100
AcDbCircle
 10
345.8936769857664
 20
63.20762815360865
 30
0.0
 40
1.000000000000228
100
AcDbArc
 50
90.0
 51
180.0
  0
LINE
  5
6F9
330
36
100
AcDbEntity
  8
0
  6
Continuous
 62
     7
370
    25
100
AcDbLine
 10
376.9436800375679
 20
64.20762815360865
 30
0.0
 11
364.9436800375679
 21
64.20762815360865
 31
0.0
  0
ARC
  5
6FA
330
36
100
AcDbEntity
  8
0
  6
Continuous
 62
     7
370
    25
100
AcDbCircle
 10
376.9436800375679
 20
63.20762815360865
 30
0.0
 40
1.0
100
AcDbArc
 50
0.0000012522994887
 51
90.0
  0
LINE
  5
6FB
330
36
100
AcDbEntity
  8
0
  6
Continuous
 62
     7
370
    25
100
AcDbLine
 10
377.9436800375679
 20
51.20762815360865
 30
0.0
 11
377.9436800375679
 21
63.20762817550861
 31
0.0
  0
ARC
  5
6FC
330
36
100
AcDbEntity
  8
0
  6
Continuous
 62
     7
370
    25
100
AcDbCircle
 10
376.9436800375679
 20
51.20762815360865
 30
0.0
 40
0.9999999999997442
100
AcDbArc
 50
270.0
 51
0.0
  0
LINE
  5
6FD
330
36
100
AcDbEntity
  8
0
  6
Continuous
 62
     7
370
    25
100
AcDbLine
 10
364.9436800375679
 20
50.20762815360865
 30
0.0
 11
376.9436800375679
 21
50.20762815360865
 31
0.0
  0
ARC
  5
6FE
330
36
100
AcDbEntity
  8
0
  6
Continuous
 62
     7
370
    25
100
AcDbCircle
 10
364.9436800375679
 20
51.20762815360865
 30
0.0
 40
1.000000000000217
100
AcDbArc
 50
179.9999987477982
 51
270.0
  0
LINE
  5
6FF
330
36
100
AcDbEntity
  8
0
  6
Continuous
 62
     7
370
    25
100
AcDbLine
 10
363.9436800375679
 20
63.20762815360865
 30
0.0
 11
363.9436800375679
 21
51.2076281755086
 31
0.0
  0
ARC
  5
700
330
36
100
AcDbEntity
  8
0
  6
Continuous
 62
     7
370
    25
100
AcDbCircle
 10
364.9436800375679
 20
63.20762815360865
 30
0.0
 40
0.9999999999996907
100
AcDbArc
 50
90.0
 51
180.0
  0
LINE
  5
701
330
36
100
AcDbEntity
  8
0
  6
Continuous
 62
     7
370
    25
100
AcDbLine
 10
415.0436861410671
 20
64.20762815360865
 30
0.0
 11
403.0436861410671
 21
64.20762815360865
 31
0.0
  0
ARC
  5
702
330
36
100
AcDbEntity
  8
0
  6
Continuous
 62
     7
370
    25
100
AcDbCircle
 10
415.0436861410671
 20
63.20762815360865
 30
0.0
 40
1.0
100
AcDbArc
 50
0.0000012522994887
 51
90.0
  0
LINE
  5
703
330
36
100
AcDbEntity
  8
0
  6
Continuous
 62
     7
370
    25
100
AcDbLine
 10
416.0436861410671
 20
51.20762815360865
 30
0.0
 11
416.0436861410671
 21
63.20762817550861
 31
0.0
  0
ARC
  5
704
330
36
100
AcDbEntity
  8
0
  6
Continuous
 62
     7
370
    25
100
AcDbCircle
 10
415.0436861410671
 20
51.20762815360865
 30
0.0
 40
0.9999999999997442
100
AcDbArc
 50
270.0
 51
0.0
  0
LINE
  5
705
330
36
100
AcDbEntity
  8
0
  6
Continuous
 62
     7
370
    25
100
AcDbLine
 10
403.0436861410671
 20
50.20762815360865
 30
0.0
 11
415.0436861410671
 21
50.20762815360865
 31
0.0
  0
ARC
  5
706
330
36
100
AcDbEntity
  8
0
  6
Continuous
 62
     7
370
    25
100
AcDbCircle
 10
403.0436861410671
 20
51.20762815360865
 30
0.0
 40
1.000000000000845
100
AcDbArc
 50
179.9999987477982
 51
270.0
  0
LINE
  5
707
330
36
100
AcDbEntity
  8
0
  6
Continuous
 62
     7
370
    25
100
AcDbLine
 10
402.0436861410671
 20
63.20762815360865
 30
0.0
 11
402.0436861410671
 21
51.2076281755086
 31
0.0
  0
ARC
  5
708
330
36
100
AcDbEntity
  8
0
  6
Continuous
 62
     7
370
    25
100
AcDbCircle
 10
403.0436861410671
 20
63.20762815360865
 30
0.0
 40
1.000000000000475
100
AcDbArc
 50
90.0
 51
180.0
  0
LINE
  5
709
330
36
100
AcDbEntity
  8
0
  6
Continuous
 62
     7
370
    25
100
AcDbLine
 10
434.0936739340668
 20
64.20762815360865
 30
0.0
 11
422.0936739340668
 21
64.20762815360865
 31
0.0
  0
ARC
  5
70A
330
36
100
AcDbEntity
  8
0
  6
Continuous
 62
     7
370
    25
100
AcDbCircle
 10
434.0936739340668
 20
63.20762815360865
 30
0.0
 40
1.00000000000098
100
AcDbArc
 50
0.0000012522994887
 51
90.0
  0
LINE
  5
70B
330
36
100
AcDbEntity
  8
0
  6
Continuous
 62
     7
370
    25
100
AcDbLine
 10
435.0936739340668
 20
51.20762815360865
 30
0.0
 11
435.0936739340668
 21
63.20762817550861
 31
0.0
  0
ARC
  5
70C
330
36
100
AcDbEntity
  8
0
  6
Continuous
 62
     7
370
    25
100
AcDbCircle
 10
434.0936739340668
 20
51.20762815360865
 30
0.0
 40
1.000000000000213
100
AcDbArc
 50
270.0
 51
0.0
  0
LINE
  5
70D
330
36
100
AcDbEntity
  8
0
  6
Continuous
 62
     7
370
    25
100
AcDbLine
 10
422.0936739340668
 20
50.20762815360865
 30
0.0
 11
434.0936739340668
 21
50.20762815360865
 31
0.0
  0
ARC
  5
70E
330
36
100
AcDbEntity
  8
0
  6
Continuous
 62
     7
370
    25
100
AcDbCircle
 10
422.0936739340668
 20
51.20762815360865
 30
0.0
 40
1.000000000000497
100
AcDbArc
 50
179.9999987477982
 51
270.0
  0
LINE
  5
70F
330
36
100
AcDbEntity
  8
0
  6
Continuous
 62
     7
370
    25
100
AcDbLine
 10
421.0936739340668
 20
63.20762815360865
 30
0.0
 11
421.0936739340668
 21
51.2076281755086
 31
0.0
  0
ARC
  5
710
330
36
100
AcDbEntity
  8
0
  6
Continuous
 62
     7
370
    25
100
AcDbCircle
 10
422.0936739340668
 20
63.20762815360865
 30
0.0
 40
0.9999999999996873
100
AcDbArc
 50
90.0
 51
180.0
  0
LINE
  5
711
330
36
100
AcDbEntity
  8
0
  6
Continuous
 62
     7
370
    25
100
AcDbLine
 10
453.1436922445664
 20
64.20762815360865
 30
0.0
 11
441.1436922445663
 21
64.20762815360865
 31
0.0
  0
ARC
  5
712
330
36
100
AcDbEntity
  8
0
  6
Continuous
 62
     7
370
    25
100
AcDbCircle
 10
453.1436922445664
 20
63.20762815360865
 30
0.0
 40
1.0
100
AcDbArc
 50
0.0000012522994887
 51
90.0
  0
LINE
  5
713
330
36
100
AcDbEntity
  8
0
  6
Continuous
 62
     7
370
    25
100
AcDbLine
 10
454.1436922445663
 20
51.20762815360865
 30
0.0
 11
454.1436922445663
 21
63.20762817550861
 31
0.0
  0
ARC
  5
714
330
36
100
AcDbEntity
  8
0
  6
Continuous
 62
     7
370
    25
100
AcDbCircle
 10
453.1436922445664
 20
51.20762815360865
 30
0.0
 40
0.9999999999997442
100
AcDbArc
 50
270.0
 51
0.0
  0
LINE
  5
715
330
36
100
AcDbEntity
  8
0
  6
Continuous
 62
     7
370
    25
100
AcDbLine
 10
441.1436922445663
 20
50.20762815360865
 30
0.0
 11
453.1436922445664
 21
50.20762815360865
 31
0.0
  0
ARC
  5
716
330
36
100
AcDbEntity
  8
0
  6
Continuous
 62
     7
370
    25
100
AcDbCircle
 10
441.1436922445663
 20
51.20762815360865
 30
0.0
 40
1.000000000000569
100
AcDbArc
 50
179.9999987477982
 51
270.0
  0
LINE
  5
717
330
36
100
AcDbEntity
  8
0
  6
Continuous
 62
     7
370
    25
100
AcDbLine
 10
440.1436922445664
 20
63.20762815360865
 30
0.0
 11
440.1436922445664
 21
51.2076281755086
 31
0.0
  0
ARC
  5
718
330
36
100
AcDbEntity
  8
0
  6
Continuous
 62
     7
370
    25
100
AcDbCircle
 10
441.1436922445663
 20
63.20762815360865
 30
0.0
 40
0.9999999999997442
100
AcDbArc
 50
90.0
 51
180.0
  0
LINE
  5
719
330
36
100
AcDbEntity
  8
0
  6
Continuous
 62
     7
370
    25
100
AcDbLine
 10
472.1936800375678
 20
64.20762815360865
 30
0.0
 11
460.1936800375678
 21
64.20762815360865
 31
0.0
  0
ARC
  5
71A
330
36
100
AcDbEntity
  8
0
  6
Continuous
 62
     7
370
    25
100
AcDbCircle
 10
472.1936800375678
 20
63.20762815360865
 30
0.0
 40
0.9999999999999857
100
AcDbArc
 50
0.0000012522994887
 51
90.0
  0
LINE
  5
71B
330
36
100
AcDbEntity
  8
0
  6
Continuous
 62
     7
370
    25
100
AcDbLine
 10
473.1936800375678
 20
51.20762815360865
 30
0.0
 11
473.1936800375678
 21
63.20762817550861
 31
0.0
  0
ARC
  5
71C
330
36
100
AcDbEntity
  8
0
  6
Continuous
 62
     7
370
    25
100
AcDbCircle
 10
472.1936800375678
 20
51.20762815360865
 30
0.0
 40
0.9999999999994457
100
AcDbArc
 50
270.0
 51
0.0
  0
LINE
  5
71D
330
36
100
AcDbEntity
  8
0
  6
Continuous
 62
     7
370
    25
100
AcDbLine
 10
460.1936800375678
 20
50.20762815360865
 30
0.0
 11
472.1936800375678
 21
50.20762815360865
 31
0.0
  0
ARC
  5
71E
330
36
100
AcDbEntity
  8
0
  6
Continuous
 62
     7
370
    25
100
AcDbCircle
 10
460.1936800375678
 20
51.20762815360865
 30
0.0
 40
1.000000000000199
100
AcDbArc
 50
179.9999987477982
 51
270.0
  0
LINE
  5
71F
330
36
100
AcDbEntity
  8
0
  6
Continuous
 62
     7
370
    25
100
AcDbLine
 10
459.1936800375679
 20
63.20762815360865
 30
0.0
 11
459.1936800375679
 21
51.2076281755086
 31
0.0
  0
ARC
  5
720
330
36
100
AcDbEntity
  8
0
  6
Continuous
 62
     7
370
    25
100
AcDbCircle
 10
460.1936800375678
 20
63.20762815360865
 30
0.0
 40
1.000000000000113
100
AcDbArc
 50
90.0
 51
180.0
  0
LINE
  5
721
330
36
100
AcDbEntity
  8
0
  6
Continuous
 62
     7
370
    25
100
AcDbLine
 10
362.6561739340668
 20
45.15764036070862
 30
0.0
 11
350.6561739340668
 21
45.15764036070862
 31
0.0
  0
ARC
  5
722
330
36
100
AcDbEntity
  8
0
  6
Continuous
 62
     7
370
    25
100
AcDbCircle
 10
362.6561739340668
 20
44.15764036070862
 30
0.0
 40
0.9999999999997337
100
AcDbArc
 50
0.0000012521985252
 51
90.0
  0
LINE
  5
723
330
36
100
AcDbEntity
  8
0
  6
Continuous
 62
     7
370
    25
100
AcDbLine
 10
363.6561739340668
 20
32.15764036070863
 30
0.0
 11
363.6561739340668
 21
44.15764038250864
 31
0.0
  0
ARC
  5
724
330
36
100
AcDbEntity
  8
0
  6
Continuous
 62
     7
370
    25
100
AcDbCircle
 10
362.6561739340668
 20
32.15764036070863
 30
0.0
 40
1.000000000000227
100
AcDbArc
 50
270.0
 51
0.0
  0
LINE
  5
725
330
36
100
AcDbEntity
  8
0
  6
Continuous
 62
     7
370
    25
100
AcDbLine
 10
350.6561739340668
 20
31.15764036070863
 30
0.0
 11
362.6561739340668
 21
31.15764036070863
 31
0.0
  0
ARC
  5
726
330
36
100
AcDbEntity
  8
0
  6
Continuous
 62
     7
370
    25
100
AcDbCircle
 10
350.6561739340668
 20
32.15764036070863
 30
0.0
 40
0.9999999999996164
100
AcDbArc
 50
179.9999987477982
 51
270.0
  0
LINE
  5
727
330
36
100
AcDbEntity
  8
0
  6
Continuous
 62
     7
370
    25
100
AcDbLine
 10
349.6561739340668
 20
44.15764036070862
 30
0.0
 11
349.6561739340668
 21
32.15764038250865
 31
0.0
  0
ARC
  5
728
330
36
100
AcDbEntity
  8
0
  6
Continuous
 62
     7
370
    25
100
AcDbCircle
 10
350.6561739340668
 20
44.15764036070862
 30
0.0
 40
0.9999999999997122
100
AcDbArc
 50
90.0
 51
180.0
  0
LINE
  5
729
330
36
100
AcDbEntity
  8
0
  6
Continuous
 62
     7
370
    25
100
AcDbLine
 10
386.4686739340669
 20
45.15764036070862
 30
0.0
 11
374.4686739340668
 21
45.15764036070862
 31
0.0
  0
ARC
  5
72A
330
36
100
AcDbEntity
  8
0
  6
Continuous
 62
     7
370
    25
100
AcDbCircle
 10
386.4686739340669
 20
44.15764036070862
 30
0.0
 40
0.9999999999996875
100
AcDbArc
 50
0.0000012521985252
 51
90.0
  0
LINE
  5
72B
330
36
100
AcDbEntity
  8
0
  6
Continuous
 62
     7
370
    25
100
AcDbLine
 10
387.4686739340668
 20
32.15764036070863
 30
0.0
 11
387.4686739340668
 21
44.15764038250864
 31
0.0
  0
ARC
  5
72C
330
36
100
AcDbEntity
  8
0
  6
Continuous
 62
     7
370
    25
100
AcDbCircle
 10
386.4686739340669
 20
32.15764036070863
 30
0.0
 40
1.000000000000085
100
AcDbArc
 50
270.0
 51
0.0
  0
LINE
  5
72D
330
36
100
AcDbEntity
  8
0
  6
Continuous
 62
     7
370
    25
100
AcDbLine
 10
374.4686739340668
 20
31.15764036070863
 30
0.0
 11
386.4686739340669
 21
31.15764036070863
 31
0.0
  0
ARC
  5
72E
330
36
100
AcDbEntity
  8
0
  6
Continuous
 62
     7
370
    25
100
AcDbCircle
 10
374.4686739340668
 20
32.15764036070863
 30
0.0
 40
0.9999999999996164
100
AcDbArc
 50
179.9999987477982
 51
270.0
  0
LINE
  5
72F
330
36
100
AcDbEntity
  8
0
  6
Continuous
 62
     7
370
    25
100
AcDbLine
 10
373.4686739340668
 20
44.15764036070862
 30
0.0
 11
373.4686739340668
 21
32.15764038250865
 31
0.0
  0
ARC
  5
730
330
36
100
AcDbEntity
  8
0
  6
Continuous
 62
     7
370
    25
100
AcDbCircle
 10
374.4686739340668
 20
44.15764036070862
 30
0.0
 40
0.9999999999996873
100
AcDbArc
 50
90.0
 51
180.0
  0
LINE
  5
731
330
36
100
AcDbEntity
  8
0
  6
Continuous
 62
     7
370
    25
100
AcDbLine
 10
405.5186922445663
 20
45.15764036070862
 30
0.0
 11
393.5186922445664
 21
45.15764036070862
 31
0.0
  0
ARC
  5
732
330
36
100
AcDbEntity
  8
0
  6
Continuous
 62
     7
370
    25
100
AcDbCircle
 10
405.5186922445663
 20
44.15764036070862
 30
0.0
 40
0.9999999999997585
100
AcDbArc
 50
0.0000012521985252
 51
90.0
  0
LINE
  5
733
330
36
100
AcDbEntity
  8
0
  6
Continuous
 62
     7
370
    25
100
AcDbLine
 10
406.5186922445664
 20
32.15764036070863
 30
0.0
 11
406.5186922445664
 21
44.15764038250864
 31
0.0
  0
ARC
  5
734
330
36
100
AcDbEntity
  8
0
  6
Continuous
 62
     7
370
    25
100
AcDbCircle
 10
405.5186922445663
 20
32.15764036070863
 30
0.0
 40
1.000000000000242
100
AcDbArc
 50
270.0
 51
0.0
  0
LINE
  5
735
330
36
100
AcDbEntity
  8
0
  6
Continuous
 62
     7
370
    25
100
AcDbLine
 10
393.5186922445664
 20
31.15764036070863
 30
0.0
 11
405.5186922445663
 21
31.15764036070863
 31
0.0
  0
ARC
  5
736
330
36
100
AcDbEntity
  8
0
  6
Continuous
 62
     7
370
    25
100
AcDbCircle
 10
393.5186922445664
 20
32.15764036070863
 30
0.0
 40
0.9999999999997015
100
AcDbArc
 50
179.9999987477005
 51
270.0
  0
LINE
  5
737
330
36
100
AcDbEntity
  8
0
  6
Continuous
 62
     7
370
    25
100
AcDbLine
 10
392.5186922445664
 20
44.15764036070862
 30
0.0
 11
392.5186922445664
 21
32.15764038250865
 31
0.0
  0
ARC
  5
738
330
36
100
AcDbEntity
  8
0
  6
Continuous
 62
     7
370
    25
100
AcDbCircle
 10
393.5186922445664
 20
44.15764036070862
 30
0.0
 40
0.9999999999996942
100
AcDbArc
 50
90.0
 51
180.0
  0
LINE
  5
739
330
36
100
AcDbEntity
  8
0
  6
Continuous
 62
     7
370
    25
100
AcDbLine
 10
424.5686800375678
 20
45.15764036070862
 30
0.0
 11
412.5686800375679
 21
45.15764036070862
 31
0.0
  0
ARC
  5
73A
330
36
100
AcDbEntity
  8
0
  6
Continuous
 62
     7
370
    25
100
AcDbCircle
 10
424.5686800375678
 20
44.15764036070862
 30
0.0
 40
1.0
100
AcDbArc
 50
0.0000012521985252
 51
90.0
  0
LINE
  5
73B
330
36
100
AcDbEntity
  8
0
  6
Continuous
 62
     7
370
    25
100
AcDbLine
 10
425.5686800375679
 20
32.15764036070863
 30
0.0
 11
425.5686800375679
 21
44.15764038250864
 31
0.0
  0
ARC
  5
73C
330
36
100
AcDbEntity
  8
0
  6
Continuous
 62
     7
370
    25
100
AcDbCircle
 10
424.5686800375678
 20
32.15764036070863
 30
0.0
 40
0.9999999999997015
100
AcDbArc
 50
270.0
 51
0.0
  0
LINE
  5
73D
330
36
100
AcDbEntity
  8
0
  6
Continuous
 62
     7
370
    25
100
AcDbLine
 10
412.5686800375679
 20
31.15764036070863
 30
0.0
 11
424.5686800375678
 21
31.15764036070863
 31
0.0
  0
ARC
  5
73E
330
36
100
AcDbEntity
  8
0
  6
Continuous
 62
     7
370
    25
100
AcDbCircle
 10
412.5686800375679
 20
32.15764036070863
 30
0.0
 40
1.000000000000213
100
AcDbArc
 50
179.9999987477982
 51
270.0
  0
LINE
  5
73F
330
36
100
AcDbEntity
  8
0
  6
Continuous
 62
     7
370
    25
100
AcDbLine
 10
411.5686800375678
 20
44.15764036070862
 30
0.0
 11
411.5686800375678
 21
32.15764038250865
 31
0.0
  0
ARC
  5
740
330
36
100
AcDbEntity
  8
0
  6
Continuous
 62
     7
370
    25
100
AcDbCircle
 10
412.5686800375679
 20
44.15764036070862
 30
0.0
 40
1.000000000000227
100
AcDbArc
 50
90.0
 51
180.0
  0
LINE
  5
741
330
36
100
AcDbEntity
  8
0
  6
Continuous
 62
     7
370
    25
100
AcDbLine
 10
443.6186678305675
 20
45.15764036070862
 30
0.0
 11
431.6186678305675
 21
45.15764036070862
 31
0.0
  0
ARC
  5
742
330
36
100
AcDbEntity
  8
0
  6
Continuous
 62
     7
370
    25
100
AcDbCircle
 10
443.6186678305675
 20
44.15764036070862
 30
0.0
 40
0.9999999999997728
100
AcDbArc
 50
0.0000012521985252
 51
90.0
  0
LINE
  5
743
330
36
100
AcDbEntity
  8
0
  6
Continuous
 62
     7
370
    25
100
AcDbLine
 10
444.6186678305675
 20
32.15764036070863
 30
0.0
 11
444.6186678305675
 21
44.15764038250864
 31
0.0
  0
ARC
  5
744
330
36
100
AcDbEntity
  8
0
  6
Continuous
 62
     7
370
    25
100
AcDbCircle
 10
443.6186678305675
 20
32.15764036070863
 30
0.0
 40
1.000000000001022
100
AcDbArc
 50
270.0
 51
0.0
  0
LINE
  5
745
330
36
100
AcDbEntity
  8
0
  6
Continuous
 62
     7
370
    25
100
AcDbLine
 10
431.6186678305675
 20
31.15764036070863
 30
0.0
 11
443.6186678305675
 21
31.15764036070863
 31
0.0
  0
ARC
  5
746
330
36
100
AcDbEntity
  8
0
  6
Continuous
 62
     7
370
    25
100
AcDbCircle
 10
431.6186678305675
 20
32.15764036070863
 30
0.0
 40
0.9999999999996164
100
AcDbArc
 50
179.9999987477982
 51
270.0
  0
LINE
  5
747
330
36
100
AcDbEntity
  8
0
  6
Continuous
 62
     7
370
    25
100
AcDbLine
 10
430.6186678305675
 20
44.15764036070862
 30
0.0
 11
430.6186678305675
 21
32.15764038250865
 31
0.0
  0
ARC
  5
748
330
36
100
AcDbEntity
  8
0
  6
Continuous
 62
     7
370
    25
100
AcDbCircle
 10
431.6186678305675
 20
44.15764036070862
 30
0.0
 40
0.9999999999996873
100
AcDbArc
 50
90.0
 51
180.0
  0
LINE
  5
749
330
36
100
AcDbEntity
  8
0
  6
Continuous
 62
     7
370
    25
100
AcDbLine
 10
462.6686861410671
 20
45.15764036070862
 30
0.0
 11
450.6686861410671
 21
45.15764036070862
 31
0.0
  0
ARC
  5
74A
330
36
100
AcDbEntity
  8
0
  6
Continuous
 62
     7
370
    25
100
AcDbCircle
 10
462.6686861410671
 20
44.15764036070862
 30
0.0
 40
0.9999999999997585
100
AcDbArc
 50
0.0000012521985252
 51
90.0
  0
LINE
  5
74B
330
36
100
AcDbEntity
  8
0
  6
Continuous
 62
     7
370
    25
100
AcDbLine
 10
463.6686861410671
 20
32.15764036070863
 30
0.0
 11
463.6686861410671
 21
44.15764038250864
 31
0.0
  0
ARC
  5
74C
330
36
100
AcDbEntity
  8
0
  6
Continuous
 62
     7
370
    25
100
AcDbCircle
 10
462.6686861410671
 20
32.15764036070863
 30
0.0
 40
1.000000000000227
100
AcDbArc
 50
270.0
 51
0.0
  0
LINE
  5
74D
330
36
100
AcDbEntity
  8
0
  6
Continuous
 62
     7
370
    25
100
AcDbLine
 10
450.6686861410671
 20
31.15764036070863
 30
0.0
 11
462.6686861410671
 21
31.15764036070863
 31
0.0
  0
ARC
  5
74E
330
36
100
AcDbEntity
  8
0
  6
Continuous
 62
     7
370
    25
100
AcDbCircle
 10
450.6686861410671
 20
32.15764036070863
 30
0.0
 40
0.9999999999996164
100
AcDbArc
 50
179.9999987477982
 51
270.0
  0
LINE
  5
74F
330
36
100
AcDbEntity
  8
0
  6
Continuous
 62
     7
370
    25
100
AcDbLine
 10
449.6686861410672
 20
44.15764036070862
 30
0.0
 11
449.6686861410672
 21
32.15764038250865
 31
0.0
  0
ARC
  5
750
330
36
100
AcDbEntity
  8
0
  6
Continuous
 62
     7
370
    25
100
AcDbCircle
 10
450.6686861410671
 20
44.15764036070862
 30
0.0
 40
0.9999999999996873
100
AcDbArc
 50
90.0
 51
180.0
  0
LINE
  5
751
330
36
100
AcDbEntity
  8
0
  6
Continuous
 62
     7
370
    25
100
AcDbLine
 10
391.2311861410671
 20
26.1076220501086
 30
0.0
 11
379.2311861410671
 21
26.1076220501086
 31
0.0
  0
ARC
  5
752
330
36
100
AcDbEntity
  8
0
  6
Continuous
 62
     7
370
    25
100
AcDbCircle
 10
391.2311861410671
 20
25.1076220501086
 30
0.0
 40
1.0
100
AcDbArc
 50
0.0000012522994887
 51
90.0
  0
LINE
  5
753
330
36
100
AcDbEntity
  8
0
  6
Continuous
 62
     7
370
    25
100
AcDbLine
 10
392.2311861410672
 20
13.1076220501086
 30
0.0
 11
392.2311861410672
 21
25.10762207200867
 31
0.0
  0
ARC
  5
754
330
36
100
AcDbEntity
  8
0
  6
Continuous
 62
     7
370
    25
100
AcDbCircle
 10
391.2311861410671
 20
13.1076220501086
 30
0.0
 40
0.9999999999997372
100
AcDbArc
 50
270.0
 51
0.0
  0
LINE
  5
755
330
36
100
AcDbEntity
  8
0
  6
Continuous
 62
     7
370
    25
100
AcDbLine
 10
379.2311861410671
 20
12.1076220501086
 30
0.0
 11
391.2311861410671
 21
12.1076220501086
 31
0.0
  0
ARC
  5
756
330
36
100
AcDbEntity
  8
0
  6
Continuous
 62
     7
370
    25
100
AcDbCircle
 10
379.2311861410671
 20
13.1076220501086
 30
0.0
 40
1.000000000000007
100
AcDbArc
 50
179.9999987477982
 51
270.0
  0
LINE
  5
757
330
36
100
AcDbEntity
  8
0
  6
Continuous
 62
     7
370
    25
100
AcDbLine
 10
378.2311861410672
 20
25.1076220501086
 30
0.0
 11
378.2311861410672
 21
13.10762207200866
 31
0.0
  0
ARC
  5
758
330
36
100
AcDbEntity
  8
0
  6
Continuous
 62
     7
370
    25
100
AcDbCircle
 10
379.2311861410671
 20
25.1076220501086
 30
0.0
 40
1.00000000000027
100
AcDbArc
 50
90.0
 51
180.0
  0
LINE
  5
759
330
36
100
AcDbEntity
  8
0
  6
Continuous
 62
     7
370
    25
100
AcDbLine
 10
410.2811891928667
 20
26.1076220501086
 30
0.0
 11
398.2811891928668
 21
26.1076220501086
 31
0.0
  0
ARC
  5
75A
330
36
100
AcDbEntity
  8
0
  6
Continuous
 62
     7
370
    25
100
AcDbCircle
 10
410.2811891928667
 20
25.1076220501086
 30
0.0
 40
1.0
100
AcDbArc
 50
0.0000012522994887
 51
90.0
  0
LINE
  5
75B
330
36
100
AcDbEntity
  8
0
  6
Continuous
 62
     7
370
    25
100
AcDbLine
 10
411.2811891928668
 20
13.1076220501086
 30
0.0
 11
411.2811891928668
 21
25.10762207200867
 31
0.0
  0
ARC
  5
75C
330
36
100
AcDbEntity
  8
0
  6
Continuous
 62
     7
370
    25
100
AcDbCircle
 10
410.2811891928667
 20
13.1076220501086
 30
0.0
 40
0.9999999999997372
100
AcDbArc
 50
270.0
 51
0.0
  0
LINE
  5
75D
330
36
100
AcDbEntity
  8
0
  6
Continuous
 62
     7
370
    25
100
AcDbLine
 10
398.2811891928668
 20
12.1076220501086
 30
0.0
 11
410.2811891928667
 21
12.1076220501086
 31
0.0
  0
ARC
  5
75E
330
36
100
AcDbEntity
  8
0
  6
Continuous
 62
     7
370
    25
100
AcDbCircle
 10
398.2811891928668
 20
13.1076220501086
 30
0.0
 40
1.000000000000007
100
AcDbArc
 50
179.9999987477982
 51
270.0
  0
LINE
  5
75F
330
36
100
AcDbEntity
  8
0
  6
Continuous
 62
     7
370
    25
100
AcDbLine
 10
397.2811891928668
 20
25.1076220501086
 30
0.0
 11
397.2811891928668
 21
13.10762207200866
 31
0.0
  0
ARC
  5
760
330
36
100
AcDbEntity
  8
0
  6
Continuous
 62
     7
370
    25
100
AcDbCircle
 10
398.2811891928668
 20
25.1076220501086
 30
0.0
 40
1.00000000000027
100
AcDbArc
 50
90.0
 51
180.0
  0
LINE
  5
761
330
36
100
AcDbEntity
  8
0
  6
Continuous
 62
     7
370
    25
100
AcDbLine
 10
467.4311678305675
 20
26.1076220501086
 30
0.0
 11
455.4311678305675
 21
26.1076220501086
 31
0.0
  0
ARC
  5
762
330
36
100
AcDbEntity
  8
0
  6
Continuous
 62
     7
370
    25
100
AcDbCircle
 10
467.4311678305675
 20
25.1076220501086
 30
0.0
 40
0.9999999999997585
100
AcDbArc
 50
0.0000012521985252
 51
90.0
  0
LINE
  5
763
330
36
100
AcDbEntity
  8
0
  6
Continuous
 62
     7
370
    25
100
AcDbLine
 10
468.4311678305675
 20
13.1076220501086
 30
0.0
 11
468.4311678305675
 21
25.10762207200867
 31
0.0
  0
ARC
  5
764
330
36
100
AcDbEntity
  8
0
  6
Continuous
 62
     7
370
    25
100
AcDbCircle
 10
467.4311678305675
 20
13.1076220501086
 30
0.0
 40
1.000000000000277
100
AcDbArc
 50
270.0
 51
0.0
  0
LINE
  5
765
330
36
100
AcDbEntity
  8
0
  6
Continuous
 62
     7
370
    25
100
AcDbLine
 10
455.4311678305675
 20
12.1076220501086
 30
0.0
 11
467.4311678305675
 21
12.1076220501086
 31
0.0
  0
ARC
  5
766
330
36
100
AcDbEntity
  8
0
  6
Continuous
 62
     7
370
    25
100
AcDbCircle
 10
455.4311678305675
 20
13.1076220501086
 30
0.0
 40
0.9999999999997728
100
AcDbArc
 50
179.9999987477005
 51
270.0
  0
LINE
  5
767
330
36
100
AcDbEntity
  8
0
  6
Continuous
 62
     7
370
    25
100
AcDbLine
 10
454.4311678305676
 20
25.1076220501086
 30
0.0
 11
454.4311678305676
 21
13.10762207200866
 31
0.0
  0
ARC
  5
768
330
36
100
AcDbEntity
  8
0
  6
Continuous
 62
     7
370
    25
100
AcDbCircle
 10
455.4311678305675
 20
25.1076220501086
 30
0.0
 40
0.9999999999999003
100
AcDbArc
 50
90.0
 51
180.0
  0
LINE
  5
769
330
36
100
AcDbEntity
  8
0
  6
Continuous
 62
     7
370
    25
100
AcDbLine
 10
448.3811800375678
 20
26.1076220501086
 30
0.0
 11
436.3811800375678
 21
26.1076220501086
 31
0.0
  0
ARC
  5
76A
330
36
100
AcDbEntity
  8
0
  6
Continuous
 62
     7
370
    25
100
AcDbCircle
 10
448.3811800375678
 20
25.1076220501086
 30
0.0
 40
1.0
100
AcDbArc
 50
0.0000012522994887
 51
90.0
  0
LINE
  5
76B
330
36
100
AcDbEntity
  8
0
  6
Continuous
 62
     7
370
    25
100
AcDbLine
 10
449.3811800375679
 20
13.1076220501086
 30
0.0
 11
449.3811800375679
 21
25.10762207200867
 31
0.0
  0
ARC
  5
76C
330
36
100
AcDbEntity
  8
0
  6
Continuous
 62
     7
370
    25
100
AcDbCircle
 10
448.3811800375678
 20
13.1076220501086
 30
0.0
 40
1.0
100
AcDbArc
 50
270.0
 51
0.0
  0
LINE
  5
76D
330
36
100
AcDbEntity
  8
0
  6
Continuous
 62
     7
370
    25
100
AcDbLine
 10
436.3811800375678
 20
12.1076220501086
 30
0.0
 11
448.3811800375678
 21
12.1076220501086
 31
0.0
  0
ARC
  5
76E
330
36
100
AcDbEntity
  8
0
  6
Continuous
 62
     7
370
    25
100
AcDbCircle
 10
436.3811800375678
 20
13.1076220501086
 30
0.0
 40
1.000000000000007
100
AcDbArc
 50
179.9999987477982
 51
270.0
  0
LINE
  5
76F
330
36
100
AcDbEntity
  8
0
  6
Continuous
 62
     7
370
    25
100
AcDbLine
 10
435.3811800375678
 20
25.1076220501086
 30
0.0
 11
435.3811800375678
 21
13.10762207200866
 31
0.0
  0
ARC
  5
770
330
36
100
AcDbEntity
  8
0
  6
Continuous
 62
     7
370
    25
100
AcDbCircle
 10
436.3811800375678
 20
25.1076220501086
 30
0.0
 40
1.00000000000027
100
AcDbArc
 50
90.0
 51
180.0
  0
LINE
  5
771
330
36
100
AcDbEntity
  8
0
  6
Continuous
 62
     7
370
    25
100
AcDbLine
 10
382.9936678305676
 20
87.02012815360864
 30
0.0
 11
382.9936678305676
 21
75.0201281755086
 31
0.0
  0
ARC
  5
772
330
36
100
AcDbEntity
  8
0
  6
Continuous
 62
     7
370
    25
100
AcDbCircle
 10
383.9936678305676
 20
87.02012815360864
 30
0.0
 40
1.000000000000027
100
AcDbArc
 50
90.0
 51
180.0
  0
LINE
  5
773
330
36
100
AcDbEntity
  8
0
  6
Continuous
 62
     7
370
    25
100
AcDbLine
 10
395.9936678305676
 20
88.02012815360866
 30
0.0
 11
383.9936678305676
 21
88.02012815360866
 31
0.0
  0
ARC
  5
774
330
36
100
AcDbEntity
  8
0
  6
Continuous
 62
     7
370
    25
100
AcDbCircle
 10
395.9936678305676
 20
87.02012815360864
 30
0.0
 40
1.000000000001022
100
AcDbArc
 50
0.0000012522994887
 51
90.0
  0
LINE
  5
775
330
36
100
AcDbEntity
  8
0
  6
Continuous
 62
     7
370
    25
100
AcDbLine
 10
396.9936678305676
 20
75.02012815360865
 30
0.0
 11
396.9936678305676
 21
87.0201281755086
 31
0.0
  0
ARC
  5
776
330
36
100
AcDbEntity
  8
0
  6
Continuous
 62
     7
370
    25
100
AcDbCircle
 10
395.9936678305676
 20
75.02012815360865
 30
0.0
 40
0.9999999999998864
100
AcDbArc
 50
270.0
 51
0.0
  0
LINE
  5
777
330
36
100
AcDbEntity
  8
0
  6
Continuous
 62
     7
370
    25
100
AcDbLine
 10
383.9936678305676
 20
74.02012815360865
 30
0.0
 11
395.9936678305676
 21
74.02012815360865
 31
0.0
  0
ARC
  5
778
330
36
100
AcDbEntity
  8
0
  6
Continuous
 62
     7
370
    25
100
AcDbCircle
 10
383.9936678305676
 20
75.02012815360865
 30
0.0
 40
1.000000000000952
100
AcDbArc
 50
179.9999987477982
 51
270.0
  0
LINE
  5
779
330
36
100
AcDbEntity
  8
0
  6
Continuous
 62
     7
370
    25
100
AcDbLine
 10
415.0436861410671
 20
88.02012815360866
 30
0.0
 11
403.0436861410671
 21
88.02012815360866
 31
0.0
  0
ARC
  5
77A
330
36
100
AcDbEntity
  8
0
  6
Continuous
 62
     7
370
    25
100
AcDbCircle
 10
415.0436861410671
 20
87.02012815360864
 30
0.0
 40
1.000000000000027
100
AcDbArc
 50
0.0000012521985252
 51
90.0
  0
LINE
  5
77B
330
36
100
AcDbEntity
  8
0
  6
Continuous
 62
     7
370
    25
100
AcDbLine
 10
416.0436861410671
 20
75.02012815360865
 30
0.0
 11
416.0436861410671
 21
87.0201281755086
 31
0.0
  0
ARC
  5
77C
330
36
100
AcDbEntity
  8
0
  6
Continuous
 62
     7
370
    25
100
AcDbCircle
 10
415.0436861410671
 20
75.02012815360865
 30
0.0
 40
0.9999999999998864
100
AcDbArc
 50
270.0
 51
0.0
  0
LINE
  5
77D
330
36
100
AcDbEntity
  8
0
  6
Continuous
 62
     7
370
    25
100
AcDbLine
 10
403.0436861410671
 20
74.02012815360865
 30
0.0
 11
415.0436861410671
 21
74.02012815360865
 31
0.0
  0
ARC
  5
77E
330
36
100
AcDbEntity
  8
0
  6
Continuous
 62
     7
370
    25
100
AcDbCircle
 10
403.0436861410671
 20
75.02012815360865
 30
0.0
 40
1.000000000000994
100
AcDbArc
 50
179.9999987477982
 51
270.0
  0
LINE
  5
77F
330
36
100
AcDbEntity
  8
0
  6
Continuous
 62
     7
370
    25
100
AcDbLine
 10
402.0436861410671
 20
87.02012815360864
 30
0.0
 11
402.0436861410671
 21
75.0201281755086
 31
0.0
  0
ARC
  5
780
330
36
100
AcDbEntity
  8
0
  6
Continuous
 62
     7
370
    25
100
AcDbCircle
 10
403.0436861410671
 20
87.02012815360864
 30
0.0
 40
1.000000000000738
100
AcDbArc
 50
90.0
 51
180.0
  0
LINE
  5
781
330
36
100
AcDbEntity
  8
0
  6
Continuous
 62
     7
370
    25
100
AcDbLine
 10
434.0936739340668
 20
88.02012815360866
 30
0.0
 11
422.0936739340668
 21
88.02012815360866
 31
0.0
  0
ARC
  5
782
330
36
100
AcDbEntity
  8
0
  6
Continuous
 62
     7
370
    25
100
AcDbCircle
 10
434.0936739340668
 20
87.02012815360864
 30
0.0
 40
1.000000000001022
100
AcDbArc
 50
0.0000012522994887
 51
90.0
  0
LINE
  5
783
330
36
100
AcDbEntity
  8
0
  6
Continuous
 62
     7
370
    25
100
AcDbLine
 10
435.0936739340668
 20
75.02012815360865
 30
0.0
 11
435.0936739340668
 21
87.0201281755086
 31
0.0
  0
ARC
  5
784
330
36
100
AcDbEntity
  8
0
  6
Continuous
 62
     7
370
    25
100
AcDbCircle
 10
434.0936739340668
 20
75.02012815360865
 30
0.0
 40
1.000000000000199
100
AcDbArc
 50
270.0
 51
0.0
  0
LINE
  5
785
330
36
100
AcDbEntity
  8
0
  6
Continuous
 62
     7
370
    25
100
AcDbLine
 10
422.0936739340668
 20
74.02012815360865
 30
0.0
 11
434.0936739340668
 21
74.02012815360865
 31
0.0
  0
ARC
  5
786
330
36
100
AcDbEntity
  8
0
  6
Continuous
 62
     7
370
    25
100
AcDbCircle
 10
422.0936739340668
 20
75.02012815360865
 30
0.0
 40
1.000000000000994
100
AcDbArc
 50
179.9999987477982
 51
270.0
  0
LINE
  5
787
330
36
100
AcDbEntity
  8
0
  6
Continuous
 62
     7
370
    25
100
AcDbLine
 10
421.0936739340668
 20
87.02012815360864
 30
0.0
 11
421.0936739340668
 21
75.0201281755086
 31
0.0
  0
ARC
  5
788
330
36
100
AcDbEntity
  8
0
  6
Continuous
 62
     7
370
    25
100
AcDbCircle
 10
422.0936739340668
 20
87.02012815360864
 30
0.0
 40
1.000000000000113
100
AcDbArc
 50
90.0
 51
180.0
  0
LINE
  5
789
330
36
100
AcDbEntity
  8
0
  6
Continuous
 62
     7
370
    25
100
AcDbLine
 10
453.1436922445664
 20
88.02012815360866
 30
0.0
 11
441.1436922445663
 21
88.02012815360866
 31
0.0
  0
ARC
  5
78A
330
36
100
AcDbEntity
  8
0
  6
Continuous
 62
     7
370
    25
100
AcDbCircle
 10
453.1436922445664
 20
87.02012815360864
 30
0.0
 40
1.000000000000027
100
AcDbArc
 50
0.0000012521985252
 51
90.0
  0
LINE
  5
78B
330
36
100
AcDbEntity
  8
0
  6
Continuous
 62
     7
370
    25
100
AcDbLine
 10
454.1436922445663
 20
75.02012815360865
 30
0.0
 11
454.1436922445663
 21
87.0201281755086
 31
0.0
  0
ARC
  5
78C
330
36
100
AcDbEntity
  8
0
  6
Continuous
 62
     7
370
    25
100
AcDbCircle
 10
453.1436922445664
 20
75.02012815360865
 30
0.0
 40
1.0
100
AcDbArc
 50
270.0
 51
0.0
  0
LINE
  5
78D
330
36
100
AcDbEntity
  8
0
  6
Continuous
 62
     7
370
    25
100
AcDbLine
 10
441.1436922445663
 20
74.02012815360865
 30
0.0
 11
453.1436922445664
 21
74.02012815360865
 31
0.0
  0
ARC
  5
78E
330
36
100
AcDbEntity
  8
0
  6
Continuous
 62
     7
370
    25
100
AcDbCircle
 10
441.1436922445663
 20
75.02012815360865
 30
0.0
 40
1.000000000000994
100
AcDbArc
 50
179.9999987477982
 51
270.0
  0
LINE
  5
78F
330
36
100
AcDbEntity
  8
0
  6
Continuous
 62
     7
370
    25
100
AcDbLine
 10
440.1436922445664
 20
87.02012815360864
 30
0.0
 11
440.1436922445664
 21
75.0201281755086
 31
0.0
  0
ARC
  5
790
330
36
100
AcDbEntity
  8
0
  6
Continuous
 62
     7
370
    25
100
AcDbCircle
 10
441.1436922445663
 20
87.02012815360864
 30
0.0
 40
0.9999999999999149
100
AcDbArc
 50
90.0
 51
180.0
  0
LINE
  5
791
330
36
100
AcDbEntity
  8
0
  6
Continuous
 62
     7
370
    25
100
AcDbLine
 10
457.9061739340668
 20
7.057634257108588
 30
0.0
 11
445.9061739340667
 21
7.057634257108588
 31
0.0
  0
ARC
  5
792
330
36
100
AcDbEntity
  8
0
  6
Continuous
 62
     7
370
    25
100
AcDbCircle
 10
457.9061739340668
 20
6.057634257108588
 30
0.0
 40
1.000000000001065
100
AcDbArc
 50
0.0000012522994887
 51
90.0
  0
LINE
  5
793
330
36
100
AcDbEntity
  8
0
  6
Continuous
 62
     7
370
    25
100
AcDbLine
 10
458.9061739340668
 20
-5.942365742891411
 30
0.0
 11
458.9061739340668
 21
6.057634279008652
 31
0.0
  0
ARC
  5
794
330
36
100
AcDbEntity
  8
0
  6
Continuous
 62
     7
370
    25
100
AcDbCircle
 10
457.9061739340668
 20
-5.942365742891411
 30
0.0
 40
1.000000000000994
100
AcDbArc
 50
270.0
 51
0.0
  0
LINE
  5
795
330
36
100
AcDbEntity
  8
0
  6
Continuous
 62
     7
370
    25
100
AcDbLine
 10
445.9061739340667
 20
-6.942365742891411
 30
0.0
 11
457.9061739340668
 21
-6.942365742891411
 31
0.0
  0
ARC
  5
796
330
36
100
AcDbEntity
  8
0
  6
Continuous
 62
     7
370
    25
100
AcDbCircle
 10
445.9061739340667
 20
-5.942365742891411
 30
0.0
 40
1.000000000000205
100
AcDbArc
 50
179.9999987477982
 51
270.0
  0
LINE
  5
797
330
36
100
AcDbEntity
  8
0
  6
Continuous
 62
     7
370
    25
100
AcDbLine
 10
444.9061739340668
 20
6.057634257108588
 30
0.0
 11
444.9061739340668
 21
-5.942365720991347
 31
0.0
  0
ARC
  5
798
330
36
100
AcDbEntity
  8
0
  6
Continuous
 62
     7
370
    25
100
AcDbCircle
 10
445.9061739340667
 20
6.057634257108588
 30
0.0
 40
0.9999999999989341
100
AcDbArc
 50
90.0
 51
180.0
  0
LINE
  5
799
330
36
100
AcDbEntity
  8
0
  6
Continuous
 62
     7
370
    25
100
AcDbLine
 10
438.8561861410671
 20
7.057634257108588
 30
0.0
 11
426.8561861410671
 21
7.057634257108645
 31
0.0
  0
ARC
  5
79A
330
36
100
AcDbEntity
  8
0
  6
Continuous
 62
     7
370
    25
100
AcDbCircle
 10
438.8561861410671
 20
6.057634257108588
 30
0.0
 40
1.000000000000327
100
AcDbArc
 50
0.0000012522994887
 51
90.0
  0
LINE
  5
79B
330
36
100
AcDbEntity
  8
0
  6
Continuous
 62
     7
370
    25
100
AcDbLine
 10
439.8561861410671
 20
-5.942365742891411
 30
0.0
 11
439.8561861410671
 21
6.057634279008652
 31
0.0
  0
ARC
  5
79C
330
36
100
AcDbEntity
  8
0
  6
Continuous
 62
     7
370
    25
100
AcDbCircle
 10
438.8561861410671
 20
-5.942365742891411
 30
0.0
 40
0.9999999999996942
100
AcDbArc
 50
270.0
 51
0.0
  0
LINE
  5
79D
330
36
100
AcDbEntity
  8
0
  6
Continuous
 62
     7
370
    25
100
AcDbLine
 10
426.8561861410671
 20
-6.942365742891354
 30
0.0
 11
438.8561861410671
 21
-6.942365742891411
 31
0.0
  0
ARC
  5
79E
330
36
100
AcDbEntity
  8
0
  6
Continuous
 62
     7
370
    25
100
AcDbCircle
 10
426.8561861410671
 20
-5.942365742891354
 30
0.0
 40
1.000000000001108
100
AcDbArc
 50
179.9999987477982
 51
270.0
  0
LINE
  5
79F
330
36
100
AcDbEntity
  8
0
  6
Continuous
 62
     7
370
    25
100
AcDbLine
 10
425.8561861410671
 20
6.057634257108645
 30
0.0
 11
425.8561861410671
 21
-5.942365720991347
 31
0.0
  0
ARC
  5
7A0
330
36
100
AcDbEntity
  8
0
  6
Continuous
 62
     7
370
    25
100
AcDbCircle
 10
426.8561861410671
 20
6.057634257108645
 30
0.0
 40
0.9999999999999857
100
AcDbArc
 50
90.0
 51
180.0
  0
LINE
  5
7A1
330
36
100
AcDbEntity
  8
0
  6
Continuous
 62
     7
370
    25
100
AcDbLine
 10
419.8061678305675
 20
7.057634257108645
 30
0.0
 11
407.8061678305675
 21
7.057634257108645
 31
0.0
  0
ARC
  5
7A2
330
36
100
AcDbEntity
  8
0
  6
Continuous
 62
     7
370
    25
100
AcDbCircle
 10
419.8061678305675
 20
6.057634257108645
 30
0.0
 40
1.0
100
AcDbArc
 50
0.0000012521985252
 51
90.0
  0
LINE
  5
7A3
330
36
100
AcDbEntity
  8
0
  6
Continuous
 62
     7
370
    25
100
AcDbLine
 10
420.8061678305675
 20
-5.942365742891354
 30
0.0
 11
420.8061678305675
 21
6.057634279008652
 31
0.0
  0
ARC
  5
7A4
330
36
100
AcDbEntity
  8
0
  6
Continuous
 62
     7
370
    25
100
AcDbCircle
 10
419.8061678305675
 20
-5.942365742891354
 30
0.0
 40
1.000000000000077
100
AcDbArc
 50
270.0
 51
0.0
  0
LINE
  5
7A5
330
36
100
AcDbEntity
  8
0
  6
Continuous
 62
     7
370
    25
100
AcDbLine
 10
407.8061678305675
 20
-6.942365742891354
 30
0.0
 11
419.8061678305675
 21
-6.942365742891354
 31
0.0
  0
ARC
  5
7A6
330
36
100
AcDbEntity
  8
0
  6
Continuous
 62
     7
370
    25
100
AcDbCircle
 10
407.8061678305675
 20
-5.942365742891354
 30
0.0
 40
1.000000000001108
100
AcDbArc
 50
179.9999987477982
 51
270.0
  0
LINE
  5
7A7
330
36
100
AcDbEntity
  8
0
  6
Continuous
 62
     7
370
    25
100
AcDbLine
 10
406.8061678305675
 20
6.057634257108645
 30
0.0
 11
406.8061678305675
 21
-5.942365720991347
 31
0.0
  0
ARC
  5
7A8
330
36
100
AcDbEntity
  8
0
  6
Continuous
 62
     7
370
    25
100
AcDbCircle
 10
407.8061678305675
 20
6.057634257108645
 30
0.0
 40
0.9999999999997299
100
AcDbArc
 50
90.0
 51
180.0
  0
LINE
  5
7A9
330
36
100
AcDbEntity
  8
0
  6
Continuous
 62
     7
370
    25
100
AcDbLine
 10
400.7561800375679
 20
7.057634257108645
 30
0.0
 11
388.7561800375679
 21
7.057634257108645
 31
0.0
  0
ARC
  5
7AA
330
36
100
AcDbEntity
  8
0
  6
Continuous
 62
     7
370
    25
100
AcDbCircle
 10
400.7561800375679
 20
6.057634257108645
 30
0.0
 40
1.000000000000497
100
AcDbArc
 50
0.0000012521985252
 51
90.0
  0
LINE
  5
7AB
330
36
100
AcDbEntity
  8
0
  6
Continuous
 62
     7
370
    25
100
AcDbLine
 10
401.7561800375679
 20
-5.942365742891354
 30
0.0
 11
401.7561800375679
 21
6.057634279008652
 31
0.0
  0
ARC
  5
7AC
330
36
100
AcDbEntity
  8
0
  6
Continuous
 62
     7
370
    25
100
AcDbCircle
 10
400.7561800375679
 20
-5.942365742891354
 30
0.0
 40
0.9999999999996873
100
AcDbArc
 50
270.0
 51
0.0
  0
LINE
  5
7AD
330
36
100
AcDbEntity
  8
0
  6
Continuous
 62
     7
370
    25
100
AcDbLine
 10
388.7561800375679
 20
-6.942365742891354
 30
0.0
 11
400.7561800375679
 21
-6.942365742891354
 31
0.0
  0
ARC
  5
7AE
330
36
100
AcDbEntity
  8
0
  6
Continuous
 62
     7
370
    25
100
AcDbCircle
 10
388.7561800375679
 20
-5.942365742891354
 30
0.0
 40
1.000000000000213
100
AcDbArc
 50
179.9999987477982
 51
270.0
  0
LINE
  5
7AF
330
36
100
AcDbEntity
  8
0
  6
Continuous
 62
     7
370
    25
100
AcDbLine
 10
387.7561800375679
 20
6.057634257108645
 30
0.0
 11
387.7561800375679
 21
-5.942365720991347
 31
0.0
  0
ARC
  5
7B0
330
36
100
AcDbEntity
  8
0
  6
Continuous
 62
     7
370
    25
100
AcDbCircle
 10
388.7561800375679
 20
6.057634257108645
 30
0.0
 40
0.9999999999999573
100
AcDbArc
 50
90.0
 51
180.0
  0
LINE
  5
7B1
330
36
100
AcDbEntity
  8
0
  6
Continuous
 62
     7
370
    25
100
AcDbLine
 10
510.2936861410671
 20
64.20762815360865
 30
0.0
 11
498.2936861410671
 21
64.20762815360865
 31
0.0
  0
ARC
  5
7B2
330
36
100
AcDbEntity
  8
0
  6
Continuous
 62
     7
370
    25
100
AcDbCircle
 10
510.2936861410671
 20
63.20762815360865
 30
0.0
 40
0.9999999999997443
100
AcDbArc
 50
0.0000012521985252
 51
90.0
  0
LINE
  5
7B3
330
36
100
AcDbEntity
  8
0
  6
Continuous
 62
     7
370
    25
100
AcDbLine
 10
511.2936861410672
 20
51.20762815360865
 30
0.0
 11
511.2936861410672
 21
63.20762817550861
 31
0.0
  0
ARC
  5
7B4
330
36
100
AcDbEntity
  8
0
  6
Continuous
 62
     7
370
    25
100
AcDbCircle
 10
510.2936861410671
 20
51.20762815360865
 30
0.0
 40
1.000000000000213
100
AcDbArc
 50
270.0
 51
0.0
  0
LINE
  5
7B5
330
36
100
AcDbEntity
  8
0
  6
Continuous
 62
     7
370
    25
100
AcDbLine
 10
498.2936861410671
 20
50.20762815360865
 30
0.0
 11
510.2936861410671
 21
50.20762815360865
 31
0.0
  0
ARC
  5
7B6
330
36
100
AcDbEntity
  8
0
  6
Continuous
 62
     7
370
    25
100
AcDbCircle
 10
498.2936861410671
 20
51.20762815360865
 30
0.0
 40
1.000000000000199
100
AcDbArc
 50
179.9999987477982
 51
270.0
  0
LINE
  5
7B7
330
36
100
AcDbEntity
  8
0
  6
Continuous
 62
     7
370
    25
100
AcDbLine
 10
497.2936861410671
 20
63.20762815360865
 30
0.0
 11
497.2936861410671
 21
51.2076281755086
 31
0.0
  0
ARC
  5
7B8
330
36
100
AcDbEntity
  8
0
  6
Continuous
 62
     7
370
    25
100
AcDbCircle
 10
498.2936861410671
 20
63.20762815360865
 30
0.0
 40
0.9999999999993887
100
AcDbArc
 50
90.0
 51
180.0
  0
LINE
  5
7B9
330
36
100
AcDbEntity
  8
0
  6
Continuous
 62
     7
370
    25
100
AcDbLine
 10
529.3436739340668
 20
64.20762815360865
 30
0.0
 11
517.3436739340668
 21
64.20762815360865
 31
0.0
  0
ARC
  5
7BA
330
36
100
AcDbEntity
  8
0
  6
Continuous
 62
     7
370
    25
100
AcDbCircle
 10
529.3436739340668
 20
63.20762815360865
 30
0.0
 40
1.0
100
AcDbArc
 50
0.0000012522994887
 51
90.0
  0
LINE
  5
7BB
330
36
100
AcDbEntity
  8
0
  6
Continuous
 62
     7
370
    25
100
AcDbLine
 10
530.3436739340668
 20
51.20762815360865
 30
0.0
 11
530.3436739340668
 21
63.20762817550861
 31
0.0
  0
ARC
  5
7BC
330
36
100
AcDbEntity
  8
0
  6
Continuous
 62
     7
370
    25
100
AcDbCircle
 10
529.3436739340668
 20
51.20762815360865
 30
0.0
 40
0.9999999999997442
100
AcDbArc
 50
270.0
 51
0.0
  0
LINE
  5
7BD
330
36
100
AcDbEntity
  8
0
  6
Continuous
 62
     7
370
    25
100
AcDbLine
 10
517.3436739340668
 20
50.20762815360865
 30
0.0
 11
529.3436739340668
 21
50.20762815360865
 31
0.0
  0
ARC
  5
7BE
330
36
100
AcDbEntity
  8
0
  6
Continuous
 62
     7
370
    25
100
AcDbCircle
 10
517.3436739340668
 20
51.20762815360865
 30
0.0
 40
1.000000000000768
100
AcDbArc
 50
179.9999987477982
 51
270.0
  0
LINE
  5
7BF
330
36
100
AcDbEntity
  8
0
  6
Continuous
 62
     7
370
    25
100
AcDbLine
 10
516.3436739340668
 20
63.20762815360865
 30
0.0
 11
516.3436739340668
 21
51.2076281755086
 31
0.0
  0
ARC
  5
7C0
330
36
100
AcDbEntity
  8
0
  6
Continuous
 62
     7
370
    25
100
AcDbCircle
 10
517.3436739340668
 20
63.20762815360865
 30
0.0
 40
1.000000000000653
100
AcDbArc
 50
90.0
 51
180.0
  0
LINE
  5
7C1
330
36
100
AcDbEntity
  8
0
  6
Continuous
 62
     7
370
    25
100
AcDbLine
 10
344.8936769857664
 20
87.02012815360864
 30
0.0
 11
344.8936769857664
 21
75.0201281755086
 31
0.0
  0
ARC
  5
7C2
330
36
100
AcDbEntity
  8
0
  6
Continuous
 62
     7
370
    25
100
AcDbCircle
 10
345.8936769857664
 20
87.02012815360864
 30
0.0
 40
0.9999999999999149
100
AcDbArc
 50
90.0
 51
180.0
  0
LINE
  5
7C3
330
36
100
AcDbEntity
  8
0
  6
Continuous
 62
     7
370
    25
100
AcDbLine
 10
357.8936769857664
 20
88.02012815360866
 30
0.0
 11
345.8936769857664
 21
88.02012815360866
 31
0.0
  0
ARC
  5
7C4
330
36
100
AcDbEntity
  8
0
  6
Continuous
 62
     7
370
    25
100
AcDbCircle
 10
357.8936769857664
 20
87.02012815360864
 30
0.0
 40
1.000000000000027
100
AcDbArc
 50
0.0000012521985252
 51
90.0
  0
LINE
  5
7C5
330
36
100
AcDbEntity
  8
0
  6
Continuous
 62
     7
370
    25
100
AcDbLine
 10
358.8936769857664
 20
75.02012815360865
 30
0.0
 11
358.8936769857664
 21
87.0201281755086
 31
0.0
  0
ARC
  5
7C6
330
36
100
AcDbEntity
  8
0
  6
Continuous
 62
     7
370
    25
100
AcDbCircle
 10
357.8936769857664
 20
75.02012815360865
 30
0.0
 40
0.9999999999998864
100
AcDbArc
 50
270.0
 51
0.0
  0
LINE
  5
7C7
330
36
100
AcDbEntity
  8
0
  6
Continuous
 62
     7
370
    25
100
AcDbLine
 10
345.8936769857664
 20
74.02012815360865
 30
0.0
 11
357.8936769857664
 21
74.02012815360865
 31
0.0
  0
ARC
  5
7C8
330
36
100
AcDbEntity
  8
0
  6
Continuous
 62
     7
370
    25
100
AcDbCircle
 10
345.8936769857664
 20
75.02012815360865
 30
0.0
 40
1.000000000000724
100
AcDbArc
 50
179.9999987477982
 51
270.0
  0
LINE
  5
7C9
330
36
100
AcDbEntity
  8
0
  6
Continuous
 62
     7
370
    25
100
AcDbLine
 10
500.7686922445664
 20
45.15764036070862
 30
0.0
 11
488.7686922445664
 21
45.15764036070862
 31
0.0
  0
ARC
  5
7CA
330
36
100
AcDbEntity
  8
0
  6
Continuous
 62
     7
370
    25
100
AcDbCircle
 10
500.7686922445664
 20
44.15764036070862
 30
0.0
 40
1.000000000000967
100
AcDbArc
 50
0.0000012521985252
 51
90.0
  0
LINE
  5
7CB
330
36
100
AcDbEntity
  8
0
  6
Continuous
 62
     7
370
    25
100
AcDbLine
 10
501.7686922445664
 20
32.15764036070863
 30
0.0
 11
501.7686922445664
 21
44.15764038250864
 31
0.0
  0
ARC
  5
7CC
330
36
100
AcDbEntity
  8
0
  6
Continuous
 62
     7
370
    25
100
AcDbCircle
 10
500.7686922445664
 20
32.15764036070863
 30
0.0
 40
1.000000000000994
100
AcDbArc
 50
270.0
 51
0.0
  0
LINE
  5
7CD
330
36
100
AcDbEntity
  8
0
  6
Continuous
 62
     7
370
    25
100
AcDbLine
 10
488.7686922445664
 20
31.15764036070863
 30
0.0
 11
500.7686922445664
 21
31.15764036070863
 31
0.0
  0
ARC
  5
7CE
330
36
100
AcDbEntity
  8
0
  6
Continuous
 62
     7
370
    25
100
AcDbCircle
 10
488.7686922445664
 20
32.15764036070863
 30
0.0
 40
0.9999999999992612
100
AcDbArc
 50
179.9999987477005
 51
270.0
  0
LINE
  5
7CF
330
36
100
AcDbEntity
  8
0
  6
Continuous
 62
     7
370
    25
100
AcDbLine
 10
487.7686922445664
 20
44.15764036070862
 30
0.0
 11
487.7686922445664
 21
32.15764038250865
 31
0.0
  0
ARC
  5
7D0
330
36
100
AcDbEntity
  8
0
  6
Continuous
 62
     7
370
    25
100
AcDbCircle
 10
488.7686922445664
 20
44.15764036070862
 30
0.0
 40
0.9999999999992184
100
AcDbArc
 50
90.0
 51
180.0
  0
LINE
  5
7D1
330
36
100
AcDbEntity
  8
0
  6
Continuous
 62
     7
370
    25
100
AcDbLine
 10
519.8186800375679
 20
45.15764036070862
 30
0.0
 11
507.8186800375679
 21
45.15764036070862
 31
0.0
  0
ARC
  5
7D2
330
36
100
AcDbEntity
  8
0
  6
Continuous
 62
     7
370
    25
100
AcDbCircle
 10
519.8186800375679
 20
44.15764036070862
 30
0.0
 40
0.9999999999998864
100
AcDbArc
 50
0.0000012521985252
 51
90.0
  0
LINE
  5
7D3
330
36
100
AcDbEntity
  8
0
  6
Continuous
 62
     7
370
    25
100
AcDbLine
 10
520.8186800375679
 20
32.15764036070863
 30
0.0
 11
520.8186800375679
 21
44.15764038250858
 31
0.0
  0
ARC
  5
7D4
330
36
100
AcDbEntity
  8
0
  6
Continuous
 62
     7
370
    25
100
AcDbCircle
 10
519.8186800375679
 20
32.15764036070863
 30
0.0
 40
1.0
100
AcDbArc
 50
270.0
 51
0.0
  0
LINE
  5
7D5
330
36
100
AcDbEntity
  8
0
  6
Continuous
 62
     7
370
    25
100
AcDbLine
 10
507.8186800375679
 20
31.15764036070863
 30
0.0
 11
519.8186800375679
 21
31.15764036070863
 31
0.0
  0
ARC
  5
7D6
330
36
100
AcDbEntity
  8
0
  6
Continuous
 62
     7
370
    25
100
AcDbCircle
 10
507.8186800375679
 20
32.15764036070863
 30
0.0
 40
1.000000000000213
100
AcDbArc
 50
179.9999987477982
 51
270.0
  0
LINE
  5
7D7
330
36
100
AcDbEntity
  8
0
  6
Continuous
 62
     7
370
    25
100
AcDbLine
 10
506.8186800375679
 20
44.15764036070862
 30
0.0
 11
506.8186800375679
 21
32.15764038250865
 31
0.0
  0
ARC
  5
7D8
330
36
100
AcDbEntity
  8
0
  6
Continuous
 62
     7
370
    25
100
AcDbCircle
 10
507.8186800375679
 20
44.15764036070862
 30
0.0
 40
1.000000000000227
100
AcDbArc
 50
90.0
 51
180.0
  0
LINE
  5
7D9
330
36
100
AcDbEntity
  8
0
  6
Continuous
 62
     7
370
    25
100
AcDbLine
 10
538.8686678305675
 20
45.15764036070862
 30
0.0
 11
526.8686678305676
 21
45.15764036070862
 31
0.0
  0
ARC
  5
7DA
330
36
100
AcDbEntity
  8
0
  6
Continuous
 62
     7
370
    25
100
AcDbCircle
 10
538.8686678305675
 20
44.15764036070862
 30
0.0
 40
1.0
100
AcDbArc
 50
0.0000012521985252
 51
90.0
  0
LINE
  5
7DB
330
36
100
AcDbEntity
  8
0
  6
Continuous
 62
     7
370
    25
100
AcDbLine
 10
539.8686678305676
 20
32.15764036070863
 30
0.0
 11
539.8686678305676
 21
44.15764038250858
 31
0.0
  0
ARC
  5
7DC
330
36
100
AcDbEntity
  8
0
  6
Continuous
 62
     7
370
    25
100
AcDbCircle
 10
538.8686678305675
 20
32.15764036070863
 30
0.0
 40
1.000000000000227
100
AcDbArc
 50
270.0
 51
0.0
  0
LINE
  5
7DD
330
36
100
AcDbEntity
  8
0
  6
Continuous
 62
     7
370
    25
100
AcDbLine
 10
526.8686678305676
 20
31.15764036070863
 30
0.0
 11
538.8686678305675
 21
31.15764036070863
 31
0.0
  0
ARC
  5
7DE
330
36
100
AcDbEntity
  8
0
  6
Continuous
 62
     7
370
    25
100
AcDbCircle
 10
526.8686678305676
 20
32.15764036070863
 30
0.0
 40
1.0
100
AcDbArc
 50
179.9999987477982
 51
270.0
  0
LINE
  5
7DF
330
36
100
AcDbEntity
  8
0
  6
Continuous
 62
     7
370
    25
100
AcDbLine
 10
525.8686678305675
 20
44.15764036070862
 30
0.0
 11
525.8686678305675
 21
32.15764038250859
 31
0.0
  0
ARC
  5
7E0
330
36
100
AcDbEntity
  8
0
  6
Continuous
 62
     7
370
    25
100
AcDbCircle
 10
526.8686678305676
 20
44.15764036070862
 30
0.0
 40
0.9999999999996873
100
AcDbArc
 50
90.0
 51
180.0
  0
LINE
  5
7E1
330
36
100
AcDbEntity
  8
0
  6
Continuous
 62
     7
370
    25
100
AcDbLine
 10
543.6311800375679
 20
26.1076220501086
 30
0.0
 11
531.6311800375679
 21
26.1076220501086
 31
0.0
  0
ARC
  5
7E2
330
36
100
AcDbEntity
  8
0
  6
Continuous
 62
     7
370
    25
100
AcDbCircle
 10
543.6311800375679
 20
25.1076220501086
 30
0.0
 40
0.999999999999915
100
AcDbArc
 50
0.0000012521985252
 51
90.0
  0
LINE
  5
7E3
330
36
100
AcDbEntity
  8
0
  6
Continuous
 62
     7
370
    25
100
AcDbLine
 10
544.6311800375679
 20
13.1076220501086
 30
0.0
 11
544.6311800375679
 21
25.10762207200861
 31
0.0
  0
ARC
  5
7E4
330
36
100
AcDbEntity
  8
0
  6
Continuous
 62
     7
370
    25
100
AcDbCircle
 10
543.6311800375679
 20
13.1076220501086
 30
0.0
 40
1.000000000000007
100
AcDbArc
 50
270.0
 51
0.0
  0
LINE
  5
7E5
330
36
100
AcDbEntity
  8
0
  6
Continuous
 62
     7
370
    25
100
AcDbLine
 10
531.6311800375679
 20
12.1076220501086
 30
0.0
 11
543.6311800375679
 21
12.1076220501086
 31
0.0
  0
ARC
  5
7E6
330
36
100
AcDbEntity
  8
0
  6
Continuous
 62
     7
370
    25
100
AcDbCircle
 10
531.6311800375679
 20
13.1076220501086
 30
0.0
 40
1.000000000000504
100
AcDbArc
 50
179.9999987477982
 51
270.0
  0
LINE
  5
7E7
330
36
100
AcDbEntity
  8
0
  6
Continuous
 62
     7
370
    25
100
AcDbLine
 10
530.6311800375679
 20
25.1076220501086
 30
0.0
 11
530.6311800375679
 21
13.10762207200866
 31
0.0
  0
ARC
  5
7E8
330
36
100
AcDbEntity
  8
0
  6
Continuous
 62
     7
370
    25
100
AcDbCircle
 10
531.6311800375679
 20
25.1076220501086
 30
0.0
 40
1.00000000000027
100
AcDbArc
 50
90.0
 51
180.0
  0
LINE
  5
7E9
330
36
100
AcDbEntity
  8
0
  6
Continuous
 62
     7
370
    25
100
AcDbLine
 10
524.5811922445664
 20
26.1076220501086
 30
0.0
 11
512.5811922445664
 21
26.1076220501086
 31
0.0
  0
ARC
  5
7EA
330
36
100
AcDbEntity
  8
0
  6
Continuous
 62
     7
370
    25
100
AcDbCircle
 10
524.5811922445664
 20
25.1076220501086
 30
0.0
 40
1.000000000000297
100
AcDbArc
 50
0.0000012522994887
 51
90.0
  0
LINE
  5
7EB
330
36
100
AcDbEntity
  8
0
  6
Continuous
 62
     7
370
    25
100
AcDbLine
 10
525.5811922445664
 20
13.1076220501086
 30
0.0
 11
525.5811922445664
 21
25.10762207200861
 31
0.0
  0
ARC
  5
7EC
330
36
100
AcDbEntity
  8
0
  6
Continuous
 62
     7
370
    25
100
AcDbCircle
 10
524.5811922445664
 20
13.1076220501086
 30
0.0
 40
0.9999999999997372
100
AcDbArc
 50
270.0
 51
0.0
  0
LINE
  5
7ED
330
36
100
AcDbEntity
  8
0
  6
Continuous
 62
     7
370
    25
100
AcDbLine
 10
512.5811922445664
 20
12.1076220501086
 30
0.0
 11
524.5811922445664
 21
12.1076220501086
 31
0.0
  0
ARC
  5
7EE
330
36
100
AcDbEntity
  8
0
  6
Continuous
 62
     7
370
    25
100
AcDbCircle
 10
512.5811922445664
 20
13.1076220501086
 30
0.0
 40
0.9999999999997088
100
AcDbArc
 50
179.9999987477005
 51
270.0
  0
LINE
  5
7EF
330
36
100
AcDbEntity
  8
0
  6
Continuous
 62
     7
370
    25
100
AcDbLine
 10
511.5811922445664
 20
25.1076220501086
 30
0.0
 11
511.5811922445664
 21
13.10762207200866
 31
0.0
  0
ARC
  5
7F0
330
36
100
AcDbEntity
  8
0
  6
Continuous
 62
     7
370
    25
100
AcDbCircle
 10
512.5811922445664
 20
25.1076220501086
 30
0.0
 40
0.9999999999997299
100
AcDbArc
 50
90.0
 51
180.0
  0
LINE
  5
7F1
330
36
100
AcDbEntity
  8
0
  6
Continuous
 62
     7
370
    25
100
AcDbLine
 10
500.7686922445682
 20
88.02012815360866
 30
0.0
 11
488.7686922445682
 21
88.02012815360866
 31
0.0
  0
ARC
  5
7F2
330
36
100
AcDbEntity
  8
0
  6
Continuous
 62
     7
370
    25
100
AcDbCircle
 10
500.7686922445682
 20
87.02012815360864
 30
0.0
 40
1.000000000001022
100
AcDbArc
 50
0.0000012522994887
 51
90.0
  0
LINE
  5
7F3
330
36
100
AcDbEntity
  8
0
  6
Continuous
 62
     7
370
    25
100
AcDbLine
 10
501.7686922445682
 20
75.02012815360865
 30
0.0
 11
501.7686922445682
 21
87.0201281755086
 31
0.0
  0
ARC
  5
7F4
330
36
100
AcDbEntity
  8
0
  6
Continuous
 62
     7
370
    25
100
AcDbCircle
 10
500.7686922445682
 20
75.02012815360865
 30
0.0
 40
1.000000000000994
100
AcDbArc
 50
270.0
 51
0.0
  0
LINE
  5
7F5
330
36
100
AcDbEntity
  8
0
  6
Continuous
 62
     7
370
    25
100
AcDbLine
 10
488.7686922445682
 20
74.02012815360865
 30
0.0
 11
500.7686922445682
 21
74.02012815360865
 31
0.0
  0
ARC
  5
7F6
330
36
100
AcDbEntity
  8
0
  6
Continuous
 62
     7
370
    25
100
AcDbCircle
 10
488.7686922445682
 20
75.02012815360865
 30
0.0
 40
1.000000000000113
100
AcDbArc
 50
179.9999987477982
 51
270.0
  0
LINE
  5
7F7
330
36
100
AcDbEntity
  8
0
  6
Continuous
 62
     7
370
    25
100
AcDbLine
 10
487.7686922445682
 20
87.02012815360864
 30
0.0
 11
487.7686922445682
 21
75.0201281755086
 31
0.0
  0
ARC
  5
7F8
330
36
100
AcDbEntity
  8
0
  6
Continuous
 62
     7
370
    25
100
AcDbCircle
 10
488.7686922445682
 20
87.02012815360864
 30
0.0
 40
0.9999999999998008
100
AcDbArc
 50
90.0
 51
180.0
  0
LINE
  5
7F9
330
36
100
AcDbEntity
  8
0
  6
Continuous
 62
     7
370
    25
100
AcDbLine
 10
519.8186800375679
 20
88.02012815360866
 30
0.0
 11
507.8186800375679
 21
88.02012815360866
 31
0.0
  0
ARC
  5
7FA
330
36
100
AcDbEntity
  8
0
  6
Continuous
 62
     7
370
    25
100
AcDbCircle
 10
519.8186800375679
 20
87.02012815360864
 30
0.0
 40
1.000000000000027
100
AcDbArc
 50
0.0000012521985252
 51
90.0
  0
LINE
  5
7FB
330
36
100
AcDbEntity
  8
0
  6
Continuous
 62
     7
370
    25
100
AcDbLine
 10
520.8186800375679
 20
75.02012815360865
 30
0.0
 11
520.8186800375679
 21
87.0201281755086
 31
0.0
  0
ARC
  5
7FC
330
36
100
AcDbEntity
  8
0
  6
Continuous
 62
     7
370
    25
100
AcDbCircle
 10
519.8186800375679
 20
75.02012815360865
 30
0.0
 40
1.0
100
AcDbArc
 50
270.0
 51
0.0
  0
LINE
  5
7FD
330
36
100
AcDbEntity
  8
0
  6
Continuous
 62
     7
370
    25
100
AcDbLine
 10
507.8186800375679
 20
74.02012815360865
 30
0.0
 11
519.8186800375679
 21
74.02012815360865
 31
0.0
  0
ARC
  5
7FE
330
36
100
AcDbEntity
  8
0
  6
Continuous
 62
     7
370
    25
100
AcDbCircle
 10
507.8186800375679
 20
75.02012815360865
 30
0.0
 40
1.000000000000994
100
AcDbArc
 50
179.9999987477982
 51
270.0
  0
LINE
  5
7FF
330
36
100
AcDbEntity
  8
0
  6
Continuous
 62
     7
370
    25
100
AcDbLine
 10
506.8186800375679
 20
87.02012815360864
 30
0.0
 11
506.8186800375679
 21
75.0201281755086
 31
0.0
  0
ARC
  5
800
330
36
100
AcDbEntity
  8
0
  6
Continuous
 62
     7
370
    25
100
AcDbCircle
 10
507.8186800375679
 20
87.02012815360864
 30
0.0
 40
1.000000000000625
100
AcDbArc
 50
90.0
 51
180.0
  0
LINE
  5
801
330
36
100
AcDbEntity
  8
0
  6
Continuous
 62
     7
370
    25
100
AcDbLine
 10
538.8686678305675
 20
88.02012815360866
 30
0.0
 11
526.8686678305676
 21
88.02012815360866
 31
0.0
  0
ARC
  5
802
330
36
100
AcDbEntity
  8
0
  6
Continuous
 62
     7
370
    25
100
AcDbCircle
 10
538.8686678305675
 20
87.02012815360864
 30
0.0
 40
1.000000000001022
100
AcDbArc
 50
0.0000012522994887
 51
90.0
  0
LINE
  5
803
330
36
100
AcDbEntity
  8
0
  6
Continuous
 62
     7
370
    25
100
AcDbLine
 10
539.8686678305676
 20
75.02012815360865
 30
0.0
 11
539.8686678305676
 21
87.0201281755086
 31
0.0
  0
ARC
  5
804
330
36
100
AcDbEntity
  8
0
  6
Continuous
 62
     7
370
    25
100
AcDbCircle
 10
538.8686678305675
 20
75.02012815360865
 30
0.0
 40
1.000000000000113
100
AcDbArc
 50
270.0
 51
0.0
  0
LINE
  5
805
330
36
100
AcDbEntity
  8
0
  6
Continuous
 62
     7
370
    25
100
AcDbLine
 10
526.8686678305676
 20
74.02012815360865
 30
0.0
 11
538.8686678305675
 21
74.02012815360865
 31
0.0
  0
ARC
  5
806
330
36
100
AcDbEntity
  8
0
  6
Continuous
 62
     7
370
    25
100
AcDbCircle
 10
526.8686678305676
 20
75.02012815360865
 30
0.0
 40
1.000000000000994
100
AcDbArc
 50
179.9999987477982
 51
270.0
  0
LINE
  5
807
330
36
100
AcDbEntity
  8
0
  6
Continuous
 62
     7
370
    25
100
AcDbLine
 10
525.8686678305675
 20
87.02012815360864
 30
0.0
 11
525.8686678305675
 21
75.0201281755086
 31
0.0
  0
ARC
  5
808
330
36
100
AcDbEntity
  8
0
  6
Continuous
 62
     7
370
    25
100
AcDbCircle
 10
526.8686678305676
 20
87.02012815360864
 30
0.0
 40
0.9999999999999149
100
AcDbArc
 50
90.0
 51
180.0
  0
LINE
  5
809
330
36
100
AcDbEntity
  8
0
  6
Continuous
 62
     7
370
    25
100
AcDbLine
 10
534.1061861410671
 20
7.057634257108588
 30
0.0
 11
522.1061861410671
 21
7.057634257108588
 31
0.0
  0
ARC
  5
80A
330
36
100
AcDbEntity
  8
0
  6
Continuous
 62
     7
370
    25
100
AcDbCircle
 10
534.1061861410671
 20
6.057634257108588
 30
0.0
 40
1.0
100
AcDbArc
 50
0.0000012521985252
 51
90.0
  0
LINE
  5
80B
330
36
100
AcDbEntity
  8
0
  6
Continuous
 62
     7
370
    25
100
AcDbLine
 10
535.1061861410671
 20
-5.942365742891411
 30
0.0
 11
535.1061861410671
 21
6.057634279008652
 31
0.0
  0
ARC
  5
80C
330
36
100
AcDbEntity
  8
0
  6
Continuous
 62
     7
370
    25
100
AcDbCircle
 10
534.1061861410671
 20
-5.942365742891411
 30
0.0
 40
1.0
100
AcDbArc
 50
270.0
 51
0.0
  0
LINE
  5
80D
330
36
100
AcDbEntity
  8
0
  6
Continuous
 62
     7
370
    25
100
AcDbLine
 10
522.1061861410671
 20
-6.942365742891411
 30
0.0
 11
534.1061861410671
 21
-6.942365742891411
 31
0.0
  0
ARC
  5
80E
330
36
100
AcDbEntity
  8
0
  6
Continuous
 62
     7
370
    25
100
AcDbCircle
 10
522.1061861410671
 20
-5.942365742891411
 30
0.0
 40
1.000000000000205
100
AcDbArc
 50
179.9999987477982
 51
270.0
  0
LINE
  5
80F
330
36
100
AcDbEntity
  8
0
  6
Continuous
 62
     7
370
    25
100
AcDbLine
 10
521.1061861410671
 20
6.057634257108588
 30
0.0
 11
521.1061861410671
 21
-5.942365720991347
 31
0.0
  0
ARC
  5
810
330
36
100
AcDbEntity
  8
0
  6
Continuous
 62
     7
370
    25
100
AcDbCircle
 10
522.1061861410671
 20
6.057634257108588
 30
0.0
 40
0.9999999999993603
100
AcDbArc
 50
90.0
 51
180.0
  0
LINE
  5
811
330
36
100
AcDbEntity
  8
0
  6
Continuous
 62
     7
370
    25
100
AcDbLine
 10
581.7311861410671
 20
26.1076220501086
 30
0.0
 11
569.7311861410671
 21
26.1076220501086
 31
0.0
  0
ARC
  5
812
330
36
100
AcDbEntity
  8
0
  6
Continuous
 62
     7
370
    25
100
AcDbCircle
 10
581.7311861410671
 20
25.1076220501086
 30
0.0
 40
1.000000000000297
100
AcDbArc
 50
0.0000012522994887
 51
90.0
  0
LINE
  5
813
330
36
100
AcDbEntity
  8
0
  6
Continuous
 62
     7
370
    25
100
AcDbLine
 10
582.7311861410671
 20
13.1076220501086
 30
0.0
 11
582.7311861410671
 21
25.10762207200861
 31
0.0
  0
ARC
  5
814
330
36
100
AcDbEntity
  8
0
  6
Continuous
 62
     7
370
    25
100
AcDbCircle
 10
581.7311861410671
 20
13.1076220501086
 30
0.0
 40
1.000000000000482
100
AcDbArc
 50
270.0
 51
0.0
  0
LINE
  5
815
330
36
100
AcDbEntity
  8
0
  6
Continuous
 62
     7
370
    25
100
AcDbLine
 10
569.7311861410671
 20
12.1076220501086
 30
0.0
 11
581.7311861410671
 21
12.1076220501086
 31
0.0
  0
ARC
  5
816
330
36
100
AcDbEntity
  8
0
  6
Continuous
 62
     7
370
    25
100
AcDbCircle
 10
569.7311861410671
 20
13.1076220501086
 30
0.0
 40
1.000000000000007
100
AcDbArc
 50
179.9999987477982
 51
270.0
  0
LINE
  5
817
330
36
100
AcDbEntity
  8
0
  6
Continuous
 62
     7
370
    25
100
AcDbLine
 10
568.7311861410671
 20
25.1076220501086
 30
0.0
 11
568.7311861410671
 21
13.10762207200861
 31
0.0
  0
ARC
  5
818
330
36
100
AcDbEntity
  8
0
  6
Continuous
 62
     7
370
    25
100
AcDbCircle
 10
569.7311861410671
 20
25.1076220501086
 30
0.0
 40
0.9999999999997299
100
AcDbArc
 50
90.0
 51
180.0
  0
LINE
  5
819
330
36
100
AcDbEntity
  8
0
  6
Continuous
 62
     7
370
    25
100
AcDbLine
 10
572.2061922445663
 20
7.057634257108588
 30
0.0
 11
560.2061922445663
 21
7.057634257108588
 31
0.0
  0
ARC
  5
81A
330
36
100
AcDbEntity
  8
0
  6
Continuous
 62
     7
370
    25
100
AcDbCircle
 10
572.2061922445663
 20
6.057634257108588
 30
0.0
 40
1.000000000000795
100
AcDbArc
 50
0.0000012522994887
 51
90.0
  0
LINE
  5
81B
330
36
100
AcDbEntity
  8
0
  6
Continuous
 62
     7
370
    25
100
AcDbLine
 10
573.2061922445664
 20
-5.942365742891411
 30
0.0
 11
573.2061922445664
 21
6.057634279008652
 31
0.0
  0
ARC
  5
81C
330
36
100
AcDbEntity
  8
0
  6
Continuous
 62
     7
370
    25
100
AcDbCircle
 10
572.2061922445663
 20
-5.942365742891411
 30
0.0
 40
0.9999999999996873
100
AcDbArc
 50
270.0
 51
0.0
  0
LINE
  5
81D
330
36
100
AcDbEntity
  8
0
  6
Continuous
 62
     7
370
    25
100
AcDbLine
 10
560.2061922445663
 20
-6.942365742891411
 30
0.0
 11
572.2061922445663
 21
-6.942365742891411
 31
0.0
  0
ARC
  5
81E
330
36
100
AcDbEntity
  8
0
  6
Continuous
 62
     7
370
    25
100
AcDbCircle
 10
560.2061922445663
 20
-5.942365742891411
 30
0.0
 40
1.000000000000738
100
AcDbArc
 50
179.9999987477982
 51
270.0
  0
LINE
  5
81F
330
36
100
AcDbEntity
  8
0
  6
Continuous
 62
     7
370
    25
100
AcDbLine
 10
559.2061922445664
 20
6.057634257108588
 30
0.0
 11
559.2061922445664
 21
-5.942365720991347
 31
0.0
  0
ARC
  5
820
330
36
100
AcDbEntity
  8
0
  6
Continuous
 62
     7
370
    25
100
AcDbCircle
 10
560.2061922445663
 20
6.057634257108588
 30
0.0
 40
1.0
100
AcDbArc
 50
90.0
 51
180.0
  0
LINE
  5
821
330
36
100
AcDbEntity
  8
0
  6
Continuous
 62
     7
370
    25
100
AcDbLine
 10
611.5975191488669
 20
87.02012815360864
 30
0.0
 11
611.5975191488669
 21
75.0201281755086
 31
0.0
  0
ARC
  5
822
330
36
100
AcDbEntity
  8
0
  6
Continuous
 62
     7
370
    25
100
AcDbCircle
 10
612.5975191488669
 20
87.02012815360864
 30
0.0
 40
0.9999999999995734
100
AcDbArc
 50
90.0
 51
180.0
  0
LINE
  5
823
330
36
100
AcDbEntity
  8
0
  6
Continuous
 62
     7
370
    25
100
AcDbLine
 10
624.5975496664669
 20
88.02012815360866
 30
0.0
 11
612.5975191488669
 21
88.02012815360866
 31
0.0
  0
ARC
  5
824
330
36
100
AcDbEntity
  8
0
  6
Continuous
 62
     7
370
    25
100
AcDbCircle
 10
624.5975496664669
 20
87.02012815360864
 30
0.0
 40
1.000000000000027
100
AcDbArc
 50
0.0000012521985252
 51
90.0
  0
LINE
  5
825
330
36
100
AcDbEntity
  8
0
  6
Continuous
 62
     7
370
    25
100
AcDbLine
 10
625.5975496664668
 20
75.02012815360865
 30
0.0
 11
625.5975496664668
 21
87.0201281755086
 31
0.0
  0
ARC
  5
826
330
36
100
AcDbEntity
  8
0
  6
Continuous
 62
     7
370
    25
100
AcDbCircle
 10
624.5975496664669
 20
75.02012815360865
 30
0.0
 40
0.9999999999998864
100
AcDbArc
 50
270.0
 51
0.0
  0
LINE
  5
827
330
36
100
AcDbEntity
  8
0
  6
Continuous
 62
     7
370
    25
100
AcDbLine
 10
612.5975191488669
 20
74.02012815360865
 30
0.0
 11
624.5975496664669
 21
74.02012815360865
 31
0.0
  0
ARC
  5
828
330
36
100
AcDbEntity
  8
0
  6
Continuous
 62
     7
370
    25
100
AcDbCircle
 10
612.5975191488669
 20
75.02012815360865
 30
0.0
 40
1.000000000000569
100
AcDbArc
 50
179.9999987477982
 51
270.0
  0
LINE
  5
829
330
36
100
AcDbEntity
  8
0
  6
Continuous
 62
     7
370
    25
100
AcDbLine
 10
365.0399769420674
 20
26.1076220501086
 30
0.0
 11
348.2749330893676
 21
26.1076220501086
 31
0.0
  0
ARC
  5
82A
330
36
100
AcDbEntity
  8
0
  6
Continuous
 62
     7
370
    25
100
AcDbCircle
 10
365.039976898368
 20
25.1076220501086
 30
0.0
 40
0.9999999999998509
100
AcDbArc
 50
359.9999987477982
 51
89.99999749547919
  0
LINE
  5
82B
330
36
100
AcDbEntity
  8
0
  6
Continuous
 62
     7
370
    25
100
AcDbLine
 10
366.039976898368
 20
13.1076220501086
 30
0.0
 11
366.039976898368
 21
25.10762202830864
 31
0.0
  0
ARC
  5
82C
330
36
100
AcDbEntity
  8
0
  6
Continuous
 62
     7
370
    25
100
AcDbCircle
 10
365.039976898368
 20
13.1076220501086
 30
0.0
 40
0.9999999999997378
100
AcDbArc
 50
270.0000025045208
 51
0.0
  0
LINE
  5
82D
330
36
100
AcDbEntity
  8
0
  6
Continuous
 62
     7
370
    25
100
AcDbLine
 10
348.2749330893676
 20
12.1076220501086
 30
0.0
 11
365.0399769420674
 21
12.1076220501086
 31
0.0
  0
ARC
  5
82E
330
36
100
AcDbEntity
  8
0
  6
Continuous
 62
     7
370
    25
100
AcDbCircle
 10
348.2749330893676
 20
13.1076220501086
 30
0.0
 40
0.9999999999997088
100
AcDbArc
 50
179.9999987477005
 51
270.0
  0
LINE
  5
82F
330
36
100
AcDbEntity
  8
0
  6
Continuous
 62
     7
370
    25
100
AcDbLine
 10
347.2749330893675
 20
25.1076220501086
 30
0.0
 11
347.2749330893675
 21
13.10762207200866
 31
0.0
  0
ARC
  5
830
330
36
100
AcDbEntity
  8
0
  6
Continuous
 62
     7
370
    25
100
AcDbCircle
 10
348.2749330893676
 20
25.1076220501086
 30
0.0
 40
0.9999999999997299
100
AcDbArc
 50
90.0
 51
180.0
  0
LINE
  5
831
330
36
100
AcDbEntity
  8
0
  6
Continuous
 62
     7
370
    25
100
AcDbLine
 10
470.6186739340682
 20
67.21387815360862
 30
0.0
 11
537.9686678305679
 21
67.21387815360862
 31
0.0
  0
ARC
  5
832
330
36
100
AcDbEntity
  8
0
  6
Continuous
 62
     7
370
    25
100
AcDbCircle
 10
470.6186739340682
 20
69.11387815360865
 30
0.0
 40
1.899999999999976
100
AcDbArc
 50
90.0
 51
270.0
  0
LINE
  5
833
330
36
100
AcDbEntity
  8
0
  6
Continuous
 62
     7
370
    25
100
AcDbLine
 10
537.9686678305679
 20
71.01387815360863
 30
0.0
 11
470.6186739340682
 21
71.01387815360863
 31
0.0
  0
ARC
  5
834
330
36
100
AcDbEntity
  8
0
  6
Continuous
 62
     7
370
    25
100
AcDbCircle
 10
537.9686678305679
 20
69.11387815360865
 30
0.0
 40
1.900000000000161
100
AcDbArc
 50
270.0
 51
90.0
  0
LINE
  5
835
330
36
100
AcDbEntity
  8
0
  6
Continuous
 62
     7
370
    25
100
AcDbLine
 10
384.8936678305672
 20
67.21387815360867
 30
0.0
 11
452.2436922445668
 21
67.21387815360862
 31
0.0
  0
ARC
  5
836
330
36
100
AcDbEntity
  8
0
  6
Continuous
 62
     7
370
    25
100
AcDbCircle
 10
384.8936678305672
 20
69.11387815360865
 30
0.0
 40
1.900000000000005
100
AcDbArc
 50
90.0
 51
270.0
  0
LINE
  5
837
330
36
100
AcDbEntity
  8
0
  6
Continuous
 62
     7
370
    25
100
AcDbLine
 10
452.2436922445668
 20
71.01387815360863
 30
0.0
 11
384.8936678305672
 21
71.01387815360863
 31
0.0
  0
ARC
  5
838
330
36
100
AcDbEntity
  8
0
  6
Continuous
 62
     7
370
    25
100
AcDbCircle
 10
452.2436922445668
 20
69.11387815360865
 30
0.0
 40
1.900000000000303
100
AcDbArc
 50
270.0
 51
90.0
  0
LINE
  5
839
330
36
100
AcDbEntity
  8
0
  6
Continuous
 62
     7
370
    25
100
AcDbLine
 10
556.3436800375675
 20
67.21387815360862
 30
0.0
 11
623.6975496664672
 21
67.21387815360862
 31
0.0
  0
ARC
  5
83A
330
36
100
AcDbEntity
  8
0
  6
Continuous
 62
     7
370
    25
100
AcDbCircle
 10
556.3436800375675
 20
69.11387815360865
 30
0.0
 40
1.900000000000047
100
AcDbArc
 50
90.0
 51
270.0
  0
LINE
  5
83B
330
36
100
AcDbEntity
  8
0
  6
Continuous
 62
     7
370
    25
100
AcDbLine
 10
623.6975496664672
 20
71.01387815360863
 30
0.0
 11
556.3436800375675
 21
71.01387815360863
 31
0.0
  0
ARC
  5
83C
330
36
100
AcDbEntity
  8
0
  6
Continuous
 62
     7
370
    25
100
AcDbCircle
 10
623.6975496664672
 20
69.11387815360865
 30
0.0
 40
1.900000000000047
100
AcDbArc
 50
270.0
 51
90.0
  0
LINE
  5
83D
330
36
100
AcDbEntity
  8
0
  6
Continuous
 62
     7
370
    25
100
AcDbLine
 10
378.2379228964674
 20
7.057634257108645
 30
0.0
 11
349.3619463339673
 21
7.057634257108645
 31
0.0
  0
ARC
  5
83E
330
36
100
AcDbEntity
  8
0
  6
Continuous
 62
     7
370
    25
100
AcDbCircle
 10
378.2379228964674
 20
6.057634257108645
 30
0.0
 40
1.0
100
AcDbArc
 50
0.0
 51
90.0
  0
LINE
  5
83F
330
36
100
AcDbEntity
  8
0
  6
Continuous
 62
     7
370
    25
100
AcDbLine
 10
379.2379228964673
 20
-7.942365742891354
 30
0.0
 11
379.2379228964673
 21
6.057634257108645
 31
0.0
  0
ARC
  5
840
330
36
100
AcDbEntity
  8
0
  6
Continuous
 62
     7
370
    25
100
AcDbCircle
 10
378.2379228964674
 20
-7.942365742891354
 30
0.0
 40
1.000000000000305
100
AcDbArc
 50
270.0
 51
0.0
  0
LINE
  5
841
330
36
100
AcDbEntity
  8
0
  6
Continuous
 62
     7
370
    25
100
AcDbLine
 10
373.2379228964674
 20
-8.942365742891354
 30
0.0
 11
378.2379228964674
 21
-8.942365742891354
 31
0.0
  0
ARC
  5
842
330
36
100
AcDbEntity
  8
0
  6
Continuous
 62
     7
370
    25
100
AcDbCircle
 10
373.2379228964674
 20
-7.942365742891354
 30
0.0
 40
1.0
100
AcDbArc
 50
180.0
 51
270.0
  0
ARC
  5
843
330
36
100
AcDbEntity
  8
0
  6
Continuous
 62
     7
370
    25
100
AcDbCircle
 10
371.2379228964674
 20
-7.942365742891354
 30
0.0
 40
0.9999999999997372
100
AcDbArc
 50
0.0
 51
90.0
  0
LINE
  5
844
330
36
100
AcDbEntity
  8
0
  6
Continuous
 62
     7
370
    25
100
AcDbLine
 10
356.3619463339673
 20
-6.942365742891354
 30
0.0
 11
371.2379228964674
 21
-6.942365742891354
 31
0.0
  0
ARC
  5
845
330
36
100
AcDbEntity
  8
0
  6
Continuous
 62
     7
370
    25
100
AcDbCircle
 10
356.3619463339673
 20
-7.942365742891354
 30
0.0
 40
0.9999999999997726
100
AcDbArc
 50
90.0
 51
180.0
  0
ARC
  5
846
330
36
100
AcDbEntity
  8
0
  6
Continuous
 62
     7
370
    25
100
AcDbCircle
 10
354.3619463339674
 20
-7.942365742891354
 30
0.0
 40
0.9999999999999358
100
AcDbArc
 50
270.0
 51
0.0
  0
LINE
  5
847
330
36
100
AcDbEntity
  8
0
  6
Continuous
 62
     7
370
    25
100
AcDbLine
 10
349.3619463339673
 20
-8.942365742891354
 30
0.0
 11
354.3619463339674
 21
-8.942365742891354
 31
0.0
  0
ARC
  5
848
330
36
100
AcDbEntity
  8
0
  6
Continuous
 62
     7
370
    25
100
AcDbCircle
 10
349.3619463339673
 20
-7.942365742891354
 30
0.0
 40
0.9999999999994571
100
AcDbArc
 50
180.0
 51
270.0
  0
LINE
  5
849
330
36
100
AcDbEntity
  8
0
  6
Continuous
 62
     7
370
    25
100
AcDbLine
 10
348.3619463339674
 20
6.057634257108645
 30
0.0
 11
348.3619463339674
 21
-7.942365742891354
 31
0.0
  0
ARC
  5
84A
330
36
100
AcDbEntity
  8
0
  6
Continuous
 62
     7
370
    25
100
AcDbCircle
 10
349.3619463339673
 20
6.057634257108645
 30
0.0
 40
0.9999999999999708
100
AcDbArc
 50
90.0
 51
180.0
  0
LINE
  5
84B
330
36
100
AcDbEntity
  8
0
  6
Continuous
 62
     7
370
    25
100
AcDbLine
 10
623.5066683188669
 20
64.20762815360865
 30
0.0
 11
594.630691756367
 21
64.20762815360865
 31
0.0
  0
ARC
  5
84C
330
36
100
AcDbEntity
  8
0
  6
Continuous
 62
     7
370
    25
100
AcDbCircle
 10
623.5066683188669
 20
63.20762815360865
 30
0.0
 40
1.000000000000113
100
AcDbArc
 50
0.0
 51
90.0
  0
LINE
  5
84D
330
36
100
AcDbEntity
  8
0
  6
Continuous
 62
     7
370
    25
100
AcDbLine
 10
624.506668318867
 20
49.20762815360865
 30
0.0
 11
624.506668318867
 21
63.20762815360865
 31
0.0
  0
ARC
  5
84E
330
36
100
AcDbEntity
  8
0
  6
Continuous
 62
     7
370
    25
100
AcDbCircle
 10
623.5066683188669
 20
49.20762815360865
 30
0.0
 40
1.000000000000213
100
AcDbArc
 50
270.0
 51
0.0
  0
LINE
  5
84F
330
36
100
AcDbEntity
  8
0
  6
Continuous
 62
     7
370
    25
100
AcDbLine
 10
618.506668318867
 20
48.20762815360865
 30
0.0
 11
623.5066683188669
 21
48.20762815360865
 31
0.0
  0
ARC
  5
850
330
36
100
AcDbEntity
  8
0
  6
Continuous
 62
     7
370
    25
100
AcDbCircle
 10
618.506668318867
 20
49.20762815360865
 30
0.0
 40
0.9999999999997726
100
AcDbArc
 50
180.0
 51
270.0
  0
ARC
  5
851
330
36
100
AcDbEntity
  8
0
  6
Continuous
 62
     7
370
    25
100
AcDbCircle
 10
616.506668318867
 20
49.20762815360865
 30
0.0
 40
1.000000000000454
100
AcDbArc
 50
0.0
 51
90.0
  0
LINE
  5
852
330
36
100
AcDbEntity
  8
0
  6
Continuous
 62
     7
370
    25
100
AcDbLine
 10
601.630691756367
 20
50.20762815360865
 30
0.0
 11
616.506668318867
 21
50.20762815360865
 31
0.0
  0
ARC
  5
853
330
36
100
AcDbEntity
  8
0
  6
Continuous
 62
     7
370
    25
100
AcDbCircle
 10
601.630691756367
 20
49.20762815360865
 30
0.0
 40
1.000000000000227
100
AcDbArc
 50
90.0
 51
180.0
  0
ARC
  5
854
330
36
100
AcDbEntity
  8
0
  6
Continuous
 62
     7
370
    25
100
AcDbCircle
 10
599.630691756367
 20
49.20762815360865
 30
0.0
 40
0.9999999999997726
100
AcDbArc
 50
270.0
 51
0.0
  0
LINE
  5
855
330
36
100
AcDbEntity
  8
0
  6
Continuous
 62
     7
370
    25
100
AcDbLine
 10
594.630691756367
 20
48.20762815360865
 30
0.0
 11
599.630691756367
 21
48.20762815360865
 31
0.0
  0
ARC
  5
856
330
36
100
AcDbEntity
  8
0
  6
Continuous
 62
     7
370
    25
100
AcDbCircle
 10
594.630691756367
 20
49.20762815360865
 30
0.0
 40
1.000000000000027
100
AcDbArc
 50
180.0
 51
270.0
  0
LINE
  5
857
330
36
100
AcDbEntity
  8
0
  6
Continuous
 62
     7
370
    25
100
AcDbLine
 10
593.630691756367
 20
63.20762815360865
 30
0.0
 11
593.630691756367
 21
49.20762815360865
 31
0.0
  0
ARC
  5
858
330
36
100
AcDbEntity
  8
0
  6
Continuous
 62
     7
370
    25
100
AcDbCircle
 10
594.630691756367
 20
63.20762815360865
 30
0.0
 40
0.9999999999999149
100
AcDbArc
 50
90.0
 51
180.0
  0
LINE
  5
859
330
36
100
AcDbEntity
  8
0
  6
Continuous
 62
     7
370
    25
100
AcDbLine
 10
587.2146378434681
 20
-28.51623453479135
 30
0.0
 11
546.3305878715232
 21
-28.516229122157
 31
0.0
  0
ARC
  5
85A
330
36
100
AcDbEntity
  8
0
  6
Continuous
 62
     7
370
    25
100
AcDbCircle
 10
587.2146373800679
 20
-32.01623453479135
 30
0.0
 40
3.500000000001049
100
AcDbArc
 50
29.99999241468437
 51
89.99999241473391
  0
LINE
  5
85B
330
36
100
AcDbEntity
  8
0
  6
Continuous
 62
     7
370
    25
100
AcDbLine
 10
592.2671066523671
 20
-33.76736908849137
 30
0.0
 11
590.2457265249668
 21
-30.26623493599141
 31
0.0
  0
ARC
  5
85C
330
36
100
AcDbEntity
  8
0
  6
Continuous
 62
     7
370
    25
100
AcDbCircle
 10
594.4321703272671
 20
-32.51736937509139
 30
0.0
 40
2.499999999998866
100
AcDbArc
 50
209.9999924146843
 51
270.0
  0
LINE
  5
85D
330
36
100
AcDbEntity
  8
0
  6
Continuous
 62
     7
370
    25
100
AcDbLine
 10
597.9680684473678
 20
-35.01736937509139
 30
0.0
 11
594.4321703272671
 21
-35.01736937509139
 31
0.0
  0
ARC
  5
85E
330
36
100
AcDbEntity
  8
0
  6
Continuous
 62
     7
370
    25
100
AcDbCircle
 10
597.9680684473678
 20
-32.51736937509139
 30
0.0
 40
2.500000000000751
100
AcDbArc
 50
270.0
 51
329.9999999999805
  0
LINE
  5
85F
330
36
100
AcDbEntity
  8
0
  6
Continuous
 62
     7
370
    25
100
AcDbLine
 10
602.1538755252677
 20
-30.2673388454914
 30
0.0
 11
600.1331319568671
 21
-33.76736937509139
 31
0.0
  0
ARC
  5
860
330
36
100
AcDbEntity
  8
0
  6
Continuous
 62
     7
370
    25
100
AcDbCircle
 10
605.1849644385675
 20
-32.0173388454914
 30
0.0
 40
3.500000000000503
100
AcDbArc
 50
90.0
 51
149.9999999999805
  0
LINE
  5
861
330
36
100
AcDbEntity
  8
0
  6
Continuous
 62
     7
370
    25
100
AcDbLine
 10
667.2152740713682
 20
-28.5173388454914
 30
0.0
 11
605.1849644385675
 21
-28.5173388454914
 31
0.0
  0
ARC
  5
862
330
36
100
AcDbEntity
  8
0
  6
Continuous
 62
     7
370
    25
100
AcDbCircle
 10
667.2152740713682
 20
-32.0173388454914
 30
0.0
 40
3.499999999999248
100
AcDbArc
 50
30.00000000001953
 51
90.0
  0
LINE
  5
863
330
36
100
AcDbEntity
  8
0
  6
Continuous
 62
     7
370
    25
100
AcDbLine
 10
672.2671065530667
 20
-33.76736937509139
 30
0.0
 11
670.2463629846679
 21
-30.2673388454914
 31
0.0
  0
ARC
  5
864
330
36
100
AcDbEntity
  8
0
  6
Continuous
 62
     7
370
    25
100
AcDbCircle
 10
674.4321700625678
 20
-32.51736937509139
 30
0.0
 40
2.500000000001154
100
AcDbArc
 50
210.0000000000195
 51
270.0
  0
LINE
  5
865
330
36
100
AcDbEntity
  8
0
  6
Continuous
 62
     7
370
    25
100
AcDbLine
 10
677.9680684473678
 20
-35.01736937509139
 30
0.0
 11
674.4321700625678
 21
-35.01736937509139
 31
0.0
  0
ARC
  5
866
330
36
100
AcDbEntity
  8
0
  6
Continuous
 62
     7
370
    25
100
AcDbCircle
 10
677.9680684473678
 20
-32.51736937509139
 30
0.0
 40
2.500000000000711
100
AcDbArc
 50
270.0
 51
329.9999999999805
  0
LINE
  5
867
330
36
100
AcDbEntity
  8
0
  6
Continuous
 62
     7
370
    25
100
AcDbLine
 10
682.1538755252677
 20
-30.2673388454914
 30
0.0
 11
680.1331319568671
 21
-33.76736937509139
 31
0.0
  0
ARC
  5
868
330
36
100
AcDbEntity
  8
0
  6
Continuous
 62
     7
370
    25
100
AcDbCircle
 10
685.1849644385675
 20
-32.0173388454914
 30
0.0
 40
3.499999999999873
100
AcDbArc
 50
90.0
 51
149.9999999999805
  0
LINE
  5
869
330
36
100
AcDbEntity
  8
0
  6
Continuous
 62
     7
370
    25
100
AcDbLine
 10
688.2026921301676
 20
-28.5173388454914
 30
0.0
 11
685.1849644385675
 21
-28.5173388454914
 31
0.0
  0
ARC
  5
86A
330
36
100
AcDbEntity
  8
0
  6
Continuous
 62
     7
370
    25
100
AcDbCircle
 10
688.2026921301676
 20
-26.5173388454914
 30
0.0
 40
2.000000000000498
100
AcDbArc
 50
270.0
 51
315.0000000000061
  0
LINE
  5
86B
330
36
100
AcDbEntity
  8
0
  6
Continuous
 62
     7
370
    25
100
AcDbLine
 10
691.4453328173676
 20
-26.1031252830914
 30
0.0
 11
689.6169056925664
 21
-27.93155240789139
 31
0.0
  0
ARC
  5
86C
330
36
100
AcDbEntity
  8
0
  6
Continuous
 62
     7
370
    25
100
AcDbCircle
 10
690.031119254967
 20
-24.68891172079139
 30
0.0
 40
1.999999999997331
100
AcDbArc
 50
315.0000000000061
 51
0.0
  0
LINE
  5
86D
330
36
100
AcDbEntity
  8
0
  6
Continuous
 62
     7
370
    25
100
AcDbLine
 10
692.031119254967
 20
-11.00403149679141
 30
0.0
 11
692.031119254967
 21
-24.68891172079139
 31
0.0
  0
ARC
  5
86E
330
36
100
AcDbEntity
  8
0
  6
Continuous
 62
     7
370
    25
100
AcDbCircle
 10
690.1311192549674
 20
-11.00403149679141
 30
0.0
 40
1.900000000002163
100
AcDbArc
 50
0.0
 51
38.6598082541063
  0
LINE
  5
86F
330
36
100
AcDbEntity
  8
0
  6
Continuous
 62
     7
370
    25
100
AcDbLine
 10
690.4912947551674
 20
-8.412766859191378
 30
0.0
 11
691.6147699928679
 21
-9.817110906491393
 31
0.0
  0
ARC
  5
870
330
36
100
AcDbEntity
  8
0
  6
Continuous
 62
     7
370
    25
100
AcDbCircle
 10
692.1311192549674
 20
-7.100907259391419
 30
0.0
 40
2.099999999998033
100
AcDbArc
 50
180.0
 51
218.6598082541063
  0
LINE
  5
871
330
36
100
AcDbEntity
  8
0
  6
Continuous
 62
     7
370
    25
100
AcDbLine
 10
690.031119254967
 20
23.12866850320859
 30
0.0
 11
690.031119254967
 21
-7.100907259391419
 31
0.0
  0
ARC
  5
872
330
36
100
AcDbEntity
  8
0
  6
Continuous
 62
     7
370
    25
100
AcDbCircle
 10
692.1311168408665
 20
23.1318527417086
 30
0.0
 40
2.099999999998409
100
AcDbArc
 50
141.4514604055938
 51
180.0868778545984
  0
LINE
  5
873
330
36
100
AcDbEntity
  8
0
  6
Continuous
 62
     7
370
    25
100
AcDbLine
 10
691.6122230353667
 20
25.8448693705086
 30
0.0
 11
690.488747797568
 21
24.44052532330863
 31
0.0
  0
ARC
  5
874
330
36
100
AcDbEntity
  8
0
  6
Continuous
 62
     7
370
    25
100
AcDbCircle
 10
690.128572297468
 20
27.03178996080862
 30
0.0
 40
1.899999999999119
100
AcDbArc
 50
321.3401917458936
 51
0.0
  0
LINE
  5
875
330
36
100
AcDbEntity
  8
0
  6
Continuous
 62
     7
370
    25
100
AcDbLine
 10
692.0285722974677
 20
86.71667018480855
 30
0.0
 11
692.0285722974677
 21
27.03178996080862
 31
0.0
  0
ARC
  5
876
330
36
100
AcDbEntity
  8
0
  6
Continuous
 62
     7
370
    25
100
AcDbCircle
 10
690.0285722974676
 20
86.71667018480855
 30
0.0
 40
2.000000000003013
100
AcDbArc
 50
0.0
 51
44.99999999999395
  0
LINE
  5
877
330
36
100
AcDbEntity
  8
0
  6
Continuous
 62
     7
370
    25
100
AcDbLine
 10
689.614358735067
 20
89.95931087190859
 30
0.0
 11
691.4427858597682
 21
88.13088374710861
 31
0.0
  0
ARC
  5
878
330
36
100
AcDbEntity
  8
0
  6
Continuous
 62
     7
370
    25
100
AcDbCircle
 10
688.2001451726664
 20
88.5450973095086
 30
0.0
 40
1.999999999994286
100
AcDbArc
 50
44.99999999999395
 51
90.0
  0
LINE
  5
879
330
36
100
AcDbEntity
  8
0
  6
Continuous
 62
     7
370
    25
100
AcDbLine
 10
686.018389648867
 20
90.5450973095086
 30
0.0
 11
688.2001451726664
 21
90.5450973095086
 31
0.0
  0
ARC
  5
87A
330
36
100
AcDbEntity
  8
0
  6
Continuous
 62
     7
370
    25
100
AcDbCircle
 10
686.018389648867
 20
94.04509730950861
 30
0.0
 40
3.5
100
AcDbArc
 50
216.4926137720709
 51
270.0
  0
LINE
  5
87B
330
36
100
AcDbEntity
  8
0
  6
Continuous
 62
     7
370
    25
100
AcDbLine
 10
680.1950391454665
 20
96.03189519300862
 30
0.0
 11
683.2046222766676
 21
91.96358027260862
 31
0.0
  0
ARC
  5
87C
330
36
100
AcDbEntity
  8
0
  6
Continuous
 62
     7
370
    25
100
AcDbCircle
 10
678.1852053081674
 20
94.5450973095086
 30
0.0
 40
2.499999999999107
100
AcDbArc
 50
36.49261377207089
 51
90.0
  0
LINE
  5
87D
330
36
100
AcDbEntity
  8
0
  6
Continuous
 62
     7
370
    25
100
AcDbLine
 10
674.4296231049665
 20
97.0450973095086
 30
0.0
 11
678.1852053081674
 21
97.0450973095086
 31
0.0
  0
ARC
  5
87E
330
36
100
AcDbEntity
  8
0
  6
Continuous
 62
     7
370
    25
100
AcDbCircle
 10
674.4296231049665
 20
94.5450973095086
 30
0.0
 40
2.500000000001186
100
AcDbArc
 50
90.0
 51
149.9999999999805
  0
LINE
  5
87F
330
36
100
AcDbEntity
  8
0
  6
Continuous
 62
     7
370
    25
100
AcDbLine
 10
670.2438336533669
 20
92.2950973095086
 30
0.0
 11
672.2645595955673
 21
95.7950973095086
 31
0.0
  0
ARC
  5
880
330
36
100
AcDbEntity
  8
0
  6
Continuous
 62
     7
370
    25
100
AcDbCircle
 10
667.2127447401671
 20
94.04509730950861
 30
0.0
 40
3.500000000000165
100
AcDbArc
 50
270.0
 51
329.9999999999805
  0
LINE
  5
881
330
36
100
AcDbEntity
  8
0
  6
Continuous
 62
     7
370
    25
100
AcDbLine
 10
635.6962044516676
 20
90.5450973095086
 30
0.0
 11
667.2127447401671
 21
90.5450973095086
 31
0.0
  0
ARC
  5
882
330
36
100
AcDbEntity
  8
0
  6
Continuous
 62
     7
370
    25
100
AcDbCircle
 10
635.6962044516676
 20
89.5450973095086
 30
0.0
 40
1.000000000000567
100
AcDbArc
 50
90.0
 51
180.0
  0
LINE
  5
883
330
36
100
AcDbEntity
  8
0
  6
Continuous
 62
     7
370
    25
100
AcDbLine
 10
634.6962044516677
 20
88.27012815360864
 30
0.0
 11
634.6962044516677
 21
89.5450973095086
 31
0.0
  0
ARC
  5
884
330
36
100
AcDbEntity
  8
0
  6
Continuous
 62
     7
370
    25
100
AcDbCircle
 10
633.6962044516676
 20
88.27012815360864
 30
0.0
 40
1.000000000000738
100
AcDbArc
 50
270.0
 51
0.0
  0
LINE
  5
885
330
36
100
AcDbEntity
  8
0
  6
Continuous
 62
     7
370
    25
100
AcDbLine
 10
627.3075496664678
 20
87.27012815360865
 30
0.0
 11
633.6962044516676
 21
87.27012815360865
 31
0.0
  0
ARC
  5
886
330
36
100
AcDbEntity
  8
0
  6
Continuous
 62
     7
370
    25
100
AcDbCircle
 10
627.3075496664678
 20
88.27012815360864
 30
0.0
 40
1.0
100
AcDbArc
 50
180.0
 51
270.0
  0
LINE
  5
887
330
36
100
AcDbEntity
  8
0
  6
Continuous
 62
     7
370
    25
100
AcDbLine
 10
626.3075496664677
 20
89.5450973095086
 30
0.0
 11
626.3075496664677
 21
88.27012815360864
 31
0.0
  0
ARC
  5
888
330
36
100
AcDbEntity
  8
0
  6
Continuous
 62
     7
370
    25
100
AcDbCircle
 10
625.3075496664678
 20
89.5450973095086
 30
0.0
 40
0.9999999999994033
100
AcDbArc
 50
0.0
 51
90.0
  0
LINE
  5
889
330
36
100
AcDbEntity
  8
0
  6
Continuous
 62
     7
370
    25
100
AcDbLine
 10
605.1823998547679
 20
90.5450973095086
 30
0.0
 11
625.3075496664678
 21
90.5450973095086
 31
0.0
  0
ARC
  5
88A
330
36
100
AcDbEntity
  8
0
  6
Continuous
 62
     7
370
    25
100
AcDbCircle
 10
605.1823998547679
 20
94.04509730950861
 30
0.0
 40
3.499999999999004
100
AcDbArc
 50
210.0000000000195
 51
270.0
  0
LINE
  5
88B
330
36
100
AcDbEntity
  8
0
  6
Continuous
 62
     7
370
    25
100
AcDbLine
 10
600.1305849992677
 20
95.7950973095086
 30
0.0
 11
602.1513109414682
 21
92.2950973095086
 31
0.0
  0
ARC
  5
88C
330
36
100
AcDbEntity
  8
0
  6
Continuous
 62
     7
370
    25
100
AcDbCircle
 10
597.9655214898667
 20
94.5450973095086
 30
0.0
 40
2.500000000000599
100
AcDbArc
 50
30.00000000001953
 51
90.0
  0
LINE
  5
88D
330
36
100
AcDbEntity
  8
0
  6
Continuous
 62
     7
370
    25
100
AcDbLine
 10
594.4296231049666
 20
97.0450973095086
 30
0.0
 11
597.9655214898667
 21
97.0450973095086
 31
0.0
  0
ARC
  5
88E
330
36
100
AcDbEntity
  8
0
  6
Continuous
 62
     7
370
    25
100
AcDbCircle
 10
594.4296231049666
 20
94.5450973095086
 30
0.0
 40
2.499999999999459
100
AcDbArc
 50
90.0
 51
149.9999999999805
  0
LINE
  5
88F
330
36
100
AcDbEntity
  8
0
  6
Continuous
 62
     7
370
    25
100
AcDbLine
 10
590.2438336533669
 20
92.2950973095086
 30
0.0
 11
592.2645595955673
 21
95.7950973095086
 31
0.0
  0
ARC
  5
890
330
36
100
AcDbEntity
  8
0
  6
Continuous
 62
     7
370
    25
100
AcDbCircle
 10
587.2127447401672
 20
94.04509730950861
 30
0.0
 40
3.499999999999977
100
AcDbArc
 50
270.0
 51
329.9999999999805
  0
LINE
  5
891
330
36
100
AcDbEntity
  8
0
  6
Continuous
 62
     7
370
    25
100
AcDbLine
 10
525.1823998547679
 20
90.5450973095086
 30
0.0
 11
587.2127447401672
 21
90.5450973095086
 31
0.0
  0
ARC
  5
892
330
36
100
AcDbEntity
  8
0
  6
Continuous
 62
     7
370
    25
100
AcDbCircle
 10
525.1823998547679
 20
94.04509730950861
 30
0.0
 40
3.499999999998009
100
AcDbArc
 50
210.0000000000195
 51
270.0
  0
LINE
  5
893
330
36
100
AcDbEntity
  8
0
  6
Continuous
 62
     7
370
    25
100
AcDbLine
 10
520.1305849992677
 20
95.7950973095086
 30
0.0
 11
522.1513109414681
 21
92.2950973095086
 31
0.0
  0
ARC
  5
894
330
36
100
AcDbEntity
  8
0
  6
Continuous
 62
     7
370
    25
100
AcDbCircle
 10
517.9655214898666
 20
94.5450973095086
 30
0.0
 40
2.499999999999955
100
AcDbArc
 50
30.00000000001953
 51
90.0
  0
LINE
  5
895
330
36
100
AcDbEntity
  8
0
  6
Continuous
 62
     7
370
    25
100
AcDbLine
 10
514.4296231049666
 20
97.0450973095086
 30
0.0
 11
517.9655214898666
 21
97.0450973095086
 31
0.0
  0
ARC
  5
896
330
36
100
AcDbEntity
  8
0
  6
Continuous
 62
     7
370
    25
100
AcDbCircle
 10
514.4296231049666
 20
94.5450973095086
 30
0.0
 40
2.500000000000284
100
AcDbArc
 50
90.0
 51
149.9999999999805
  0
LINE
  5
897
330
36
100
AcDbEntity
  8
0
  6
Continuous
 62
     7
370
    25
100
AcDbLine
 10
510.2438336533668
 20
92.2950973095086
 30
0.0
 11
512.2645595955673
 21
95.7950973095086
 31
0.0
  0
ARC
  5
898
330
36
100
AcDbEntity
  8
0
  6
Continuous
 62
     7
370
    25
100
AcDbCircle
 10
507.2127447401672
 20
94.04509730950861
 30
0.0
 40
3.500000000000177
100
AcDbArc
 50
270.0
 51
329.9999999999805
  0
LINE
  5
899
330
36
100
AcDbEntity
  8
0
  6
Continuous
 62
     7
370
    25
100
AcDbLine
 10
445.1823998547679
 20
90.54509730950867
 30
0.0
 11
507.2127447401672
 21
90.5450973095086
 31
0.0
  0
ARC
  5
89A
330
36
100
AcDbEntity
  8
0
  6
Continuous
 62
     7
370
    25
100
AcDbCircle
 10
445.1823998547679
 20
94.04509730950866
 30
0.0
 40
3.5
100
AcDbArc
 50
210.0000000000195
 51
270.0
  0
LINE
  5
89B
330
36
100
AcDbEntity
  8
0
  6
Continuous
 62
     7
370
    25
100
AcDbLine
 10
440.1305849992677
 20
95.79509730950865
 30
0.0
 11
442.1513109414681
 21
92.29509730950866
 31
0.0
  0
ARC
  5
89C
330
36
100
AcDbEntity
  8
0
  6
Continuous
 62
     7
370
    25
100
AcDbCircle
 10
437.9655214898666
 20
94.54509730950865
 30
0.0
 40
2.499999999999509
100
AcDbArc
 50
30.00000000001953
 51
90.0
  0
LINE
  5
89D
330
36
100
AcDbEntity
  8
0
  6
Continuous
 62
     7
370
    25
100
AcDbLine
 10
434.4296231049666
 20
97.04509730950867
 30
0.0
 11
437.9655214898666
 21
97.04509730950867
 31
0.0
  0
ARC
  5
89E
330
36
100
AcDbEntity
  8
0
  6
Continuous
 62
     7
370
    25
100
AcDbCircle
 10
434.4296231049666
 20
94.54509730950865
 30
0.0
 40
2.500000000000462
100
AcDbArc
 50
90.0
 51
149.9999999999805
  0
LINE
  5
89F
330
36
100
AcDbEntity
  8
0
  6
Continuous
 62
     7
370
    25
100
AcDbLine
 10
430.2438336533668
 20
92.29509730950866
 30
0.0
 11
432.2645595955673
 21
95.79509730950865
 31
0.0
  0
ARC
  5
8A0
330
36
100
AcDbEntity
  8
0
  6
Continuous
 62
     7
370
    25
100
AcDbCircle
 10
427.2127447401671
 20
94.04509730950866
 30
0.0
 40
3.499999999999573
100
AcDbArc
 50
270.0
 51
329.9999999999805
  0
LINE
  5
8A1
330
36
100
AcDbEntity
  8
0
  6
Continuous
 62
     7
370
    25
100
AcDbLine
 10
365.1823998547679
 20
90.54509730950867
 30
0.0
 11
427.2127447401671
 21
90.54509730950867
 31
0.0
  0
ARC
  5
8A2
330
36
100
AcDbEntity
  8
0
  6
Continuous
 62
     7
370
    25
100
AcDbCircle
 10
365.1823998547679
 20
94.04509730950866
 30
0.0
 40
3.499999999999004
100
AcDbArc
 50
210.0000000000195
 51
270.0
  0
LINE
  5
8A3
330
36
100
AcDbEntity
  8
0
  6
Continuous
 62
     7
370
    25
100
AcDbLine
 10
360.1305849992677
 20
95.79509730950865
 30
0.0
 11
362.1513109414682
 21
92.29509730950866
 31
0.0
  0
ARC
  5
8A4
330
36
100
AcDbEntity
  8
0
  6
Continuous
 62
     7
370
    25
100
AcDbCircle
 10
357.9655214898667
 20
94.54509730950865
 30
0.0
 40
2.500000000001114
100
AcDbArc
 50
30.00000000001953
 51
90.0
  0
LINE
  5
8A5
330
36
100
AcDbEntity
  8
0
  6
Continuous
 62
     7
370
    25
100
AcDbLine
 10
354.4296231049666
 20
97.04509730950867
 30
0.0
 11
357.9655214898667
 21
97.04509730950867
 31
0.0
  0
ARC
  5
8A6
330
36
100
AcDbEntity
  8
0
  6
Continuous
 62
     7
370
    25
100
AcDbCircle
 10
354.4296231049666
 20
94.54509730950865
 30
0.0
 40
2.499999999999744
100
AcDbArc
 50
90.0
 51
149.9999999999805
  0
LINE
  5
8A7
330
36
100
AcDbEntity
  8
0
  6
Continuous
 62
     7
370
    25
100
AcDbLine
 10
350.2438335386669
 20
92.29509711090861
 30
0.0
 11
352.2645595955673
 21
95.79509730950865
 31
0.0
  0
ARC
  5
8A8
330
36
100
AcDbEntity
  8
0
  6
Continuous
 62
     7
370
    25
100
AcDbCircle
 10
347.2127446254672
 20
94.04509711090861
 30
0.0
 40
3.49999999999915
100
AcDbArc
 50
270.0
 51
329.9999999999805
  0
LINE
  5
8A9
330
36
100
AcDbEntity
  8
0
  6
Continuous
 62
     7
370
    25
100
AcDbLine
 10
344.1946148016668
 20
90.54509711090862
 30
0.0
 11
347.2127446254672
 21
90.54509711090862
 31
0.0
  0
ARC
  5
8AA
330
36
100
AcDbEntity
  8
0
  6
Continuous
 62
     7
370
    25
100
AcDbCircle
 10
344.1946148016668
 20
88.54509711090861
 30
0.0
 40
1.999999999999004
100
AcDbArc
 50
90.0
 51
135.000000000006
  0
LINE
  5
8AB
330
36
100
AcDbEntity
  8
0
  6
Continuous
 62
     7
370
    25
100
AcDbLine
 10
340.9519741145668
 20
88.13088354860866
 30
0.0
 11
342.7804012393681
 21
89.95931067330866
 31
0.0
  0
ARC
  5
8AC
330
36
100
AcDbEntity
  8
0
  6
Continuous
 62
     7
370
    25
100
AcDbCircle
 10
342.3661876769675
 20
86.71666998620867
 30
0.0
 40
1.999999999997914
100
AcDbArc
 50
135.000000000006
 51
180.0
  0
LINE
  5
8AD
330
36
100
AcDbEntity
  8
0
  6
Continuous
 62
     7
370
    25
100
AcDbLine
 10
340.3661876769675
 20
43.03235778880867
 30
0.0
 11
340.3661876769675
 21
86.71666998620867
 31
0.0
  0
ARC
  5
8AE
330
36
100
AcDbEntity
  8
0
  6
Continuous
 62
     7
370
    25
100
AcDbCircle
 10
342.2661876769671
 20
43.03235778880867
 30
0.0
 40
1.89999999999714
100
AcDbArc
 50
180.0
 51
218.6598082541063
  0
LINE
  5
8AF
330
36
100
AcDbEntity
  8
0
  6
Continuous
 62
     7
370
    25
100
AcDbLine
 10
341.9060121767671
 20
40.44109315120863
 30
0.0
 11
340.7825369390666
 21
41.84543719840866
 31
0.0
  0
ARC
  5
8B0
330
36
100
AcDbEntity
  8
0
  6
Continuous
 62
     7
370
    25
100
AcDbCircle
 10
340.2661876769671
 20
39.12923355130863
 30
0.0
 40
2.100000000004402
100
AcDbArc
 50
0.0
 51
38.6598082541063
  0
LINE
  5
8B1
330
36
100
AcDbEntity
  8
0
  6
Continuous
 62
     7
370
    25
100
AcDbLine
 10
342.3661876769675
 20
-1.100342211191332
 30
0.0
 11
342.3661876769675
 21
39.12923355130863
 31
0.0
  0
ARC
  5
8B2
330
36
100
AcDbEntity
  8
0
  6
Continuous
 62
     7
370
    25
100
AcDbCircle
 10
340.2661876769671
 20
-1.100342211191332
 30
0.0
 40
2.100000000001219
100
AcDbArc
 50
321.3401917458936
 51
0.0
  0
LINE
  5
8B3
330
36
100
AcDbEntity
  8
0
  6
Continuous
 62
     7
370
    25
100
AcDbLine
 10
340.7825369390666
 20
-3.816545858291362
 30
0.0
 11
341.9060121767671
 21
-2.412201811091335
 31
0.0
  0
ARC
  5
8B4
330
36
100
AcDbEntity
  8
0
  6
Continuous
 62
     7
370
    25
100
AcDbCircle
 10
342.2661876769671
 20
-5.003466448691369
 30
0.0
 40
1.900000000000801
100
AcDbArc
 50
141.3401917458937
 51
180.0
  0
LINE
  5
8B5
330
36
100
AcDbEntity
  8
0
  6
Continuous
 62
     7
370
    25
100
AcDbLine
 10
340.3661876769675
 20
-24.68777864609137
 30
0.0
 11
340.3661876769675
 21
-5.003466448691369
 31
0.0
  0
ARC
  5
8B6
330
36
100
AcDbEntity
  8
0
  6
Continuous
 62
     7
370
    25
100
AcDbCircle
 10
342.3661876769675
 20
-24.68777864609137
 30
0.0
 40
2.000000000001759
100
AcDbArc
 50
180.0
 51
224.999999999994
  0
LINE
  5
8B7
330
36
100
AcDbEntity
  8
0
  6
Continuous
 62
     7
370
    25
100
AcDbLine
 10
342.7804012393681
 20
-27.93041933319137
 30
0.0
 11
340.9519741145668
 21
-26.10199220849131
 31
0.0
  0
ARC
  5
8B8
330
36
100
AcDbEntity
  8
0
  6
Continuous
 62
     7
370
    25
100
AcDbCircle
 10
344.1946148016668
 20
-26.51620577079132
 30
0.0
 40
1.999999999999093
100
AcDbArc
 50
224.999999999994
 51
270.0
  0
LINE
  5
8B9
330
36
100
AcDbEntity
  8
0
  6
Continuous
 62
     7
370
    25
100
AcDbLine
 10
347.2120713279673
 20
-28.51620577079131
 30
0.0
 11
344.1946148016668
 21
-28.51620577079131
 31
0.0
  0
ARC
  5
8BA
330
36
100
AcDbEntity
  8
0
  6
Continuous
 62
     7
370
    25
100
AcDbCircle
 10
347.2120713279673
 20
-32.01620577079132
 30
0.0
 40
3.499999999998298
100
AcDbArc
 50
30.00000000001953
 51
90.0
  0
LINE
  5
8BB
330
36
100
AcDbEntity
  8
0
  6
Continuous
 62
     7
370
    25
100
AcDbLine
 10
352.2645595955673
 20
-33.76737215489135
 30
0.0
 11
350.2431602411671
 21
-30.26620577079132
 31
0.0
  0
ARC
  5
8BC
330
36
100
AcDbEntity
  8
0
  6
Continuous
 62
     7
370
    25
100
AcDbCircle
 10
354.4296231049666
 20
-32.51737215489135
 30
0.0
 40
2.500000000002655
100
AcDbArc
 50
210.0000000000195
 51
270.0
  0
LINE
  5
8BD
330
36
100
AcDbEntity
  8
0
  6
Continuous
 62
     7
370
    25
100
AcDbLine
 10
357.9655214898667
 20
-35.01737215489135
 30
0.0
 11
354.4296231049666
 21
-35.01737215489135
 31
0.0
  0
ARC
  5
8BE
330
36
100
AcDbEntity
  8
0
  6
Continuous
 62
     7
370
    25
100
AcDbCircle
 10
357.9655214898667
 20
-32.51737215489135
 30
0.0
 40
2.499999999999779
100
AcDbArc
 50
270.0
 51
329.9999999999805
  0
LINE
  5
8BF
330
36
100
AcDbEntity
  8
0
  6
Continuous
 62
     7
370
    25
100
AcDbLine
 10
362.1519831124679
 20
-30.26620792069139
 30
0.0
 11
360.1305849992677
 21
-33.76737215489135
 31
0.0
  0
ARC
  5
8C0
330
36
100
AcDbEntity
  8
0
  6
Continuous
 62
     7
370
    25
100
AcDbCircle
 10
365.1830720256676
 20
-32.01620792069139
 30
0.0
 40
3.499999999999703
100
AcDbArc
 50
89.99999529767906
 51
149.9999999999805
  0
LINE
  5
8C1
330
36
100
AcDbEntity
  8
0
  6
Continuous
 62
     7
370
    25
100
AcDbLine
 10
417.7103830540175
 20
-28.51621654256513
 30
0.0
 11
365.1830723129679
 21
-28.51620792069139
 31
0.0
  0
ARC
  5
8C2
330
36
100
AcDbEntity
  8
0
  6
Continuous
 62
     7
370
    25
100
AcDbCircle
 10
417.712077310267
 20
-32.01621613249068
 30
0.0
 40
3.499999999997601
100
AcDbArc
 50
30.00000000001953
 51
89.99999150509813
  0
LINE
  5
8C3
330
36
100
AcDbEntity
  8
0
  6
Continuous
 62
     7
370
    25
100
AcDbLine
 10
422.7645595955673
 20
-33.76737215489072
 30
0.0
 11
420.7431662235667
 21
-30.26621613249068
 31
0.0
  0
ARC
  5
8C4
330
36
100
AcDbEntity
  8
0
  6
Continuous
 62
     7
370
    25
100
AcDbCircle
 10
424.9296231049665
 20
-32.51737215489072
 30
0.0
 40
2.500000000002872
100
AcDbArc
 50
210.0000000000195
 51
270.0
  0
LINE
  5
8C5
330
36
100
AcDbEntity
  8
0
  6
Continuous
 62
     7
370
    25
100
AcDbLine
 10
437.9655214898663
 20
-35.01737215489209
 30
0.0
 11
424.9296231049665
 21
-35.01737215489072
 31
0.0
  0
ARC
  5
8C6
330
36
100
AcDbEntity
  8
0
  6
Continuous
 62
     7
370
    25
100
AcDbCircle
 10
437.9655214898666
 20
-32.51737215489141
 30
0.0
 40
2.500000000000689
100
AcDbArc
 50
270.0
 51
329.9999999999805
  0
LINE
  5
8C7
330
36
100
AcDbEntity
  8
0
  6
Continuous
 62
     7
370
    25
100
AcDbLine
 10
442.1519769976676
 20
-30.26621851169136
 30
0.0
 11
440.1305849992677
 21
-33.76737215489141
 31
0.0
  0
ARC
  5
8C8
330
36
100
AcDbEntity
  8
0
  6
Continuous
 62
     7
370
    25
100
AcDbCircle
 10
445.1830659109673
 20
-32.01621851169136
 30
0.0
 40
3.500000000000761
100
AcDbArc
 50
89.99999620741908
 51
149.9999999999805
  0
LINE
  5
8C9
330
36
100
AcDbEntity
  8
0
  6
Continuous
 62
     7
370
    25
100
AcDbLine
 10
507.2120838883675
 20
-28.51622672359139
 30
0.0
 11
445.1830661426665
 21
-28.51621851169137
 31
0.0
  0
ARC
  5
8CA
330
36
100
AcDbEntity
  8
0
  6
Continuous
 62
     7
370
    25
100
AcDbCircle
 10
507.2120834249671
 20
-32.01622672359139
 30
0.0
 40
3.500000000000201
100
AcDbArc
 50
30.00000000001953
 51
89.99999241473391
  0
LINE
  5
8CB
330
36
100
AcDbEntity
  8
0
  6
Continuous
 62
     7
370
    25
100
AcDbLine
 10
512.2645595955673
 20
-33.76737215489141
 30
0.0
 11
510.2431723382669
 21
-30.26622672359139
 31
0.0
  0
ARC
  5
8CC
330
36
100
AcDbEntity
  8
0
  6
Continuous
 62
     7
370
    25
100
AcDbCircle
 10
514.4296231049666
 20
-32.51737215489141
 30
0.0
 40
2.50000000000026
100
AcDbArc
 50
210.0000000000195
 51
270.0
  0
LINE
  5
8D6
330
36
100
AcDbEntity
  8
0
 62
     7
100
AcDbLine
 10
350.1561769857671
 20
-11.9923718354413
 30
0.0
 11
363.1561769857672
 21
-11.9923718354413
 31
0.0
  0
LINE
  5
8D7
330
36
100
AcDbEntity
  8
0
 62
     7
100
AcDbLine
 10
350.1561769857671
 20
-25.99237183544131
 30
0.0
 11
363.1561769857672
 21
-25.99237183544131
 31
0.0
  0
LINE
  5
8D8
330
36
100
AcDbEntity
  8
0
 62
     7
100
AcDbLine
 10
349.6561769857672
 20
-12.4923718354413
 30
0.0
 11
349.6561769857672
 21
-25.49237183544131
 31
0.0
  0
LINE
  5
8D9
330
36
100
AcDbEntity
  8
0
 62
     7
100
AcDbLine
 10
363.6561769857672
 20
-12.4923718354413
 30
0.0
 11
363.6561769857672
 21
-25.49237183544131
 31
0.0
  0
ARC
  5
8DA
330
36
100
AcDbEntity
  8
0
 62
     7
100
AcDbCircle
 10
350.1561769857671
 20
-12.4923718354413
 30
0.0
 40
0.5
100
AcDbArc
 50
90.0
 51
180.0
  0
ARC
  5
8DB
330
36
100
AcDbEntity
  8
0
 62
     7
100
AcDbCircle
 10
363.1561769857672
 20
-12.4923718354413
 30
0.0
 40
0.5
100
AcDbArc
 50
0.0
 51
90.0
  0
ARC
  5
8DC
330
36
100
AcDbEntity
  8
0
 62
     7
100
AcDbCircle
 10
350.1561769857671
 20
-25.49237183544131
 30
0.0
 40
0.5
100
AcDbArc
 50
180.0
 51
270.0
  0
ARC
  5
8DD
330
36
100
AcDbEntity
  8
0
 62
     7
100
AcDbCircle
 10
363.1561769857672
 20
-25.49237183544131
 30
0.0
 40
0.5
100
AcDbArc
 50
270.0
 51
0.0
  0
LINE
  5
8DE
330
36
100
AcDbEntity
  8
0
 62
     7
100
AcDbLine
 10
373.9686769857672
 20
-11.9923718354413
 30
0.0
 11
386.9686769857672
 21
-11.9923718354413
 31
0.0
  0
LINE
  5
8DF
330
36
100
AcDbEntity
  8
0
 62
     7
100
AcDbLine
 10
373.9686769857672
 20
-25.99237183544131
 30
0.0
 11
386.9686769857672
 21
-25.99237183544131
 31
0.0
  0
LINE
  5
8E0
330
36
100
AcDbEntity
  8
0
 62
     7
100
AcDbLine
 10
373.4686769857672
 20
-12.4923718354413
 30
0.0
 11
373.4686769857672
 21
-25.49237183544131
 31
0.0
  0
LINE
  5
8E1
330
36
100
AcDbEntity
  8
0
 62
     7
100
AcDbLine
 10
387.4686769857672
 20
-12.4923718354413
 30
0.0
 11
387.4686769857672
 21
-25.49237183544131
 31
0.0
  0
ARC
  5
8E2
330
36
100
AcDbEntity
  8
0
 62
     7
100
AcDbCircle
 10
373.9686769857672
 20
-12.4923718354413
 30
0.0
 40
0.5
100
AcDbArc
 50
90.0
 51
180.0
  0
ARC
  5
8E3
330
36
100
AcDbEntity
  8
0
 62
     7
100
AcDbCircle
 10
386.9686769857672
 20
-12.4923718354413
 30
0.0
 40
0.5
100
AcDbArc
 50
0.0
 51
90.0
  0
ARC
  5
8E4
330
36
100
AcDbEntity
  8
0
 62
     7
100
AcDbCircle
 10
373.9686769857672
 20
-25.49237183544131
 30
0.0
 40
0.5
100
AcDbArc
 50
180.0
 51
270.0
  0
ARC
  5
8E5
330
36
100
AcDbEntity
  8
0
 62
     7
100
AcDbCircle
 10
386.9686769857672
 20
-25.49237183544131
 30
0.0
 40
0.5
100
AcDbArc
 50
270.0
 51
0.0
  0
LINE
  5
8E6
330
36
100
AcDbEntity
  8
0
 62
     7
100
AcDbLine
 10
397.7811769857672
 20
-11.9923718354413
 30
0.0
 11
410.7811769857671
 21
-11.9923718354413
 31
0.0
  0
LINE
  5
8E7
330
36
100
AcDbEntity
  8
0
 62
     7
100
AcDbLine
 10
397.7811769857672
 20
-25.99237183544131
 30
0.0
 11
410.7811769857671
 21
-25.99237183544131
 31
0.0
  0
LINE
  5
8E8
330
36
100
AcDbEntity
  8
0
 62
     7
100
AcDbLine
 10
397.2811769857671
 20
-12.4923718354413
 30
0.0
 11
397.2811769857671
 21
-25.49237183544131
 31
0.0
  0
LINE
  5
8E9
330
36
100
AcDbEntity
  8
0
 62
     7
100
AcDbLine
 10
411.2811769857671
 20
-12.4923718354413
 30
0.0
 11
411.2811769857671
 21
-25.49237183544131
 31
0.0
  0
ARC
  5
8EA
330
36
100
AcDbEntity
  8
0
 62
     7
100
AcDbCircle
 10
397.7811769857672
 20
-12.4923718354413
 30
0.0
 40
0.5
100
AcDbArc
 50
90.0
 51
180.0
  0
ARC
  5
8EB
330
36
100
AcDbEntity
  8
0
 62
     7
100
AcDbCircle
 10
410.7811769857671
 20
-12.4923718354413
 30
0.0
 40
0.5
100
AcDbArc
 50
0.0
 51
90.0
  0
ARC
  5
8EC
330
36
100
AcDbEntity
  8
0
 62
     7
100
AcDbCircle
 10
397.7811769857672
 20
-25.49237183544131
 30
0.0
 40
0.5
100
AcDbArc
 50
180.0
 51
270.0
  0
ARC
  5
8ED
330
36
100
AcDbEntity
  8
0
 62
     7
100
AcDbCircle
 10
410.7811769857671
 20
-25.49237183544131
 30
0.0
 40
0.5
100
AcDbArc
 50
270.0
 51
0.0
  0
LINE
  5
8EE
330
36
100
AcDbEntity
  8
0
 62
     7
100
AcDbLine
 10
478.7436769857667
 20
-11.9923718354413
 30
0.0
 11
491.7436769857667
 21
-11.9923718354413
 31
0.0
  0
LINE
  5
8EF
330
36
100
AcDbEntity
  8
0
 62
     7
100
AcDbLine
 10
559.7061769857664
 20
-11.9923718354413
 30
0.0
 11
572.7061769857664
 21
-11.9923718354413
 31
0.0
  0
LINE
  5
8F0
330
36
100
AcDbEntity
  8
0
 62
     7
100
AcDbLine
 10
559.7061769857664
 20
-25.99237183544131
 30
0.0
 11
572.7061769857664
 21
-25.99237183544131
 31
0.0
  0
LINE
  5
8F1
330
36
100
AcDbEntity
  8
0
 62
     7
100
AcDbLine
 10
559.2061769857664
 20
-12.4923718354413
 30
0.0
 11
559.2061769857664
 21
-25.49237183544131
 31
0.0
  0
LINE
  5
8F2
330
36
100
AcDbEntity
  8
0
 62
     7
100
AcDbLine
 10
573.2061769857664
 20
-12.4923718354413
 30
0.0
 11
573.2061769857664
 21
-25.49237183544131
 31
0.0
  0
ARC
  5
8F3
330
36
100
AcDbEntity
  8
0
 62
     7
100
AcDbCircle
 10
559.7061769857664
 20
-12.4923718354413
 30
0.0
 40
0.5
100
AcDbArc
 50
90.0
 51
180.0
  0
ARC
  5
8F4
330
36
100
AcDbEntity
  8
0
 62
     7
100
AcDbCircle
 10
572.7061769857664
 20
-12.4923718354413
 30
0.0
 40
0.5
100
AcDbArc
 50
0.0
 51
90.0
  0
ARC
  5
8F5
330
36
100
AcDbEntity
  8
0
 62
     7
100
AcDbCircle
 10
559.7061769857664
 20
-25.49237183544131
 30
0.0
 40
0.5
100
AcDbArc
 50
180.0
 51
270.0
  0
ARC
  5
8F6
330
36
100
AcDbEntity
  8
0
 62
     7
100
AcDbCircle
 10
572.7061769857664
 20
-25.49237183544131
 30
0.0
 40
0.5
100
AcDbArc
 50
270.0
 51
0.0
  0
LINE
  5
8F7
330
36
100
AcDbEntity
  8
0
 62
     7
100
AcDbLine
 10
583.5186769857664
 20
-11.9923718354413
 30
0.0
 11
596.5186769857664
 21
-11.9923718354413
 31
0.0
  0
LINE
  5
8F8
330
36
100
AcDbEntity
  8
0
 62
     7
100
AcDbLine
 10
583.5186769857664
 20
-25.99237183544131
 30
0.0
 11
596.5186769857664
 21
-25.99237183544131
 31
0.0
  0
LINE
  5
8F9
330
36
100
AcDbEntity
  8
0
 62
     7
100
AcDbLine
 10
583.0186769857664
 20
-12.4923718354413
 30
0.0
 11
583.0186769857664
 21
-25.49237183544131
 31
0.0
  0
LINE
  5
8FA
330
36
100
AcDbEntity
  8
0
 62
     7
100
AcDbLine
 10
597.0186769857664
 20
-12.4923718354413
 30
0.0
 11
597.0186769857664
 21
-25.49237183544131
 31
0.0
  0
ARC
  5
8FB
330
36
100
AcDbEntity
  8
0
 62
     7
100
AcDbCircle
 10
583.5186769857664
 20
-12.4923718354413
 30
0.0
 40
0.5
100
AcDbArc
 50
90.0
 51
180.0
  0
ARC
  5
8FC
330
36
100
AcDbEntity
  8
0
 62
     7
100
AcDbCircle
 10
596.5186769857664
 20
-12.4923718354413
 30
0.0
 40
0.5
100
AcDbArc
 50
0.0
 51
90.0
  0
ARC
  5
8FD
330
36
100
AcDbEntity
  8
0
 62
     7
100
AcDbCircle
 10
583.5186769857664
 20
-25.49237183544131
 30
0.0
 40
0.5
100
AcDbArc
 50
180.0
 51
270.0
  0
ARC
  5
8FE
330
36
100
AcDbEntity
  8
0
 62
     7
100
AcDbCircle
 10
596.5186769857664
 20
-25.49237183544131
 30
0.0
 40
0.5
100
AcDbArc
 50
270.0
 51
0.0
  0
LINE
  5
8FF
330
36
100
AcDbEntity
  8
0
 62
     7
100
AcDbLine
 10
607.3311769857664
 20
-11.9923718354413
 30
0.0
 11
620.3311769857664
 21
-11.9923718354413
 31
0.0
  0
LINE
  5
900
330
36
100
AcDbEntity
  8
0
 62
     7
100
AcDbLine
 10
607.3311769857664
 20
-25.99237183544131
 30
0.0
 11
620.3311769857664
 21
-25.99237183544131
 31
0.0
  0
LINE
  5
901
330
36
100
AcDbEntity
  8
0
 62
     7
100
AcDbLine
 10
606.8311769857664
 20
-12.4923718354413
 30
0.0
 11
606.8311769857664
 21
-25.49237183544131
 31
0.0
  0
LINE
  5
902
330
36
100
AcDbEntity
  8
0
 62
     7
100
AcDbLine
 10
620.8311769857664
 20
-12.4923718354413
 30
0.0
 11
620.8311769857664
 21
-25.49237183544131
 31
0.0
  0
ARC
  5
903
330
36
100
AcDbEntity
  8
0
 62
     7
100
AcDbCircle
 10
607.3311769857664
 20
-12.4923718354413
 30
0.0
 40
0.5
100
AcDbArc
 50
90.0
 51
180.0
  0
ARC
  5
904
330
36
100
AcDbEntity
  8
0
 62
     7
100
AcDbCircle
 10
620.3311769857664
 20
-12.4923718354413
 30
0.0
 40
0.5
100
AcDbArc
 50
0.0
 51
90.0
  0
ARC
  5
905
330
36
100
AcDbEntity
  8
0
 62
     7
100
AcDbCircle
 10
607.3311769857664
 20
-25.49237183544131
 30
0.0
 40
0.5
100
AcDbArc
 50
180.0
 51
270.0
  0
ARC
  5
906
330
36
100
AcDbEntity
  8
0
 62
     7
100
AcDbCircle
 10
620.3311769857664
 20
-25.49237183544131
 30
0.0
 40
0.5
100
AcDbArc
 50
270.0
 51
0.0
  0
LINE
  5
907
330
36
100
AcDbEntity
  8
0
 62
     7
100
AcDbLine
 10
491.7436769857667
 20
-25.99237183544131
 30
0.0
 11
478.7436769857667
 21
-25.99237183544131
 31
0.0
  0
LINE
  5
908
330
36
100
AcDbEntity
  8
0
 62
     7
100
AcDbLine
 10
492.2436769857667
 20
-25.49237183544131
 30
0.0
 11
492.2436769857667
 21
-12.4923718354413
 31
0.0
  0
LINE
  5
909
330
36
100
AcDbEntity
  8
0
 62
     7
100
AcDbLine
 10
478.2436769857667
 20
-25.49237183544131
 30
0.0
 11
478.2436769857667
 21
-12.4923718354413
 31
0.0
  0
ARC
  5
90A
330
36
100
AcDbEntity
  8
0
 62
     7
100
AcDbCircle
 10
491.7436769857667
 20
-25.49237183544131
 30
0.0
 40
0.5
100
AcDbArc
 50
270.0
 51
0.0
  0
ARC
  5
90B
330
36
100
AcDbEntity
  8
0
 62
     7
100
AcDbCircle
 10
478.7436769857667
 20
-25.49237183544131
 30
0.0
 40
0.5
100
AcDbArc
 50
180.0
 51
270.0
  0
ARC
  5
90C
330
36
100
AcDbEntity
  8
0
 62
     7
100
AcDbCircle
 10
491.7436769857667
 20
-12.4923718354413
 30
0.0
 40
0.5
100
AcDbArc
 50
0.0
 51
90.0
  0
ARC
  5
90D
330
36
100
AcDbEntity
  8
0
 62
     7
100
AcDbCircle
 10
478.7436769857667
 20
-12.4923718354413
 30
0.0
 40
0.5
100
AcDbArc
 50
90.0
 51
180.0
  0
LINE
  5
910
330
36
100
AcDbEntity
  8
0
 62
     0
100
AcDbLine
 10
588.2812379862189
 20
26.1071281645585
 30
0.0
 11
590.5856679862172
 21
26.1071281645585
 31
0.0
  0
ARC
  5
911
330
36
100
AcDbEntity
  8
0
 62
     0
100
AcDbCircle
 10
588.2812379862189
 20
25.60712816455851
 30
0.0
 40
0.5
100
AcDbArc
 50
90.0
 51
180.0
  0
LINE
  5
912
330
36
100
AcDbEntity
  8
0
 62
     0
100
AcDbLine
 10
598.1607379862161
 20
26.1071281645585
 30
0.0
 11
601.7812379862171
 21
26.1071281645585
 31
0.0
  0
LINE
  5
913
330
36
100
AcDbEntity
  8
0
 62
     0
100
AcDbLine
 10
601.7812379862171
 20
12.10832816455843
 30
0.0
 11
598.1607379862161
 21
12.10832816455843
 31
0.0
  0
LINE
  5
914
330
36
100
AcDbEntity
  8
0
 62
     0
100
AcDbLine
 10
590.5856679862172
 20
12.10832816455843
 30
0.0
 11
588.2812379862189
 21
12.10832816455837
 31
0.0
  0
ARC
  5
915
330
36
100
AcDbEntity
  8
0
 62
     0
100
AcDbCircle
 10
588.2812379862189
 20
12.60832816455837
 30
0.0
 40
0.5
100
AcDbArc
 50
179.9999999999935
 51
270.0
  0
LINE
  5
916
330
36
100
AcDbEntity
  8
0
 62
     0
100
AcDbLine
 10
587.7812379862189
 20
12.60832816455843
 30
0.0
 11
587.7812379862189
 21
25.60712816455851
 31
0.0
  0
LINE
  5
917
330
36
100
AcDbEntity
  8
0
 62
     0
100
AcDbLine
 10
609.2112379862173
 20
31.15812816455843
 30
0.0
 11
609.2112379862173
 21
26.1071281645585
 31
0.0
  0
LINE
  5
918
330
36
100
AcDbEntity
  8
0
 62
     0
100
AcDbLine
 10
622.7863079862163
 20
21.63312816455846
 30
0.0
 11
623.2122379862158
 21
21.63312816455846
 31
0.0
  0
LINE
  5
919
330
36
100
AcDbEntity
  8
0
 62
     0
100
AcDbLine
 10
623.2122379862158
 20
21.63312816455846
 30
0.0
 11
623.2122379862158
 21
35.63212816455859
 31
0.0
  0
LINE
  5
91A
330
36
100
AcDbEntity
  8
0
 62
     0
100
AcDbLine
 10
623.2122379862158
 20
35.63212816455859
 30
0.0
 11
620.8312379862164
 21
35.63212816455859
 31
0.0
  0
LINE
  5
91B
330
36
100
AcDbEntity
  8
0
 62
     0
100
AcDbLine
 10
585.8982379862172
 20
7.057128164558434
 30
0.0
 11
625.0932379862152
 21
7.057128164558491
 31
0.0
  0
ARC
  5
91C
330
36
100
AcDbEntity
  8
0
 62
     0
100
AcDbCircle
 10
625.0932379862152
 20
6.557128164558491
 30
0.0
 40
0.5
100
AcDbArc
 50
0.0
 51
90.0
  0
LINE
  5
91D
330
36
100
AcDbEntity
  8
0
 62
     0
100
AcDbLine
 10
625.5932379862152
 20
6.557128164558491
 30
0.0
 11
625.5932379862169
 21
-6.441871835441588
 31
0.0
  0
ARC
  5
91E
330
36
100
AcDbEntity
  8
0
 62
     0
100
AcDbCircle
 10
625.0932379862169
 20
-6.441871835441588
 30
0.0
 40
0.5
100
AcDbArc
 50
270.0
 51
0.0
  0
LINE
  5
91F
330
36
100
AcDbEntity
  8
0
 62
     0
100
AcDbLine
 10
625.0932379862169
 20
-6.941871835441588
 30
0.0
 11
618.0243079862175
 21
-6.941871835441588
 31
0.0
  0
LINE
  5
920
330
36
100
AcDbEntity
  8
0
 62
     0
100
AcDbLine
 10
585.3982379862136
 20
-7.411871835441559
 30
0.0
 11
585.3982379862173
 21
6.557128164558434
 31
0.0
  0
ARC
  5
921
330
36
100
AcDbEntity
  8
0
 62
     0
100
AcDbCircle
 10
585.8982379862172
 20
6.557128164558434
 30
0.0
 40
0.5
100
AcDbArc
 50
90.0
 51
180.0
  0
LINE
  5
922
330
36
100
AcDbEntity
  8
0
 62
     0
100
AcDbLine
 10
599.6862379862159
 20
12.10812816455836
 30
0.0
 11
615.2112379862174
 21
12.10812816455836
 31
0.0
  0
LINE
  5
923
330
36
100
AcDbEntity
  8
0
 62
     0
100
AcDbLine
 10
609.2112379862173
 20
26.1071281645585
 30
0.0
 11
599.6862379862159
 21
26.1071281645585
 31
0.0
  0
LINE
  5
924
330
36
100
AcDbEntity
  8
0
 62
     0
100
AcDbLine
 10
620.8312379862164
 20
45.15712816455857
 30
0.0
 11
620.8312379862164
 21
44.73319816455876
 31
0.0
  0
LINE
  5
925
330
36
100
AcDbEntity
  8
0
 62
     0
100
AcDbLine
 10
620.8312379862164
 20
37.15812816455843
 30
0.0
 11
620.8312379862164
 21
35.63212816455859
 31
0.0
  0
LINE
  5
926
330
36
100
AcDbEntity
  8
0
 62
     0
100
AcDbLine
 10
609.2112379862173
 20
31.15812816455843
 30
0.0
 11
607.3312379862145
 21
31.15812816455843
 31
0.0
  0
ARC
  5
927
330
36
100
AcDbEntity
  8
Default
 62
     0
100
AcDbCircle
 10
607.3312379862145
 20
31.65812816455844
 30
0.0
 40
0.5
100
AcDbArc
 50
180.0
 51
270.0
  0
LINE
  5
928
330
36
100
AcDbEntity
  8
0
 62
     0
100
AcDbLine
 10
610.4492379862167
 20
-6.941871835441588
 30
0.0
 11
593.3987379862173
 21
-6.941871835441588
 31
0.0
  0
LINE
  5
929
330
36
100
AcDbEntity
  8
0
 62
     0
100
AcDbLine
 10
585.8982379862136
 20
-7.911871835441615
 30
0.0
 11
592.8987379862173
 21
-7.911871835441672
 31
0.0
  0
ARC
  5
92A
330
36
100
AcDbEntity
  8
0
 62
     0
100
AcDbCircle
 10
585.8982379862136
 20
-7.411871835441615
 30
0.0
 40
0.5
100
AcDbArc
 50
179.9999999999935
 51
270.0
  0
LINE
  5
92B
330
36
100
AcDbEntity
  8
0
 62
     0
100
AcDbLine
 10
593.3987379862173
 20
-7.411871835441672
 30
0.0
 11
593.3987379862173
 21
-6.941871835441588
 31
0.0
  0
ARC
  5
92C
330
36
100
AcDbEntity
  8
0
 62
     0
100
AcDbCircle
 10
592.8987379862173
 20
-7.411871835441672
 30
0.0
 40
0.5
100
AcDbArc
 50
270.0
 51
0.0
  0
LINE
  5
92D
330
36
100
AcDbEntity
  8
0
 62
     0
100
AcDbLine
 10
618.0243079862175
 20
-6.941871835441588
 30
0.0
 11
618.0243079862194
 21
-7.411871835441615
 31
0.0
  0
ARC
  5
92E
330
36
100
AcDbEntity
  8
0
 62
     0
100
AcDbCircle
 10
617.5243079862193
 20
-7.411871835441615
 30
0.0
 40
0.5
100
AcDbArc
 50
270.0
 51
0.0
  0
LINE
  5
92F
330
36
100
AcDbEntity
  8
0
 62
     0
100
AcDbLine
 10
617.5243079862193
 20
-7.911871835441615
 30
0.0
 11
610.9492379862149
 21
-7.911871835441672
 31
0.0
  0
ARC
  5
930
330
36
100
AcDbEntity
  8
Default
 62
     0
100
AcDbCircle
 10
610.9492379862149
 20
-7.411871835441672
 30
0.0
 40
0.5
100
AcDbArc
 50
180.0
 51
270.0
  0
LINE
  5
931
330
36
100
AcDbEntity
  8
0
 62
     0
100
AcDbLine
 10
590.5856679862172
 20
26.57712816455853
 30
0.0
 11
590.5856679862172
 21
26.1071281645585
 31
0.0
  0
LINE
  5
932
330
36
100
AcDbEntity
  8
0
 62
     0
100
AcDbLine
 10
590.5856679862172
 20
12.10832816455843
 30
0.0
 11
590.585667986219
 21
11.63812816455845
 31
0.0
  0
ARC
  5
933
330
36
100
AcDbEntity
  8
0
 62
     0
100
AcDbCircle
 10
591.085667986219
 20
11.63812816455845
 30
0.0
 40
0.5
100
AcDbArc
 50
180.0
 51
270.0
  0
LINE
  5
934
330
36
100
AcDbEntity
  8
0
 62
     0
100
AcDbLine
 10
591.085667986219
 20
11.13812816455845
 30
0.0
 11
597.6607379862143
 21
11.13812816455845
 31
0.0
  0
LINE
  5
935
330
36
100
AcDbEntity
  8
0
 62
     0
100
AcDbLine
 10
598.1607379862143
 20
11.63812816455845
 30
0.0
 11
598.1607379862161
 21
12.10832816455843
 31
0.0
  0
ARC
  5
936
330
36
100
AcDbEntity
  8
0
 62
     0
100
AcDbCircle
 10
597.6607379862143
 20
11.63812816455845
 30
0.0
 40
0.5
100
AcDbArc
 50
270.0
 51
0.0
  0
LINE
  5
937
330
36
100
AcDbEntity
  8
0
 62
     0
100
AcDbLine
 10
598.1607379862161
 20
26.1071281645585
 30
0.0
 11
598.1607379862161
 21
26.57712816455853
 31
0.0
  0
ARC
  5
938
330
36
100
AcDbEntity
  8
0
 62
     0
100
AcDbCircle
 10
597.6607379862161
 20
26.57712816455853
 30
0.0
 40
0.5
100
AcDbArc
 50
0.0
 51
90.0
  0
LINE
  5
939
330
36
100
AcDbEntity
  8
0
 62
     0
100
AcDbLine
 10
591.0856679862172
 20
27.07712816455853
 30
0.0
 11
597.6607379862161
 21
27.07712816455853
 31
0.0
  0
ARC
  5
93A
330
36
100
AcDbEntity
  8
0
 62
     0
100
AcDbCircle
 10
591.0856679862172
 20
26.57712816455853
 30
0.0
 40
0.5
100
AcDbArc
 50
90.0
 51
180.0
  0
LINE
  5
93B
330
36
100
AcDbEntity
  8
0
 62
     0
100
AcDbLine
 10
622.7863079862163
 20
21.63312816455846
 30
0.0
 11
622.7863079862163
 21
20.1071281645585
 31
0.0
  0
LINE
  5
93C
330
36
100
AcDbEntity
  8
0
 62
     0
100
AcDbLine
 10
622.7863079862163
 20
12.53205816455841
 30
0.0
 11
622.7863079862163
 21
11.63812816455851
 31
0.0
  0
ARC
  5
93D
330
36
100
AcDbEntity
  8
0
 62
     0
100
AcDbCircle
 10
622.2863079862163
 20
11.63812816455851
 30
0.0
 40
0.5
100
AcDbArc
 50
270.0
 51
0.0
  0
LINE
  5
93E
330
36
100
AcDbEntity
  8
0
 62
     0
100
AcDbLine
 10
622.2863079862163
 20
11.13812816455851
 30
0.0
 11
615.7112379862192
 21
11.13812816455839
 31
0.0
  0
ARC
  5
93F
330
36
100
AcDbEntity
  8
0
 62
     0
100
AcDbCircle
 10
615.7112379862192
 20
11.63812816455839
 30
0.0
 40
0.5
100
AcDbArc
 50
180.0
 51
270.0
  0
LINE
  5
940
330
36
100
AcDbEntity
  8
0
 62
     0
100
AcDbLine
 10
615.2112379862192
 20
11.63812816455839
 30
0.0
 11
615.2112379862174
 21
12.10812816455836
 31
0.0
  0
LINE
  5
941
330
36
100
AcDbEntity
  8
0
 62
     0
100
AcDbLine
 10
623.6802379862147
 20
44.73319816455876
 30
0.0
 11
620.8312379862164
 21
44.73319816455876
 31
0.0
  0
LINE
  5
942
330
36
100
AcDbEntity
  8
0
 62
     0
100
AcDbLine
 10
620.8312379862164
 20
37.15812816455843
 30
0.0
 11
623.6802379862147
 21
37.15812816455843
 31
0.0
  0
ARC
  5
943
330
36
100
AcDbEntity
  8
0
 62
     0
100
AcDbCircle
 10
623.6802379862147
 20
37.65812816455844
 30
0.0
 40
0.5
100
AcDbArc
 50
270.0
 51
0.0000000000162844
  0
LINE
  5
944
330
36
100
AcDbEntity
  8
0
 62
     0
100
AcDbLine
 10
624.1802379862146
 20
44.23319816455875
 30
0.0
 11
624.1802379862146
 21
37.65812816455855
 31
0.0
  0
ARC
  5
945
330
36
100
AcDbEntity
  8
0
 62
     0
100
AcDbCircle
 10
623.6802379862147
 20
44.23319816455875
 30
0.0
 40
0.5
100
AcDbArc
 50
0.0
 51
90.0
  0
LINE
  5
946
330
36
100
AcDbEntity
  8
0
 62
     0
100
AcDbLine
 10
624.1802379862165
 20
12.53205816455841
 30
0.0
 11
622.7863079862163
 21
12.53205816455841
 31
0.0
  0
LINE
  5
947
330
36
100
AcDbEntity
  8
0
 62
     0
100
AcDbLine
 10
622.7863079862163
 20
20.1071281645585
 30
0.0
 11
624.1802379862165
 21
20.1071281645585
 31
0.0
  0
LINE
  5
948
330
36
100
AcDbEntity
  8
0
 62
     0
100
AcDbLine
 10
624.1802379862165
 20
12.53205816455841
 30
0.0
 11
624.1802379862165
 21
20.1071281645585
 31
0.0
  0
LINE
  5
949
330
36
100
AcDbEntity
  8
Default
 62
     0
100
AcDbLine
 10
606.8312379862127
 20
44.65764036070868
 30
0.0
 11
606.8312379862145
 21
31.65812816455844
 31
0.0
  0
LINE
  5
94A
330
36
100
AcDbEntity
  8
Default
 62
     0
100
AcDbLine
 10
610.4492379862167
 20
-6.941871835441588
 30
0.0
 11
610.4492379862149
 21
-7.411871835441672
 31
0.0
  0
LINE
  5
94B
330
36
100
AcDbEntity
  8
0
100
AcDbLine
 10
647.7765466385262
 20
23.98210357378411
 30
0.0
 11
654.7302690252235
 21
23.98210357378411
 31
0.0
  0
ARC
  5
94C
330
36
100
AcDbEntity
  8
0
100
AcDbCircle
 10
654.7302690252235
 20
23.48160357378402
 30
0.0
 40
0.5005000000000001
100
AcDbArc
 50
0.0
 51
90.0
  0
LINE
  5
94D
330
36
100
AcDbEntity
  8
0
100
AcDbLine
 10
655.2307690252218
 20
23.48160357378402
 30
0.0
 11
655.2307690252218
 21
23.30380321177557
 31
0.0
  0
ARC
  5
94E
330
36
100
AcDbEntity
  8
0
100
AcDbCircle
 10
654.7302690252235
 20
23.30380321177557
 30
0.0
 40
0.5005000000000001
100
AcDbArc
 50
270.0
 51
0.0
  0
LINE
  5
94F
330
36
100
AcDbEntity
  8
0
100
AcDbLine
 10
654.7302690252235
 20
22.80330321177558
 30
0.0
 11
651.9940195988692
 21
22.80330321177558
 31
0.0
  0
LINE
  5
950
330
36
100
AcDbEntity
  8
0
100
AcDbLine
 10
651.9940195988692
 20
22.80330321177558
 30
0.0
 11
651.9940195988692
 21
15.05220013263056
 31
0.0
  0
ARC
  5
951
330
36
100
AcDbEntity
  8
0
100
AcDbCircle
 10
651.493519598871
 20
15.05220013263056
 30
0.0
 40
0.5005000000000001
100
AcDbArc
 50
270.0
 51
0.0
  0
LINE
  5
952
330
36
100
AcDbEntity
  8
0
100
AcDbLine
 10
651.493519598871
 20
14.55170013263051
 30
0.0
 11
650.9310050363983
 21
14.55170013263051
 31
0.0
  0
ARC
  5
953
330
36
100
AcDbEntity
  8
0
100
AcDbCircle
 10
650.9310050363983
 20
15.05220013263056
 30
0.0
 40
0.5005000000000001
100
AcDbArc
 50
180.0
 51
270.0
  0
LINE
  5
954
330
36
100
AcDbEntity
  8
0
100
AcDbLine
 10
650.4305050363964
 20
15.05220013263056
 30
0.0
 11
650.4305050363964
 21
22.80330321177558
 31
0.0
  0
LINE
  5
955
330
36
100
AcDbEntity
  8
0
100
AcDbLine
 10
650.4305050363964
 20
22.80330321177558
 30
0.0
 11
647.7765466385262
 21
22.80330321177558
 31
0.0
  0
ARC
  5
956
330
36
100
AcDbEntity
  8
0
100
AcDbCircle
 10
647.7765466385262
 20
23.30380321177557
 30
0.0
 40
0.5005000000000001
100
AcDbArc
 50
179.9999999999967
 51
270.0
  0
LINE
  5
957
330
36
100
AcDbEntity
  8
0
100
AcDbLine
 10
647.2760466385279
 20
23.30380321177557
 30
0.0
 11
647.2760466385279
 21
23.48160357378413
 31
0.0
  0
ARC
  5
958
330
36
100
AcDbEntity
  8
0
100
AcDbCircle
 10
647.7765466385262
 20
23.48160357378402
 30
0.0
 40
0.5005000000000001
100
AcDbArc
 50
90.0
 51
179.9999999999967
  0
ARC
  5
959
330
36
100
AcDbEntity
  8
0
100
AcDbCircle
 10
661.4561922445663
 20
19.24874440415442
 30
0.0
 40
5.099948151841722
100
AcDbArc
 50
60.23125052621217
 51
314.7582682060446
  0
ARC
  5
95A
330
36
100
AcDbEntity
  8
0
100
AcDbCircle
 10
664.6947428086441
 20
15.98275090364228
 30
0.0
 40
0.5005000000000001
100
AcDbArc
 50
314.7582682060446
 51
0.0
  0
LINE
  5
95B
330
36
100
AcDbEntity
  8
0
100
AcDbLine
 10
665.1952428086424
 20
15.98275090364228
 30
0.0
 11
665.1952428086424
 21
19.20016028777206
 31
0.0
  0
ARC
  5
95C
330
36
100
AcDbEntity
  8
0
100
AcDbCircle
 10
664.6947428086441
 20
19.20016028777206
 30
0.0
 40
0.5005000000000001
100
AcDbArc
 50
0.0
 51
90.0
  0
LINE
  5
95D
330
36
100
AcDbEntity
  8
0
100
AcDbLine
 10
664.6947428086441
 20
19.70066028777205
 30
0.0
 11
661.2520700668556
 21
19.70066028777205
 31
0.0
  0
ARC
  5
95E
330
36
100
AcDbEntity
  8
0
100
AcDbCircle
 10
661.2520700668556
 20
19.20016028777206
 30
0.0
 40
0.5005000000000001
100
AcDbArc
 50
90.0
 51
180.0
  0
LINE
  5
95F
330
36
100
AcDbEntity
  8
0
100
AcDbLine
 10
660.7515700668536
 20
19.20016028777206
 30
0.0
 11
660.7515700668536
 21
19.02235992576345
 31
0.0
  0
LINE
  5
960
330
36
100
AcDbEntity
  8
0
100
AcDbLine
 10
661.2520700668556
 20
18.52185992576352
 30
0.0
 11
663.021507944768
 21
18.52185992576352
 31
0.0
  0
ARC
  5
961
330
36
100
AcDbEntity
  8
0
100
AcDbCircle
 10
661.2520700668556
 20
19.02235992576345
 30
0.0
 40
0.5005000000000001
100
AcDbArc
 50
180.0
 51
270.0
  0
LINE
  5
962
330
36
100
AcDbEntity
  8
0
100
AcDbLine
 10
663.5220079447663
 20
18.02135992576353
 30
0.0
 11
663.5220079447663
 21
16.11415199392428
 31
0.0
  0
ARC
  5
963
330
36
100
AcDbEntity
  8
0
100
AcDbCircle
 10
663.021507944768
 20
18.02135992576353
 30
0.0
 40
0.5005000000000001
100
AcDbArc
 50
0.0
 51
90.0
  0
ARC
  5
964
330
36
100
AcDbEntity
  8
0
100
AcDbCircle
 10
661.860190575373
 20
19.32078958450495
 30
0.0
 40
3.910951974413739
100
AcDbArc
 50
48.69809044583398
 51
289.9083844596115
  0
ARC
  5
965
330
36
100
AcDbEntity
  8
0
100
AcDbCircle
 10
663.021507944768
 20
16.11415199392428
 30
0.0
 40
0.5005000000000001
100
AcDbArc
 50
289.9083844596115
 51
0.0
  0
SPLINE
  5
966
330
36
100
AcDbEntity
  8
0
100
AcDbSpline
210
0.0
220
0.0
230
1.0
 70
  1288
 71
     3
 72
    14
 73
    10
 74
     0
 42
0.000000001
 43
0.0000000001
 40
0.0
 40
0.0
 40
0.0
 40
0.0
 40
1.920745939877376
 40
2.786920757946858
 40
3.344161340399605
 40
3.721432411720196
 40
4.176281945291989
 40
4.563029734330979
 40
4.739572656691454
 40
4.739572656691454
 40
4.739572656691454
 40
4.739572656691454
 10
663.9883194932062
 20
23.67568496713488
 30
0.0
 10
664.3020690790709
 20
23.57253869009816
 30
0.0
 10
664.7573063988584
 20
23.42287782417589
 30
0.0
 10
665.1300917259886
 20
23.00581070874205
 30
0.0
 10
665.3030459653946
 20
22.73939776832441
 30
0.0
 10
665.2544309421446
 20
22.4949006728304
 30
0.0
 10
665.1178016176473
 20
22.34423879131998
 30
0.0
 10
665.0138387549177
 20
22.20075136211881
 30
0.0
 10
664.9328016016388
 20
22.16005969001452
 30
0.0
 10
664.904972340204
 20
22.15238214420583
 30
0.0
  0
LWPOLYLINE
  5
967
330
36
100
AcDbEntity
  8
0
100
AcDbPolyline
 90
        8
 70
     1
 43
0.0
 10
668.7116040444798
 20
23.93713948805839
 10
669.3956239628151
 20
23.93713948805839
 42
-0.4142135623730951
 10
669.8961239628133
 20
23.43663948805846
 10
669.8961239628133
 20
15.16120301878521
 42
-0.4142135623730951
 10
669.3956239628151
 20
14.66070301878523
 10
668.7116040444798
 20
14.66070301878523
 42
-0.4142135623730951
 10
668.2111040444742
 20
15.16120301878521
 10
668.2111040444742
 20
23.43663948805846
 42
-0.4142135623730951
  0
ARC
  5
968
330
36
100
AcDbEntity
  8
0
100
AcDbCircle
 10
671.3518301239401
 20
21.32932097218037
 30
0.0
 40
1.594620848980016
100
AcDbArc
 50
255.9542021713403
 51
63.38516448257093
  0
ARC
  5
969
330
36
100
AcDbEntity
  8
0
100
AcDbCircle
 10
671.8419859740224
 20
22.30750688232166
 30
0.0
 40
0.5005000000000001
100
AcDbArc
 50
63.38516448257093
 51
90.0
  0
ARC
  5
96A
330
36
100
AcDbEntity
  8
0
100
AcDbCircle
 10
670.8433497457608
 20
19.29683995705716
 30
0.0
 40
0.5005000000000001
100
AcDbArc
 50
75.95420217134031
 51
180.0
  0
ARC
  5
96B
330
36
100
AcDbEntity
  8
0
100
AcDbCircle
 10
672.1170304971728
 20
21.54928694407857
 30
0.0
 40
2.544327329492331
100
AcDbArc
 50
295.8272215506779
 51
69.90624710779371
  0
ARC
  5
96C
330
36
100
AcDbEntity
  8
0
100
AcDbCircle
 10
673.4435363080137
 20
18.80860166476714
 30
0.0
 40
0.5005000000000001
100
AcDbArc
 50
115.8272215506779
 51
213.9327418163302
  0
ARC
  5
96D
330
36
100
AcDbEntity
  8
0
100
AcDbCircle
 10
672.8192022975036
 20
23.4687100125048
 30
0.0
 40
0.5005000000000001
100
AcDbArc
 50
69.90624710779371
 51
90.0
  0
LINE
  5
96E
330
36
100
AcDbEntity
  8
0
100
AcDbLine
 10
674.7483746252965
 20
14.57549038019374
 30
0.0
 11
673.9292668771395
 21
14.57549038019374
 31
0.0
  0
ARC
  5
96F
330
36
100
AcDbEntity
  8
0
100
AcDbCircle
 10
673.9292668771395
 20
15.07599038019373
 30
0.0
 40
0.5005000000000001
100
AcDbArc
 50
206.2457106077212
 51
270.0
  0
LINE
  5
970
330
36
100
AcDbEntity
  8
0
100
AcDbLine
 10
673.02827474892
 20
18.5292128898617
 30
0.0
 11
675.1636361843866
 21
15.35537915509917
 31
0.0
  0
ARC
  5
971
330
36
100
AcDbEntity
  8
0
100
AcDbCircle
 10
674.7483746252965
 20
15.07599038019373
 30
0.0
 40
0.5005000000000001
100
AcDbArc
 50
270.0
 51
33.9327418163302
  0
LINE
  5
972
330
36
100
AcDbEntity
  8
0
100
AcDbLine
 10
673.4803654989536
 20
14.85465849667974
 30
0.0
 11
671.8294084749632
 21
18.20310008418841
 31
0.0
  0
ARC
  5
973
330
36
100
AcDbEntity
  8
0
100
AcDbCircle
 10
671.3805070967737
 20
17.98176820067442
 30
0.0
 40
0.5005000000000001
100
AcDbArc
 50
26.24571060772115
 51
90.0
  0
LINE
  5
974
330
36
100
AcDbEntity
  8
0
100
AcDbLine
 10
671.3805070967737
 20
18.48226820067441
 30
0.0
 11
670.8433497457608
 21
18.48226820067441
 31
0.0
  0
LINE
  5
975
330
36
100
AcDbEntity
  8
0
100
AcDbLine
 10
670.3428497457589
 20
18.98276820067446
 30
0.0
 11
670.3428497457589
 21
19.29683995705716
 31
0.0
  0
ARC
  5
976
330
36
100
AcDbEntity
  8
0
100
AcDbCircle
 10
670.8433497457608
 20
18.98276820067446
 30
0.0
 40
0.5005000000000001
100
AcDbArc
 50
180.0
 51
270.0
  0
LINE
  5
977
330
36
100
AcDbEntity
  8
0
100
AcDbLine
 10
671.8419859740224
 20
22.8080068823217
 30
0.0
 11
670.8337697750266
 21
22.8080068823217
 31
0.0
  0
LINE
  5
978
330
36
100
AcDbEntity
  8
0
100
AcDbLine
 10
670.3332697750211
 20
23.30850688232169
 30
0.0
 11
670.3332697750211
 21
23.4687100125048
 31
0.0
  0
ARC
  5
979
330
36
100
AcDbEntity
  8
0
100
AcDbCircle
 10
670.8337697750266
 20
23.30850688232169
 30
0.0
 40
0.5005000000000001
100
AcDbArc
 50
180.0
 51
270.0
  0
LINE
  5
97A
330
36
100
AcDbEntity
  8
0
100
AcDbLine
 10
672.8192022975036
 20
23.96921001250479
 30
0.0
 11
670.8337697750266
 21
23.96921001250479
 31
0.0
  0
ARC
  5
97B
330
36
100
AcDbEntity
  8
0
100
AcDbCircle
 10
670.8337697750266
 20
23.4687100125048
 30
0.0
 40
0.5005000000000001
100
AcDbArc
 50
90.0
 51
180.0
  0
ARC
  5
97C
330
36
100
AcDbEntity
  8
0
100
AcDbCircle
 10
664.7718666895398
 20
22.63485819103505
 30
0.0
 40
0.5005000000000001
100
AcDbArc
 50
228.6980904452622
 51
285.4231335639516
  0
LINE
  5
97D
330
36
100
AcDbEntity
  8
0
  6
Continuous
 62
     7
370
    25
100
AcDbLine
 10
538.3068917995305
 20
-35.01737107322892
 30
0.0
 11
514.4296234314825
 21
-35.01737215489163
 31
0.0
  0
LWPOLYLINE
  5
9B5
330
36
100
AcDbEntity
  8
0
100
AcDbPolyline
 90
        8
 70
     1
 43
0.0
 10
547.1063369857573
 20
-10.74337183544622
 42
0.4142135623730951
 10
546.6063369857574
 20
-10.24337183544622
 10
539.0063369857577
 20
-10.24337183544622
 42
0.4142135623730951
 10
538.5063369857577
 20
-10.74337183544622
 10
538.5063369857577
 20
-25.49237183544591
 42
0.4142135623730951
 10
539.0063369857577
 20
-25.99237183544591
 10
546.6063369857574
 20
-25.99237183544591
 42
0.4142135623730951
 10
547.1063369857573
 20
-25.49237183544591
  0
LWPOLYLINE
  5
9B6
330
36
100
AcDbEntity
  8
0
100
AcDbPolyline
 90
        8
 70
     1
 43
0.0
 10
423.3810169857764
 20
-10.74337183544622
 42
-0.4142135623730951
 10
423.8810169857764
 20
-10.24337183544622
 10
431.481016985776
 20
-10.24337183544622
 42
-0.4142135623730951
 10
431.981016985776
 20
-10.74337183544622
 10
431.981016985776
 20
-25.49237183544591
 42
-0.4142135623730951
 10
431.481016985776
 20
-25.99237183544591
 10
423.8810169857764
 20
-25.99237183544591
 42
-0.4142135623730951
 10
423.3810169857764
 20
-25.49237183544591
  0
ARC
  5
9FF
330
36
100
AcDbEntity
  8
0
  6
Continuous
 62
     7
370
    25
100
AcDbCircle
 10
459.7372271517747
 20
-19.0230760854543
 30
0.0
 40
3.999999999999743
100
AcDbArc
 50
35.68533471269891
 51
144.3146652873011
  0
ARC
  5
A00
330
36
100
AcDbEntity
  8
0
  6
Continuous
 62
     7
370
    25
100
AcDbCircle
 10
464.6106243241748
 20
-15.5230760854543
 30
0.0
 40
1.999999999999573
100
AcDbArc
 50
215.6853347125986
 51
270.0
  0
LINE
  5
A01
330
36
100
AcDbEntity
  8
0
  6
Continuous
 62
     7
370
    25
100
AcDbLine
 10
468.2372271517747
 20
-17.5230760854543
 30
0.0
 11
464.6106243241748
 21
-17.5230760854543
 31
0.0
  0
ARC
  5
A02
330
36
100
AcDbEntity
  8
0
  6
Continuous
 62
     7
370
    25
100
AcDbCircle
 10
468.2372271517747
 20
-19.0230760854543
 30
0.0
 40
1.500000000000174
100
AcDbArc
 50
270.0
 51
90.0
  0
LINE
  5
A03
330
36
100
AcDbEntity
  8
0
  6
Continuous
 62
     7
370
    25
100
AcDbLine
 10
464.6106243241748
 20
-20.52307608545431
 30
0.0
 11
468.2372271517747
 21
-20.52307608545431
 31
0.0
  0
ARC
  5
A04
330
36
100
AcDbEntity
  8
0
  6
Continuous
 62
     7
370
    25
100
AcDbCircle
 10
464.6106243241748
 20
-22.5230760854543
 30
0.0
 40
2.000000000000203
100
AcDbArc
 50
90.0
 51
144.3146652873011
  0
ARC
  5
A05
330
36
100
AcDbEntity
  8
0
  6
Continuous
 62
     7
370
    25
100
AcDbCircle
 10
459.7372271517747
 20
-19.0230760854543
 30
0.0
 40
4.000000000000651
100
AcDbArc
 50
215.6853347126989
 51
324.3146652873011
  0
ARC
  5
A06
330
36
100
AcDbEntity
  8
0
  6
Continuous
 62
     7
370
    25
100
AcDbCircle
 10
454.8638299793749
 20
-22.5230760854543
 30
0.0
 40
1.999999999997306
100
AcDbArc
 50
35.68533471259858
 51
90.0
  0
LINE
  5
A07
330
36
100
AcDbEntity
  8
0
  6
Continuous
 62
     7
370
    25
100
AcDbLine
 10
445.4286437118412
 20
-20.50772540013201
 30
0.0
 11
454.8698206039144
 21
-20.52308505737272
 31
0.0
  0
ARC
  5
A08
330
36
100
AcDbEntity
  8
0
  6
Continuous
 62
     7
370
    25
100
AcDbCircle
 10
445.4256483995714
 20
-19.00772091417229
 30
0.0
 40
1.500000000000049
100
AcDbArc
 50
90.0
 51
270.0
  0
LINE
  5
A09
330
36
100
AcDbEntity
  8
0
  6
Continuous
 62
     7
370
    25
100
AcDbLine
 10
454.8638299793749
 20
-17.52307608545318
 30
0.0
 11
445.4256483995714
 21
-17.50772091417224
 31
0.0
  0
ARC
  5
A0A
330
36
100
AcDbEntity
  8
0
  6
Continuous
 62
     7
370
    25
100
AcDbCircle
 10
454.8638299793749
 20
-15.5230760854543
 30
0.0
 40
1.99999999999887
100
AcDbArc
 50
270.0
 51
324.3146652874014
  0
ARC
  5
A49
330
36
100
AcDbEntity
  8
0
  6
Continuous
 62
     7
370
    25
100
AcDbCircle
 10
510.7501268197587
 20
-18.9616675854283
 30
0.0
 40
3.999999999999743
100
AcDbArc
 50
215.6853347126988
 51
324.3146652873012
  0
ARC
  5
A4A
330
36
100
AcDbEntity
  8
0
  6
Continuous
 62
     7
370
    25
100
AcDbCircle
 10
505.8767296473588
 20
-22.4616675854283
 30
0.0
 40
1.999999999999573
100
AcDbArc
 50
35.68533471259859
 51
90.0
  0
LINE
  5
A4B
330
36
100
AcDbEntity
  8
0
  6
Continuous
 62
     7
370
    25
100
AcDbLine
 10
502.2501268197587
 20
-20.4616675854283
 30
0.0
 11
505.8767296473588
 21
-20.4616675854283
 31
0.0
  0
ARC
  5
A4C
330
36
100
AcDbEntity
  8
0
  6
Continuous
 62
     7
370
    25
100
AcDbCircle
 10
502.2501268197587
 20
-18.9616675854283
 30
0.0
 40
1.500000000000174
100
AcDbArc
 50
90.0
 51
270.0
  0
LINE
  5
A4D
330
36
100
AcDbEntity
  8
0
  6
Continuous
 62
     7
370
    25
100
AcDbLine
 10
505.8767296473588
 20
-17.4616675854283
 30
0.0
 11
502.2501268197587
 21
-17.4616675854283
 31
0.0
  0
ARC
  5
A4E
330
36
100
AcDbEntity
  8
0
  6
Continuous
 62
     7
370
    25
100
AcDbCircle
 10
505.8767296473588
 20
-15.4616675854283
 30
0.0
 40
2.000000000000203
100
AcDbArc
 50
270.0
 51
324.3146652873012
  0
ARC
  5
A4F
330
36
100
AcDbEntity
  8
0
  6
Continuous
 62
     7
370
    25
100
AcDbCircle
 10
510.7501268197587
 20
-18.9616675854283
 30
0.0
 40
4.000000000000651
100
AcDbArc
 50
35.68533471269886
 51
144.3146652873011
  0
ARC
  5
A50
330
36
100
AcDbEntity
  8
0
  6
Continuous
 62
     7
370
    25
100
AcDbCircle
 10
515.6235239921586
 20
-15.4616675854283
 30
0.0
 40
1.999999999997306
100
AcDbArc
 50
215.6853347125986
 51
270.0
  0
LINE
  5
A51
330
36
100
AcDbEntity
  8
0
  6
Continuous
 62
     7
370
    25
100
AcDbLine
 10
525.0587102596923
 20
-17.47701827075059
 30
0.0
 11
515.6175333676192
 21
-17.46165861350988
 31
0.0
  0
ARC
  5
A52
330
36
100
AcDbEntity
  8
0
  6
Continuous
 62
     7
370
    25
100
AcDbCircle
 10
525.0617055719621
 20
-18.97702275671031
 30
0.0
 40
1.500000000000049
100
AcDbArc
 50
270.0
 51
90.0
  0
LINE
  5
A53
330
36
100
AcDbEntity
  8
0
  6
Continuous
 62
     7
370
    25
100
AcDbLine
 10
515.6235239921586
 20
-20.46166758542944
 30
0.0
 11
525.0617055719621
 21
-20.47702275671037
 31
0.0
  0
ARC
  5
A54
330
36
100
AcDbEntity
  8
0
  6
Continuous
 62
     7
370
    25
100
AcDbCircle
 10
515.6235239921586
 20
-22.4616675854283
 30
0.0
 40
1.99999999999887
100
AcDbArc
 50
90.0
 51
144.3146652874014
  0
LINE
  5
A5B
330
36
100
AcDbEntity
  8
0
  6
Continuous
100
AcDbLine
 10
541.3730095247863
 20
-33.30388136867013
 30
0.0
 11
543.2644695065804
 21
-30.22971882671573
 31
0.0
  0
ARC
  5
A5C
330
36
100
AcDbEntity
  8
0
  6
Continuous
100
AcDbCircle
 10
538.3068916364471
 20
-31.41737107322892
 30
0.0
 40
3.6
100
AcDbArc
 50
270.0000025955526
 51
328.396990847416
  0
ARC
  5
A5D
330
36
100
AcDbEntity
  8
0
  6
Continuous
370
    25
100
AcDbCircle
 10
546.3305873949196
 20
-32.11622912215697
 30
0.0
 40
3.6
100
AcDbArc
 50
89.9999924146188
 51
148.3969908474162
  0
ENDSEC
  0
SECTION
  2
OBJECTS
  0
DICTIONARY
  5
C
330
0
100
AcDbDictionary
281
     1
  3
ACAD_CIP_PREVIOUS_PRODUCT_INFO
350
9A4
  3
ACAD_COLOR
350
2F
  3
ACAD_DETAILVIEWSTYLE
350
99F
  3
ACAD_GROUP
350
D
  3
ACAD_LAST_SAVED_VERSION_INFO
350
A5E
  3
ACAD_LAYOUT
350
2E
  3
ACAD_MATERIAL
350
10
  3
ACAD_MLEADERSTYLE
350
99B
  3
ACAD_MLINESTYLE
350
2B
  3
ACAD_PLOTSETTINGS
350
2D
  3
ACAD_PLOTSTYLENAME
350
E
  3
ACAD_SCALELIST
350
989
  3
ACAD_SECTIONVIEWSTYLE
350
99D
  3
ACAD_TABLESTYLE
350
30
  3
ACAD_VISUALSTYLE
350
14
  3
ACDB_RECOMPOSE_DATA
350
A6F
  3
AcDbVariableDictionary
350
1D0
  0
DICTIONARY
  5
20F
330
2
100
AcDbDictionary
280
     1
281
     1
  3
ACAD_LAYERSTATES
360
210
  0
DICTIONARY
  5
A5F
330
25
100
AcDbDictionary
280
     1
281
     1
  3
ADSK_XREC_LAYER_RECONCILED
360
A60
  0
DICTIONARY
  5
206
330
205
100
AcDbDictionary
280
     1
281
     1
  3
ADSK_XREC_LAYER_RECONCILED
360
207
  0
DICTIONARY
  5
1CB
330
36
100
AcDbDictionary
280
     1
281
     1
  3
ACAD_SORTENTS
360
1CC
  0
XRECORD
  5
9A4
102
{ACAD_REACTORS
330
C
102
}
330
C
100
AcDbXrecord
280
     1
300
ACD
300
2024
300

  0
DICTIONARY
  5
2F
102
{ACAD_REACTORS
330
C
102
}
330
C
100
AcDbDictionary
281
     1
  0
DICTIONARY
  5
99F
102
{ACAD_REACTORS
330
C
102
}
330
C
100
AcDbDictionary
281
     1
  3
Imperial24
350
9A0
  3
Metric50
350
9A8
  0
DICTIONARY
  5
D
102
{ACAD_REACTORS
330
C
102
}
330
C
100
AcDbDictionary
281
     1
  0
XRECORD
  5
A5E
102
{ACAD_REACTORS
330
C
102
}
330
C
100
AcDbXrecord
280
     1
300
{BDDEDEDF-235F-1040-B316-2F9EB25896BE}
301
{7C350D8D-E523-884E-BD33-D9766B716EE2}
302
{BDDEDEDF-235F-1040-B316-2F9EB25896BE}
303
C:\Users\lequo\Downloads\jane_plate_v1.DXF
  0
DICTIONARY
  5
2E
102
{ACAD_REACTORS
330
C
102
}
330
C
100
AcDbDictionary
281
     1
  3
Layout1
350
35
  3
Model
350
39
  0
DICTIONARY
  5
10
102
{ACAD_REACTORS
330
C
102
}
330
C
100
AcDbDictionary
281
     1
  3
ByBlock
350
12
  3
ByLayer
350
11
  3
Global
350
13
  0
DICTIONARY
  5
99B
102
{ACAD_REACTORS
330
C
102
}
330
C
100
AcDbDictionary
281
     1
  3
Standard
350
99C
  0
DICTIONARY
  5
2B
102
{ACAD_REACTORS
330
C
102
}
330
C
100
AcDbDictionary
281
     1
  3
Standard
350
2C
  0
DICTIONARY
  5
2D
102
{ACAD_REACTORS
330
C
102
}
330
C
100
AcDbDictionary
281
     1
  0
ACDBDICTIONARYWDFLT
  5
E
102
{ACAD_REACTORS
330
C
102
}
330
C
100
AcDbDictionary
281
     1
  3
Normal
350
F
100
AcDbDictionaryWithDefault
340
F
  0
DICTIONARY
  5
989
102
{ACAD_REACTORS
330
C
102
}
330
C
100
AcDbDictionary
281
     1
  3
A0
350
98A
  3
A1
350
98B
  3
A2
350
98C
  3
A3
350
98D
  3
A4
350
98E
  3
A5
350
98F
  3
A6
350
990
  3
A7
350
991
  3
A8
350
992
  3
A9
350
993
  3
B0
350
994
  3
B1
350
995
  3
B2
350
996
  3
B3
350
997
  3
B4
350
998
  3
B5
350
999
  3
B6
350
99A
  0
DICTIONARY
  5
99D
102
{ACAD_REACTORS
330
C
102
}
330
C
100
AcDbDictionary
281
     1
  3
Imperial24
350
99E
  3
Metric50
350
9A7
  0
DICTIONARY
  5
30
102
{ACAD_REACTORS
330
C
102
}
330
C
100
AcDbDictionary
281
     1
  3
Standard
350
31
  0
DICTIONARY
  5
14
102
{ACAD_REACTORS
330
C
102
}
330
C
100
AcDbDictionary
281
     1
  3
2dWireframe
350
1A
  3
3D Hidden
350
1C
  3
3dWireframe
350
1B
  3
Basic
350
19
  3
Brighten
350
20
  3
ColorChange
350
24
  3
Conceptual
350
1D
  3
Dim
350
1F
  3
EdgeColorOff
350
988
  3
Facepattern
350
23
  3
Flat
350
15
  3
FlatWithEdges
350
16
  3
Gouraud
350
17
  3
GouraudWithEdges
350
18
  3
Hidden
350
980
  3
JitterOff
350
986
  3
Linepattern
350
22
  3
OverhangOff
350
987
  3
Realistic
350
1E
  3
Shaded
350
985
  3
Shaded with edges
350
984
  3
Shades of Gray
350
981
  3
Sketchy
350
982
  3
Thicken
350
21
  3
Wireframe
350
20C
  3
X-Ray
350
983
  0
XRECORD
  5
A6F
102
{ACAD_REACTORS
330
C
102
}
330
C
100
AcDbXrecord
280
     1
 90
        1
330
31
  0
DICTIONARY
  5
1D0
102
{ACAD_REACTORS
330
C
102
}
330
C
100
AcDbDictionary
281
     1
  3
CANNOSCALE
350
A17
  3
CMLEADERSTYLE
350
A13
  3
CTABLESTYLE
350
1D1
  3
CVIEWDETAILSTYLE
350
A14
  3
CVIEWSECTIONSTYLE
350
A15
  3
LAYEREVAL
350
A19
  3
LAYERNOTIFY
350
A1A
  3
LIGHTINGUNITS
350
A18
  3
MSLTSCALE
350
A16
  0
DICTIONARY
  5
210
102
{ACAD_REACTORS
330
20F
102
}
330
20F
100
AcDbDictionary
281
     1
  0
XRECORD
  5
A60
102
{ACAD_REACTORS
330
A5F
102
}
330
A5F
100
AcDbXrecord
280
     1
290
     1
  0
XRECORD
  5
207
102
{ACAD_REACTORS
330
206
102
}
330
206
100
AcDbXrecord
280
     1
290
     1
  0
SORTENTSTABLE
  5
1CC
102
{ACAD_REACTORS
330
1CB
102
}
330
1CB
100
AcDbSortentsTable
330
36
331
85A
  5
85B
331
85B
  5
85C
331
85C
  5
85D
331
85D
  5
85E
331
85E
  5
85F
331
85F
  5
860
331
860
  5
861
331
861
  5
862
331
862
  5
863
331
863
  5
864
331
864
  5
865
331
865
  5
866
331
866
  5
867
331
867
  5
868
331
868
  5
869
331
869
  5
86A
331
86A
  5
86B
331
86B
  5
86C
331
86C
  5
86D
331
86D
  5
86E
331
86E
  5
86F
331
86F
  5
870
331
870
  5
871
331
871
  5
872
331
872
  5
873
331
873
  5
874
331
874
  5
875
331
875
  5
876
331
876
  5
877
331
877
  5
878
331
878
  5
879
331
879
  5
87A
331
87A
  5
87B
331
87B
  5
87C
331
87C
  5
87D
331
87D
  5
87E
331
87E
  5
87F
331
87F
  5
880
331
880
  5
881
331
881
  5
882
331
882
  5
883
331
883
  5
884
331
884
  5
885
331
885
  5
886
331
886
  5
887
331
887
  5
888
331
888
  5
889
331
889
  5
88A
331
88A
  5
88B
331
88B
  5
88C
331
88C
  5
88D
331
88D
  5
88E
331
88E
  5
88F
331
88F
  5
890
331
890
  5
891
331
891
  5
892
331
892
  5
893
331
893
  5
894
331
894
  5
895
331
895
  5
896
331
896
  5
897
331
897
  5
898
331
898
  5
899
331
899
  5
89A
331
89A
  5
89B
331
89B
  5
89C
331
89C
  5
89D
331
89D
  5
89E
331
89E
  5
89F
331
89F
  5
8A0
331
8A0
  5
8A1
331
8A1
  5
8A2
331
8A2
  5
8A3
331
8A3
  5
8A4
331
8A4
  5
8A5
331
8A5
  5
8A6
331
8A6
  5
8A7
331
8A7
  5
8A8
331
8A8
  5
8A9
331
8A9
  5
8AA
331
8AA
  5
8AB
331
8AB
  5
8AC
331
8AC
  5
8AD
331
8AD
  5
8AE
331
8AE
  5
8AF
331
8AF
  5
8B0
331
8B0
  5
8B1
331
8B1
  5
8B2
331
8B2
  5
8B3
331
8B3
  5
8B4
331
8B4
  5
8B5
331
8B5
  5
8B6
331
8B6
  5
8B7
331
8B7
  5
8B8
331
8B8
  5
8B9
331
8B9
  5
8BA
331
8BA
  5
8BB
331
8BB
  5
8BC
331
8BC
  5
8BD
331
8BD
  5
8BE
331
8BE
  5
8BF
331
8BF
  5
8C0
331
8C0
  5
8C1
331
8C1
  5
8C2
331
8C2
  5
8C3
331
8C3
  5
8C4
331
8C4
  5
8C5
331
8C5
  5
8C6
331
8C6
  5
8C7
331
8C7
  5
8C8
331
8C8
  5
8C9
331
8C9
  5
8CA
331
8CA
  5
8CB
331
8CB
  5
8CC
331
8CC
  5
8D7
331
8D6
  5
8D8
331
8D7
  5
8D9
331
8D8
  5
8DA
331
8D9
  5
8DB
331
8DA
  5
8DC
331
8DB
  5
8DD
331
8DC
  5
8DE
331
8DD
  5
8DF
331
8DE
  5
8E0
331
8DF
  5
8E1
331
8E0
  5
8E2
331
8E1
  5
8E3
331
8E2
  5
8E4
331
8E3
  5
8E5
331
8E4
  5
8E6
331
8E5
  5
8E7
331
8E6
  5
8E8
331
8E7
  5
8E9
331
8E8
  5
8EA
331
8E9
  5
8EB
331
8EA
  5
8EC
331
8EB
  5
8ED
331
8EC
  5
8EE
331
8ED
  5
8EF
331
8EE
  5
8F0
331
8EF
  5
8F1
331
8F0
  5
8F2
331
8F1
  5
8F3
331
8F2
  5
8F4
331
8F3
  5
8F5
331
8F4
  5
8F6
331
8F5
  5
8F7
331
8F6
  5
8F8
331
8F7
  5
8F9
331
8F8
  5
8FA
331
8F9
  5
8FB
331
8FA
  5
8FC
331
8FB
  5
8FD
331
8FC
  5
8FE
331
8FD
  5
8FF
331
8FE
  5
900
331
8FF
  5
901
331
900
  5
902
331
901
  5
903
331
902
  5
904
331
903
  5
905
331
904
  5
906
331
905
  5
907
331
906
  5
908
331
907
  5
909
331
908
  5
90A
331
909
  5
90B
331
90A
  5
90C
331
90B
  5
90D
331
90C
  5
910
331
90D
  5
911
331
910
  5
912
331
911
  5
913
331
912
  5
914
331
913
  5
915
331
914
  5
916
331
915
  5
917
331
916
  5
918
331
917
  5
919
331
918
  5
91A
331
919
  5
91B
331
91A
  5
91C
331
91B
  5
91D
331
91C
  5
91E
331
91D
  5
91F
331
91E
  5
920
331
91F
  5
921
331
920
  5
922
331
921
  5
923
331
922
  5
924
331
923
  5
925
331
924
  5
926
331
925
  5
927
331
926
  5
928
331
927
  5
929
331
928
  5
92A
331
929
  5
92B
331
92A
  5
92C
331
92B
  5
92D
331
92C
  5
92E
331
92D
  5
92F
331
92E
  5
930
331
92F
  5
931
331
930
  5
932
331
931
  5
933
331
932
  5
934
331
933
  5
935
331
934
  5
936
331
935
  5
937
331
936
  5
938
331
937
  5
939
331
938
  5
93A
331
939
  5
93B
331
93A
  5
93C
331
93B
  5
93D
331
93C
  5
93E
331
93D
  5
93F
331
93E
  5
940
331
93F
  5
941
331
940
  5
942
331
941
  5
943
331
942
  5
944
331
943
  5
945
331
944
  5
946
331
945
  5
947
331
946
  5
948
331
947
  5
949
331
948
  5
94A
331
949
  5
94B
331
94A
  5
94C
331
94B
  5
94D
331
94C
  5
94E
331
94D
  5
94F
331
94E
  5
950
331
94F
  5
951
331
950
  5
952
331
951
  5
953
331
952
  5
954
331
953
  5
955
331
954
  5
956
331
955
  5
957
331
956
  5
958
331
957
  5
959
331
958
  5
95A
331
959
  5
95B
331
95A
  5
95C
331
95B
  5
95D
331
95C
  5
95E
331
95D
  5
95F
331
95E
  5
960
331
95F
  5
961
331
960
  5
962
331
961
  5
963
331
962
  5
964
331
963
  5
965
331
964
  5
966
331
965
  5
967
331
966
  5
968
331
967
  5
969
331
968
  5
96A
331
969
  5
96B
331
96A
  5
96C
331
96B
  5
96D
331
96C
  5
96E
331
96D
  5
96F
331
96E
  5
970
331
96F
  5
971
331
970
  5
972
331
971
  5
973
331
972
  5
974
331
973
  5
975
331
974
  5
976
331
975
  5
977
331
976
  5
978
331
977
  5
979
331
978
  5
97A
331
979
  5
97B
331
97A
  5
97C
331
97B
  5
97D
331
97C
  5
97E
331
97D
  5
9B6
331
9B5
  5
9DD
331
9B6
  5
9DE
331
9FF
  5
A01
331
A00
  5
A02
331
A01
  5
A03
331
A02
  5
A04
331
A03
  5
A05
331
A04
  5
A06
331
A05
  5
A07
331
A06
  5
A08
331
A07
  5
A09
331
A08
  5
A0A
331
A09
  5
A49
331
A0A
  5
A4A
331
A49
  5
A4B
331
A4A
  5
A4C
331
A4B
  5
A4D
331
A4C
  5
A4E
331
A4D
  5
A4F
331
A4E
  5
A50
331
A4F
  5
A51
331
A50
  5
A52
331
A51
  5
A53
331
A52
  5
A54
331
A53
  5
A56
331
A54
  5
A57
331
A5B
  5
A5C
331
A5C
  5
A5D
331
A5D
  5
85A
  0
ACDBDETAILVIEWSTYLE
  5
9A0
102
{ACAD_XDICTIONARY
360
A72
102
}
102
{ACAD_REACTORS
330
99F
102
}
330
99F
100
AcDbModelDocViewStyle
 70
     0
  3
Imperial24
290
     0
100
AcDbDetailViewStyle
 70
     0
 71
     0
 90
        3
 71
     1
340
26
 62
   256
 40
0.24
340
0
 62
   256
 40
0.24
300

 40
0.36
280
     3
 71
     2
340
2A
 90
       25
 62
   256
 71
     3
340
26
 62
   256
 40
0.24
 90
        1
 40
0.75
 90
        1
300
%<\AcVar ViewType \f "%tc1">% %<\AcVar ViewDetailId>%\PSCALE %<\AcVar ViewScale \f "%sn">%
 71
     4
340
2A
 90
       25
 62
   256
340
2A
 90
       25
 62
   256
280
     0
  0
ACDBDETAILVIEWSTYLE
  5
9A8
102
{ACAD_XDICTIONARY
360
A76
102
}
102
{ACAD_REACTORS
330
99F
102
}
330
99F
100
AcDbModelDocViewStyle
 70
     0
  3
Metric50
290
     0
100
AcDbDetailViewStyle
 70
     0
 71
     0
 90
        3
 71
     1
340
26
 62
   256
 40
5.0
340
0
 62
   256
 40
5.0
300

 40
0.0
280
     1
 71
     2
340
2A
 90
       25
 62
   256
 71
     3
340
26
 62
   256
 40
5.0
 90
        0
 40
15.0
 90
        1
300
%<\AcVar ViewDetailId>% (%<\AcVar ViewScale \f "%sn">%)
 71
     4
340
2A
 90
       25
 62
   256
340
2A
 90
       25
 62
   256
280
     0
  0
LAYOUT
  5
35
102
{ACAD_REACTORS
330
2E
102
}
330
2E
100
AcDbPlotSettings
  1

  2
Microsoft Print to PDF
  4

  6

 40
0.0
 41
0.0
 42
0.0
 43
0.0
 44
0.0
 45
0.0
 46
0.0
 47
0.0
 48
0.0
 49
0.0
140
0.0
141
0.0
142
1.0
143
1.0
 70
   688
 72
     0
 73
     0
 74
     5
  7

 75
    16
147
1.0
 76
     0
 77
     2
 78
   300
148
0.0
149
0.0
100
AcDbLayout
  1
Layout1
 70
     1
 71
     1
 10
0.0
 20
0.0
 11
12.0
 21
9.0
 12
0.0
 22
0.0
 32
0.0
 14
1.000000000000000E+20
 24
1.000000000000000E+20
 34
1.000000000000000E+20
 15
-1.000000000000000E+20
 25
-1.000000000000000E+20
 35
-1.000000000000000E+20
146
0.0
 13
0.0
 23
0.0
 33
0.0
 16
1.0
 26
0.0
 36
0.0
 17
0.0
 27
1.0
 37
0.0
 76
     0
330
32
  0
LAYOUT
  5
39
102
{ACAD_REACTORS
330
2E
102
}
330
2E
100
AcDbPlotSettings
  1

  2
Microsoft Print to PDF
  4
Letter
  6

 40
0.0
 41
0.0
 42
0.0000152587890625
 43
0.0
 44
215.9000091552734
 45
279.3999938964844
 46
0.0
 47
0.0
 48
0.0
 49
0.0
140
0.0
141
0.0
142
1.0
143
54.8481817328087
 70
 11952
 72
     0
 73
     1
 74
     0
  7

 75
     0
147
0.0182321449573565
 76
     0
 77
     2
 78
   300
148
-6907.25850870834
149
6976.774961636746
100
AcDbLayout
  1
Model
 70
     1
 71
     0
 10
0.0
 20
0.0
 11
12.0
 21
9.0
 12
0.0
 22
0.0
 32
0.0
 14
0.0
 24
0.0
 34
0.0
 15
0.0
 25
0.0
 35
0.0
146
0.0
 13
0.0
 23
0.0
 33
0.0
 16
1.0
 26
0.0
 36
0.0
 17
0.0
 27
1.0
 37
0.0
 76
     0
330
36
331
3B
1001
ACAD_PSEXT
1000
Microsoft Print to PDF
1000
Microsoft Print To PDF
1000
PORTPROMPT:
1000

1070
     0
  0
MATERIAL
  5
12
102
{ACAD_REACTORS
330
10
102
}
330
10
100
AcDbMaterial
  1
ByBlock
 73
     1
 78
     1
172
     1
176
     1
270
     1
274
     1
 94
       63
  0
MATERIAL
  5
11
102
{ACAD_REACTORS
330
10
102
}
330
10
100
AcDbMaterial
  1
ByLayer
 73
     1
 78
     1
172
     1
176
     1
270
     1
274
     1
 94
       63
  0
MATERIAL
  5
13
102
{ACAD_REACTORS
330
10
102
}
330
10
100
AcDbMaterial
  1
Global
 73
     1
 78
     1
172
     1
176
     1
270
     1
274
     1
 94
       63
  0
MLEADERSTYLE
  5
99C
102
{ACAD_REACTORS
330
99B
102
}
330
99B
100
AcDbMLeaderStyle
179
     2
170
     2
171
     1
172
     0
 90
        2
 40
0.0
 41
0.0
173
     1
 91
-1056964608
340
28
 92
       -2
290
     1
 42
0.09
291
     1
 43
0.36
  3
Standard
 44
0.18
300

342
26
174
     1
178
     6
175
     1
176
     0
 93
-1056964608
 45
0.18
292
     0
297
     0
 46
0.18
 94
-1056964608
 47
1.0
 49
1.0
140
1.0
293
     1
141
0.0
294
     1
177
     0
142
1.0
295
     0
296
     0
143
0.125
271
     0
272
     9
273
     9
298
     1
  0
MLINESTYLE
  5
2C
102
{ACAD_REACTORS
330
2B
102
}
330
2B
100
AcDbMlineStyle
  2
STANDARD
 70
     0
  3

 62
   256
 51
90.0
 52
90.0
 71
     2
 49
0.5
 62
   256
  6
BYLAYER
 49
-0.5
 62
   256
  6
BYLAYER
  0
ACDBPLACEHOLDER
  5
F
102
{ACAD_REACTORS
330
E
102
}
330
E
  0
SCALE
  5
98A
102
{ACAD_REACTORS
330
989
102
}
330
989
100
AcDbScale
 70
     0
300
1:1
140
1.0
141
1.0
290
     1
  0
SCALE
  5
98B
102
{ACAD_REACTORS
330
989
102
}
330
989
100
AcDbScale
 70
     0
300
1/128" = 1'-0"
140
0.0078125
141
12.0
290
     0
  0
SCALE
  5
98C
102
{ACAD_REACTORS
330
989
102
}
330
989
100
AcDbScale
 70
     0
300
1/64" = 1'-0"
140
0.015625
141
12.0
290
     0
  0
SCALE
  5
98D
102
{ACAD_REACTORS
330
989
102
}
330
989
100
AcDbScale
 70
     0
300
1/32" = 1'-0"
140
0.03125
141
12.0
290
     0
  0
SCALE
  5
98E
102
{ACAD_REACTORS
330
989
102
}
330
989
100
AcDbScale
 70
     0
300
1/16" = 1'-0"
140
0.0625
141
12.0
290
     0
  0
SCALE
  5
98F
102
{ACAD_REACTORS
330
989
102
}
330
989
100
AcDbScale
 70
     0
300
3/32" = 1'-0"
140
0.09375
141
12.0
290
     0
  0
SCALE
  5
990
102
{ACAD_REACTORS
330
989
102
}
330
989
100
AcDbScale
 70
     0
300
1/8" = 1'-0"
140
0.125
141
12.0
290
     0
  0
SCALE
  5
991
102
{ACAD_REACTORS
330
989
102
}
330
989
100
AcDbScale
 70
     0
300
3/16" = 1'-0"
140
0.1875
141
12.0
290
     0
  0
SCALE
  5
992
102
{ACAD_REACTORS
330
989
102
}
330
989
100
AcDbScale
 70
     0
300
1/4" = 1'-0"
140
0.25
141
12.0
290
     0
  0
SCALE
  5
993
102
{ACAD_REACTORS
330
989
102
}
330
989
100
AcDbScale
 70
     0
300
3/8" = 1'-0"
140
0.375
141
12.0
290
     0
  0
SCALE
  5
994
102
{ACAD_REACTORS
330
989
102
}
330
989
100
AcDbScale
 70
     0
300
1/2" = 1'-0"
140
0.5
141
12.0
290
     0
  0
SCALE
  5
995
102
{ACAD_REACTORS
330
989
102
}
330
989
100
AcDbScale
 70
     0
300
3/4" = 1'-0"
140
0.75
141
12.0
290
     0
  0
SCALE
  5
996
102
{ACAD_REACTORS
330
989
102
}
330
989
100
AcDbScale
 70
     0
300
1" = 1'-0"
140
1.0
141
12.0
290
     0
  0
SCALE
  5
997
102
{ACAD_REACTORS
330
989
102
}
330
989
100
AcDbScale
 70
     0
300
1-1/2" = 1'-0"
140
1.5
141
12.0
290
     0
  0
SCALE
  5
998
102
{ACAD_REACTORS
330
989
102
}
330
989
100
AcDbScale
 70
     0
300
3" = 1'-0"
140
3.0
141
12.0
290
     0
  0
SCALE
  5
999
102
{ACAD_REACTORS
330
989
102
}
330
989
100
AcDbScale
 70
     0
300
6" = 1'-0"
140
6.0
141
12.0
290
     0
  0
SCALE
  5
99A
102
{ACAD_REACTORS
330
989
102
}
330
989
100
AcDbScale
 70
     0
300
1'-0" = 1'-0"
140
12.0
141
12.0
290
     0
  0
ACDBSECTIONVIEWSTYLE
  5
99E
102
{ACAD_XDICTIONARY
360
A70
102
}
102
{ACAD_REACTORS
330
99D
102
}
330
99D
100
AcDbModelDocViewStyle
 70
     0
  3
Imperial24
290
     0
100
AcDbSectionViewStyle
 70
     0
 71
     0
 90
       78
 71
     1
340
26
 62
   256
 40
0.24
340
0
340
0
 62
   256
 40
0.24
300
I, O, Q, S, X, Z
 40
0.48
 90
        3
 40
0.18
 90
        1
 71
     2
340
2A
 90
       25
 62
   256
340
2A
 90
       50
 62
   256
 40
0.24
 40
0.0
 40
0.24
 71
     3
340
26
 62
   256
 40
0.24
 90
        1
 40
0.75
 90
        1
300
%<\AcVar ViewType \f "%tc1">% %<\AcVar ViewSectionStartId>%-%<\AcVar ViewSectionEndId>%\PSCALE %<\AcVar ViewScale \f "%sn">%
 71
     4
 62
   256
 62
   257
300
ANSI31
 40
1.0
 90
        0
290
     0
290
     0
 90
        6
 40
0.0
 40
1.570796326794896
 40
0.2617993877991494
 40
1.308996938995747
 40
-0.2617993877991494
 40
1.832595714594046
  0
ACDBSECTIONVIEWSTYLE
  5
9A7
102
{ACAD_XDICTIONARY
360
A74
102
}
102
{ACAD_REACTORS
330
99D
102
}
330
99D
100
AcDbModelDocViewStyle
 70
     0
  3
Metric50
290
     0
100
AcDbSectionViewStyle
 70
     0
 71
     0
 90
      102
 71
     1
340
26
 62
   256
 40
5.0
340
0
340
0
 62
   256
 40
5.0
300
I, O, Q, S, X, Z
 40
10.0
 90
        0
 40
2.5
 90
        0
 71
     2
340
2A
 90
       25
 62
   256
340
2A
 90
       50
 62
   256
 40
5.0
 40
2.5
 40
5.0
 71
     3
340
26
 62
   256
 40
5.0
 90
        0
 40
15.0
 90
        1
300
%<\AcVar ViewSectionStartId>%-%<\AcVar ViewSectionEndId>% (%<\AcVar ViewScale \f "%sn">%)
 71
     4
 62
   256
 62
   257
300
ANSI31
 40
1.0
 90
        0
290
     0
290
     0
 90
        6
 40
0.0
 40
1.570796326794896
 40
0.2617993877991494
 40
1.308996938995747
 40
-0.2617993877991494
 40
1.832595714594046
  0
TABLESTYLE
  5
31
102
{ACAD_XDICTIONARY
360
A6D
102
}
102
{ACAD_REACTORS
330
30
102
}
330
30
100
AcDbTableStyle
280
     0
  3
Standard
 70
     0
 71
     0
 40
0.06
 41
0.06
280
     0
281
     0
  7
Standard
140
0.18
170
     2
 62
     0
 63
     7
283
     0
 90
      512
 91
        0
  1

274
    -2
284
     1
 64
     0
275
    -2
285
     1
 65
     0
276
    -2
286
     1
 66
     0
277
    -2
287
     1
 67
     0
278
    -2
288
     1
 68
     0
279
    -2
289
     1
 69
     0
  7
Standard
140
0.25
170
     5
 62
     0
 63
     7
283
     0
 90
      512
 91
        0
  1

274
    -2
284
     1
 64
     0
275
    -2
285
     1
 65
     0
276
    -2
286
     1
 66
     0
277
    -2
287
     1
 67
     0
278
    -2
288
     1
 68
     0
279
    -2
289
     1
 69
     0
  7
Standard
140
0.18
170
     5
 62
     0
 63
     7
283
     0
 90
      512
 91
        0
  1

274
    -2
284
     1
 64
     0
275
    -2
285
     1
 65
     0
276
    -2
286
     1
 66
     0
277
    -2
287
     1
 67
     0
278
    -2
288
     1
 68
     0
279
    -2
289
     1
 69
     0
  0
VISUALSTYLE
  5
1A
102
{ACAD_REACTORS
330
14
102
}
330
14
100
AcDbVisualStyle
  2
2dWireframe
 70
     4
177
     3
291
     0
 70
    58
 90
        0
176
     1
 90
        2
176
     1
 90
        0
176
     1
 90
        0
176
     1
 40
0.6
176
     1
 40
30.0
176
     1
 62
     7
420
 16777215
176
     1
 90
        1
176
     1
 90
        4
176
     1
 62
     7
176
     1
 62
   257
176
     1
 90
        1
176
     1
 90
        1
176
     1
 40
1.0
176
     1
 90
        0
176
     1
 62
   257
176
     1
 40
1.0
176
     1
 90
        1
176
     1
 90
        6
176
     1
 90
        2
176
     1
 62
     7
176
     1
 90
        5
176
     1
 90
        0
176
     1
 90
        0
176
     1
290
     0
176
     1
 90
        1
176
     1
 40
0.0
176
     1
 90
        0
176
     1
290
     1
176
     1
290
     1
176
     1
290
     0
176
     1
290
     0
176
     1
290
     0
176
     1
290
     0
176
     1
290
     0
176
     1
290
     0
176
     1
290
     0
176
     1
 90
       50
176
     1
 40
0.0
176
     1
 40
1.0
176
     1
 90
        0
176
     1
 62
    18
420
        0
176
     1
 90
       50
176
     1
 90
        3
176
     1
 62
     5
420
      255
176
     1
290
     0
176
     1
 90
       50
176
     1
 90
       50
176
     1
 90
       50
176
     1
290
     0
176
     1
 90
       50
176
     1
 62
   256
176
     0
 40
1.0
176
     0
 90
        2
176
     1
  1
strokes_ogs.tif
176
     1
290
     0
176
     1
 40
1.0
176
     1
 40
1.0
176
     1
1001
ACAD
1000
AcDbSavedByObjectVersion
1070
     0
  0
VISUALSTYLE
  5
1C
102
{ACAD_REACTORS
330
14
102
}
330
14
100
AcDbVisualStyle
  2
3D Hidden
 70
     6
177
     3
291
     0
 70
    58
 90
        1
176
     1
 90
        2
176
     1
 90
        2
176
     1
 90
        0
176
     1
 40
0.6
176
     1
 40
30.0
176
     1
 62
     7
420
 16777215
176
     1
 90
        2
176
     1
 90
        2
176
     1
 62
     7
176
     1
 62
   257
176
     1
 90
        2
176
     1
 90
        1
176
     1
 40
40.0
176
     1
 90
        0
176
     1
 62
   257
176
     1
 40
1.0
176
     1
 90
        1
176
     1
 90
        6
176
     1
 90
        2
176
     1
 62
     7
176
     1
 90
        3
176
     1
 90
        0
176
     1
 90
        0
176
     1
290
     0
176
     1
 90
        1
176
     1
 40
0.0
176
     1
 90
        0
176
     1
290
     0
176
     1
290
     1
176
     1
290
     1
176
     1
290
     0
176
     1
290
     0
176
     1
290
     0
176
     1
290
     0
176
     1
290
     0
176
     1
290
     0
176
     1
 90
       50
176
     1
 40
0.0
176
     1
 40
1.0
176
     1
 90
        0
176
     1
 62
    18
420
        0
176
     1
 90
       50
176
     1
 90
        3
176
     1
 62
     5
420
      255
176
     1
290
     0
176
     1
 90
       50
176
     1
 90
       50
176
     1
 90
       50
176
     1
290
     0
176
     1
 90
       50
176
     1
 62
   256
176
     0
 40
1.0
176
     0
 90
        2
176
     1
  1
strokes_ogs.tif
176
     1
290
     0
176
     1
 40
1.0
176
     1
 40
1.0
176
     1
1001
ACAD
1000
AcDbSavedByObjectVersion
1070
     0
  0
VISUALSTYLE
  5
1B
102
{ACAD_REACTORS
330
14
102
}
330
14
100
AcDbVisualStyle
  2
3dWireframe
 70
     5
177
     3
291
     0
 70
    58
 90
        0
176
     1
 90
        2
176
     1
 90
        0
176
     1
 90
        0
176
     1
 40
0.6
176
     1
 40
30.0
176
     1
 62
     7
420
 16777215
176
     1
 90
        1
176
     1
 90
        4
176
     1
 62
     7
176
     1
 62
   257
176
     1
 90
        1
176
     1
 90
        1
176
     1
 40
1.0
176
     1
 90
        0
176
     1
 62
   257
176
     1
 40
1.0
176
     1
 90
        1
176
     1
 90
        6
176
     1
 90
        2
176
     1
 62
     7
176
     1
 90
        5
176
     1
 90
        0
176
     1
 90
        0
176
     1
290
     0
176
     1
 90
        1
176
     1
 40
0.0
176
     1
 90
        0
176
     1
290
     0
176
     1
290
     1
176
     1
290
     1
176
     1
290
     0
176
     1
290
     0
176
     1
290
     0
176
     1
290
     0
176
     1
290
     0
176
     1
290
     0
176
     1
 90
       50
176
     1
 40
0.0
176
     1
 40
1.0
176
     1
 90
        0
176
     1
 62
    18
420
        0
176
     1
 90
       50
176
     1
 90
        3
176
     1
 62
     5
420
      255
176
     1
290
     0
176
     1
 90
       50
176
     1
 90
       50
176
     1
 90
       50
176
     1
290
     0
176
     1
 90
       50
176
     1
 62
   256
176
     0
 40
1.0
176
     0
 90
        2
176
     1
  1
strokes_ogs.tif
176
     1
290
     0
176
     1
 40
1.0
176
     1
 40
1.0
176
     1
1001
ACAD
1000
AcDbSavedByObjectVersion
1070
     0
  0
VISUALSTYLE
  5
19
102
{ACAD_REACTORS
330
14
102
}
330
14
100
AcDbVisualStyle
  2
Basic
 70
     7
177
     3
291
     1
 70
    58
 90
        1
176
     1
 90
        0
176
     1
 90
        1
176
     1
 90
        0
176
     1
 40
0.6
176
     1
 40
30.0
176
     1
 62
     7
420
 16777215
176
     1
 90
        0
176
     1
 90
        4
176
     1
 62
     7
176
     1
 62
   257
176
     1
 90
        1
176
     1
 90
        1
176
     1
 40
1.0
176
     1
 90
        8
176
     1
 62
     7
176
     1
 40
1.0
176
     1
 90
        1
176
     1
 90
        6
176
     1
 90
        2
176
     1
 62
     7
176
     1
 90
        5
176
     1
 90
        0
176
     1
 90
        0
176
     1
290
     0
176
     1
 90
        1
176
     1
 40
0.0
176
     1
 90
        0
176
     1
290
     0
176
     1
290
     1
176
     1
290
     1
176
     1
290
     0
176
     1
290
     0
176
     1
290
     0
176
     1
290
     0
176
     1
290
     0
176
     1
290
     0
176
     1
 90
       50
176
     1
 40
0.0
176
     1
 40
1.0
176
     1
 90
        0
176
     1
 62
    18
420
        0
176
     1
 90
       50
176
     1
 90
        3
176
     1
 62
     5
420
      255
176
     1
290
     0
176
     1
 90
       50
176
     1
 90
       50
176
     1
 90
       50
176
     1
290
     0
176
     1
 90
       50
176
     1
 62
   256
176
     0
 40
1.0
176
     0
 90
        2
176
     1
  1
strokes_ogs.tif
176
     1
290
     0
176
     1
 40
1.0
176
     1
 40
1.0
176
     1
1001
ACAD
1000
AcDbSavedByObjectVersion
1070
     0
  0
VISUALSTYLE
  5
20
102
{ACAD_REACTORS
330
14
102
}
330
14
100
AcDbVisualStyle
  2
Brighten
 70
    12
177
     3
291
     1
 70
    58
 90
        2
176
     1
 90
        2
176
     1
 90
        0
176
     1
 90
        0
176
     1
 40
0.6
176
     1
 40
30.0
176
     1
 62
     7
420
 16777215
176
     1
 90
        1
176
     1
 90
        4
176
     1
 62
     7
176
     1
 62
   257
176
     1
 90
        1
176
     1
 90
        1
176
     1
 40
1.0
176
     1
 90
        8
176
     1
 62
     7
176
     1
 40
1.0
176
     1
 90
        1
176
     1
 90
        6
176
     1
 90
        2
176
     1
 62
     7
176
     1
 90
        5
176
     1
 90
        0
176
     1
 90
        0
176
     1
290
     0
176
     1
 90
        1
176
     1
 40
50.0
176
     1
 90
        0
176
     1
290
     0
176
     1
290
     1
176
     1
290
     1
176
     1
290
     0
176
     1
290
     0
176
     1
290
     0
176
     1
290
     0
176
     1
290
     0
176
     1
290
     0
176
     1
 90
       50
176
     1
 40
0.0
176
     1
 40
1.0
176
     1
 90
        0
176
     1
 62
    18
420
        0
176
     1
 90
       50
176
     1
 90
        3
176
     1
 62
     5
420
      255
176
     1
290
     0
176
     1
 90
       50
176
     1
 90
       50
176
     1
 90
       50
176
     1
290
     0
176
     1
 90
       50
176
     1
 62
   256
176
     0
 40
1.0
176
     0
 90
        2
176
     1
  1
strokes_ogs.tif
176
     1
290
     0
176
     1
 40
1.0
176
     1
 40
1.0
176
     1
1001
ACAD
1000
AcDbSavedByObjectVersion
1070
     0
  0
VISUALSTYLE
  5
24
102
{ACAD_REACTORS
330
14
102
}
330
14
100
AcDbVisualStyle
  2
ColorChange
 70
    16
177
     3
291
     1
 70
    58
 90
        2
176
     1
 90
        2
176
     1
 90
        3
176
     1
 90
        0
176
     1
 40
0.6
176
     1
 40
30.0
176
     1
 62
     8
420
  8421504
176
     1
 90
        1
176
     1
 90
        4
176
     1
 62
     7
176
     1
 62
   257
176
     1
 90
        1
176
     1
 90
        1
176
     1
 40
1.0
176
     1
 90
        8
176
     1
 62
     8
420
  8421504
176
     1
 40
1.0
176
     1
 90
        1
176
     1
 90
        6
176
     1
 90
        2
176
     1
 62
     7
176
     1
 90
        5
176
     1
 90
        0
176
     1
 90
        0
176
     1
290
     0
176
     1
 90
        1
176
     1
 40
0.0
176
     1
 90
        0
176
     1
290
     0
176
     1
290
     1
176
     1
290
     1
176
     1
290
     0
176
     1
290
     0
176
     1
290
     0
176
     1
290
     0
176
     1
290
     0
176
     1
290
     0
176
     1
 90
       50
176
     1
 40
0.0
176
     1
 40
1.0
176
     1
 90
        0
176
     1
 62
    18
420
        0
176
     1
 90
       50
176
     1
 90
        3
176
     1
 62
     5
420
      255
176
     1
290
     0
176
     1
 90
       50
176
     1
 90
       50
176
     1
 90
       50
176
     1
290
     0
176
     1
 90
       50
176
     1
 62
   256
176
     0
 40
1.0
176
     0
 90
        2
176
     1
  1
strokes_ogs.tif
176
     1
290
     0
176
     1
 40
1.0
176
     1
 40
1.0
176
     1
1001
ACAD
1000
AcDbSavedByObjectVersion
1070
     0
  0
VISUALSTYLE
  5
1D
102
{ACAD_REACTORS
330
14
102
}
330
14
100
AcDbVisualStyle
  2
Conceptual
 70
     9
177
     3
291
     0
 70
    58
 90
        3
176
     1
 90
        2
176
     1
 90
        0
176
     1
 90
        0
176
     1
 40
0.6
176
     1
 40
30.0
176
     1
 62
     7
420
 16777215
176
     1
 90
        2
176
     1
 90
        2
176
     1
 62
     7
176
     1
 62
   257
176
     1
 90
        1
176
     1
 90
        1
176
     1
 40
40.0
176
     1
 90
        8
176
     1
 62
     7
176
     1
 40
1.0
176
     1
 90
        1
176
     1
 90
        6
176
     1
 90
        2
176
     1
 62
     7
176
     1
 90
        3
176
     1
 90
        0
176
     1
 90
        0
176
     1
290
     0
176
     1
 90
        1
176
     1
 40
0.0
176
     1
 90
        0
176
     1
290
     0
176
     1
290
     1
176
     1
290
     1
176
     1
290
     0
176
     1
290
     0
176
     1
290
     0
176
     1
290
     0
176
     1
290
     0
176
     1
290
     0
176
     1
 90
       50
176
     1
 40
0.0
176
     1
 40
1.0
176
     1
 90
        0
176
     1
 62
    18
420
        0
176
     1
 90
       50
176
     1
 90
        3
176
     1
 62
     5
420
      255
176
     1
290
     0
176
     1
 90
       50
176
     1
 90
       50
176
     1
 90
       50
176
     1
290
     0
176
     1
 90
       50
176
     1
 62
   256
176
     0
 40
1.0
176
     0
 90
        2
176
     1
  1
strokes_ogs.tif
176
     1
290
     0
176
     1
 40
1.0
176
     1
 40
1.0
176
     1
1001
ACAD
1000
AcDbSavedByObjectVersion
1070
     0
  0
VISUALSTYLE
  5
1F
102
{ACAD_REACTORS
330
14
102
}
330
14
100
AcDbVisualStyle
  2
Dim
 70
    11
177
     3
291
     1
 70
    58
 90
        2
176
     1
 90
        2
176
     1
 90
        0
176
     1
 90
        0
176
     1
 40
0.6
176
     1
 40
30.0
176
     1
 62
     7
420
 16777215
176
     1
 90
        1
176
     1
 90
        4
176
     1
 62
     7
176
     1
 62
   257
176
     1
 90
        1
176
     1
 90
        1
176
     1
 40
1.0
176
     1
 90
        8
176
     1
 62
     7
176
     1
 40
1.0
176
     1
 90
        1
176
     1
 90
        6
176
     1
 90
        2
176
     1
 62
     7
176
     1
 90
        5
176
     1
 90
        0
176
     1
 90
        0
176
     1
290
     0
176
     1
 90
        1
176
     1
 40
-50.0
176
     1
 90
        0
176
     1
290
     0
176
     1
290
     1
176
     1
290
     1
176
     1
290
     0
176
     1
290
     0
176
     1
290
     0
176
     1
290
     0
176
     1
290
     0
176
     1
290
     0
176
     1
 90
       50
176
     1
 40
0.0
176
     1
 40
1.0
176
     1
 90
        0
176
     1
 62
    18
420
        0
176
     1
 90
       50
176
     1
 90
        3
176
     1
 62
     5
420
      255
176
     1
290
     0
176
     1
 90
       50
176
     1
 90
       50
176
     1
 90
       50
176
     1
290
     0
176
     1
 90
       50
176
     1
 62
   256
176
     0
 40
1.0
176
     0
 90
        2
176
     1
  1
strokes_ogs.tif
176
     1
290
     0
176
     1
 40
1.0
176
     1
 40
1.0
176
     1
1001
ACAD
1000
AcDbSavedByObjectVersion
1070
     0
  0
VISUALSTYLE
  5
988
102
{ACAD_REACTORS
330
14
102
}
330
14
100
AcDbVisualStyle
  2
EdgeColorOff
 70
    22
177
     3
291
     1
 70
    58
 90
        2
176
     0
 90
        2
176
     0
 90
        0
176
     0
 90
        0
176
     0
 40
0.6
176
     0
 40
30.0
176
     0
 62
     7
420
 16777215
176
     0
 90
        1
176
     0
 90
        4
176
     0
 62
     7
176
     0
 62
   257
176
     0
 90
        1
176
     0
 90
        1
176
     0
 40
1.0
176
     0
 90
        8
176
     2
 62
     7
176
     0
 40
1.0
176
     0
 90
        1
176
     0
 90
        6
176
     0
 90
        2
176
     0
 62
     7
176
     0
 90
        5
176
     0
 90
        0
176
     0
 90
        0
176
     0
290
     0
176
     0
 90
        1
176
     0
 40
0.0
176
     0
 90
        0
176
     0
290
     0
176
     0
290
     1
176
     0
290
     1
176
     0
290
     0
176
     0
290
     0
176
     0
290
     0
176
     0
290
     0
176
     0
290
     0
176
     0
290
     0
176
     0
 90
       50
176
     0
 40
0.0
176
     0
 40
1.0
176
     0
 90
        0
176
     0
 62
    18
420
        0
176
     0
 90
       50
176
     0
 90
        3
176
     0
 62
     5
420
      255
176
     0
290
     0
176
     0
 90
       50
176
     0
 90
       50
176
     0
 90
       50
176
     0
290
     0
176
     0
 90
       50
176
     0
 62
   256
176
     0
 40
1.0
176
     0
 90
        2
176
     0
  1
strokes_ogs.tif
176
     0
290
     0
176
     0
 40
1.0
176
     0
 40
1.0
176
     0
1001
ACAD
1000
AcDbSavedByObjectVersion
1070
     0
  0
VISUALSTYLE
  5
23
102
{ACAD_REACTORS
330
14
102
}
330
14
100
AcDbVisualStyle
  2
Facepattern
 70
    15
177
     3
291
     1
 70
    58
 90
        2
176
     1
 90
        2
176
     1
 90
        0
176
     1
 90
        0
176
     1
 40
0.6
176
     1
 40
30.0
176
     1
 62
     7
420
 16777215
176
     1
 90
        1
176
     1
 90
        4
176
     1
 62
     7
176
     1
 62
   257
176
     1
 90
        1
176
     1
 90
        1
176
     1
 40
1.0
176
     1
 90
        8
176
     1
 62
     7
176
     1
 40
1.0
176
     1
 90
        1
176
     1
 90
        6
176
     1
 90
        2
176
     1
 62
     7
176
     1
 90
        5
176
     1
 90
        0
176
     1
 90
        0
176
     1
290
     0
176
     1
 90
        1
176
     1
 40
0.0
176
     1
 90
        0
176
     1
290
     0
176
     1
290
     1
176
     1
290
     1
176
     1
290
     0
176
     1
290
     0
176
     1
290
     0
176
     1
290
     0
176
     1
290
     0
176
     1
290
     0
176
     1
 90
       50
176
     1
 40
0.0
176
     1
 40
1.0
176
     1
 90
        0
176
     1
 62
    18
420
        0
176
     1
 90
       50
176
     1
 90
        3
176
     1
 62
     5
420
      255
176
     1
290
     0
176
     1
 90
       50
176
     1
 90
       50
176
     1
 90
       50
176
     1
290
     0
176
     1
 90
       50
176
     1
 62
   256
176
     0
 40
1.0
176
     0
 90
        2
176
     1
  1
strokes_ogs.tif
176
     1
290
     0
176
     1
 40
1.0
176
     1
 40
1.0
176
     1
1001
ACAD
1000
AcDbSavedByObjectVersion
1070
     0
  0
VISUALSTYLE
  5
15
102
{ACAD_REACTORS
330
14
102
}
330
14
100
AcDbVisualStyle
  2
Flat
 70
     0
177
     3
291
     1
 70
    58
 90
        2
176
     1
 90
        1
176
     1
 90
        1
176
     1
 90
        2
176
     1
 40
0.6
176
     1
 40
30.0
176
     1
 62
     7
420
 16777215
176
     1
 90
        0
176
     1
 90
        4
176
     1
 62
     7
176
     1
 62
   257
176
     1
 90
        1
176
     1
 90
        1
176
     1
 40
1.0
176
     1
 90
        8
176
     1
 62
     7
176
     1
 40
1.0
176
     1
 90
        1
176
     1
 90
        6
176
     1
 90
        2
176
     1
 62
     7
176
     1
 90
        5
176
     1
 90
        0
176
     1
 90
        0
176
     1
290
     0
176
     1
 90
       13
176
     1
 40
0.0
176
     1
 90
        0
176
     1
290
     0
176
     1
290
     1
176
     1
290
     1
176
     1
290
     0
176
     1
290
     0
176
     1
290
     0
176
     1
290
     0
176
     1
290
     0
176
     1
290
     0
176
     1
 90
       50
176
     1
 40
0.0
176
     1
 40
1.0
176
     1
 90
        0
176
     1
 62
    18
420
        0
176
     1
 90
       50
176
     1
 90
        3
176
     1
 62
     5
420
      255
176
     1
290
     0
176
     1
 90
       50
176
     1
 90
       50
176
     1
 90
       50
176
     1
290
     0
176
     1
 90
       50
176
     1
 62
   256
176
     0
 40
1.0
176
     0
 90
        2
176
     1
  1
strokes_ogs.tif
176
     1
290
     0
176
     1
 40
1.0
176
     1
 40
1.0
176
     1
1001
ACAD
1000
AcDbSavedByObjectVersion
1070
     0
  0
VISUALSTYLE
  5
16
102
{ACAD_REACTORS
330
14
102
}
330
14
100
AcDbVisualStyle
  2
FlatWithEdges
 70
     1
177
     3
291
     1
 70
    58
 90
        2
176
     1
 90
        1
176
     1
 90
        1
176
     1
 90
        2
176
     1
 40
0.6
176
     1
 40
30.0
176
     1
 62
     7
420
 16777215
176
     1
 90
        1
176
     1
 90
        4
176
     1
 62
     7
176
     1
 62
   257
176
     1
 90
        1
176
     1
 90
        1
176
     1
 40
1.0
176
     1
 90
        0
176
     1
 62
   257
176
     1
 40
1.0
176
     1
 90
        1
176
     1
 90
        6
176
     1
 90
        2
176
     1
 62
     7
176
     1
 90
        5
176
     1
 90
        0
176
     1
 90
        0
176
     1
290
     0
176
     1
 90
       13
176
     1
 40
0.0
176
     1
 90
        0
176
     1
290
     0
176
     1
290
     1
176
     1
290
     1
176
     1
290
     0
176
     1
290
     0
176
     1
290
     0
176
     1
290
     0
176
     1
290
     0
176
     1
290
     0
176
     1
 90
       50
176
     1
 40
0.0
176
     1
 40
1.0
176
     1
 90
        0
176
     1
 62
    18
420
        0
176
     1
 90
       50
176
     1
 90
        3
176
     1
 62
     5
420
      255
176
     1
290
     0
176
     1
 90
       50
176
     1
 90
       50
176
     1
 90
       50
176
     1
290
     0
176
     1
 90
       50
176
     1
 62
   256
176
     0
 40
1.0
176
     0
 90
        2
176
     1
  1
strokes_ogs.tif
176
     1
290
     0
176
     1
 40
1.0
176
     1
 40
1.0
176
     1
1001
ACAD
1000
AcDbSavedByObjectVersion
1070
     0
  0
VISUALSTYLE
  5
17
102
{ACAD_REACTORS
330
14
102
}
330
14
100
AcDbVisualStyle
  2
Gouraud
 70
     2
177
     3
291
     1
 70
    58
 90
        2
176
     1
 90
        2
176
     1
 90
        1
176
     1
 90
        2
176
     1
 40
0.6
176
     1
 40
30.0
176
     1
 62
     7
420
 16777215
176
     1
 90
        0
176
     1
 90
        4
176
     1
 62
     7
176
     1
 62
   257
176
     1
 90
        1
176
     1
 90
        1
176
     1
 40
1.0
176
     1
 90
        0
176
     1
 62
     7
176
     1
 40
1.0
176
     1
 90
        1
176
     1
 90
        6
176
     1
 90
        2
176
     1
 62
     7
176
     1
 90
        5
176
     1
 90
        0
176
     1
 90
        0
176
     1
290
     0
176
     1
 90
       13
176
     1
 40
0.0
176
     1
 90
        0
176
     1
290
     0
176
     1
290
     1
176
     1
290
     1
176
     1
290
     0
176
     1
290
     0
176
     1
290
     0
176
     1
290
     0
176
     1
290
     0
176
     1
290
     0
176
     1
 90
       50
176
     1
 40
0.0
176
     1
 40
1.0
176
     1
 90
        0
176
     1
 62
    18
420
        0
176
     1
 90
       50
176
     1
 90
        3
176
     1
 62
     5
420
      255
176
     1
290
     0
176
     1
 90
       50
176
     1
 90
       50
176
     1
 90
       50
176
     1
290
     0
176
     1
 90
       50
176
     1
 62
   256
176
     0
 40
1.0
176
     0
 90
        2
176
     1
  1
strokes_ogs.tif
176
     1
290
     0
176
     1
 40
1.0
176
     1
 40
1.0
176
     1
1001
ACAD
1000
AcDbSavedByObjectVersion
1070
     0
  0
VISUALSTYLE
  5
18
102
{ACAD_REACTORS
330
14
102
}
330
14
100
AcDbVisualStyle
  2
GouraudWithEdges
 70
     3
177
     3
291
     1
 70
    58
 90
        2
176
     1
 90
        2
176
     1
 90
        1
176
     1
 90
        2
176
     1
 40
0.6
176
     1
 40
30.0
176
     1
 62
     7
420
 16777215
176
     1
 90
        1
176
     1
 90
        4
176
     1
 62
     7
176
     1
 62
   257
176
     1
 90
        1
176
     1
 90
        1
176
     1
 40
1.0
176
     1
 90
        0
176
     1
 62
   257
176
     1
 40
1.0
176
     1
 90
        1
176
     1
 90
        6
176
     1
 90
        2
176
     1
 62
     7
176
     1
 90
        5
176
     1
 90
        0
176
     1
 90
        0
176
     1
290
     0
176
     1
 90
       13
176
     1
 40
0.0
176
     1
 90
        0
176
     1
290
     0
176
     1
290
     1
176
     1
290
     1
176
     1
290
     0
176
     1
290
     0
176
     1
290
     0
176
     1
290
     0
176
     1
290
     0
176
     1
290
     0
176
     1
 90
       50
176
     1
 40
0.0
176
     1
 40
1.0
176
     1
 90
        0
176
     1
 62
    18
420
        0
176
     1
 90
       50
176
     1
 90
        3
176
     1
 62
     5
420
      255
176
     1
290
     0
176
     1
 90
       50
176
     1
 90
       50
176
     1
 90
       50
176
     1
290
     0
176
     1
 90
       50
176
     1
 62
   256
176
     0
 40
1.0
176
     0
 90
        2
176
     1
  1
strokes_ogs.tif
176
     1
290
     0
176
     1
 40
1.0
176
     1
 40
1.0
176
     1
1001
ACAD
1000
AcDbSavedByObjectVersion
1070
     0
  0
VISUALSTYLE
  5
980
102
{ACAD_REACTORS
330
14
102
}
330
14
100
AcDbVisualStyle
  2
Hidden
 70
     6
177
     3
291
     0
 70
    58
 90
        1
176
     1
 90
        2
176
     1
 90
        2
176
     1
 90
        0
176
     1
 40
0.6
176
     1
 40
30.0
176
     1
 62
     7
420
 16777215
176
     1
 90
        2
176
     1
 90
        2
176
     1
 62
     7
176
     1
 62
   257
176
     1
 90
        2
176
     1
 90
        1
176
     1
 40
40.0
176
     1
 90
        0
176
     1
 62
   257
176
     1
 40
1.0
176
     1
 90
        1
176
     1
 90
        6
176
     1
 90
        2
176
     1
 62
     7
176
     1
 90
        3
176
     1
 90
        0
176
     1
 90
        0
176
     1
290
     0
176
     1
 90
        1
176
     1
 40
0.0
176
     1
 90
        0
176
     1
290
     0
176
     1
290
     1
176
     1
290
     1
176
     1
290
     0
176
     1
290
     0
176
     1
290
     0
176
     1
290
     0
176
     1
290
     0
176
     1
290
     0
176
     1
 90
       50
176
     1
 40
0.0
176
     1
 40
1.0
176
     1
 90
        0
176
     1
 62
    18
420
        0
176
     1
 90
       50
176
     1
 90
        3
176
     1
 62
     5
420
      255
176
     1
290
     0
176
     1
 90
       50
176
     1
 90
       50
176
     1
 90
       50
176
     1
290
     0
176
     1
 90
       50
176
     1
 62
   256
176
     0
 40
1.0
176
     0
 90
        2
176
     1
  1
strokes_ogs.tif
176
     1
290
     0
176
     1
 40
1.0
176
     1
 40
1.0
176
     1
1001
ACAD
1000
AcDbSavedByObjectVersion
1070
     0
  0
VISUALSTYLE
  5
986
102
{ACAD_REACTORS
330
14
102
}
330
14
100
AcDbVisualStyle
  2
JitterOff
 70
    20
177
     3
291
     1
 70
    58
 90
        2
176
     0
 90
        2
176
     0
 90
        0
176
     0
 90
        0
176
     0
 40
0.6
176
     0
 40
30.0
176
     0
 62
     7
420
 16777215
176
     0
 90
        1
176
     0
 90
        4
176
     0
 62
     7
176
     0
 62
   257
176
     0
 90
        1
176
     0
 90
        1
176
     0
 40
1.0
176
     0
 90
       10
176
     2
 62
     7
176
     0
 40
1.0
176
     0
 90
        1
176
     0
 90
        6
176
     0
 90
        2
176
     0
 62
     7
176
     0
 90
        5
176
     0
 90
        0
176
     0
 90
        0
176
     0
290
     0
176
     0
 90
        1
176
     0
 40
0.0
176
     0
 90
        0
176
     0
290
     0
176
     0
290
     1
176
     0
290
     1
176
     0
290
     0
176
     0
290
     0
176
     0
290
     0
176
     0
290
     0
176
     0
290
     0
176
     0
290
     0
176
     0
 90
       50
176
     0
 40
0.0
176
     0
 40
1.0
176
     0
 90
        0
176
     0
 62
    18
420
        0
176
     0
 90
       50
176
     0
 90
        3
176
     0
 62
     5
420
      255
176
     0
290
     0
176
     0
 90
       50
176
     0
 90
       50
176
     0
 90
       50
176
     0
290
     0
176
     0
 90
       50
176
     0
 62
   256
176
     0
 40
1.0
176
     0
 90
        2
176
     0
  1
strokes_ogs.tif
176
     0
290
     0
176
     0
 40
1.0
176
     0
 40
1.0
176
     0
1001
ACAD
1000
AcDbSavedByObjectVersion
1070
     0
  0
VISUALSTYLE
  5
22
102
{ACAD_REACTORS
330
14
102
}
330
14
100
AcDbVisualStyle
  2
Linepattern
 70
    14
177
     3
291
     1
 70
    58
 90
        2
176
     1
 90
        2
176
     1
 90
        0
176
     1
 90
        0
176
     1
 40
0.6
176
     1
 40
30.0
176
     1
 62
     7
420
 16777215
176
     1
 90
        1
176
     1
 90
        4
176
     1
 62
     7
176
     1
 62
   257
176
     1
 90
        7
176
     1
 90
        7
176
     1
 40
1.0
176
     1
 90
        8
176
     1
 62
     7
176
     1
 40
1.0
176
     1
 90
        1
176
     1
 90
        6
176
     1
 90
        2
176
     1
 62
     7
176
     1
 90
        5
176
     1
 90
        0
176
     1
 90
        0
176
     1
290
     0
176
     1
 90
        1
176
     1
 40
0.0
176
     1
 90
        0
176
     1
290
     0
176
     1
290
     1
176
     1
290
     1
176
     1
290
     0
176
     1
290
     0
176
     1
290
     0
176
     1
290
     0
176
     1
290
     0
176
     1
290
     0
176
     1
 90
       50
176
     1
 40
0.0
176
     1
 40
1.0
176
     1
 90
        0
176
     1
 62
    18
420
        0
176
     1
 90
       50
176
     1
 90
        3
176
     1
 62
     5
420
      255
176
     1
290
     0
176
     1
 90
       50
176
     1
 90
       50
176
     1
 90
       50
176
     1
290
     0
176
     1
 90
       50
176
     1
 62
   256
176
     0
 40
1.0
176
     0
 90
        2
176
     1
  1
strokes_ogs.tif
176
     1
290
     0
176
     1
 40
1.0
176
     1
 40
1.0
176
     1
1001
ACAD
1000
AcDbSavedByObjectVersion
1070
     0
  0
VISUALSTYLE
  5
987
102
{ACAD_REACTORS
330
14
102
}
330
14
100
AcDbVisualStyle
  2
OverhangOff
 70
    21
177
     3
291
     1
 70
    58
 90
        2
176
     0
 90
        2
176
     0
 90
        0
176
     0
 90
        0
176
     0
 40
0.6
176
     0
 40
30.0
176
     0
 62
     7
420
 16777215
176
     0
 90
        1
176
     0
 90
        4
176
     0
 62
     7
176
     0
 62
   257
176
     0
 90
        1
176
     0
 90
        1
176
     0
 40
1.0
176
     0
 90
        9
176
     2
 62
     7
176
     0
 40
1.0
176
     0
 90
        1
176
     0
 90
        6
176
     0
 90
        2
176
     0
 62
     7
176
     0
 90
        5
176
     0
 90
        0
176
     0
 90
        0
176
     0
290
     0
176
     0
 90
        1
176
     0
 40
0.0
176
     0
 90
        0
176
     0
290
     0
176
     0
290
     1
176
     0
290
     1
176
     0
290
     0
176
     0
290
     0
176
     0
290
     0
176
     0
290
     0
176
     0
290
     0
176
     0
290
     0
176
     0
 90
       50
176
     0
 40
0.0
176
     0
 40
1.0
176
     0
 90
        0
176
     0
 62
    18
420
        0
176
     0
 90
       50
176
     0
 90
        3
176
     0
 62
     5
420
      255
176
     0
290
     0
176
     0
 90
       50
176
     0
 90
       50
176
     0
 90
       50
176
     0
290
     0
176
     0
 90
       50
176
     0
 62
   256
176
     0
 40
1.0
176
     0
 90
        2
176
     0
  1
strokes_ogs.tif
176
     0
290
     0
176
     0
 40
1.0
176
     0
 40
1.0
176
     0
1001
ACAD
1000
AcDbSavedByObjectVersion
1070
     0
  0
VISUALSTYLE
  5
1E
102
{ACAD_REACTORS
330
14
102
}
330
14
100
AcDbVisualStyle
  2
Realistic
 70
     8
177
     3
291
     0
 70
    58
 90
        2
176
     1
 90
        2
176
     1
 90
        0
176
     1
 90
        0
176
     1
 40
0.6
176
     1
 40
30.0
176
     1
 62
     7
420
 16777215
176
     1
 90
        1
176
     1
 90
        0
176
     1
 62
     7
176
     1
 62
   257
176
     1
 90
        1
176
     1
 90
        1
176
     1
 40
1.0
176
     1
 90
        8
176
     1
 62
     8
420
  7895160
176
     1
 40
1.0
176
     1
 90
        1
176
     1
 90
        6
176
     1
 90
        2
176
     1
 62
     7
176
     1
 90
        5
176
     1
 90
        0
176
     1
 90
        0
176
     1
290
     0
176
     1
 90
       13
176
     1
 40
0.0
176
     1
 90
        0
176
     1
290
     0
176
     1
290
     1
176
     1
290
     1
176
     1
290
     0
176
     1
290
     0
176
     1
290
     0
176
     1
290
     0
176
     1
290
     0
176
     1
290
     0
176
     1
 90
       50
176
     1
 40
0.0
176
     1
 40
1.0
176
     1
 90
        0
176
     1
 62
    18
420
        0
176
     1
 90
       50
176
     1
 90
        3
176
     1
 62
     5
420
      255
176
     1
290
     0
176
     1
 90
       50
176
     1
 90
       50
176
     1
 90
       50
176
     1
290
     0
176
     1
 90
       50
176
     1
 62
   256
176
     0
 40
1.0
176
     0
 90
        2
176
     1
  1
strokes_ogs.tif
176
     1
290
     0
176
     1
 40
1.0
176
     1
 40
1.0
176
     1
1001
ACAD
1000
AcDbSavedByObjectVersion
1070
     0
  0
VISUALSTYLE
  5
985
102
{ACAD_REACTORS
330
14
102
}
330
14
100
AcDbVisualStyle
  2
Shaded
 70
    27
177
     3
291
     0
 70
    58
 90
        2
176
     1
 90
        2
176
     1
 90
        1
176
     1
 90
        2
176
     1
 40
0.6
176
     1
 40
30.0
176
     1
 62
     7
420
 16777215
176
     1
 90
        0
176
     1
 90
        4
176
     1
 62
     7
176
     1
 62
   257
176
     1
 90
        1
176
     1
 90
        1
176
     1
 40
1.0
176
     1
 90
        8
176
     1
 62
   257
176
     1
 40
1.0
176
     1
 90
        1
176
     1
 90
        6
176
     1
 90
        2
176
     1
 62
     8
420
  7895160
176
     1
 90
        3
176
     1
 90
        0
176
     1
 90
        0
176
     1
290
     0
176
     1
 90
        5
176
     1
 40
0.0
176
     1
 90
        0
176
     1
290
     0
176
     1
290
     1
176
     1
290
     1
176
     1
290
     0
176
     1
290
     0
176
     1
290
     0
176
     1
290
     0
176
     1
290
     0
176
     1
290
     0
176
     1
 90
       50
176
     1
 40
0.0
176
     1
 40
1.0
176
     1
 90
        0
176
     1
 62
    18
420
        0
176
     1
 90
       50
176
     1
 90
        3
176
     1
 62
     5
420
      255
176
     1
290
     0
176
     1
 90
       50
176
     1
 90
       50
176
     1
 90
       50
176
     1
290
     0
176
     1
 90
       50
176
     1
 62
   256
176
     0
 40
1.0
176
     0
 90
        2
176
     1
  1
strokes_ogs.tif
176
     1
290
     0
176
     1
 40
1.0
176
     1
 40
1.0
176
     1
1001
ACAD
1000
AcDbSavedByObjectVersion
1070
     0
  0
VISUALSTYLE
  5
984
102
{ACAD_REACTORS
330
14
102
}
330
14
100
AcDbVisualStyle
  2
Shaded with edges
 70
    26
177
     3
291
     0
 70
    58
 90
        2
176
     1
 90
        2
176
     1
 90
        1
176
     1
 90
        2
176
     1
 40
0.6
176
     1
 40
30.0
176
     1
 62
     7
420
 16777215
176
     1
 90
        1
176
     1
 90
        2
176
     1
 62
     7
176
     1
 62
   257
176
     1
 90
        2
176
     1
 90
        1
176
     1
 40
1.0
176
     1
 90
        8
176
     1
 62
   257
176
     1
 40
1.0
176
     1
 90
        1
176
     1
 90
        6
176
     1
 90
        2
176
     1
 62
     7
176
     1
 90
        3
176
     1
 90
        0
176
     1
 90
        0
176
     1
290
     0
176
     1
 90
        5
176
     1
 40
0.0
176
     1
 90
        0
176
     1
290
     0
176
     1
290
     1
176
     1
290
     1
176
     1
290
     0
176
     1
290
     0
176
     1
290
     0
176
     1
290
     0
176
     1
290
     0
176
     1
290
     0
176
     1
 90
       50
176
     1
 40
0.0
176
     1
 40
1.0
176
     1
 90
        0
176
     1
 62
    18
420
        0
176
     1
 90
       50
176
     1
 90
        3
176
     1
 62
     5
420
      255
176
     1
290
     0
176
     1
 90
       50
176
     1
 90
       50
176
     1
 90
       50
176
     1
290
     0
176
     1
 90
       50
176
     1
 62
   256
176
     0
 40
1.0
176
     0
 90
        2
176
     1
  1
strokes_ogs.tif
176
     1
290
     0
176
     1
 40
1.0
176
     1
 40
1.0
176
     1
1001
ACAD
1000
AcDbSavedByObjectVersion
1070
     0
  0
VISUALSTYLE
  5
981
102
{ACAD_REACTORS
330
14
102
}
330
14
100
AcDbVisualStyle
  2
Shades of Gray
 70
    23
177
     3
291
     0
 70
    58
 90
        2
176
     1
 90
        2
176
     1
 90
        3
176
     1
 90
        0
176
     1
 40
0.6
176
     1
 40
30.0
176
     1
 62
     7
420
 16777215
176
     1
 90
        2
176
     1
 90
        2
176
     1
 62
     7
176
     1
 62
     7
176
     1
 90
        1
176
     1
 90
        1
176
     1
 40
40.0
176
     1
 90
        8
176
     1
 62
     7
176
     1
 40
1.0
176
     1
 90
        1
176
     1
 90
        6
176
     1
 90
        2
176
     1
 62
     7
176
     1
 90
        3
176
     1
 90
        0
176
     1
 90
        0
176
     1
290
     0
176
     1
 90
        1
176
     1
 40
0.0
176
     1
 90
        0
176
     1
290
     0
176
     1
290
     1
176
     1
290
     1
176
     1
290
     0
176
     1
290
     0
176
     1
290
     0
176
     1
290
     0
176
     1
290
     0
176
     1
290
     0
176
     1
 90
       50
176
     1
 40
0.0
176
     1
 40
1.0
176
     1
 90
        0
176
     1
 62
    18
420
        0
176
     1
 90
       50
176
     1
 90
        3
176
     1
 62
     5
420
      255
176
     1
290
     0
176
     1
 90
       50
176
     1
 90
       50
176
     1
 90
       50
176
     1
290
     0
176
     1
 90
       50
176
     1
 62
   256
176
     0
 40
1.0
176
     0
 90
        2
176
     1
  1
strokes_ogs.tif
176
     1
290
     0
176
     1
 40
1.0
176
     1
 40
1.0
176
     1
1001
ACAD
1000
AcDbSavedByObjectVersion
1070
     0
  0
VISUALSTYLE
  5
982
102
{ACAD_REACTORS
330
14
102
}
330
14
100
AcDbVisualStyle
  2
Sketchy
 70
    24
177
     3
291
     0
 70
    58
 90
        1
176
     1
 90
        2
176
     1
 90
        2
176
     1
 90
        0
176
     1
 40
0.6
176
     1
 40
30.0
176
     1
 62
     7
420
 16777215
176
     1
 90
        2
176
     1
 90
        2
176
     1
 62
     7
176
     1
 62
     7
176
     1
 90
        1
176
     1
 90
        1
176
     1
 40
40.0
176
     1
 90
       11
176
     1
 62
     7
176
     1
 40
1.0
176
     1
 90
        1
176
     1
 90
        6
176
     1
 90
        2
176
     1
 62
     7
176
     1
 90
        6
176
     1
 90
        0
176
     1
 90
        0
176
     1
290
     0
176
     1
 90
        1
176
     1
 40
0.0
176
     1
 90
        0
176
     1
290
     0
176
     1
290
     1
176
     1
290
     1
176
     1
290
     0
176
     1
290
     0
176
     1
290
     0
176
     1
290
     0
176
     1
290
     0
176
     1
290
     0
176
     1
 90
       50
176
     1
 40
0.0
176
     1
 40
1.0
176
     1
 90
        0
176
     1
 62
    18
420
        0
176
     1
 90
       50
176
     1
 90
        3
176
     1
 62
     5
420
      255
176
     1
290
     0
176
     1
 90
       50
176
     1
 90
       50
176
     1
 90
       50
176
     1
290
     0
176
     1
 90
       50
176
     1
 62
   256
176
     0
 40
1.0
176
     0
 90
        2
176
     1
  1
strokes_ogs.tif
176
     1
290
     0
176
     1
 40
1.0
176
     1
 40
1.0
176
     1
1001
ACAD
1000
AcDbSavedByObjectVersion
1070
     0
  0
VISUALSTYLE
  5
21
102
{ACAD_REACTORS
330
14
102
}
330
14
100
AcDbVisualStyle
  2
Thicken
 70
    13
177
     3
291
     1
 70
    58
 90
        2
176
     1
 90
        2
176
     1
 90
        0
176
     1
 90
        0
176
     1
 40
0.6
176
     1
 40
30.0
176
     1
 62
     7
420
 16777215
176
     1
 90
        1
176
     1
 90
        4
176
     1
 62
     7
176
     1
 62
   257
176
     1
 90
        1
176
     1
 90
        1
176
     1
 40
1.0
176
     1
 90
       12
176
     1
 62
     7
176
     1
 40
1.0
176
     1
 90
        1
176
     1
 90
        6
176
     1
 90
        2
176
     1
 62
     7
176
     1
 90
        5
176
     1
 90
        0
176
     1
 90
        0
176
     1
290
     0
176
     1
 90
        1
176
     1
 40
0.0
176
     1
 90
        0
176
     1
290
     0
176
     1
290
     1
176
     1
290
     1
176
     1
290
     0
176
     1
290
     0
176
     1
290
     0
176
     1
290
     0
176
     1
290
     0
176
     1
290
     0
176
     1
 90
       50
176
     1
 40
0.0
176
     1
 40
1.0
176
     1
 90
        0
176
     1
 62
    18
420
        0
176
     1
 90
       50
176
     1
 90
        3
176
     1
 62
     5
420
      255
176
     1
290
     0
176
     1
 90
       50
176
     1
 90
       50
176
     1
 90
       50
176
     1
290
     0
176
     1
 90
       50
176
     1
 62
   256
176
     0
 40
1.0
176
     0
 90
        2
176
     1
  1
strokes_ogs.tif
176
     1
290
     0
176
     1
 40
1.0
176
     1
 40
1.0
176
     1
1001
ACAD
1000
AcDbSavedByObjectVersion
1070
     0
  0
VISUALSTYLE
  5
20C
102
{ACAD_REACTORS
330
14
102
}
330
14
100
AcDbVisualStyle
  2
Wireframe
 70
     5
177
     3
291
     0
 70
    58
 90
        0
176
     1
 90
        2
176
     1
 90
        0
176
     1
 90
        0
176
     1
 40
0.6
176
     1
 40
30.0
176
     1
 62
     7
420
 16777215
176
     1
 90
        1
176
     1
 90
        4
176
     1
 62
     7
176
     1
 62
   257
176
     1
 90
        1
176
     1
 90
        1
176
     1
 40
1.0
176
     1
 90
        0
176
     1
 62
   257
176
     1
 40
1.0
176
     1
 90
        1
176
     1
 90
        6
176
     1
 90
        2
176
     1
 62
     7
176
     1
 90
        3
176
     1
 90
        0
176
     1
 90
        0
176
     1
290
     0
176
     1
 90
        1
176
     1
 40
0.0
176
     1
 90
        0
176
     1
290
     0
176
     1
290
     1
176
     1
290
     1
176
     1
290
     0
176
     1
290
     0
176
     1
290
     0
176
     1
290
     0
176
     1
290
     0
176
     1
290
     0
176
     1
 90
       50
176
     1
 40
0.0
176
     1
 40
1.0
176
     1
 90
        0
176
     1
 62
    18
176
     1
 90
       50
176
     1
 90
        3
176
     1
 62
     5
420
      255
176
     1
290
     0
176
     1
 90
       50
176
     1
 90
       50
176
     1
 90
       50
176
     1
290
     0
176
     1
 90
       50
176
     1
 62
   256
176
     0
 40
1.0
176
     0
 90
        2
176
     1
  1
strokes_ogs.tif
176
     1
290
     0
176
     1
 40
1.0
176
     1
 40
1.0
176
     1
1001
ACAD
1000
AcDbSavedByObjectVersion
1070
     0
  0
VISUALSTYLE
  5
983
102
{ACAD_REACTORS
330
14
102
}
330
14
100
AcDbVisualStyle
  2
X-Ray
 70
    25
177
     3
291
     0
 70
    58
 90
        2
176
     1
 90
        2
176
     1
 90
        1
176
     1
 90
        1
176
     1
 40
0.5
176
     1
 40
30.0
176
     1
 62
     7
420
 16777215
176
     1
 90
        1
176
     1
 90
        0
176
     1
 62
     7
176
     1
 62
   257
176
     1
 90
        1
176
     1
 90
        1
176
     1
 40
1.0
176
     1
 90
        8
176
     1
 62
     7
176
     1
 40
1.0
176
     1
 90
        1
176
     1
 90
        6
176
     1
 90
        2
176
     1
 62
     7
176
     1
 90
        3
176
     1
 90
        0
176
     1
 90
        0
176
     1
290
     0
176
     1
 90
       13
176
     1
 40
0.0
176
     1
 90
        0
176
     1
290
     0
176
     1
290
     1
176
     1
290
     1
176
     1
290
     0
176
     1
290
     0
176
     1
290
     0
176
     1
290
     0
176
     1
290
     0
176
     1
290
     0
176
     1
 90
       50
176
     1
 40
0.0
176
     1
 40
1.0
176
     1
 90
        0
176
     1
 62
    18
420
        0
176
     1
 90
       50
176
     1
 90
        3
176
     1
 62
     5
420
      255
176
     1
290
     0
176
     1
 90
       50
176
     1
 90
       50
176
     1
 90
       50
176
     1
290
     0
176
     1
 90
       50
176
     1
 62
   256
176
     0
 40
1.0
176
     0
 90
        2
176
     1
  1
strokes_ogs.tif
176
     1
290
     0
176
     1
 40
1.0
176
     1
 40
1.0
176
     1
1001
ACAD
1000
AcDbSavedByObjectVersion
1070
     0
  0
DICTIONARYVAR
  5
A17
102
{ACAD_REACTORS
330
1D0
102
}
330
1D0
100
DictionaryVariables
280
     0
  1
1:1
  0
DICTIONARYVAR
  5
A13
102
{ACAD_REACTORS
330
1D0
102
}
330
1D0
100
DictionaryVariables
280
     0
  1
STANDARD
  0
DICTIONARYVAR
  5
1D1
102
{ACAD_REACTORS
330
1D0
102
}
330
1D0
100
DictionaryVariables
280
     0
  1
STANDARD
  0
DICTIONARYVAR
  5
A14
102
{ACAD_REACTORS
330
1D0
102
}
330
1D0
100
DictionaryVariables
280
     0
  1
Imperial24
  0
DICTIONARYVAR
  5
A15
102
{ACAD_REACTORS
330
1D0
102
}
330
1D0
100
DictionaryVariables
280
     0
  1
Imperial24
  0
DICTIONARYVAR
  5
A19
102
{ACAD_REACTORS
330
1D0
102
}
330
1D0
100
DictionaryVariables
280
     0
  1
1
  0
DICTIONARYVAR
  5
A1A
102
{ACAD_REACTORS
330
1D0
102
}
330
1D0
100
DictionaryVariables
280
     0
  1
15
  0
DICTIONARYVAR
  5
A18
102
{ACAD_REACTORS
330
1D0
102
}
330
1D0
100
DictionaryVariables
280
     0
  1
0
  0
DICTIONARYVAR
  5
A16
102
{ACAD_REACTORS
330
1D0
102
}
330
1D0
100
DictionaryVariables
280
     0
  1
0
  0
DICTIONARY
  5
A72
330
9A0
100
AcDbDictionary
280
     1
281
     1
  3
ACAD_XREC_ROUNDTRIP
360
A73
  0
DICTIONARY
  5
A76
330
9A8
100
AcDbDictionary
280
     1
281
     1
  3
ACAD_XREC_ROUNDTRIP
360
A77
  0
DICTIONARY
  5
A70
330
99E
100
AcDbDictionary
280
     1
281
     1
  3
ACAD_XREC_ROUNDTRIP
360
A71
  0
DICTIONARY
  5
A74
330
9A7
100
AcDbDictionary
280
     1
281
     1
  3
ACAD_XREC_ROUNDTRIP
360
A75
  0
DICTIONARY
  5
A6D
330
31
100
AcDbDictionary
280
     1
281
     1
  3
ACAD_ROUNDTRIP_2008_TABLESTYLE_CELLSTYLEMAP
360
A6E
  0
XRECORD
  5
A73
102
{ACAD_REACTORS
330
A72
102
}
330
A72
100
AcDbXrecord
280
     1
102
DISPLAYNAME
  1
Imperial24
102
FLAGS
 90
        0
  0
XRECORD
  5
A77
102
{ACAD_REACTORS
330
A76
102
}
330
A76
100
AcDbXrecord
280
     1
102
DISPLAYNAME
  1
Metric50
102
FLAGS
 90
        0
  0
XRECORD
  5
A71
102
{ACAD_REACTORS
330
A70
102
}
330
A70
100
AcDbXrecord
280
     1
102
DISPLAYNAME
  1
Imperial24
102
FLAGS
 90
        0
  0
XRECORD
  5
A75
102
{ACAD_REACTORS
330
A74
102
}
330
A74
100
AcDbXrecord
280
     1
102
DISPLAYNAME
  1
Metric50
102
FLAGS
 90
        0
  0
CELLSTYLEMAP
  5
A6E
102
{ACAD_REACTORS
330
A6D
102
}
330
A6D
100
AcDbCellStyleMap
 90
        3
300
CELLSTYLE
  1
TABLEFORMAT_BEGIN
 90
        5
170
     1
 91
        0
 92
    32768
 62
   257
 93
        1
300
CONTENTFORMAT
  1
CONTENTFORMAT_BEGIN
 90
        0
 91
        0
 92
      512
 93
        0
300

 40
0.0
140
1.0
 94
        5
 62
     0
340
26
144
0.25
309
CONTENTFORMAT_END
171
     0
 94
        6
 95
        1
302
GRIDFORMAT
  1
GRIDFORMAT_BEGIN
 90
        0
 91
        1
 62
     0
 92
       -2
340
0
 93
        0
 40
0.045
309
GRIDFORMAT_END
 95
        2
302
GRIDFORMAT
  1
GRIDFORMAT_BEGIN
 90
        0
 91
        1
 62
     0
 92
       -2
340
0
 93
        0
 40
0.045
309
GRIDFORMAT_END
 95
        4
302
GRIDFORMAT
  1
GRIDFORMAT_BEGIN
 90
        0
 91
        1
 62
     0
 92
       -2
340
0
 93
        0
 40
0.045
309
GRIDFORMAT_END
 95
        8
302
GRIDFORMAT
  1
GRIDFORMAT_BEGIN
 90
        0
 91
        1
 62
     0
 92
       -2
340
0
 93
        0
 40
0.045
309
GRIDFORMAT_END
 95
       16
302
GRIDFORMAT
  1
GRIDFORMAT_BEGIN
 90
        0
 91
        1
 62
     0
 92
       -2
340
0
 93
        0
 40
0.045
309
GRIDFORMAT_END
 95
       32
302
GRIDFORMAT
  1
GRIDFORMAT_BEGIN
 90
        0
 91
        1
 62
     0
 92
       -2
340
0
 93
        0
 40
0.045
309
GRIDFORMAT_END
309
TABLEFORMAT_END
  1
CELLSTYLE_BEGIN
 90
        1
 91
        1
300
_TITLE
309
CELLSTYLE_END
300
CELLSTYLE
  1
TABLEFORMAT_BEGIN
 90
        5
170
     1
 91
        0
 92
        0
 62
   257
 93
        1
300
CONTENTFORMAT
  1
CONTENTFORMAT_BEGIN
 90
        0
 91
        0
 92
      512
 93
        0
300

 40
0.0
140
1.0
 94
        5
 62
     0
340
26
144
0.18
309
CONTENTFORMAT_END
171
     0
 94
        6
 95
        1
302
GRIDFORMAT
  1
GRIDFORMAT_BEGIN
 90
        0
 91
        1
 62
     0
 92
       -2
340
0
 93
        0
 40
0.045
309
GRIDFORMAT_END
 95
        2
302
GRIDFORMAT
  1
GRIDFORMAT_BEGIN
 90
        0
 91
        1
 62
     0
 92
       -2
340
0
 93
        0
 40
0.045
309
GRIDFORMAT_END
 95
        4
302
GRIDFORMAT
  1
GRIDFORMAT_BEGIN
 90
        0
 91
        1
 62
     0
 92
       -2
340
0
 93
        0
 40
0.045
309
GRIDFORMAT_END
 95
        8
302
GRIDFORMAT
  1
GRIDFORMAT_BEGIN
 90
        0
 91
        1
 62
     0
 92
       -2
340
0
 93
        0
 40
0.045
309
GRIDFORMAT_END
 95
       16
302
GRIDFORMAT
  1
GRIDFORMAT_BEGIN
 90
        0
 91
        1
 62
     0
 92
       -2
340
0
 93
        0
 40
0.045
309
GRIDFORMAT_END
 95
       32
302
GRIDFORMAT
  1
GRIDFORMAT_BEGIN
 90
        0
 91
        1
 62
     0
 92
       -2
340
0
 93
        0
 40
0.045
309
GRIDFORMAT_END
309
TABLEFORMAT_END
  1
CELLSTYLE_BEGIN
 90
        2
 91
        1
300
_HEADER
309
CELLSTYLE_END
300
CELLSTYLE
  1
TABLEFORMAT_BEGIN
 90
        5
170
     1
 91
        0
 92
        0
 62
   257
 93
        1
300
CONTENTFORMAT
  1
CONTENTFORMAT_BEGIN
 90
        0
 91
        0
 92
      512
 93
        0
300

 40
0.0
140
1.0
 94
        2
 62
     0
340
26
144
0.18
309
CONTENTFORMAT_END
171
     0
 94
        6
 95
        1
302
GRIDFORMAT
  1
GRIDFORMAT_BEGIN
 90
        0
 91
        1
 62
     0
 92
       -2
340
0
 93
        0
 40
0.045
309
GRIDFORMAT_END
 95
        2
302
GRIDFORMAT
  1
GRIDFORMAT_BEGIN
 90
        0
 91
        1
 62
     0
 92
       -2
340
0
 93
        0
 40
0.045
309
GRIDFORMAT_END
 95
        4
302
GRIDFORMAT
  1
GRIDFORMAT_BEGIN
 90
        0
 91
        1
 62
     0
 92
       -2
340
0
 93
        0
 40
0.045
309
GRIDFORMAT_END
 95
        8
302
GRIDFORMAT
  1
GRIDFORMAT_BEGIN
 90
        0
 91
        1
 62
     0
 92
       -2
340
0
 93
        0
 40
0.045
309
GRIDFORMAT_END
 95
       16
302
GRIDFORMAT
  1
GRIDFORMAT_BEGIN
 90
        0
 91
        1
 62
     0
 92
       -2
340
0
 93
        0
 40
0.045
309
GRIDFORMAT_END
 95
       32
302
GRIDFORMAT
  1
GRIDFORMAT_BEGIN
 90
        0
 91
        1
 62
     0
 92
       -2
340
0
 93
        0
 40
0.045
309
GRIDFORMAT_END
309
TABLEFORMAT_END
  1
CELLSTYLE_BEGIN
 90
        3
 91
        2
300
_DATA
309
CELLSTYLE_END
  0
ENDSEC
  0
EOF
