  0
SECTION
  2
HEADER
  9
$ACADVER
  1
AC1027
  9
$ACADMAINTVER
 70
   125
  9
$DWGCODEPAGE
  3
ANSI_1252
  9
$LASTSAVEDBY
  1
jaswalh
  9
$REQUIREDVERSIONS
160
                 0
  9
$INSBASE
 10
0.0
 20
0.0
 30
0.0
  9
$EXTMIN
 10
52.76418
 20
134.282439
 30
0.0
  9
$EXTMAX
 10
399.82668
 20
260.41601
 30
0.0
  9
$LIMMIN
 10
0.0
 20
0.0
  9
$LIMMAX
 10
420.0
 20
297.0
  9
$ORTHOMODE
 70
     0
  9
$REGENMODE
 70
     1
  9
$FILLMODE
 70
     1
  9
$QTEXTMODE
 70
     0
  9
$MIRRTEXT
 70
     0
  9
$LTSCALE
 40
0.75
  9
$ATTMODE
 70
     1
  9
$TEXTSIZE
 40
3.5
  9
$TRACEWID
 40
1.0
  9
$TEXTSTYLE
  7
Standard
  9
$CLAYER
  8
0
  9
$CELTYPE
  6
ByLayer
  9
$CECOLOR
 62
   256
  9
$CELTSCALE
 40
1.0
  9
$DISPSILH
 70
     0
  9
$DIMSCALE
 40
1.0
  9
$DIMASZ
 40
3.5
  9
$DIMEXO
 40
2.1
  9
$DIMDLI
 40
10.5
  9
$DIMRND
 40
0.0
  9
$DIMDLE
 40
0.0
  9
$DIMEXE
 40
2.1
  9
$DIMTP
 40
0.1
  9
$DIMTM
 40
0.1
  9
$DIMTXT
 40
3.5
  9
$DIMCEN
 40
0.0
  9
$DIMTSZ
 40
0.0
  9
$DIMTOL
 70
     0
  9
$DIMLIM
 70
     0
  9
$DIMTIH
 70
     0
  9
$DIMTOH
 70
     0
  9
$DIMSE1
 70
     0
  9
$DIMSE2
 70
     0
  9
$DIMTAD
 70
     1
  9
$DIMZIN
 70
    12
  9
$DIMBLK
  1

  9
$DIMASO
 70
     1
  9
$DIMSHO
 70
     1
  9
$DIMPOST
  1

  9
$DIMAPOST
  1

  9
$DIMALT
 70
     0
  9
$DIMALTD
 70
     2
  9
$DIMALTF
 40
0.03937
  9
$DIMLFAC
 40
1.0
  9
$DIMTOFL
 70
     1
  9
$DIMTVP
 40
0.0
  9
$DIMTIX
 70
     0
  9
$DIMSOXD
 70
     0
  9
$DIMSAH
 70
     0
  9
$DIMBLK1
  1

  9
$DIMBLK2
  1

  9
$DIMSTYLE
  2
Dim-ISO-25
  9
$DIMCLRD
 70
     0
  9
$DIMCLRE
 70
     0
  9
$DIMCLRT
 70
     0
  9
$DIMTFAC
 40
0.714286
  9
$DIMGAP
 40
1.4
  9
$DIMJUST
 70
     0
  9
$DIMSD1
 70
     0
  9
$DIMSD2
 70
     0
  9
$DIMTOLJ
 70
     0
  9
$DIMTZIN
 70
    12
  9
$DIMALTZ
 70
    12
  9
$DIMALTTZ
 70
    12
  9
$DIMUPT
 70
     0
  9
$DIMDEC
 70
     2
  9
$DIMTDEC
 70
     2
  9
$DIMALTU
 70
     2
  9
$DIMALTTD
 70
     4
  9
$DIMTXSTY
  7
Standard
  9
$DIMAUNIT
 70
     0
  9
$DIMADEC
 70
     2
  9
$DIMALTRND
 40
0.0
  9
$DIMAZIN
 70
     3
  9
$DIMDSEP
 70
    46
  9
$DIMATFIT
 70
     3
  9
$DIMFRAC
 70
     0
  9
$DIMLDRBLK
  1

  9
$DIMLUNIT
 70
     2
  9
$DIMLWD
 70
    -2
  9
$DIMLWE
 70
    -2
  9
$DIMTMOVE
 70
     0
  9
$DIMFXL
 40
1.0
  9
$DIMFXLON
 70
     0
  9
$DIMJOGANG
 40
0.785398
  9
$DIMTFILL
 70
     0
  9
$DIMTFILLCLR
 70
     0
  9
$DIMARCSYM
 70
     0
  9
$DIMLTYPE
  6

  9
$DIMLTEX1
  6

  9
$DIMLTEX2
  6

  9
$DIMTXTDIRECTION
 70
     0
  9
$LUNITS
 70
     2
  9
$LUPREC
 70
     4
  9
$SKETCHINC
 40
1.0
  9
$FILLETRAD
 40
0.0
  9
$AUNITS
 70
     0
  9
$AUPREC
 70
     0
  9
$MENU
  1
.
  9
$ELEVATION
 40
0.0
  9
$PELEVATION
 40
0.0
  9
$THICKNESS
 40
0.0
  9
$LIMCHECK
 70
     0
  9
$CHAMFERA
 40
0.0
  9
$CHAMFERB
 40
0.0
  9
$CHAMFERC
 40
0.0
  9
$CHAMFERD
 40
0.0
  9
$SKPOLY
 70
     0
  9
$TDCREATE
 40
2460780.764027778
  9
$TDUCREATE
 40
2460780.472361111
  9
$TDUPDATE
 40
2460780.764027778
  9
$TDUUPDATE
 40
2460780.472361111
  9
$TDINDWG
 40
0.0000000000
  9
$TDUSRTIMER
 40
0.0000000000
  9
$USRTIMER
 70
     1
  9
$ANGBASE
 50
0.0
  9
$ANGDIR
 70
     0
  9
$PDMODE
 70
     0
  9
$PDSIZE
 40
0.0
  9
$PLINEWID
 40
0.0
  9
$SPLFRAME
 70
     0
  9
$SPLINETYPE
 70
     6
  9
$SPLINESEGS
 70
     8
  9
$HANDSEED
  5
8A5
  9
$SURFTAB1
 70
     6
  9
$SURFTAB2
 70
     6
  9
$SURFTYPE
 70
     6
  9
$SURFU
 70
     6
  9
$SURFV
 70
     6
  9
$UCSBASE
  2

  9
$UCSNAME
  2

  9
$UCSORG
 10
0.0
 20
0.0
 30
0.0
  9
$UCSXDIR
 10
1.0
 20
0.0
 30
0.0
  9
$UCSYDIR
 10
0.0
 20
1.0
 30
0.0
  9
$UCSORTHOREF
  2

  9
$UCSORTHOVIEW
 70
     0
  9
$UCSORGTOP
 10
0.0
 20
0.0
 30
0.0
  9
$UCSORGBOTTOM
 10
0.0
 20
0.0
 30
0.0
  9
$UCSORGLEFT
 10
0.0
 20
0.0
 30
0.0
  9
$UCSORGRIGHT
 10
0.0
 20
0.0
 30
0.0
  9
$UCSORGFRONT
 10
0.0
 20
0.0
 30
0.0
  9
$UCSORGBACK
 10
0.0
 20
0.0
 30
0.0
  9
$PUCSBASE
  2

  9
$PUCSNAME
  2

  9
$PUCSORG
 10
0.0
 20
0.0
 30
0.0
  9
$PUCSXDIR
 10
1.0
 20
0.0
 30
0.0
  9
$PUCSYDIR
 10
0.0
 20
1.0
 30
0.0
  9
$PUCSORTHOREF
  2

  9
$PUCSORTHOVIEW
 70
     0
  9
$PUCSORGTOP
 10
0.0
 20
0.0
 30
0.0
  9
$PUCSORGBOTTOM
 10
0.0
 20
0.0
 30
0.0
  9
$PUCSORGLEFT
 10
0.0
 20
0.0
 30
0.0
  9
$PUCSORGRIGHT
 10
0.0
 20
0.0
 30
0.0
  9
$PUCSORGFRONT
 10
0.0
 20
0.0
 30
0.0
  9
$PUCSORGBACK
 10
0.0
 20
0.0
 30
0.0
  9
$USERI1
 70
     0
  9
$USERI2
 70
     0
  9
$USERI3
 70
     0
  9
$USERI4
 70
     0
  9
$USERI5
 70
     0
  9
$USERR1
 40
0.0
  9
$USERR2
 40
0.0
  9
$USERR3
 40
0.0
  9
$USERR4
 40
0.0
  9
$USERR5
 40
0.0
  9
$WORLDVIEW
 70
     1
  9
$SHADEDGE
 70
     3
  9
$SHADEDIF
 70
    70
  9
$TILEMODE
 70
     1
  9
$MAXACTVP
 70
    64
  9
$PINSBASE
 10
0.0
 20
0.0
 30
0.0
  9
$PLIMCHECK
 70
     0
  9
$PEXTMIN
 10
1.000000E+20
 20
1.000000E+20
 30
1.000000E+20
  9
$PEXTMAX
 10
-1.000000E+20
 20
-1.000000E+20
 30
-1.000000E+20
  9
$PLIMMIN
 10
0.0
 20
0.0
  9
$PLIMMAX
 10
12.0
 20
9.0
  9
$UNITMODE
 70
     0
  9
$VISRETAIN
 70
     1
  9
$PLINEGEN
 70
     0
  9
$PSLTSCALE
 70
     1
  9
$TREEDEPTH
 70
  3020
  9
$CMLSTYLE
  2
Standard
  9
$CMLJUST
 70
     0
  9
$CMLSCALE
 40
20.0
  9
$PROXYGRAPHICS
 70
     1
  9
$MEASUREMENT
 70
     1
  9
$CELWEIGHT
370
    -1
  9
$ENDCAPS
280
     0
  9
$JOINSTYLE
280
     0
  9
$LWDISPLAY
290
     0
  9
$INSUNITS
 70
     4
  9
$HYPERLINKBASE
  1

  9
$STYLESHEET
  1

  9
$XEDIT
290
     1
  9
$CEPSNTYPE
380
     0
  9
$PSTYLEMODE
290
     1
  9
$FINGERPRINTGUID
  2
{61DC5E43-9D2E-F948-935F-5BA75C6FEFB2}
  9
$VERSIONGUID
  2
{9FDC461E-5BD4-0A43-A327-8BD0C5FFD79E}
  9
$EXTNAMES
290
     1
  9
$PSVPSCALE
 40
0.0
  9
$OLESTARTUP
290
     0
  9
$SORTENTS
280
   127
  9
$INDEXCTL
280
     0
  9
$HIDETEXT
280
     1
  9
$XCLIPFRAME
280
     0
  9
$HALOGAP
280
     0
  9
$OBSCOLOR
 70
   257
  9
$OBSLTYPE
280
     0
  9
$INTERSECTIONDISPLAY
280
     0
  9
$INTERSECTIONCOLOR
 70
   257
  9
$DIMASSOC
280
     2
  9
$PROJECTNAME
  1

  9
$CAMERADISPLAY
290
     0
  9
$LENSLENGTH
 40
50.0
  9
$CAMERAHEIGHT
 40
0.0
  9
$STEPSPERSEC
 40
2.0
  9
$STEPSIZE
 40
6.0
  9
$3DDWFPREC
 40
2.0
  9
$PSOLWIDTH
 40
5.0
  9
$PSOLHEIGHT
 40
80.0
  9
$LOFTANG1
 40
1.570796
  9
$LOFTANG2
 40
1.570796
  9
$LOFTMAG1
 40
0.0
  9
$LOFTMAG2
 40
0.0
  9
$LOFTPARAM
 70
     7
  9
$LOFTNORMALS
280
     1
  9
$LATITUDE
 40
37.795
  9
$LONGITUDE
 40
-122.394
  9
$NORTHDIRECTION
 40
0.0
  9
$TIMEZONE
 70
 -8000
  9
$LIGHTGLYPHDISPLAY
280
     1
  9
$TILEMODELIGHTSYNCH
280
     1
  9
$CMATERIAL
347
11
  9
$SOLIDHIST
280
     0
  9
$SHOWHIST
280
     1
  9
$DWFFRAME
280
     2
  9
$DGNFRAME
280
     0
  9
$REALWORLDSCALE
290
     1
  9
$INTERFERECOLOR
 62
     1
  9
$INTERFEREOBJVS
345
33
  9
$INTERFEREVPVS
346
30
  9
$CSHADOW
280
     0
  9
$SHADOWPLANELOCATION
 40
0.0
  0
ENDSEC
  0
SECTION
  2
CLASSES
  0
CLASS
  1
ACDBDICTIONARYWDFLT
  2
AcDbDictionaryWithDefault
  3
ObjectDBX Classes
 90
        0
 91
        1
280
     0
281
     0
  0
CLASS
  1
MATERIAL
  2
AcDbMaterial
  3
ObjectDBX Classes
 90
     1153
 91
        3
280
     0
281
     0
  0
CLASS
  1
VISUALSTYLE
  2
AcDbVisualStyle
  3
ObjectDBX Classes
 90
     4095
 91
       24
280
     0
281
     0
  0
CLASS
  1
SCALE
  2
AcDbScale
  3
ObjectDBX Classes
 90
     1153
 91
       33
280
     0
281
     0
  0
CLASS
  1
TABLESTYLE
  2
AcDbTableStyle
  3
ObjectDBX Classes
 90
     4095
 91
        1
280
     0
281
     0
  0
CLASS
  1
MLEADERSTYLE
  2
AcDbMLeaderStyle
  3
ACDB_MLEADERSTYLE_CLASS
 90
     4095
 91
        1
280
     0
281
     0
  0
CLASS
  1
ACDBSECTIONVIEWSTYLE
  2
AcDbSectionViewStyle
  3
ObjectDBX Classes
 90
     1025
 91
        1
280
     0
281
     0
  0
CLASS
  1
ACDBDETAILVIEWSTYLE
  2
AcDbDetailViewStyle
  3
ObjectDBX Classes
 90
     1025
 91
        1
280
     0
281
     0
  0
CLASS
  1
ACMESCOPE
  2
AcMeScope
  3
AcMeServices
 90
     1024
 91
        1
280
     0
281
     0
  0
CLASS
  1
ACMECOMMANDHISTORY
  2
AcMeCommandHistory
  3
AcMeServices
 90
     1024
 91
        1
280
     0
281
     0
  0
CLASS
  1
ACIMSYSVARMAN
  2
AcImSysVarManager
  3
AcMeServices
 90
     1024
 91
        1
280
     0
281
     0
  0
CLASS
  1
ACIMINTSYSVAR
  2
AcImIntSysVar
  3
AcMeServices
 90
     1024
 91
        1
280
     0
281
     0
  0
CLASS
  1
ACMESTATEMGR
  2
AcMeStateMgr
  3
AcMeServices
 90
     1024
 91
        1
280
     0
281
     0
  0
CLASS
  1
ACGREFMASTER
  2
AcGrefMaster
  3
AcAttribServices
 90
     1024
 91
        1
280
     0
281
     0
  0
CLASS
  1
SORTENTSTABLE
  2
AcDbSortentsTable
  3
ObjectDBX Classes
 90
        0
 91
        1
280
     0
281
     0
  0
CLASS
  1
DICTIONARYVAR
  2
AcDbDictionaryVar
  3
ObjectDBX Classes
 90
        0
 91
        6
280
     0
281
     0
  0
CLASS
  1
CELLSTYLEMAP
  2
AcDbCellStyleMap
  3
ObjectDBX Classes
 90
     1152
 91
        1
280
     0
281
     0
  0
ENDSEC
  0
SECTION
  2
TABLES
  0
TABLE
  2
VPORT
  5
8
330
0
100
AcDbSymbolTable
 70
     1
1001
ACAD
1000
DbSaveVer
1071
      377
  0
VPORT
  5
57
330
8
100
AcDbSymbolTableRecord
100
AcDbViewportTableRecord
  2
*Active
 70
     0
 10
0.0
 20
0.0
 11
1.0
 21
1.0
 12
226.29543
 22
197.349225
 13
0.0
 23
0.0
 14
0.5
 24
0.5
 15
0.0
 25
0.0
 16
0.0
 26
0.0
 36
1.0
 17
0.0
 27
0.0
 37
0.0
 40
141.355664
 41
2.455243
 42
50.0
 43
0.0
 44
0.0
 50
0.0
 51
0.0
 71
     0
 72
 20000
 73
     1
 74
     0
 75
     0
 76
     0
 77
     0
 78
     0
281
     0
 65
     1
110
0.0
120
0.0
130
0.0
111
1.0
121
0.0
131
0.0
112
0.0
122
1.0
132
0.0
 79
     0
146
0.0
348
2F
 60
     3
 61
     5
292
     1
282
     1
141
0.0
142
0.0
 63
   250
421
  3355443
  0
ENDTAB
  0
TABLE
  2
LTYPE
  5
5
330
0
100
AcDbSymbolTable
 70
    14
  0
LTYPE
  5
5B
330
5
100
AcDbSymbolTableRecord
100
AcDbLinetypeTableRecord
  2
ByBlock
 70
     0
  3

 72
    65
 73
     0
 40
0.0
  0
LTYPE
  5
5C
330
5
100
AcDbSymbolTableRecord
100
AcDbLinetypeTableRecord
  2
ByLayer
 70
     0
  3

 72
    65
 73
     0
 40
0.0
  0
LTYPE
  5
5D
330
5
100
AcDbSymbolTableRecord
100
AcDbLinetypeTableRecord
  2
Continuous
 70
     0
  3
Solid line
 72
    65
 73
     0
 40
0.0
  0
LTYPE
  5
80
330
5
100
AcDbSymbolTableRecord
100
AcDbLinetypeTableRecord
  2
HIDDEN
 70
     0
  3
Hidden __ __ __ __ __ __ __ __ __ __ __ __ __ _
 72
    65
 73
     2
 40
9.525
 49
6.35
 74
     0
 49
-3.175
 74
     0
  0
LTYPE
  5
81
330
5
100
AcDbSymbolTableRecord
100
AcDbLinetypeTableRecord
  2
PHANTOM2
 70
     0
  3
Phantom (.5x) ___ _ _ ___ _ _ ___ _ _ ___ _ _
 72
    65
 73
     6
 40
31.75
 49
15.875
 74
     0
 49
-3.175
 74
     0
 49
3.175
 74
     0
 49
-3.175
 74
     0
 49
3.175
 74
     0
 49
-3.175
 74
     0
  0
LTYPE
  5
82
330
5
100
AcDbSymbolTableRecord
100
AcDbLinetypeTableRecord
  2
CENTER
 70
     0
  3
Center ____ _ ____ _ ____ _ ____ _ ____ _ ____
 72
    65
 73
     4
 40
50.8
 49
31.75
 74
     0
 49
-6.35
 74
     0
 49
6.35
 74
     0
 49
-6.35
 74
     0
  0
LTYPE
  5
90
330
5
100
AcDbSymbolTableRecord
100
AcDbLinetypeTableRecord
  2
AM_ISO02W050
 70
     0
  3
__ __ __ __ __ __ __ __ __ __ __ __ __ __ __
 72
    65
 73
     2
 40
7.5
 49
6.0
 74
     0
 49
-1.5
 74
     0
  0
LTYPE
  5
91
330
5
100
AcDbSymbolTableRecord
100
AcDbLinetypeTableRecord
  2
AM_ISO08W050
 70
     0
  3
____ . ____ . ____ . ____ . ____ . ____ . ____
 72
    65
 73
     4
 40
18.0
 49
12.0
 74
     0
 49
-1.5
 74
     0
 49
3.0
 74
     0
 49
-1.5
 74
     0
  0
LTYPE
  5
92
330
5
100
AcDbSymbolTableRecord
100
AcDbLinetypeTableRecord
  2
AM_ISO09W050
 70
     0
  3
_____ . . _____ . . _____ . . ____ .. ____
 72
    65
 73
     6
 40
22.5
 49
12.0
 74
     0
 49
-1.5
 74
     0
 49
3.0
 74
     0
 49
-1.5
 74
     0
 49
3.0
 74
     0
 49
-1.5
 74
     0
  0
LTYPE
  5
93
330
5
100
AcDbSymbolTableRecord
100
AcDbLinetypeTableRecord
  2
Amconstr
 70
     0
  3
_______________________
 72
    65
 73
     2
 40
9999.0
 49
9999.0
 74
     0
 49
0.0
 74
     0
  0
LTYPE
  5
94
330
5
100
AcDbSymbolTableRecord
100
AcDbLinetypeTableRecord
  2
AM_ISO08W050x2
 70
     0
  3
__ . __ . __ . __ . __ . __
 72
    65
 73
     4
 40
9.0
 49
6.0
 74
     0
 49
-0.75
 74
     0
 49
1.5
 74
     0
 49
-0.75
 74
     0
  0
LTYPE
  5
95
330
5
100
AcDbSymbolTableRecord
100
AcDbLinetypeTableRecord
  2
AM_ISO02W050x2
 70
     0
  3
 _ _ _ _ _ _ _ _ _ _ _ _
 72
    65
 73
     2
 40
3.75
 49
3.0
 74
     0
 49
-0.75
 74
     0
  0
LTYPE
  5
96
330
5
100
AcDbSymbolTableRecord
100
AcDbLinetypeTableRecord
  2
Amzigzag
 70
     0
  3
/\/-/\/-/\/-/\/-/\/-/\/
 72
    65
 73
     2
 40
11.0001
 49
0.0001
 74
     4
 75
   136
340
8D
 46
0.04
 50
0.0
 44
0.0
 45
0.0
 49
-11.0
 74
     0
  0
LTYPE
  5
97
330
5
100
AcDbSymbolTableRecord
100
AcDbLinetypeTableRecord
  2
ACISOWELD
 70
     0
  3
_ _ _ _ _
 72
    65
 73
     2
 40
2.0
 49
2.0
 74
     0
 49
-1.0
 74
     0
  0
LTYPE
  5
98
330
5
100
AcDbSymbolTableRecord
100
AcDbLinetypeTableRecord
  2
ACISOTGL
 70
     0
  3
_ _ _ _ _
 72
    65
 73
     2
 40
3.0
 49
2.0
 74
     0
 49
-1.0
 74
     0
  0
LTYPE
  5
99
330
5
100
AcDbSymbolTableRecord
100
AcDbLinetypeTableRecord
  2
ACISOTGB
 70
     0
  3
__ . . __ . .
 72
    65
 73
     6
 40
9.0
 49
4.0
 74
     0
 49
-1.0
 74
     0
 49
1.0
 74
     0
 49
-1.0
 74
     0
 49
1.0
 74
     0
 49
-1.0
 74
     0
  0
ENDTAB
  0
TABLE
  2
LAYER
  5
2
330
0
100
AcDbSymbolTable
 70
     3
  0
LAYER
  5
54
330
2
100
AcDbSymbolTableRecord
100
AcDbLayerTableRecord
  2
0
 70
     0
 62
     7
  6
Continuous
370
    -3
390
F
347
21
348
0
1001
AcAecLayerStandard
1000

1000

  0
LAYER
  5
B5
330
2
100
AcDbSymbolTableRecord
100
AcDbLayerTableRecord
  2
Visible
 70
     0
 62
     7
  6
Continuous
370
    50
390
F
347
21
348
0
  0
ENDTAB
  0
TABLE
  2
STYLE
  5
3
330
0
100
AcDbSymbolTable
 70
     4
  0
STYLE
  5
55
330
3
100
AcDbSymbolTableRecord
100
AcDbTextStyleTableRecord
  2
Standard
 70
     0
 40
0.0
 41
1.0
 50
0.0
 71
     0
 42
3.5
  3
arial.ttf
  4

1001
ACAD
1000
Arial
1071
       34
  0
STYLE
  5
5A
330
3
100
AcDbSymbolTableRecord
100
AcDbTextStyleTableRecord
  2
Annotative
 70
     0
 40
0.0
 41
1.0
 50
0.0
 71
     0
 42
0.2
  3
txt
  4

1001
AcadAnnotative
1000
AnnotativeData
1002
{
1070
     1
1070
     1
1002
}
  0
STYLE
  5
8D
330
3
100
AcDbSymbolTableRecord
100
AcDbTextStyleTableRecord
  2

 70
     1
 40
0.0
 41
1.0
 50
0.0
 71
     0
 42
10.0
  3
genltshp.shx
  4

  0
STYLE
  5
8E
330
3
100
AcDbSymbolTableRecord
100
AcDbTextStyleTableRecord
  2
ACISOGDT
 70
     0
 40
0.0
 41
1.0
 50
0.0
 71
     0
 42
10.0
  3
amgdt.shx
  4

  0
ENDTAB
  0
TABLE
  2
VIEW
  5
6
330
0
100
AcDbSymbolTable
 70
     0
  0
ENDTAB
  0
TABLE
  2
UCS
  5
7
330
0
100
AcDbSymbolTable
 70
     0
  0
ENDTAB
  0
TABLE
  2
APPID
  5
9
330
0
100
AcDbSymbolTable
 70
    16
  0
APPID
  5
56
330
9
100
AcDbSymbolTableRecord
100
AcDbRegAppTableRecord
  2
ACAD
 70
     0
  0
APPID
  5
5E
330
9
100
AcDbSymbolTableRecord
100
AcDbRegAppTableRecord
  2
AcadAnnotative
 70
     0
  0
APPID
  5
78
330
9
100
AcDbSymbolTableRecord
100
AcDbRegAppTableRecord
  2
ACAD_PSEXT
 70
     0
  0
APPID
  5
79
330
9
100
AcDbSymbolTableRecord
100
AcDbRegAppTableRecord
  2
MCAD_NO_VIS
 70
     0
  0
APPID
  5
7A
330
9
100
AcDbSymbolTableRecord
100
AcDbRegAppTableRecord
  2
ACAD_TEMP_GRAPHIC
 70
     0
  0
APPID
  5
83
330
9
100
AcDbSymbolTableRecord
100
AcDbRegAppTableRecord
  2
ACAD_DSTYLE_DIMJAG
 70
     0
  0
APPID
  5
84
330
9
100
AcDbSymbolTableRecord
100
AcDbRegAppTableRecord
  2
ACAD_DSTYLE_DIMTALN
 70
     0
  0
APPID
  5
85
330
9
100
AcDbSymbolTableRecord
100
AcDbRegAppTableRecord
  2
ACAD_NAV_VCDISPLAY
 70
     0
  0
APPID
  5
86
330
9
100
AcDbSymbolTableRecord
100
AcDbRegAppTableRecord
  2
ACAD_DSTYLE_DIMBREAK
 70
     0
  0
APPID
  5
87
330
9
100
AcDbSymbolTableRecord
100
AcDbRegAppTableRecord
  2
FUSIONCURRENTTITLEBLOCK
 70
     0
  0
APPID
  5
88
330
9
100
AcDbSymbolTableRecord
100
AcDbRegAppTableRecord
  2
AcSynergy
 70
     0
  0
APPID
  5
89
330
9
100
AcDbSymbolTableRecord
100
AcDbRegAppTableRecord
  2
GENIUS_GENSCREG_15
 70
     0
  0
APPID
  5
8A
330
9
100
AcDbSymbolTableRecord
100
AcDbRegAppTableRecord
  2
GENIUS_GENOBJ-N-SDF_13
 70
     0
  0
APPID
  5
8B
330
9
100
AcDbSymbolTableRecord
100
AcDbRegAppTableRecord
  2
GENIUS_GENODEF_13
 70
     0
  0
APPID
  5
8C
330
9
100
AcDbSymbolTableRecord
100
AcDbRegAppTableRecord
  2
ACATTRIBSERVICES
 70
     0
  0
APPID
  5
896
330
9
100
AcDbSymbolTableRecord
100
AcDbRegAppTableRecord
  2
AcAecLayerStandard
 70
     0
  0
ENDTAB
  0
TABLE
  2
DIMSTYLE
  5
A
330
0
100
AcDbSymbolTable
 70
     4
100
AcDbDimStyleTable
 71
     1
340
9D
  0
DIMSTYLE
105
58
330
A
100
AcDbSymbolTableRecord
100
AcDbDimStyleTableRecord
  2
Standard
 70
     0
 41
3.5
 42
2.1
 43
10.5
 44
2.1
 78
    12
 79
     3
140
3.5
143
0.03937
146
0.714286
147
1.4
179
     2
271
     2
272
     2
284
    12
340
55
  0
DIMSTYLE
105
59
330
A
100
AcDbSymbolTableRecord
100
AcDbDimStyleTableRecord
  2
Annotative
 70
     0
 40
0.0
 41
3.5
 42
2.1
 43
10.5
 44
2.1
 73
     0
 74
     0
 77
     1
 78
    12
 79
     3
140
3.5
141
2.5
143
0.03937
146
0.714286
147
1.4
171
     3
172
     1
179
     2
271
     2
272
     2
274
     3
278
    44
283
     0
284
    12
340
55
1001
AcadAnnotative
1000
AnnotativeData
1002
{
1070
     1
1070
     1
1002
}
  0
DIMSTYLE
105
9C
330
A
100
AcDbSymbolTableRecord
100
AcDbDimStyleTableRecord
  2
ISO-25
 70
     0
  4
in
 41
3.5
 42
2.1
 43
10.5
 44
2.1
 47
0.1
 48
0.1
 73
     0
 74
     0
 77
     1
 78
    12
 79
     3
140
3.5
141
0.0
143
0.03937
146
0.714286
147
1.4
171
     4
172
     1
176
   256
177
   256
178
   256
179
     2
271
     2
272
     2
274
     4
283
     0
284
    12
285
     8
340
55
1001
ACAD_DSTYLE_DIMJAG
1070
   388
1040
1.5
1001
ACAD_DSTYLE_DIMTALN
1070
   392
1070
     1
1001
ACAD_DSTYLE_DIMBREAK
1070
   391
1040
3.5
  0
DIMSTYLE
105
9D
330
A
100
AcDbSymbolTableRecord
100
AcDbDimStyleTableRecord
  2
Dim-ISO-25
 70
     0
 41
3.5
 42
2.1
 43
10.5
 44
2.1
 47
0.1
 48
0.1
 73
     0
 74
     0
 77
     1
 78
    12
 79
     3
140
3.5
141
0.0
143
0.03937
146
0.714286
147
1.4
172
     1
179
     2
271
     2
272
     2
274
     4
283
     0
284
    12
285
    12
286
    12
340
55
1001
ACAD_DSTYLE_DIMJAG
1070
   388
1040
1.5
1001
ACAD_DSTYLE_DIMTALN
1070
   392
1070
     1
1001
ACAD_DSTYLE_DIMBREAK
1070
   391
1040
3.5
  0
ENDTAB
  0
TABLE
  2
BLOCK_RECORD
  5
1
330
0
100
AcDbSymbolTable
 70
     2
  0
BLOCK_RECORD
  5
70
102
{ACAD_XDICTIONARY
360
AE
102
}
330
1
100
AcDbSymbolTableRecord
100
AcDbBlockTableRecord
  2
*Model_Space
340
73
 70
     0
280
     1
281
     0
  0
BLOCK_RECORD
  5
6C
330
1
100
AcDbSymbolTableRecord
100
AcDbBlockTableRecord
  2
*Paper_Space
340
6F
 70
     0
280
     1
281
     0
  0
BLOCK_RECORD
  5
74
330
1
100
AcDbSymbolTableRecord
100
AcDbBlockTableRecord
  2
*Paper_Space0
340
77
 70
     0
280
     1
281
     0
  0
ENDTAB
  0
ENDSEC
  0
SECTION
  2
BLOCKS
  0
BLOCK
  5
71
330
70
100
AcDbEntity
  8
0
100
AcDbBlockBegin
  2
*Model_Space
 70
     0
 10
0.0
 20
0.0
 30
0.0
  3
*Model_Space
  1

  0
ENDBLK
  5
72
330
70
100
AcDbEntity
  8
0
100
AcDbBlockEnd
  0
BLOCK
  5
6D
330
6C
100
AcDbEntity
 67
     1
  8
0
100
AcDbBlockBegin
  2
*Paper_Space
 70
     0
 10
0.0
 20
0.0
 30
0.0
  3
*Paper_Space
  1

  0
ENDBLK
  5
6E
330
6C
100
AcDbEntity
 67
     1
  8
0
100
AcDbBlockEnd
  0
BLOCK
  5
75
330
74
100
AcDbEntity
 67
     1
  8
0
100
AcDbBlockBegin
  2
*Paper_Space0
 70
     0
 10
0.0
 20
0.0
 30
0.0
  3
*Paper_Space0
  1

  0
ENDBLK
  5
76
330
74
100
AcDbEntity
 67
     1
  8
0
100
AcDbBlockEnd
  0
ENDSEC
  0
SECTION
  2
ENTITIES
  0
LINE
  5
4A6
330
70
100
AcDbEntity
  8
Visible
100
AcDbLine
 10
249.609644
 20
138.117976
 30
0.0
 11
261.836189
 21
138.117976
 31
0.0
  0
LINE
  5
4A7
330
70
100
AcDbEntity
  8
Visible
100
AcDbLine
 10
293.86418
 20
140.343062
 30
0.0
 11
308.74543
 21
140.343062
 31
0.0
  0
LINE
  5
4A8
330
70
100
AcDbEntity
  8
Visible
100
AcDbLine
 10
269.336189
 20
138.117976
 30
0.0
 11
341.912963
 21
138.117976
 31
0.0
  0
LINE
  5
4A9
330
70
100
AcDbEntity
  8
Visible
100
AcDbLine
 10
73.00168
 20
140.343062
 30
0.0
 11
59.211202
 21
140.343062
 31
0.0
  0
LINE
  5
4AA
330
70
100
AcDbEntity
  8
Visible
100
AcDbLine
 10
96.81418
 20
140.343062
 30
0.0
 11
81.93293
 21
140.343062
 31
0.0
  0
LINE
  5
4AB
330
70
100
AcDbEntity
  8
Visible
100
AcDbLine
 10
59.211202
 20
138.117976
 30
0.0
 11
96.249966
 21
138.117976
 31
0.0
  0
ARC
  5
4AC
330
70
100
AcDbEntity
  8
Visible
100
AcDbCircle
 10
346.25168
 20
253.605562
 30
0.0
 40
0.7500000000000001
100
AcDbArc
 50
90.0
 51
180.0
  0
LINE
  5
4AD
330
70
100
AcDbEntity
  8
Visible
100
AcDbLine
 10
345.50168
 20
253.605562
 30
0.0
 11
345.50168
 21
241.105562
 31
0.0
  0
ARC
  5
4AE
330
70
100
AcDbEntity
  8
Visible
100
AcDbCircle
 10
346.25168
 20
241.105562
 30
0.0
 40
0.7500000000000001
100
AcDbArc
 50
180.0
 51
270.0
  0
LINE
  5
4AF
330
70
100
AcDbEntity
  8
Visible
100
AcDbLine
 10
346.25168
 20
240.355562
 30
0.0
 11
358.75168
 21
240.355562
 31
0.0
  0
ARC
  5
4B0
330
70
100
AcDbEntity
  8
Visible
100
AcDbCircle
 10
358.75168
 20
241.105562
 30
0.0
 40
0.7500000000000001
100
AcDbArc
 50
270.0
 51
0.0
  0
LINE
  5
4B1
330
70
100
AcDbEntity
  8
Visible
100
AcDbLine
 10
150.98918
 20
230.542976
 30
0.0
 11
163.48918
 21
230.542976
 31
0.0
  0
ARC
  5
4B2
330
70
100
AcDbEntity
  8
Visible
100
AcDbCircle
 10
150.98918
 20
229.792976
 30
0.0
 40
0.7500000000000001
100
AcDbArc
 50
90.0
 51
180.0
  0
LINE
  5
4B3
330
70
100
AcDbEntity
  8
Visible
100
AcDbLine
 10
150.23918
 20
229.792976
 30
0.0
 11
150.23918
 21
217.292976
 31
0.0
  0
ARC
  5
4B4
330
70
100
AcDbEntity
  8
Visible
100
AcDbCircle
 10
150.98918
 20
217.292976
 30
0.0
 40
0.7500000000000001
100
AcDbArc
 50
180.0
 51
270.0
  0
LINE
  5
4B5
330
70
100
AcDbEntity
  8
Visible
100
AcDbLine
 10
150.98918
 20
216.542976
 30
0.0
 11
163.48918
 21
216.542976
 31
0.0
  0
ARC
  5
4B6
330
70
100
AcDbEntity
  8
Visible
100
AcDbCircle
 10
163.48918
 20
217.292976
 30
0.0
 40
0.7500000000000001
100
AcDbArc
 50
270.0
 51
0.0
  0
LINE
  5
4B7
330
70
100
AcDbEntity
  8
Visible
100
AcDbLine
 10
164.23918
 20
229.792976
 30
0.0
 11
164.23918
 21
217.292976
 31
0.0
  0
ARC
  5
4B8
330
70
100
AcDbEntity
  8
Visible
100
AcDbCircle
 10
163.48918
 20
229.792976
 30
0.0
 40
0.7500000000000001
100
AcDbArc
 50
0.0
 51
90.0
  0
LINE
  5
4B9
330
70
100
AcDbEntity
  8
Visible
100
AcDbLine
 10
384.35168
 20
254.355562
 30
0.0
 11
396.85168
 21
254.355562
 31
0.0
  0
ARC
  5
4BA
330
70
100
AcDbEntity
  8
Visible
100
AcDbCircle
 10
384.35168
 20
253.605562
 30
0.0
 40
0.7500000000000001
100
AcDbArc
 50
90.0
 51
180.0
  0
LINE
  5
4BB
330
70
100
AcDbEntity
  8
Visible
100
AcDbLine
 10
383.60168
 20
253.605562
 30
0.0
 11
383.60168
 21
241.105562
 31
0.0
  0
ARC
  5
4BC
330
70
100
AcDbEntity
  8
Visible
100
AcDbCircle
 10
384.35168
 20
241.105562
 30
0.0
 40
0.7500000000000001
100
AcDbArc
 50
180.0
 51
270.0
  0
LINE
  5
4BD
330
70
100
AcDbEntity
  8
Visible
100
AcDbLine
 10
384.35168
 20
240.355562
 30
0.0
 11
396.85168
 21
240.355562
 31
0.0
  0
ARC
  5
4BE
330
70
100
AcDbEntity
  8
Visible
100
AcDbCircle
 10
396.85168
 20
241.105562
 30
0.0
 40
0.7500000000000001
100
AcDbArc
 50
270.0
 51
0.0
  0
LINE
  5
4BF
330
70
100
AcDbEntity
  8
Visible
100
AcDbLine
 10
397.60168
 20
253.605562
 30
0.0
 11
397.60168
 21
241.105562
 31
0.0
  0
ARC
  5
4C0
330
70
100
AcDbEntity
  8
Visible
100
AcDbCircle
 10
396.85168
 20
253.605562
 30
0.0
 40
0.7500000000000001
100
AcDbArc
 50
0.0
 51
90.0
  0
LINE
  5
4C1
330
70
100
AcDbEntity
  8
Visible
100
AcDbLine
 10
378.55168
 20
253.605562
 30
0.0
 11
378.55168
 21
241.105562
 31
0.0
  0
ARC
  5
4C2
330
70
100
AcDbEntity
  8
Visible
100
AcDbCircle
 10
377.80168
 20
253.605562
 30
0.0
 40
0.7500000000000001
100
AcDbArc
 50
0.0
 51
90.0
  0
ARC
  5
4C3
330
70
100
AcDbEntity
  8
Visible
100
AcDbCircle
 10
365.30168
 20
241.105562
 30
0.0
 40
0.7500000000000001
100
AcDbArc
 50
180.0
 51
270.0
  0
LINE
  5
4C4
330
70
100
AcDbEntity
  8
Visible
100
AcDbLine
 10
365.30168
 20
240.355562
 30
0.0
 11
377.80168
 21
240.355562
 31
0.0
  0
ARC
  5
4C5
330
70
100
AcDbEntity
  8
Visible
100
AcDbCircle
 10
377.80168
 20
241.105562
 30
0.0
 40
0.7500000000000001
100
AcDbArc
 50
270.0
 51
0.0
  0
LINE
  5
4C6
330
70
100
AcDbEntity
  8
Visible
100
AcDbLine
 10
93.83918
 20
230.542976
 30
0.0
 11
106.33918
 21
230.542976
 31
0.0
  0
ARC
  5
4C7
330
70
100
AcDbEntity
  8
Visible
100
AcDbCircle
 10
93.83918
 20
229.792976
 30
0.0
 40
0.7500000000000001
100
AcDbArc
 50
90.0
 51
180.0
  0
LINE
  5
4C8
330
70
100
AcDbEntity
  8
Visible
100
AcDbLine
 10
93.08918
 20
229.792976
 30
0.0
 11
93.08918
 21
217.292976
 31
0.0
  0
ARC
  5
4C9
330
70
100
AcDbEntity
  8
Visible
100
AcDbCircle
 10
93.83918
 20
217.292976
 30
0.0
 40
0.7500000000000001
100
AcDbArc
 50
180.0
 51
270.0
  0
LINE
  5
4CA
330
70
100
AcDbEntity
  8
Visible
100
AcDbLine
 10
93.83918
 20
216.542976
 30
0.0
 11
106.33918
 21
216.542976
 31
0.0
  0
ARC
  5
4CB
330
70
100
AcDbEntity
  8
Visible
100
AcDbCircle
 10
106.33918
 20
217.292976
 30
0.0
 40
0.7500000000000001
100
AcDbArc
 50
270.0
 51
0.0
  0
LINE
  5
4CC
330
70
100
AcDbEntity
  8
Visible
100
AcDbLine
 10
107.08918
 20
229.792976
 30
0.0
 11
107.08918
 21
217.292976
 31
0.0
  0
ARC
  5
4CD
330
70
100
AcDbEntity
  8
Visible
100
AcDbCircle
 10
106.33918
 20
229.792976
 30
0.0
 40
0.7500000000000001
100
AcDbArc
 50
0.0
 51
90.0
  0
LINE
  5
4CE
330
70
100
AcDbEntity
  8
Visible
100
AcDbLine
 10
74.78918
 20
230.542976
 30
0.0
 11
87.28918
 21
230.542976
 31
0.0
  0
ARC
  5
4CF
330
70
100
AcDbEntity
  8
Visible
100
AcDbCircle
 10
74.78918
 20
229.792976
 30
0.0
 40
0.7500000000000001
100
AcDbArc
 50
90.0
 51
180.0
  0
LINE
  5
4D0
330
70
100
AcDbEntity
  8
Visible
100
AcDbLine
 10
74.03918
 20
229.792976
 30
0.0
 11
74.03918
 21
217.292976
 31
0.0
  0
ARC
  5
4D1
330
70
100
AcDbEntity
  8
Visible
100
AcDbCircle
 10
74.78918
 20
217.292976
 30
0.0
 40
0.7500000000000001
100
AcDbArc
 50
180.0
 51
270.0
  0
LINE
  5
4D2
330
70
100
AcDbEntity
  8
Visible
100
AcDbLine
 10
74.78918
 20
216.542976
 30
0.0
 11
87.28918
 21
216.542976
 31
0.0
  0
ARC
  5
4D3
330
70
100
AcDbEntity
  8
Visible
100
AcDbCircle
 10
87.28918
 20
217.292976
 30
0.0
 40
0.7500000000000001
100
AcDbArc
 50
270.0
 51
0.0
  0
LINE
  5
4D4
330
70
100
AcDbEntity
  8
Visible
100
AcDbLine
 10
88.03918
 20
229.792976
 30
0.0
 11
88.03918
 21
217.292976
 31
0.0
  0
ARC
  5
4D5
330
70
100
AcDbEntity
  8
Visible
100
AcDbCircle
 10
87.28918
 20
229.792976
 30
0.0
 40
0.7500000000000001
100
AcDbArc
 50
0.0
 51
90.0
  0
LINE
  5
4D6
330
70
100
AcDbEntity
  8
Visible
100
AcDbLine
 10
55.73918
 20
230.542976
 30
0.0
 11
68.23918
 21
230.542976
 31
0.0
  0
ARC
  5
4D7
330
70
100
AcDbEntity
  8
Visible
100
AcDbCircle
 10
55.73918
 20
229.792976
 30
0.0
 40
0.7500000000000001
100
AcDbArc
 50
90.0
 51
180.0
  0
LINE
  5
4D8
330
70
100
AcDbEntity
  8
Visible
100
AcDbLine
 10
54.98918
 20
229.792976
 30
0.0
 11
54.98918
 21
217.292976
 31
0.0
  0
ARC
  5
4D9
330
70
100
AcDbEntity
  8
Visible
100
AcDbCircle
 10
55.73918
 20
217.292976
 30
0.0
 40
0.7500000000000001
100
AcDbArc
 50
180.0
 51
270.0
  0
LINE
  5
4DA
330
70
100
AcDbEntity
  8
Visible
100
AcDbLine
 10
55.73918
 20
216.542976
 30
0.0
 11
68.23918
 21
216.542976
 31
0.0
  0
ARC
  5
4DB
330
70
100
AcDbEntity
  8
Visible
100
AcDbCircle
 10
68.23918
 20
217.292976
 30
0.0
 40
0.7500000000000001
100
AcDbArc
 50
270.0
 51
0.0
  0
LINE
  5
4DC
330
70
100
AcDbEntity
  8
Visible
100
AcDbLine
 10
68.98918
 20
229.792976
 30
0.0
 11
68.98918
 21
217.292976
 31
0.0
  0
ARC
  5
4DD
330
70
100
AcDbEntity
  8
Visible
100
AcDbCircle
 10
68.23918
 20
229.792976
 30
0.0
 40
0.7500000000000001
100
AcDbArc
 50
0.0
 51
90.0
  0
LINE
  5
4DE
330
70
100
AcDbEntity
  8
Visible
100
AcDbLine
 10
112.88918
 20
230.542976
 30
0.0
 11
125.38918
 21
230.542976
 31
0.0
  0
ARC
  5
4DF
330
70
100
AcDbEntity
  8
Visible
100
AcDbCircle
 10
112.88918
 20
229.792976
 30
0.0
 40
0.7500000000000001
100
AcDbArc
 50
90.0
 51
180.0
  0
LINE
  5
4E0
330
70
100
AcDbEntity
  8
Visible
100
AcDbLine
 10
112.13918
 20
229.792976
 30
0.0
 11
112.13918
 21
217.292976
 31
0.0
  0
ARC
  5
4E1
330
70
100
AcDbEntity
  8
Visible
100
AcDbCircle
 10
112.88918
 20
217.292976
 30
0.0
 40
0.7500000000000001
100
AcDbArc
 50
180.0
 51
270.0
  0
LINE
  5
4E2
330
70
100
AcDbEntity
  8
Visible
100
AcDbLine
 10
112.88918
 20
216.542976
 30
0.0
 11
125.38918
 21
216.542976
 31
0.0
  0
ARC
  5
4E3
330
70
100
AcDbEntity
  8
Visible
100
AcDbCircle
 10
125.38918
 20
217.292976
 30
0.0
 40
0.7500000000000001
100
AcDbArc
 50
270.0
 51
0.0
  0
LINE
  5
4E4
330
70
100
AcDbEntity
  8
Visible
100
AcDbLine
 10
126.13918
 20
229.792976
 30
0.0
 11
126.13918
 21
217.292976
 31
0.0
  0
ARC
  5
4E5
330
70
100
AcDbEntity
  8
Visible
100
AcDbCircle
 10
125.38918
 20
229.792976
 30
0.0
 40
0.7500000000000001
100
AcDbArc
 50
0.0
 51
90.0
  0
ARC
  5
4E6
330
70
100
AcDbEntity
  8
Visible
100
AcDbCircle
 10
131.93918
 20
229.792976
 30
0.0
 40
0.7500000000000001
100
AcDbArc
 50
90.0
 51
180.0
  0
LINE
  5
4E7
330
70
100
AcDbEntity
  8
Visible
100
AcDbLine
 10
131.18918
 20
229.792976
 30
0.0
 11
131.18918
 21
217.292976
 31
0.0
  0
ARC
  5
4E8
330
70
100
AcDbEntity
  8
Visible
100
AcDbCircle
 10
131.93918
 20
217.292976
 30
0.0
 40
0.7500000000000001
100
AcDbArc
 50
180.0
 51
270.0
  0
LINE
  5
4E9
330
70
100
AcDbEntity
  8
Visible
100
AcDbLine
 10
131.93918
 20
216.542976
 30
0.0
 11
144.43918
 21
216.542976
 31
0.0
  0
ARC
  5
4EA
330
70
100
AcDbEntity
  8
Visible
100
AcDbCircle
 10
144.43918
 20
217.292976
 30
0.0
 40
0.7500000000000001
100
AcDbArc
 50
270.0
 51
0.0
  0
LINE
  5
4EB
330
70
100
AcDbEntity
  8
Visible
100
AcDbLine
 10
145.18918
 20
229.792976
 30
0.0
 11
145.18918
 21
217.292976
 31
0.0
  0
ARC
  5
4EC
330
70
100
AcDbEntity
  8
Visible
100
AcDbCircle
 10
144.43918
 20
229.792976
 30
0.0
 40
0.7500000000000001
100
AcDbArc
 50
0.0
 51
90.0
  0
LINE
  5
4ED
330
70
100
AcDbEntity
  8
Visible
100
AcDbLine
 10
131.93918
 20
230.542976
 30
0.0
 11
144.43918
 21
230.542976
 31
0.0
  0
LINE
  5
4EE
330
70
100
AcDbEntity
  8
Visible
100
AcDbLine
 10
265.28918
 20
230.542976
 30
0.0
 11
277.78918
 21
230.542976
 31
0.0
  0
ARC
  5
4EF
330
70
100
AcDbEntity
  8
Visible
100
AcDbCircle
 10
265.28918
 20
229.792976
 30
0.0
 40
0.7500000000000001
100
AcDbArc
 50
90.0
 51
180.0
  0
LINE
  5
4F0
330
70
100
AcDbEntity
  8
Visible
100
AcDbLine
 10
264.53918
 20
229.792976
 30
0.0
 11
264.53918
 21
217.292976
 31
0.0
  0
ARC
  5
4F1
330
70
100
AcDbEntity
  8
Visible
100
AcDbCircle
 10
265.28918
 20
217.292976
 30
0.0
 40
0.7500000000000001
100
AcDbArc
 50
180.0
 51
270.0
  0
LINE
  5
4F2
330
70
100
AcDbEntity
  8
Visible
100
AcDbLine
 10
265.28918
 20
216.542976
 30
0.0
 11
277.78918
 21
216.542976
 31
0.0
  0
ARC
  5
4F3
330
70
100
AcDbEntity
  8
Visible
100
AcDbCircle
 10
277.78918
 20
217.292976
 30
0.0
 40
0.7500000000000001
100
AcDbArc
 50
270.0
 51
0.0
  0
LINE
  5
4F4
330
70
100
AcDbEntity
  8
Visible
100
AcDbLine
 10
278.53918
 20
229.792976
 30
0.0
 11
278.53918
 21
217.292976
 31
0.0
  0
ARC
  5
4F5
330
70
100
AcDbEntity
  8
Visible
100
AcDbCircle
 10
277.78918
 20
229.792976
 30
0.0
 40
0.7500000000000001
100
AcDbArc
 50
0.0
 51
90.0
  0
LINE
  5
4F6
330
70
100
AcDbEntity
  8
Visible
100
AcDbLine
 10
170.03918
 20
230.542976
 30
0.0
 11
182.53918
 21
230.542976
 31
0.0
  0
ARC
  5
4F7
330
70
100
AcDbEntity
  8
Visible
100
AcDbCircle
 10
170.03918
 20
229.792976
 30
0.0
 40
0.7500000000000001
100
AcDbArc
 50
90.0
 51
180.0
  0
LINE
  5
4F8
330
70
100
AcDbEntity
  8
Visible
100
AcDbLine
 10
169.28918
 20
229.792976
 30
0.0
 11
169.28918
 21
217.292976
 31
0.0
  0
ARC
  5
4F9
330
70
100
AcDbEntity
  8
Visible
100
AcDbCircle
 10
170.03918
 20
217.292976
 30
0.0
 40
0.7500000000000001
100
AcDbArc
 50
180.0
 51
270.0
  0
LINE
  5
4FA
330
70
100
AcDbEntity
  8
Visible
100
AcDbLine
 10
170.03918
 20
216.542976
 30
0.0
 11
182.53918
 21
216.542976
 31
0.0
  0
ARC
  5
4FB
330
70
100
AcDbEntity
  8
Visible
100
AcDbCircle
 10
182.53918
 20
217.292976
 30
0.0
 40
0.7500000000000001
100
AcDbArc
 50
270.0
 51
0.0
  0
LINE
  5
4FC
330
70
100
AcDbEntity
  8
Visible
100
AcDbLine
 10
183.28918
 20
229.792976
 30
0.0
 11
183.28918
 21
217.292976
 31
0.0
  0
ARC
  5
4FD
330
70
100
AcDbEntity
  8
Visible
100
AcDbCircle
 10
182.53918
 20
229.792976
 30
0.0
 40
0.7500000000000001
100
AcDbArc
 50
0.0
 51
90.0
  0
LINE
  5
4FE
330
70
100
AcDbEntity
  8
Visible
100
AcDbLine
 10
208.13918
 20
230.542976
 30
0.0
 11
220.63918
 21
230.542976
 31
0.0
  0
ARC
  5
4FF
330
70
100
AcDbEntity
  8
Visible
100
AcDbCircle
 10
208.13918
 20
229.792976
 30
0.0
 40
0.7500000000000001
100
AcDbArc
 50
90.0
 51
180.0
  0
LINE
  5
500
330
70
100
AcDbEntity
  8
Visible
100
AcDbLine
 10
207.38918
 20
229.792976
 30
0.0
 11
207.38918
 21
217.292976
 31
0.0
  0
ARC
  5
501
330
70
100
AcDbEntity
  8
Visible
100
AcDbCircle
 10
208.13918
 20
217.292976
 30
0.0
 40
0.7500000000000001
100
AcDbArc
 50
180.0
 51
270.0
  0
LINE
  5
502
330
70
100
AcDbEntity
  8
Visible
100
AcDbLine
 10
208.13918
 20
216.542976
 30
0.0
 11
220.63918
 21
216.542976
 31
0.0
  0
ARC
  5
503
330
70
100
AcDbEntity
  8
Visible
100
AcDbCircle
 10
220.63918
 20
217.292976
 30
0.0
 40
0.7500000000000001
100
AcDbArc
 50
270.0
 51
0.0
  0
LINE
  5
504
330
70
100
AcDbEntity
  8
Visible
100
AcDbLine
 10
221.38918
 20
229.792976
 30
0.0
 11
221.38918
 21
217.292976
 31
0.0
  0
ARC
  5
505
330
70
100
AcDbEntity
  8
Visible
100
AcDbCircle
 10
220.63918
 20
229.792976
 30
0.0
 40
0.7500000000000001
100
AcDbArc
 50
0.0
 51
90.0
  0
LINE
  5
506
330
70
100
AcDbEntity
  8
Visible
100
AcDbLine
 10
202.33918
 20
229.792976
 30
0.0
 11
202.33918
 21
217.292976
 31
0.0
  0
ARC
  5
507
330
70
100
AcDbEntity
  8
Visible
100
AcDbCircle
 10
201.58918
 20
229.792976
 30
0.0
 40
0.7500000000000001
100
AcDbArc
 50
0.0
 51
90.0
  0
LINE
  5
508
330
70
100
AcDbEntity
  8
Visible
100
AcDbLine
 10
189.08918
 20
230.542976
 30
0.0
 11
201.58918
 21
230.542976
 31
0.0
  0
ARC
  5
509
330
70
100
AcDbEntity
  8
Visible
100
AcDbCircle
 10
189.08918
 20
229.792976
 30
0.0
 40
0.7500000000000001
100
AcDbArc
 50
90.0
 51
180.0
  0
LINE
  5
50A
330
70
100
AcDbEntity
  8
Visible
100
AcDbLine
 10
188.33918
 20
229.792976
 30
0.0
 11
188.33918
 21
217.292976
 31
0.0
  0
ARC
  5
50B
330
70
100
AcDbEntity
  8
Visible
100
AcDbCircle
 10
189.08918
 20
217.292976
 30
0.0
 40
0.7500000000000001
100
AcDbArc
 50
180.0
 51
270.0
  0
LINE
  5
50C
330
70
100
AcDbEntity
  8
Visible
100
AcDbLine
 10
189.08918
 20
216.542976
 30
0.0
 11
201.58918
 21
216.542976
 31
0.0
  0
ARC
  5
50D
330
70
100
AcDbEntity
  8
Visible
100
AcDbCircle
 10
201.58918
 20
217.292976
 30
0.0
 40
0.7500000000000001
100
AcDbArc
 50
270.0
 51
0.0
  0
LINE
  5
50E
330
70
100
AcDbEntity
  8
Visible
100
AcDbLine
 10
227.18918
 20
230.542976
 30
0.0
 11
239.68918
 21
230.542976
 31
0.0
  0
ARC
  5
50F
330
70
100
AcDbEntity
  8
Visible
100
AcDbCircle
 10
227.18918
 20
229.792976
 30
0.0
 40
0.7500000000000001
100
AcDbArc
 50
90.0
 51
180.0
  0
LINE
  5
510
330
70
100
AcDbEntity
  8
Visible
100
AcDbLine
 10
226.43918
 20
229.792976
 30
0.0
 11
226.43918
 21
217.292976
 31
0.0
  0
ARC
  5
511
330
70
100
AcDbEntity
  8
Visible
100
AcDbCircle
 10
227.18918
 20
217.292976
 30
0.0
 40
0.7500000000000001
100
AcDbArc
 50
180.0
 51
270.0
  0
LINE
  5
512
330
70
100
AcDbEntity
  8
Visible
100
AcDbLine
 10
227.18918
 20
216.542976
 30
0.0
 11
239.68918
 21
216.542976
 31
0.0
  0
ARC
  5
513
330
70
100
AcDbEntity
  8
Visible
100
AcDbCircle
 10
239.68918
 20
217.292976
 30
0.0
 40
0.7500000000000001
100
AcDbArc
 50
270.0
 51
0.0
  0
LINE
  5
514
330
70
100
AcDbEntity
  8
Visible
100
AcDbLine
 10
240.43918
 20
229.792976
 30
0.0
 11
240.43918
 21
217.292976
 31
0.0
  0
ARC
  5
515
330
70
100
AcDbEntity
  8
Visible
100
AcDbCircle
 10
239.68918
 20
229.792976
 30
0.0
 40
0.7500000000000001
100
AcDbArc
 50
0.0
 51
90.0
  0
LINE
  5
516
330
70
100
AcDbEntity
  8
Visible
100
AcDbLine
 10
246.23918
 20
230.542976
 30
0.0
 11
258.73918
 21
230.542976
 31
0.0
  0
ARC
  5
517
330
70
100
AcDbEntity
  8
Visible
100
AcDbCircle
 10
246.23918
 20
229.792976
 30
0.0
 40
0.7500000000000001
100
AcDbArc
 50
90.0
 51
180.0
  0
LINE
  5
518
330
70
100
AcDbEntity
  8
Visible
100
AcDbLine
 10
245.48918
 20
229.792976
 30
0.0
 11
245.48918
 21
217.292976
 31
0.0
  0
ARC
  5
519
330
70
100
AcDbEntity
  8
Visible
100
AcDbCircle
 10
246.23918
 20
217.292976
 30
0.0
 40
0.7500000000000001
100
AcDbArc
 50
180.0
 51
270.0
  0
LINE
  5
51A
330
70
100
AcDbEntity
  8
Visible
100
AcDbLine
 10
246.23918
 20
216.542976
 30
0.0
 11
258.73918
 21
216.542976
 31
0.0
  0
ARC
  5
51B
330
70
100
AcDbEntity
  8
Visible
100
AcDbCircle
 10
258.73918
 20
217.292976
 30
0.0
 40
0.7500000000000001
100
AcDbArc
 50
270.0
 51
0.0
  0
LINE
  5
51C
330
70
100
AcDbEntity
  8
Visible
100
AcDbLine
 10
259.48918
 20
229.792976
 30
0.0
 11
259.48918
 21
217.292976
 31
0.0
  0
ARC
  5
51D
330
70
100
AcDbEntity
  8
Visible
100
AcDbCircle
 10
258.73918
 20
229.792976
 30
0.0
 40
0.7500000000000001
100
AcDbArc
 50
0.0
 51
90.0
  0
LINE
  5
51E
330
70
100
AcDbEntity
  8
Visible
100
AcDbLine
 10
284.33918
 20
230.542976
 30
0.0
 11
296.83918
 21
230.542976
 31
0.0
  0
ARC
  5
51F
330
70
100
AcDbEntity
  8
Visible
100
AcDbCircle
 10
284.33918
 20
229.792976
 30
0.0
 40
0.7500000000000001
100
AcDbArc
 50
90.0
 51
180.0
  0
LINE
  5
520
330
70
100
AcDbEntity
  8
Visible
100
AcDbLine
 10
283.58918
 20
229.792976
 30
0.0
 11
283.58918
 21
217.292976
 31
0.0
  0
ARC
  5
521
330
70
100
AcDbEntity
  8
Visible
100
AcDbCircle
 10
284.33918
 20
217.292976
 30
0.0
 40
0.7500000000000001
100
AcDbArc
 50
180.0
 51
270.0
  0
LINE
  5
522
330
70
100
AcDbEntity
  8
Visible
100
AcDbLine
 10
284.33918
 20
216.542976
 30
0.0
 11
296.83918
 21
216.542976
 31
0.0
  0
ARC
  5
523
330
70
100
AcDbEntity
  8
Visible
100
AcDbCircle
 10
296.83918
 20
217.292976
 30
0.0
 40
0.7500000000000001
100
AcDbArc
 50
270.0
 51
0.0
  0
LINE
  5
524
330
70
100
AcDbEntity
  8
Visible
100
AcDbLine
 10
297.58918
 20
229.792976
 30
0.0
 11
297.58918
 21
217.292976
 31
0.0
  0
ARC
  5
525
330
70
100
AcDbEntity
  8
Visible
100
AcDbCircle
 10
296.83918
 20
229.792976
 30
0.0
 40
0.7500000000000001
100
AcDbArc
 50
0.0
 51
90.0
  0
LINE
  5
526
330
70
100
AcDbEntity
  8
Visible
100
AcDbLine
 10
365.30168
 20
230.542976
 30
0.0
 11
377.80168
 21
230.542976
 31
0.0
  0
ARC
  5
527
330
70
100
AcDbEntity
  8
Visible
100
AcDbCircle
 10
365.30168
 20
229.792976
 30
0.0
 40
0.7500000000000001
100
AcDbArc
 50
90.0
 51
180.0
  0
LINE
  5
528
330
70
100
AcDbEntity
  8
Visible
100
AcDbLine
 10
364.55168
 20
229.792976
 30
0.0
 11
364.55168
 21
217.292976
 31
0.0
  0
ARC
  5
529
330
70
100
AcDbEntity
  8
Visible
100
AcDbCircle
 10
365.30168
 20
217.292976
 30
0.0
 40
0.7500000000000001
100
AcDbArc
 50
180.0
 51
270.0
  0
LINE
  5
52A
330
70
100
AcDbEntity
  8
Visible
100
AcDbLine
 10
365.30168
 20
216.542976
 30
0.0
 11
377.80168
 21
216.542976
 31
0.0
  0
ARC
  5
52B
330
70
100
AcDbEntity
  8
Visible
100
AcDbCircle
 10
377.80168
 20
217.292976
 30
0.0
 40
0.7500000000000001
100
AcDbArc
 50
270.0
 51
0.0
  0
LINE
  5
52C
330
70
100
AcDbEntity
  8
Visible
100
AcDbLine
 10
378.55168
 20
229.792976
 30
0.0
 11
378.55168
 21
217.292976
 31
0.0
  0
ARC
  5
52D
330
70
100
AcDbEntity
  8
Visible
100
AcDbCircle
 10
377.80168
 20
229.792976
 30
0.0
 40
0.7500000000000001
100
AcDbArc
 50
0.0
 51
90.0
  0
ARC
  5
52E
330
70
100
AcDbEntity
  8
Visible
100
AcDbCircle
 10
328.35218
 20
215.292976
 30
0.0
 40
0.7500000000000001
100
AcDbArc
 50
180.0
 51
270.0
  0
LINE
  5
52F
330
70
100
AcDbEntity
  8
Visible
100
AcDbLine
 10
334.93918
 20
214.542976
 30
0.0
 11
328.35218
 21
214.542976
 31
0.0
  0
LINE
  5
530
330
70
100
AcDbEntity
  8
Visible
100
AcDbLine
 10
73.75168
 20
210.742976
 30
0.0
 11
73.75168
 21
198.242976
 31
0.0
  0
ARC
  5
531
330
70
100
AcDbEntity
  8
Visible
100
AcDbCircle
 10
73.00168
 20
210.742976
 30
0.0
 40
0.7500000000000001
100
AcDbArc
 50
0.0
 51
90.0
  0
LINE
  5
532
330
70
100
AcDbEntity
  8
Visible
100
AcDbLine
 10
60.50168
 20
211.492976
 30
0.0
 11
73.00168
 21
211.492976
 31
0.0
  0
ARC
  5
533
330
70
100
AcDbEntity
  8
Visible
100
AcDbCircle
 10
60.50168
 20
210.742976
 30
0.0
 40
0.7500000000000001
100
AcDbArc
 50
90.0
 51
180.0
  0
LINE
  5
534
330
70
100
AcDbEntity
  8
Visible
100
AcDbLine
 10
59.75168
 20
210.742976
 30
0.0
 11
59.75168
 21
198.242976
 31
0.0
  0
ARC
  5
535
330
70
100
AcDbEntity
  8
Visible
100
AcDbCircle
 10
60.50168
 20
198.242976
 30
0.0
 40
0.7500000000000001
100
AcDbArc
 50
180.0
 51
270.0
  0
LINE
  5
536
330
70
100
AcDbEntity
  8
Visible
100
AcDbLine
 10
60.50168
 20
197.492976
 30
0.0
 11
73.00168
 21
197.492976
 31
0.0
  0
ARC
  5
537
330
70
100
AcDbEntity
  8
Visible
100
AcDbCircle
 10
73.00168
 20
198.242976
 30
0.0
 40
0.7500000000000001
100
AcDbArc
 50
270.0
 51
0.0
  0
LINE
  5
538
330
70
100
AcDbEntity
  8
Visible
100
AcDbLine
 10
359.50168
 20
229.792976
 30
0.0
 11
359.50168
 21
217.292976
 31
0.0
  0
ARC
  5
539
330
70
100
AcDbEntity
  8
Visible
100
AcDbCircle
 10
358.75168
 20
229.792976
 30
0.0
 40
0.7500000000000001
100
AcDbArc
 50
0.0
 51
90.0
  0
LINE
  5
53A
330
70
100
AcDbEntity
  8
Visible
100
AcDbLine
 10
346.25168
 20
230.542976
 30
0.0
 11
358.75168
 21
230.542976
 31
0.0
  0
ARC
  5
53B
330
70
100
AcDbEntity
  8
Visible
100
AcDbCircle
 10
346.25168
 20
229.792976
 30
0.0
 40
0.7500000000000001
100
AcDbArc
 50
90.0
 51
180.0
  0
LINE
  5
53C
330
70
100
AcDbEntity
  8
Visible
100
AcDbLine
 10
345.50168
 20
229.792976
 30
0.0
 11
345.50168
 21
217.292976
 31
0.0
  0
ARC
  5
53D
330
70
100
AcDbEntity
  8
Visible
100
AcDbCircle
 10
346.25168
 20
217.292976
 30
0.0
 40
0.7500000000000001
100
AcDbArc
 50
180.0
 51
270.0
  0
LINE
  5
53E
330
70
100
AcDbEntity
  8
Visible
100
AcDbLine
 10
346.25168
 20
216.542976
 30
0.0
 11
358.75168
 21
216.542976
 31
0.0
  0
ARC
  5
53F
330
70
100
AcDbEntity
  8
Visible
100
AcDbCircle
 10
358.75168
 20
217.292976
 30
0.0
 40
0.7500000000000001
100
AcDbArc
 50
270.0
 51
0.0
  0
LINE
  5
540
330
70
100
AcDbEntity
  8
Visible
100
AcDbLine
 10
384.35168
 20
230.542976
 30
0.0
 11
396.85168
 21
230.542976
 31
0.0
  0
ARC
  5
541
330
70
100
AcDbEntity
  8
Visible
100
AcDbCircle
 10
384.35168
 20
229.792976
 30
0.0
 40
0.7500000000000001
100
AcDbArc
 50
90.0
 51
180.0
  0
LINE
  5
542
330
70
100
AcDbEntity
  8
Visible
100
AcDbLine
 10
383.60168
 20
229.792976
 30
0.0
 11
383.60168
 21
217.292976
 31
0.0
  0
ARC
  5
543
330
70
100
AcDbEntity
  8
Visible
100
AcDbCircle
 10
384.35168
 20
217.292976
 30
0.0
 40
0.7500000000000001
100
AcDbArc
 50
180.0
 51
270.0
  0
LINE
  5
544
330
70
100
AcDbEntity
  8
Visible
100
AcDbLine
 10
384.35168
 20
216.542976
 30
0.0
 11
396.85168
 21
216.542976
 31
0.0
  0
ARC
  5
545
330
70
100
AcDbEntity
  8
Visible
100
AcDbCircle
 10
396.85168
 20
217.292976
 30
0.0
 40
0.7500000000000001
100
AcDbArc
 50
270.0
 51
0.0
  0
LINE
  5
546
330
70
100
AcDbEntity
  8
Visible
100
AcDbLine
 10
397.60168
 20
229.792976
 30
0.0
 11
397.60168
 21
217.292976
 31
0.0
  0
ARC
  5
547
330
70
100
AcDbEntity
  8
Visible
100
AcDbCircle
 10
396.85168
 20
229.792976
 30
0.0
 40
0.7500000000000001
100
AcDbArc
 50
0.0
 51
90.0
  0
ARC
  5
548
330
70
100
AcDbEntity
  8
Visible
100
AcDbCircle
 10
309.97618
 20
215.292976
 30
0.0
 40
0.7500000000000001
100
AcDbArc
 50
270.0
 51
0.0
  0
LINE
  5
549
330
70
100
AcDbEntity
  8
Visible
100
AcDbLine
 10
97.56418
 20
210.742976
 30
0.0
 11
97.56418
 21
198.242976
 31
0.0
  0
ARC
  5
54A
330
70
100
AcDbEntity
  8
Visible
100
AcDbCircle
 10
96.81418
 20
210.742976
 30
0.0
 40
0.7500000000000001
100
AcDbArc
 50
0.0
 51
90.0
  0
LINE
  5
54B
330
70
100
AcDbEntity
  8
Visible
100
AcDbLine
 10
84.31418
 20
211.492976
 30
0.0
 11
96.81418
 21
211.492976
 31
0.0
  0
ARC
  5
54C
330
70
100
AcDbEntity
  8
Visible
100
AcDbCircle
 10
84.31418
 20
210.742976
 30
0.0
 40
0.7500000000000001
100
AcDbArc
 50
90.0
 51
180.0
  0
LINE
  5
54D
330
70
100
AcDbEntity
  8
Visible
100
AcDbLine
 10
83.56418
 20
210.742976
 30
0.0
 11
83.56418
 21
198.242976
 31
0.0
  0
ARC
  5
54E
330
70
100
AcDbEntity
  8
Visible
100
AcDbCircle
 10
84.31418
 20
198.242976
 30
0.0
 40
0.7500000000000001
100
AcDbArc
 50
180.0
 51
270.0
  0
LINE
  5
54F
330
70
100
AcDbEntity
  8
Visible
100
AcDbLine
 10
84.31418
 20
197.492976
 30
0.0
 11
96.81418
 21
197.492976
 31
0.0
  0
ARC
  5
550
330
70
100
AcDbEntity
  8
Visible
100
AcDbCircle
 10
96.81418
 20
198.242976
 30
0.0
 40
0.7500000000000001
100
AcDbArc
 50
270.0
 51
0.0
  0
ARC
  5
551
330
70
100
AcDbEntity
  8
Visible
100
AcDbCircle
 10
103.36418
 20
210.742976
 30
0.0
 40
0.7500000000000001
100
AcDbArc
 50
90.0
 51
180.0
  0
LINE
  5
552
330
70
100
AcDbEntity
  8
Visible
100
AcDbLine
 10
102.61418
 20
210.742976
 30
0.0
 11
102.61418
 21
198.242976
 31
0.0
  0
ARC
  5
553
330
70
100
AcDbEntity
  8
Visible
100
AcDbCircle
 10
103.36418
 20
198.242976
 30
0.0
 40
0.7500000000000001
100
AcDbArc
 50
180.0
 51
270.0
  0
LINE
  5
554
330
70
100
AcDbEntity
  8
Visible
100
AcDbLine
 10
103.36418
 20
197.492976
 30
0.0
 11
115.86418
 21
197.492976
 31
0.0
  0
ARC
  5
555
330
70
100
AcDbEntity
  8
Visible
100
AcDbCircle
 10
115.86418
 20
198.242976
 30
0.0
 40
0.7500000000000001
100
AcDbArc
 50
270.0
 51
0.0
  0
LINE
  5
556
330
70
100
AcDbEntity
  8
Visible
100
AcDbLine
 10
116.61418
 20
210.742976
 30
0.0
 11
116.61418
 21
198.242976
 31
0.0
  0
ARC
  5
557
330
70
100
AcDbEntity
  8
Visible
100
AcDbCircle
 10
115.86418
 20
210.742976
 30
0.0
 40
0.7500000000000001
100
AcDbArc
 50
0.0
 51
90.0
  0
LINE
  5
558
330
70
100
AcDbEntity
  8
Visible
100
AcDbLine
 10
103.36418
 20
211.492976
 30
0.0
 11
115.86418
 21
211.492976
 31
0.0
  0
ARC
  5
559
330
70
100
AcDbEntity
  8
Visible
100
AcDbCircle
 10
141.46418
 20
210.742976
 30
0.0
 40
0.7500000000000001
100
AcDbArc
 50
90.0
 51
180.0
  0
LINE
  5
55A
330
70
100
AcDbEntity
  8
Visible
100
AcDbLine
 10
140.71418
 20
210.742976
 30
0.0
 11
140.71418
 21
198.242976
 31
0.0
  0
ARC
  5
55B
330
70
100
AcDbEntity
  8
Visible
100
AcDbCircle
 10
141.46418
 20
198.242976
 30
0.0
 40
0.7500000000000001
100
AcDbArc
 50
180.0
 51
270.0
  0
LINE
  5
55C
330
70
100
AcDbEntity
  8
Visible
100
AcDbLine
 10
141.46418
 20
197.492976
 30
0.0
 11
153.96418
 21
197.492976
 31
0.0
  0
ARC
  5
55D
330
70
100
AcDbEntity
  8
Visible
100
AcDbCircle
 10
153.96418
 20
198.242976
 30
0.0
 40
0.7500000000000001
100
AcDbArc
 50
270.0
 51
0.0
  0
LINE
  5
55E
330
70
100
AcDbEntity
  8
Visible
100
AcDbLine
 10
154.71418
 20
210.742976
 30
0.0
 11
154.71418
 21
198.242976
 31
0.0
  0
ARC
  5
55F
330
70
100
AcDbEntity
  8
Visible
100
AcDbCircle
 10
153.96418
 20
210.742976
 30
0.0
 40
0.7500000000000001
100
AcDbArc
 50
0.0
 51
90.0
  0
LINE
  5
560
330
70
100
AcDbEntity
  8
Visible
100
AcDbLine
 10
141.46418
 20
211.492976
 30
0.0
 11
153.96418
 21
211.492976
 31
0.0
  0
ARC
  5
561
330
70
100
AcDbEntity
  8
Visible
100
AcDbCircle
 10
160.51418
 20
210.742976
 30
0.0
 40
0.7500000000000001
100
AcDbArc
 50
90.0
 51
180.0
  0
LINE
  5
562
330
70
100
AcDbEntity
  8
Visible
100
AcDbLine
 10
159.76418
 20
210.742976
 30
0.0
 11
159.76418
 21
198.242976
 31
0.0
  0
ARC
  5
563
330
70
100
AcDbEntity
  8
Visible
100
AcDbCircle
 10
160.51418
 20
198.242976
 30
0.0
 40
0.7500000000000001
100
AcDbArc
 50
180.0
 51
270.0
  0
LINE
  5
564
330
70
100
AcDbEntity
  8
Visible
100
AcDbLine
 10
160.51418
 20
197.492976
 30
0.0
 11
173.01418
 21
197.492976
 31
0.0
  0
ARC
  5
565
330
70
100
AcDbEntity
  8
Visible
100
AcDbCircle
 10
173.01418
 20
198.242976
 30
0.0
 40
0.7500000000000001
100
AcDbArc
 50
270.0
 51
0.0
  0
LINE
  5
566
330
70
100
AcDbEntity
  8
Visible
100
AcDbLine
 10
173.76418
 20
210.742976
 30
0.0
 11
173.76418
 21
198.242976
 31
0.0
  0
ARC
  5
567
330
70
100
AcDbEntity
  8
Visible
100
AcDbCircle
 10
173.01418
 20
210.742976
 30
0.0
 40
0.7500000000000001
100
AcDbArc
 50
0.0
 51
90.0
  0
LINE
  5
568
330
70
100
AcDbEntity
  8
Visible
100
AcDbLine
 10
160.51418
 20
211.492976
 30
0.0
 11
173.01418
 21
211.492976
 31
0.0
  0
LINE
  5
569
330
70
100
AcDbEntity
  8
Visible
100
AcDbLine
 10
135.66418
 20
210.742976
 30
0.0
 11
135.66418
 21
198.242976
 31
0.0
  0
ARC
  5
56A
330
70
100
AcDbEntity
  8
Visible
100
AcDbCircle
 10
134.91418
 20
210.742976
 30
0.0
 40
0.7500000000000001
100
AcDbArc
 50
0.0
 51
90.0
  0
LINE
  5
56B
330
70
100
AcDbEntity
  8
Visible
100
AcDbLine
 10
122.41418
 20
211.492976
 30
0.0
 11
134.91418
 21
211.492976
 31
0.0
  0
ARC
  5
56C
330
70
100
AcDbEntity
  8
Visible
100
AcDbCircle
 10
122.41418
 20
210.742976
 30
0.0
 40
0.7500000000000001
100
AcDbArc
 50
90.0
 51
180.0
  0
LINE
  5
56D
330
70
100
AcDbEntity
  8
Visible
100
AcDbLine
 10
121.66418
 20
210.742976
 30
0.0
 11
121.66418
 21
198.242976
 31
0.0
  0
ARC
  5
56E
330
70
100
AcDbEntity
  8
Visible
100
AcDbCircle
 10
122.41418
 20
198.242976
 30
0.0
 40
0.7500000000000001
100
AcDbArc
 50
180.0
 51
270.0
  0
LINE
  5
56F
330
70
100
AcDbEntity
  8
Visible
100
AcDbLine
 10
122.41418
 20
197.492976
 30
0.0
 11
134.91418
 21
197.492976
 31
0.0
  0
ARC
  5
570
330
70
100
AcDbEntity
  8
Visible
100
AcDbCircle
 10
134.91418
 20
198.242976
 30
0.0
 40
0.7500000000000001
100
AcDbArc
 50
270.0
 51
0.0
  0
LINE
  5
571
330
70
100
AcDbEntity
  8
Visible
100
AcDbLine
 10
179.56418
 20
211.492976
 30
0.0
 11
192.06418
 21
211.492976
 31
0.0
  0
ARC
  5
572
330
70
100
AcDbEntity
  8
Visible
100
AcDbCircle
 10
179.56418
 20
210.742976
 30
0.0
 40
0.7500000000000001
100
AcDbArc
 50
90.0
 51
180.0
  0
LINE
  5
573
330
70
100
AcDbEntity
  8
Visible
100
AcDbLine
 10
178.81418
 20
210.742976
 30
0.0
 11
178.81418
 21
198.242976
 31
0.0
  0
ARC
  5
574
330
70
100
AcDbEntity
  8
Visible
100
AcDbCircle
 10
179.56418
 20
198.242976
 30
0.0
 40
0.7500000000000001
100
AcDbArc
 50
180.0
 51
270.0
  0
LINE
  5
575
330
70
100
AcDbEntity
  8
Visible
100
AcDbLine
 10
179.56418
 20
197.492976
 30
0.0
 11
192.06418
 21
197.492976
 31
0.0
  0
ARC
  5
576
330
70
100
AcDbEntity
  8
Visible
100
AcDbCircle
 10
192.06418
 20
198.242976
 30
0.0
 40
0.7500000000000001
100
AcDbArc
 50
270.0
 51
0.0
  0
LINE
  5
577
330
70
100
AcDbEntity
  8
Visible
100
AcDbLine
 10
192.81418
 20
210.742976
 30
0.0
 11
192.81418
 21
198.242976
 31
0.0
  0
ARC
  5
578
330
70
100
AcDbEntity
  8
Visible
100
AcDbCircle
 10
192.06418
 20
210.742976
 30
0.0
 40
0.7500000000000001
100
AcDbArc
 50
0.0
 51
90.0
  0
LINE
  5
579
330
70
100
AcDbEntity
  8
Visible
100
AcDbLine
 10
217.66418
 20
211.492976
 30
0.0
 11
230.16418
 21
211.492976
 31
0.0
  0
ARC
  5
57A
330
70
100
AcDbEntity
  8
Visible
100
AcDbCircle
 10
217.66418
 20
210.742976
 30
0.0
 40
0.7500000000000001
100
AcDbArc
 50
90.0
 51
180.0
  0
LINE
  5
57B
330
70
100
AcDbEntity
  8
Visible
100
AcDbLine
 10
216.91418
 20
210.742976
 30
0.0
 11
216.91418
 21
198.242976
 31
0.0
  0
ARC
  5
57C
330
70
100
AcDbEntity
  8
Visible
100
AcDbCircle
 10
217.66418
 20
198.242976
 30
0.0
 40
0.7500000000000001
100
AcDbArc
 50
180.0
 51
270.0
  0
LINE
  5
57D
330
70
100
AcDbEntity
  8
Visible
100
AcDbLine
 10
217.66418
 20
197.492976
 30
0.0
 11
230.16418
 21
197.492976
 31
0.0
  0
ARC
  5
57E
330
70
100
AcDbEntity
  8
Visible
100
AcDbCircle
 10
230.16418
 20
198.242976
 30
0.0
 40
0.7500000000000001
100
AcDbArc
 50
270.0
 51
0.0
  0
LINE
  5
57F
330
70
100
AcDbEntity
  8
Visible
100
AcDbLine
 10
230.91418
 20
210.742976
 30
0.0
 11
230.91418
 21
198.242976
 31
0.0
  0
ARC
  5
580
330
70
100
AcDbEntity
  8
Visible
100
AcDbCircle
 10
230.16418
 20
210.742976
 30
0.0
 40
0.7500000000000001
100
AcDbArc
 50
0.0
 51
90.0
  0
LINE
  5
581
330
70
100
AcDbEntity
  8
Visible
100
AcDbLine
 10
236.71418
 20
211.492976
 30
0.0
 11
249.21418
 21
211.492976
 31
0.0
  0
ARC
  5
582
330
70
100
AcDbEntity
  8
Visible
100
AcDbCircle
 10
236.71418
 20
210.742976
 30
0.0
 40
0.7500000000000001
100
AcDbArc
 50
90.0
 51
180.0
  0
LINE
  5
583
330
70
100
AcDbEntity
  8
Visible
100
AcDbLine
 10
235.96418
 20
210.742976
 30
0.0
 11
235.96418
 21
198.242976
 31
0.0
  0
ARC
  5
584
330
70
100
AcDbEntity
  8
Visible
100
AcDbCircle
 10
236.71418
 20
198.242976
 30
0.0
 40
0.7500000000000001
100
AcDbArc
 50
180.0
 51
270.0
  0
LINE
  5
585
330
70
100
AcDbEntity
  8
Visible
100
AcDbLine
 10
236.71418
 20
197.492976
 30
0.0
 11
249.21418
 21
197.492976
 31
0.0
  0
ARC
  5
586
330
70
100
AcDbEntity
  8
Visible
100
AcDbCircle
 10
249.21418
 20
198.242976
 30
0.0
 40
0.7500000000000001
100
AcDbArc
 50
270.0
 51
0.0
  0
LINE
  5
587
330
70
100
AcDbEntity
  8
Visible
100
AcDbLine
 10
249.96418
 20
210.742976
 30
0.0
 11
249.96418
 21
198.242976
 31
0.0
  0
ARC
  5
588
330
70
100
AcDbEntity
  8
Visible
100
AcDbCircle
 10
249.21418
 20
210.742976
 30
0.0
 40
0.7500000000000001
100
AcDbArc
 50
0.0
 51
90.0
  0
LINE
  5
589
330
70
100
AcDbEntity
  8
Visible
100
AcDbLine
 10
198.61418
 20
211.492976
 30
0.0
 11
211.11418
 21
211.492976
 31
0.0
  0
ARC
  5
58A
330
70
100
AcDbEntity
  8
Visible
100
AcDbCircle
 10
198.61418
 20
210.742976
 30
0.0
 40
0.7500000000000001
100
AcDbArc
 50
90.0
 51
180.0
  0
LINE
  5
58B
330
70
100
AcDbEntity
  8
Visible
100
AcDbLine
 10
197.86418
 20
210.742976
 30
0.0
 11
197.86418
 21
198.242976
 31
0.0
  0
ARC
  5
58C
330
70
100
AcDbEntity
  8
Visible
100
AcDbCircle
 10
198.61418
 20
198.242976
 30
0.0
 40
0.7500000000000001
100
AcDbArc
 50
180.0
 51
270.0
  0
LINE
  5
58D
330
70
100
AcDbEntity
  8
Visible
100
AcDbLine
 10
198.61418
 20
197.492976
 30
0.0
 11
211.11418
 21
197.492976
 31
0.0
  0
ARC
  5
58E
330
70
100
AcDbEntity
  8
Visible
100
AcDbCircle
 10
211.11418
 20
198.242976
 30
0.0
 40
0.7500000000000001
100
AcDbArc
 50
270.0
 51
0.0
  0
LINE
  5
58F
330
70
100
AcDbEntity
  8
Visible
100
AcDbLine
 10
211.86418
 20
210.742976
 30
0.0
 11
211.86418
 21
198.242976
 31
0.0
  0
ARC
  5
590
330
70
100
AcDbEntity
  8
Visible
100
AcDbCircle
 10
211.11418
 20
210.742976
 30
0.0
 40
0.7500000000000001
100
AcDbArc
 50
0.0
 51
90.0
  0
LINE
  5
591
330
70
100
AcDbEntity
  8
Visible
100
AcDbLine
 10
255.76418
 20
211.492976
 30
0.0
 11
268.26418
 21
211.492976
 31
0.0
  0
ARC
  5
592
330
70
100
AcDbEntity
  8
Visible
100
AcDbCircle
 10
255.76418
 20
210.742976
 30
0.0
 40
0.7500000000000001
100
AcDbArc
 50
90.0
 51
180.0
  0
LINE
  5
593
330
70
100
AcDbEntity
  8
Visible
100
AcDbLine
 10
255.01418
 20
210.742976
 30
0.0
 11
255.01418
 21
198.242976
 31
0.0
  0
ARC
  5
594
330
70
100
AcDbEntity
  8
Visible
100
AcDbCircle
 10
255.76418
 20
198.242976
 30
0.0
 40
0.7500000000000001
100
AcDbArc
 50
180.0
 51
270.0
  0
LINE
  5
595
330
70
100
AcDbEntity
  8
Visible
100
AcDbLine
 10
255.76418
 20
197.492976
 30
0.0
 11
268.26418
 21
197.492976
 31
0.0
  0
ARC
  5
596
330
70
100
AcDbEntity
  8
Visible
100
AcDbCircle
 10
268.26418
 20
198.242976
 30
0.0
 40
0.7500000000000001
100
AcDbArc
 50
270.0
 51
0.0
  0
LINE
  5
597
330
70
100
AcDbEntity
  8
Visible
100
AcDbLine
 10
269.01418
 20
210.742976
 30
0.0
 11
269.01418
 21
198.242976
 31
0.0
  0
ARC
  5
598
330
70
100
AcDbEntity
  8
Visible
100
AcDbCircle
 10
268.26418
 20
210.742976
 30
0.0
 40
0.7500000000000001
100
AcDbArc
 50
0.0
 51
90.0
  0
LINE
  5
599
330
70
100
AcDbEntity
  8
Visible
100
AcDbLine
 10
365.30168
 20
211.492976
 30
0.0
 11
377.80168
 21
211.492976
 31
0.0
  0
ARC
  5
59A
330
70
100
AcDbEntity
  8
Visible
100
AcDbCircle
 10
365.30168
 20
210.742976
 30
0.0
 40
0.7500000000000001
100
AcDbArc
 50
90.0
 51
180.0
  0
LINE
  5
59B
330
70
100
AcDbEntity
  8
Visible
100
AcDbLine
 10
364.55168
 20
210.742976
 30
0.0
 11
364.55168
 21
198.242976
 31
0.0
  0
ARC
  5
59C
330
70
100
AcDbEntity
  8
Visible
100
AcDbCircle
 10
365.30168
 20
198.242976
 30
0.0
 40
0.7500000000000001
100
AcDbArc
 50
180.0
 51
270.0
  0
LINE
  5
59D
330
70
100
AcDbEntity
  8
Visible
100
AcDbLine
 10
365.30168
 20
197.492976
 30
0.0
 11
377.80168
 21
197.492976
 31
0.0
  0
ARC
  5
59E
330
70
100
AcDbEntity
  8
Visible
100
AcDbCircle
 10
377.80168
 20
198.242976
 30
0.0
 40
0.7500000000000001
100
AcDbArc
 50
270.0
 51
0.0
  0
LINE
  5
59F
330
70
100
AcDbEntity
  8
Visible
100
AcDbLine
 10
378.55168
 20
210.742976
 30
0.0
 11
378.55168
 21
198.242976
 31
0.0
  0
ARC
  5
5A0
330
70
100
AcDbEntity
  8
Visible
100
AcDbCircle
 10
377.80168
 20
210.742976
 30
0.0
 40
0.7500000000000001
100
AcDbArc
 50
0.0
 51
90.0
  0
LINE
  5
5A1
330
70
100
AcDbEntity
  8
Visible
100
AcDbLine
 10
274.81418
 20
211.492976
 30
0.0
 11
287.31418
 21
211.492976
 31
0.0
  0
ARC
  5
5A2
330
70
100
AcDbEntity
  8
Visible
100
AcDbCircle
 10
274.81418
 20
210.742976
 30
0.0
 40
0.7500000000000001
100
AcDbArc
 50
90.0
 51
180.0
  0
LINE
  5
5A3
330
70
100
AcDbEntity
  8
Visible
100
AcDbLine
 10
274.06418
 20
210.742976
 30
0.0
 11
274.06418
 21
198.242976
 31
0.0
  0
ARC
  5
5A4
330
70
100
AcDbEntity
  8
Visible
100
AcDbCircle
 10
274.81418
 20
198.242976
 30
0.0
 40
0.7500000000000001
100
AcDbArc
 50
180.0
 51
270.0
  0
LINE
  5
5A5
330
70
100
AcDbEntity
  8
Visible
100
AcDbLine
 10
274.81418
 20
197.492976
 30
0.0
 11
287.31418
 21
197.492976
 31
0.0
  0
ARC
  5
5A6
330
70
100
AcDbEntity
  8
Visible
100
AcDbCircle
 10
287.31418
 20
198.242976
 30
0.0
 40
0.7500000000000001
100
AcDbArc
 50
270.0
 51
0.0
  0
LINE
  5
5A7
330
70
100
AcDbEntity
  8
Visible
100
AcDbLine
 10
288.06418
 20
210.742976
 30
0.0
 11
288.06418
 21
198.242976
 31
0.0
  0
ARC
  5
5A8
330
70
100
AcDbEntity
  8
Visible
100
AcDbCircle
 10
287.31418
 20
210.742976
 30
0.0
 40
0.7500000000000001
100
AcDbArc
 50
0.0
 51
90.0
  0
ARC
  5
5A9
330
70
100
AcDbEntity
  8
Visible
100
AcDbCircle
 10
317.67668
 20
210.742976
 30
0.0
 40
0.7500000000000001
100
AcDbArc
 50
90.0
 51
180.0
  0
LINE
  5
5AA
330
70
100
AcDbEntity
  8
Visible
100
AcDbLine
 10
316.92668
 20
192.943062
 30
0.0
 11
316.92668
 21
210.742976
 31
0.0
  0
LINE
  5
5AB
330
70
100
AcDbEntity
  8
Visible
100
AcDbLine
 10
384.35168
 20
211.492976
 30
0.0
 11
396.85168
 21
211.492976
 31
0.0
  0
ARC
  5
5AC
330
70
100
AcDbEntity
  8
Visible
100
AcDbCircle
 10
384.35168
 20
210.742976
 30
0.0
 40
0.7500000000000001
100
AcDbArc
 50
90.0
 51
180.0
  0
LINE
  5
5AD
330
70
100
AcDbEntity
  8
Visible
100
AcDbLine
 10
383.60168
 20
210.742976
 30
0.0
 11
383.60168
 21
198.242976
 31
0.0
  0
ARC
  5
5AE
330
70
100
AcDbEntity
  8
Visible
100
AcDbCircle
 10
384.35168
 20
198.242976
 30
0.0
 40
0.7500000000000001
100
AcDbArc
 50
180.0
 51
270.0
  0
LINE
  5
5AF
330
70
100
AcDbEntity
  8
Visible
100
AcDbLine
 10
384.35168
 20
197.492976
 30
0.0
 11
396.85168
 21
197.492976
 31
0.0
  0
ARC
  5
5B0
330
70
100
AcDbEntity
  8
Visible
100
AcDbCircle
 10
396.85168
 20
198.242976
 30
0.0
 40
0.7500000000000001
100
AcDbArc
 50
270.0
 51
0.0
  0
LINE
  5
5B1
330
70
100
AcDbEntity
  8
Visible
100
AcDbLine
 10
397.60168
 20
210.742976
 30
0.0
 11
397.60168
 21
198.242976
 31
0.0
  0
ARC
  5
5B2
330
70
100
AcDbEntity
  8
Visible
100
AcDbCircle
 10
396.85168
 20
210.742976
 30
0.0
 40
0.7500000000000001
100
AcDbArc
 50
0.0
 51
90.0
  0
LINE
  5
5B3
330
70
100
AcDbEntity
  8
Visible
100
AcDbLine
 10
346.25168
 20
211.492976
 30
0.0
 11
358.75168
 21
211.492976
 31
0.0
  0
ARC
  5
5B4
330
70
100
AcDbEntity
  8
Visible
100
AcDbCircle
 10
346.25168
 20
210.742976
 30
0.0
 40
0.7500000000000001
100
AcDbArc
 50
90.0
 51
180.0
  0
LINE
  5
5B5
330
70
100
AcDbEntity
  8
Visible
100
AcDbLine
 10
345.50168
 20
210.742976
 30
0.0
 11
345.50168
 21
198.242976
 31
0.0
  0
ARC
  5
5B6
330
70
100
AcDbEntity
  8
Visible
100
AcDbCircle
 10
346.25168
 20
198.242976
 30
0.0
 40
0.7500000000000001
100
AcDbArc
 50
180.0
 51
270.0
  0
LINE
  5
5B7
330
70
100
AcDbEntity
  8
Visible
100
AcDbLine
 10
346.25168
 20
197.492976
 30
0.0
 11
358.75168
 21
197.492976
 31
0.0
  0
ARC
  5
5B8
330
70
100
AcDbEntity
  8
Visible
100
AcDbCircle
 10
358.75168
 20
198.242976
 30
0.0
 40
0.7500000000000001
100
AcDbArc
 50
270.0
 51
0.0
  0
LINE
  5
5B9
330
70
100
AcDbEntity
  8
Visible
100
AcDbLine
 10
359.50168
 20
210.742976
 30
0.0
 11
359.50168
 21
198.242976
 31
0.0
  0
ARC
  5
5BA
330
70
100
AcDbEntity
  8
Visible
100
AcDbCircle
 10
358.75168
 20
210.742976
 30
0.0
 40
0.7500000000000001
100
AcDbArc
 50
0.0
 51
90.0
  0
LINE
  5
5BB
330
70
100
AcDbEntity
  8
Visible
100
AcDbLine
 10
293.86418
 20
211.492976
 30
0.0
 11
306.36418
 21
211.492976
 31
0.0
  0
ARC
  5
5BC
330
70
100
AcDbEntity
  8
Visible
100
AcDbCircle
 10
293.86418
 20
210.742976
 30
0.0
 40
0.7500000000000001
100
AcDbArc
 50
90.0
 51
180.0
  0
LINE
  5
5BD
330
70
100
AcDbEntity
  8
Visible
100
AcDbLine
 10
293.11418
 20
210.742976
 30
0.0
 11
293.11418
 21
198.242976
 31
0.0
  0
ARC
  5
5BE
330
70
100
AcDbEntity
  8
Visible
100
AcDbCircle
 10
293.86418
 20
198.242976
 30
0.0
 40
0.7500000000000001
100
AcDbArc
 50
180.0
 51
270.0
  0
LINE
  5
5BF
330
70
100
AcDbEntity
  8
Visible
100
AcDbLine
 10
293.86418
 20
197.492976
 30
0.0
 11
306.36418
 21
197.492976
 31
0.0
  0
ARC
  5
5C0
330
70
100
AcDbEntity
  8
Visible
100
AcDbCircle
 10
306.36418
 20
198.242976
 30
0.0
 40
0.7500000000000001
100
AcDbArc
 50
270.0
 51
0.0
  0
LINE
  5
5C1
330
70
100
AcDbEntity
  8
Visible
100
AcDbLine
 10
307.11418
 20
210.742976
 30
0.0
 11
307.11418
 21
198.242976
 31
0.0
  0
ARC
  5
5C2
330
70
100
AcDbEntity
  8
Visible
100
AcDbCircle
 10
306.36418
 20
210.742976
 30
0.0
 40
0.7500000000000001
100
AcDbArc
 50
0.0
 51
90.0
  0
LINE
  5
5C3
330
70
100
AcDbEntity
  8
Visible
100
AcDbLine
 10
89.07668
 20
192.443062
 30
0.0
 11
101.57668
 21
192.443062
 31
0.0
  0
ARC
  5
5C4
330
70
100
AcDbEntity
  8
Visible
100
AcDbCircle
 10
89.07668
 20
191.693062
 30
0.0
 40
0.7500000000000001
100
AcDbArc
 50
90.0
 51
180.0
  0
LINE
  5
5C5
330
70
100
AcDbEntity
  8
Visible
100
AcDbLine
 10
88.32668
 20
191.693062
 30
0.0
 11
88.32668
 21
179.192976
 31
0.0
  0
ARC
  5
5C6
330
70
100
AcDbEntity
  8
Visible
100
AcDbCircle
 10
89.07668
 20
179.192976
 30
0.0
 40
0.7500000000000001
100
AcDbArc
 50
180.0
 51
270.0
  0
LINE
  5
5C7
330
70
100
AcDbEntity
  8
Visible
100
AcDbLine
 10
89.07668
 20
178.442976
 30
0.0
 11
101.57668
 21
178.442976
 31
0.0
  0
ARC
  5
5C8
330
70
100
AcDbEntity
  8
Visible
100
AcDbCircle
 10
101.57668
 20
179.192976
 30
0.0
 40
0.7500000000000001
100
AcDbArc
 50
270.0
 51
0.0
  0
LINE
  5
5C9
330
70
100
AcDbEntity
  8
Visible
100
AcDbLine
 10
102.32668
 20
191.693062
 30
0.0
 11
102.32668
 21
179.192976
 31
0.0
  0
ARC
  5
5CA
330
70
100
AcDbEntity
  8
Visible
100
AcDbCircle
 10
101.57668
 20
191.693062
 30
0.0
 40
0.7500000000000001
100
AcDbArc
 50
0.0
 51
90.0
  0
ARC
  5
5CB
330
70
100
AcDbEntity
  8
Visible
100
AcDbCircle
 10
75.38293
 20
179.192976
 30
0.0
 40
0.7500000000000001
100
AcDbArc
 50
270.0
 51
0.0
  0
LINE
  5
5CC
330
70
100
AcDbEntity
  8
Visible
100
AcDbLine
 10
76.13293
 20
191.693062
 30
0.0
 11
76.13293
 21
179.192976
 31
0.0
  0
ARC
  5
5CD
330
70
100
AcDbEntity
  8
Visible
100
AcDbCircle
 10
75.38293
 20
191.693062
 30
0.0
 40
0.7500000000000001
100
AcDbArc
 50
0.0
 51
90.0
  0
LINE
  5
5CE
330
70
100
AcDbEntity
  8
Visible
100
AcDbLine
 10
108.12668
 20
192.443062
 30
0.0
 11
120.62668
 21
192.443062
 31
0.0
  0
ARC
  5
5CF
330
70
100
AcDbEntity
  8
Visible
100
AcDbCircle
 10
108.12668
 20
191.693062
 30
0.0
 40
0.7500000000000001
100
AcDbArc
 50
90.0
 51
180.0
  0
LINE
  5
5D0
330
70
100
AcDbEntity
  8
Visible
100
AcDbLine
 10
107.37668
 20
191.693062
 30
0.0
 11
107.37668
 21
179.192976
 31
0.0
  0
ARC
  5
5D1
330
70
100
AcDbEntity
  8
Visible
100
AcDbCircle
 10
108.12668
 20
179.192976
 30
0.0
 40
0.7500000000000001
100
AcDbArc
 50
180.0
 51
270.0
  0
LINE
  5
5D2
330
70
100
AcDbEntity
  8
Visible
100
AcDbLine
 10
108.12668
 20
178.442976
 30
0.0
 11
120.62668
 21
178.442976
 31
0.0
  0
ARC
  5
5D3
330
70
100
AcDbEntity
  8
Visible
100
AcDbCircle
 10
120.62668
 20
179.192976
 30
0.0
 40
0.7500000000000001
100
AcDbArc
 50
270.0
 51
0.0
  0
LINE
  5
5D4
330
70
100
AcDbEntity
  8
Visible
100
AcDbLine
 10
121.37668
 20
191.693062
 30
0.0
 11
121.37668
 21
179.192976
 31
0.0
  0
ARC
  5
5D5
330
70
100
AcDbEntity
  8
Visible
100
AcDbCircle
 10
120.62668
 20
191.693062
 30
0.0
 40
0.7500000000000001
100
AcDbArc
 50
0.0
 51
90.0
  0
LINE
  5
5D6
330
70
100
AcDbEntity
  8
Visible
100
AcDbLine
 10
203.37668
 20
192.443062
 30
0.0
 11
215.87668
 21
192.443062
 31
0.0
  0
ARC
  5
5D7
330
70
100
AcDbEntity
  8
Visible
100
AcDbCircle
 10
203.37668
 20
191.693062
 30
0.0
 40
0.7500000000000001
100
AcDbArc
 50
90.0
 51
180.0
  0
LINE
  5
5D8
330
70
100
AcDbEntity
  8
Visible
100
AcDbLine
 10
202.62668
 20
191.693062
 30
0.0
 11
202.62668
 21
179.192976
 31
0.0
  0
ARC
  5
5D9
330
70
100
AcDbEntity
  8
Visible
100
AcDbCircle
 10
203.37668
 20
179.192976
 30
0.0
 40
0.7500000000000001
100
AcDbArc
 50
180.0
 51
270.0
  0
LINE
  5
5DA
330
70
100
AcDbEntity
  8
Visible
100
AcDbLine
 10
203.37668
 20
178.442976
 30
0.0
 11
215.87668
 21
178.442976
 31
0.0
  0
ARC
  5
5DB
330
70
100
AcDbEntity
  8
Visible
100
AcDbCircle
 10
215.87668
 20
179.192976
 30
0.0
 40
0.7500000000000001
100
AcDbArc
 50
270.0
 51
0.0
  0
LINE
  5
5DC
330
70
100
AcDbEntity
  8
Visible
100
AcDbLine
 10
216.62668
 20
191.693062
 30
0.0
 11
216.62668
 21
179.192976
 31
0.0
  0
ARC
  5
5DD
330
70
100
AcDbEntity
  8
Visible
100
AcDbCircle
 10
215.87668
 20
191.693062
 30
0.0
 40
0.7500000000000001
100
AcDbArc
 50
0.0
 51
90.0
  0
ARC
  5
5DE
330
70
100
AcDbEntity
  8
Visible
100
AcDbCircle
 10
184.32668
 20
191.693062
 30
0.0
 40
0.7500000000000001
100
AcDbArc
 50
90.0
 51
180.0
  0
LINE
  5
5DF
330
70
100
AcDbEntity
  8
Visible
100
AcDbLine
 10
183.57668
 20
191.693062
 30
0.0
 11
183.57668
 21
179.192976
 31
0.0
  0
ARC
  5
5E0
330
70
100
AcDbEntity
  8
Visible
100
AcDbCircle
 10
184.32668
 20
179.192976
 30
0.0
 40
0.7500000000000001
100
AcDbArc
 50
180.0
 51
270.0
  0
LINE
  5
5E1
330
70
100
AcDbEntity
  8
Visible
100
AcDbLine
 10
184.32668
 20
178.442976
 30
0.0
 11
196.82668
 21
178.442976
 31
0.0
  0
ARC
  5
5E2
330
70
100
AcDbEntity
  8
Visible
100
AcDbCircle
 10
196.82668
 20
179.192976
 30
0.0
 40
0.7500000000000001
100
AcDbArc
 50
270.0
 51
0.0
  0
LINE
  5
5E3
330
70
100
AcDbEntity
  8
Visible
100
AcDbLine
 10
197.57668
 20
191.693062
 30
0.0
 11
197.57668
 21
179.192976
 31
0.0
  0
ARC
  5
5E4
330
70
100
AcDbEntity
  8
Visible
100
AcDbCircle
 10
196.82668
 20
191.693062
 30
0.0
 40
0.7500000000000001
100
AcDbArc
 50
0.0
 51
90.0
  0
LINE
  5
5E5
330
70
100
AcDbEntity
  8
Visible
100
AcDbLine
 10
184.32668
 20
192.443062
 30
0.0
 11
196.82668
 21
192.443062
 31
0.0
  0
LINE
  5
5E6
330
70
100
AcDbEntity
  8
Visible
100
AcDbLine
 10
222.42668
 20
192.443062
 30
0.0
 11
234.92668
 21
192.443062
 31
0.0
  0
ARC
  5
5E7
330
70
100
AcDbEntity
  8
Visible
100
AcDbCircle
 10
222.42668
 20
191.693062
 30
0.0
 40
0.7500000000000001
100
AcDbArc
 50
90.0
 51
180.0
  0
LINE
  5
5E8
330
70
100
AcDbEntity
  8
Visible
100
AcDbLine
 10
221.67668
 20
191.693062
 30
0.0
 11
221.67668
 21
179.192976
 31
0.0
  0
ARC
  5
5E9
330
70
100
AcDbEntity
  8
Visible
100
AcDbCircle
 10
222.42668
 20
179.192976
 30
0.0
 40
0.7500000000000001
100
AcDbArc
 50
180.0
 51
270.0
  0
LINE
  5
5EA
330
70
100
AcDbEntity
  8
Visible
100
AcDbLine
 10
222.42668
 20
178.442976
 30
0.0
 11
234.92668
 21
178.442976
 31
0.0
  0
ARC
  5
5EB
330
70
100
AcDbEntity
  8
Visible
100
AcDbCircle
 10
234.92668
 20
179.192976
 30
0.0
 40
0.7500000000000001
100
AcDbArc
 50
270.0
 51
0.0
  0
LINE
  5
5EC
330
70
100
AcDbEntity
  8
Visible
100
AcDbLine
 10
235.67668
 20
191.693062
 30
0.0
 11
235.67668
 21
179.192976
 31
0.0
  0
ARC
  5
5ED
330
70
100
AcDbEntity
  8
Visible
100
AcDbCircle
 10
234.92668
 20
191.693062
 30
0.0
 40
0.7500000000000001
100
AcDbArc
 50
0.0
 51
90.0
  0
LINE
  5
5EE
330
70
100
AcDbEntity
  8
Visible
100
AcDbLine
 10
146.22668
 20
192.443062
 30
0.0
 11
158.72668
 21
192.443062
 31
0.0
  0
ARC
  5
5EF
330
70
100
AcDbEntity
  8
Visible
100
AcDbCircle
 10
146.22668
 20
191.693062
 30
0.0
 40
0.7500000000000001
100
AcDbArc
 50
90.0
 51
180.0
  0
LINE
  5
5F0
330
70
100
AcDbEntity
  8
Visible
100
AcDbLine
 10
145.47668
 20
191.693062
 30
0.0
 11
145.47668
 21
179.192976
 31
0.0
  0
ARC
  5
5F1
330
70
100
AcDbEntity
  8
Visible
100
AcDbCircle
 10
146.22668
 20
179.192976
 30
0.0
 40
0.7500000000000001
100
AcDbArc
 50
180.0
 51
270.0
  0
LINE
  5
5F2
330
70
100
AcDbEntity
  8
Visible
100
AcDbLine
 10
146.22668
 20
178.442976
 30
0.0
 11
158.72668
 21
178.442976
 31
0.0
  0
ARC
  5
5F3
330
70
100
AcDbEntity
  8
Visible
100
AcDbCircle
 10
158.72668
 20
179.192976
 30
0.0
 40
0.7500000000000001
100
AcDbArc
 50
270.0
 51
0.0
  0
LINE
  5
5F4
330
70
100
AcDbEntity
  8
Visible
100
AcDbLine
 10
159.47668
 20
191.693062
 30
0.0
 11
159.47668
 21
179.192976
 31
0.0
  0
ARC
  5
5F5
330
70
100
AcDbEntity
  8
Visible
100
AcDbCircle
 10
158.72668
 20
191.693062
 30
0.0
 40
0.7500000000000001
100
AcDbArc
 50
0.0
 51
90.0
  0
LINE
  5
5F6
330
70
100
AcDbEntity
  8
Visible
100
AcDbLine
 10
165.27668
 20
192.443062
 30
0.0
 11
177.77668
 21
192.443062
 31
0.0
  0
ARC
  5
5F7
330
70
100
AcDbEntity
  8
Visible
100
AcDbCircle
 10
165.27668
 20
191.693062
 30
0.0
 40
0.7500000000000001
100
AcDbArc
 50
90.0
 51
180.0
  0
LINE
  5
5F8
330
70
100
AcDbEntity
  8
Visible
100
AcDbLine
 10
164.52668
 20
191.693062
 30
0.0
 11
164.52668
 21
179.192976
 31
0.0
  0
ARC
  5
5F9
330
70
100
AcDbEntity
  8
Visible
100
AcDbCircle
 10
165.27668
 20
179.192976
 30
0.0
 40
0.7500000000000001
100
AcDbArc
 50
180.0
 51
270.0
  0
LINE
  5
5FA
330
70
100
AcDbEntity
  8
Visible
100
AcDbLine
 10
165.27668
 20
178.442976
 30
0.0
 11
177.77668
 21
178.442976
 31
0.0
  0
ARC
  5
5FB
330
70
100
AcDbEntity
  8
Visible
100
AcDbCircle
 10
177.77668
 20
179.192976
 30
0.0
 40
0.7500000000000001
100
AcDbArc
 50
270.0
 51
0.0
  0
LINE
  5
5FC
330
70
100
AcDbEntity
  8
Visible
100
AcDbLine
 10
178.52668
 20
191.693062
 30
0.0
 11
178.52668
 21
179.192976
 31
0.0
  0
ARC
  5
5FD
330
70
100
AcDbEntity
  8
Visible
100
AcDbCircle
 10
177.77668
 20
191.693062
 30
0.0
 40
0.7500000000000001
100
AcDbArc
 50
0.0
 51
90.0
  0
ARC
  5
5FE
330
70
100
AcDbEntity
  8
Visible
100
AcDbCircle
 10
127.17668
 20
191.693062
 30
0.0
 40
0.7500000000000001
100
AcDbArc
 50
90.0
 51
180.0
  0
LINE
  5
5FF
330
70
100
AcDbEntity
  8
Visible
100
AcDbLine
 10
126.42668
 20
191.693062
 30
0.0
 11
126.42668
 21
179.192976
 31
0.0
  0
ARC
  5
600
330
70
100
AcDbEntity
  8
Visible
100
AcDbCircle
 10
127.17668
 20
179.192976
 30
0.0
 40
0.7500000000000001
100
AcDbArc
 50
180.0
 51
270.0
  0
LINE
  5
601
330
70
100
AcDbEntity
  8
Visible
100
AcDbLine
 10
127.17668
 20
178.442976
 30
0.0
 11
139.67668
 21
178.442976
 31
0.0
  0
ARC
  5
602
330
70
100
AcDbEntity
  8
Visible
100
AcDbCircle
 10
139.67668
 20
179.192976
 30
0.0
 40
0.7500000000000001
100
AcDbArc
 50
270.0
 51
0.0
  0
LINE
  5
603
330
70
100
AcDbEntity
  8
Visible
100
AcDbLine
 10
140.42668
 20
191.693062
 30
0.0
 11
140.42668
 21
179.192976
 31
0.0
  0
ARC
  5
604
330
70
100
AcDbEntity
  8
Visible
100
AcDbCircle
 10
139.67668
 20
191.693062
 30
0.0
 40
0.7500000000000001
100
AcDbArc
 50
0.0
 51
90.0
  0
LINE
  5
605
330
70
100
AcDbEntity
  8
Visible
100
AcDbLine
 10
127.17668
 20
192.443062
 30
0.0
 11
139.67668
 21
192.443062
 31
0.0
  0
LINE
  5
606
330
70
100
AcDbEntity
  8
Visible
100
AcDbLine
 10
241.47668
 20
192.443062
 30
0.0
 11
253.97668
 21
192.443062
 31
0.0
  0
ARC
  5
607
330
70
100
AcDbEntity
  8
Visible
100
AcDbCircle
 10
241.47668
 20
191.693062
 30
0.0
 40
0.7500000000000001
100
AcDbArc
 50
90.0
 51
180.0
  0
LINE
  5
608
330
70
100
AcDbEntity
  8
Visible
100
AcDbLine
 10
240.72668
 20
191.693062
 30
0.0
 11
240.72668
 21
179.192976
 31
0.0
  0
ARC
  5
609
330
70
100
AcDbEntity
  8
Visible
100
AcDbCircle
 10
241.47668
 20
179.192976
 30
0.0
 40
0.7500000000000001
100
AcDbArc
 50
180.0
 51
270.0
  0
LINE
  5
60A
330
70
100
AcDbEntity
  8
Visible
100
AcDbLine
 10
241.47668
 20
178.442976
 30
0.0
 11
253.97668
 21
178.442976
 31
0.0
  0
ARC
  5
60B
330
70
100
AcDbEntity
  8
Visible
100
AcDbCircle
 10
253.97668
 20
179.192976
 30
0.0
 40
0.7500000000000001
100
AcDbArc
 50
270.0
 51
0.0
  0
LINE
  5
60C
330
70
100
AcDbEntity
  8
Visible
100
AcDbLine
 10
254.72668
 20
191.693062
 30
0.0
 11
254.72668
 21
179.192976
 31
0.0
  0
ARC
  5
60D
330
70
100
AcDbEntity
  8
Visible
100
AcDbCircle
 10
253.97668
 20
191.693062
 30
0.0
 40
0.7500000000000001
100
AcDbArc
 50
0.0
 51
90.0
  0
LINE
  5
60E
330
70
100
AcDbEntity
  8
Visible
100
AcDbLine
 10
279.57668
 20
192.443062
 30
0.0
 11
292.07668
 21
192.443062
 31
0.0
  0
ARC
  5
60F
330
70
100
AcDbEntity
  8
Visible
100
AcDbCircle
 10
279.57668
 20
191.693062
 30
0.0
 40
0.7500000000000001
100
AcDbArc
 50
90.0
 51
180.0
  0
LINE
  5
610
330
70
100
AcDbEntity
  8
Visible
100
AcDbLine
 10
278.82668
 20
191.693062
 30
0.0
 11
278.82668
 21
179.192976
 31
0.0
  0
ARC
  5
611
330
70
100
AcDbEntity
  8
Visible
100
AcDbCircle
 10
279.57668
 20
179.192976
 30
0.0
 40
0.7500000000000001
100
AcDbArc
 50
180.0
 51
270.0
  0
LINE
  5
612
330
70
100
AcDbEntity
  8
Visible
100
AcDbLine
 10
279.57668
 20
178.442976
 30
0.0
 11
292.07668
 21
178.442976
 31
0.0
  0
ARC
  5
613
330
70
100
AcDbEntity
  8
Visible
100
AcDbCircle
 10
292.07668
 20
179.192976
 30
0.0
 40
0.7500000000000001
100
AcDbArc
 50
270.0
 51
0.0
  0
LINE
  5
614
330
70
100
AcDbEntity
  8
Visible
100
AcDbLine
 10
292.82668
 20
191.693062
 30
0.0
 11
292.82668
 21
179.192976
 31
0.0
  0
ARC
  5
615
330
70
100
AcDbEntity
  8
Visible
100
AcDbCircle
 10
292.07668
 20
191.693062
 30
0.0
 40
0.7500000000000001
100
AcDbArc
 50
0.0
 51
90.0
  0
LINE
  5
616
330
70
100
AcDbEntity
  8
Visible
100
AcDbLine
 10
273.77668
 20
191.693062
 30
0.0
 11
273.77668
 21
179.192976
 31
0.0
  0
ARC
  5
617
330
70
100
AcDbEntity
  8
Visible
100
AcDbCircle
 10
273.02668
 20
191.693062
 30
0.0
 40
0.7500000000000001
100
AcDbArc
 50
0.0
 51
90.0
  0
LINE
  5
618
330
70
100
AcDbEntity
  8
Visible
100
AcDbLine
 10
260.52668
 20
192.443062
 30
0.0
 11
273.02668
 21
192.443062
 31
0.0
  0
ARC
  5
619
330
70
100
AcDbEntity
  8
Visible
100
AcDbCircle
 10
260.52668
 20
191.693062
 30
0.0
 40
0.7500000000000001
100
AcDbArc
 50
90.0
 51
180.0
  0
LINE
  5
61A
330
70
100
AcDbEntity
  8
Visible
100
AcDbLine
 10
259.77668
 20
191.693062
 30
0.0
 11
259.77668
 21
179.192976
 31
0.0
  0
ARC
  5
61B
330
70
100
AcDbEntity
  8
Visible
100
AcDbCircle
 10
260.52668
 20
179.192976
 30
0.0
 40
0.7500000000000001
100
AcDbArc
 50
180.0
 51
270.0
  0
LINE
  5
61C
330
70
100
AcDbEntity
  8
Visible
100
AcDbLine
 10
260.52668
 20
178.442976
 30
0.0
 11
273.02668
 21
178.442976
 31
0.0
  0
ARC
  5
61D
330
70
100
AcDbEntity
  8
Visible
100
AcDbCircle
 10
273.02668
 20
179.192976
 30
0.0
 40
0.7500000000000001
100
AcDbArc
 50
270.0
 51
0.0
  0
ARC
  5
61E
330
70
100
AcDbEntity
  8
Visible
100
AcDbCircle
 10
325.97093
 20
177.192976
 30
0.0
 40
0.7500000000000001
100
AcDbArc
 50
180.0
 51
270.0
  0
LINE
  5
61F
330
70
100
AcDbEntity
  8
Visible
100
AcDbLine
 10
332.55793
 20
176.442976
 30
0.0
 11
325.97093
 21
176.442976
 31
0.0
  0
ARC
  5
620
330
70
100
AcDbEntity
  8
Visible
100
AcDbCircle
 10
302.09493
 20
177.192976
 30
0.0
 40
0.7500000000000001
100
AcDbArc
 50
180.0
 51
270.0
  0
LINE
  5
621
330
70
100
AcDbEntity
  8
Visible
100
AcDbLine
 10
302.09493
 20
176.442976
 30
0.0
 11
307.59493
 21
176.442976
 31
0.0
  0
ARC
  5
622
330
70
100
AcDbEntity
  8
Visible
100
AcDbCircle
 10
307.59493
 20
177.192976
 30
0.0
 40
0.7500000000000001
100
AcDbArc
 50
270.0
 51
0.0
  0
LINE
  5
623
330
70
100
AcDbEntity
  8
Visible
100
AcDbLine
 10
308.34493
 20
177.942976
 30
0.0
 11
308.34493
 21
177.192976
 31
0.0
  0
ARC
  5
624
330
70
100
AcDbEntity
  8
Visible
100
AcDbCircle
 10
83.08343
 20
158.142976
 30
0.0
 40
0.7500000000000001
100
AcDbArc
 50
180.0
 51
270.0
  0
LINE
  5
625
330
70
100
AcDbEntity
  8
Visible
100
AcDbLine
 10
83.08343
 20
157.392976
 30
0.0
 11
88.58343
 21
157.392976
 31
0.0
  0
ARC
  5
626
330
70
100
AcDbEntity
  8
Visible
100
AcDbCircle
 10
88.58343
 20
158.142976
 30
0.0
 40
0.7500000000000001
100
AcDbArc
 50
270.0
 51
0.0
  0
LINE
  5
627
330
70
100
AcDbEntity
  8
Visible
100
AcDbLine
 10
89.33343
 20
159.392976
 30
0.0
 11
89.33343
 21
158.142976
 31
0.0
  0
ARC
  5
628
330
70
100
AcDbEntity
  8
Visible
100
AcDbCircle
 10
59.20743
 20
158.142976
 30
0.0
 40
0.7500000000000001
100
AcDbArc
 50
180.0
 51
270.0
  0
LINE
  5
629
330
70
100
AcDbEntity
  8
Visible
100
AcDbLine
 10
59.20743
 20
157.392976
 30
0.0
 11
64.70743
 21
157.392976
 31
0.0
  0
ARC
  5
62A
330
70
100
AcDbEntity
  8
Visible
100
AcDbCircle
 10
64.70743
 20
158.142976
 30
0.0
 40
0.7500000000000001
100
AcDbArc
 50
270.0
 51
0.0
  0
LINE
  5
62B
330
70
100
AcDbEntity
  8
Visible
100
AcDbLine
 10
65.45743
 20
159.392976
 30
0.0
 11
65.45743
 21
158.142976
 31
0.0
  0
ARC
  5
62C
330
70
100
AcDbEntity
  8
Visible
100
AcDbCircle
 10
231.95168
 20
172.642976
 30
0.0
 40
0.7500000000000001
100
AcDbArc
 50
90.0
 51
180.0
  0
LINE
  5
62D
330
70
100
AcDbEntity
  8
Visible
100
AcDbLine
 10
231.20168
 20
172.642976
 30
0.0
 11
231.20168
 21
160.142976
 31
0.0
  0
ARC
  5
62E
330
70
100
AcDbEntity
  8
Visible
100
AcDbCircle
 10
231.95168
 20
160.142976
 30
0.0
 40
0.7500000000000001
100
AcDbArc
 50
180.0
 51
270.0
  0
LINE
  5
62F
330
70
100
AcDbEntity
  8
Visible
100
AcDbLine
 10
231.95168
 20
159.392976
 30
0.0
 11
244.45168
 21
159.392976
 31
0.0
  0
ARC
  5
630
330
70
100
AcDbEntity
  8
Visible
100
AcDbCircle
 10
244.45168
 20
160.142976
 30
0.0
 40
0.7500000000000001
100
AcDbArc
 50
270.0
 51
0.0
  0
LINE
  5
631
330
70
100
AcDbEntity
  8
Visible
100
AcDbLine
 10
245.20168
 20
172.642976
 30
0.0
 11
245.20168
 21
160.142976
 31
0.0
  0
ARC
  5
632
330
70
100
AcDbEntity
  8
Visible
100
AcDbCircle
 10
244.45168
 20
172.642976
 30
0.0
 40
0.7500000000000001
100
AcDbArc
 50
0.0
 51
90.0
  0
LINE
  5
633
330
70
100
AcDbEntity
  8
Visible
100
AcDbLine
 10
231.95168
 20
173.392976
 30
0.0
 11
244.45168
 21
173.392976
 31
0.0
  0
LINE
  5
634
330
70
100
AcDbEntity
  8
Visible
100
AcDbLine
 10
98.60168
 20
173.392976
 30
0.0
 11
111.10168
 21
173.392976
 31
0.0
  0
ARC
  5
635
330
70
100
AcDbEntity
  8
Visible
100
AcDbCircle
 10
98.60168
 20
172.642976
 30
0.0
 40
0.7500000000000001
100
AcDbArc
 50
90.0
 51
180.0
  0
LINE
  5
636
330
70
100
AcDbEntity
  8
Visible
100
AcDbLine
 10
97.85168
 20
172.642976
 30
0.0
 11
97.85168
 21
160.142976
 31
0.0
  0
ARC
  5
637
330
70
100
AcDbEntity
  8
Visible
100
AcDbCircle
 10
98.60168
 20
160.142976
 30
0.0
 40
0.7500000000000001
100
AcDbArc
 50
180.0
 51
270.0
  0
LINE
  5
638
330
70
100
AcDbEntity
  8
Visible
100
AcDbLine
 10
98.60168
 20
159.392976
 30
0.0
 11
111.10168
 21
159.392976
 31
0.0
  0
ARC
  5
639
330
70
100
AcDbEntity
  8
Visible
100
AcDbCircle
 10
111.10168
 20
160.142976
 30
0.0
 40
0.7500000000000001
100
AcDbArc
 50
270.0
 51
0.0
  0
LINE
  5
63A
330
70
100
AcDbEntity
  8
Visible
100
AcDbLine
 10
111.85168
 20
172.642976
 30
0.0
 11
111.85168
 21
160.142976
 31
0.0
  0
ARC
  5
63B
330
70
100
AcDbEntity
  8
Visible
100
AcDbCircle
 10
111.10168
 20
172.642976
 30
0.0
 40
0.7500000000000001
100
AcDbArc
 50
0.0
 51
90.0
  0
LINE
  5
63C
330
70
100
AcDbEntity
  8
Visible
100
AcDbLine
 10
136.70168
 20
173.392976
 30
0.0
 11
149.20168
 21
173.392976
 31
0.0
  0
ARC
  5
63D
330
70
100
AcDbEntity
  8
Visible
100
AcDbCircle
 10
136.70168
 20
172.642976
 30
0.0
 40
0.7500000000000001
100
AcDbArc
 50
90.0
 51
180.0
  0
LINE
  5
63E
330
70
100
AcDbEntity
  8
Visible
100
AcDbLine
 10
135.95168
 20
172.642976
 30
0.0
 11
135.95168
 21
160.142976
 31
0.0
  0
ARC
  5
63F
330
70
100
AcDbEntity
  8
Visible
100
AcDbCircle
 10
136.70168
 20
160.142976
 30
0.0
 40
0.7500000000000001
100
AcDbArc
 50
180.0
 51
270.0
  0
LINE
  5
640
330
70
100
AcDbEntity
  8
Visible
100
AcDbLine
 10
136.70168
 20
159.392976
 30
0.0
 11
149.20168
 21
159.392976
 31
0.0
  0
ARC
  5
641
330
70
100
AcDbEntity
  8
Visible
100
AcDbCircle
 10
149.20168
 20
160.142976
 30
0.0
 40
0.7500000000000001
100
AcDbArc
 50
270.0
 51
0.0
  0
LINE
  5
642
330
70
100
AcDbEntity
  8
Visible
100
AcDbLine
 10
149.95168
 20
172.642976
 30
0.0
 11
149.95168
 21
160.142976
 31
0.0
  0
ARC
  5
643
330
70
100
AcDbEntity
  8
Visible
100
AcDbCircle
 10
149.20168
 20
172.642976
 30
0.0
 40
0.7500000000000001
100
AcDbArc
 50
0.0
 51
90.0
  0
LINE
  5
644
330
70
100
AcDbEntity
  8
Visible
100
AcDbLine
 10
155.75168
 20
173.392976
 30
0.0
 11
168.25168
 21
173.392976
 31
0.0
  0
ARC
  5
645
330
70
100
AcDbEntity
  8
Visible
100
AcDbCircle
 10
155.75168
 20
172.642976
 30
0.0
 40
0.7500000000000001
100
AcDbArc
 50
90.0
 51
180.0
  0
LINE
  5
646
330
70
100
AcDbEntity
  8
Visible
100
AcDbLine
 10
155.00168
 20
172.642976
 30
0.0
 11
155.00168
 21
160.142976
 31
0.0
  0
ARC
  5
647
330
70
100
AcDbEntity
  8
Visible
100
AcDbCircle
 10
155.75168
 20
160.142976
 30
0.0
 40
0.7500000000000001
100
AcDbArc
 50
180.0
 51
270.0
  0
LINE
  5
648
330
70
100
AcDbEntity
  8
Visible
100
AcDbLine
 10
155.75168
 20
159.392976
 30
0.0
 11
168.25168
 21
159.392976
 31
0.0
  0
ARC
  5
649
330
70
100
AcDbEntity
  8
Visible
100
AcDbCircle
 10
168.25168
 20
160.142976
 30
0.0
 40
0.7500000000000001
100
AcDbArc
 50
270.0
 51
0.0
  0
LINE
  5
64A
330
70
100
AcDbEntity
  8
Visible
100
AcDbLine
 10
169.00168
 20
172.642976
 30
0.0
 11
169.00168
 21
160.142976
 31
0.0
  0
ARC
  5
64B
330
70
100
AcDbEntity
  8
Visible
100
AcDbCircle
 10
168.25168
 20
172.642976
 30
0.0
 40
0.7500000000000001
100
AcDbArc
 50
0.0
 51
90.0
  0
LINE
  5
64C
330
70
100
AcDbEntity
  8
Visible
100
AcDbLine
 10
174.80168
 20
173.392976
 30
0.0
 11
187.30168
 21
173.392976
 31
0.0
  0
ARC
  5
64D
330
70
100
AcDbEntity
  8
Visible
100
AcDbCircle
 10
174.80168
 20
172.642976
 30
0.0
 40
0.7500000000000001
100
AcDbArc
 50
90.0
 51
180.0
  0
LINE
  5
64E
330
70
100
AcDbEntity
  8
Visible
100
AcDbLine
 10
174.05168
 20
172.642976
 30
0.0
 11
174.05168
 21
160.142976
 31
0.0
  0
ARC
  5
64F
330
70
100
AcDbEntity
  8
Visible
100
AcDbCircle
 10
174.80168
 20
160.142976
 30
0.0
 40
0.7500000000000001
100
AcDbArc
 50
180.0
 51
270.0
  0
LINE
  5
650
330
70
100
AcDbEntity
  8
Visible
100
AcDbLine
 10
174.80168
 20
159.392976
 30
0.0
 11
187.30168
 21
159.392976
 31
0.0
  0
ARC
  5
651
330
70
100
AcDbEntity
  8
Visible
100
AcDbCircle
 10
187.30168
 20
160.142976
 30
0.0
 40
0.7500000000000001
100
AcDbArc
 50
270.0
 51
0.0
  0
LINE
  5
652
330
70
100
AcDbEntity
  8
Visible
100
AcDbLine
 10
188.05168
 20
172.642976
 30
0.0
 11
188.05168
 21
160.142976
 31
0.0
  0
ARC
  5
653
330
70
100
AcDbEntity
  8
Visible
100
AcDbCircle
 10
187.30168
 20
172.642976
 30
0.0
 40
0.7500000000000001
100
AcDbArc
 50
0.0
 51
90.0
  0
LINE
  5
654
330
70
100
AcDbEntity
  8
Visible
100
AcDbLine
 10
207.10168
 20
172.642976
 30
0.0
 11
207.10168
 21
160.142976
 31
0.0
  0
ARC
  5
655
330
70
100
AcDbEntity
  8
Visible
100
AcDbCircle
 10
206.35168
 20
172.642976
 30
0.0
 40
0.7500000000000001
100
AcDbArc
 50
0.0
 51
90.0
  0
LINE
  5
656
330
70
100
AcDbEntity
  8
Visible
100
AcDbLine
 10
193.85168
 20
173.392976
 30
0.0
 11
206.35168
 21
173.392976
 31
0.0
  0
ARC
  5
657
330
70
100
AcDbEntity
  8
Visible
100
AcDbCircle
 10
193.85168
 20
172.642976
 30
0.0
 40
0.7500000000000001
100
AcDbArc
 50
90.0
 51
180.0
  0
LINE
  5
658
330
70
100
AcDbEntity
  8
Visible
100
AcDbLine
 10
193.10168
 20
172.642976
 30
0.0
 11
193.10168
 21
160.142976
 31
0.0
  0
ARC
  5
659
330
70
100
AcDbEntity
  8
Visible
100
AcDbCircle
 10
193.85168
 20
160.142976
 30
0.0
 40
0.7500000000000001
100
AcDbArc
 50
180.0
 51
270.0
  0
LINE
  5
65A
330
70
100
AcDbEntity
  8
Visible
100
AcDbLine
 10
193.85168
 20
159.392976
 30
0.0
 11
206.35168
 21
159.392976
 31
0.0
  0
ARC
  5
65B
330
70
100
AcDbEntity
  8
Visible
100
AcDbCircle
 10
206.35168
 20
160.142976
 30
0.0
 40
0.7500000000000001
100
AcDbArc
 50
270.0
 51
0.0
  0
LINE
  5
65C
330
70
100
AcDbEntity
  8
Visible
100
AcDbLine
 10
117.65168
 20
173.392976
 30
0.0
 11
130.15168
 21
173.392976
 31
0.0
  0
ARC
  5
65D
330
70
100
AcDbEntity
  8
Visible
100
AcDbCircle
 10
117.65168
 20
172.642976
 30
0.0
 40
0.7500000000000001
100
AcDbArc
 50
90.0
 51
180.0
  0
LINE
  5
65E
330
70
100
AcDbEntity
  8
Visible
100
AcDbLine
 10
116.90168
 20
172.642976
 30
0.0
 11
116.90168
 21
160.142976
 31
0.0
  0
ARC
  5
65F
330
70
100
AcDbEntity
  8
Visible
100
AcDbCircle
 10
117.65168
 20
160.142976
 30
0.0
 40
0.7500000000000001
100
AcDbArc
 50
180.0
 51
270.0
  0
LINE
  5
660
330
70
100
AcDbEntity
  8
Visible
100
AcDbLine
 10
117.65168
 20
159.392976
 30
0.0
 11
130.15168
 21
159.392976
 31
0.0
  0
ARC
  5
661
330
70
100
AcDbEntity
  8
Visible
100
AcDbCircle
 10
130.15168
 20
160.142976
 30
0.0
 40
0.7500000000000001
100
AcDbArc
 50
270.0
 51
0.0
  0
LINE
  5
662
330
70
100
AcDbEntity
  8
Visible
100
AcDbLine
 10
130.90168
 20
172.642976
 30
0.0
 11
130.90168
 21
160.142976
 31
0.0
  0
ARC
  5
663
330
70
100
AcDbEntity
  8
Visible
100
AcDbCircle
 10
130.15168
 20
172.642976
 30
0.0
 40
0.7500000000000001
100
AcDbArc
 50
0.0
 51
90.0
  0
LINE
  5
664
330
70
100
AcDbEntity
  8
Visible
100
AcDbLine
 10
212.90168
 20
173.392976
 30
0.0
 11
225.40168
 21
173.392976
 31
0.0
  0
ARC
  5
665
330
70
100
AcDbEntity
  8
Visible
100
AcDbCircle
 10
212.90168
 20
172.642976
 30
0.0
 40
0.7500000000000001
100
AcDbArc
 50
90.0
 51
180.0
  0
LINE
  5
666
330
70
100
AcDbEntity
  8
Visible
100
AcDbLine
 10
212.15168
 20
172.642976
 30
0.0
 11
212.15168
 21
160.142976
 31
0.0
  0
ARC
  5
667
330
70
100
AcDbEntity
  8
Visible
100
AcDbCircle
 10
212.90168
 20
160.142976
 30
0.0
 40
0.7500000000000001
100
AcDbArc
 50
180.0
 51
270.0
  0
LINE
  5
668
330
70
100
AcDbEntity
  8
Visible
100
AcDbLine
 10
212.90168
 20
159.392976
 30
0.0
 11
225.40168
 21
159.392976
 31
0.0
  0
ARC
  5
669
330
70
100
AcDbEntity
  8
Visible
100
AcDbCircle
 10
225.40168
 20
160.142976
 30
0.0
 40
0.7500000000000001
100
AcDbArc
 50
270.0
 51
0.0
  0
LINE
  5
66A
330
70
100
AcDbEntity
  8
Visible
100
AcDbLine
 10
226.15168
 20
172.642976
 30
0.0
 11
226.15168
 21
160.142976
 31
0.0
  0
ARC
  5
66B
330
70
100
AcDbEntity
  8
Visible
100
AcDbCircle
 10
225.40168
 20
172.642976
 30
0.0
 40
0.7500000000000001
100
AcDbArc
 50
0.0
 51
90.0
  0
ARC
  5
66C
330
70
100
AcDbEntity
  8
Visible
100
AcDbCircle
 10
58.12043
 20
153.592976
 30
0.0
 40
0.7500000000000001
100
AcDbArc
 50
90.0
 51
180.0
  0
LINE
  5
66D
330
70
100
AcDbEntity
  8
Visible
100
AcDbLine
 10
57.37043
 20
153.592976
 30
0.0
 11
57.37043
 21
143.898388
 31
0.0
  0
ARC
  5
66E
330
70
100
AcDbEntity
  8
Visible
100
AcDbCircle
 10
81.93293
 20
153.592976
 30
0.0
 40
0.7500000000000001
100
AcDbArc
 50
90.0
 51
180.0
  0
LINE
  5
66F
330
70
100
AcDbEntity
  8
Visible
100
AcDbLine
 10
251.00168
 20
173.392976
 30
0.0
 11
263.50168
 21
173.392976
 31
0.0
  0
ARC
  5
670
330
70
100
AcDbEntity
  8
Visible
100
AcDbCircle
 10
251.00168
 20
172.642976
 30
0.0
 40
0.7500000000000001
100
AcDbArc
 50
90.0
 51
180.0
  0
LINE
  5
671
330
70
100
AcDbEntity
  8
Visible
100
AcDbLine
 10
250.25168
 20
172.642976
 30
0.0
 11
250.25168
 21
160.142976
 31
0.0
  0
ARC
  5
672
330
70
100
AcDbEntity
  8
Visible
100
AcDbCircle
 10
251.00168
 20
160.142976
 30
0.0
 40
0.7500000000000001
100
AcDbArc
 50
180.0
 51
270.0
  0
LINE
  5
673
330
70
100
AcDbEntity
  8
Visible
100
AcDbLine
 10
251.00168
 20
159.392976
 30
0.0
 11
263.50168
 21
159.392976
 31
0.0
  0
ARC
  5
674
330
70
100
AcDbEntity
  8
Visible
100
AcDbCircle
 10
263.50168
 20
160.142976
 30
0.0
 40
0.7500000000000001
100
AcDbArc
 50
270.0
 51
0.0
  0
LINE
  5
675
330
70
100
AcDbEntity
  8
Visible
100
AcDbLine
 10
264.25168
 20
172.642976
 30
0.0
 11
264.25168
 21
160.142976
 31
0.0
  0
ARC
  5
676
330
70
100
AcDbEntity
  8
Visible
100
AcDbCircle
 10
263.50168
 20
172.642976
 30
0.0
 40
0.7500000000000001
100
AcDbArc
 50
0.0
 51
90.0
  0
LINE
  5
677
330
70
100
AcDbEntity
  8
Visible
100
AcDbLine
 10
320.45843
 20
158.892976
 30
0.0
 11
320.45843
 21
158.142976
 31
0.0
  0
ARC
  5
678
330
70
100
AcDbEntity
  8
Visible
100
AcDbCircle
 10
321.20843
 20
158.142976
 30
0.0
 40
0.7500000000000001
100
AcDbArc
 50
180.0
 51
270.0
  0
LINE
  5
679
330
70
100
AcDbEntity
  8
Visible
100
AcDbLine
 10
321.20843
 20
157.392976
 30
0.0
 11
326.70843
 21
157.392976
 31
0.0
  0
ARC
  5
67A
330
70
100
AcDbEntity
  8
Visible
100
AcDbCircle
 10
326.70843
 20
158.142976
 30
0.0
 40
0.7500000000000001
100
AcDbArc
 50
270.0
 51
0.0
  0
LINE
  5
67B
330
70
100
AcDbEntity
  8
Visible
100
AcDbLine
 10
327.45843
 20
158.892976
 30
0.0
 11
327.45843
 21
158.142976
 31
0.0
  0
ARC
  5
67C
330
70
100
AcDbEntity
  8
Visible
100
AcDbCircle
 10
297.33243
 20
158.142976
 30
0.0
 40
0.7500000000000001
100
AcDbArc
 50
180.0
 51
270.0
  0
LINE
  5
67D
330
70
100
AcDbEntity
  8
Visible
100
AcDbLine
 10
297.33243
 20
157.392976
 30
0.0
 11
302.83243
 21
157.392976
 31
0.0
  0
ARC
  5
67E
330
70
100
AcDbEntity
  8
Visible
100
AcDbCircle
 10
302.83243
 20
158.142976
 30
0.0
 40
0.7500000000000001
100
AcDbArc
 50
270.0
 51
0.0
  0
LINE
  5
67F
330
70
100
AcDbEntity
  8
Visible
100
AcDbLine
 10
303.58243
 20
158.892976
 30
0.0
 11
303.58243
 21
158.142976
 31
0.0
  0
LINE
  5
680
330
70
100
AcDbEntity
  8
Visible
100
AcDbLine
 10
365.30168
 20
173.392976
 30
0.0
 11
377.80168
 21
173.392976
 31
0.0
  0
ARC
  5
681
330
70
100
AcDbEntity
  8
Visible
100
AcDbCircle
 10
365.30168
 20
172.642976
 30
0.0
 40
0.7500000000000001
100
AcDbArc
 50
90.0
 51
180.0
  0
LINE
  5
682
330
70
100
AcDbEntity
  8
Visible
100
AcDbLine
 10
364.55168
 20
172.642976
 30
0.0
 11
364.55168
 21
160.142976
 31
0.0
  0
ARC
  5
683
330
70
100
AcDbEntity
  8
Visible
100
AcDbCircle
 10
365.30168
 20
160.142976
 30
0.0
 40
0.7500000000000001
100
AcDbArc
 50
180.0
 51
270.0
  0
LINE
  5
684
330
70
100
AcDbEntity
  8
Visible
100
AcDbLine
 10
365.30168
 20
159.392976
 30
0.0
 11
377.80168
 21
159.392976
 31
0.0
  0
ARC
  5
685
330
70
100
AcDbEntity
  8
Visible
100
AcDbCircle
 10
377.80168
 20
160.142976
 30
0.0
 40
0.7500000000000001
100
AcDbArc
 50
270.0
 51
0.0
  0
LINE
  5
686
330
70
100
AcDbEntity
  8
Visible
100
AcDbLine
 10
378.55168
 20
172.642976
 30
0.0
 11
378.55168
 21
160.142976
 31
0.0
  0
ARC
  5
687
330
70
100
AcDbEntity
  8
Visible
100
AcDbCircle
 10
377.80168
 20
172.642976
 30
0.0
 40
0.7500000000000001
100
AcDbArc
 50
0.0
 51
90.0
  0
LINE
  5
688
330
70
100
AcDbEntity
  8
Visible
100
AcDbLine
 10
270.05168
 20
173.392976
 30
0.0
 11
282.55168
 21
173.392976
 31
0.0
  0
ARC
  5
689
330
70
100
AcDbEntity
  8
Visible
100
AcDbCircle
 10
270.05168
 20
172.642976
 30
0.0
 40
0.7500000000000001
100
AcDbArc
 50
90.0
 51
180.0
  0
LINE
  5
68A
330
70
100
AcDbEntity
  8
Visible
100
AcDbLine
 10
269.30168
 20
172.642976
 30
0.0
 11
269.30168
 21
160.142976
 31
0.0
  0
ARC
  5
68B
330
70
100
AcDbEntity
  8
Visible
100
AcDbCircle
 10
270.05168
 20
160.142976
 30
0.0
 40
0.7500000000000001
100
AcDbArc
 50
180.0
 51
270.0
  0
LINE
  5
68C
330
70
100
AcDbEntity
  8
Visible
100
AcDbLine
 10
270.05168
 20
159.392976
 30
0.0
 11
282.55168
 21
159.392976
 31
0.0
  0
ARC
  5
68D
330
70
100
AcDbEntity
  8
Visible
100
AcDbCircle
 10
282.55168
 20
160.142976
 30
0.0
 40
0.7500000000000001
100
AcDbArc
 50
270.0
 51
0.0
  0
LINE
  5
68E
330
70
100
AcDbEntity
  8
Visible
100
AcDbLine
 10
283.30168
 20
172.642976
 30
0.0
 11
283.30168
 21
160.142976
 31
0.0
  0
ARC
  5
68F
330
70
100
AcDbEntity
  8
Visible
100
AcDbCircle
 10
282.55168
 20
172.642976
 30
0.0
 40
0.7500000000000001
100
AcDbArc
 50
0.0
 51
90.0
  0
ARC
  5
690
330
70
100
AcDbEntity
  8
Visible
100
AcDbCircle
 10
105.74543
 20
153.592976
 30
0.0
 40
0.7500000000000001
100
AcDbArc
 50
90.0
 51
180.0
  0
LINE
  5
691
330
70
100
AcDbEntity
  8
Visible
100
AcDbLine
 10
104.99543
 20
153.592976
 30
0.0
 11
104.99543
 21
141.093062
 31
0.0
  0
ARC
  5
692
330
70
100
AcDbEntity
  8
Visible
100
AcDbCircle
 10
105.74543
 20
141.093062
 30
0.0
 40
0.7500000000000001
100
AcDbArc
 50
180.0
 51
270.0
  0
ARC
  5
693
330
70
100
AcDbEntity
  8
Visible
100
AcDbCircle
 10
284.93293
 20
141.093062
 30
0.0
 40
0.7500000000000001
100
AcDbArc
 50
270.0
 51
0.0
  0
LINE
  5
694
330
70
100
AcDbEntity
  8
Visible
100
AcDbLine
 10
285.68293
 20
153.592976
 30
0.0
 11
285.68293
 21
141.093062
 31
0.0
  0
ARC
  5
695
330
70
100
AcDbEntity
  8
Visible
100
AcDbCircle
 10
284.93293
 20
153.592976
 30
0.0
 40
0.7500000000000001
100
AcDbArc
 50
0.0
 51
90.0
  0
ARC
  5
696
330
70
100
AcDbEntity
  8
Visible
100
AcDbCircle
 10
248.62043
 20
153.599868
 30
0.0
 40
0.7500000000000001
100
AcDbArc
 50
96.019438
 51
180.0
  0
LINE
  5
697
330
70
100
AcDbEntity
  8
Visible
100
AcDbLine
 10
247.87043
 20
153.599868
 30
0.0
 11
247.87043
 21
141.093062
 31
0.0
  0
ARC
  5
698
330
70
100
AcDbEntity
  8
Visible
100
AcDbCircle
 10
248.62043
 20
141.093062
 30
0.0
 40
0.7500000000000001
100
AcDbArc
 50
180.0
 51
270.0
  0
ARC
  5
699
330
70
100
AcDbEntity
  8
Visible
100
AcDbCircle
 10
261.12043
 20
141.093062
 30
0.0
 40
0.7500000000000001
100
AcDbArc
 50
270.0
 51
0.0
  0
LINE
  5
69A
330
70
100
AcDbEntity
  8
Visible
100
AcDbLine
 10
261.87043
 20
153.592976
 30
0.0
 11
261.87043
 21
141.093062
 31
0.0
  0
ARC
  5
69B
330
70
100
AcDbEntity
  8
Visible
100
AcDbCircle
 10
261.12043
 20
153.592976
 30
0.0
 40
0.7500000000000001
100
AcDbArc
 50
0.0
 51
90.0
  0
LINE
  5
69C
330
70
100
AcDbEntity
  8
Visible
100
AcDbLine
 10
309.49543
 20
153.592976
 30
0.0
 11
309.49543
 21
141.093062
 31
0.0
  0
ARC
  5
69D
330
70
100
AcDbEntity
  8
Visible
100
AcDbCircle
 10
308.74543
 20
153.592976
 30
0.0
 40
0.7500000000000001
100
AcDbArc
 50
0.0
 51
90.0
  0
ARC
  5
69E
330
70
100
AcDbEntity
  8
Visible
100
AcDbCircle
 10
177.18293
 20
153.592976
 30
0.0
 40
0.7500000000000001
100
AcDbArc
 50
90.0
 51
180.0
  0
LINE
  5
69F
330
70
100
AcDbEntity
  8
Visible
100
AcDbLine
 10
176.43293
 20
139.117976
 30
0.0
 11
176.43293
 21
153.592976
 31
0.0
  0
ARC
  5
6A0
330
70
100
AcDbEntity
  8
Visible
100
AcDbCircle
 10
332.55793
 20
141.093062
 30
0.0
 40
0.7500000000000001
100
AcDbArc
 50
270.0
 51
0.0
  0
LINE
  5
6A1
330
70
100
AcDbEntity
  8
Visible
100
AcDbLine
 10
333.30793
 20
153.592976
 30
0.0
 11
333.30793
 21
141.093062
 31
0.0
  0
ARC
  5
6A2
330
70
100
AcDbEntity
  8
Visible
100
AcDbCircle
 10
332.55793
 20
153.592976
 30
0.0
 40
0.7500000000000001
100
AcDbArc
 50
0.0
 51
90.0
  0
LINE
  5
6A3
330
70
100
AcDbEntity
  8
Visible
100
AcDbLine
 10
346.25168
 20
154.342976
 30
0.0
 11
358.75168
 21
154.342976
 31
0.0
  0
ARC
  5
6A4
330
70
100
AcDbEntity
  8
Visible
100
AcDbCircle
 10
346.25168
 20
153.592976
 30
0.0
 40
0.7500000000000001
100
AcDbArc
 50
90.0
 51
180.0
  0
LINE
  5
6A5
330
70
100
AcDbEntity
  8
Visible
100
AcDbLine
 10
345.50168
 20
153.592976
 30
0.0
 11
345.50168
 21
141.093062
 31
0.0
  0
ARC
  5
6A6
330
70
100
AcDbEntity
  8
Visible
100
AcDbCircle
 10
346.25168
 20
141.093062
 30
0.0
 40
0.7500000000000001
100
AcDbArc
 50
180.0
 51
270.0
  0
LINE
  5
6A7
330
70
100
AcDbEntity
  8
Visible
100
AcDbLine
 10
346.25168
 20
140.343062
 30
0.0
 11
358.75168
 21
140.343062
 31
0.0
  0
ARC
  5
6A8
330
70
100
AcDbEntity
  8
Visible
100
AcDbCircle
 10
358.75168
 20
141.093062
 30
0.0
 40
0.7500000000000001
100
AcDbArc
 50
270.0
 51
0.0
  0
LINE
  5
6A9
330
70
100
AcDbEntity
  8
Visible
100
AcDbLine
 10
359.50168
 20
153.592976
 30
0.0
 11
359.50168
 21
141.093062
 31
0.0
  0
ARC
  5
6AA
330
70
100
AcDbEntity
  8
Visible
100
AcDbCircle
 10
358.75168
 20
153.592976
 30
0.0
 40
0.7500000000000001
100
AcDbArc
 50
0.0
 51
90.0
  0
LINE
  5
6AB
330
70
100
AcDbEntity
  8
Visible
100
AcDbLine
 10
365.30168
 20
154.342976
 30
0.0
 11
377.80168
 21
154.342976
 31
0.0
  0
ARC
  5
6AC
330
70
100
AcDbEntity
  8
Visible
100
AcDbCircle
 10
365.30168
 20
153.592976
 30
0.0
 40
0.7500000000000001
100
AcDbArc
 50
90.0
 51
180.0
  0
LINE
  5
6AD
330
70
100
AcDbEntity
  8
Visible
100
AcDbLine
 10
364.55168
 20
153.592976
 30
0.0
 11
364.55168
 21
141.093062
 31
0.0
  0
ARC
  5
6AE
330
70
100
AcDbEntity
  8
Visible
100
AcDbCircle
 10
365.30168
 20
141.093062
 30
0.0
 40
0.7500000000000001
100
AcDbArc
 50
180.0
 51
270.0
  0
LINE
  5
6AF
330
70
100
AcDbEntity
  8
Visible
100
AcDbLine
 10
378.55168
 20
153.592976
 30
0.0
 11
378.55168
 21
143.432797
 31
0.0
  0
ARC
  5
6B0
330
70
100
AcDbEntity
  8
Visible
100
AcDbCircle
 10
377.80168
 20
153.592976
 30
0.0
 40
0.7500000000000001
100
AcDbArc
 50
0.0
 51
90.0
  0
LINE
  5
6B1
330
70
100
AcDbEntity
  8
Visible
100
AcDbLine
 10
384.35168
 20
154.342976
 30
0.0
 11
396.85168
 21
154.342976
 31
0.0
  0
ARC
  5
6B2
330
70
100
AcDbEntity
  8
Visible
100
AcDbCircle
 10
384.35168
 20
153.592976
 30
0.0
 40
0.7500000000000001
100
AcDbArc
 50
90.0
 51
180.0
  0
ARC
  5
6B3
330
70
100
AcDbEntity
  8
Visible
100
AcDbCircle
 10
396.85168
 20
141.093062
 30
0.0
 40
0.7500000000000001
100
AcDbArc
 50
270.0
 51
0.0
  0
LINE
  5
6B4
330
70
100
AcDbEntity
  8
Visible
100
AcDbLine
 10
397.60168
 20
153.592976
 30
0.0
 11
397.60168
 21
141.093062
 31
0.0
  0
ARC
  5
6B5
330
70
100
AcDbEntity
  8
Visible
100
AcDbCircle
 10
396.85168
 20
153.592976
 30
0.0
 40
0.7500000000000001
100
AcDbArc
 50
0.0
 51
90.0
  0
ARC
  5
6B6
330
70
100
AcDbEntity
  8
Visible
100
AcDbCircle
 10
-192.06418
 20
241.105562
 30
0.0
 40
0.7500000000000001
210
0.0
220
0.0
230
-1.0
100
AcDbArc
 50
180.0
 51
270.0
  0
LINE
  5
6B7
330
70
100
AcDbEntity
  8
Visible
100
AcDbLine
 10
192.06418
 20
240.355562
 30
0.0
 11
179.56418
 21
240.355562
 31
0.0
  0
ARC
  5
6B8
330
70
100
AcDbEntity
  8
Visible
100
AcDbCircle
 10
-179.56418
 20
241.105562
 30
0.0
 40
0.7500000000000001
210
0.0
220
0.0
230
-1.0
100
AcDbArc
 50
270.0
 51
0.0
  0
ARC
  5
6B9
330
70
100
AcDbEntity
  8
Visible
100
AcDbCircle
 10
-179.56418
 20
253.605562
 30
0.0
 40
0.7500000000000001
210
0.0
220
0.0
230
-1.0
100
AcDbArc
 50
0.0
 51
90.0
  0
LINE
  5
6BA
330
70
100
AcDbEntity
  8
Visible
100
AcDbLine
 10
178.81418
 20
241.105562
 30
0.0
 11
178.81418
 21
253.605562
 31
0.0
  0
ARC
  5
6BB
330
70
100
AcDbEntity
  8
Visible
100
AcDbCircle
 10
-277.78918
 20
241.105562
 30
0.0
 40
0.7500000000000001
210
0.0
220
0.0
230
-1.0
100
AcDbArc
 50
180.0
 51
270.0
  0
LINE
  5
6BC
330
70
100
AcDbEntity
  8
Visible
100
AcDbLine
 10
277.78918
 20
240.355562
 30
0.0
 11
265.28918
 21
240.355562
 31
0.0
  0
ARC
  5
6BD
330
70
100
AcDbEntity
  8
Visible
100
AcDbCircle
 10
-265.28918
 20
241.105562
 30
0.0
 40
0.7500000000000001
210
0.0
220
0.0
230
-1.0
100
AcDbArc
 50
270.0
 51
0.0
  0
LINE
  5
6BE
330
70
100
AcDbEntity
  8
Visible
100
AcDbLine
 10
278.53918
 20
251.265239
 30
0.0
 11
278.53918
 21
241.105562
 31
0.0
  0
ARC
  5
6BF
330
70
100
AcDbEntity
  8
Visible
100
AcDbCircle
 10
-265.28918
 20
253.605562
 30
0.0
 40
0.7500000000000001
210
0.0
220
0.0
230
-1.0
100
AcDbArc
 50
0.0
 51
90.0
  0
LINE
  5
6C0
330
70
100
AcDbEntity
  8
Visible
100
AcDbLine
 10
264.53918
 20
241.105562
 30
0.0
 11
264.53918
 21
253.605562
 31
0.0
  0
ARC
  5
6C1
330
70
100
AcDbEntity
  8
Visible
100
AcDbCircle
 10
-163.48918
 20
241.105562
 30
0.0
 40
0.7500000000000001
210
0.0
220
0.0
230
-1.0
100
AcDbArc
 50
180.0
 51
270.0
  0
LINE
  5
6C2
330
70
100
AcDbEntity
  8
Visible
100
AcDbLine
 10
163.48918
 20
240.355562
 30
0.0
 11
150.98918
 21
240.355562
 31
0.0
  0
ARC
  5
6C3
330
70
100
AcDbEntity
  8
Visible
100
AcDbCircle
 10
-150.98918
 20
241.105562
 30
0.0
 40
0.7500000000000001
210
0.0
220
0.0
230
-1.0
100
AcDbArc
 50
270.0
 51
0.0
  0
LINE
  5
6C4
330
70
100
AcDbEntity
  8
Visible
100
AcDbLine
 10
164.23918
 20
253.605562
 30
0.0
 11
164.23918
 21
241.105562
 31
0.0
  0
ARC
  5
6C5
330
70
100
AcDbEntity
  8
Visible
100
AcDbCircle
 10
-163.48918
 20
253.605562
 30
0.0
 40
0.7500000000000001
210
0.0
220
0.0
230
-1.0
100
AcDbArc
 50
90.0
 51
180.0
  0
LINE
  5
6C6
330
70
100
AcDbEntity
  8
Visible
100
AcDbLine
 10
150.98918
 20
254.355562
 30
0.0
 11
163.48918
 21
254.355562
 31
0.0
  0
ARC
  5
6C7
330
70
100
AcDbEntity
  8
Visible
100
AcDbCircle
 10
-150.98918
 20
253.605562
 30
0.0
 40
0.7500000000000001
210
0.0
220
0.0
230
-1.0
100
AcDbArc
 50
0.0
 51
90.0
  0
LINE
  5
6C8
330
70
100
AcDbEntity
  8
Visible
100
AcDbLine
 10
150.23918
 20
241.105562
 30
0.0
 11
150.23918
 21
253.605562
 31
0.0
  0
ARC
  5
6C9
330
70
100
AcDbEntity
  8
Visible
100
AcDbCircle
 10
-68.23918
 20
253.605562
 30
0.0
 40
0.7500000000000001
210
0.0
220
0.0
230
-1.0
100
AcDbArc
 50
90.0
 51
180.0
  0
LINE
  5
6CA
330
70
100
AcDbEntity
  8
Visible
100
AcDbLine
 10
68.98918
 20
253.605562
 30
0.0
 11
68.98918
 21
241.105562
 31
0.0
  0
ARC
  5
6CB
330
70
100
AcDbEntity
  8
Visible
100
AcDbCircle
 10
-68.23918
 20
241.105562
 30
0.0
 40
0.7500000000000001
210
0.0
220
0.0
230
-1.0
100
AcDbArc
 50
180.0
 51
270.0
  0
LINE
  5
6CC
330
70
100
AcDbEntity
  8
Visible
100
AcDbLine
 10
55.73918
 20
254.355562
 30
0.0
 11
68.23918
 21
254.355562
 31
0.0
  0
ARC
  5
6CD
330
70
100
AcDbEntity
  8
Visible
100
AcDbCircle
 10
-55.73918
 20
253.605562
 30
0.0
 40
0.7500000000000001
210
0.0
220
0.0
230
-1.0
100
AcDbArc
 50
0.0
 51
90.0
  0
LINE
  5
6CE
330
70
100
AcDbEntity
  8
Visible
100
AcDbLine
 10
54.98918
 20
241.105562
 30
0.0
 11
54.98918
 21
253.605562
 31
0.0
  0
ARC
  5
6CF
330
70
100
AcDbEntity
  8
Visible
100
AcDbCircle
 10
-55.73918
 20
241.105562
 30
0.0
 40
0.7500000000000001
210
0.0
220
0.0
230
-1.0
100
AcDbArc
 50
270.0
 51
0.0
  0
LINE
  5
6D0
330
70
100
AcDbEntity
  8
Visible
100
AcDbLine
 10
68.23918
 20
240.355562
 30
0.0
 11
55.73918
 21
240.355562
 31
0.0
  0
ARC
  5
6D1
330
70
100
AcDbEntity
  8
Visible
100
AcDbCircle
 10
-144.43918
 20
253.605562
 30
0.0
 40
0.7500000000000001
210
0.0
220
0.0
230
-1.0
100
AcDbArc
 50
90.0
 51
180.0
  0
LINE
  5
6D2
330
70
100
AcDbEntity
  8
Visible
100
AcDbLine
 10
145.18918
 20
253.605562
 30
0.0
 11
145.18918
 21
241.105562
 31
0.0
  0
ARC
  5
6D3
330
70
100
AcDbEntity
  8
Visible
100
AcDbCircle
 10
-144.43918
 20
241.105562
 30
0.0
 40
0.7500000000000001
210
0.0
220
0.0
230
-1.0
100
AcDbArc
 50
180.0
 51
270.0
  0
LINE
  5
6D4
330
70
100
AcDbEntity
  8
Visible
100
AcDbLine
 10
131.93918
 20
254.355562
 30
0.0
 11
144.43918
 21
254.355562
 31
0.0
  0
ARC
  5
6D5
330
70
100
AcDbEntity
  8
Visible
100
AcDbCircle
 10
-131.93918
 20
253.605562
 30
0.0
 40
0.7500000000000001
210
0.0
220
0.0
230
-1.0
100
AcDbArc
 50
0.0
 51
90.0
  0
LINE
  5
6D6
330
70
100
AcDbEntity
  8
Visible
100
AcDbLine
 10
131.18918
 20
241.105562
 30
0.0
 11
131.18918
 21
253.605562
 31
0.0
  0
ARC
  5
6D7
330
70
100
AcDbEntity
  8
Visible
100
AcDbCircle
 10
-131.93918
 20
241.105562
 30
0.0
 40
0.7500000000000001
210
0.0
220
0.0
230
-1.0
100
AcDbArc
 50
270.0
 51
0.0
  0
LINE
  5
6D8
330
70
100
AcDbEntity
  8
Visible
100
AcDbLine
 10
144.43918
 20
240.355562
 30
0.0
 11
131.93918
 21
240.355562
 31
0.0
  0
ARC
  5
6D9
330
70
100
AcDbEntity
  8
Visible
100
AcDbCircle
 10
-296.83918
 20
253.605562
 30
0.0
 40
0.7500000000000001
210
0.0
220
0.0
230
-1.0
100
AcDbArc
 50
90.0
 51
180.0
  0
LINE
  5
6DA
330
70
100
AcDbEntity
  8
Visible
100
AcDbLine
 10
297.58918
 20
253.605562
 30
0.0
 11
297.58918
 21
241.105562
 31
0.0
  0
ARC
  5
6DB
330
70
100
AcDbEntity
  8
Visible
100
AcDbCircle
 10
-296.83918
 20
241.105562
 30
0.0
 40
0.7500000000000001
210
0.0
220
0.0
230
-1.0
100
AcDbArc
 50
180.0
 51
270.0
  0
LINE
  5
6DC
330
70
100
AcDbEntity
  8
Visible
100
AcDbLine
 10
285.306856
 20
254.355562
 30
0.0
 11
296.83918
 21
254.355562
 31
0.0
  0
ARC
  5
6DD
330
70
100
AcDbEntity
  8
Visible
100
AcDbCircle
 10
-284.33918
 20
241.105562
 30
0.0
 40
0.7500000000000001
210
0.0
220
0.0
230
-1.0
100
AcDbArc
 50
270.0
 51
0.0
  0
LINE
  5
6DE
330
70
100
AcDbEntity
  8
Visible
100
AcDbLine
 10
296.83918
 20
240.355562
 30
0.0
 11
284.33918
 21
240.355562
 31
0.0
  0
ARC
  5
6DF
330
70
100
AcDbEntity
  8
Visible
100
AcDbCircle
 10
-211.11418
 20
253.605562
 30
0.0
 40
0.7500000000000001
210
0.0
220
0.0
230
-1.0
100
AcDbArc
 50
90.0
 51
180.0
  0
LINE
  5
6E0
330
70
100
AcDbEntity
  8
Visible
100
AcDbLine
 10
211.86418
 20
253.605562
 30
0.0
 11
211.86418
 21
241.105562
 31
0.0
  0
ARC
  5
6E1
330
70
100
AcDbEntity
  8
Visible
100
AcDbCircle
 10
-211.11418
 20
241.105562
 30
0.0
 40
0.7500000000000001
210
0.0
220
0.0
230
-1.0
100
AcDbArc
 50
180.0
 51
270.0
  0
ARC
  5
6E2
330
70
100
AcDbEntity
  8
Visible
100
AcDbCircle
 10
-198.61418
 20
241.105562
 30
0.0
 40
0.7500000000000001
210
0.0
220
0.0
230
-1.0
100
AcDbArc
 50
270.0
 51
0.0
  0
LINE
  5
6E3
330
70
100
AcDbEntity
  8
Visible
100
AcDbLine
 10
211.11418
 20
240.355562
 30
0.0
 11
198.61418
 21
240.355562
 31
0.0
  0
ARC
  5
6E4
330
70
100
AcDbEntity
  8
Visible
100
AcDbCircle
 10
-249.21418
 20
241.105562
 30
0.0
 40
0.7500000000000001
210
0.0
220
0.0
230
-1.0
100
AcDbArc
 50
180.0
 51
270.0
  0
LINE
  5
6E5
330
70
100
AcDbEntity
  8
Visible
100
AcDbLine
 10
249.21418
 20
240.355562
 30
0.0
 11
236.71418
 21
240.355562
 31
0.0
  0
ARC
  5
6E6
330
70
100
AcDbEntity
  8
Visible
100
AcDbCircle
 10
-236.71418
 20
241.105562
 30
0.0
 40
0.7500000000000001
210
0.0
220
0.0
230
-1.0
100
AcDbArc
 50
270.0
 51
0.0
  0
LINE
  5
6E7
330
70
100
AcDbEntity
  8
Visible
100
AcDbLine
 10
249.96418
 20
253.605562
 30
0.0
 11
249.96418
 21
241.105562
 31
0.0
  0
ARC
  5
6E8
330
70
100
AcDbEntity
  8
Visible
100
AcDbCircle
 10
-249.21418
 20
253.605562
 30
0.0
 40
0.7500000000000001
210
0.0
220
0.0
230
-1.0
100
AcDbArc
 50
90.0
 51
180.0
  0
LINE
  5
6E9
330
70
100
AcDbEntity
  8
Visible
100
AcDbLine
 10
236.71418
 20
254.355562
 30
0.0
 11
249.21418
 21
254.355562
 31
0.0
  0
ARC
  5
6EA
330
70
100
AcDbEntity
  8
Visible
100
AcDbCircle
 10
-236.71418
 20
253.605562
 30
0.0
 40
0.7500000000000001
210
0.0
220
0.0
230
-1.0
100
AcDbArc
 50
0.0
 51
90.0
  0
LINE
  5
6EB
330
70
100
AcDbEntity
  8
Visible
100
AcDbLine
 10
235.96418
 20
241.105562
 30
0.0
 11
235.96418
 21
253.605562
 31
0.0
  0
ARC
  5
6EC
330
70
100
AcDbEntity
  8
Visible
100
AcDbCircle
 10
-334.93918
 20
241.105562
 30
0.0
 40
0.7500000000000001
210
0.0
220
0.0
230
-1.0
100
AcDbArc
 50
180.0
 51
270.0
  0
LINE
  5
6ED
330
70
100
AcDbEntity
  8
Visible
100
AcDbLine
 10
334.93918
 20
240.355562
 30
0.0
 11
322.43918
 21
240.355562
 31
0.0
  0
ARC
  5
6EE
330
70
100
AcDbEntity
  8
Visible
100
AcDbCircle
 10
-322.43918
 20
241.105562
 30
0.0
 40
0.7500000000000001
210
0.0
220
0.0
230
-1.0
100
AcDbArc
 50
270.0
 51
0.0
  0
LINE
  5
6EF
330
70
100
AcDbEntity
  8
Visible
100
AcDbLine
 10
335.68918
 20
253.605562
 30
0.0
 11
335.68918
 21
241.105562
 31
0.0
  0
ARC
  5
6F0
330
70
100
AcDbEntity
  8
Visible
100
AcDbCircle
 10
-334.93918
 20
253.605562
 30
0.0
 40
0.7500000000000001
210
0.0
220
0.0
230
-1.0
100
AcDbArc
 50
90.0
 51
180.0
  0
LINE
  5
6F1
330
70
100
AcDbEntity
  8
Visible
100
AcDbLine
 10
322.43918
 20
254.355562
 30
0.0
 11
334.93918
 21
254.355562
 31
0.0
  0
ARC
  5
6F2
330
70
100
AcDbEntity
  8
Visible
100
AcDbCircle
 10
-322.43918
 20
253.605562
 30
0.0
 40
0.7500000000000001
210
0.0
220
0.0
230
-1.0
100
AcDbArc
 50
0.0
 51
90.0
  0
LINE
  5
6F3
330
70
100
AcDbEntity
  8
Visible
100
AcDbLine
 10
321.68918
 20
241.105562
 30
0.0
 11
321.68918
 21
253.605562
 31
0.0
  0
LINE
  5
6F4
330
70
100
AcDbEntity
  8
Visible
100
AcDbLine
 10
107.08918
 20
251.265236
 30
0.0
 11
107.08918
 21
241.105562
 31
0.0
  0
ARC
  5
6F5
330
70
100
AcDbEntity
  8
Visible
100
AcDbCircle
 10
-106.33918
 20
241.105562
 30
0.0
 40
0.7500000000000001
210
0.0
220
0.0
230
-1.0
100
AcDbArc
 50
180.0
 51
270.0
  0
ARC
  5
6F6
330
70
100
AcDbEntity
  8
Visible
100
AcDbCircle
 10
-93.83918
 20
253.605562
 30
0.0
 40
0.7500000000000001
210
0.0
220
0.0
230
-1.0
100
AcDbArc
 50
0.0
 51
90.0
  0
LINE
  5
6F7
330
70
100
AcDbEntity
  8
Visible
100
AcDbLine
 10
93.08918
 20
241.105562
 30
0.0
 11
93.08918
 21
253.605562
 31
0.0
  0
ARC
  5
6F8
330
70
100
AcDbEntity
  8
Visible
100
AcDbCircle
 10
-93.83918
 20
241.105562
 30
0.0
 40
0.7500000000000001
210
0.0
220
0.0
230
-1.0
100
AcDbArc
 50
270.0
 51
0.0
  0
LINE
  5
6F9
330
70
100
AcDbEntity
  8
Visible
100
AcDbLine
 10
106.33918
 20
240.355562
 30
0.0
 11
93.83918
 21
240.355562
 31
0.0
  0
ARC
  5
6FA
330
70
100
AcDbEntity
  8
Visible
100
AcDbCircle
 10
-125.38918
 20
241.105562
 30
0.0
 40
0.7500000000000001
210
0.0
220
0.0
230
-1.0
100
AcDbArc
 50
180.0
 51
270.0
  0
LINE
  5
6FB
330
70
100
AcDbEntity
  8
Visible
100
AcDbLine
 10
125.38918
 20
240.355562
 30
0.0
 11
112.88918
 21
240.355562
 31
0.0
  0
ARC
  5
6FC
330
70
100
AcDbEntity
  8
Visible
100
AcDbCircle
 10
-112.88918
 20
241.105562
 30
0.0
 40
0.7500000000000001
210
0.0
220
0.0
230
-1.0
100
AcDbArc
 50
270.0
 51
0.0
  0
LINE
  5
6FD
330
70
100
AcDbEntity
  8
Visible
100
AcDbLine
 10
126.13918
 20
253.605562
 30
0.0
 11
126.13918
 21
241.105562
 31
0.0
  0
ARC
  5
6FE
330
70
100
AcDbEntity
  8
Visible
100
AcDbCircle
 10
-125.38918
 20
253.605562
 30
0.0
 40
0.7500000000000001
210
0.0
220
0.0
230
-1.0
100
AcDbArc
 50
90.0
 51
180.0
  0
ARC
  5
6FF
330
70
100
AcDbEntity
  8
Visible
100
AcDbCircle
 10
-315.88918
 20
241.105562
 30
0.0
 40
0.7500000000000001
210
0.0
220
0.0
230
-1.0
100
AcDbArc
 50
180.0
 51
270.0
  0
LINE
  5
700
330
70
100
AcDbEntity
  8
Visible
100
AcDbLine
 10
315.88918
 20
240.355562
 30
0.0
 11
303.38918
 21
240.355562
 31
0.0
  0
ARC
  5
701
330
70
100
AcDbEntity
  8
Visible
100
AcDbCircle
 10
-303.38918
 20
241.105562
 30
0.0
 40
0.7500000000000001
210
0.0
220
0.0
230
-1.0
100
AcDbArc
 50
270.0
 51
0.0
  0
LINE
  5
702
330
70
100
AcDbEntity
  8
Visible
100
AcDbLine
 10
316.63918
 20
253.605562
 30
0.0
 11
316.63918
 21
241.105562
 31
0.0
  0
ARC
  5
703
330
70
100
AcDbEntity
  8
Visible
100
AcDbCircle
 10
-315.88918
 20
253.605562
 30
0.0
 40
0.7500000000000001
210
0.0
220
0.0
230
-1.0
100
AcDbArc
 50
90.0
 51
180.0
  0
LINE
  5
704
330
70
100
AcDbEntity
  8
Visible
100
AcDbLine
 10
303.38918
 20
254.355562
 30
0.0
 11
315.88918
 21
254.355562
 31
0.0
  0
ARC
  5
705
330
70
100
AcDbEntity
  8
Visible
100
AcDbCircle
 10
-303.38918
 20
253.605562
 30
0.0
 40
0.7500000000000001
210
0.0
220
0.0
230
-1.0
100
AcDbArc
 50
0.0
 51
90.0
  0
LINE
  5
706
330
70
100
AcDbEntity
  8
Visible
100
AcDbLine
 10
302.63918
 20
241.105562
 30
0.0
 11
302.63918
 21
253.605562
 31
0.0
  0
ARC
  5
707
330
70
100
AcDbEntity
  8
Visible
100
AcDbCircle
 10
-230.16418
 20
253.605562
 30
0.0
 40
0.7500000000000001
210
0.0
220
0.0
230
-1.0
100
AcDbArc
 50
90.0
 51
180.0
  0
LINE
  5
708
330
70
100
AcDbEntity
  8
Visible
100
AcDbLine
 10
230.91418
 20
253.605562
 30
0.0
 11
230.91418
 21
241.105562
 31
0.0
  0
ARC
  5
709
330
70
100
AcDbEntity
  8
Visible
100
AcDbCircle
 10
-230.16418
 20
241.105562
 30
0.0
 40
0.7500000000000001
210
0.0
220
0.0
230
-1.0
100
AcDbArc
 50
180.0
 51
270.0
  0
LINE
  5
70A
330
70
100
AcDbEntity
  8
Visible
100
AcDbLine
 10
217.66418
 20
254.355562
 30
0.0
 11
230.16418
 21
254.355562
 31
0.0
  0
ARC
  5
70B
330
70
100
AcDbEntity
  8
Visible
100
AcDbCircle
 10
-217.66418
 20
253.605562
 30
0.0
 40
0.7500000000000001
210
0.0
220
0.0
230
-1.0
100
AcDbArc
 50
0.0
 51
90.0
  0
LINE
  5
70C
330
70
100
AcDbEntity
  8
Visible
100
AcDbLine
 10
216.91418
 20
241.105562
 30
0.0
 11
216.91418
 21
253.605562
 31
0.0
  0
ARC
  5
70D
330
70
100
AcDbEntity
  8
Visible
100
AcDbCircle
 10
-217.66418
 20
241.105562
 30
0.0
 40
0.7500000000000001
210
0.0
220
0.0
230
-1.0
100
AcDbArc
 50
270.0
 51
0.0
  0
LINE
  5
70E
330
70
100
AcDbEntity
  8
Visible
100
AcDbLine
 10
230.16418
 20
240.355562
 30
0.0
 11
217.66418
 21
240.355562
 31
0.0
  0
LINE
  5
70F
330
70
100
AcDbEntity
  8
Visible
100
AcDbLine
 10
399.82668
 20
255.580476
 30
0.0
 11
399.82668
 21
139.117976
 31
0.0
  0
ARC
  5
710
330
70
100
AcDbEntity
  8
Visible
100
AcDbCircle
 10
-398.82668
 20
255.580476
 30
0.0
 40
1.0
210
0.0
220
0.0
230
-1.0
100
AcDbArc
 50
90.0
 51
180.0
  0
ARC
  5
711
330
70
100
AcDbEntity
  8
Visible
100
AcDbCircle
 10
-398.82668
 20
139.117976
 30
0.0
 40
1.0
210
0.0
220
0.0
230
-1.0
100
AcDbArc
 50
180.0
 51
270.0
  0
LINE
  5
712
330
70
100
AcDbEntity
  8
Visible
100
AcDbLine
 10
52.76418
 20
255.580476
 30
0.0
 11
52.76418
 21
143.898388
 31
0.0
  0
ARC
  5
713
330
70
100
AcDbEntity
  8
Visible
100
AcDbCircle
 10
53.76418
 20
255.580476
 30
0.0
 40
1.0
100
AcDbArc
 50
90.0
 51
180.0
  0
LINE
  5
714
330
70
100
AcDbEntity
  8
Visible
100
AcDbLine
 10
385.326179
 20
138.117976
 30
0.0
 11
398.82668
 21
138.117976
 31
0.0
  0
LINE
  5
715
330
70
100
AcDbEntity
  8
Visible
100
AcDbLine
 10
325.22093
 20
177.942976
 30
0.0
 11
325.22093
 21
177.192976
 31
0.0
  0
LINE
  5
716
330
70
100
AcDbEntity
  8
Visible
100
AcDbLine
 10
177.18293
 20
154.342976
 30
0.0
 11
201.58918
 21
154.342976
 31
0.0
  0
LINE
  5
717
330
70
100
AcDbEntity
  8
Visible
100
AcDbLine
 10
81.93293
 20
154.342976
 30
0.0
 11
96.81418
 21
154.342976
 31
0.0
  0
LINE
  5
718
330
70
100
AcDbEntity
  8
Visible
100
AcDbLine
 10
58.12043
 20
154.342976
 30
0.0
 11
73.00168
 21
154.342976
 31
0.0
  0
LINE
  5
719
330
70
100
AcDbEntity
  8
Visible
100
AcDbLine
 10
248.62043
 20
140.343062
 30
0.0
 11
261.12043
 21
140.343062
 31
0.0
  0
LINE
  5
71A
330
70
100
AcDbEntity
  8
Visible
100
AcDbLine
 10
301.34493
 20
177.942976
 30
0.0
 11
301.34493
 21
177.192976
 31
0.0
  0
LINE
  5
71B
330
70
100
AcDbEntity
  8
Visible
100
AcDbLine
 10
82.33343
 20
159.392976
 30
0.0
 11
82.33343
 21
158.142976
 31
0.0
  0
LINE
  5
71C
330
70
100
AcDbEntity
  8
Visible
100
AcDbLine
 10
58.45743
 20
159.392976
 30
0.0
 11
58.45743
 21
158.142976
 31
0.0
  0
LINE
  5
71D
330
70
100
AcDbEntity
  8
Visible
100
AcDbLine
 10
105.74543
 20
154.342976
 30
0.0
 11
120.62668
 21
154.342976
 31
0.0
  0
LINE
  5
71E
330
70
100
AcDbEntity
  8
Visible
100
AcDbLine
 10
296.58243
 20
158.892976
 30
0.0
 11
296.58243
 21
158.142976
 31
0.0
  0
ARC
  5
71F
330
70
100
AcDbEntity
  8
Visible
100
AcDbCircle
 10
-303.38918
 20
229.792976
 30
0.0
 40
0.7500000000000001
210
0.0
220
0.0
230
-1.0
100
AcDbArc
 50
0.0
 51
90.0
  0
LINE
  5
720
330
70
100
AcDbEntity
  8
Visible
100
AcDbLine
 10
303.38918
 20
230.542976
 30
0.0
 11
334.93918
 21
230.542976
 31
0.0
  0
LINE
  5
721
330
70
100
AcDbEntity
  8
Visible
100
AcDbLine
 10
327.10218
 20
216.542976
 30
0.0
 11
311.22618
 21
216.542976
 31
0.0
  0
LINE
  5
722
330
70
100
AcDbEntity
  8
Visible
100
AcDbLine
 10
302.63918
 20
215.292976
 30
0.0
 11
302.63918
 21
229.792976
 31
0.0
  0
ARC
  5
723
330
70
100
AcDbEntity
  8
Visible
100
AcDbCircle
 10
-317.67668
 20
153.592976
 30
0.0
 40
0.7500000000000001
210
0.0
220
0.0
230
-1.0
100
AcDbArc
 50
0.0
 51
90.0
  0
LINE
  5
724
330
70
100
AcDbEntity
  8
Visible
100
AcDbLine
 10
317.67668
 20
154.342976
 30
0.0
 11
332.55793
 21
154.342976
 31
0.0
  0
ARC
  5
725
330
70
100
AcDbEntity
  8
Visible
100
AcDbCircle
 10
-201.58918
 20
153.592976
 30
0.0
 40
0.7500000000000001
210
0.0
220
0.0
230
-1.0
100
AcDbArc
 50
90.0
 51
180.0
  0
ARC
  5
726
330
70
100
AcDbEntity
  8
Visible
100
AcDbCircle
 10
-96.81418
 20
153.592976
 30
0.0
 40
0.7500000000000001
210
0.0
220
0.0
230
-1.0
100
AcDbArc
 50
90.0
 51
180.0
  0
LINE
  5
727
330
70
100
AcDbEntity
  8
Visible
100
AcDbLine
 10
97.56418
 20
153.592976
 30
0.0
 11
97.56418
 21
141.093062
 31
0.0
  0
ARC
  5
728
330
70
100
AcDbEntity
  8
Visible
100
AcDbCircle
 10
-96.81418
 20
141.093062
 30
0.0
 40
0.7500000000000001
210
0.0
220
0.0
230
-1.0
100
AcDbArc
 50
180.0
 51
270.0
  0
ARC
  5
729
330
70
100
AcDbEntity
  8
Visible
100
AcDbCircle
 10
-58.12043
 20
191.693062
 30
0.0
 40
0.7500000000000001
210
0.0
220
0.0
230
-1.0
100
AcDbArc
 50
0.0
 51
90.0
  0
LINE
  5
72A
330
70
100
AcDbEntity
  8
Visible
100
AcDbLine
 10
58.12043
 20
192.443062
 30
0.0
 11
75.38293
 21
192.443062
 31
0.0
  0
ARC
  5
72B
330
70
100
AcDbEntity
  8
Visible
100
AcDbCircle
 10
-58.12043
 20
179.192976
 30
0.0
 40
0.7500000000000001
210
0.0
220
0.0
230
-1.0
100
AcDbArc
 50
270.0
 51
0.0
  0
LINE
  5
72C
330
70
100
AcDbEntity
  8
Visible
100
AcDbLine
 10
57.37043
 20
179.192976
 30
0.0
 11
57.37043
 21
191.693062
 31
0.0
  0
LINE
  5
72D
330
70
100
AcDbEntity
  8
Visible
100
AcDbLine
 10
75.38293
 20
178.442976
 30
0.0
 11
58.12043
 21
178.442976
 31
0.0
  0
ARC
  5
72E
330
70
100
AcDbEntity
  8
Visible
100
AcDbCircle
 10
-73.00168
 20
153.592976
 30
0.0
 40
0.7500000000000001
210
0.0
220
0.0
230
-1.0
100
AcDbArc
 50
90.0
 51
180.0
  0
LINE
  5
72F
330
70
100
AcDbEntity
  8
Visible
100
AcDbLine
 10
73.75168
 20
153.592976
 30
0.0
 11
73.75168
 21
141.093062
 31
0.0
  0
LINE
  5
730
330
70
100
AcDbEntity
  8
Visible
100
AcDbLine
 10
296.24543
 20
173.392976
 30
0.0
 11
334.93918
 21
173.392976
 31
0.0
  0
ARC
  5
731
330
70
100
AcDbEntity
  8
Visible
100
AcDbCircle
 10
-334.93918
 20
172.642976
 30
0.0
 40
0.7500000000000001
210
0.0
220
0.0
230
-1.0
100
AcDbArc
 50
90.0
 51
180.0
  0
LINE
  5
732
330
70
100
AcDbEntity
  8
Visible
100
AcDbLine
 10
335.68918
 20
172.642976
 30
0.0
 11
335.68918
 21
160.142976
 31
0.0
  0
ARC
  5
733
330
70
100
AcDbEntity
  8
Visible
100
AcDbCircle
 10
-334.93918
 20
160.142976
 30
0.0
 40
0.7500000000000001
210
0.0
220
0.0
230
-1.0
100
AcDbArc
 50
180.0
 51
270.0
  0
ARC
  5
734
330
70
100
AcDbEntity
  8
Visible
100
AcDbCircle
 10
-334.93918
 20
229.792976
 30
0.0
 40
0.7500000000000001
210
0.0
220
0.0
230
-1.0
100
AcDbArc
 50
90.0
 51
180.0
  0
LINE
  5
735
330
70
100
AcDbEntity
  8
Visible
100
AcDbLine
 10
297.87668
 20
179.192976
 30
0.0
 11
297.87668
 21
191.693062
 31
0.0
  0
ARC
  5
736
330
70
100
AcDbEntity
  8
Visible
100
AcDbCircle
 10
-298.62668
 20
191.693062
 30
0.0
 40
0.7500000000000001
210
0.0
220
0.0
230
-1.0
100
AcDbArc
 50
0.0
 51
90.0
  0
LINE
  5
737
330
70
100
AcDbEntity
  8
Visible
100
AcDbLine
 10
298.62668
 20
192.443062
 30
0.0
 11
316.42668
 21
192.443062
 31
0.0
  0
ARC
  5
738
330
70
100
AcDbEntity
  8
Visible
100
AcDbCircle
 10
-298.62668
 20
179.192976
 30
0.0
 40
0.7500000000000001
210
0.0
220
0.0
230
-1.0
100
AcDbArc
 50
270.0
 51
0.0
  0
ARC
  5
739
330
70
100
AcDbEntity
  8
Visible
100
AcDbCircle
 10
-293.86418
 20
153.592976
 30
0.0
 40
0.7500000000000001
210
0.0
220
0.0
230
-1.0
100
AcDbArc
 50
0.0
 51
90.0
  0
LINE
  5
73A
330
70
100
AcDbEntity
  8
Visible
100
AcDbLine
 10
293.86418
 20
154.342976
 30
0.0
 11
308.74543
 21
154.342976
 31
0.0
  0
ARC
  5
73B
330
70
100
AcDbEntity
  8
Visible
100
AcDbCircle
 10
-293.86418
 20
141.093062
 30
0.0
 40
0.7500000000000001
210
0.0
220
0.0
230
-1.0
100
AcDbArc
 50
270.0
 51
0.0
  0
LINE
  5
73C
330
70
100
AcDbEntity
  8
Visible
100
AcDbLine
 10
293.11418
 20
141.093062
 30
0.0
 11
293.11418
 21
153.592976
 31
0.0
  0
LINE
  5
73D
330
70
100
AcDbEntity
  8
Visible
100
AcDbLine
 10
58.12043
 20
173.392976
 30
0.0
 11
92.05168
 21
173.392976
 31
0.0
  0
ARC
  5
73E
330
70
100
AcDbEntity
  8
Visible
100
AcDbCircle
 10
-92.05168
 20
172.642976
 30
0.0
 40
0.7500000000000001
210
0.0
220
0.0
230
-1.0
100
AcDbArc
 50
90.0
 51
180.0
  0
LINE
  5
73F
330
70
100
AcDbEntity
  8
Visible
100
AcDbLine
 10
92.80168
 20
172.642976
 30
0.0
 11
92.80168
 21
160.142976
 31
0.0
  0
ARC
  5
740
330
70
100
AcDbEntity
  8
Visible
100
AcDbCircle
 10
-92.05168
 20
160.142976
 30
0.0
 40
0.7500000000000001
210
0.0
220
0.0
230
-1.0
100
AcDbArc
 50
180.0
 51
270.0
  0
LINE
  5
741
330
70
100
AcDbEntity
  8
Visible
100
AcDbLine
 10
92.05168
 20
159.392976
 30
0.0
 11
89.33343
 21
159.392976
 31
0.0
  0
LINE
  5
742
330
70
100
AcDbEntity
  8
Visible
100
AcDbLine
 10
82.33343
 20
159.392976
 30
0.0
 11
65.45743
 21
159.392976
 31
0.0
  0
ARC
  5
743
330
70
100
AcDbEntity
  8
Visible
100
AcDbCircle
 10
-58.12043
 20
172.642976
 30
0.0
 40
0.7500000000000001
210
0.0
220
0.0
230
-1.0
100
AcDbArc
 50
0.0
 51
90.0
  0
ARC
  5
744
330
70
100
AcDbEntity
  8
Visible
100
AcDbCircle
 10
-58.12043
 20
160.142976
 30
0.0
 40
0.7500000000000001
210
0.0
220
0.0
230
-1.0
100
AcDbArc
 50
270.0
 51
0.0
  0
LINE
  5
745
330
70
100
AcDbEntity
  8
Visible
100
AcDbLine
 10
57.37043
 20
160.142976
 30
0.0
 11
57.37043
 21
172.642976
 31
0.0
  0
LINE
  5
746
330
70
100
AcDbEntity
  8
Visible
100
AcDbLine
 10
58.45743
 20
159.392976
 30
0.0
 11
58.12043
 21
159.392976
 31
0.0
  0
ARC
  5
747
330
70
100
AcDbEntity
  8
Visible
100
AcDbCircle
 10
-120.62668
 20
153.592976
 30
0.0
 40
0.7500000000000001
210
0.0
220
0.0
230
-1.0
100
AcDbArc
 50
90.0
 51
180.0
  0
LINE
  5
748
330
70
100
AcDbEntity
  8
Visible
100
AcDbLine
 10
121.37668
 20
153.592976
 30
0.0
 11
121.37668
 21
141.093062
 31
0.0
  0
ARC
  5
749
330
70
100
AcDbEntity
  8
Visible
100
AcDbCircle
 10
-120.62668
 20
141.093062
 30
0.0
 40
0.7500000000000001
210
0.0
220
0.0
230
-1.0
100
AcDbArc
 50
180.0
 51
270.0
  0
LINE
  5
74A
330
70
100
AcDbEntity
  8
Visible
100
AcDbLine
 10
120.62668
 20
140.343062
 30
0.0
 11
105.74543
 21
140.343062
 31
0.0
  0
LINE
  5
74B
330
70
100
AcDbEntity
  8
Visible
100
AcDbLine
 10
269.30168
 20
141.093062
 30
0.0
 11
269.30168
 21
153.592976
 31
0.0
  0
ARC
  5
74C
330
70
100
AcDbEntity
  8
Visible
100
AcDbCircle
 10
-270.05168
 20
153.592976
 30
0.0
 40
0.7500000000000001
210
0.0
220
0.0
230
-1.0
100
AcDbArc
 50
0.0
 51
90.0
  0
LINE
  5
74D
330
70
100
AcDbEntity
  8
Visible
100
AcDbLine
 10
270.05168
 20
154.342976
 30
0.0
 11
284.93293
 21
154.342976
 31
0.0
  0
ARC
  5
74E
330
70
100
AcDbEntity
  8
Visible
100
AcDbCircle
 10
-270.05168
 20
141.093062
 30
0.0
 40
0.7500000000000001
210
0.0
220
0.0
230
-1.0
100
AcDbArc
 50
270.0
 51
0.0
  0
LINE
  5
74F
330
70
100
AcDbEntity
  8
Visible
100
AcDbLine
 10
284.93293
 20
140.343062
 30
0.0
 11
270.05168
 21
140.343062
 31
0.0
  0
ARC
  5
750
330
70
100
AcDbEntity
  8
Visible
100
AcDbCircle
 10
-296.24543
 20
172.642976
 30
0.0
 40
0.7500000000000001
210
0.0
220
0.0
230
-1.0
100
AcDbArc
 50
0.0
 51
90.0
  0
ARC
  5
751
330
70
100
AcDbEntity
  8
Visible
100
AcDbCircle
 10
-296.24543
 20
160.132303
 30
0.0
 40
0.7500000000000001
210
0.0
220
0.0
230
-1.0
100
AcDbArc
 50
277.492707
 51
0.0
  0
LINE
  5
752
330
70
100
AcDbEntity
  8
Visible
100
AcDbLine
 10
295.49543
 20
160.132303
 30
0.0
 11
295.49543
 21
172.642976
 31
0.0
  0
LINE
  5
753
330
70
100
AcDbEntity
  8
Visible
100
AcDbLine
 10
54.98918
 20
235.067976
 30
0.0
 11
54.98918
 21
235.830476
 31
0.0
  0
ARC
  5
754
330
70
100
AcDbEntity
  8
Visible
100
AcDbCircle
 10
56.48918
 20
235.830476
 30
0.0
 40
1.5
100
AcDbArc
 50
90.0
 51
180.0
  0
LINE
  5
755
330
70
100
AcDbEntity
  8
Visible
100
AcDbLine
 10
67.48918
 20
233.567976
 30
0.0
 11
56.48918
 21
233.567976
 31
0.0
  0
ARC
  5
756
330
70
100
AcDbEntity
  8
Visible
100
AcDbCircle
 10
56.48918
 20
235.067976
 30
0.0
 40
1.5
100
AcDbArc
 50
180.0
 51
270.0
  0
LINE
  5
757
330
70
100
AcDbEntity
  8
Visible
100
AcDbLine
 10
56.48918
 20
237.330476
 30
0.0
 11
67.48918
 21
237.330476
 31
0.0
  0
ARC
  5
758
330
70
100
AcDbEntity
  8
Visible
100
AcDbCircle
 10
67.48918
 20
235.830476
 30
0.0
 40
1.5
100
AcDbArc
 50
0.0
 51
90.0
  0
LINE
  5
759
330
70
100
AcDbEntity
  8
Visible
100
AcDbLine
 10
68.98918
 20
235.830476
 30
0.0
 11
68.98918
 21
235.067976
 31
0.0
  0
ARC
  5
75A
330
70
100
AcDbEntity
  8
Visible
100
AcDbCircle
 10
67.48918
 20
235.067976
 30
0.0
 40
1.5
100
AcDbArc
 50
270.0
 51
0.0
  0
LINE
  5
75B
330
70
100
AcDbEntity
  8
Visible
100
AcDbLine
 10
93.08918
 20
235.067976
 30
0.0
 11
93.08918
 21
235.830476
 31
0.0
  0
ARC
  5
75C
330
70
100
AcDbEntity
  8
Visible
100
AcDbCircle
 10
94.58918
 20
235.830476
 30
0.0
 40
1.5
100
AcDbArc
 50
90.0
 51
180.0
  0
LINE
  5
75D
330
70
100
AcDbEntity
  8
Visible
100
AcDbLine
 10
162.73918
 20
233.567976
 30
0.0
 11
94.58918
 21
233.567976
 31
0.0
  0
ARC
  5
75E
330
70
100
AcDbEntity
  8
Visible
100
AcDbCircle
 10
94.58918
 20
235.067976
 30
0.0
 40
1.5
100
AcDbArc
 50
180.0
 51
270.0
  0
LINE
  5
75F
330
70
100
AcDbEntity
  8
Visible
100
AcDbLine
 10
94.58918
 20
237.330476
 30
0.0
 11
162.73918
 21
237.330476
 31
0.0
  0
ARC
  5
760
330
70
100
AcDbEntity
  8
Visible
100
AcDbCircle
 10
162.73918
 20
235.830476
 30
0.0
 40
1.5
100
AcDbArc
 50
0.0
 51
90.0
  0
LINE
  5
761
330
70
100
AcDbEntity
  8
Visible
100
AcDbLine
 10
164.23918
 20
235.830476
 30
0.0
 11
164.23918
 21
235.067976
 31
0.0
  0
ARC
  5
762
330
70
100
AcDbEntity
  8
Visible
100
AcDbCircle
 10
162.73918
 20
235.067976
 30
0.0
 40
1.5
100
AcDbArc
 50
270.0
 51
0.0
  0
LINE
  5
763
330
70
100
AcDbEntity
  8
Visible
100
AcDbLine
 10
178.81418
 20
235.067976
 30
0.0
 11
178.81418
 21
235.830476
 31
0.0
  0
ARC
  5
764
330
70
100
AcDbEntity
  8
Visible
100
AcDbCircle
 10
180.31418
 20
235.830476
 30
0.0
 40
1.5
100
AcDbArc
 50
90.0
 51
180.0
  0
LINE
  5
765
330
70
100
AcDbEntity
  8
Visible
100
AcDbLine
 10
248.46418
 20
233.567976
 30
0.0
 11
180.31418
 21
233.567976
 31
0.0
  0
ARC
  5
766
330
70
100
AcDbEntity
  8
Visible
100
AcDbCircle
 10
180.31418
 20
235.067976
 30
0.0
 40
1.5
100
AcDbArc
 50
180.0
 51
270.0
  0
LINE
  5
767
330
70
100
AcDbEntity
  8
Visible
100
AcDbLine
 10
180.31418
 20
237.330476
 30
0.0
 11
248.46418
 21
237.330476
 31
0.0
  0
ARC
  5
768
330
70
100
AcDbEntity
  8
Visible
100
AcDbCircle
 10
248.46418
 20
235.830476
 30
0.0
 40
1.5
100
AcDbArc
 50
0.0
 51
90.0
  0
LINE
  5
769
330
70
100
AcDbEntity
  8
Visible
100
AcDbLine
 10
249.96418
 20
235.830476
 30
0.0
 11
249.96418
 21
235.067976
 31
0.0
  0
ARC
  5
76A
330
70
100
AcDbEntity
  8
Visible
100
AcDbCircle
 10
248.46418
 20
235.067976
 30
0.0
 40
1.5
100
AcDbArc
 50
270.0
 51
0.0
  0
LINE
  5
76B
330
70
100
AcDbEntity
  8
Visible
100
AcDbLine
 10
264.53918
 20
235.067976
 30
0.0
 11
264.53918
 21
235.830476
 31
0.0
  0
ARC
  5
76C
330
70
100
AcDbEntity
  8
Visible
100
AcDbCircle
 10
266.03918
 20
235.830476
 30
0.0
 40
1.5
100
AcDbArc
 50
90.0
 51
180.0
  0
LINE
  5
76D
330
70
100
AcDbEntity
  8
Visible
100
AcDbLine
 10
334.18918
 20
233.567976
 30
0.0
 11
266.03918
 21
233.567976
 31
0.0
  0
ARC
  5
76E
330
70
100
AcDbEntity
  8
Visible
100
AcDbCircle
 10
266.03918
 20
235.067976
 30
0.0
 40
1.5
100
AcDbArc
 50
180.0
 51
270.0
  0
LINE
  5
76F
330
70
100
AcDbEntity
  8
Visible
100
AcDbLine
 10
266.03918
 20
237.330476
 30
0.0
 11
334.18918
 21
237.330476
 31
0.0
  0
ARC
  5
770
330
70
100
AcDbEntity
  8
Visible
100
AcDbCircle
 10
334.18918
 20
235.830476
 30
0.0
 40
1.5
100
AcDbArc
 50
0.0
 51
90.0
  0
LINE
  5
771
330
70
100
AcDbEntity
  8
Visible
100
AcDbLine
 10
335.68918
 20
235.830476
 30
0.0
 11
335.68918
 21
235.067976
 31
0.0
  0
ARC
  5
772
330
70
100
AcDbEntity
  8
Visible
100
AcDbCircle
 10
334.18918
 20
235.067976
 30
0.0
 40
1.5
100
AcDbArc
 50
270.0
 51
0.0
  0
LINE
  5
773
330
70
100
AcDbEntity
  8
Visible
100
AcDbLine
 10
345.50168
 20
235.067976
 30
0.0
 11
345.50168
 21
235.830476
 31
0.0
  0
ARC
  5
774
330
70
100
AcDbEntity
  8
Visible
100
AcDbCircle
 10
347.00168
 20
235.830476
 30
0.0
 40
1.5
100
AcDbArc
 50
90.0
 51
180.0
  0
LINE
  5
775
330
70
100
AcDbEntity
  8
Visible
100
AcDbLine
 10
396.10168
 20
233.567976
 30
0.0
 11
347.00168
 21
233.567976
 31
0.0
  0
ARC
  5
776
330
70
100
AcDbEntity
  8
Visible
100
AcDbCircle
 10
347.00168
 20
235.067976
 30
0.0
 40
1.5
100
AcDbArc
 50
180.0
 51
270.0
  0
LINE
  5
777
330
70
100
AcDbEntity
  8
Visible
100
AcDbLine
 10
347.00168
 20
237.330476
 30
0.0
 11
396.10168
 21
237.330476
 31
0.0
  0
ARC
  5
778
330
70
100
AcDbEntity
  8
Visible
100
AcDbCircle
 10
396.10168
 20
235.830476
 30
0.0
 40
1.5
100
AcDbArc
 50
0.0
 51
90.0
  0
LINE
  5
779
330
70
100
AcDbEntity
  8
Visible
100
AcDbLine
 10
397.60168
 20
235.830476
 30
0.0
 11
397.60168
 21
235.067976
 31
0.0
  0
ARC
  5
77A
330
70
100
AcDbEntity
  8
Visible
100
AcDbCircle
 10
396.10168
 20
235.067976
 30
0.0
 40
1.5
100
AcDbArc
 50
270.0
 51
0.0
  0
LINE
  5
77B
330
70
100
AcDbEntity
  8
Visible
100
AcDbLine
 10
79.15768
 20
241.855562
 30
0.0
 11
79.15768
 21
252.855562
 31
0.0
  0
ARC
  5
77C
330
70
100
AcDbEntity
  8
Visible
100
AcDbCircle
 10
80.65768
 20
252.855562
 30
0.0
 40
1.5
100
AcDbArc
 50
90.0
 51
180.0
  0
LINE
  5
77D
330
70
100
AcDbEntity
  8
Visible
100
AcDbLine
 10
80.65768
 20
254.355562
 30
0.0
 11
81.42068
 21
254.355562
 31
0.0
  0
ARC
  5
77E
330
70
100
AcDbEntity
  8
Visible
100
AcDbCircle
 10
81.42068
 20
252.855562
 30
0.0
 40
1.5
100
AcDbArc
 50
0.0
 51
90.0
  0
LINE
  5
77F
330
70
100
AcDbEntity
  8
Visible
100
AcDbLine
 10
81.42068
 20
240.355562
 30
0.0
 11
80.65768
 21
240.355562
 31
0.0
  0
ARC
  5
780
330
70
100
AcDbEntity
  8
Visible
100
AcDbCircle
 10
80.65768
 20
241.855562
 30
0.0
 40
1.5
100
AcDbArc
 50
180.0
 51
270.0
  0
LINE
  5
781
330
70
100
AcDbEntity
  8
Visible
100
AcDbLine
 10
82.92068
 20
252.855562
 30
0.0
 11
82.92068
 21
241.855562
 31
0.0
  0
ARC
  5
782
330
70
100
AcDbEntity
  8
Visible
100
AcDbCircle
 10
81.42068
 20
241.855562
 30
0.0
 40
1.5
100
AcDbArc
 50
270.0
 51
0.0
  0
LINE
  5
783
330
70
100
AcDbEntity
  8
Visible
100
AcDbLine
 10
169.64518
 20
241.855562
 30
0.0
 11
169.64518
 21
252.855562
 31
0.0
  0
ARC
  5
784
330
70
100
AcDbEntity
  8
Visible
100
AcDbCircle
 10
171.14518
 20
252.855562
 30
0.0
 40
1.5
100
AcDbArc
 50
90.0
 51
180.0
  0
LINE
  5
785
330
70
100
AcDbEntity
  8
Visible
100
AcDbLine
 10
171.14518
 20
254.355562
 30
0.0
 11
171.90818
 21
254.355562
 31
0.0
  0
ARC
  5
786
330
70
100
AcDbEntity
  8
Visible
100
AcDbCircle
 10
171.90818
 20
252.855562
 30
0.0
 40
1.5
100
AcDbArc
 50
0.0
 51
90.0
  0
LINE
  5
787
330
70
100
AcDbEntity
  8
Visible
100
AcDbLine
 10
173.40818
 20
252.855562
 30
0.0
 11
173.40818
 21
241.855562
 31
0.0
  0
ARC
  5
788
330
70
100
AcDbEntity
  8
Visible
100
AcDbCircle
 10
171.90818
 20
241.855562
 30
0.0
 40
1.5
100
AcDbArc
 50
270.0
 51
0.0
  0
LINE
  5
789
330
70
100
AcDbEntity
  8
Visible
100
AcDbLine
 10
171.90818
 20
240.355562
 30
0.0
 11
171.14518
 21
240.355562
 31
0.0
  0
ARC
  5
78A
330
70
100
AcDbEntity
  8
Visible
100
AcDbCircle
 10
171.14518
 20
241.855562
 30
0.0
 40
1.5
100
AcDbArc
 50
180.0
 51
270.0
  0
LINE
  5
78B
330
70
100
AcDbEntity
  8
Visible
100
AcDbLine
 10
338.71418
 20
241.855562
 30
0.0
 11
338.71418
 21
252.855562
 31
0.0
  0
ARC
  5
78C
330
70
100
AcDbEntity
  8
Visible
100
AcDbCircle
 10
340.21418
 20
252.855562
 30
0.0
 40
1.5
100
AcDbArc
 50
90.0
 51
180.0
  0
LINE
  5
78D
330
70
100
AcDbEntity
  8
Visible
100
AcDbLine
 10
340.97668
 20
240.355562
 30
0.0
 11
340.21418
 21
240.355562
 31
0.0
  0
ARC
  5
78E
330
70
100
AcDbEntity
  8
Visible
100
AcDbCircle
 10
340.21418
 20
241.855562
 30
0.0
 40
1.5
100
AcDbArc
 50
180.0
 51
270.0
  0
LINE
  5
78F
330
70
100
AcDbEntity
  8
Visible
100
AcDbLine
 10
340.21418
 20
254.355562
 30
0.0
 11
340.97668
 21
254.355562
 31
0.0
  0
ARC
  5
790
330
70
100
AcDbEntity
  8
Visible
100
AcDbCircle
 10
340.97668
 20
252.855562
 30
0.0
 40
1.5
100
AcDbArc
 50
0.0
 51
90.0
  0
LINE
  5
791
330
70
100
AcDbEntity
  8
Visible
100
AcDbLine
 10
342.47668
 20
252.855562
 30
0.0
 11
342.47668
 21
241.855562
 31
0.0
  0
ARC
  5
792
330
70
100
AcDbEntity
  8
Visible
100
AcDbCircle
 10
340.97668
 20
241.855562
 30
0.0
 40
1.5
100
AcDbArc
 50
270.0
 51
0.0
  0
LINE
  5
793
330
70
100
AcDbEntity
  8
Visible
100
AcDbLine
 10
338.71418
 20
141.843062
 30
0.0
 11
338.71418
 21
229.042976
 31
0.0
  0
ARC
  5
794
330
70
100
AcDbEntity
  8
Visible
100
AcDbCircle
 10
340.21418
 20
229.042976
 30
0.0
 40
1.5
100
AcDbArc
 50
90.0
 51
180.0
  0
LINE
  5
795
330
70
100
AcDbEntity
  8
Visible
100
AcDbLine
 10
340.21418
 20
230.542976
 30
0.0
 11
340.97668
 21
230.542976
 31
0.0
  0
ARC
  5
796
330
70
100
AcDbEntity
  8
Visible
100
AcDbCircle
 10
340.97668
 20
229.042976
 30
0.0
 40
1.5
100
AcDbArc
 50
0.0
 51
90.0
  0
LINE
  5
797
330
70
100
AcDbEntity
  8
Visible
100
AcDbLine
 10
340.97668
 20
140.343062
 30
0.0
 11
340.21418
 21
140.343062
 31
0.0
  0
ARC
  5
798
330
70
100
AcDbEntity
  8
Visible
100
AcDbCircle
 10
340.21418
 20
141.843062
 30
0.0
 40
1.5
100
AcDbArc
 50
180.0
 51
270.0
  0
LINE
  5
799
330
70
100
AcDbEntity
  8
Visible
100
AcDbLine
 10
342.47668
 20
229.042976
 30
0.0
 11
342.47668
 21
141.843062
 31
0.0
  0
ARC
  5
79A
330
70
100
AcDbEntity
  8
Visible
100
AcDbCircle
 10
340.97668
 20
141.843062
 30
0.0
 40
1.5
100
AcDbArc
 50
270.0
 51
0.0
  0
LINE
  5
79B
330
70
100
AcDbEntity
  8
Visible
100
AcDbLine
 10
345.50168
 20
185.061476
 30
0.0
 11
345.50168
 21
185.824476
 31
0.0
  0
ARC
  5
79C
330
70
100
AcDbEntity
  8
Visible
100
AcDbCircle
 10
347.00168
 20
185.824476
 30
0.0
 40
1.5
100
AcDbArc
 50
90.0
 51
180.0
  0
LINE
  5
79D
330
70
100
AcDbEntity
  8
Visible
100
AcDbLine
 10
396.10168
 20
183.561476
 30
0.0
 11
347.00168
 21
183.561476
 31
0.0
  0
ARC
  5
79E
330
70
100
AcDbEntity
  8
Visible
100
AcDbCircle
 10
347.00168
 20
185.061476
 30
0.0
 40
1.5
100
AcDbArc
 50
180.0
 51
270.0
  0
LINE
  5
79F
330
70
100
AcDbEntity
  8
Visible
100
AcDbLine
 10
347.00168
 20
187.324476
 30
0.0
 11
396.10168
 21
187.324476
 31
0.0
  0
ARC
  5
7A0
330
70
100
AcDbEntity
  8
Visible
100
AcDbCircle
 10
396.10168
 20
185.824476
 30
0.0
 40
1.5
100
AcDbArc
 50
0.0
 51
90.0
  0
LINE
  5
7A1
330
70
100
AcDbEntity
  8
Visible
100
AcDbLine
 10
397.60168
 20
185.824476
 30
0.0
 11
397.60168
 21
185.061476
 31
0.0
  0
ARC
  5
7A2
330
70
100
AcDbEntity
  8
Visible
100
AcDbCircle
 10
396.10168
 20
185.061476
 30
0.0
 40
1.5
100
AcDbArc
 50
270.0
 51
0.0
  0
LINE
  5
7A3
330
70
100
AcDbEntity
  8
Visible
100
AcDbLine
 10
81.18293
 20
153.592976
 30
0.0
 11
81.18293
 21
141.093062
 31
0.0
  0
LINE
  5
7A4
330
70
100
AcDbEntity
  8
Visible
100
AcDbLine
 10
145.06118
 20
138.367976
 30
0.0
 11
145.06118
 21
139.843062
 31
0.0
  0
ARC
  5
7A5
330
70
100
AcDbEntity
  8
Visible
100
AcDbCircle
 10
-149.06118
 20
139.843062
 30
0.0
 40
4.0
210
0.0
220
0.0
230
-1.0
100
AcDbArc
 50
360.0
 51
180.0
  0
LINE
  5
7A6
330
70
100
AcDbEntity
  8
Visible
100
AcDbLine
 10
153.06118
 20
139.843062
 30
0.0
 11
153.06118
 21
138.367976
 31
0.0
  0
LINE
  5
7A7
330
70
100
AcDbEntity
  8
Visible
100
AcDbLine
 10
316.92668
 20
141.093062
 30
0.0
 11
316.92668
 21
153.592976
 31
0.0
  0
LINE
  5
7A8
330
70
100
AcDbEntity
  8
Visible
100
AcDbLine
 10
383.60168
 20
153.592976
 30
0.0
 11
383.60168
 21
143.432801
 31
0.0
  0
ARC
  5
7A9
330
70
100
AcDbEntity
  8
Visible
100
AcDbCircle
 10
-381.076683
 20
139.843566
 30
0.0
 40
3.9994965022
210
0.0
220
0.0
230
-1.0
100
AcDbArc
 50
0.000021
 51
3.365883
  0
LINE
  5
7AA
330
70
100
AcDbEntity
  8
Visible
100
AcDbLine
 10
377.077187
 20
138.367976
 30
0.0
 11
377.077187
 21
139.843567
 31
0.0
  0
LINE
  5
7AB
330
70
100
AcDbEntity
  8
Visible
100
AcDbLine
 10
385.076179
 20
139.843567
 30
0.0
 11
385.076179
 21
138.367976
 31
0.0
  0
ARC
  5
7AC
330
70
100
AcDbEntity
  8
Visible
100
AcDbCircle
 10
-381.076683
 20
139.843566
 30
0.0
 40
3.9994965022
210
0.0
220
0.0
230
-1.0
100
AcDbArc
 50
176.634116
 51
179.999979
  0
ARC
  5
7AD
330
70
100
AcDbEntity
  8
Visible
100
AcDbCircle
 10
-362.026216
 20
254.862361
 30
0.0
 40
3.999511758500001
210
0.0
220
0.0
230
-1.0
100
AcDbArc
 50
356.535484
 51
0.005752
  0
LINE
  5
7AE
330
70
100
AcDbEntity
  8
Visible
100
AcDbLine
 10
358.026704
 20
254.862763
 30
0.0
 11
358.026851
 21
256.330451
 31
0.0
  0
ARC
  5
7AF
330
70
100
AcDbEntity
  8
Visible
100
AcDbCircle
 10
-362.02668
 20
254.854576
 30
0.0
 40
3.999511758500001
210
0.0
220
0.0
230
-1.0
100
AcDbArc
 50
237.631968
 51
302.368032
  0
LINE
  5
7B0
330
70
100
AcDbEntity
  8
Visible
100
AcDbLine
 10
366.026273
 20
256.33047
 30
0.0
 11
366.02631
 21
254.85668
 31
0.0
  0
ARC
  5
7B1
330
70
100
AcDbEntity
  8
Visible
100
AcDbCircle
 10
-362.026798
 20
254.856579
 30
0.0
 40
3.9995117585
210
0.0
220
0.0
230
-1.0
100
AcDbArc
 50
179.998556
 51
183.386411
  0
LINE
  5
7B2
330
70
100
AcDbEntity
  8
Visible
100
AcDbLine
 10
265.28918
 20
254.355562
 30
0.0
 11
276.821516
 21
254.355562
 31
0.0
  0
LINE
  5
7B3
330
70
100
AcDbEntity
  8
Visible
100
AcDbLine
 10
283.58918
 20
241.105562
 30
0.0
 11
283.58918
 21
251.265231
 31
0.0
  0
ARC
  5
7B4
330
70
100
AcDbEntity
  8
Visible
100
AcDbCircle
 10
-195.33872
 20
254.862763
 30
0.0
 40
4.0
210
0.0
220
0.0
230
-1.0
100
AcDbArc
 50
356.53046
 51
0.005494
  0
LINE
  5
7B5
330
70
100
AcDbEntity
  8
Visible
100
AcDbLine
 10
191.33872
 20
254.863146
 30
0.0
 11
191.338861
 21
256.330452
 31
0.0
  0
ARC
  5
7B6
330
70
100
AcDbEntity
  8
Visible
100
AcDbCircle
 10
-195.33918
 20
254.855065
 30
0.0
 40
4.0
210
0.0
220
0.0
230
-1.0
100
AcDbArc
 50
237.63614
 51
302.36386
  0
LINE
  5
7B7
330
70
100
AcDbEntity
  8
Visible
100
AcDbLine
 10
199.3395
 20
256.330453
 30
0.0
 11
199.339638
 21
254.86311
 31
0.0
  0
ARC
  5
7B8
330
70
100
AcDbEntity
  8
Visible
100
AcDbCircle
 10
-195.339638
 20
254.862733
 30
0.0
 40
4.0
210
0.0
220
0.0
230
-1.0
100
AcDbArc
 50
179.994607
 51
183.469141
  0
LINE
  5
7B9
330
70
100
AcDbEntity
  8
Visible
100
AcDbLine
 10
112.13918
 20
241.105562
 30
0.0
 11
112.13918
 21
251.265234
 31
0.0
  0
ARC
  5
7BA
330
70
100
AcDbEntity
  8
Visible
100
AcDbCircle
 10
-109.614181
 20
254.855065
 30
0.0
 40
4.0
210
0.0
220
0.0
230
-1.0
100
AcDbArc
 50
356.63443
 51
359.999993
  0
LINE
  5
7BB
330
70
100
AcDbEntity
  8
Visible
100
AcDbLine
 10
105.614182
 20
254.855064
 30
0.0
 11
105.614182
 21
256.330476
 31
0.0
  0
LINE
  5
7BC
330
70
100
AcDbEntity
  8
Visible
100
AcDbLine
 10
113.614499
 20
256.330452
 30
0.0
 11
113.614644
 21
254.863201
 31
0.0
  0
ARC
  5
7BD
330
70
100
AcDbEntity
  8
Visible
100
AcDbCircle
 10
-109.614644
 20
254.862807
 30
0.0
 40
4.0
210
0.0
220
0.0
230
-1.0
100
AcDbArc
 50
179.994355
 51
183.470134
  0
LINE
  5
7BE
330
70
100
AcDbEntity
  8
Visible
100
AcDbLine
 10
317.67668
 20
140.343062
 30
0.0
 11
332.55793
 21
140.343062
 31
0.0
  0
LINE
  5
7BF
330
70
100
AcDbEntity
  8
Visible
100
AcDbLine
 10
365.30168
 20
140.343062
 30
0.0
 11
376.834517
 21
140.343062
 31
0.0
  0
ARC
  5
7C0
330
70
100
AcDbEntity
  8
Visible
100
AcDbCircle
 10
-376.834517
 20
140.093062
 30
0.0
 40
0.25
210
0.0
220
0.0
230
-1.0
100
AcDbArc
 50
90.0
 51
183.365902
  0
ARC
  5
7C1
330
70
100
AcDbEntity
  8
Visible
100
AcDbCircle
 10
-376.827187
 20
138.367976
 30
0.0
 40
0.25
210
0.0
220
0.0
230
-1.0
100
AcDbArc
 50
180.0
 51
270.0
  0
ARC
  5
7C2
330
70
100
AcDbEntity
  8
Visible
100
AcDbCircle
 10
-378.80168
 20
143.432797
 30
0.0
 40
0.25
210
0.0
220
0.0
230
-1.0
100
AcDbArc
 50
237.631789
 51
0.0
  0
ARC
  5
7C3
330
70
100
AcDbEntity
  8
Visible
100
AcDbCircle
 10
-381.076683
 20
139.843566
 30
0.0
 40
3.9994965022
210
0.0
220
0.0
230
-1.0
100
AcDbArc
 50
57.631789
 51
122.368114
  0
ARC
  5
7C4
330
70
100
AcDbEntity
  8
Visible
100
AcDbCircle
 10
-383.35168
 20
143.432801
 30
0.0
 40
0.25
210
0.0
220
0.0
230
-1.0
100
AcDbArc
 50
180.0
 51
302.368114
  0
LINE
  5
7C5
330
70
100
AcDbEntity
  8
Visible
100
AcDbLine
 10
385.318849
 20
140.343062
 30
0.0
 11
396.85168
 21
140.343062
 31
0.0
  0
ARC
  5
7C6
330
70
100
AcDbEntity
  8
Visible
100
AcDbCircle
 10
-385.318849
 20
140.093062
 30
0.0
 40
0.25
210
0.0
220
0.0
230
-1.0
100
AcDbArc
 50
356.634101
 51
90.0
  0
ARC
  5
7C7
330
70
100
AcDbEntity
  8
Visible
100
AcDbCircle
 10
-385.326179
 20
138.367976
 30
0.0
 40
0.25
210
0.0
220
0.0
230
-1.0
100
AcDbArc
 50
270.0
 51
0.0
  0
ARC
  5
7C8
330
70
100
AcDbEntity
  8
Visible
100
AcDbCircle
 10
-366.276265
 20
256.330476
 30
0.0
 40
0.25
210
0.0
220
0.0
230
-1.0
100
AcDbArc
 50
359.998556
 51
90.0
  0
LINE
  5
7C9
330
70
100
AcDbEntity
  8
Visible
100
AcDbLine
 10
366.26889
 20
254.355562
 30
0.0
 11
377.80168
 21
254.355562
 31
0.0
  0
ARC
  5
7CA
330
70
100
AcDbEntity
  8
Visible
100
AcDbCircle
 10
-366.26889
 20
254.605562
 30
0.0
 40
0.25
210
0.0
220
0.0
230
-1.0
100
AcDbArc
 50
270.0
 51
3.386362
  0
LINE
  5
7CB
330
70
100
AcDbEntity
  8
Visible
100
AcDbLine
 10
364.55168
 20
251.265325
 30
0.0
 11
364.55168
 21
241.105562
 31
0.0
  0
ARC
  5
7CC
330
70
100
AcDbEntity
  8
Visible
100
AcDbCircle
 10
-364.30168
 20
251.265325
 30
0.0
 40
0.25
210
0.0
220
0.0
230
-1.0
100
AcDbArc
 50
57.631968
 51
180.0
  0
LINE
  5
7CD
330
70
100
AcDbEntity
  8
Visible
100
AcDbLine
 10
359.50168
 20
251.265325
 30
0.0
 11
359.50168
 21
241.105562
 31
0.0
  0
ARC
  5
7CE
330
70
100
AcDbEntity
  8
Visible
100
AcDbCircle
 10
-359.75168
 20
251.265325
 30
0.0
 40
0.25
210
0.0
220
0.0
230
-1.0
100
AcDbArc
 50
0.0
 51
122.368032
  0
LINE
  5
7CF
330
70
100
AcDbEntity
  8
Visible
100
AcDbLine
 10
346.25168
 20
254.355562
 30
0.0
 11
357.78447
 21
254.355562
 31
0.0
  0
ARC
  5
7D0
330
70
100
AcDbEntity
  8
Visible
100
AcDbCircle
 10
-357.78447
 20
254.605562
 30
0.0
 40
0.25
210
0.0
220
0.0
230
-1.0
100
AcDbArc
 50
176.535547
 51
270.0
  0
LINE
  5
7D1
330
70
100
AcDbEntity
  8
Visible
100
AcDbLine
 10
357.776851
 20
256.580476
 30
0.0
 11
285.3145
 21
256.580476
 31
0.0
  0
ARC
  5
7D2
330
70
100
AcDbEntity
  8
Visible
100
AcDbCircle
 10
-357.776851
 20
256.330476
 30
0.0
 40
0.25
210
0.0
220
0.0
230
-1.0
100
AcDbArc
 50
90.0
 51
180.005752
  0
ARC
  5
7D3
330
70
100
AcDbEntity
  8
Visible
100
AcDbCircle
 10
-278.78918
 20
251.265239
 30
0.0
 40
0.25
210
0.0
220
0.0
230
-1.0
100
AcDbArc
 50
0.0
 51
122.363957
  0
ARC
  5
7D4
330
70
100
AcDbEntity
  8
Visible
100
AcDbCircle
 10
-281.064186
 20
254.855065
 30
0.0
 40
4.0
210
0.0
220
0.0
230
-1.0
100
AcDbArc
 50
356.634431
 51
359.999993
  0
ARC
  5
7D5
330
70
100
AcDbEntity
  8
Visible
100
AcDbCircle
 10
-276.821516
 20
254.605562
 30
0.0
 40
0.25
210
0.0
220
0.0
230
-1.0
100
AcDbArc
 50
176.634436
 51
270.0
  0
LINE
  5
7D6
330
70
100
AcDbEntity
  8
Visible
100
AcDbLine
 10
277.064186
 20
254.855064
 30
0.0
 11
277.064186
 21
256.330476
 31
0.0
  0
ARC
  5
7D7
330
70
100
AcDbEntity
  8
Visible
100
AcDbCircle
 10
-276.814186
 20
256.330476
 30
0.0
 40
0.25
210
0.0
220
0.0
230
-1.0
100
AcDbArc
 50
90.0
 51
180.0
  0
LINE
  5
7D8
330
70
100
AcDbEntity
  8
Visible
100
AcDbLine
 10
285.0645
 20
256.33045
 30
0.0
 11
285.064657
 21
254.863385
 31
0.0
  0
ARC
  5
7D9
330
70
100
AcDbEntity
  8
Visible
100
AcDbCircle
 10
-285.3145
 20
256.330476
 30
0.0
 40
0.25
210
0.0
220
0.0
230
-1.0
100
AcDbArc
 50
359.993845
 51
90.0
  0
ARC
  5
7DA
330
70
100
AcDbEntity
  8
Visible
100
AcDbCircle
 10
-281.064657
 20
254.862956
 30
0.0
 40
4.0
210
0.0
220
0.0
230
-1.0
100
AcDbArc
 50
179.993845
 51
183.472146
  0
ARC
  5
7DB
330
70
100
AcDbEntity
  8
Visible
100
AcDbCircle
 10
-285.306856
 20
254.605562
 30
0.0
 40
0.25
210
0.0
220
0.0
230
-1.0
100
AcDbArc
 50
270.0
 51
3.47209
  0
ARC
  5
7DC
330
70
100
AcDbEntity
  8
Visible
100
AcDbCircle
 10
-281.064186
 20
254.855065
 30
0.0
 40
4.0
210
0.0
220
0.0
230
-1.0
100
AcDbArc
 50
237.636237
 51
302.363957
  0
ARC
  5
7DD
330
70
100
AcDbEntity
  8
Visible
100
AcDbCircle
 10
-283.33918
 20
251.265231
 30
0.0
 40
0.25
210
0.0
220
0.0
230
-1.0
100
AcDbArc
 50
57.636237
 51
180.0
  0
LINE
  5
7DE
330
70
100
AcDbEntity
  8
Visible
100
AcDbLine
 10
179.56418
 20
254.355562
 30
0.0
 11
191.09651
 21
254.355562
 31
0.0
  0
ARC
  5
7DF
330
70
100
AcDbEntity
  8
Visible
100
AcDbCircle
 10
-191.09651
 20
254.605562
 30
0.0
 40
0.25
210
0.0
220
0.0
230
-1.0
100
AcDbArc
 50
176.530514
 51
270.0
  0
LINE
  5
7E0
330
70
100
AcDbEntity
  8
Visible
100
AcDbLine
 10
191.088861
 20
256.580476
 30
0.0
 11
113.864499
 21
256.580476
 31
0.0
  0
ARC
  5
7E1
330
70
100
AcDbEntity
  8
Visible
100
AcDbCircle
 10
-191.088861
 20
256.330476
 30
0.0
 40
0.25
210
0.0
220
0.0
230
-1.0
100
AcDbArc
 50
90.0
 51
180.005494
  0
ARC
  5
7E2
330
70
100
AcDbEntity
  8
Visible
100
AcDbCircle
 10
-199.5895
 20
256.330476
 30
0.0
 40
0.25
210
0.0
220
0.0
230
-1.0
100
AcDbArc
 50
359.994607
 51
90.0
  0
LINE
  5
7E3
330
70
100
AcDbEntity
  8
Visible
100
AcDbLine
 10
199.58185
 20
254.355562
 30
0.0
 11
211.11418
 21
254.355562
 31
0.0
  0
ARC
  5
7E4
330
70
100
AcDbEntity
  8
Visible
100
AcDbCircle
 10
-199.58185
 20
254.605562
 30
0.0
 40
0.25
210
0.0
220
0.0
230
-1.0
100
AcDbArc
 50
270.0
 51
3.469087
  0
LINE
  5
7E5
330
70
100
AcDbEntity
  8
Visible
100
AcDbLine
 10
197.86418
 20
241.105562
 30
0.0
 11
197.86418
 21
251.265235
 31
0.0
  0
ARC
  5
7E6
330
70
100
AcDbEntity
  8
Visible
100
AcDbCircle
 10
-197.61418
 20
251.265235
 30
0.0
 40
0.25
210
0.0
220
0.0
230
-1.0
100
AcDbArc
 50
57.636136
 51
180.0
  0
LINE
  5
7E7
330
70
100
AcDbEntity
  8
Visible
100
AcDbLine
 10
192.81418
 20
251.265235
 30
0.0
 11
192.81418
 21
241.105562
 31
0.0
  0
ARC
  5
7E8
330
70
100
AcDbEntity
  8
Visible
100
AcDbCircle
 10
-193.06418
 20
251.265235
 30
0.0
 40
0.25
210
0.0
220
0.0
230
-1.0
100
AcDbArc
 50
0.0
 51
122.36386
  0
ARC
  5
7E9
330
70
100
AcDbEntity
  8
Visible
100
AcDbCircle
 10
-107.33918
 20
251.265236
 30
0.0
 40
0.25
210
0.0
220
0.0
230
-1.0
100
AcDbArc
 50
0.0
 51
122.363884
  0
ARC
  5
7EA
330
70
100
AcDbEntity
  8
Visible
100
AcDbCircle
 10
-109.614181
 20
254.855065
 30
0.0
 40
4.0
210
0.0
220
0.0
230
-1.0
100
AcDbArc
 50
237.636164
 51
302.363884
  0
ARC
  5
7EB
330
70
100
AcDbEntity
  8
Visible
100
AcDbCircle
 10
-111.88918
 20
251.265234
 30
0.0
 40
0.25
210
0.0
220
0.0
230
-1.0
100
AcDbArc
 50
57.636164
 51
180.0
  0
LINE
  5
7EC
330
70
100
AcDbEntity
  8
Visible
100
AcDbLine
 10
113.856851
 20
254.355562
 30
0.0
 11
125.38918
 21
254.355562
 31
0.0
  0
ARC
  5
7ED
330
70
100
AcDbEntity
  8
Visible
100
AcDbCircle
 10
-113.856851
 20
254.605562
 30
0.0
 40
0.25
210
0.0
220
0.0
230
-1.0
100
AcDbArc
 50
270.0
 51
3.470078
  0
ARC
  5
7EE
330
70
100
AcDbEntity
  8
Visible
100
AcDbCircle
 10
-113.864499
 20
256.330476
 30
0.0
 40
0.25
210
0.0
220
0.0
230
-1.0
100
AcDbArc
 50
359.994355
 51
90.0
  0
ARC
  5
7EF
330
70
100
AcDbEntity
  8
Visible
100
AcDbCircle
 10
-105.364182
 20
256.330476
 30
0.0
 40
0.25
210
0.0
220
0.0
230
-1.0
100
AcDbArc
 50
90.0
 51
180.0
  0
LINE
  5
7F0
330
70
100
AcDbEntity
  8
Visible
100
AcDbLine
 10
93.83918
 20
254.355562
 30
0.0
 11
105.371512
 21
254.355562
 31
0.0
  0
ARC
  5
7F1
330
70
100
AcDbEntity
  8
Visible
100
AcDbCircle
 10
-105.371512
 20
254.605562
 30
0.0
 40
0.25
210
0.0
220
0.0
230
-1.0
100
AcDbArc
 50
176.634441
 51
270.0
  0
ARC
  5
7F2
330
70
100
AcDbEntity
  8
Visible
100
AcDbCircle
 10
-144.81118
 20
138.367976
 30
0.0
 40
0.25
210
0.0
220
0.0
230
-1.0
100
AcDbArc
 50
180.0
 51
270.0
  0
ARC
  5
7F3
330
70
100
AcDbEntity
  8
Visible
100
AcDbCircle
 10
-153.31118
 20
138.367976
 30
0.0
 40
0.25
210
0.0
220
0.0
230
-1.0
100
AcDbArc
 50
270.0
 51
0.0
  0
LINE
  5
7F4
330
70
100
AcDbEntity
  8
Visible
100
AcDbLine
 10
202.33918
 20
153.592976
 30
0.0
 11
202.33918
 21
139.117976
 31
0.0
  0
ARC
  5
7F5
330
70
100
AcDbEntity
  8
Visible
100
AcDbCircle
 10
-203.33918
 20
139.117976
 30
0.0
 40
1.0
210
0.0
220
0.0
230
-1.0
100
AcDbArc
 50
270.0
 51
0.0
  0
LINE
  5
7F6
330
70
100
AcDbEntity
  8
Visible
100
AcDbLine
 10
153.31118
 20
138.117976
 30
0.0
 11
175.43293
 21
138.117976
 31
0.0
  0
ARC
  5
7F7
330
70
100
AcDbEntity
  8
Visible
100
AcDbCircle
 10
-175.43293
 20
139.117976
 30
0.0
 40
1.0
210
0.0
220
0.0
230
-1.0
100
AcDbArc
 50
180.0
 51
270.0
  0
LINE
  5
7F8
330
70
100
AcDbEntity
  8
Visible
100
AcDbLine
 10
383.387466
 20
256.580476
 30
0.0
 11
366.276265
 21
256.580476
 31
0.0
  0
LINE
  5
7F9
330
70
100
AcDbEntity
  8
Visible
100
AcDbLine
 10
398.82668
 20
256.580476
 30
0.0
 11
397.815894
 21
256.580476
 31
0.0
  0
LINE
  5
7FA
330
70
100
AcDbEntity
  8
Visible
100
AcDbLine
 10
387.344321
 20
260.123117
 30
0.0
 11
384.094573
 21
256.87337
 31
0.0
  0
ARC
  5
7FB
330
70
100
AcDbEntity
  8
Visible
100
AcDbCircle
 10
383.387466
 20
257.580476
 30
0.0
 40
1.0
100
AcDbArc
 50
270.0
 51
315.0
  0
LINE
  5
7FC
330
70
100
AcDbEntity
  8
Visible
100
AcDbLine
 10
397.108787
 20
256.87337
 30
0.0
 11
393.859039
 21
260.123117
 31
0.0
  0
ARC
  5
7FD
330
70
100
AcDbEntity
  8
Visible
100
AcDbCircle
 10
397.815894
 20
257.580476
 30
0.0
 40
1.0
100
AcDbArc
 50
225.0
 51
270.0
  0
ARC
  5
7FE
330
70
100
AcDbEntity
  8
Visible
100
AcDbCircle
 10
-393.151932
 20
259.41601
 30
0.0
 40
1.0
210
0.0
220
0.0
230
-1.0
100
AcDbArc
 50
90.0
 51
135.0
  0
ARC
  5
7FF
330
70
100
AcDbEntity
  8
Visible
100
AcDbCircle
 10
-388.051427
 20
259.41601
 30
0.0
 40
1.0
210
0.0
220
0.0
230
-1.0
100
AcDbArc
 50
45.0
 51
90.0
  0
LINE
  5
800
330
70
100
AcDbEntity
  8
Visible
100
AcDbLine
 10
54.774966
 20
256.580476
 30
0.0
 11
53.76418
 21
256.580476
 31
0.0
  0
LINE
  5
801
330
70
100
AcDbEntity
  8
Visible
100
AcDbLine
 10
105.364182
 20
256.580476
 30
0.0
 11
69.203394
 21
256.580476
 31
0.0
  0
LINE
  5
802
330
70
100
AcDbEntity
  8
Visible
100
AcDbLine
 10
58.731821
 20
260.123117
 30
0.0
 11
55.482073
 21
256.87337
 31
0.0
  0
ARC
  5
803
330
70
100
AcDbEntity
  8
Visible
100
AcDbCircle
 10
54.774966
 20
257.580476
 30
0.0
 40
1.0
100
AcDbArc
 50
270.0
 51
315.0
  0
ARC
  5
804
330
70
100
AcDbEntity
  8
Visible
100
AcDbCircle
 10
-59.438927
 20
259.41601
 30
0.0
 40
1.0
210
0.0
220
0.0
230
-1.0
100
AcDbArc
 50
45.0
 51
90.0
  0
ARC
  5
805
330
70
100
AcDbEntity
  8
Visible
100
AcDbCircle
 10
-64.539432
 20
259.41601
 30
0.0
 40
1.0
210
0.0
220
0.0
230
-1.0
100
AcDbArc
 50
90.0
 51
135.0
  0
LINE
  5
806
330
70
100
AcDbEntity
  8
Visible
100
AcDbLine
 10
68.496287
 20
256.87337
 30
0.0
 11
65.246539
 21
260.123117
 31
0.0
  0
ARC
  5
807
330
70
100
AcDbEntity
  8
Visible
100
AcDbCircle
 10
69.203394
 20
257.580476
 30
0.0
 40
1.0
100
AcDbArc
 50
225.0
 51
270.0
  0
LINE
  5
808
330
70
100
AcDbEntity
  8
Visible
100
AcDbLine
 10
276.814186
 20
256.580476
 30
0.0
 11
233.509644
 21
256.580476
 31
0.0
  0
LINE
  5
809
330
70
100
AcDbEntity
  8
Visible
100
AcDbLine
 10
219.081216
 20
256.580476
 30
0.0
 11
199.5895
 21
256.580476
 31
0.0
  0
LINE
  5
80A
330
70
100
AcDbEntity
  8
Visible
100
AcDbLine
 10
219.788323
 20
256.87337
 30
0.0
 11
223.038071
 21
260.123117
 31
0.0
  0
ARC
  5
80B
330
70
100
AcDbEntity
  8
Visible
100
AcDbCircle
 10
219.081216
 20
257.580476
 30
0.0
 40
1.0
100
AcDbArc
 50
270.0
 51
315.0
  0
ARC
  5
80C
330
70
100
AcDbEntity
  8
Visible
100
AcDbCircle
 10
-223.745177
 20
259.41601
 30
0.0
 40
1.0
210
0.0
220
0.0
230
-1.0
100
AcDbArc
 50
45.0
 51
90.0
  0
ARC
  5
80D
330
70
100
AcDbEntity
  8
Visible
100
AcDbCircle
 10
-228.845682
 20
259.41601
 30
0.0
 40
1.0
210
0.0
220
0.0
230
-1.0
100
AcDbArc
 50
90.0
 51
135.0
  0
LINE
  5
80E
330
70
100
AcDbEntity
  8
Visible
100
AcDbLine
 10
232.802537
 20
256.87337
 30
0.0
 11
229.552789
 21
260.123117
 31
0.0
  0
ARC
  5
80F
330
70
100
AcDbEntity
  8
Visible
100
AcDbCircle
 10
233.509644
 20
257.580476
 30
0.0
 40
1.0
100
AcDbArc
 50
225.0
 51
270.0
  0
LINE
  5
810
330
70
100
AcDbEntity
  8
Visible
100
AcDbLine
 10
203.33918
 20
138.117976
 30
0.0
 11
235.181216
 21
138.117976
 31
0.0
  0
LINE
  5
811
330
70
100
AcDbEntity
  8
Visible
100
AcDbLine
 10
356.341396
 20
138.117976
 30
0.0
 11
376.827187
 21
138.117976
 31
0.0
  0
LINE
  5
812
330
70
100
AcDbEntity
  8
Visible
100
AcDbLine
 10
110.678394
 20
138.117976
 30
0.0
 11
144.81118
 21
138.117976
 31
0.0
  0
ARC
  5
813
330
70
100
AcDbEntity
  8
Visible
100
AcDbCircle
 10
-230.68293
 20
155.593361
 30
0.0
 40
0.7500000000000001
210
0.0
220
0.0
230
-1.0
100
AcDbArc
 50
0.0
 51
90.001281
  0
LINE
  5
814
330
70
100
AcDbEntity
  8
Visible
100
AcDbLine
 10
230.682947
 20
156.343361
 30
0.0
 11
236.183131
 21
156.343238
 31
0.0
  0
ARC
  5
815
330
70
100
AcDbEntity
  8
Visible
100
AcDbCircle
 10
-236.183114
 20
155.593238
 30
0.0
 40
0.7500000000000002
210
0.0
220
0.0
230
-1.0
100
AcDbArc
 50
90.001281
 51
180.001281
  0
LINE
  5
816
330
70
100
AcDbEntity
  8
Visible
100
AcDbLine
 10
229.93293
 20
141.093062
 30
0.0
 11
229.93293
 21
155.593361
 31
0.0
  0
LINE
  5
817
330
70
100
AcDbEntity
  8
Visible
100
AcDbLine
 10
249.739381
 20
156.342935
 30
0.0
 11
255.239381
 21
156.342812
 31
0.0
  0
ARC
  5
818
330
70
100
AcDbEntity
  8
Visible
100
AcDbCircle
 10
-255.239364
 20
155.592812
 30
0.0
 40
0.7500000000000001
210
0.0
220
0.0
230
-1.0
100
AcDbArc
 50
90.001281
 51
180.001281
  0
LINE
  5
819
330
70
100
AcDbEntity
  8
Visible
100
AcDbLine
 10
255.989364
 20
155.592795
 30
0.0
 11
255.989348
 21
154.842988
 31
0.0
  0
LINE
  5
81A
330
70
100
AcDbEntity
  8
Visible
100
AcDbLine
 10
248.989348
 20
154.842965
 30
0.0
 11
248.989364
 21
155.592951
 31
0.0
  0
ARC
  5
81B
330
70
100
AcDbEntity
  8
Visible
100
AcDbCircle
 10
-249.739364
 20
155.592935
 30
0.0
 40
0.7500000000000002
210
0.0
220
0.0
230
-1.0
100
AcDbArc
 50
0.001281
 51
90.001281
  0
LINE
  5
81C
330
70
100
AcDbEntity
  8
Visible
100
AcDbLine
 10
141.68918
 20
155.595367
 30
0.0
 11
141.68918
 21
141.093062
 31
0.0
  0
LINE
  5
81D
330
70
100
AcDbEntity
  8
Visible
100
AcDbLine
 10
236.933114
 20
155.593221
 30
0.0
 11
236.93279
 21
141.093045
 31
0.0
  0
ARC
  5
81E
330
70
100
AcDbEntity
  8
Visible
100
AcDbCircle
 10
230.68293
 20
141.093062
 30
0.0
 40
0.7500000000000001
100
AcDbArc
 50
180.0
 51
270.0
  0
LINE
  5
81F
330
70
100
AcDbEntity
  8
Visible
100
AcDbLine
 10
236.18279
 20
140.343062
 30
0.0
 11
230.68293
 21
140.343062
 31
0.0
  0
ARC
  5
820
330
70
100
AcDbEntity
  8
Visible
100
AcDbCircle
 10
236.18279
 20
141.093062
 30
0.0
 40
0.7500000000000001
100
AcDbArc
 50
270.0
 51
359.998719
  0
ARC
  5
821
330
70
100
AcDbEntity
  8
Visible
100
AcDbCircle
 10
130.68293
 20
141.093062
 30
0.0
 40
0.7500000000000001
100
AcDbArc
 50
180.0
 51
270.0
  0
LINE
  5
822
330
70
100
AcDbEntity
  8
Visible
100
AcDbLine
 10
130.68293
 20
140.343062
 30
0.0
 11
140.93918
 21
140.343062
 31
0.0
  0
ARC
  5
823
330
70
100
AcDbEntity
  8
Visible
100
AcDbCircle
 10
140.93918
 20
141.093062
 30
0.0
 40
0.7500000000000001
100
AcDbArc
 50
270.0
 51
0.0
  0
LINE
  5
824
330
70
100
AcDbEntity
  8
Visible
100
AcDbLine
 10
129.93293
 20
155.595596
 30
0.0
 11
129.93293
 21
141.093062
 31
0.0
  0
ARC
  5
825
330
70
100
AcDbEntity
  8
Visible
100
AcDbCircle
 10
130.68293
 20
155.595596
 30
0.0
 40
0.7500000000000002
100
AcDbArc
 50
89.998719
 51
180.0
  0
LINE
  5
826
330
70
100
AcDbEntity
  8
Visible
100
AcDbLine
 10
130.682947
 20
156.345596
 30
0.0
 11
140.939197
 21
156.345367
 31
0.0
  0
ARC
  5
827
330
70
100
AcDbEntity
  8
Visible
100
AcDbCircle
 10
140.93918
 20
155.595367
 30
0.0
 40
0.7500000000000001
100
AcDbArc
 50
0.0
 51
89.998719
  0
LINE
  5
828
330
70
100
AcDbEntity
  8
Visible
100
AcDbLine
 10
256.489348
 20
154.342976
 30
0.0
 11
261.12043
 21
154.342976
 31
0.0
  0
ARC
  5
829
330
70
100
AcDbEntity
  8
Visible
100
AcDbCircle
 10
-256.489348
 20
154.842976
 30
0.0
 40
0.5
210
0.0
220
0.0
230
-1.0
100
AcDbArc
 50
270.0
 51
0.001281
  0
ARC
  5
82A
330
70
100
AcDbEntity
  8
Visible
100
AcDbCircle
 10
-248.489348
 20
154.842976
 30
0.0
 40
0.5
210
0.0
220
0.0
230
-1.0
100
AcDbArc
 50
180.001281
 51
263.980562
  0
LINE
  5
82B
330
70
100
AcDbEntity
  8
Visible
100
AcDbLine
 10
335.68918
 20
229.792976
 30
0.0
 11
335.68918
 21
215.292976
 31
0.0
  0
ARC
  5
82C
330
70
100
AcDbEntity
  8
Visible
100
AcDbCircle
 10
334.93918
 20
215.292976
 30
0.0
 40
0.7500000000000001
100
AcDbArc
 50
270.0
 51
0.0
  0
LINE
  5
82D
330
70
100
AcDbEntity
  8
Visible
100
AcDbLine
 10
303.38918
 20
214.542976
 30
0.0
 11
309.97618
 21
214.542976
 31
0.0
  0
ARC
  5
82E
330
70
100
AcDbEntity
  8
Visible
100
AcDbCircle
 10
303.38918
 20
215.292976
 30
0.0
 40
0.7500000000000001
100
AcDbArc
 50
180.0
 51
270.0
  0
LINE
  5
82F
330
70
100
AcDbEntity
  8
Visible
100
AcDbLine
 10
310.72618
 20
216.042976
 30
0.0
 11
310.72618
 21
215.292976
 31
0.0
  0
ARC
  5
830
330
70
100
AcDbEntity
  8
Visible
100
AcDbCircle
 10
-311.22618
 20
216.042976
 30
0.0
 40
0.5
210
0.0
220
0.0
230
-1.0
100
AcDbArc
 50
0.0
 51
90.0
  0
LINE
  5
831
330
70
100
AcDbEntity
  8
Visible
100
AcDbLine
 10
327.60218
 20
216.042976
 30
0.0
 11
327.60218
 21
215.292976
 31
0.0
  0
ARC
  5
832
330
70
100
AcDbEntity
  8
Visible
100
AcDbCircle
 10
-327.10218
 20
216.042976
 30
0.0
 40
0.5
210
0.0
220
0.0
230
-1.0
100
AcDbArc
 50
90.0
 51
180.0
  0
LINE
  5
833
330
70
100
AcDbEntity
  8
Visible
100
AcDbLine
 10
256.87018
 20
254.355562
 30
0.0
 11
257.63318
 21
254.355562
 31
0.0
  0
ARC
  5
834
330
70
100
AcDbEntity
  8
Visible
100
AcDbCircle
 10
257.63318
 20
252.855562
 30
0.0
 40
1.5
100
AcDbArc
 50
0.0
 51
90.0
  0
LINE
  5
835
330
70
100
AcDbEntity
  8
Visible
100
AcDbLine
 10
259.13318
 20
252.855562
 30
0.0
 11
259.13318
 21
241.855562
 31
0.0
  0
ARC
  5
836
330
70
100
AcDbEntity
  8
Visible
100
AcDbCircle
 10
257.63318
 20
241.855562
 30
0.0
 40
1.5
100
AcDbArc
 50
270.0
 51
0.0
  0
LINE
  5
837
330
70
100
AcDbEntity
  8
Visible
100
AcDbLine
 10
257.63318
 20
240.355562
 30
0.0
 11
256.87018
 21
240.355562
 31
0.0
  0
ARC
  5
838
330
70
100
AcDbEntity
  8
Visible
100
AcDbCircle
 10
256.87018
 20
241.855562
 30
0.0
 40
1.5
100
AcDbArc
 50
180.0
 51
270.0
  0
LINE
  5
839
330
70
100
AcDbEntity
  8
Visible
100
AcDbLine
 10
255.37018
 20
241.855562
 30
0.0
 11
255.37018
 21
252.855562
 31
0.0
  0
ARC
  5
83A
330
70
100
AcDbEntity
  8
Visible
100
AcDbCircle
 10
256.87018
 20
252.855562
 30
0.0
 40
1.5
100
AcDbArc
 50
90.0
 51
180.0
  0
LINE
  5
83B
330
70
100
AcDbEntity
  8
Visible
100
AcDbLine
 10
317.67668
 20
211.492976
 30
0.0
 11
332.55793
 21
211.492976
 31
0.0
  0
ARC
  5
83C
330
70
100
AcDbEntity
  8
Visible
100
AcDbCircle
 10
332.55793
 20
210.742976
 30
0.0
 40
0.7500000000000001
100
AcDbArc
 50
0.0
 51
90.0
  0
ARC
  5
83D
330
70
100
AcDbEntity
  8
Visible
100
AcDbCircle
 10
-316.42668
 20
192.943062
 30
0.0
 40
0.5
210
0.0
220
0.0
230
-1.0
100
AcDbArc
 50
180.0
 51
270.0
  0
LINE
  5
83E
330
70
100
AcDbEntity
  8
Visible
100
AcDbLine
 10
333.30793
 20
210.742976
 30
0.0
 11
333.30793
 21
177.192976
 31
0.0
  0
ARC
  5
83F
330
70
100
AcDbEntity
  8
Visible
100
AcDbCircle
 10
332.55793
 20
177.192976
 30
0.0
 40
0.7500000000000001
100
AcDbArc
 50
270.0
 51
0.0
  0
ARC
  5
840
330
70
100
AcDbEntity
  8
Visible
100
AcDbCircle
 10
-324.72093
 20
177.942976
 30
0.0
 40
0.5000000000000001
210
0.0
220
0.0
230
-1.0
100
AcDbArc
 50
90.0
 51
180.0
  0
LINE
  5
841
330
70
100
AcDbEntity
  8
Visible
100
AcDbLine
 10
324.72093
 20
178.442976
 30
0.0
 11
308.84493
 21
178.442976
 31
0.0
  0
ARC
  5
842
330
70
100
AcDbEntity
  8
Visible
100
AcDbCircle
 10
-308.84493
 20
177.942976
 30
0.0
 40
0.5
210
0.0
220
0.0
230
-1.0
100
AcDbArc
 50
0.0
 51
90.0
  0
LINE
  5
843
330
70
100
AcDbEntity
  8
Visible
100
AcDbLine
 10
300.84493
 20
178.442976
 30
0.0
 11
298.62668
 21
178.442976
 31
0.0
  0
ARC
  5
844
330
70
100
AcDbEntity
  8
Visible
100
AcDbCircle
 10
-300.84493
 20
177.942976
 30
0.0
 40
0.5
210
0.0
220
0.0
230
-1.0
100
AcDbArc
 50
90.0
 51
180.0
  0
LINE
  5
845
330
70
100
AcDbEntity
  8
Visible
100
AcDbLine
 10
334.93918
 20
159.392976
 30
0.0
 11
327.95843
 21
159.392976
 31
0.0
  0
ARC
  5
846
330
70
100
AcDbEntity
  8
Visible
100
AcDbCircle
 10
-327.95843
 20
158.892976
 30
0.0
 40
0.5
210
0.0
220
0.0
230
-1.0
100
AcDbArc
 50
0.0
 51
90.0
  0
LINE
  5
847
330
70
100
AcDbEntity
  8
Visible
100
AcDbLine
 10
319.95843
 20
159.392976
 30
0.0
 11
304.08243
 21
159.392976
 31
0.0
  0
ARC
  5
848
330
70
100
AcDbEntity
  8
Visible
100
AcDbCircle
 10
-319.95843
 20
158.892976
 30
0.0
 40
0.5
210
0.0
220
0.0
230
-1.0
100
AcDbArc
 50
90.0
 51
180.0
  0
ARC
  5
849
330
70
100
AcDbEntity
  8
Visible
100
AcDbCircle
 10
-304.08243
 20
158.892976
 30
0.0
 40
0.5
210
0.0
220
0.0
230
-1.0
100
AcDbArc
 50
0.0
 51
90.0
  0
ARC
  5
84A
330
70
100
AcDbEntity
  8
Visible
100
AcDbCircle
 10
-296.08243
 20
158.892976
 30
0.0
 40
0.5
210
0.0
220
0.0
230
-1.0
100
AcDbArc
 50
97.492707
 51
180.0
  0
ARC
  5
84B
330
70
100
AcDbEntity
  8
Visible
100
AcDbCircle
 10
356.341396
 20
137.117976
 30
0.0
 40
1.0
100
AcDbArc
 50
90.0
 51
135.0
  0
LINE
  5
84C
330
70
100
AcDbEntity
  8
Visible
100
AcDbLine
 10
355.63429
 20
137.825083
 30
0.0
 11
352.384539
 21
134.575333
 31
0.0
  0
ARC
  5
84D
330
70
100
AcDbEntity
  8
Visible
100
AcDbCircle
 10
-351.677432
 20
135.28244
 30
0.0
 40
1.0
210
0.0
220
0.0
230
-1.0
100
AcDbArc
 50
225.0
 51
270.0
  0
LINE
  5
84E
330
70
100
AcDbEntity
  8
Visible
100
AcDbLine
 10
350.72718
 20
134.282442
 30
0.0
 11
351.677432
 21
134.282441
 31
0.0
  0
ARC
  5
84F
330
70
100
AcDbEntity
  8
Visible
100
AcDbCircle
 10
-346.576927
 20
135.28244
 30
0.0
 40
1.0
210
0.0
220
0.0
230
-1.0
100
AcDbArc
 50
270.0
 51
315.0
  0
LINE
  5
850
330
70
100
AcDbEntity
  8
Visible
100
AcDbLine
 10
342.62007
 20
137.825083
 30
0.0
 11
345.869821
 21
134.575333
 31
0.0
  0
ARC
  5
851
330
70
100
AcDbEntity
  8
Visible
100
AcDbCircle
 10
341.912963
 20
137.117976
 30
0.0
 40
1.0
100
AcDbArc
 50
45.0
 51
90.0
  0
ARC
  5
852
330
70
100
AcDbEntity
  8
Visible
100
AcDbCircle
 10
249.609644
 20
137.117976
 30
0.0
 40
1.0
100
AcDbArc
 50
90.0
 51
135.0
  0
LINE
  5
853
330
70
100
AcDbEntity
  8
Visible
100
AcDbLine
 10
248.902537
 20
137.825083
 30
0.0
 11
245.652789
 21
134.575336
 31
0.0
  0
ARC
  5
854
330
70
100
AcDbEntity
  8
Visible
100
AcDbCircle
 10
-244.945682
 20
135.282442
 30
0.0
 40
1.0
210
0.0
220
0.0
230
-1.0
100
AcDbArc
 50
225.0
 51
270.0
  0
ARC
  5
855
330
70
100
AcDbEntity
  8
Visible
100
AcDbCircle
 10
-239.845177
 20
135.282442
 30
0.0
 40
1.0
210
0.0
220
0.0
230
-1.0
100
AcDbArc
 50
270.0
 51
315.0
  0
LINE
  5
856
330
70
100
AcDbEntity
  8
Visible
100
AcDbLine
 10
235.888323
 20
137.825083
 30
0.0
 11
239.138071
 21
134.575336
 31
0.0
  0
ARC
  5
857
330
70
100
AcDbEntity
  8
Visible
100
AcDbCircle
 10
235.181216
 20
137.117976
 30
0.0
 40
1.0
100
AcDbArc
 50
45.0
 51
90.0
  0
ARC
  5
858
330
70
100
AcDbEntity
  8
Visible
100
AcDbCircle
 10
110.678394
 20
137.117976
 30
0.0
 40
1.0
100
AcDbArc
 50
90.0
 51
135.0
  0
LINE
  5
859
330
70
100
AcDbEntity
  8
Visible
100
AcDbLine
 10
109.971287
 20
137.825083
 30
0.0
 11
106.721539
 21
134.575336
 31
0.0
  0
ARC
  5
85A
330
70
100
AcDbEntity
  8
Visible
100
AcDbCircle
 10
-106.014432
 20
135.282442
 30
0.0
 40
1.0
210
0.0
220
0.0
230
-1.0
100
AcDbArc
 50
225.0
 51
270.0
  0
LINE
  5
85B
330
70
100
AcDbEntity
  8
Visible
100
AcDbLine
 10
105.06418
 20
134.282442
 30
0.0
 11
106.014432
 21
134.282442
 31
0.0
  0
ARC
  5
85C
330
70
100
AcDbEntity
  8
Visible
100
AcDbCircle
 10
-100.913927
 20
135.282442
 30
0.0
 40
1.0
210
0.0
220
0.0
230
-1.0
100
AcDbArc
 50
270.0
 51
315.0
  0
LINE
  5
85D
330
70
100
AcDbEntity
  8
Visible
100
AcDbLine
 10
96.957073
 20
137.825083
 30
0.0
 11
100.206821
 21
134.575336
 31
0.0
  0
ARC
  5
85E
330
70
100
AcDbEntity
  8
Visible
100
AcDbCircle
 10
96.249966
 20
137.117976
 30
0.0
 40
1.0
100
AcDbArc
 50
45.0
 51
90.0
  0
ARC
  5
85F
330
70
100
AcDbEntity
  8
Visible
100
AcDbCircle
 10
-61.98918
 20
259.492976
 30
0.0
 40
1.1
210
0.0
220
0.0
230
-1.0
100
AcDbArc
 50
180.0
 51
0.0
  0
ARC
  5
860
330
70
100
AcDbEntity
  8
Visible
100
AcDbCircle
 10
-390.60168
 20
259.492976
 30
0.0
 40
1.1
210
0.0
220
0.0
230
-1.0
100
AcDbArc
 50
180.0
 51
0.0
  0
ARC
  5
861
330
70
100
AcDbEntity
  8
Visible
100
AcDbCircle
 10
-226.29543
 20
259.492976
 30
0.0
 40
1.1
210
0.0
220
0.0
230
-1.0
100
AcDbArc
 50
180.0
 51
0.0
  0
LINE
  5
862
330
70
100
AcDbEntity
  8
Visible
100
AcDbLine
 10
268.836189
 20
138.617976
 30
0.0
 11
268.836189
 21
139.838918
 31
0.0
  0
ARC
  5
863
330
70
100
AcDbEntity
  8
Visible
100
AcDbCircle
 10
269.336189
 20
138.617976
 30
0.0
 40
0.5
100
AcDbArc
 50
180.0
 51
270.0
  0
LINE
  5
864
330
70
100
AcDbEntity
  8
Visible
100
AcDbLine
 10
346.576927
 20
134.282441
 30
0.0
 11
347.52718
 21
134.282442
 31
0.0
  0
ARC
  5
865
330
70
100
AcDbEntity
  8
Visible
100
AcDbCircle
 10
347.52718
 20
134.78244
 30
0.0
 40
0.5000000000000001
100
AcDbArc
 50
270.000001
 51
0.000002
  0
LINE
  5
866
330
70
100
AcDbEntity
  8
Visible
100
AcDbLine
 10
348.027179
 20
134.78244
 30
0.0
 11
348.027179
 21
135.205473
 31
0.0
  0
ARC
  5
867
330
70
100
AcDbEntity
  8
Visible
100
AcDbCircle
 10
-349.12718
 20
135.205473
 30
0.0
 40
1.1
210
0.0
220
0.0
230
-1.0
100
AcDbArc
 50
359.999999
 51
180.000002
  0
LINE
  5
868
330
70
100
AcDbEntity
  8
Visible
100
AcDbLine
 10
350.227179
 20
135.205473
 30
0.0
 11
350.227179
 21
134.782439
 31
0.0
  0
ARC
  5
869
330
70
100
AcDbEntity
  8
Visible
100
AcDbCircle
 10
350.72718
 20
134.782439
 30
0.0
 40
0.5000000000000001
100
AcDbArc
 50
180.000001
 51
270.000001
  0
LINE
  5
86A
330
70
100
AcDbEntity
  8
Visible
100
AcDbLine
 10
393.151932
 20
260.41601
 30
0.0
 11
392.20168
 21
260.41601
 31
0.0
  0
ARC
  5
86B
330
70
100
AcDbEntity
  8
Visible
100
AcDbCircle
 10
-392.20168
 20
259.91601
 30
0.0
 40
0.5000000000000001
210
0.0
220
0.0
230
-1.0
100
AcDbArc
 50
0.0
 51
90.0
  0
LINE
  5
86C
330
70
100
AcDbEntity
  8
Visible
100
AcDbLine
 10
391.70168
 20
259.91601
 30
0.0
 11
391.70168
 21
259.492976
 31
0.0
  0
LINE
  5
86D
330
70
100
AcDbEntity
  8
Visible
100
AcDbLine
 10
389.50168
 20
259.492976
 30
0.0
 11
389.50168
 21
259.91601
 31
0.0
  0
ARC
  5
86E
330
70
100
AcDbEntity
  8
Visible
100
AcDbCircle
 10
-389.00168
 20
259.91601
 30
0.0
 40
0.5000000000000001
210
0.0
220
0.0
230
-1.0
100
AcDbArc
 50
90.0
 51
180.0
  0
LINE
  5
86F
330
70
100
AcDbEntity
  8
Visible
100
AcDbLine
 10
389.00168
 20
260.41601
 30
0.0
 11
388.051427
 21
260.41601
 31
0.0
  0
LINE
  5
870
330
70
100
AcDbEntity
  8
Visible
100
AcDbLine
 10
228.845682
 20
260.41601
 30
0.0
 11
227.89543
 21
260.41601
 31
0.0
  0
ARC
  5
871
330
70
100
AcDbEntity
  8
Visible
100
AcDbCircle
 10
-227.89543
 20
259.91601
 30
0.0
 40
0.5000000000000001
210
0.0
220
0.0
230
-1.0
100
AcDbArc
 50
0.0
 51
90.0
  0
LINE
  5
872
330
70
100
AcDbEntity
  8
Visible
100
AcDbLine
 10
227.39543
 20
259.91601
 30
0.0
 11
227.39543
 21
259.492976
 31
0.0
  0
LINE
  5
873
330
70
100
AcDbEntity
  8
Visible
100
AcDbLine
 10
225.19543
 20
259.492976
 30
0.0
 11
225.19543
 21
259.91601
 31
0.0
  0
ARC
  5
874
330
70
100
AcDbEntity
  8
Visible
100
AcDbCircle
 10
-224.69543
 20
259.91601
 30
0.0
 40
0.5000000000000001
210
0.0
220
0.0
230
-1.0
100
AcDbArc
 50
90.0
 51
180.0
  0
LINE
  5
875
330
70
100
AcDbEntity
  8
Visible
100
AcDbLine
 10
224.69543
 20
260.41601
 30
0.0
 11
223.745177
 21
260.41601
 31
0.0
  0
LINE
  5
876
330
70
100
AcDbEntity
  8
Visible
100
AcDbLine
 10
64.539432
 20
260.41601
 30
0.0
 11
63.58918
 21
260.41601
 31
0.0
  0
ARC
  5
877
330
70
100
AcDbEntity
  8
Visible
100
AcDbCircle
 10
-63.58918
 20
259.91601
 30
0.0
 40
0.5000000000000001
210
0.0
220
0.0
230
-1.0
100
AcDbArc
 50
0.0
 51
90.0
  0
LINE
  5
878
330
70
100
AcDbEntity
  8
Visible
100
AcDbLine
 10
63.08918
 20
259.91601
 30
0.0
 11
63.08918
 21
259.492976
 31
0.0
  0
LINE
  5
879
330
70
100
AcDbEntity
  8
Visible
100
AcDbLine
 10
60.88918
 20
259.492976
 30
0.0
 11
60.88918
 21
259.91601
 31
0.0
  0
ARC
  5
87A
330
70
100
AcDbEntity
  8
Visible
100
AcDbCircle
 10
-60.38918
 20
259.91601
 30
0.0
 40
0.5000000000000001
210
0.0
220
0.0
230
-1.0
100
AcDbArc
 50
90.0
 51
180.0
  0
LINE
  5
87B
330
70
100
AcDbEntity
  8
Visible
100
AcDbLine
 10
60.38918
 20
260.41601
 30
0.0
 11
59.438927
 21
260.41601
 31
0.0
  0
ARC
  5
87C
330
70
100
AcDbEntity
  8
Visible
100
AcDbCircle
 10
53.26418
 20
143.898388
 30
0.0
 40
0.5
100
AcDbArc
 50
180.0
 51
270.0
  0
LINE
  5
87D
330
70
100
AcDbEntity
  8
Visible
100
AcDbLine
 10
56.87043
 20
143.398388
 30
0.0
 11
53.26418
 21
143.398388
 31
0.0
  0
ARC
  5
87E
330
70
100
AcDbEntity
  8
Visible
100
AcDbCircle
 10
56.87043
 20
143.898388
 30
0.0
 40
0.5
100
AcDbArc
 50
270.0
 51
0.0
  0
ARC
  5
87F
330
70
100
AcDbEntity
  8
Visible
100
AcDbCircle
 10
-73.00168
 20
141.093062
 30
0.0
 40
0.7500000000000001
210
0.0
220
0.0
230
-1.0
100
AcDbArc
 50
180.0
 51
270.0
  0
ARC
  5
880
330
70
100
AcDbEntity
  8
Visible
100
AcDbCircle
 10
59.211202
 20
139.843062
 30
0.0
 40
0.5
100
AcDbArc
 50
90.0
 51
180.0
  0
LINE
  5
881
330
70
100
AcDbEntity
  8
Visible
100
AcDbLine
 10
58.711202
 20
138.617976
 30
0.0
 11
58.711202
 21
139.843062
 31
0.0
  0
ARC
  5
882
330
70
100
AcDbEntity
  8
Visible
100
AcDbCircle
 10
59.211202
 20
138.617976
 30
0.0
 40
0.5
100
AcDbArc
 50
180.0
 51
270.0
  0
LINE
  5
883
330
70
100
AcDbEntity
  8
Visible
100
AcDbLine
 10
100.913927
 20
134.282442
 30
0.0
 11
101.86418
 21
134.282442
 31
0.0
  0
ARC
  5
884
330
70
100
AcDbEntity
  8
Visible
100
AcDbCircle
 10
101.86418
 20
134.782442
 30
0.0
 40
0.5
100
AcDbArc
 50
270.0
 51
0.0
  0
LINE
  5
885
330
70
100
AcDbEntity
  8
Visible
100
AcDbLine
 10
102.36418
 20
134.782442
 30
0.0
 11
102.36418
 21
135.205476
 31
0.0
  0
ARC
  5
886
330
70
100
AcDbEntity
  8
Visible
100
AcDbCircle
 10
-103.46418
 20
135.205476
 30
0.0
 40
1.1
210
0.0
220
0.0
230
-1.0
100
AcDbArc
 50
0.0
 51
180.0
  0
LINE
  5
887
330
70
100
AcDbEntity
  8
Visible
100
AcDbLine
 10
104.56418
 20
135.205476
 30
0.0
 11
104.56418
 21
134.782442
 31
0.0
  0
ARC
  5
888
330
70
100
AcDbEntity
  8
Visible
100
AcDbCircle
 10
105.06418
 20
134.782442
 30
0.0
 40
0.5
100
AcDbArc
 50
180.0
 51
270.0
  0
LINE
  5
889
330
70
100
AcDbEntity
  8
Visible
100
AcDbLine
 10
240.79543
 20
134.282442
 30
0.0
 11
239.845177
 21
134.282442
 31
0.0
  0
ARC
  5
88A
330
70
100
AcDbEntity
  8
Visible
100
AcDbCircle
 10
240.79543
 20
134.782442
 30
0.0
 40
0.5
100
AcDbArc
 50
270.0
 51
0.0
  0
LINE
  5
88B
330
70
100
AcDbEntity
  8
Visible
100
AcDbLine
 10
241.29543
 20
134.782442
 30
0.0
 11
241.29543
 21
135.205476
 31
0.0
  0
ARC
  5
88C
330
70
100
AcDbEntity
  8
Visible
100
AcDbCircle
 10
-242.39543
 20
135.205476
 30
0.0
 40
1.1
210
0.0
220
0.0
230
-1.0
100
AcDbArc
 50
0.0
 51
180.0
  0
LINE
  5
88D
330
70
100
AcDbEntity
  8
Visible
100
AcDbLine
 10
243.49543
 20
135.205476
 30
0.0
 11
243.49543
 21
134.782442
 31
0.0
  0
ARC
  5
88E
330
70
100
AcDbEntity
  8
Visible
100
AcDbCircle
 10
243.99543
 20
134.782442
 30
0.0
 40
0.5
100
AcDbArc
 50
180.0
 51
270.0
  0
LINE
  5
88F
330
70
100
AcDbEntity
  8
Visible
100
AcDbLine
 10
244.945682
 20
134.282442
 30
0.0
 11
243.99543
 21
134.282442
 31
0.0
  0
ARC
  5
890
330
70
100
AcDbEntity
  8
Visible
100
AcDbCircle
 10
261.836189
 20
138.617976
 30
0.0
 40
0.5
100
AcDbArc
 50
270.0
 51
0.0
  0
LINE
  5
891
330
70
100
AcDbEntity
  8
Visible
100
AcDbLine
 10
262.336189
 20
138.617976
 30
0.0
 11
262.336189
 21
139.838918
 31
0.0
  0
ARC
  5
892
330
70
100
AcDbEntity
  8
Visible
100
AcDbCircle
 10
-265.586189
 20
139.838918
 30
0.0
 40
3.25
210
0.0
220
0.0
230
-1.0
100
AcDbArc
 50
0.0
 51
180.0
  0
ARC
  5
893
330
70
100
AcDbEntity
  8
Visible
100
AcDbCircle
 10
-308.74543
 20
141.093062
 30
0.0
 40
0.7500000000000001
210
0.0
220
0.0
230
-1.0
100
AcDbArc
 50
180.0
 51
270.0
  0
ARC
  5
894
330
70
100
AcDbEntity
  8
Visible
100
AcDbCircle
 10
-317.67668
 20
141.093062
 30
0.0
 40
0.7500000000000001
210
0.0
220
0.0
230
-1.0
100
AcDbArc
 50
270.0
 51
0.0
  0
ARC
  5
895
330
70
100
AcDbEntity
  8
Visible
100
AcDbCircle
 10
-81.93293
 20
141.093062
 30
0.0
 40
0.7500000000000001
210
0.0
220
0.0
230
-1.0
100
AcDbArc
 50
270.0
 51
0.0
  0
ENDSEC
  0
SECTION
  2
OBJECTS
  0
DICTIONARY
  5
C
330
0
100
AcDbDictionary
281
     1
  3
ACAD_COLOR
350
63
  3
ACAD_DETAILVIEWSTYLE
350
6A
  3
ACAD_GROUP
350
D
  3
ACAD_LAYOUT
350
62
  3
ACAD_MATERIAL
350
10
  3
ACAD_MLEADERSTYLE
350
66
  3
ACAD_MLINESTYLE
350
5F
  3
ACAD_PLOTSETTINGS
350
61
  3
ACAD_PLOTSTYLENAME
350
E
  3
ACAD_SCALELIST
350
42
  3
ACAD_SECTIONVIEWSTYLE
350
68
  3
ACAD_TABLESTYLE
350
64
  3
ACAD_VISUALSTYLE
350
29
  3
ACDB_RECOMPOSE_DATA
350
8A0
  3
AcDbVariableDictionary
350
897
  0
DICTIONARY
  5
AE
330
70
100
AcDbDictionary
280
     1
281
     1
  3
ACAD_SORTENTS
360
AF
  0
DICTIONARY
  5
63
102
{ACAD_REACTORS
330
C
102
}
330
C
100
AcDbDictionary
281
     1
  0
DICTIONARY
  5
6A
102
{ACAD_REACTORS
330
C
102
}
330
C
100
AcDbDictionary
281
     1
  3
Imperial24
350
6B
  0
DICTIONARY
  5
D
102
{ACAD_REACTORS
330
C
102
}
330
C
100
AcDbDictionary
281
     1
  0
DICTIONARY
  5
62
102
{ACAD_REACTORS
330
C
102
}
330
C
100
AcDbDictionary
281
     1
  3
Model
350
73
  3
Sheet1
350
6F
  3
Sheet2
350
77
  0
DICTIONARY
  5
10
102
{ACAD_REACTORS
330
C
102
}
330
C
100
AcDbDictionary
281
     1
  3
ByBlock
350
19
  3
ByLayer
350
11
  3
Global
350
21
  0
DICTIONARY
  5
66
102
{ACAD_REACTORS
330
C
102
}
330
C
100
AcDbDictionary
281
     1
  3
Standard
350
67
  0
DICTIONARY
  5
5F
102
{ACAD_REACTORS
330
C
102
}
330
C
100
AcDbDictionary
281
     1
  3
Standard
350
60
  0
DICTIONARY
  5
61
102
{ACAD_REACTORS
330
C
102
}
330
C
100
AcDbDictionary
281
     1
  0
ACDBDICTIONARYWDFLT
  5
E
102
{ACAD_REACTORS
330
C
102
}
330
C
100
AcDbDictionary
281
     1
  3
Normal
350
F
100
AcDbDictionaryWithDefault
340
F
  0
DICTIONARY
  5
42
102
{ACAD_REACTORS
330
C
102
}
330
C
100
AcDbDictionary
281
     1
  3
*A1
350
9E
  3
*A10
350
A7
  3
*A11
350
A8
  3
*A12
350
A9
  3
*A13
350
AA
  3
*A14
350
AB
  3
*A15
350
AC
  3
*A16
350
AD
  3
*A2
350
9F
  3
*A3
350
A0
  3
*A4
350
A1
  3
*A5
350
A2
  3
*A6
350
A3
  3
*A7
350
A4
  3
*A8
350
A5
  3
*A9
350
A6
  3
A0
350
43
  3
A1
350
44
  3
A2
350
45
  3
A3
350
46
  3
A4
350
47
  3
A5
350
48
  3
A6
350
49
  3
A7
350
4A
  3
A8
350
4B
  3
A9
350
4C
  3
B0
350
4D
  3
B1
350
4E
  3
B2
350
4F
  3
B3
350
50
  3
B4
350
51
  3
B5
350
52
  3
B6
350
53
  0
DICTIONARY
  5
68
102
{ACAD_REACTORS
330
C
102
}
330
C
100
AcDbDictionary
281
     1
  3
Imperial24
350
69
  0
DICTIONARY
  5
64
102
{ACAD_REACTORS
330
C
102
}
330
C
100
AcDbDictionary
281
     1
  3
Standard
350
65
  0
DICTIONARY
  5
29
102
{ACAD_REACTORS
330
C
102
}
330
C
100
AcDbDictionary
281
     1
  3
2dWireframe
350
2F
  3
Basic
350
2E
  3
Brighten
350
35
  3
ColorChange
350
39
  3
Conceptual
350
32
  3
Dim
350
34
  3
EdgeColorOff
350
41
  3
Facepattern
350
38
  3
Flat
350
2A
  3
FlatWithEdges
350
2B
  3
Gouraud
350
2C
  3
GouraudWithEdges
350
2D
  3
Hidden
350
31
  3
JitterOff
350
3F
  3
Linepattern
350
37
  3
OverhangOff
350
40
  3
Realistic
350
33
  3
Shaded
350
3E
  3
Shaded with edges
350
3D
  3
Shades of Gray
350
3A
  3
Sketchy
350
3B
  3
Thicken
350
36
  3
Wireframe
350
30
  3
X-Ray
350
3C
  0
XRECORD
  5
8A0
102
{ACAD_REACTORS
330
C
102
}
330
C
100
AcDbXrecord
280
     1
 90
        1
330
65
  0
DICTIONARY
  5
897
102
{ACAD_REACTORS
330
C
102
}
330
C
100
AcDbDictionary
281
     1
  3
ANNOALLVISIBLE
350
89C
  3
CANNOSCALE
350
89D
  3
CMLEADERSTYLE
350
899
  3
CTABLESTYLE
350
898
  3
CVIEWDETAILSTYLE
350
89A
  3
CVIEWSECTIONSTYLE
350
89B
  0
SORTENTSTABLE
  5
AF
102
{ACAD_REACTORS
330
AE
102
}
330
AE
100
AcDbSortentsTable
330
70
  0
ACDBDETAILVIEWSTYLE
  5
6B
102
{ACAD_XDICTIONARY
360
8A3
102
}
102
{ACAD_REACTORS
330
6A
102
}
330
6A
100
AcDbModelDocViewStyle
 70
     0
  3
Imperial24
290
     0
100
AcDbDetailViewStyle
 70
     0
 71
     0
 90
        3
 71
     1
340
55
 62
   256
 40
0.24
340
0
 62
   256
 40
0.24
300

 40
0.36
280
     3
 71
     2
340
5D
 90
       25
 62
   256
 71
     3
340
55
 62
   256
 40
0.24
 90
        1
 40
0.75
 90
        1
300
%<\AcVar ViewType \f "%tc1">% %<\AcVar ViewDetailId>%\PSCALE %<\AcVar ViewScale \f "%sn">%
 71
     4
340
5D
 90
       25
 62
   256
340
5D
 90
       25
 62
   256
280
     0
  0
LAYOUT
  5
73
102
{ACAD_REACTORS
330
62
102
}
330
62
100
AcDbPlotSettings
  1

  2
AutoCAD PDF (High Quality Print).pc3
  4
ISO_full_bleed_A3_(420.00_x_297.00_MM)
  6

 40
0.0
 41
0.0
 42
0.0
 43
0.0
 44
420.0
 45
297.0
 46
0.0
 47
0.0
 48
0.0
 49
0.0
140
0.0
141
0.0
142
1.0
143
1.548946
 70
 11952
 72
     1
 73
     0
 74
     0
  7

 75
     0
147
0.6456
 76
     0
 77
     2
 78
   300
148
155.258115
149
-78.80854
100
AcDbLayout
  1
Model
 70
     1
 71
     0
 10
0.0
 20
0.0
 11
12.0
 21
9.0
 12
0.0
 22
0.0
 32
0.0
 14
0.0
 24
0.0
 34
0.0
 15
0.0
 25
0.0
 35
0.0
146
0.0
 13
0.0
 23
0.0
 33
0.0
 16
1.0
 26
0.0
 36
0.0
 17
0.0
 27
1.0
 37
0.0
 76
     0
330
70
1001
ACAD_PSEXT
1000
AutoCAD PDF (High Quality Print).pc3
1000
DWG To PDF
1000
File
1000

1070
     0
  0
LAYOUT
  5
6F
102
{ACAD_REACTORS
330
62
102
}
330
62
100
AcDbPlotSettings
  1

  2
None
  4

  6

 40
0.0
 41
0.0
 42
0.0
 43
0.0
 44
0.0
 45
0.0
 46
0.0
 47
0.0
 48
0.0
 49
0.0
140
0.0
141
0.0
142
1.0
143
1.0
 70
   688
 72
     0
 73
     0
 74
     5
  7

 75
    16
147
1.0
 76
     0
 77
     2
 78
   300
148
0.0
149
0.0
100
AcDbLayout
  1
Sheet1
 70
     1
 71
     1
 10
0.0
 20
0.0
 11
12.0
 21
9.0
 12
0.0
 22
0.0
 32
0.0
 14
0.0
 24
0.0
 34
0.0
 15
0.0
 25
0.0
 35
0.0
146
0.0
 13
0.0
 23
0.0
 33
0.0
 16
1.0
 26
0.0
 36
0.0
 17
0.0
 27
1.0
 37
0.0
 76
     0
330
6C
  0
LAYOUT
  5
77
102
{ACAD_REACTORS
330
62
102
}
330
62
100
AcDbPlotSettings
  1

  2
None
  4

  6

 40
0.0
 41
0.0
 42
0.0
 43
0.0
 44
0.0
 45
0.0
 46
0.0
 47
0.0
 48
0.0
 49
0.0
140
0.0
141
0.0
142
1.0
143
1.0
 70
   688
 72
     0
 73
     0
 74
     5
  7

 75
    16
147
1.0
 76
     0
 77
     2
 78
   300
148
0.0
149
0.0
100
AcDbLayout
  1
Sheet2
 70
     1
 71
     2
 10
0.0
 20
0.0
 11
12.0
 21
9.0
 12
0.0
 22
0.0
 32
0.0
 14
0.0
 24
0.0
 34
0.0
 15
0.0
 25
0.0
 35
0.0
146
0.0
 13
0.0
 23
0.0
 33
0.0
 16
1.0
 26
0.0
 36
0.0
 17
0.0
 27
1.0
 37
0.0
 76
     0
330
74
  0
MATERIAL
  5
19
102
{ACAD_XDICTIONARY
360
1A
102
}
102
{ACAD_REACTORS
330
10
102
}
330
10
100
AcDbMaterial
  1
ByBlock
 72
     0
 43
0.020833
 43
0.0
 43
0.0
 43
0.0
 43
0.0
 43
0.020833
 43
0.0
 43
0.0
 43
0.0
 43
0.0
 43
1.0
 43
0.0
 43
0.0
 43
0.0
 43
0.0
 43
1.0
 77
     0
 47
0.020833
 47
0.0
 47
0.0
 47
0.0
 47
0.0
 47
0.020833
 47
0.0
 47
0.0
 47
0.0
 47
0.0
 47
1.0
 47
0.0
 47
0.0
 47
0.0
 47
0.0
 47
1.0
171
     0
 49
0.020833
 49
0.0
 49
0.0
 49
0.0
 49
0.0
 49
0.020833
 49
0.0
 49
0.0
 49
0.0
 49
0.0
 49
1.0
 49
0.0
 49
0.0
 49
0.0
 49
0.0
 49
1.0
175
     0
142
0.020833
142
0.0
142
0.0
142
0.0
142
0.0
142
0.020833
142
0.0
142
0.0
142
0.0
142
0.0
142
1.0
142
0.0
142
0.0
142
0.0
142
0.0
142
1.0
179
     0
144
0.020833
144
0.0
144
0.0
144
0.0
144
0.0
144
0.020833
144
0.0
144
0.0
144
0.0
144
0.0
144
1.0
144
0.0
144
0.0
144
0.0
144
0.0
144
1.0
147
0.020833
147
0.0
147
0.0
147
0.0
147
0.0
147
0.020833
147
0.0
147
0.0
147
0.0
147
0.0
147
1.0
147
0.0
147
0.0
147
0.0
147
0.0
147
1.0
  0
MATERIAL
  5
11
102
{ACAD_XDICTIONARY
360
12
102
}
102
{ACAD_REACTORS
330
10
102
}
330
10
100
AcDbMaterial
  1
ByLayer
 72
     0
 43
0.020833
 43
0.0
 43
0.0
 43
0.0
 43
0.0
 43
0.020833
 43
0.0
 43
0.0
 43
0.0
 43
0.0
 43
1.0
 43
0.0
 43
0.0
 43
0.0
 43
0.0
 43
1.0
 77
     0
 47
0.020833
 47
0.0
 47
0.0
 47
0.0
 47
0.0
 47
0.020833
 47
0.0
 47
0.0
 47
0.0
 47
0.0
 47
1.0
 47
0.0
 47
0.0
 47
0.0
 47
0.0
 47
1.0
171
     0
 49
0.020833
 49
0.0
 49
0.0
 49
0.0
 49
0.0
 49
0.020833
 49
0.0
 49
0.0
 49
0.0
 49
0.0
 49
1.0
 49
0.0
 49
0.0
 49
0.0
 49
0.0
 49
1.0
175
     0
142
0.020833
142
0.0
142
0.0
142
0.0
142
0.0
142
0.020833
142
0.0
142
0.0
142
0.0
142
0.0
142
1.0
142
0.0
142
0.0
142
0.0
142
0.0
142
1.0
179
     0
144
0.020833
144
0.0
144
0.0
144
0.0
144
0.0
144
0.020833
144
0.0
144
0.0
144
0.0
144
0.0
144
1.0
144
0.0
144
0.0
144
0.0
144
0.0
144
1.0
147
0.020833
147
0.0
147
0.0
147
0.0
147
0.0
147
0.020833
147
0.0
147
0.0
147
0.0
147
0.0
147
1.0
147
0.0
147
0.0
147
0.0
147
0.0
147
1.0
  0
MATERIAL
  5
21
102
{ACAD_XDICTIONARY
360
22
102
}
102
{ACAD_REACTORS
330
10
102
}
330
10
100
AcDbMaterial
  1
Global
 72
     0
 43
0.020833
 43
0.0
 43
0.0
 43
0.0
 43
0.0
 43
0.020833
 43
0.0
 43
0.0
 43
0.0
 43
0.0
 43
1.0
 43
0.0
 43
0.0
 43
0.0
 43
0.0
 43
1.0
 77
     0
 47
0.020833
 47
0.0
 47
0.0
 47
0.0
 47
0.0
 47
0.020833
 47
0.0
 47
0.0
 47
0.0
 47
0.0
 47
1.0
 47
0.0
 47
0.0
 47
0.0
 47
0.0
 47
1.0
171
     0
 49
0.020833
 49
0.0
 49
0.0
 49
0.0
 49
0.0
 49
0.020833
 49
0.0
 49
0.0
 49
0.0
 49
0.0
 49
1.0
 49
0.0
 49
0.0
 49
0.0
 49
0.0
 49
1.0
175
     0
142
0.020833
142
0.0
142
0.0
142
0.0
142
0.0
142
0.020833
142
0.0
142
0.0
142
0.0
142
0.0
142
1.0
142
0.0
142
0.0
142
0.0
142
0.0
142
1.0
179
     0
144
0.020833
144
0.0
144
0.0
144
0.0
144
0.0
144
0.020833
144
0.0
144
0.0
144
0.0
144
0.0
144
1.0
144
0.0
144
0.0
144
0.0
144
0.0
144
1.0
147
0.020833
147
0.0
147
0.0
147
0.0
147
0.0
147
0.020833
147
0.0
147
0.0
147
0.0
147
0.0
147
1.0
147
0.0
147
0.0
147
0.0
147
0.0
147
1.0
  0
MLEADERSTYLE
  5
67
102
{ACAD_REACTORS
330
66
102
}
330
66
100
AcDbMLeaderStyle
179
     2
170
     2
171
     1
172
     0
 90
        2
 40
0.0
 41
0.0
173
     1
 91
-1056964608
340
5B
 92
       -2
290
     1
 42
0.09
291
     1
 43
0.36
  3
Standard
 44
0.18
300

342
55
174
     1
178
     6
175
     1
176
     0
 93
-1056964608
 45
0.18
292
     0
297
     0
 46
0.18
 94
-1056964608
 47
1.0
 49
1.0
140
1.0
293
     1
141
0.0
294
     1
177
     0
142
1.0
295
     0
296
     0
143
0.125
271
     0
272
     9
273
     9
298
     1
  0
MLINESTYLE
  5
60
102
{ACAD_REACTORS
330
5F
102
}
330
5F
100
AcDbMlineStyle
  2
STANDARD
 70
     0
  3

 62
   256
 51
90.0
 52
90.0
 71
     0
  0
ACDBPLACEHOLDER
  5
F
102
{ACAD_REACTORS
330
E
102
}
330
E
  0
SCALE
  5
9E
102
{ACAD_REACTORS
330
42
102
}
330
42
100
AcDbScale
 70
     0
300
1:2
140
1.0
141
2.0
290
     0
  0
SCALE
  5
A7
102
{ACAD_REACTORS
330
42
102
}
330
42
100
AcDbScale
 70
     0
300
1:50
140
1.0
141
50.0
290
     0
  0
SCALE
  5
A8
102
{ACAD_REACTORS
330
42
102
}
330
42
100
AcDbScale
 70
     0
300
1:100
140
1.0
141
100.0
290
     0
  0
SCALE
  5
A9
102
{ACAD_REACTORS
330
42
102
}
330
42
100
AcDbScale
 70
     0
300
2:1
140
2.0
141
1.0
290
     0
  0
SCALE
  5
AA
102
{ACAD_REACTORS
330
42
102
}
330
42
100
AcDbScale
 70
     0
300
4:1
140
4.0
141
1.0
290
     0
  0
SCALE
  5
AB
102
{ACAD_REACTORS
330
42
102
}
330
42
100
AcDbScale
 70
     0
300
8:1
140
8.0
141
1.0
290
     0
  0
SCALE
  5
AC
102
{ACAD_REACTORS
330
42
102
}
330
42
100
AcDbScale
 70
     0
300
10:1
140
10.0
141
1.0
290
     0
  0
SCALE
  5
AD
102
{ACAD_REACTORS
330
42
102
}
330
42
100
AcDbScale
 70
     0
300
100:1
140
100.0
141
1.0
290
     0
  0
SCALE
  5
9F
102
{ACAD_REACTORS
330
42
102
}
330
42
100
AcDbScale
 70
     0
300
1:4
140
1.0
141
4.0
290
     0
  0
SCALE
  5
A0
102
{ACAD_REACTORS
330
42
102
}
330
42
100
AcDbScale
 70
     0
300
1:5
140
1.0
141
5.0
290
     0
  0
SCALE
  5
A1
102
{ACAD_REACTORS
330
42
102
}
330
42
100
AcDbScale
 70
     0
300
1:8
140
1.0
141
8.0
290
     0
  0
SCALE
  5
A2
102
{ACAD_REACTORS
330
42
102
}
330
42
100
AcDbScale
 70
     0
300
1:10
140
1.0
141
10.0
290
     0
  0
SCALE
  5
A3
102
{ACAD_REACTORS
330
42
102
}
330
42
100
AcDbScale
 70
     0
300
1:16
140
1.0
141
16.0
290
     0
  0
SCALE
  5
A4
102
{ACAD_REACTORS
330
42
102
}
330
42
100
AcDbScale
 70
     0
300
1:20
140
1.0
141
20.0
290
     0
  0
SCALE
  5
A5
102
{ACAD_REACTORS
330
42
102
}
330
42
100
AcDbScale
 70
     0
300
1:30
140
1.0
141
30.0
290
     0
  0
SCALE
  5
A6
102
{ACAD_REACTORS
330
42
102
}
330
42
100
AcDbScale
 70
     0
300
1:40
140
1.0
141
40.0
290
     0
  0
SCALE
  5
43
102
{ACAD_REACTORS
330
42
102
}
330
42
100
AcDbScale
 70
     0
300
1:1
140
1.0
141
1.0
290
     1
  0
SCALE
  5
44
102
{ACAD_REACTORS
330
42
102
}
330
42
100
AcDbScale
 70
     0
300
1/128" = 1'-0"
140
0.007813
141
12.0
290
     0
  0
SCALE
  5
45
102
{ACAD_REACTORS
330
42
102
}
330
42
100
AcDbScale
 70
     0
300
1/64" = 1'-0"
140
0.015625
141
12.0
290
     0
  0
SCALE
  5
46
102
{ACAD_REACTORS
330
42
102
}
330
42
100
AcDbScale
 70
     0
300
1/32" = 1'-0"
140
0.03125
141
12.0
290
     0
  0
SCALE
  5
47
102
{ACAD_REACTORS
330
42
102
}
330
42
100
AcDbScale
 70
     0
300
1/16" = 1'-0"
140
0.0625
141
12.0
290
     0
  0
SCALE
  5
48
102
{ACAD_REACTORS
330
42
102
}
330
42
100
AcDbScale
 70
     0
300
3/32" = 1'-0"
140
0.09375
141
12.0
290
     0
  0
SCALE
  5
49
102
{ACAD_REACTORS
330
42
102
}
330
42
100
AcDbScale
 70
     0
300
1/8" = 1'-0"
140
0.125
141
12.0
290
     0
  0
SCALE
  5
4A
102
{ACAD_REACTORS
330
42
102
}
330
42
100
AcDbScale
 70
     0
300
3/16" = 1'-0"
140
0.1875
141
12.0
290
     0
  0
SCALE
  5
4B
102
{ACAD_REACTORS
330
42
102
}
330
42
100
AcDbScale
 70
     0
300
1/4" = 1'-0"
140
0.25
141
12.0
290
     0
  0
SCALE
  5
4C
102
{ACAD_REACTORS
330
42
102
}
330
42
100
AcDbScale
 70
     0
300
3/8" = 1'-0"
140
0.375
141
12.0
290
     0
  0
SCALE
  5
4D
102
{ACAD_REACTORS
330
42
102
}
330
42
100
AcDbScale
 70
     0
300
1/2" = 1'-0"
140
0.5
141
12.0
290
     0
  0
SCALE
  5
4E
102
{ACAD_REACTORS
330
42
102
}
330
42
100
AcDbScale
 70
     0
300
3/4" = 1'-0"
140
0.75
141
12.0
290
     0
  0
SCALE
  5
4F
102
{ACAD_REACTORS
330
42
102
}
330
42
100
AcDbScale
 70
     0
300
1" = 1'-0"
140
1.0
141
12.0
290
     0
  0
SCALE
  5
50
102
{ACAD_REACTORS
330
42
102
}
330
42
100
AcDbScale
 70
     0
300
1-1/2" = 1'-0"
140
1.5
141
12.0
290
     0
  0
SCALE
  5
51
102
{ACAD_REACTORS
330
42
102
}
330
42
100
AcDbScale
 70
     0
300
3" = 1'-0"
140
3.0
141
12.0
290
     0
  0
SCALE
  5
52
102
{ACAD_REACTORS
330
42
102
}
330
42
100
AcDbScale
 70
     0
300
6" = 1'-0"
140
6.0
141
12.0
290
     0
  0
SCALE
  5
53
102
{ACAD_REACTORS
330
42
102
}
330
42
100
AcDbScale
 70
     0
300
1'-0" = 1'-0"
140
12.0
141
12.0
290
     0
  0
ACDBSECTIONVIEWSTYLE
  5
69
102
{ACAD_XDICTIONARY
360
8A1
102
}
102
{ACAD_REACTORS
330
68
102
}
330
68
100
AcDbModelDocViewStyle
 70
     0
  3
Imperial24
290
     0
100
AcDbSectionViewStyle
 70
     0
 71
     0
 90
       78
 71
     1
340
55
 62
   256
 40
0.24
340
0
340
0
 62
   256
 40
0.24
300
I, O, Q, S, X, Z
 40
0.48
 90
        3
 40
0.18
 90
        1
 71
     2
340
5D
 90
       25
 62
   256
340
5D
 90
       50
 62
   256
 40
0.24
 40
0.0
 40
0.24
 71
     3
340
55
 62
   256
 40
0.24
 90
        1
 40
0.75
 90
        1
300
%<\AcVar ViewType \f "%tc1">% %<\AcVar ViewSectionStartId>%-%<\AcVar ViewSectionEndId>%\PSCALE %<\AcVar ViewScale \f "%sn">%
 71
     4
 62
   256
 62
   257
300
ANSI31
 40
1.0
 90
        0
290
     0
290
     0
 90
        6
 40
0.0
 40
1.570796
 40
0.261799
 40
1.308997
 40
-0.261799
 40
1.832596
  0
TABLESTYLE
  5
65
102
{ACAD_XDICTIONARY
360
89E
102
}
102
{ACAD_REACTORS
330
64
102
}
330
64
100
AcDbTableStyle
280
     0
  3
Standard
 70
     0
 71
     0
 40
1.5
 41
1.5
280
     0
281
     0
  7
Standard
140
0.18
170
     2
 62
     0
 63
     7
283
     0
 90
      512
 91
        0
  1

274
    -2
284
     1
 64
     0
275
    -2
285
     1
 65
     0
276
    -2
286
     1
 66
     0
277
    -2
287
     1
 67
     0
278
    -2
288
     1
 68
     0
279
    -2
289
     1
 69
     0
  7
Standard
140
0.25
170
     5
 62
     0
 63
     7
283
     0
 90
      512
 91
        0
  1

274
    -2
284
     1
 64
     0
275
    -2
285
     1
 65
     0
276
    -2
286
     1
 66
     0
277
    -2
287
     1
 67
     0
278
    -2
288
     1
 68
     0
279
    -2
289
     1
 69
     0
  7
Standard
140
0.18
170
     5
 62
     0
 63
     7
283
     0
 90
      512
 91
        0
  1

274
    -2
284
     1
 64
     0
275
    -2
285
     1
 65
     0
276
    -2
286
     1
 66
     0
277
    -2
287
     1
 67
     0
278
    -2
288
     1
 68
     0
279
    -2
289
     1
 69
     0
  0
VISUALSTYLE
  5
2F
102
{ACAD_REACTORS
330
29
102
}
330
29
100
AcDbVisualStyle
  2
2dWireframe
 70
     4
177
     3
291
     0
 70
    58
 90
        0
176
     1
 90
        2
176
     1
 90
        0
176
     1
 90
        0
176
     1
 40
0.6
176
     1
 40
30.0
176
     1
 62
     7
420
 16777215
176
     1
 90
        1
176
     1
 90
        4
176
     1
 62
     7
176
     1
 62
   257
176
     1
 90
        1
176
     1
 90
        1
176
     1
 40
1.0
176
     1
 90
        0
176
     1
 62
   257
176
     1
 40
1.0
176
     1
 90
        1
176
     1
 90
        6
176
     1
 90
        2
176
     1
 62
     7
176
     1
 90
        5
176
     1
 90
        0
176
     1
 90
        0
176
     1
290
     0
176
     1
 90
        1
176
     1
 40
0.0
176
     1
 90
        0
176
     1
290
     1
176
     1
290
     1
176
     1
290
     0
176
     1
290
     0
176
     1
290
     0
176
     1
290
     0
176
     1
290
     0
176
     1
290
     0
176
     1
290
     0
176
     1
 90
       50
176
     1
 40
0.0
176
     1
 40
1.0
176
     1
 90
        0
176
     1
 62
    18
420
        0
176
     1
 90
       50
176
     1
 90
        3
176
     1
 62
     5
420
      255
176
     1
290
     0
176
     1
 90
       50
176
     1
 90
       50
176
     1
 90
       50
176
     1
290
     0
176
     1
 90
       50
176
     1
 62
   256
176
     0
 40
1.0
176
     0
 90
        2
176
     1
  1
strokes_ogs.tif
176
     1
290
     0
176
     1
 40
1.0
176
     1
 40
1.0
176
     1
1001
ACAD
1000
AcDbSavedByObjectVersion
1070
     0
  0
VISUALSTYLE
  5
2E
102
{ACAD_REACTORS
330
29
102
}
330
29
100
AcDbVisualStyle
  2
Basic
 70
     7
177
     3
291
     1
 70
    58
 90
        1
176
     1
 90
        0
176
     1
 90
        1
176
     1
 90
        0
176
     1
 40
0.6
176
     1
 40
30.0
176
     1
 62
     7
420
 16777215
176
     1
 90
        0
176
     1
 90
        4
176
     1
 62
     7
176
     1
 62
   257
176
     1
 90
        1
176
     1
 90
        1
176
     1
 40
1.0
176
     1
 90
        8
176
     1
 62
     7
176
     1
 40
1.0
176
     1
 90
        1
176
     1
 90
        6
176
     1
 90
        2
176
     1
 62
     7
176
     1
 90
        5
176
     1
 90
        0
176
     1
 90
        0
176
     1
290
     0
176
     1
 90
        1
176
     1
 40
0.0
176
     1
 90
        0
176
     1
290
     0
176
     1
290
     1
176
     1
290
     1
176
     1
290
     0
176
     1
290
     0
176
     1
290
     0
176
     1
290
     0
176
     1
290
     0
176
     1
290
     0
176
     1
 90
       50
176
     1
 40
0.0
176
     1
 40
1.0
176
     1
 90
        0
176
     1
 62
    18
420
        0
176
     1
 90
       50
176
     1
 90
        3
176
     1
 62
     5
420
      255
176
     1
290
     0
176
     1
 90
       50
176
     1
 90
       50
176
     1
 90
       50
176
     1
290
     0
176
     1
 90
       50
176
     1
 62
   256
176
     0
 40
1.0
176
     0
 90
        2
176
     1
  1
strokes_ogs.tif
176
     1
290
     0
176
     1
 40
1.0
176
     1
 40
1.0
176
     1
1001
ACAD
1000
AcDbSavedByObjectVersion
1070
     0
  0
VISUALSTYLE
  5
35
102
{ACAD_REACTORS
330
29
102
}
330
29
100
AcDbVisualStyle
  2
Brighten
 70
    12
177
     3
291
     1
 70
    58
 90
        2
176
     1
 90
        2
176
     1
 90
        0
176
     1
 90
        0
176
     1
 40
0.6
176
     1
 40
30.0
176
     1
 62
     7
420
 16777215
176
     1
 90
        1
176
     1
 90
        4
176
     1
 62
     7
176
     1
 62
   257
176
     1
 90
        1
176
     1
 90
        1
176
     1
 40
1.0
176
     1
 90
        8
176
     1
 62
     7
176
     1
 40
1.0
176
     1
 90
        1
176
     1
 90
        6
176
     1
 90
        2
176
     1
 62
     7
176
     1
 90
        5
176
     1
 90
        0
176
     1
 90
        0
176
     1
290
     0
176
     1
 90
        1
176
     1
 40
50.0
176
     1
 90
        0
176
     1
290
     0
176
     1
290
     1
176
     1
290
     1
176
     1
290
     0
176
     1
290
     0
176
     1
290
     0
176
     1
290
     0
176
     1
290
     0
176
     1
290
     0
176
     1
 90
       50
176
     1
 40
0.0
176
     1
 40
1.0
176
     1
 90
        0
176
     1
 62
    18
420
        0
176
     1
 90
       50
176
     1
 90
        3
176
     1
 62
     5
420
      255
176
     1
290
     0
176
     1
 90
       50
176
     1
 90
       50
176
     1
 90
       50
176
     1
290
     0
176
     1
 90
       50
176
     1
 62
   256
176
     0
 40
1.0
176
     0
 90
        2
176
     1
  1
strokes_ogs.tif
176
     1
290
     0
176
     1
 40
1.0
176
     1
 40
1.0
176
     1
1001
ACAD
1000
AcDbSavedByObjectVersion
1070
     0
  0
VISUALSTYLE
  5
39
102
{ACAD_REACTORS
330
29
102
}
330
29
100
AcDbVisualStyle
  2
ColorChange
 70
    16
177
     3
291
     1
 70
    58
 90
        2
176
     1
 90
        2
176
     1
 90
        3
176
     1
 90
        0
176
     1
 40
0.6
176
     1
 40
30.0
176
     1
 62
     8
420
  8421504
176
     1
 90
        1
176
     1
 90
        4
176
     1
 62
     7
176
     1
 62
   257
176
     1
 90
        1
176
     1
 90
        1
176
     1
 40
1.0
176
     1
 90
        8
176
     1
 62
     8
420
  8421504
176
     1
 40
1.0
176
     1
 90
        1
176
     1
 90
        6
176
     1
 90
        2
176
     1
 62
     7
176
     1
 90
        5
176
     1
 90
        0
176
     1
 90
        0
176
     1
290
     0
176
     1
 90
        1
176
     1
 40
0.0
176
     1
 90
        0
176
     1
290
     0
176
     1
290
     1
176
     1
290
     1
176
     1
290
     0
176
     1
290
     0
176
     1
290
     0
176
     1
290
     0
176
     1
290
     0
176
     1
290
     0
176
     1
 90
       50
176
     1
 40
0.0
176
     1
 40
1.0
176
     1
 90
        0
176
     1
 62
    18
420
        0
176
     1
 90
       50
176
     1
 90
        3
176
     1
 62
     5
420
      255
176
     1
290
     0
176
     1
 90
       50
176
     1
 90
       50
176
     1
 90
       50
176
     1
290
     0
176
     1
 90
       50
176
     1
 62
   256
176
     0
 40
1.0
176
     0
 90
        2
176
     1
  1
strokes_ogs.tif
176
     1
290
     0
176
     1
 40
1.0
176
     1
 40
1.0
176
     1
1001
ACAD
1000
AcDbSavedByObjectVersion
1070
     0
  0
VISUALSTYLE
  5
32
102
{ACAD_REACTORS
330
29
102
}
330
29
100
AcDbVisualStyle
  2
Conceptual
 70
     9
177
     3
291
     0
 70
    58
 90
        3
176
     1
 90
        2
176
     1
 90
        0
176
     1
 90
        0
176
     1
 40
0.6
176
     1
 40
30.0
176
     1
 62
     7
420
 16777215
176
     1
 90
        2
176
     1
 90
        2
176
     1
 62
     7
176
     1
 62
   257
176
     1
 90
        1
176
     1
 90
        1
176
     1
 40
179.0
176
     1
 90
        8
176
     1
 62
     7
176
     1
 40
1.0
176
     1
 90
        1
176
     1
 90
        6
176
     1
 90
        2
176
     1
 62
     7
176
     1
 90
        3
176
     1
 90
        0
176
     1
 90
        0
176
     1
290
     0
176
     1
 90
        1
176
     1
 40
0.0
176
     1
 90
        0
176
     1
290
     0
176
     1
290
     1
176
     1
290
     1
176
     1
290
     0
176
     1
290
     0
176
     1
290
     0
176
     1
290
     0
176
     1
290
     0
176
     1
290
     0
176
     1
 90
       50
176
     1
 40
0.0
176
     1
 40
1.0
176
     1
 90
        0
176
     1
 62
    18
420
        0
176
     1
 90
       50
176
     1
 90
        3
176
     1
 62
     5
420
      255
176
     1
290
     0
176
     1
 90
       50
176
     1
 90
       50
176
     1
 90
       50
176
     1
290
     0
176
     1
 90
       50
176
     1
 62
   256
176
     0
 40
1.0
176
     0
 90
        2
176
     1
  1
strokes_ogs.tif
176
     1
290
     0
176
     1
 40
1.0
176
     1
 40
1.0
176
     1
1001
ACAD
1000
AcDbSavedByObjectVersion
1070
     0
  0
VISUALSTYLE
  5
34
102
{ACAD_REACTORS
330
29
102
}
330
29
100
AcDbVisualStyle
  2
Dim
 70
    11
177
     3
291
     1
 70
    58
 90
        2
176
     1
 90
        2
176
     1
 90
        0
176
     1
 90
        0
176
     1
 40
0.6
176
     1
 40
30.0
176
     1
 62
     7
420
 16777215
176
     1
 90
        1
176
     1
 90
        4
176
     1
 62
     7
176
     1
 62
   257
176
     1
 90
        1
176
     1
 90
        1
176
     1
 40
1.0
176
     1
 90
        8
176
     1
 62
     7
176
     1
 40
1.0
176
     1
 90
        1
176
     1
 90
        6
176
     1
 90
        2
176
     1
 62
     7
176
     1
 90
        5
176
     1
 90
        0
176
     1
 90
        0
176
     1
290
     0
176
     1
 90
        1
176
     1
 40
-50.0
176
     1
 90
        0
176
     1
290
     0
176
     1
290
     1
176
     1
290
     1
176
     1
290
     0
176
     1
290
     0
176
     1
290
     0
176
     1
290
     0
176
     1
290
     0
176
     1
290
     0
176
     1
 90
       50
176
     1
 40
0.0
176
     1
 40
1.0
176
     1
 90
        0
176
     1
 62
    18
420
        0
176
     1
 90
       50
176
     1
 90
        3
176
     1
 62
     5
420
      255
176
     1
290
     0
176
     1
 90
       50
176
     1
 90
       50
176
     1
 90
       50
176
     1
290
     0
176
     1
 90
       50
176
     1
 62
   256
176
     0
 40
1.0
176
     0
 90
        2
176
     1
  1
strokes_ogs.tif
176
     1
290
     0
176
     1
 40
1.0
176
     1
 40
1.0
176
     1
1001
ACAD
1000
AcDbSavedByObjectVersion
1070
     0
  0
VISUALSTYLE
  5
41
102
{ACAD_REACTORS
330
29
102
}
330
29
100
AcDbVisualStyle
  2
EdgeColorOff
 70
    22
177
     3
291
     1
 70
    58
 90
        2
176
     0
 90
        2
176
     0
 90
        0
176
     0
 90
        0
176
     0
 40
0.6
176
     0
 40
30.0
176
     0
 62
     7
420
 16777215
176
     0
 90
        1
176
     0
 90
        4
176
     0
 62
     7
176
     0
 62
   257
176
     0
 90
        1
176
     0
 90
        1
176
     0
 40
1.0
176
     0
 90
        8
176
     2
 62
     7
176
     0
 40
1.0
176
     0
 90
        1
176
     0
 90
        6
176
     0
 90
        2
176
     0
 62
     7
176
     0
 90
        5
176
     0
 90
        0
176
     0
 90
        0
176
     0
290
     0
176
     0
 90
        1
176
     0
 40
0.0
176
     0
 90
        0
176
     0
290
     0
176
     0
290
     1
176
     0
290
     1
176
     0
290
     0
176
     0
290
     0
176
     0
290
     0
176
     0
290
     0
176
     0
290
     0
176
     0
290
     0
176
     0
 90
       50
176
     0
 40
0.0
176
     0
 40
1.0
176
     0
 90
        0
176
     0
 62
    18
420
        0
176
     0
 90
       50
176
     0
 90
        3
176
     0
 62
     5
420
      255
176
     0
290
     0
176
     0
 90
       50
176
     0
 90
       50
176
     0
 90
       50
176
     0
290
     0
176
     0
 90
       50
176
     0
 62
   256
176
     0
 40
1.0
176
     0
 90
        2
176
     0
  1
strokes_ogs.tif
176
     0
290
     0
176
     0
 40
1.0
176
     0
 40
1.0
176
     0
1001
ACAD
1000
AcDbSavedByObjectVersion
1070
     0
  0
VISUALSTYLE
  5
38
102
{ACAD_REACTORS
330
29
102
}
330
29
100
AcDbVisualStyle
  2
Facepattern
 70
    15
177
     3
291
     1
 70
    58
 90
        2
176
     1
 90
        2
176
     1
 90
        0
176
     1
 90
        0
176
     1
 40
0.6
176
     1
 40
30.0
176
     1
 62
     7
420
 16777215
176
     1
 90
        1
176
     1
 90
        4
176
     1
 62
     7
176
     1
 62
   257
176
     1
 90
        1
176
     1
 90
        1
176
     1
 40
1.0
176
     1
 90
        8
176
     1
 62
     7
176
     1
 40
1.0
176
     1
 90
        1
176
     1
 90
        6
176
     1
 90
        2
176
     1
 62
     7
176
     1
 90
        5
176
     1
 90
        0
176
     1
 90
        0
176
     1
290
     0
176
     1
 90
        1
176
     1
 40
0.0
176
     1
 90
        0
176
     1
290
     0
176
     1
290
     1
176
     1
290
     1
176
     1
290
     0
176
     1
290
     0
176
     1
290
     0
176
     1
290
     0
176
     1
290
     0
176
     1
290
     0
176
     1
 90
       50
176
     1
 40
0.0
176
     1
 40
1.0
176
     1
 90
        0
176
     1
 62
    18
420
        0
176
     1
 90
       50
176
     1
 90
        3
176
     1
 62
     5
420
      255
176
     1
290
     0
176
     1
 90
       50
176
     1
 90
       50
176
     1
 90
       50
176
     1
290
     0
176
     1
 90
       50
176
     1
 62
   256
176
     0
 40
1.0
176
     0
 90
        2
176
     1
  1
strokes_ogs.tif
176
     1
290
     0
176
     1
 40
1.0
176
     1
 40
1.0
176
     1
1001
ACAD
1000
AcDbSavedByObjectVersion
1070
     0
  0
VISUALSTYLE
  5
2A
102
{ACAD_REACTORS
330
29
102
}
330
29
100
AcDbVisualStyle
  2
Flat
 70
     0
177
     3
291
     1
 70
    58
 90
        2
176
     1
 90
        1
176
     1
 90
        1
176
     1
 90
        2
176
     1
 40
0.6
176
     1
 40
30.0
176
     1
 62
     7
420
 16777215
176
     1
 90
        0
176
     1
 90
        0
176
     1
 62
     7
176
     1
 62
   257
176
     1
 90
        1
176
     1
 90
        1
176
     1
 40
1.0
176
     1
 90
        8
176
     1
 62
     7
176
     1
 40
1.0
176
     1
 90
        1
176
     1
 90
        6
176
     1
 90
        2
176
     1
 62
     7
176
     1
 90
        5
176
     1
 90
        0
176
     1
 90
        0
176
     1
290
     0
176
     1
 90
       13
176
     1
 40
0.0
176
     1
 90
        0
176
     1
290
     0
176
     1
290
     1
176
     1
290
     1
176
     1
290
     0
176
     1
290
     0
176
     1
290
     0
176
     1
290
     0
176
     1
290
     0
176
     1
290
     0
176
     1
 90
       50
176
     1
 40
0.0
176
     1
 40
1.0
176
     1
 90
        0
176
     1
 62
    18
420
        0
176
     1
 90
       50
176
     1
 90
        3
176
     1
 62
     5
420
      255
176
     1
290
     0
176
     1
 90
       50
176
     1
 90
       50
176
     1
 90
       50
176
     1
290
     0
176
     1
 90
       50
176
     1
 62
   256
176
     0
 40
1.0
176
     0
 90
        2
176
     1
  1
strokes_ogs.tif
176
     1
290
     0
176
     1
 40
1.0
176
     1
 40
1.0
176
     1
1001
ACAD
1000
AcDbSavedByObjectVersion
1070
     0
  0
VISUALSTYLE
  5
2B
102
{ACAD_REACTORS
330
29
102
}
330
29
100
AcDbVisualStyle
  2
FlatWithEdges
 70
     1
177
     3
291
     1
 70
    58
 90
        2
176
     1
 90
        1
176
     1
 90
        1
176
     1
 90
        2
176
     1
 40
0.6
176
     1
 40
30.0
176
     1
 62
     7
420
 16777215
176
     1
 90
        1
176
     1
 90
        0
176
     1
 62
     7
176
     1
 62
   257
176
     1
 90
        1
176
     1
 90
        1
176
     1
 40
1.0
176
     1
 90
        0
176
     1
 62
   257
176
     1
 40
1.0
176
     1
 90
        1
176
     1
 90
        6
176
     1
 90
        2
176
     1
 62
     7
176
     1
 90
        5
176
     1
 90
        0
176
     1
 90
        0
176
     1
290
     0
176
     1
 90
       13
176
     1
 40
0.0
176
     1
 90
        0
176
     1
290
     0
176
     1
290
     1
176
     1
290
     1
176
     1
290
     0
176
     1
290
     0
176
     1
290
     0
176
     1
290
     0
176
     1
290
     0
176
     1
290
     0
176
     1
 90
       50
176
     1
 40
0.0
176
     1
 40
1.0
176
     1
 90
        0
176
     1
 62
    18
420
        0
176
     1
 90
       50
176
     1
 90
        3
176
     1
 62
     5
420
      255
176
     1
290
     0
176
     1
 90
       50
176
     1
 90
       50
176
     1
 90
       50
176
     1
290
     0
176
     1
 90
       50
176
     1
 62
   256
176
     0
 40
1.0
176
     0
 90
        2
176
     1
  1
strokes_ogs.tif
176
     1
290
     0
176
     1
 40
1.0
176
     1
 40
1.0
176
     1
1001
ACAD
1000
AcDbSavedByObjectVersion
1070
     0
  0
VISUALSTYLE
  5
2C
102
{ACAD_REACTORS
330
29
102
}
330
29
100
AcDbVisualStyle
  2
Gouraud
 70
     2
177
     3
291
     1
 70
    58
 90
        2
176
     1
 90
        2
176
     1
 90
        1
176
     1
 90
        2
176
     1
 40
0.6
176
     1
 40
30.0
176
     1
 62
     7
420
 16777215
176
     1
 90
        0
176
     1
 90
        0
176
     1
 62
     7
176
     1
 62
   257
176
     1
 90
        1
176
     1
 90
        1
176
     1
 40
1.0
176
     1
 90
        0
176
     1
 62
     7
176
     1
 40
1.0
176
     1
 90
        1
176
     1
 90
        6
176
     1
 90
        2
176
     1
 62
     7
176
     1
 90
        5
176
     1
 90
        0
176
     1
 90
        0
176
     1
290
     0
176
     1
 90
       13
176
     1
 40
0.0
176
     1
 90
        0
176
     1
290
     0
176
     1
290
     1
176
     1
290
     1
176
     1
290
     0
176
     1
290
     0
176
     1
290
     0
176
     1
290
     0
176
     1
290
     0
176
     1
290
     0
176
     1
 90
       50
176
     1
 40
0.0
176
     1
 40
1.0
176
     1
 90
        0
176
     1
 62
    18
420
        0
176
     1
 90
       50
176
     1
 90
        3
176
     1
 62
     5
420
      255
176
     1
290
     0
176
     1
 90
       50
176
     1
 90
       50
176
     1
 90
       50
176
     1
290
     0
176
     1
 90
       50
176
     1
 62
   256
176
     0
 40
1.0
176
     0
 90
        2
176
     1
  1
strokes_ogs.tif
176
     1
290
     0
176
     1
 40
1.0
176
     1
 40
1.0
176
     1
1001
ACAD
1000
AcDbSavedByObjectVersion
1070
     0
  0
VISUALSTYLE
  5
2D
102
{ACAD_REACTORS
330
29
102
}
330
29
100
AcDbVisualStyle
  2
GouraudWithEdges
 70
     3
177
     3
291
     1
 70
    58
 90
        2
176
     1
 90
        2
176
     1
 90
        1
176
     1
 90
        2
176
     1
 40
0.6
176
     1
 40
30.0
176
     1
 62
     7
420
 16777215
176
     1
 90
        1
176
     1
 90
        0
176
     1
 62
     7
176
     1
 62
   257
176
     1
 90
        1
176
     1
 90
        1
176
     1
 40
1.0
176
     1
 90
        0
176
     1
 62
   257
176
     1
 40
1.0
176
     1
 90
        1
176
     1
 90
        6
176
     1
 90
        2
176
     1
 62
     7
176
     1
 90
        5
176
     1
 90
        0
176
     1
 90
        0
176
     1
290
     0
176
     1
 90
       13
176
     1
 40
0.0
176
     1
 90
        0
176
     1
290
     0
176
     1
290
     1
176
     1
290
     1
176
     1
290
     0
176
     1
290
     0
176
     1
290
     0
176
     1
290
     0
176
     1
290
     0
176
     1
290
     0
176
     1
 90
       50
176
     1
 40
0.0
176
     1
 40
1.0
176
     1
 90
        0
176
     1
 62
    18
420
        0
176
     1
 90
       50
176
     1
 90
        3
176
     1
 62
     5
420
      255
176
     1
290
     0
176
     1
 90
       50
176
     1
 90
       50
176
     1
 90
       50
176
     1
290
     0
176
     1
 90
       50
176
     1
 62
   256
176
     0
 40
1.0
176
     0
 90
        2
176
     1
  1
strokes_ogs.tif
176
     1
290
     0
176
     1
 40
1.0
176
     1
 40
1.0
176
     1
1001
ACAD
1000
AcDbSavedByObjectVersion
1070
     0
  0
VISUALSTYLE
  5
31
102
{ACAD_REACTORS
330
29
102
}
330
29
100
AcDbVisualStyle
  2
Hidden
 70
     6
177
     3
291
     0
 70
    58
 90
        1
176
     1
 90
        2
176
     1
 90
        2
176
     1
 90
        0
176
     1
 40
0.6
176
     1
 40
30.0
176
     1
 62
     7
420
 16777215
176
     1
 90
        2
176
     1
 90
        2
176
     1
 62
     7
176
     1
 62
   257
176
     1
 90
        2
176
     1
 90
        1
176
     1
 40
40.0
176
     1
 90
        0
176
     1
 62
   257
176
     1
 40
1.0
176
     1
 90
        1
176
     1
 90
        6
176
     1
 90
        2
176
     1
 62
     7
176
     1
 90
        3
176
     1
 90
        0
176
     1
 90
        0
176
     1
290
     0
176
     1
 90
        1
176
     1
 40
0.0
176
     1
 90
        0
176
     1
290
     0
176
     1
290
     1
176
     1
290
     1
176
     1
290
     0
176
     1
290
     0
176
     1
290
     0
176
     1
290
     0
176
     1
290
     0
176
     1
290
     0
176
     1
 90
       50
176
     1
 40
0.0
176
     1
 40
1.0
176
     1
 90
        0
176
     1
 62
    18
420
        0
176
     1
 90
       50
176
     1
 90
        3
176
     1
 62
     5
420
      255
176
     1
290
     0
176
     1
 90
       50
176
     1
 90
       50
176
     1
 90
       50
176
     1
290
     0
176
     1
 90
       50
176
     1
 62
   256
176
     0
 40
1.0
176
     0
 90
        2
176
     1
  1
strokes_ogs.tif
176
     1
290
     0
176
     1
 40
1.0
176
     1
 40
1.0
176
     1
1001
ACAD
1000
AcDbSavedByObjectVersion
1070
     0
  0
VISUALSTYLE
  5
3F
102
{ACAD_REACTORS
330
29
102
}
330
29
100
AcDbVisualStyle
  2
JitterOff
 70
    20
177
     3
291
     1
 70
    58
 90
        2
176
     0
 90
        2
176
     0
 90
        0
176
     0
 90
        0
176
     0
 40
0.6
176
     0
 40
30.0
176
     0
 62
     7
420
 16777215
176
     0
 90
        1
176
     0
 90
        4
176
     0
 62
     7
176
     0
 62
   257
176
     0
 90
        1
176
     0
 90
        1
176
     0
 40
1.0
176
     0
 90
       10
176
     2
 62
     7
176
     0
 40
1.0
176
     0
 90
        1
176
     0
 90
        6
176
     0
 90
        2
176
     0
 62
     7
176
     0
 90
        5
176
     0
 90
        0
176
     0
 90
        0
176
     0
290
     0
176
     0
 90
        1
176
     0
 40
0.0
176
     0
 90
        0
176
     0
290
     0
176
     0
290
     1
176
     0
290
     1
176
     0
290
     0
176
     0
290
     0
176
     0
290
     0
176
     0
290
     0
176
     0
290
     0
176
     0
290
     0
176
     0
 90
       50
176
     0
 40
0.0
176
     0
 40
1.0
176
     0
 90
        0
176
     0
 62
    18
420
        0
176
     0
 90
       50
176
     0
 90
        3
176
     0
 62
     5
420
      255
176
     0
290
     0
176
     0
 90
       50
176
     0
 90
       50
176
     0
 90
       50
176
     0
290
     0
176
     0
 90
       50
176
     0
 62
   256
176
     0
 40
1.0
176
     0
 90
        2
176
     0
  1
strokes_ogs.tif
176
     0
290
     0
176
     0
 40
1.0
176
     0
 40
1.0
176
     0
1001
ACAD
1000
AcDbSavedByObjectVersion
1070
     0
  0
VISUALSTYLE
  5
37
102
{ACAD_REACTORS
330
29
102
}
330
29
100
AcDbVisualStyle
  2
Linepattern
 70
    14
177
     3
291
     1
 70
    58
 90
        2
176
     1
 90
        2
176
     1
 90
        0
176
     1
 90
        0
176
     1
 40
0.6
176
     1
 40
30.0
176
     1
 62
     7
420
 16777215
176
     1
 90
        1
176
     1
 90
        4
176
     1
 62
     7
176
     1
 62
   257
176
     1
 90
        7
176
     1
 90
        7
176
     1
 40
1.0
176
     1
 90
        8
176
     1
 62
     7
176
     1
 40
1.0
176
     1
 90
        1
176
     1
 90
        6
176
     1
 90
        2
176
     1
 62
     7
176
     1
 90
        5
176
     1
 90
        0
176
     1
 90
        0
176
     1
290
     0
176
     1
 90
        1
176
     1
 40
0.0
176
     1
 90
        0
176
     1
290
     0
176
     1
290
     1
176
     1
290
     1
176
     1
290
     0
176
     1
290
     0
176
     1
290
     0
176
     1
290
     0
176
     1
290
     0
176
     1
290
     0
176
     1
 90
       50
176
     1
 40
0.0
176
     1
 40
1.0
176
     1
 90
        0
176
     1
 62
    18
420
        0
176
     1
 90
       50
176
     1
 90
        3
176
     1
 62
     5
420
      255
176
     1
290
     0
176
     1
 90
       50
176
     1
 90
       50
176
     1
 90
       50
176
     1
290
     0
176
     1
 90
       50
176
     1
 62
   256
176
     0
 40
1.0
176
     0
 90
        2
176
     1
  1
strokes_ogs.tif
176
     1
290
     0
176
     1
 40
1.0
176
     1
 40
1.0
176
     1
1001
ACAD
1000
AcDbSavedByObjectVersion
1070
     0
  0
VISUALSTYLE
  5
40
102
{ACAD_REACTORS
330
29
102
}
330
29
100
AcDbVisualStyle
  2
OverhangOff
 70
    21
177
     3
291
     1
 70
    58
 90
        2
176
     0
 90
        2
176
     0
 90
        0
176
     0
 90
        0
176
     0
 40
0.6
176
     0
 40
30.0
176
     0
 62
     7
420
 16777215
176
     0
 90
        1
176
     0
 90
        4
176
     0
 62
     7
176
     0
 62
   257
176
     0
 90
        1
176
     0
 90
        1
176
     0
 40
1.0
176
     0
 90
        9
176
     2
 62
     7
176
     0
 40
1.0
176
     0
 90
        1
176
     0
 90
        6
176
     0
 90
        2
176
     0
 62
     7
176
     0
 90
        5
176
     0
 90
        0
176
     0
 90
        0
176
     0
290
     0
176
     0
 90
        1
176
     0
 40
0.0
176
     0
 90
        0
176
     0
290
     0
176
     0
290
     1
176
     0
290
     1
176
     0
290
     0
176
     0
290
     0
176
     0
290
     0
176
     0
290
     0
176
     0
290
     0
176
     0
290
     0
176
     0
 90
       50
176
     0
 40
0.0
176
     0
 40
1.0
176
     0
 90
        0
176
     0
 62
    18
420
        0
176
     0
 90
       50
176
     0
 90
        3
176
     0
 62
     5
420
      255
176
     0
290
     0
176
     0
 90
       50
176
     0
 90
       50
176
     0
 90
       50
176
     0
290
     0
176
     0
 90
       50
176
     0
 62
   256
176
     0
 40
1.0
176
     0
 90
        2
176
     0
  1
strokes_ogs.tif
176
     0
290
     0
176
     0
 40
1.0
176
     0
 40
1.0
176
     0
1001
ACAD
1000
AcDbSavedByObjectVersion
1070
     0
  0
VISUALSTYLE
  5
33
102
{ACAD_REACTORS
330
29
102
}
330
29
100
AcDbVisualStyle
  2
Realistic
 70
     8
177
     3
291
     0
 70
    58
 90
        2
176
     1
 90
        3
176
     1
 90
        0
176
     1
 90
        2
176
     1
 40
0.6
176
     1
 40
30.0
176
     1
 62
     7
420
 16777215
176
     1
 90
        0
176
     1
 90
        0
176
     1
 62
     7
176
     1
 62
   257
176
     1
 90
        1
176
     1
 90
        1
176
     1
 40
1.0
176
     1
 90
        8
176
     1
 62
   257
176
     1
 40
1.0
176
     1
 90
        1
176
     1
 90
        6
176
     1
 90
        2
176
     1
 62
     7
176
     1
 90
        3
176
     1
 90
        0
176
     1
 90
        0
176
     1
290
     0
176
     1
 90
       13
176
     1
 40
0.0
176
     1
 90
        0
176
     1
290
     0
176
     1
290
     1
176
     1
290
     1
176
     1
290
     0
176
     1
290
     0
176
     1
290
     0
176
     1
290
     0
176
     1
290
     0
176
     1
290
     0
176
     1
 90
       50
176
     1
 40
0.0
176
     1
 40
1.0
176
     1
 90
        0
176
     1
 62
    18
420
        0
176
     1
 90
       50
176
     1
 90
        3
176
     1
 62
     5
420
      255
176
     1
290
     0
176
     1
 90
       50
176
     1
 90
       50
176
     1
 90
       50
176
     1
290
     0
176
     1
 90
       50
176
     1
 62
   256
176
     0
 40
1.0
176
     0
 90
        2
176
     1
  1
strokes_ogs.tif
176
     1
290
     0
176
     1
 40
1.0
176
     1
 40
1.0
176
     1
1001
ACAD
1000
AcDbSavedByObjectVersion
1070
     0
  0
VISUALSTYLE
  5
3E
102
{ACAD_REACTORS
330
29
102
}
330
29
100
AcDbVisualStyle
  2
Shaded
 70
    27
177
     3
291
     0
 70
    58
 90
        2
176
     1
 90
        2
176
     1
 90
        1
176
     1
 90
        2
176
     1
 40
0.6
176
     1
 40
30.0
176
     1
 62
     7
420
 16777215
176
     1
 90
        0
176
     1
 90
        4
176
     1
 62
     7
176
     1
 62
   257
176
     1
 90
        1
176
     1
 90
        1
176
     1
 40
1.0
176
     1
 90
        8
176
     1
 62
   257
176
     1
 40
1.0
176
     1
 90
        1
176
     1
 90
        6
176
     1
 90
        2
176
     1
 62
     8
420
  7895160
176
     1
 90
        3
176
     1
 90
        0
176
     1
 90
        0
176
     1
290
     0
176
     1
 90
        5
176
     1
 40
0.0
176
     1
 90
        0
176
     1
290
     0
176
     1
290
     1
176
     1
290
     1
176
     1
290
     0
176
     1
290
     0
176
     1
290
     0
176
     1
290
     0
176
     1
290
     0
176
     1
290
     0
176
     1
 90
       50
176
     1
 40
0.0
176
     1
 40
1.0
176
     1
 90
        0
176
     1
 62
    18
420
        0
176
     1
 90
       50
176
     1
 90
        3
176
     1
 62
     5
420
      255
176
     1
290
     0
176
     1
 90
       50
176
     1
 90
       50
176
     1
 90
       50
176
     1
290
     0
176
     1
 90
       50
176
     1
 62
   256
176
     0
 40
1.0
176
     0
 90
        2
176
     1
  1
strokes_ogs.tif
176
     1
290
     0
176
     1
 40
1.0
176
     1
 40
1.0
176
     1
1001
ACAD
1000
AcDbSavedByObjectVersion
1070
     0
  0
VISUALSTYLE
  5
3D
102
{ACAD_REACTORS
330
29
102
}
330
29
100
AcDbVisualStyle
  2
Shaded with edges
 70
    26
177
     3
291
     0
 70
    58
 90
        2
176
     1
 90
        2
176
     1
 90
        1
176
     1
 90
        2
176
     1
 40
0.6
176
     1
 40
30.0
176
     1
 62
     7
420
 16777215
176
     1
 90
        1
176
     1
 90
        2
176
     1
 62
     7
176
     1
 62
   257
176
     1
 90
        2
176
     1
 90
        1
176
     1
 40
1.0
176
     1
 90
        8
176
     1
 62
   257
176
     1
 40
1.0
176
     1
 90
        1
176
     1
 90
        6
176
     1
 90
        2
176
     1
 62
     7
176
     1
 90
        3
176
     1
 90
        0
176
     1
 90
        0
176
     1
290
     0
176
     1
 90
        5
176
     1
 40
0.0
176
     1
 90
        0
176
     1
290
     0
176
     1
290
     1
176
     1
290
     1
176
     1
290
     0
176
     1
290
     0
176
     1
290
     0
176
     1
290
     0
176
     1
290
     0
176
     1
290
     0
176
     1
 90
       50
176
     1
 40
0.0
176
     1
 40
1.0
176
     1
 90
        0
176
     1
 62
    18
420
        0
176
     1
 90
       50
176
     1
 90
        3
176
     1
 62
     5
420
      255
176
     1
290
     0
176
     1
 90
       50
176
     1
 90
       50
176
     1
 90
       50
176
     1
290
     0
176
     1
 90
       50
176
     1
 62
   256
176
     0
 40
1.0
176
     0
 90
        2
176
     1
  1
strokes_ogs.tif
176
     1
290
     0
176
     1
 40
1.0
176
     1
 40
1.0
176
     1
1001
ACAD
1000
AcDbSavedByObjectVersion
1070
     0
  0
VISUALSTYLE
  5
3A
102
{ACAD_REACTORS
330
29
102
}
330
29
100
AcDbVisualStyle
  2
Shades of Gray
 70
    23
177
     3
291
     0
 70
    58
 90
        2
176
     1
 90
        2
176
     1
 90
        3
176
     1
 90
        0
176
     1
 40
0.6
176
     1
 40
30.0
176
     1
 62
     7
420
 16777215
176
     1
 90
        2
176
     1
 90
        2
176
     1
 62
     7
176
     1
 62
     7
176
     1
 90
        1
176
     1
 90
        1
176
     1
 40
40.0
176
     1
 90
        8
176
     1
 62
     7
176
     1
 40
1.0
176
     1
 90
        1
176
     1
 90
        6
176
     1
 90
        2
176
     1
 62
     7
176
     1
 90
        3
176
     1
 90
        0
176
     1
 90
        0
176
     1
290
     0
176
     1
 90
        1
176
     1
 40
0.0
176
     1
 90
        0
176
     1
290
     0
176
     1
290
     1
176
     1
290
     1
176
     1
290
     0
176
     1
290
     0
176
     1
290
     0
176
     1
290
     0
176
     1
290
     0
176
     1
290
     0
176
     1
 90
       50
176
     1
 40
0.0
176
     1
 40
1.0
176
     1
 90
        0
176
     1
 62
    18
420
        0
176
     1
 90
       50
176
     1
 90
        3
176
     1
 62
     5
420
      255
176
     1
290
     0
176
     1
 90
       50
176
     1
 90
       50
176
     1
 90
       50
176
     1
290
     0
176
     1
 90
       50
176
     1
 62
   256
176
     0
 40
1.0
176
     0
 90
        2
176
     1
  1
strokes_ogs.tif
176
     1
290
     0
176
     1
 40
1.0
176
     1
 40
1.0
176
     1
1001
ACAD
1000
AcDbSavedByObjectVersion
1070
     0
  0
VISUALSTYLE
  5
3B
102
{ACAD_REACTORS
330
29
102
}
330
29
100
AcDbVisualStyle
  2
Sketchy
 70
    24
177
     3
291
     0
 70
    58
 90
        1
176
     1
 90
        2
176
     1
 90
        2
176
     1
 90
        0
176
     1
 40
0.6
176
     1
 40
30.0
176
     1
 62
     7
420
 16777215
176
     1
 90
        2
176
     1
 90
        2
176
     1
 62
     7
176
     1
 62
     7
176
     1
 90
        1
176
     1
 90
        1
176
     1
 40
40.0
176
     1
 90
       11
176
     1
 62
     7
176
     1
 40
1.0
176
     1
 90
        1
176
     1
 90
        6
176
     1
 90
        2
176
     1
 62
     7
176
     1
 90
        6
176
     1
 90
        0
176
     1
 90
        0
176
     1
290
     0
176
     1
 90
        1
176
     1
 40
0.0
176
     1
 90
        0
176
     1
290
     0
176
     1
290
     1
176
     1
290
     1
176
     1
290
     0
176
     1
290
     0
176
     1
290
     0
176
     1
290
     0
176
     1
290
     0
176
     1
290
     0
176
     1
 90
       50
176
     1
 40
0.0
176
     1
 40
1.0
176
     1
 90
        0
176
     1
 62
    18
420
        0
176
     1
 90
       50
176
     1
 90
        3
176
     1
 62
     5
420
      255
176
     1
290
     0
176
     1
 90
       50
176
     1
 90
       50
176
     1
 90
       50
176
     1
290
     0
176
     1
 90
       50
176
     1
 62
   256
176
     0
 40
1.0
176
     0
 90
        2
176
     1
  1
strokes_ogs.tif
176
     1
290
     0
176
     1
 40
1.0
176
     1
 40
1.0
176
     1
1001
ACAD
1000
AcDbSavedByObjectVersion
1070
     0
  0
VISUALSTYLE
  5
36
102
{ACAD_REACTORS
330
29
102
}
330
29
100
AcDbVisualStyle
  2
Thicken
 70
    13
177
     3
291
     1
 70
    58
 90
        2
176
     1
 90
        2
176
     1
 90
        0
176
     1
 90
        0
176
     1
 40
0.6
176
     1
 40
30.0
176
     1
 62
     7
420
 16777215
176
     1
 90
        1
176
     1
 90
        4
176
     1
 62
     7
176
     1
 62
   257
176
     1
 90
        1
176
     1
 90
        1
176
     1
 40
1.0
176
     1
 90
       12
176
     1
 62
     7
176
     1
 40
1.0
176
     1
 90
        1
176
     1
 90
        6
176
     1
 90
        2
176
     1
 62
     7
176
     1
 90
        5
176
     1
 90
        0
176
     1
 90
        0
176
     1
290
     0
176
     1
 90
        1
176
     1
 40
0.0
176
     1
 90
        0
176
     1
290
     0
176
     1
290
     1
176
     1
290
     1
176
     1
290
     0
176
     1
290
     0
176
     1
290
     0
176
     1
290
     0
176
     1
290
     0
176
     1
290
     0
176
     1
 90
       50
176
     1
 40
0.0
176
     1
 40
1.0
176
     1
 90
        0
176
     1
 62
    18
420
        0
176
     1
 90
       50
176
     1
 90
        3
176
     1
 62
     5
420
      255
176
     1
290
     0
176
     1
 90
       50
176
     1
 90
       50
176
     1
 90
       50
176
     1
290
     0
176
     1
 90
       50
176
     1
 62
   256
176
     0
 40
1.0
176
     0
 90
        2
176
     1
  1
strokes_ogs.tif
176
     1
290
     0
176
     1
 40
1.0
176
     1
 40
1.0
176
     1
1001
ACAD
1000
AcDbSavedByObjectVersion
1070
     0
  0
VISUALSTYLE
  5
30
102
{ACAD_REACTORS
330
29
102
}
330
29
100
AcDbVisualStyle
  2
Wireframe
 70
     5
177
     3
291
     0
 70
    58
 90
        0
176
     1
 90
        2
176
     1
 90
        0
176
     1
 90
        0
176
     1
 40
0.6
176
     1
 40
30.0
176
     1
 62
     7
420
 16777215
176
     1
 90
        1
176
     1
 90
        4
176
     1
 62
     7
176
     1
 62
   257
176
     1
 90
        1
176
     1
 90
        1
176
     1
 40
1.0
176
     1
 90
        0
176
     1
 62
   257
176
     1
 40
1.0
176
     1
 90
        1
176
     1
 90
        6
176
     1
 90
        2
176
     1
 62
     7
176
     1
 90
        3
176
     1
 90
        0
176
     1
 90
        0
176
     1
290
     0
176
     1
 90
        1
176
     1
 40
0.0
176
     1
 90
        0
176
     1
290
     0
176
     1
290
     1
176
     1
290
     1
176
     1
290
     0
176
     1
290
     0
176
     1
290
     0
176
     1
290
     0
176
     1
290
     0
176
     1
290
     0
176
     1
 90
       50
176
     1
 40
0.0
176
     1
 40
1.0
176
     1
 90
        0
176
     1
 62
    18
420
        0
176
     1
 90
       50
176
     1
 90
        3
176
     1
 62
     5
420
      255
176
     1
290
     0
176
     1
 90
       50
176
     1
 90
       50
176
     1
 90
       50
176
     1
290
     0
176
     1
 90
       50
176
     1
 62
   256
176
     0
 40
1.0
176
     0
 90
        2
176
     1
  1
strokes_ogs.tif
176
     1
290
     0
176
     1
 40
1.0
176
     1
 40
1.0
176
     1
1001
ACAD
1000
AcDbSavedByObjectVersion
1070
     0
  0
VISUALSTYLE
  5
3C
102
{ACAD_REACTORS
330
29
102
}
330
29
100
AcDbVisualStyle
  2
X-Ray
 70
    25
177
     3
291
     0
 70
    58
 90
        2
176
     1
 90
        2
176
     1
 90
        1
176
     1
 90
        1
176
     1
 40
0.5
176
     1
 40
30.0
176
     1
 62
     7
420
 16777215
176
     1
 90
        1
176
     1
 90
        0
176
     1
 62
     7
176
     1
 62
   257
176
     1
 90
        1
176
     1
 90
        1
176
     1
 40
1.0
176
     1
 90
        8
176
     1
 62
     7
176
     1
 40
1.0
176
     1
 90
        1
176
     1
 90
        6
176
     1
 90
        2
176
     1
 62
     7
176
     1
 90
        3
176
     1
 90
        0
176
     1
 90
        0
176
     1
290
     0
176
     1
 90
       13
176
     1
 40
0.0
176
     1
 90
        0
176
     1
290
     0
176
     1
290
     1
176
     1
290
     1
176
     1
290
     0
176
     1
290
     0
176
     1
290
     0
176
     1
290
     0
176
     1
290
     0
176
     1
290
     0
176
     1
 90
       50
176
     1
 40
0.0
176
     1
 40
1.0
176
     1
 90
        0
176
     1
 62
    18
420
        0
176
     1
 90
       50
176
     1
 90
        3
176
     1
 62
     5
420
      255
176
     1
290
     0
176
     1
 90
       50
176
     1
 90
       50
176
     1
 90
       50
176
     1
290
     0
176
     1
 90
       50
176
     1
 62
   256
176
     0
 40
1.0
176
     0
 90
        2
176
     1
  1
strokes_ogs.tif
176
     1
290
     0
176
     1
 40
1.0
176
     1
 40
1.0
176
     1
1001
ACAD
1000
AcDbSavedByObjectVersion
1070
     0
  0
DICTIONARYVAR
  5
89C
102
{ACAD_REACTORS
330
897
102
}
330
897
100
DictionaryVariables
280
     0
  1
0
  0
DICTIONARYVAR
  5
89D
102
{ACAD_REACTORS
330
897
102
}
330
897
100
DictionaryVariables
280
     0
  1
1:1
  0
DICTIONARYVAR
  5
899
102
{ACAD_REACTORS
330
897
102
}
330
897
100
DictionaryVariables
280
     0
  1
STANDARD
  0
DICTIONARYVAR
  5
898
102
{ACAD_REACTORS
330
897
102
}
330
897
100
DictionaryVariables
280
     0
  1
STANDARD
  0
DICTIONARYVAR
  5
89A
102
{ACAD_REACTORS
330
897
102
}
330
897
100
DictionaryVariables
280
     0
  1
Imperial24
  0
DICTIONARYVAR
  5
89B
102
{ACAD_REACTORS
330
897
102
}
330
897
100
DictionaryVariables
280
     0
  1
Imperial24
  0
DICTIONARY
  5
8A3
330
6B
100
AcDbDictionary
280
     1
281
     1
  3
ACAD_XREC_ROUNDTRIP
360
8A4
  0
DICTIONARY
  5
1A
330
19
100
AcDbDictionary
280
     1
281
     1
  3
BUMPTILE
360
1C
  3
DIFFUSETILE
360
1B
  3
OPACITYTILE
360
1F
  3
REFLECTIONTILE
360
1E
  3
REFRACTIONTILE
360
20
  3
SPECULARTILE
360
1D
  0
DICTIONARY
  5
12
330
11
100
AcDbDictionary
280
     1
281
     1
  3
BUMPTILE
360
14
  3
DIFFUSETILE
360
13
  3
OPACITYTILE
360
17
  3
REFLECTIONTILE
360
16
  3
REFRACTIONTILE
360
18
  3
SPECULARTILE
360
15
  0
DICTIONARY
  5
22
330
21
100
AcDbDictionary
280
     1
281
     1
  3
BUMPTILE
360
24
  3
DIFFUSETILE
360
23
  3
OPACITYTILE
360
27
  3
REFLECTIONTILE
360
26
  3
REFRACTIONTILE
360
28
  3
SPECULARTILE
360
25
  0
DICTIONARY
  5
8A1
330
69
100
AcDbDictionary
280
     1
281
     1
  3
ACAD_XREC_ROUNDTRIP
360
8A2
  0
DICTIONARY
  5
89E
330
65
100
AcDbDictionary
280
     1
281
     1
  3
ACAD_ROUNDTRIP_2008_TABLESTYLE_CELLSTYLEMAP
360
89F
  0
XRECORD
  5
8A4
102
{ACAD_REACTORS
330
8A3
102
}
330
8A3
100
AcDbXrecord
280
     1
102
DISPLAYNAME
  1
Imperial24
102
FLAGS
 90
        0
  0
XRECORD
  5
1C
102
{ACAD_REACTORS
330
1A
102
}
330
1A
100
AcDbXrecord
280
     1
270
     1
271
     1
  0
XRECORD
  5
1B
102
{ACAD_REACTORS
330
1A
102
}
330
1A
100
AcDbXrecord
280
     1
270
     1
271
     1
  0
XRECORD
  5
1F
102
{ACAD_REACTORS
330
1A
102
}
330
1A
100
AcDbXrecord
280
     1
270
     1
271
     1
  0
XRECORD
  5
1E
102
{ACAD_REACTORS
330
1A
102
}
330
1A
100
AcDbXrecord
280
     1
270
     1
271
     1
  0
XRECORD
  5
20
102
{ACAD_REACTORS
330
1A
102
}
330
1A
100
AcDbXrecord
280
     1
270
     1
271
     1
  0
XRECORD
  5
1D
102
{ACAD_REACTORS
330
1A
102
}
330
1A
100
AcDbXrecord
280
     1
270
     1
271
     1
  0
XRECORD
  5
14
102
{ACAD_REACTORS
330
12
102
}
330
12
100
AcDbXrecord
280
     1
270
     1
271
     1
  0
XRECORD
  5
13
102
{ACAD_REACTORS
330
12
102
}
330
12
100
AcDbXrecord
280
     1
270
     1
271
     1
  0
XRECORD
  5
17
102
{ACAD_REACTORS
330
12
102
}
330
12
100
AcDbXrecord
280
     1
270
     1
271
     1
  0
XRECORD
  5
16
102
{ACAD_REACTORS
330
12
102
}
330
12
100
AcDbXrecord
280
     1
270
     1
271
     1
  0
XRECORD
  5
18
102
{ACAD_REACTORS
330
12
102
}
330
12
100
AcDbXrecord
280
     1
270
     1
271
     1
  0
XRECORD
  5
15
102
{ACAD_REACTORS
330
12
102
}
330
12
100
AcDbXrecord
280
     1
270
     1
271
     1
  0
XRECORD
  5
24
102
{ACAD_REACTORS
330
22
102
}
330
22
100
AcDbXrecord
280
     1
270
     1
271
     1
  0
XRECORD
  5
23
102
{ACAD_REACTORS
330
22
102
}
330
22
100
AcDbXrecord
280
     1
270
     1
271
     1
  0
XRECORD
  5
27
102
{ACAD_REACTORS
330
22
102
}
330
22
100
AcDbXrecord
280
     1
270
     1
271
     1
  0
XRECORD
  5
26
102
{ACAD_REACTORS
330
22
102
}
330
22
100
AcDbXrecord
280
     1
270
     1
271
     1
  0
XRECORD
  5
28
102
{ACAD_REACTORS
330
22
102
}
330
22
100
AcDbXrecord
280
     1
270
     1
271
     1
  0
XRECORD
  5
25
102
{ACAD_REACTORS
330
22
102
}
330
22
100
AcDbXrecord
280
     1
270
     1
271
     1
  0
XRECORD
  5
8A2
102
{ACAD_REACTORS
330
8A1
102
}
330
8A1
100
AcDbXrecord
280
     1
102
DISPLAYNAME
  1
Imperial24
102
FLAGS
 90
        0
  0
CELLSTYLEMAP
  5
89F
102
{ACAD_REACTORS
330
89E
102
}
330
89E
100
AcDbCellStyleMap
 90
        3
300
CELLSTYLE
  1
TABLEFORMAT_BEGIN
 90
        5
170
     1
 91
        0
 92
    32768
 62
   257
 93
        1
300
CONTENTFORMAT
  1
CONTENTFORMAT_BEGIN
 90
        0
 91
        0
 92
      512
 93
        0
300

 40
0.0
140
1.0
 94
        5
 62
     0
340
55
144
0.25
309
CONTENTFORMAT_END
171
     1
301
MARGIN
  1
CELLMARGIN_BEGIN
 40
1.5
 40
1.5
 40
1.5
 40
1.5
 40
0.18
 40
0.18
309
CELLMARGIN_END
 94
        0
309
TABLEFORMAT_END
  1
CELLSTYLE_BEGIN
 90
        1
 91
        1
300
_TITLE
309
CELLSTYLE_END
300
CELLSTYLE
  1
TABLEFORMAT_BEGIN
 90
        5
170
     1
 91
        0
 92
        0
 62
   257
 93
        1
300
CONTENTFORMAT
  1
CONTENTFORMAT_BEGIN
 90
        0
 91
        0
 92
      512
 93
        0
300

 40
0.0
140
1.0
 94
        5
 62
     0
340
55
144
0.18
309
CONTENTFORMAT_END
171
     1
301
MARGIN
  1
CELLMARGIN_BEGIN
 40
1.5
 40
1.5
 40
1.5
 40
1.5
 40
0.18
 40
0.18
309
CELLMARGIN_END
 94
        0
309
TABLEFORMAT_END
  1
CELLSTYLE_BEGIN
 90
        2
 91
        1
300
_HEADER
309
CELLSTYLE_END
300
CELLSTYLE
  1
TABLEFORMAT_BEGIN
 90
        5
170
     1
 91
        0
 92
        0
 62
   257
 93
        1
300
CONTENTFORMAT
  1
CONTENTFORMAT_BEGIN
 90
        0
 91
        0
 92
      512
 93
        0
300

 40
0.0
140
1.0
 94
        2
 62
     0
340
55
144
0.18
309
CONTENTFORMAT_END
171
     1
301
MARGIN
  1
CELLMARGIN_BEGIN
 40
1.5
 40
1.5
 40
1.5
 40
1.5
 40
0.18
 40
0.18
309
CELLMARGIN_END
 94
        0
309
TABLEFORMAT_END
  1
CELLSTYLE_BEGIN
 90
        3
 91
        2
300
_DATA
309
CELLSTYLE_END
  0
ENDSEC
  0
EOF
