  0
SECTION
  2
HEADER
  9
$ACADVER
  1
AC1027
  9
$ACADMAINTVER
 70
   125
  9
$DWGCODEPAGE
  3
ANSI_1252
  9
$LASTSAVEDBY
  1
Admin
  9
$REQUIREDVERSIONS
160
                 0
  9
$INSBASE
 10
0.0
 20
0.0
 30
0.0
  9
$EXTMIN
 10
99.97514621763684
 20
119.8312654119367
 30
0.0
  9
$EXTMAX
 10
1192.679577287414
 20
508.0426076738752
 30
0.0
  9
$LIMMIN
 10
0.0
 20
0.0
  9
$LIMMAX
 10
420.0
 20
297.0
  9
$ORTHOMODE
 70
     0
  9
$REGENMODE
 70
     1
  9
$FILLMODE
 70
     1
  9
$QTEXTMODE
 70
     0
  9
$MIRRTEXT
 70
     0
  9
$LTSCALE
 40
1.0
  9
$ATTMODE
 70
     1
  9
$TEXTSIZE
 40
2.5
  9
$TRACEWID
 40
1.0
  9
$TEXTSTYLE
  7
Standard
  9
$CLAYER
  8
0
  9
$CELTYPE
  6
ByLayer
  9
$CECOLOR
 62
   256
  9
$CELTSCALE
 40
1.0
  9
$DISPSILH
 70
     0
  9
$DIMSCALE
 40
1.0
  9
$DIMASZ
 40
2.5
  9
$DIMEXO
 40
0.625
  9
$DIMDLI
 40
3.75
  9
$DIMRND
 40
0.0
  9
$DIMDLE
 40
0.0
  9
$DIMEXE
 40
1.25
  9
$DIMTP
 40
0.0
  9
$DIMTM
 40
0.0
  9
$DIMTXT
 40
2.5
  9
$DIMCEN
 40
2.5
  9
$DIMTSZ
 40
0.0
  9
$DIMTOL
 70
     0
  9
$DIMLIM
 70
     0
  9
$DIMTIH
 70
     0
  9
$DIMTOH
 70
     0
  9
$DIMSE1
 70
     0
  9
$DIMSE2
 70
     0
  9
$DIMTAD
 70
     1
  9
$DIMZIN
 70
     8
  9
$DIMBLK
  1

  9
$DIMASO
 70
     1
  9
$DIMSHO
 70
     1
  9
$DIMPOST
  1

  9
$DIMAPOST
  1

  9
$DIMALT
 70
     0
  9
$DIMALTD
 70
     3
  9
$DIMALTF
 40
0.03937007874016
  9
$DIMLFAC
 40
1.0
  9
$DIMTOFL
 70
     1
  9
$DIMTVP
 40
0.0
  9
$DIMTIX
 70
     0
  9
$DIMSOXD
 70
     0
  9
$DIMSAH
 70
     0
  9
$DIMBLK1
  1

  9
$DIMBLK2
  1

  9
$DIMSTYLE
  2
ISO-25
  9
$DIMCLRD
 70
     0
  9
$DIMCLRE
 70
     0
  9
$DIMCLRT
 70
     0
  9
$DIMTFAC
 40
1.0
  9
$DIMGAP
 40
0.625
  9
$DIMJUST
 70
     0
  9
$DIMSD1
 70
     0
  9
$DIMSD2
 70
     0
  9
$DIMTOLJ
 70
     0
  9
$DIMTZIN
 70
     8
  9
$DIMALTZ
 70
     0
  9
$DIMALTTZ
 70
     0
  9
$DIMUPT
 70
     0
  9
$DIMDEC
 70
     2
  9
$DIMTDEC
 70
     2
  9
$DIMALTU
 70
     2
  9
$DIMALTTD
 70
     3
  9
$DIMTXSTY
  7
Standard
  9
$DIMAUNIT
 70
     0
  9
$DIMADEC
 70
     0
  9
$DIMALTRND
 40
0.0
  9
$DIMAZIN
 70
     0
  9
$DIMDSEP
 70
    44
  9
$DIMATFIT
 70
     3
  9
$DIMFRAC
 70
     0
  9
$DIMLDRBLK
  1

  9
$DIMLUNIT
 70
     2
  9
$DIMLWD
 70
    -2
  9
$DIMLWE
 70
    -2
  9
$DIMTMOVE
 70
     0
  9
$DIMFXL
 40
1.0
  9
$DIMFXLON
 70
     0
  9
$DIMJOGANG
 40
1.570796326794896
  9
$DIMTFILL
 70
     0
  9
$DIMTFILLCLR
 70
     0
  9
$DIMARCSYM
 70
     0
  9
$DIMLTYPE
  6

  9
$DIMLTEX1
  6

  9
$DIMLTEX2
  6

  9
$DIMTXTDIRECTION
 70
     0
  9
$LUNITS
 70
     2
  9
$LUPREC
 70
     4
  9
$SKETCHINC
 40
1.0
  9
$FILLETRAD
 40
1.0
  9
$AUNITS
 70
     0
  9
$AUPREC
 70
     0
  9
$MENU
  1
.
  9
$ELEVATION
 40
0.0
  9
$PELEVATION
 40
0.0
  9
$THICKNESS
 40
0.0
  9
$LIMCHECK
 70
     0
  9
$CHAMFERA
 40
0.0
  9
$CHAMFERB
 40
0.0
  9
$CHAMFERC
 40
0.0
  9
$CHAMFERD
 40
0.0
  9
$SKPOLY
 70
     0
  9
$TDCREATE
 40
2459791.626122685
  9
$TDUCREATE
 40
2459791.334456019
  9
$TDUPDATE
 40
2460869.602928241
  9
$TDUUPDATE
 40
2460869.311261574
  9
$TDINDWG
 40
0.0967361111
  9
$TDUSRTIMER
 40
0.0967361111
  9
$USRTIMER
 70
     1
  9
$ANGBASE
 50
0.0
  9
$ANGDIR
 70
     0
  9
$PDMODE
 70
     0
  9
$PDSIZE
 40
0.0
  9
$PLINEWID
 40
0.0
  9
$SPLFRAME
 70
     0
  9
$SPLINETYPE
 70
     6
  9
$SPLINESEGS
 70
     8
  9
$HANDSEED
  5
286E
  9
$SURFTAB1
 70
     6
  9
$SURFTAB2
 70
     6
  9
$SURFTYPE
 70
     6
  9
$SURFU
 70
     6
  9
$SURFV
 70
     6
  9
$UCSBASE
  2

  9
$UCSNAME
  2

  9
$UCSORG
 10
0.0
 20
0.0
 30
0.0
  9
$UCSXDIR
 10
1.0
 20
0.0
 30
0.0
  9
$UCSYDIR
 10
0.0
 20
1.0
 30
0.0
  9
$UCSORTHOREF
  2

  9
$UCSORTHOVIEW
 70
     0
  9
$UCSORGTOP
 10
0.0
 20
0.0
 30
0.0
  9
$UCSORGBOTTOM
 10
0.0
 20
0.0
 30
0.0
  9
$UCSORGLEFT
 10
0.0
 20
0.0
 30
0.0
  9
$UCSORGRIGHT
 10
0.0
 20
0.0
 30
0.0
  9
$UCSORGFRONT
 10
0.0
 20
0.0
 30
0.0
  9
$UCSORGBACK
 10
0.0
 20
0.0
 30
0.0
  9
$PUCSBASE
  2

  9
$PUCSNAME
  2

  9
$PUCSORG
 10
0.0
 20
0.0
 30
0.0
  9
$PUCSXDIR
 10
1.0
 20
0.0
 30
0.0
  9
$PUCSYDIR
 10
0.0
 20
1.0
 30
0.0
  9
$PUCSORTHOREF
  2

  9
$PUCSORTHOVIEW
 70
     0
  9
$PUCSORGTOP
 10
0.0
 20
0.0
 30
0.0
  9
$PUCSORGBOTTOM
 10
0.0
 20
0.0
 30
0.0
  9
$PUCSORGLEFT
 10
0.0
 20
0.0
 30
0.0
  9
$PUCSORGRIGHT
 10
0.0
 20
0.0
 30
0.0
  9
$PUCSORGFRONT
 10
0.0
 20
0.0
 30
0.0
  9
$PUCSORGBACK
 10
0.0
 20
0.0
 30
0.0
  9
$USERI1
 70
     0
  9
$USERI2
 70
     0
  9
$USERI3
 70
     0
  9
$USERI4
 70
     0
  9
$USERI5
 70
     0
  9
$USERR1
 40
0.0
  9
$USERR2
 40
0.0
  9
$USERR3
 40
0.0
  9
$USERR4
 40
0.0
  9
$USERR5
 40
0.0
  9
$WORLDVIEW
 70
     1
  9
$SHADEDGE
 70
     3
  9
$SHADEDIF
 70
    70
  9
$TILEMODE
 70
     1
  9
$MAXACTVP
 70
    64
  9
$PINSBASE
 10
0.0
 20
0.0
 30
0.0
  9
$PLIMCHECK
 70
     0
  9
$PEXTMIN
 10
1.000000000000000E+20
 20
1.000000000000000E+20
 30
1.000000000000000E+20
  9
$PEXTMAX
 10
-1.000000000000000E+20
 20
-1.000000000000000E+20
 30
-1.000000000000000E+20
  9
$PLIMMIN
 10
0.0
 20
0.0
  9
$PLIMMAX
 10
420.0
 20
297.0
  9
$UNITMODE
 70
     0
  9
$VISRETAIN
 70
     1
  9
$PLINEGEN
 70
     0
  9
$PSLTSCALE
 70
     1
  9
$TREEDEPTH
 70
  3020
  9
$CMLSTYLE
  2
Standard
  9
$CMLJUST
 70
     0
  9
$CMLSCALE
 40
20.0
  9
$PROXYGRAPHICS
 70
     1
  9
$MEASUREMENT
 70
     1
  9
$CELWEIGHT
370
    -1
  9
$ENDCAPS
280
     0
  9
$JOINSTYLE
280
     0
  9
$LWDISPLAY
290
     0
  9
$INSUNITS
 70
     4
  9
$HYPERLINKBASE
  1

  9
$STYLESHEET
  1

  9
$XEDIT
290
     1
  9
$CEPSNTYPE
380
     0
  9
$PSTYLEMODE
290
     1
  9
$FINGERPRINTGUID
  2
{9F459264-E3FB-0646-AC86-52DBD9FA4ED4}
  9
$VERSIONGUID
  2
{4BD23E0C-C68D-0A4C-B843-5678FC23EBF4}
  9
$EXTNAMES
290
     1
  9
$PSVPSCALE
 40
0.0
  9
$OLESTARTUP
290
     0
  9
$SORTENTS
280
   127
  9
$INDEXCTL
280
     0
  9
$HIDETEXT
280
     1
  9
$XCLIPFRAME
280
     2
  9
$HALOGAP
280
     0
  9
$OBSCOLOR
 70
   257
  9
$OBSLTYPE
280
     0
  9
$INTERSECTIONDISPLAY
280
     0
  9
$INTERSECTIONCOLOR
 70
   257
  9
$DIMASSOC
280
     2
  9
$PROJECTNAME
  1

  9
$CAMERADISPLAY
290
     0
  9
$LENSLENGTH
 40
50.0
  9
$CAMERAHEIGHT
 40
0.0
  9
$STEPSPERSEC
 40
2.0
  9
$STEPSIZE
 40
6.0
  9
$3DDWFPREC
 40
2.0
  9
$PSOLWIDTH
 40
0.25
  9
$PSOLHEIGHT
 40
4.0
  9
$LOFTANG1
 40
1.570796326794896
  9
$LOFTANG2
 40
1.570796326794896
  9
$LOFTMAG1
 40
0.0
  9
$LOFTMAG2
 40
0.0
  9
$LOFTPARAM
 70
     7
  9
$LOFTNORMALS
280
     1
  9
$LATITUDE
 40
37.795
  9
$LONGITUDE
 40
-122.394
  9
$NORTHDIRECTION
 40
0.0
  9
$TIMEZONE
 70
 -8000
  9
$LIGHTGLYPHDISPLAY
280
     1
  9
$TILEMODELIGHTSYNCH
280
     1
  9
$CMATERIAL
347
11
  9
$SOLIDHIST
280
     0
  9
$SHOWHIST
280
     1
  9
$DWFFRAME
280
     2
  9
$DGNFRAME
280
     0
  9
$REALWORLDSCALE
290
     1
  9
$INTERFERECOLOR
 62
     1
  9
$INTERFEREOBJVS
345
33
  9
$INTERFEREVPVS
346
30
  9
$CSHADOW
280
     0
  9
$SHADOWPLANELOCATION
 40
0.0
  0
ENDSEC
  0
SECTION
  2
CLASSES
  0
CLASS
  1
ACDBDICTIONARYWDFLT
  2
AcDbDictionaryWithDefault
  3
ObjectDBX Classes
 90
        0
 91
        1
280
     0
281
     0
  0
CLASS
  1
MATERIAL
  2
AcDbMaterial
  3
ObjectDBX Classes
 90
     1153
 91
        3
280
     0
281
     0
  0
CLASS
  1
VISUALSTYLE
  2
AcDbVisualStyle
  3
ObjectDBX Classes
 90
     4095
 91
       24
280
     0
281
     0
  0
CLASS
  1
SCALE
  2
AcDbScale
  3
ObjectDBX Classes
 90
     1153
 91
       17
280
     0
281
     0
  0
CLASS
  1
TABLESTYLE
  2
AcDbTableStyle
  3
ObjectDBX Classes
 90
     4095
 91
        1
280
     0
281
     0
  0
CLASS
  1
MLEADERSTYLE
  2
AcDbMLeaderStyle
  3
ACDB_MLEADERSTYLE_CLASS
 90
     4095
 91
        1
280
     0
281
     0
  0
CLASS
  1
ACDBSECTIONVIEWSTYLE
  2
AcDbSectionViewStyle
  3
ObjectDBX Classes
 90
     1025
 91
        2
280
     0
281
     0
  0
CLASS
  1
ACDBDETAILVIEWSTYLE
  2
AcDbDetailViewStyle
  3
ObjectDBX Classes
 90
     1025
 91
        2
280
     0
281
     0
  0
CLASS
  1
DICTIONARYVAR
  2
AcDbDictionaryVar
  3
ObjectDBX Classes
 90
        0
 91
        8
280
     0
281
     0
  0
CLASS
  1
SORTENTSTABLE
  2
AcDbSortentsTable
  3
ObjectDBX Classes
 90
        0
 91
        7
280
     0
281
     0
  0
CLASS
  1
CELLSTYLEMAP
  2
AcDbCellStyleMap
  3
ObjectDBX Classes
 90
     1152
 91
        3
280
     0
281
     0
  0
ENDSEC
  0
SECTION
  2
TABLES
  0
TABLE
  2
VPORT
  5
8
330
0
100
AcDbSymbolTable
 70
     1
1001
ACAD
1000
DbSaveVer
1071
      247
  0
VPORT
  5
57
330
8
100
AcDbSymbolTableRecord
100
AcDbViewportTableRecord
  2
*Active
 70
     0
 10
0.0
 20
0.0
 11
1.0
 21
1.0
 12
610.9097030385363
 22
244.8730845082787
 13
0.0
 23
0.0
 14
10.0
 24
10.0
 15
10.0
 25
10.0
 16
0.0
 26
0.0
 36
1.0
 17
0.0
 27
0.0
 37
0.0
 40
714.2708570593554
 41
1.996363636363636
 42
50.0
 43
0.0
 44
0.0
 50
0.0
 51
0.0
 71
     0
 72
  1000
 73
     1
 74
     3
 75
     0
 76
     0
 77
     0
 78
     0
281
     0
 65
     1
110
0.0
120
0.0
130
0.0
111
1.0
121
0.0
131
0.0
112
0.0
122
1.0
132
0.0
 79
     0
146
0.0
348
2F
 60
     3
 61
     5
292
     1
282
     1
141
0.0
142
0.0
 63
   250
421
  3355443
1001
ACAD_NAV_VCDISPLAY
1070
     1
  0
ENDTAB
  0
TABLE
  2
LTYPE
  5
5
330
0
100
AcDbSymbolTable
 70
     3
  0
LTYPE
  5
5B
330
5
100
AcDbSymbolTableRecord
100
AcDbLinetypeTableRecord
  2
ByBlock
 70
     0
  3

 72
    65
 73
     0
 40
0.0
  0
LTYPE
  5
5C
330
5
100
AcDbSymbolTableRecord
100
AcDbLinetypeTableRecord
  2
ByLayer
 70
     0
  3

 72
    65
 73
     0
 40
0.0
  0
LTYPE
  5
5D
330
5
100
AcDbSymbolTableRecord
100
AcDbLinetypeTableRecord
  2
Continuous
 70
     0
  3
Solid line
 72
    65
 73
     0
 40
0.0
  0
LTYPE
  5
B7A
330
5
100
AcDbSymbolTableRecord
100
AcDbLinetypeTableRecord
  2
PHANTOM2
 70
     0
  3
Phantom (.5x) ___ _ _ ___ _ _ ___ _ _ ___ _ _
 72
    65
 73
     6
 40
31.75
 49
15.875
 74
     0
 49
-3.174999999999998
 74
     0
 49
3.174999999999998
 74
     0
 49
-3.174999999999998
 74
     0
 49
3.174999999999998
 74
     0
 49
-3.174999999999998
 74
     0
  0
ENDTAB
  0
TABLE
  2
LAYER
  5
2
102
{ACAD_XDICTIONARY
360
7F
102
}
330
0
100
AcDbSymbolTable
 70
     4
  0
LAYER
  5
54
330
2
100
AcDbSymbolTableRecord
100
AcDbLayerTableRecord
  2
0
 70
     0
 62
     7
  6
Continuous
370
    -3
390
F
347
21
348
0
  0
LAYER
  5
B7B
102
{ACAD_XDICTIONARY
360
B7C
102
}
330
2
100
AcDbSymbolTableRecord
100
AcDbLayerTableRecord
  2
Default
 70
     0
 62
    18
420
        0
  6
Continuous
370
    -3
390
F
347
21
348
0
  0
LAYER
  5
B7D
102
{ACAD_XDICTIONARY
360
B7E
102
}
330
2
100
AcDbSymbolTableRecord
100
AcDbLayerTableRecord
  2
Reference
 70
     0
 62
     7
  6
PHANTOM2
370
    25
390
F
347
21
348
0
  0
LAYER
  5
1126
330
2
100
AcDbSymbolTableRecord
100
AcDbLayerTableRecord
  2
Visible
 70
     0
 62
     7
  6
Continuous
370
    50
390
F
347
21
348
0
  0
ENDTAB
  0
TABLE
  2
STYLE
  5
3
330
0
100
AcDbSymbolTable
 70
     2
  0
STYLE
  5
55
330
3
100
AcDbSymbolTableRecord
100
AcDbTextStyleTableRecord
  2
Standard
 70
     0
 40
0.0
 41
1.0
 50
0.0
 71
     0
 42
2.5
  3
txt
  4

  0
STYLE
  5
5A
330
3
100
AcDbSymbolTableRecord
100
AcDbTextStyleTableRecord
  2
Annotative
 70
     0
 40
0.0
 41
1.0
 50
0.0
 71
     0
 42
0.2
  3
txt
  4

1001
AcadAnnotative
1000
AnnotativeData
1002
{
1070
     1
1070
     1
1002
}
  0
ENDTAB
  0
TABLE
  2
VIEW
  5
6
330
0
100
AcDbSymbolTable
 70
     0
  0
ENDTAB
  0
TABLE
  2
UCS
  5
7
330
0
100
AcDbSymbolTable
 70
     0
  0
ENDTAB
  0
TABLE
  2
APPID
  5
9
330
0
100
AcDbSymbolTable
 70
    12
  0
APPID
  5
56
330
9
100
AcDbSymbolTableRecord
100
AcDbRegAppTableRecord
  2
ACAD
 70
     0
  0
APPID
  5
5E
330
9
100
AcDbSymbolTableRecord
100
AcDbRegAppTableRecord
  2
AcadAnnotative
 70
     0
  0
APPID
  5
7D
330
9
100
AcDbSymbolTableRecord
100
AcDbRegAppTableRecord
  2
ACAD_NAV_VCDISPLAY
 70
     0
  0
APPID
  5
1FF
330
9
100
AcDbSymbolTableRecord
100
AcDbRegAppTableRecord
  2
ACAD_EXEMPT_FROM_CAD_STANDARDS
 70
     0
  0
APPID
  5
6AF
330
9
100
AcDbSymbolTableRecord
100
AcDbRegAppTableRecord
  2
ACAD_MLEADERVER
 70
     0
  0
APPID
  5
79A
330
9
100
AcDbSymbolTableRecord
100
AcDbRegAppTableRecord
  2
Acad_TC
 70
     0
  0
APPID
  5
B80
330
9
100
AcDbSymbolTableRecord
100
AcDbRegAppTableRecord
  2
ACAD_PSEXT
 70
     0
  0
APPID
  5
F67
330
9
100
AcDbSymbolTableRecord
100
AcDbRegAppTableRecord
  2
AcadStringInfo
 70
     0
  0
APPID
  5
1128
330
9
100
AcDbSymbolTableRecord
100
AcDbRegAppTableRecord
  2
ACAD_DSTYLE_DIMJAG
 70
     0
  0
APPID
  5
1129
330
9
100
AcDbSymbolTableRecord
100
AcDbRegAppTableRecord
  2
ACAD_DSTYLE_DIMTALN
 70
     0
  0
APPID
  5
112A
330
9
100
AcDbSymbolTableRecord
100
AcDbRegAppTableRecord
  2
ACAD_DSTYLE_DIMBREAK
 70
     0
  0
APPID
  5
112B
330
9
100
AcDbSymbolTableRecord
100
AcDbRegAppTableRecord
  2
AcAecLayerStandard
 70
     0
  0
ENDTAB
  0
TABLE
  2
DIMSTYLE
  5
A
330
0
100
AcDbSymbolTable
 70
     6
100
AcDbDimStyleTable
 71
     1
340
58
  0
DIMSTYLE
105
58
330
A
100
AcDbSymbolTableRecord
100
AcDbDimStyleTableRecord
  2
ISO-25
 70
     0
 41
2.5
 42
0.625
 43
3.75
 44
1.25
 50
90.0
 73
     0
 74
     0
 77
     1
 78
     8
140
2.5
141
2.5
143
0.03937007874016
147
0.625
171
     3
172
     1
271
     2
272
     2
274
     3
278
    44
283
     0
284
     8
340
55
  0
DIMSTYLE
105
59
330
A
100
AcDbSymbolTableRecord
100
AcDbDimStyleTableRecord
  2
Annotative
 70
     0
340
55
1001
AcadAnnotative
1000
AnnotativeData
1002
{
1070
     1
1070
     1
1002
}
  0
DIMSTYLE
105
79B
330
A
100
AcDbSymbolTableRecord
100
AcDbDimStyleTableRecord
  2
Standard
 70
     0
340
55
  0
DIMSTYLE
105
B7F
330
A
100
AcDbSymbolTableRecord
100
AcDbDimStyleTableRecord
  2
STANDARD_ACAD
 70
     0
340
55
  0
DIMSTYLE
105
1127
330
A
100
AcDbSymbolTableRecord
100
AcDbDimStyleTableRecord
  2
Dim-ISO-25
 70
     0
 41
3.5
 42
2.1
 43
10.5
 44
2.1
 47
0.1
 48
0.1
 73
     0
 74
     0
 77
     1
 78
    12
 79
     3
140
3.5
141
0.0
143
0.03937
146
0.714286
147
1.399999999999999
172
     1
179
     2
271
     2
272
     2
274
     4
283
     0
284
    12
285
    12
286
    12
340
55
1001
ACAD_DSTYLE_DIMJAG
1070
   388
1040
1.5
1001
ACAD_DSTYLE_DIMTALN
1070
   392
1070
     1
1001
ACAD_DSTYLE_DIMBREAK
1070
   391
1040
3.5
  0
ENDTAB
  0
TABLE
  2
BLOCK_RECORD
  5
1
330
0
100
AcDbSymbolTable
 70
     8
  0
BLOCK_RECORD
  5
70
102
{ACAD_XDICTIONARY
360
11F
102
}
330
1
100
AcDbSymbolTableRecord
100
AcDbBlockTableRecord
  2
*Model_Space
340
73
 70
     0
280
     1
281
     0
  0
BLOCK_RECORD
  5
6C
330
1
100
AcDbSymbolTableRecord
100
AcDbBlockTableRecord
  2
*Paper_Space
340
6F
 70
     0
280
     1
281
     0
  0
BLOCK_RECORD
  5
74
330
1
100
AcDbSymbolTableRecord
100
AcDbBlockTableRecord
  2
*Paper_Space0
340
77
 70
     0
280
     1
281
     0
  0
ENDTAB
  0
ENDSEC
  0
SECTION
  2
BLOCKS
  0
BLOCK
  5
71
330
70
100
AcDbEntity
  8
0
100
AcDbBlockBegin
  2
*Model_Space
 70
     0
 10
0.0
 20
0.0
 30
0.0
  3
*Model_Space
  1

  0
ENDBLK
  5
72
330
70
100
AcDbEntity
  8
0
100
AcDbBlockEnd
  0
BLOCK
  5
6D
330
6C
100
AcDbEntity
 67
     1
  8
0
100
AcDbBlockBegin
  2
*Paper_Space
 70
     0
 10
0.0
 20
0.0
 30
0.0
  3
*Paper_Space
  1

  0
ENDBLK
  5
6E
330
6C
100
AcDbEntity
 67
     1
  8
0
100
AcDbBlockEnd
  0
BLOCK
  5
75
330
74
100
AcDbEntity
 67
     1
  8
0
100
AcDbBlockBegin
  2
*Paper_Space0
 70
     0
 10
0.0
 20
0.0
 30
0.0
  3
*Paper_Space0
  1

  0
ENDBLK
  5
76
330
74
100
AcDbEntity
 67
     1
  8
0
100
AcDbBlockEnd
  0
ENDSEC
  0
SECTION
  2
ENTITIES
  0
LINE
  5
21F2
330
70
100
AcDbEntity
  8
0
 62
     0
100
AcDbLine
 10
101.9751462176368
 20
399.5572567814453
 30
0.0
 11
154.3615616176368
 21
399.5572567814453
 31
0.0
  0
ARC
  5
21F3
330
70
100
AcDbEntity
  8
0
 62
     0
100
AcDbCircle
 10
402.7750616176367
 20
397.5572567814453
 30
0.0
 40
2.0
100
AcDbArc
 50
0.0
 51
90.0
  0
ARC
  5
21F4
330
70
100
AcDbEntity
  8
0
 62
     0
100
AcDbCircle
 10
101.9751462176368
 20
397.5572567814453
 30
0.0
 40
2.0
100
AcDbArc
 50
90.0
 51
180.0
  0
LINE
  5
21F5
330
70
100
AcDbEntity
  8
0
 62
     0
100
AcDbLine
 10
404.7750616176368
 20
397.5572567814453
 30
0.0
 11
404.7750616176368
 21
346.1201948533609
 31
0.0
  0
ARC
  5
21F6
330
70
100
AcDbEntity
  8
0
 62
     0
100
AcDbCircle
 10
402.7750616176367
 20
283.4939597814452
 30
0.0
 40
2.0
100
AcDbArc
 50
270.0
 51
0.0
  0
LINE
  5
21F7
330
70
100
AcDbEntity
  8
0
 62
     0
100
AcDbLine
 10
303.4225516635761
 20
281.4939597814452
 30
0.0
 11
152.5268716217716
 21
281.4939597814452
 31
0.0
  0
ARC
  5
21F8
330
70
100
AcDbEntity
  8
0
 62
     0
100
AcDbCircle
 10
101.9751462176368
 20
283.4939597814452
 30
0.0
 40
2.0
100
AcDbArc
 50
180.0
 51
270.0
  0
LINE
  5
21F9
330
70
100
AcDbEntity
  8
0
 62
     0
100
AcDbLine
 10
99.97514621763684
 20
342.5256082814453
 30
0.0
 11
99.97514621763684
 21
397.5572567814453
 31
0.0
  0
ARC
  5
21FA
330
70
100
AcDbEntity
  8
0
  6
Continuous
100
AcDbCircle
 10
101.9751462176368
 20
342.5256082814453
 30
0.0
 40
2.0
100
AcDbArc
 50
180.0
 51
270.0
  0
LINE
  5
21FB
330
70
100
AcDbEntity
  8
0
 62
     0
100
AcDbLine
 10
237.9430616176368
 20
284.0199067814452
 30
0.0
 11
237.9430616176368
 21
288.7204067814453
 31
0.0
  0
LINE
  5
21FC
330
70
100
AcDbEntity
  8
0
 62
     0
100
AcDbLine
 10
237.9430616176368
 20
288.7204067814453
 30
0.0
 11
277.5669616176368
 21
288.7204067814453
 31
0.0
  0
LINE
  5
21FD
330
70
100
AcDbEntity
  8
0
 62
     0
100
AcDbLine
 10
277.5669616176368
 20
288.7204067814453
 30
0.0
 11
277.5669616176368
 21
285.4902067814453
 31
0.0
  0
LINE
  5
21FE
330
70
100
AcDbEntity
  8
0
 62
     0
100
AcDbLine
 10
277.5669616176368
 20
285.4902067814453
 30
0.0
 11
284.3180616176368
 21
285.4902067814453
 31
0.0
  0
LINE
  5
21FF
330
70
100
AcDbEntity
  8
0
 62
     0
100
AcDbLine
 10
284.3180616176368
 20
285.4902067814453
 30
0.0
 11
284.3180616176368
 21
288.7204067814453
 31
0.0
  0
LINE
  5
2200
330
70
100
AcDbEntity
  8
0
 62
     0
100
AcDbLine
 10
284.3180616176368
 20
288.7204067814453
 30
0.0
 11
285.1421616176368
 21
288.7204067814453
 31
0.0
  0
LINE
  5
2201
330
70
100
AcDbEntity
  8
0
 62
     0
100
AcDbLine
 10
285.1421616176368
 20
288.7204067814453
 30
0.0
 11
285.1421616176368
 21
291.5205567814453
 31
0.0
  0
LINE
  5
2202
330
70
100
AcDbEntity
  8
0
 62
     0
100
AcDbLine
 10
285.1421616176368
 20
291.5205567814453
 30
0.0
 11
284.3180616176368
 21
291.5205567814453
 31
0.0
  0
LINE
  5
2203
330
70
100
AcDbEntity
  8
0
 62
     0
100
AcDbLine
 10
284.3180616176368
 20
291.5205567814453
 30
0.0
 11
284.3180616176368
 21
297.7906267814453
 31
0.0
  0
LINE
  5
2204
330
70
100
AcDbEntity
  8
0
 62
     0
100
AcDbLine
 10
284.3180616176368
 20
297.7906267814453
 30
0.0
 11
282.5930616176369
 21
297.7906267814453
 31
0.0
  0
LINE
  5
2205
330
70
100
AcDbEntity
  8
0
 62
     0
100
AcDbLine
 10
282.5930616176369
 20
297.7906267814453
 30
0.0
 11
282.5930616176369
 21
298.9908967814453
 31
0.0
  0
LINE
  5
2206
330
70
100
AcDbEntity
  8
0
 62
     0
100
AcDbLine
 10
282.5930616176369
 20
298.9908967814453
 30
0.0
 11
279.2924616176368
 21
298.9908967814453
 31
0.0
  0
LINE
  5
2207
330
70
100
AcDbEntity
  8
0
 62
     0
100
AcDbLine
 10
279.2924616176368
 20
298.9908967814453
 30
0.0
 11
279.2924616176368
 21
297.7906267814453
 31
0.0
  0
LINE
  5
2208
330
70
100
AcDbEntity
  8
0
 62
     0
100
AcDbLine
 10
279.2924616176368
 20
297.7906267814453
 30
0.0
 11
277.5669616176368
 21
297.7906267814453
 31
0.0
  0
LINE
  5
2209
330
70
100
AcDbEntity
  8
0
 62
     0
100
AcDbLine
 10
277.5669616176368
 20
297.7906267814453
 30
0.0
 11
277.5669616176368
 21
293.3202867814452
 31
0.0
  0
LINE
  5
220A
330
70
100
AcDbEntity
  8
0
 62
     0
100
AcDbLine
 10
277.5669616176368
 20
293.3202867814452
 30
0.0
 11
237.9430616176368
 21
293.3202867814452
 31
0.0
  0
LINE
  5
220B
330
70
100
AcDbEntity
  8
0
 62
     0
100
AcDbLine
 10
237.9430616176368
 20
293.3202867814452
 30
0.0
 11
237.9430616176368
 21
298.0207567814452
 31
0.0
  0
LINE
  5
220C
330
70
100
AcDbEntity
  8
0
 62
     0
100
AcDbLine
 10
237.9430616176368
 20
298.0207567814452
 30
0.0
 11
223.9420616176369
 21
298.0207567814452
 31
0.0
  0
LINE
  5
220D
330
70
100
AcDbEntity
  8
0
 62
     0
100
AcDbLine
 10
223.9420616176369
 20
298.0207567814452
 30
0.0
 11
223.9420616176369
 21
293.3202867814452
 31
0.0
  0
LINE
  5
220E
330
70
100
AcDbEntity
  8
0
 62
     0
100
AcDbLine
 10
223.9420616176369
 20
293.3202867814452
 30
0.0
 11
184.3180616176368
 21
293.3202867814452
 31
0.0
  0
LINE
  5
220F
330
70
100
AcDbEntity
  8
0
 62
     0
100
AcDbLine
 10
184.3180616176368
 20
293.3202867814452
 30
0.0
 11
184.3180616176368
 21
297.7906267814453
 31
0.0
  0
LINE
  5
2210
330
70
100
AcDbEntity
  8
0
 62
     0
100
AcDbLine
 10
184.3180616176368
 20
297.7906267814453
 30
0.0
 11
182.5930616176368
 21
297.7906267814453
 31
0.0
  0
LINE
  5
2211
330
70
100
AcDbEntity
  8
0
 62
     0
100
AcDbLine
 10
182.5930616176368
 20
297.7906267814453
 30
0.0
 11
182.5930616176368
 21
298.9908967814453
 31
0.0
  0
LINE
  5
2212
330
70
100
AcDbEntity
  8
0
 62
     0
100
AcDbLine
 10
182.5930616176368
 20
298.9908967814453
 30
0.0
 11
179.2920616176369
 21
298.9908967814453
 31
0.0
  0
LINE
  5
2213
330
70
100
AcDbEntity
  8
0
 62
     0
100
AcDbLine
 10
179.2920616176369
 20
298.9908967814453
 30
0.0
 11
179.2920616176369
 21
297.7906267814453
 31
0.0
  0
LINE
  5
2214
330
70
100
AcDbEntity
  8
0
 62
     0
100
AcDbLine
 10
179.2920616176369
 20
297.7906267814453
 30
0.0
 11
177.5670616176368
 21
297.7906267814453
 31
0.0
  0
LINE
  5
2215
330
70
100
AcDbEntity
  8
0
 62
     0
100
AcDbLine
 10
177.5670616176368
 20
297.7906267814453
 30
0.0
 11
177.5670616176368
 21
291.5205567814453
 31
0.0
  0
LINE
  5
2216
330
70
100
AcDbEntity
  8
0
 62
     0
100
AcDbLine
 10
177.5670616176368
 20
291.5205567814453
 30
0.0
 11
176.7430616176368
 21
291.5205567814453
 31
0.0
  0
LINE
  5
2217
330
70
100
AcDbEntity
  8
0
 62
     0
100
AcDbLine
 10
176.7430616176368
 20
291.5205567814453
 30
0.0
 11
176.7430616176368
 21
288.7204067814453
 31
0.0
  0
LINE
  5
2218
330
70
100
AcDbEntity
  8
0
 62
     0
100
AcDbLine
 10
176.7430616176368
 20
288.7204067814453
 30
0.0
 11
177.5670616176368
 21
288.7204067814453
 31
0.0
  0
LINE
  5
2219
330
70
100
AcDbEntity
  8
0
 62
     0
100
AcDbLine
 10
177.5670616176368
 20
288.7204067814453
 30
0.0
 11
177.5670616176368
 21
285.4902067814453
 31
0.0
  0
LINE
  5
221A
330
70
100
AcDbEntity
  8
0
 62
     0
100
AcDbLine
 10
177.5670616176368
 20
285.4902067814453
 30
0.0
 11
184.3180616176368
 21
285.4902067814453
 31
0.0
  0
LINE
  5
221B
330
70
100
AcDbEntity
  8
0
 62
     0
100
AcDbLine
 10
184.3180616176368
 20
285.4902067814453
 30
0.0
 11
184.3180616176368
 21
288.7204067814453
 31
0.0
  0
LINE
  5
221C
330
70
100
AcDbEntity
  8
0
 62
     0
100
AcDbLine
 10
184.3180616176368
 20
288.7204067814453
 30
0.0
 11
223.9420616176369
 21
288.7204067814453
 31
0.0
  0
LINE
  5
221D
330
70
100
AcDbEntity
  8
0
 62
     0
100
AcDbLine
 10
223.9420616176369
 20
288.7204067814453
 30
0.0
 11
223.9420616176369
 21
284.0199067814452
 31
0.0
  0
LINE
  5
221E
330
70
100
AcDbEntity
  8
0
 62
     0
100
AcDbLine
 10
223.9420616176369
 20
284.0199067814452
 30
0.0
 11
237.9430616176368
 21
284.0199067814452
 31
0.0
  0
LINE
  5
221F
330
70
100
AcDbEntity
  8
0
 62
     0
100
AcDbLine
 10
104.8809716176368
 20
298.0207567814452
 30
0.0
 11
118.8804616176368
 21
298.0207567814452
 31
0.0
  0
LINE
  5
2220
330
70
100
AcDbEntity
  8
0
 62
     0
100
AcDbLine
 10
118.8804616176368
 20
298.0207567814452
 30
0.0
 11
118.8804616176368
 21
284.0199067814452
 31
0.0
  0
LINE
  5
2221
330
70
100
AcDbEntity
  8
0
 62
     0
100
AcDbLine
 10
118.8804616176368
 20
284.0199067814452
 30
0.0
 11
104.8809716176368
 21
284.0199067814452
 31
0.0
  0
LINE
  5
2222
330
70
100
AcDbEntity
  8
0
 62
     0
100
AcDbLine
 10
104.8809716176368
 20
284.0199067814452
 30
0.0
 11
104.8809716176368
 21
298.0207567814452
 31
0.0
  0
LINE
  5
2223
330
70
100
AcDbEntity
  8
0
 62
     0
100
AcDbLine
 10
128.6920616176368
 20
298.0207567814452
 30
0.0
 11
142.6928616176368
 21
298.0207567814452
 31
0.0
  0
LINE
  5
2224
330
70
100
AcDbEntity
  8
0
 62
     0
100
AcDbLine
 10
142.6928616176368
 20
298.0207567814452
 30
0.0
 11
142.6928616176368
 21
290.0199067814453
 31
0.0
  0
LINE
  5
2225
330
70
100
AcDbEntity
  8
0
 62
     0
100
AcDbLine
 10
142.6928616176368
 20
284.0199067814452
 30
0.0
 11
128.6920616176368
 21
284.0199067814452
 31
0.0
  0
LINE
  5
2226
330
70
100
AcDbEntity
  8
0
 62
     0
100
AcDbLine
 10
128.6920616176368
 20
284.0199067814452
 30
0.0
 11
128.6920616176368
 21
298.0207567814452
 31
0.0
  0
LINE
  5
2227
330
70
100
AcDbEntity
  8
0
 62
     0
100
AcDbLine
 10
152.5060616176368
 20
298.0207567814452
 30
0.0
 11
166.5053616176368
 21
298.0207567814452
 31
0.0
  0
LINE
  5
2228
330
70
100
AcDbEntity
  8
0
 62
     0
100
AcDbLine
 10
166.5053616176368
 20
298.0207567814452
 30
0.0
 11
166.5053616176368
 21
284.0199067814452
 31
0.0
  0
LINE
  5
2229
330
70
100
AcDbEntity
  8
0
 62
     0
100
AcDbLine
 10
166.5053616176368
 20
284.0199067814452
 30
0.0
 11
152.5060616176368
 21
284.0199067814452
 31
0.0
  0
LINE
  5
222A
330
70
100
AcDbEntity
  8
0
 62
     0
100
AcDbLine
 10
152.5060616176368
 20
290.0199067814453
 30
0.0
 11
152.5060616176368
 21
298.0207567814452
 31
0.0
  0
LINE
  5
222B
330
70
100
AcDbEntity
  8
0
 62
     0
100
AcDbLine
 10
295.3810616176368
 20
298.0207567814452
 30
0.0
 11
309.3800616176368
 21
298.0207567814452
 31
0.0
  0
LINE
  5
222C
330
70
100
AcDbEntity
  8
0
 62
     0
100
AcDbLine
 10
309.3800616176368
 20
298.0207567814452
 30
0.0
 11
309.3800616176368
 21
289.0199067814452
 31
0.0
  0
LINE
  5
222D
330
70
100
AcDbEntity
  8
0
 62
     0
100
AcDbLine
 10
303.4225516635761
 20
284.0199067814452
 30
0.0
 11
295.3810616176368
 21
284.0199067814452
 31
0.0
  0
LINE
  5
222E
330
70
100
AcDbEntity
  8
0
 62
     0
100
AcDbLine
 10
295.3810616176368
 20
284.0199067814452
 30
0.0
 11
295.3810616176368
 21
298.0207567814452
 31
0.0
  0
LINE
  5
222F
330
70
100
AcDbEntity
  8
0
 62
     0
100
AcDbLine
 10
319.1920616176369
 20
298.0207567814452
 30
0.0
 11
333.1930616176368
 21
298.0207567814452
 31
0.0
  0
LINE
  5
2230
330
70
100
AcDbEntity
  8
0
 62
     0
100
AcDbLine
 10
333.1930616176368
 20
298.0207567814452
 30
0.0
 11
333.1930616176368
 21
284.0199067814452
 31
0.0
  0
LINE
  5
2231
330
70
100
AcDbEntity
  8
0
 62
     0
100
AcDbLine
 10
333.1930616176368
 20
284.0199067814452
 30
0.0
 11
319.1920616176369
 21
284.0199067814452
 31
0.0
  0
LINE
  5
2232
330
70
100
AcDbEntity
  8
0
 62
     0
100
AcDbLine
 10
319.1920616176369
 20
284.0199067814452
 30
0.0
 11
319.1920616176369
 21
298.0207567814452
 31
0.0
  0
LINE
  5
2233
330
70
100
AcDbEntity
  8
0
 62
     0
100
AcDbLine
 10
350.1500616176369
 20
298.0207567814452
 30
0.0
 11
364.1490616176369
 21
298.0207567814452
 31
0.0
  0
LINE
  5
2234
330
70
100
AcDbEntity
  8
0
 62
     0
100
AcDbLine
 10
364.1490616176369
 20
298.0207567814452
 30
0.0
 11
364.1490616176369
 21
284.0199067814452
 31
0.0
  0
LINE
  5
2235
330
70
100
AcDbEntity
  8
0
 62
     0
100
AcDbLine
 10
364.1490616176369
 20
284.0199067814452
 30
0.0
 11
350.1500616176369
 21
284.0199067814452
 31
0.0
  0
LINE
  5
2236
330
70
100
AcDbEntity
  8
0
 62
     0
100
AcDbLine
 10
350.1500616176369
 20
284.0199067814452
 30
0.0
 11
350.1500616176369
 21
298.0207567814452
 31
0.0
  0
LINE
  5
2237
330
70
100
AcDbEntity
  8
0
 62
     0
100
AcDbLine
 10
369.2000616176368
 20
298.0207567814452
 30
0.0
 11
383.1990616176369
 21
298.0207567814452
 31
0.0
  0
LINE
  5
2238
330
70
100
AcDbEntity
  8
0
 62
     0
100
AcDbLine
 10
383.1990616176369
 20
298.0207567814452
 30
0.0
 11
383.1990616176369
 21
284.0199067814452
 31
0.0
  0
LINE
  5
2239
330
70
100
AcDbEntity
  8
0
 62
     0
100
AcDbLine
 10
383.1990616176369
 20
284.0199067814452
 30
0.0
 11
369.2000616176368
 21
284.0199067814452
 31
0.0
  0
LINE
  5
223A
330
70
100
AcDbEntity
  8
0
 62
     0
100
AcDbLine
 10
369.2000616176368
 20
284.0199067814452
 30
0.0
 11
369.2000616176368
 21
298.0207567814452
 31
0.0
  0
LINE
  5
223B
330
70
100
AcDbEntity
  8
0
 62
     0
100
AcDbLine
 10
388.2500616176368
 20
298.0207567814452
 30
0.0
 11
402.2490616176368
 21
298.0207567814452
 31
0.0
  0
LINE
  5
223C
330
70
100
AcDbEntity
  8
0
 62
     0
100
AcDbLine
 10
402.2490616176368
 20
298.0207567814452
 30
0.0
 11
402.2490616176368
 21
284.0199067814452
 31
0.0
  0
LINE
  5
223D
330
70
100
AcDbEntity
  8
0
 62
     0
100
AcDbLine
 10
402.2490616176368
 20
284.0199067814452
 30
0.0
 11
388.2500616176368
 21
284.0199067814452
 31
0.0
  0
LINE
  5
223E
330
70
100
AcDbEntity
  8
0
 62
     0
100
AcDbLine
 10
388.2500616176368
 20
284.0199067814452
 30
0.0
 11
388.2500616176368
 21
298.0207567814452
 31
0.0
  0
LINE
  5
223F
330
70
100
AcDbEntity
  8
0
 62
     0
100
AcDbLine
 10
114.4059616176368
 20
317.0706567814453
 30
0.0
 11
114.4059616176368
 21
312.3702567814453
 31
0.0
  0
LINE
  5
2240
330
70
100
AcDbEntity
  8
0
 62
     0
100
AcDbLine
 10
114.4059616176368
 20
312.3702567814453
 30
0.0
 11
112.8804616176368
 21
312.3702567814453
 31
0.0
  0
LINE
  5
2241
330
70
100
AcDbEntity
  8
0
 62
     0
100
AcDbLine
 10
112.8804616176368
 20
312.3702567814453
 30
0.0
 11
112.8804616176368
 21
315.6004567814453
 31
0.0
  0
LINE
  5
2242
330
70
100
AcDbEntity
  8
0
 62
     0
100
AcDbLine
 10
112.8804616176368
 20
315.6004567814453
 30
0.0
 11
106.1308616176368
 21
315.6004567814453
 31
0.0
  0
LINE
  5
2243
330
70
100
AcDbEntity
  8
0
 62
     0
100
AcDbLine
 10
106.1308616176368
 20
315.6004567814453
 30
0.0
 11
106.1308616176368
 21
312.3702567814453
 31
0.0
  0
LINE
  5
2244
330
70
100
AcDbEntity
  8
0
 62
     0
100
AcDbLine
 10
106.1308616176368
 20
312.3702567814453
 30
0.0
 11
105.3053916176368
 21
312.3702567814453
 31
0.0
  0
LINE
  5
2245
330
70
100
AcDbEntity
  8
0
 62
     0
100
AcDbLine
 10
105.3053916176368
 20
312.3702567814453
 30
0.0
 11
105.3053916176368
 21
309.5701567814453
 31
0.0
  0
LINE
  5
2246
330
70
100
AcDbEntity
  8
0
 62
     0
100
AcDbLine
 10
105.3053916176368
 20
309.5701567814453
 30
0.0
 11
106.1308616176368
 21
309.5701567814453
 31
0.0
  0
LINE
  5
2247
330
70
100
AcDbEntity
  8
0
 62
     0
100
AcDbLine
 10
106.1308616176368
 20
309.5701567814453
 30
0.0
 11
106.1308616176368
 21
303.3000567814453
 31
0.0
  0
LINE
  5
2248
330
70
100
AcDbEntity
  8
0
 62
     0
100
AcDbLine
 10
106.1308616176368
 20
303.3000567814453
 30
0.0
 11
107.8561516176368
 21
303.3000567814453
 31
0.0
  0
LINE
  5
2249
330
70
100
AcDbEntity
  8
0
 62
     0
100
AcDbLine
 10
107.8561516176368
 20
303.3000567814453
 30
0.0
 11
107.8561516176368
 21
302.0997567814453
 31
0.0
  0
LINE
  5
224A
330
70
100
AcDbEntity
  8
0
 62
     0
100
AcDbLine
 10
107.8561516176368
 20
302.0997567814453
 30
0.0
 11
111.1551616176368
 21
302.0997567814453
 31
0.0
  0
LINE
  5
224B
330
70
100
AcDbEntity
  8
0
 62
     0
100
AcDbLine
 10
111.1551616176368
 20
302.0997567814453
 30
0.0
 11
111.1551616176368
 21
303.3000567814453
 31
0.0
  0
LINE
  5
224C
330
70
100
AcDbEntity
  8
0
 62
     0
100
AcDbLine
 10
111.1551616176368
 20
303.3000567814453
 30
0.0
 11
112.8804616176368
 21
303.3000567814453
 31
0.0
  0
LINE
  5
224D
330
70
100
AcDbEntity
  8
0
 62
     0
100
AcDbLine
 10
112.8804616176368
 20
303.3000567814453
 30
0.0
 11
112.8804616176368
 21
307.7703567814453
 31
0.0
  0
LINE
  5
224E
330
70
100
AcDbEntity
  8
0
 62
     0
100
AcDbLine
 10
112.8804616176368
 20
307.7703567814453
 30
0.0
 11
114.4059616176368
 21
307.7703567814453
 31
0.0
  0
LINE
  5
224F
330
70
100
AcDbEntity
  8
0
 62
     0
100
AcDbLine
 10
114.4059616176368
 20
307.7703567814453
 30
0.0
 11
114.4059616176368
 21
303.0698567814452
 31
0.0
  0
LINE
  5
2250
330
70
100
AcDbEntity
  8
0
 62
     0
100
AcDbLine
 10
114.4059616176368
 20
303.0698567814452
 30
0.0
 11
128.4054616176368
 21
303.0698567814452
 31
0.0
  0
LINE
  5
2251
330
70
100
AcDbEntity
  8
0
 62
     0
100
AcDbLine
 10
128.4054616176368
 20
303.0698567814452
 30
0.0
 11
128.4054616176368
 21
307.7703567814453
 31
0.0
  0
LINE
  5
2252
330
70
100
AcDbEntity
  8
0
 62
     0
100
AcDbLine
 10
128.4054616176368
 20
307.7703567814453
 30
0.0
 11
129.9309616176368
 21
307.7703567814453
 31
0.0
  0
LINE
  5
2253
330
70
100
AcDbEntity
  8
0
 62
     0
100
AcDbLine
 10
129.9309616176368
 20
307.7703567814453
 30
0.0
 11
129.9309616176368
 21
303.3000567814453
 31
0.0
  0
LINE
  5
2254
330
70
100
AcDbEntity
  8
0
 62
     0
100
AcDbLine
 10
129.9309616176368
 20
303.3000567814453
 30
0.0
 11
131.6548616176368
 21
303.3000567814453
 31
0.0
  0
LINE
  5
2255
330
70
100
AcDbEntity
  8
0
 62
     0
100
AcDbLine
 10
131.6548616176368
 20
303.3000567814453
 30
0.0
 11
131.6548616176368
 21
302.0997567814453
 31
0.0
  0
LINE
  5
2256
330
70
100
AcDbEntity
  8
0
 62
     0
100
AcDbLine
 10
131.6548616176368
 20
302.0997567814453
 30
0.0
 11
134.9552616176368
 21
302.0997567814453
 31
0.0
  0
LINE
  5
2257
330
70
100
AcDbEntity
  8
0
 62
     0
100
AcDbLine
 10
134.9552616176368
 20
302.0997567814453
 30
0.0
 11
134.9552616176368
 21
303.3000567814453
 31
0.0
  0
LINE
  5
2258
330
70
100
AcDbEntity
  8
0
 62
     0
100
AcDbLine
 10
134.9552616176368
 20
303.3000567814453
 30
0.0
 11
136.6804616176368
 21
303.3000567814453
 31
0.0
  0
LINE
  5
2259
330
70
100
AcDbEntity
  8
0
 62
     0
100
AcDbLine
 10
136.6804616176368
 20
303.3000567814453
 30
0.0
 11
136.6804616176368
 21
309.5701567814453
 31
0.0
  0
LINE
  5
225A
330
70
100
AcDbEntity
  8
0
 62
     0
100
AcDbLine
 10
136.6804616176368
 20
309.5701567814453
 30
0.0
 11
137.5059616176368
 21
309.5701567814453
 31
0.0
  0
LINE
  5
225B
330
70
100
AcDbEntity
  8
0
 62
     0
100
AcDbLine
 10
137.5059616176368
 20
309.5701567814453
 30
0.0
 11
137.5059616176368
 21
312.3702567814453
 31
0.0
  0
LINE
  5
225C
330
70
100
AcDbEntity
  8
0
 62
     0
100
AcDbLine
 10
137.5059616176368
 20
312.3702567814453
 30
0.0
 11
136.6804616176368
 21
312.3702567814453
 31
0.0
  0
LINE
  5
225D
330
70
100
AcDbEntity
  8
0
 62
     0
100
AcDbLine
 10
136.6804616176368
 20
312.3702567814453
 30
0.0
 11
136.6804616176368
 21
315.6004567814453
 31
0.0
  0
LINE
  5
225E
330
70
100
AcDbEntity
  8
0
 62
     0
100
AcDbLine
 10
136.6804616176368
 20
315.6004567814453
 30
0.0
 11
129.9309616176368
 21
315.6004567814453
 31
0.0
  0
LINE
  5
225F
330
70
100
AcDbEntity
  8
0
 62
     0
100
AcDbLine
 10
129.9309616176368
 20
315.6004567814453
 30
0.0
 11
129.9309616176368
 21
312.3702567814453
 31
0.0
  0
LINE
  5
2260
330
70
100
AcDbEntity
  8
0
 62
     0
100
AcDbLine
 10
129.9309616176368
 20
312.3702567814453
 30
0.0
 11
128.4054616176368
 21
312.3702567814453
 31
0.0
  0
LINE
  5
2261
330
70
100
AcDbEntity
  8
0
 62
     0
100
AcDbLine
 10
128.4054616176368
 20
312.3702567814453
 30
0.0
 11
128.4054616176368
 21
317.0706567814453
 31
0.0
  0
LINE
  5
2262
330
70
100
AcDbEntity
  8
0
 62
     0
100
AcDbLine
 10
128.4054616176368
 20
317.0706567814453
 30
0.0
 11
114.4059616176368
 21
317.0706567814453
 31
0.0
  0
LINE
  5
2263
330
70
100
AcDbEntity
  8
0
 62
     0
100
AcDbLine
 10
145.3622616176368
 20
317.0706567814453
 30
0.0
 11
159.3615616176368
 21
317.0706567814453
 31
0.0
  0
LINE
  5
2264
330
70
100
AcDbEntity
  8
0
 62
     0
100
AcDbLine
 10
159.3615616176368
 20
317.0706567814453
 30
0.0
 11
159.3615616176368
 21
303.0698567814452
 31
0.0
  0
LINE
  5
2265
330
70
100
AcDbEntity
  8
0
 62
     0
100
AcDbLine
 10
159.3615616176368
 20
303.0698567814452
 30
0.0
 11
145.3622616176368
 21
303.0698567814452
 31
0.0
  0
LINE
  5
2266
330
70
100
AcDbEntity
  8
0
 62
     0
100
AcDbLine
 10
145.3622616176368
 20
303.0698567814452
 30
0.0
 11
145.3622616176368
 21
317.0706567814453
 31
0.0
  0
LINE
  5
2267
330
70
100
AcDbEntity
  8
0
 62
     0
100
AcDbLine
 10
164.4122616176368
 20
317.0706567814453
 30
0.0
 11
178.4115616176368
 21
317.0706567814453
 31
0.0
  0
LINE
  5
2268
330
70
100
AcDbEntity
  8
0
 62
     0
100
AcDbLine
 10
178.4115616176368
 20
317.0706567814453
 30
0.0
 11
178.4115616176368
 21
303.0698567814452
 31
0.0
  0
LINE
  5
2269
330
70
100
AcDbEntity
  8
0
 62
     0
100
AcDbLine
 10
178.4115616176368
 20
303.0698567814452
 30
0.0
 11
164.4122616176368
 21
303.0698567814452
 31
0.0
  0
LINE
  5
226A
330
70
100
AcDbEntity
  8
0
 62
     0
100
AcDbLine
 10
164.4122616176368
 20
303.0698567814452
 30
0.0
 11
164.4122616176368
 21
317.0706567814453
 31
0.0
  0
LINE
  5
226B
330
70
100
AcDbEntity
  8
0
 62
     0
100
AcDbLine
 10
183.4622616176368
 20
317.0706567814453
 30
0.0
 11
197.4615616176368
 21
317.0706567814453
 31
0.0
  0
LINE
  5
226C
330
70
100
AcDbEntity
  8
0
 62
     0
100
AcDbLine
 10
197.4615616176368
 20
317.0706567814453
 30
0.0
 11
197.4615616176368
 21
303.0698567814452
 31
0.0
  0
LINE
  5
226D
330
70
100
AcDbEntity
  8
0
 62
     0
100
AcDbLine
 10
197.4615616176368
 20
303.0698567814452
 30
0.0
 11
183.4622616176368
 21
303.0698567814452
 31
0.0
  0
LINE
  5
226E
330
70
100
AcDbEntity
  8
0
 62
     0
100
AcDbLine
 10
183.4622616176368
 20
303.0698567814452
 30
0.0
 11
183.4622616176368
 21
317.0706567814453
 31
0.0
  0
LINE
  5
226F
330
70
100
AcDbEntity
  8
0
 62
     0
100
AcDbLine
 10
202.5120616176368
 20
317.0706567814453
 30
0.0
 11
216.5120616176368
 21
317.0706567814453
 31
0.0
  0
LINE
  5
2270
330
70
100
AcDbEntity
  8
0
 62
     0
100
AcDbLine
 10
216.5120616176368
 20
317.0706567814453
 30
0.0
 11
216.5120616176368
 21
303.0698567814452
 31
0.0
  0
LINE
  5
2271
330
70
100
AcDbEntity
  8
0
 62
     0
100
AcDbLine
 10
216.5120616176368
 20
303.0698567814452
 30
0.0
 11
202.5120616176368
 21
303.0698567814452
 31
0.0
  0
LINE
  5
2272
330
70
100
AcDbEntity
  8
0
 62
     0
100
AcDbLine
 10
202.5120616176368
 20
303.0698567814452
 30
0.0
 11
202.5120616176368
 21
317.0706567814453
 31
0.0
  0
LINE
  5
2273
330
70
100
AcDbEntity
  8
0
 62
     0
100
AcDbLine
 10
221.5620616176368
 20
317.0706567814453
 30
0.0
 11
235.5620616176369
 21
317.0706567814453
 31
0.0
  0
LINE
  5
2274
330
70
100
AcDbEntity
  8
0
 62
     0
100
AcDbLine
 10
235.5620616176369
 20
317.0706567814453
 30
0.0
 11
235.5620616176369
 21
303.0698567814452
 31
0.0
  0
LINE
  5
2275
330
70
100
AcDbEntity
  8
0
 62
     0
100
AcDbLine
 10
235.5620616176369
 20
303.0698567814452
 30
0.0
 11
221.5620616176368
 21
303.0698567814452
 31
0.0
  0
LINE
  5
2276
330
70
100
AcDbEntity
  8
0
 62
     0
100
AcDbLine
 10
221.5620616176368
 20
303.0698567814452
 30
0.0
 11
221.5620616176368
 21
317.0706567814453
 31
0.0
  0
LINE
  5
2277
330
70
100
AcDbEntity
  8
0
 62
     0
100
AcDbLine
 10
240.6120616176369
 20
317.0706567814453
 30
0.0
 11
254.6120616176369
 21
317.0706567814453
 31
0.0
  0
LINE
  5
2278
330
70
100
AcDbEntity
  8
0
 62
     0
100
AcDbLine
 10
254.6120616176369
 20
317.0706567814453
 30
0.0
 11
254.6120616176369
 21
303.0698567814452
 31
0.0
  0
LINE
  5
2279
330
70
100
AcDbEntity
  8
0
 62
     0
100
AcDbLine
 10
254.6120616176369
 20
303.0698567814452
 30
0.0
 11
240.6120616176369
 21
303.0698567814452
 31
0.0
  0
LINE
  5
227A
330
70
100
AcDbEntity
  8
0
 62
     0
100
AcDbLine
 10
240.6120616176369
 20
303.0698567814452
 30
0.0
 11
240.6120616176369
 21
317.0706567814453
 31
0.0
  0
LINE
  5
227B
330
70
100
AcDbEntity
  8
0
 62
     0
100
AcDbLine
 10
259.6620616176368
 20
317.0706567814453
 30
0.0
 11
273.6620616176368
 21
317.0706567814453
 31
0.0
  0
LINE
  5
227C
330
70
100
AcDbEntity
  8
0
 62
     0
100
AcDbLine
 10
273.6620616176368
 20
317.0706567814453
 30
0.0
 11
273.6620616176368
 21
303.0698567814452
 31
0.0
  0
LINE
  5
227D
330
70
100
AcDbEntity
  8
0
 62
     0
100
AcDbLine
 10
273.6620616176368
 20
303.0698567814452
 30
0.0
 11
259.6620616176368
 21
303.0698567814452
 31
0.0
  0
LINE
  5
227E
330
70
100
AcDbEntity
  8
0
 62
     0
100
AcDbLine
 10
259.6620616176368
 20
303.0698567814452
 30
0.0
 11
259.6620616176368
 21
317.0706567814453
 31
0.0
  0
LINE
  5
227F
330
70
100
AcDbEntity
  8
0
 62
     0
100
AcDbLine
 10
278.7120616176368
 20
317.0706567814453
 30
0.0
 11
292.7120616176368
 21
317.0706567814453
 31
0.0
  0
LINE
  5
2280
330
70
100
AcDbEntity
  8
0
 62
     0
100
AcDbLine
 10
292.7120616176368
 20
317.0706567814453
 30
0.0
 11
292.7120616176368
 21
303.0698567814452
 31
0.0
  0
LINE
  5
2281
330
70
100
AcDbEntity
  8
0
 62
     0
100
AcDbLine
 10
292.7120616176368
 20
303.0698567814452
 30
0.0
 11
278.7120616176368
 21
303.0698567814452
 31
0.0
  0
LINE
  5
2282
330
70
100
AcDbEntity
  8
0
 62
     0
100
AcDbLine
 10
278.7120616176368
 20
303.0698567814452
 30
0.0
 11
278.7120616176368
 21
317.0706567814453
 31
0.0
  0
LINE
  5
2283
330
70
100
AcDbEntity
  8
0
 62
     0
100
AcDbLine
 10
297.7620616176368
 20
317.0706567814453
 30
0.0
 11
311.7620616176369
 21
317.0706567814453
 31
0.0
  0
LINE
  5
2284
330
70
100
AcDbEntity
  8
0
 62
     0
100
AcDbLine
 10
311.7620616176369
 20
317.0706567814453
 30
0.0
 11
311.7620616176369
 21
303.0698567814452
 31
0.0
  0
LINE
  5
2285
330
70
100
AcDbEntity
  8
0
 62
     0
100
AcDbLine
 10
311.7620616176369
 20
303.0698567814452
 30
0.0
 11
297.7620616176368
 21
303.0698567814452
 31
0.0
  0
LINE
  5
2286
330
70
100
AcDbEntity
  8
0
 62
     0
100
AcDbLine
 10
297.7620616176368
 20
303.0698567814452
 30
0.0
 11
297.7620616176368
 21
317.0706567814453
 31
0.0
  0
LINE
  5
2287
330
70
100
AcDbEntity
  8
0
 62
     0
100
AcDbLine
 10
316.8120616176369
 20
317.0706567814453
 30
0.0
 11
330.8120616176369
 21
317.0706567814453
 31
0.0
  0
LINE
  5
2288
330
70
100
AcDbEntity
  8
0
 62
     0
100
AcDbLine
 10
330.8120616176369
 20
317.0706567814453
 30
0.0
 11
330.8120616176369
 21
303.0698567814452
 31
0.0
  0
LINE
  5
2289
330
70
100
AcDbEntity
  8
0
 62
     0
100
AcDbLine
 10
330.8120616176369
 20
303.0698567814452
 30
0.0
 11
316.8120616176369
 21
303.0698567814452
 31
0.0
  0
LINE
  5
228A
330
70
100
AcDbEntity
  8
0
 62
     0
100
AcDbLine
 10
316.8120616176369
 20
303.0698567814452
 30
0.0
 11
316.8120616176369
 21
317.0706567814453
 31
0.0
  0
LINE
  5
228B
330
70
100
AcDbEntity
  8
0
 62
     0
100
AcDbLine
 10
343.0060616176368
 20
317.0706567814453
 30
0.0
 11
357.0050616176368
 21
317.0706567814453
 31
0.0
  0
LINE
  5
228C
330
70
100
AcDbEntity
  8
0
 62
     0
100
AcDbLine
 10
357.0050616176368
 20
317.0706567814453
 30
0.0
 11
357.0050616176368
 21
303.0698567814452
 31
0.0
  0
LINE
  5
228D
330
70
100
AcDbEntity
  8
0
 62
     0
100
AcDbLine
 10
357.0050616176368
 20
303.0698567814452
 30
0.0
 11
343.0060616176368
 21
303.0698567814452
 31
0.0
  0
LINE
  5
228E
330
70
100
AcDbEntity
  8
0
 62
     0
100
AcDbLine
 10
343.0060616176368
 20
303.0698567814452
 30
0.0
 11
343.0060616176368
 21
317.0706567814453
 31
0.0
  0
LINE
  5
228F
330
70
100
AcDbEntity
  8
0
 62
     0
100
AcDbLine
 10
369.2000616176368
 20
317.0706567814453
 30
0.0
 11
383.1990616176369
 21
317.0706567814453
 31
0.0
  0
LINE
  5
2290
330
70
100
AcDbEntity
  8
0
 62
     0
100
AcDbLine
 10
383.1990616176369
 20
317.0706567814453
 30
0.0
 11
383.1990616176369
 21
303.0698567814452
 31
0.0
  0
LINE
  5
2291
330
70
100
AcDbEntity
  8
0
 62
     0
100
AcDbLine
 10
383.1990616176369
 20
303.0698567814452
 30
0.0
 11
369.2000616176368
 21
303.0698567814452
 31
0.0
  0
LINE
  5
2292
330
70
100
AcDbEntity
  8
0
 62
     0
100
AcDbLine
 10
369.2000616176368
 20
303.0698567814452
 30
0.0
 11
369.2000616176368
 21
317.0706567814453
 31
0.0
  0
LINE
  5
2293
330
70
100
AcDbEntity
  8
0
 62
     0
100
AcDbLine
 10
357.2920616176369
 20
336.1206567814453
 30
0.0
 11
357.2920616176369
 21
331.4202567814452
 31
0.0
  0
LINE
  5
2294
330
70
100
AcDbEntity
  8
0
 62
     0
100
AcDbLine
 10
357.2920616176369
 20
331.4202567814452
 30
0.0
 11
355.7680616176368
 21
331.4202567814452
 31
0.0
  0
LINE
  5
2295
330
70
100
AcDbEntity
  8
0
 62
     0
100
AcDbLine
 10
355.7680616176368
 20
331.4202567814452
 30
0.0
 11
355.7680616176368
 21
334.6503567814453
 31
0.0
  0
LINE
  5
2296
330
70
100
AcDbEntity
  8
0
 62
     0
100
AcDbLine
 10
355.7680616176368
 20
334.6503567814453
 30
0.0
 11
349.0170616176369
 21
334.6503567814453
 31
0.0
  0
LINE
  5
2297
330
70
100
AcDbEntity
  8
0
 62
     0
100
AcDbLine
 10
349.0170616176369
 20
334.6503567814453
 30
0.0
 11
349.0170616176369
 21
331.4202567814452
 31
0.0
  0
LINE
  5
2298
330
70
100
AcDbEntity
  8
0
 62
     0
100
AcDbLine
 10
349.0170616176369
 20
331.4202567814452
 30
0.0
 11
348.1930616176368
 21
331.4202567814452
 31
0.0
  0
LINE
  5
2299
330
70
100
AcDbEntity
  8
0
 62
     0
100
AcDbLine
 10
348.1930616176368
 20
331.4202567814452
 30
0.0
 11
348.1930616176368
 21
328.6202567814453
 31
0.0
  0
LINE
  5
229A
330
70
100
AcDbEntity
  8
0
 62
     0
100
AcDbLine
 10
348.1930616176368
 20
328.6202567814453
 30
0.0
 11
349.0170616176369
 21
328.6202567814453
 31
0.0
  0
LINE
  5
229B
330
70
100
AcDbEntity
  8
0
 62
     0
100
AcDbLine
 10
349.0170616176369
 20
328.6202567814453
 30
0.0
 11
349.0170616176369
 21
322.3500567814453
 31
0.0
  0
LINE
  5
229C
330
70
100
AcDbEntity
  8
0
 62
     0
100
AcDbLine
 10
349.0170616176369
 20
322.3500567814453
 30
0.0
 11
350.7420616176369
 21
322.3500567814453
 31
0.0
  0
LINE
  5
229D
330
70
100
AcDbEntity
  8
0
 62
     0
100
AcDbLine
 10
350.7420616176369
 20
322.3500567814453
 30
0.0
 11
350.7420616176369
 21
321.1498567814452
 31
0.0
  0
LINE
  5
229E
330
70
100
AcDbEntity
  8
0
 62
     0
100
AcDbLine
 10
350.7420616176369
 20
321.1498567814452
 30
0.0
 11
354.0410616176369
 21
321.1498567814452
 31
0.0
  0
LINE
  5
229F
330
70
100
AcDbEntity
  8
0
 62
     0
100
AcDbLine
 10
354.0410616176369
 20
321.1498567814452
 30
0.0
 11
354.0410616176369
 21
322.3500567814453
 31
0.0
  0
LINE
  5
22A0
330
70
100
AcDbEntity
  8
0
 62
     0
100
AcDbLine
 10
354.0410616176369
 20
322.3500567814453
 30
0.0
 11
355.7680616176368
 21
322.3500567814453
 31
0.0
  0
LINE
  5
22A1
330
70
100
AcDbEntity
  8
0
 62
     0
100
AcDbLine
 10
355.7680616176368
 20
322.3500567814453
 30
0.0
 11
355.7680616176368
 21
326.8204567814453
 31
0.0
  0
LINE
  5
22A2
330
70
100
AcDbEntity
  8
0
 62
     0
100
AcDbLine
 10
355.7680616176368
 20
326.8204567814453
 30
0.0
 11
357.2920616176369
 21
326.8204567814453
 31
0.0
  0
LINE
  5
22A3
330
70
100
AcDbEntity
  8
0
 62
     0
100
AcDbLine
 10
357.2920616176369
 20
326.8204567814453
 30
0.0
 11
357.2920616176369
 21
322.1199567814452
 31
0.0
  0
LINE
  5
22A4
330
70
100
AcDbEntity
  8
0
 62
     0
100
AcDbLine
 10
357.2920616176369
 20
322.1199567814452
 30
0.0
 11
371.2930616176369
 21
322.1199567814452
 31
0.0
  0
LINE
  5
22A5
330
70
100
AcDbEntity
  8
0
 62
     0
100
AcDbLine
 10
371.2930616176369
 20
322.1199567814452
 30
0.0
 11
371.2930616176369
 21
326.8204567814453
 31
0.0
  0
LINE
  5
22A6
330
70
100
AcDbEntity
  8
0
 62
     0
100
AcDbLine
 10
371.2930616176369
 20
326.8204567814453
 30
0.0
 11
372.8170616176369
 21
326.8204567814453
 31
0.0
  0
LINE
  5
22A7
330
70
100
AcDbEntity
  8
0
 62
     0
100
AcDbLine
 10
372.8170616176369
 20
326.8204567814453
 30
0.0
 11
372.8170616176369
 21
322.3500567814453
 31
0.0
  0
LINE
  5
22A8
330
70
100
AcDbEntity
  8
0
 62
     0
100
AcDbLine
 10
372.8170616176369
 20
322.3500567814453
 30
0.0
 11
374.5420616176369
 21
322.3500567814453
 31
0.0
  0
LINE
  5
22A9
330
70
100
AcDbEntity
  8
0
 62
     0
100
AcDbLine
 10
374.5420616176369
 20
322.3500567814453
 30
0.0
 11
374.5420616176369
 21
321.1498567814452
 31
0.0
  0
LINE
  5
22AA
330
70
100
AcDbEntity
  8
0
 62
     0
100
AcDbLine
 10
374.5420616176369
 20
321.1498567814452
 30
0.0
 11
377.8430616176368
 21
321.1498567814452
 31
0.0
  0
LINE
  5
22AB
330
70
100
AcDbEntity
  8
0
 62
     0
100
AcDbLine
 10
377.8430616176368
 20
321.1498567814452
 30
0.0
 11
377.8430616176368
 21
322.3500567814453
 31
0.0
  0
LINE
  5
22AC
330
70
100
AcDbEntity
  8
0
 62
     0
100
AcDbLine
 10
377.8430616176368
 20
322.3500567814453
 30
0.0
 11
379.5680616176368
 21
322.3500567814453
 31
0.0
  0
LINE
  5
22AD
330
70
100
AcDbEntity
  8
0
 62
     0
100
AcDbLine
 10
379.5680616176368
 20
322.3500567814453
 30
0.0
 11
379.5680616176368
 21
328.6202567814453
 31
0.0
  0
LINE
  5
22AE
330
70
100
AcDbEntity
  8
0
 62
     0
100
AcDbLine
 10
379.5680616176368
 20
328.6202567814453
 30
0.0
 11
380.3920616176368
 21
328.6202567814453
 31
0.0
  0
LINE
  5
22AF
330
70
100
AcDbEntity
  8
0
 62
     0
100
AcDbLine
 10
380.3920616176368
 20
328.6202567814453
 30
0.0
 11
380.3920616176368
 21
331.4202567814452
 31
0.0
  0
LINE
  5
22B0
330
70
100
AcDbEntity
  8
0
 62
     0
100
AcDbLine
 10
380.3920616176368
 20
331.4202567814452
 30
0.0
 11
379.5680616176368
 21
331.4202567814452
 31
0.0
  0
LINE
  5
22B1
330
70
100
AcDbEntity
  8
0
 62
     0
100
AcDbLine
 10
379.5680616176368
 20
331.4202567814452
 30
0.0
 11
379.5680616176368
 21
334.6503567814453
 31
0.0
  0
LINE
  5
22B2
330
70
100
AcDbEntity
  8
0
 62
     0
100
AcDbLine
 10
379.5680616176368
 20
334.6503567814453
 30
0.0
 11
372.8170616176369
 21
334.6503567814453
 31
0.0
  0
LINE
  5
22B3
330
70
100
AcDbEntity
  8
0
 62
     0
100
AcDbLine
 10
372.8170616176369
 20
334.6503567814453
 30
0.0
 11
372.8170616176369
 21
331.4202567814452
 31
0.0
  0
LINE
  5
22B4
330
70
100
AcDbEntity
  8
0
 62
     0
100
AcDbLine
 10
372.8170616176369
 20
331.4202567814452
 30
0.0
 11
371.2930616176369
 21
331.4202567814452
 31
0.0
  0
LINE
  5
22B5
330
70
100
AcDbEntity
  8
0
 62
     0
100
AcDbLine
 10
371.2930616176369
 20
331.4202567814452
 30
0.0
 11
371.2930616176369
 21
336.1206567814453
 31
0.0
  0
LINE
  5
22B6
330
70
100
AcDbEntity
  8
0
 62
     0
100
AcDbLine
 10
371.2930616176369
 20
336.1206567814453
 30
0.0
 11
357.2920616176369
 21
336.1206567814453
 31
0.0
  0
LINE
  5
22B7
330
70
100
AcDbEntity
  8
0
 62
     0
100
AcDbLine
 10
123.6429616176368
 20
336.1206567814453
 30
0.0
 11
123.6429616176368
 21
322.1199567814452
 31
0.0
  0
LINE
  5
22B8
330
70
100
AcDbEntity
  8
0
 62
     0
100
AcDbLine
 10
123.6429616176368
 20
322.1199567814452
 30
0.0
 11
104.880736617637
 21
322.1199567814452
 31
0.0
  0
LINE
  5
22B9
330
70
100
AcDbEntity
  8
0
 62
     0
100
AcDbLine
 10
135.8372616176368
 20
336.1206567814453
 30
0.0
 11
149.8365616176368
 21
336.1206567814453
 31
0.0
  0
LINE
  5
22BA
330
70
100
AcDbEntity
  8
0
 62
     0
100
AcDbLine
 10
149.8365616176368
 20
336.1206567814453
 30
0.0
 11
149.8365616176368
 21
322.1199567814452
 31
0.0
  0
LINE
  5
22BB
330
70
100
AcDbEntity
  8
0
 62
     0
100
AcDbLine
 10
149.8365616176368
 20
322.1199567814452
 30
0.0
 11
135.8372616176368
 21
322.1199567814452
 31
0.0
  0
LINE
  5
22BC
330
70
100
AcDbEntity
  8
0
 62
     0
100
AcDbLine
 10
135.8372616176368
 20
322.1199567814452
 30
0.0
 11
135.8372616176368
 21
336.1206567814453
 31
0.0
  0
LINE
  5
22BD
330
70
100
AcDbEntity
  8
0
 62
     0
100
AcDbLine
 10
154.8872616176368
 20
336.1206567814453
 30
0.0
 11
168.8865616176368
 21
336.1206567814453
 31
0.0
  0
LINE
  5
22BE
330
70
100
AcDbEntity
  8
0
 62
     0
100
AcDbLine
 10
168.8865616176368
 20
336.1206567814453
 30
0.0
 11
168.8865616176368
 21
322.1199567814452
 31
0.0
  0
LINE
  5
22BF
330
70
100
AcDbEntity
  8
0
 62
     0
100
AcDbLine
 10
168.8865616176368
 20
322.1199567814452
 30
0.0
 11
154.8872616176368
 21
322.1199567814452
 31
0.0
  0
LINE
  5
22C0
330
70
100
AcDbEntity
  8
0
 62
     0
100
AcDbLine
 10
154.8872616176368
 20
322.1199567814452
 30
0.0
 11
154.8872616176368
 21
336.1206567814453
 31
0.0
  0
LINE
  5
22C1
330
70
100
AcDbEntity
  8
0
 62
     0
100
AcDbLine
 10
173.9372616176368
 20
336.1206567814453
 30
0.0
 11
187.9365616176368
 21
336.1206567814453
 31
0.0
  0
LINE
  5
22C2
330
70
100
AcDbEntity
  8
0
 62
     0
100
AcDbLine
 10
187.9365616176368
 20
336.1206567814453
 30
0.0
 11
187.9365616176368
 21
322.1199567814452
 31
0.0
  0
LINE
  5
22C3
330
70
100
AcDbEntity
  8
0
 62
     0
100
AcDbLine
 10
187.9365616176368
 20
322.1199567814452
 30
0.0
 11
173.9372616176368
 21
322.1199567814452
 31
0.0
  0
LINE
  5
22C4
330
70
100
AcDbEntity
  8
0
 62
     0
100
AcDbLine
 10
173.9372616176368
 20
322.1199567814452
 30
0.0
 11
173.9372616176368
 21
336.1206567814453
 31
0.0
  0
LINE
  5
22C5
330
70
100
AcDbEntity
  8
0
 62
     0
100
AcDbLine
 10
192.9872616176369
 20
336.1206567814453
 30
0.0
 11
206.9870616176369
 21
336.1206567814453
 31
0.0
  0
LINE
  5
22C6
330
70
100
AcDbEntity
  8
0
 62
     0
100
AcDbLine
 10
206.9870616176369
 20
336.1206567814453
 30
0.0
 11
206.9870616176369
 21
322.1199567814452
 31
0.0
  0
LINE
  5
22C7
330
70
100
AcDbEntity
  8
0
 62
     0
100
AcDbLine
 10
206.9870616176369
 20
322.1199567814452
 30
0.0
 11
192.9872616176369
 21
322.1199567814452
 31
0.0
  0
LINE
  5
22C8
330
70
100
AcDbEntity
  8
0
 62
     0
100
AcDbLine
 10
192.9872616176369
 20
322.1199567814452
 30
0.0
 11
192.9872616176369
 21
336.1206567814453
 31
0.0
  0
LINE
  5
22C9
330
70
100
AcDbEntity
  8
0
 62
     0
100
AcDbLine
 10
212.0370616176369
 20
336.1206567814453
 30
0.0
 11
226.0370616176369
 21
336.1206567814453
 31
0.0
  0
LINE
  5
22CA
330
70
100
AcDbEntity
  8
0
 62
     0
100
AcDbLine
 10
226.0370616176369
 20
336.1206567814453
 30
0.0
 11
226.0370616176369
 21
322.1199567814452
 31
0.0
  0
LINE
  5
22CB
330
70
100
AcDbEntity
  8
0
 62
     0
100
AcDbLine
 10
226.0370616176369
 20
322.1199567814452
 30
0.0
 11
212.0370616176369
 21
322.1199567814452
 31
0.0
  0
LINE
  5
22CC
330
70
100
AcDbEntity
  8
0
 62
     0
100
AcDbLine
 10
212.0370616176369
 20
322.1199567814452
 30
0.0
 11
212.0370616176369
 21
336.1206567814453
 31
0.0
  0
LINE
  5
22CD
330
70
100
AcDbEntity
  8
0
 62
     0
100
AcDbLine
 10
231.0870616176369
 20
336.1206567814453
 30
0.0
 11
245.0870616176368
 21
336.1206567814453
 31
0.0
  0
LINE
  5
22CE
330
70
100
AcDbEntity
  8
0
 62
     0
100
AcDbLine
 10
245.0870616176368
 20
336.1206567814453
 30
0.0
 11
245.0870616176368
 21
322.1199567814452
 31
0.0
  0
LINE
  5
22CF
330
70
100
AcDbEntity
  8
0
 62
     0
100
AcDbLine
 10
245.0870616176368
 20
322.1199567814452
 30
0.0
 11
231.0870616176369
 21
322.1199567814452
 31
0.0
  0
LINE
  5
22D0
330
70
100
AcDbEntity
  8
0
 62
     0
100
AcDbLine
 10
231.0870616176369
 20
322.1199567814452
 30
0.0
 11
231.0870616176369
 21
336.1206567814453
 31
0.0
  0
LINE
  5
22D1
330
70
100
AcDbEntity
  8
0
 62
     0
100
AcDbLine
 10
250.1370616176369
 20
336.1206567814453
 30
0.0
 11
264.1370616176368
 21
336.1206567814453
 31
0.0
  0
LINE
  5
22D2
330
70
100
AcDbEntity
  8
0
 62
     0
100
AcDbLine
 10
264.1370616176368
 20
336.1206567814453
 30
0.0
 11
264.1370616176368
 21
322.1199567814452
 31
0.0
  0
LINE
  5
22D3
330
70
100
AcDbEntity
  8
0
 62
     0
100
AcDbLine
 10
264.1370616176368
 20
322.1199567814452
 30
0.0
 11
250.1370616176369
 21
322.1199567814452
 31
0.0
  0
LINE
  5
22D4
330
70
100
AcDbEntity
  8
0
 62
     0
100
AcDbLine
 10
250.1370616176369
 20
322.1199567814452
 30
0.0
 11
250.1370616176369
 21
336.1206567814453
 31
0.0
  0
LINE
  5
22D5
330
70
100
AcDbEntity
  8
0
 62
     0
100
AcDbLine
 10
269.1870616176369
 20
336.1206567814453
 30
0.0
 11
283.1870616176368
 21
336.1206567814453
 31
0.0
  0
LINE
  5
22D6
330
70
100
AcDbEntity
  8
0
 62
     0
100
AcDbLine
 10
283.1870616176368
 20
336.1206567814453
 30
0.0
 11
283.1870616176368
 21
322.1199567814452
 31
0.0
  0
LINE
  5
22D7
330
70
100
AcDbEntity
  8
0
 62
     0
100
AcDbLine
 10
283.1870616176368
 20
322.1199567814452
 30
0.0
 11
269.1870616176369
 21
322.1199567814452
 31
0.0
  0
LINE
  5
22D8
330
70
100
AcDbEntity
  8
0
 62
     0
100
AcDbLine
 10
269.1870616176369
 20
322.1199567814452
 30
0.0
 11
269.1870616176369
 21
336.1206567814453
 31
0.0
  0
LINE
  5
22D9
330
70
100
AcDbEntity
  8
0
 62
     0
100
AcDbLine
 10
288.2370616176369
 20
336.1206567814453
 30
0.0
 11
302.2370616176369
 21
336.1206567814453
 31
0.0
  0
LINE
  5
22DA
330
70
100
AcDbEntity
  8
0
 62
     0
100
AcDbLine
 10
302.2370616176369
 20
336.1206567814453
 30
0.0
 11
302.2370616176369
 21
322.1199567814452
 31
0.0
  0
LINE
  5
22DB
330
70
100
AcDbEntity
  8
0
 62
     0
100
AcDbLine
 10
302.2370616176369
 20
322.1199567814452
 30
0.0
 11
288.2370616176369
 21
322.1199567814452
 31
0.0
  0
LINE
  5
22DC
330
70
100
AcDbEntity
  8
0
 62
     0
100
AcDbLine
 10
288.2370616176369
 20
322.1199567814452
 30
0.0
 11
288.2370616176369
 21
336.1206567814453
 31
0.0
  0
LINE
  5
22DD
330
70
100
AcDbEntity
  8
0
 62
     0
100
AcDbLine
 10
307.2870616176368
 20
336.1206567814453
 30
0.0
 11
321.2870616176368
 21
336.1206567814453
 31
0.0
  0
LINE
  5
22DE
330
70
100
AcDbEntity
  8
0
 62
     0
100
AcDbLine
 10
321.2870616176368
 20
336.1206567814453
 30
0.0
 11
321.2870616176368
 21
322.1199567814452
 31
0.0
  0
LINE
  5
22DF
330
70
100
AcDbEntity
  8
0
 62
     0
100
AcDbLine
 10
321.2870616176368
 20
322.1199567814452
 30
0.0
 11
307.2870616176368
 21
322.1199567814452
 31
0.0
  0
LINE
  5
22E0
330
70
100
AcDbEntity
  8
0
 62
     0
100
AcDbLine
 10
307.2870616176368
 20
322.1199567814452
 30
0.0
 11
307.2870616176368
 21
336.1206567814453
 31
0.0
  0
LINE
  5
22E1
330
70
100
AcDbEntity
  8
0
 62
     0
100
AcDbLine
 10
326.3370616176368
 20
336.1206567814453
 30
0.0
 11
340.3370616176368
 21
336.1206567814453
 31
0.0
  0
LINE
  5
22E2
330
70
100
AcDbEntity
  8
0
 62
     0
100
AcDbLine
 10
340.3370616176368
 20
336.1206567814453
 30
0.0
 11
340.3370616176368
 21
322.1199567814452
 31
0.0
  0
LINE
  5
22E3
330
70
100
AcDbEntity
  8
0
 62
     0
100
AcDbLine
 10
340.3370616176368
 20
322.1199567814452
 30
0.0
 11
326.3370616176368
 21
322.1199567814452
 31
0.0
  0
LINE
  5
22E4
330
70
100
AcDbEntity
  8
0
 62
     0
100
AcDbLine
 10
326.3370616176368
 20
322.1199567814452
 30
0.0
 11
326.3370616176368
 21
336.1206567814453
 31
0.0
  0
LINE
  5
22E5
330
70
100
AcDbEntity
  8
0
 62
     0
100
AcDbLine
 10
388.2500616176368
 20
336.1206567814453
 30
0.0
 11
397.2490616176369
 21
336.1206567814453
 31
0.0
  0
LINE
  5
22E6
330
70
100
AcDbEntity
  8
0
 62
     0
100
AcDbLine
 10
402.2490616176368
 20
331.1206567814453
 30
0.0
 11
402.2490616176368
 21
322.1199567814452
 31
0.0
  0
LINE
  5
22E7
330
70
100
AcDbEntity
  8
0
 62
     0
100
AcDbLine
 10
402.2490616176368
 20
322.1199567814452
 30
0.0
 11
388.2500616176368
 21
322.1199567814452
 31
0.0
  0
LINE
  5
22E8
330
70
100
AcDbEntity
  8
0
 62
     0
100
AcDbLine
 10
388.2500616176368
 20
322.1199567814452
 30
0.0
 11
388.2500616176368
 21
336.1206567814453
 31
0.0
  0
LINE
  5
22E9
330
70
100
AcDbEntity
  8
0
 62
     0
100
AcDbLine
 10
107.2622216176368
 20
355.1706567814453
 30
0.0
 11
121.2617616176368
 21
355.1706567814453
 31
0.0
  0
LINE
  5
22EA
330
70
100
AcDbEntity
  8
0
 62
     0
100
AcDbLine
 10
121.2617616176368
 20
355.1706567814453
 30
0.0
 11
121.2617616176368
 21
341.1699567814452
 31
0.0
  0
LINE
  5
22EB
330
70
100
AcDbEntity
  8
0
 62
     0
100
AcDbLine
 10
121.2617616176368
 20
341.1699567814452
 30
0.0
 11
107.2622216176368
 21
341.1699567814452
 31
0.0
  0
LINE
  5
22EC
330
70
100
AcDbEntity
  8
0
 62
     0
100
AcDbLine
 10
107.2622216176368
 20
341.1699567814452
 30
0.0
 11
107.2622216176368
 21
355.1706567814453
 31
0.0
  0
LINE
  5
22ED
330
70
100
AcDbEntity
  8
0
 62
     0
100
AcDbLine
 10
131.0747616176368
 20
355.1706567814453
 30
0.0
 11
145.0740616176368
 21
355.1706567814453
 31
0.0
  0
LINE
  5
22EE
330
70
100
AcDbEntity
  8
0
 62
     0
100
AcDbLine
 10
145.0740616176368
 20
355.1706567814453
 30
0.0
 11
145.0740616176368
 21
341.1699567814452
 31
0.0
  0
LINE
  5
22EF
330
70
100
AcDbEntity
  8
0
 62
     0
100
AcDbLine
 10
145.0740616176368
 20
341.1699567814452
 30
0.0
 11
131.0747616176368
 21
341.1699567814452
 31
0.0
  0
LINE
  5
22F0
330
70
100
AcDbEntity
  8
0
 62
     0
100
AcDbLine
 10
131.0747616176368
 20
341.1699567814452
 30
0.0
 11
131.0747616176368
 21
355.1706567814453
 31
0.0
  0
LINE
  5
22F1
330
70
100
AcDbEntity
  8
0
 62
     0
100
AcDbLine
 10
150.1247616176368
 20
355.1706567814453
 30
0.0
 11
164.1240616176368
 21
355.1706567814453
 31
0.0
  0
LINE
  5
22F2
330
70
100
AcDbEntity
  8
0
 62
     0
100
AcDbLine
 10
164.1240616176368
 20
355.1706567814453
 30
0.0
 11
164.1240616176368
 21
341.1699567814452
 31
0.0
  0
LINE
  5
22F3
330
70
100
AcDbEntity
  8
0
 62
     0
100
AcDbLine
 10
164.1240616176368
 20
341.1699567814452
 30
0.0
 11
150.1247616176368
 21
341.1699567814452
 31
0.0
  0
LINE
  5
22F4
330
70
100
AcDbEntity
  8
0
 62
     0
100
AcDbLine
 10
150.1247616176368
 20
341.1699567814452
 30
0.0
 11
150.1247616176368
 21
355.1706567814453
 31
0.0
  0
LINE
  5
22F5
330
70
100
AcDbEntity
  8
0
 62
     0
100
AcDbLine
 10
169.1747616176368
 20
355.1706567814453
 30
0.0
 11
183.1740616176368
 21
355.1706567814453
 31
0.0
  0
LINE
  5
22F6
330
70
100
AcDbEntity
  8
0
 62
     0
100
AcDbLine
 10
183.1740616176368
 20
355.1706567814453
 30
0.0
 11
183.1740616176368
 21
341.1699567814452
 31
0.0
  0
LINE
  5
22F7
330
70
100
AcDbEntity
  8
0
 62
     0
100
AcDbLine
 10
183.1740616176368
 20
341.1699567814452
 30
0.0
 11
169.1747616176368
 21
341.1699567814452
 31
0.0
  0
LINE
  5
22F8
330
70
100
AcDbEntity
  8
0
 62
     0
100
AcDbLine
 10
169.1747616176368
 20
341.1699567814452
 30
0.0
 11
169.1747616176368
 21
355.1706567814453
 31
0.0
  0
LINE
  5
22F9
330
70
100
AcDbEntity
  8
0
 62
     0
100
AcDbLine
 10
188.2247616176368
 20
355.1706567814453
 30
0.0
 11
202.2240616176368
 21
355.1706567814453
 31
0.0
  0
LINE
  5
22FA
330
70
100
AcDbEntity
  8
0
 62
     0
100
AcDbLine
 10
202.2240616176368
 20
355.1706567814453
 30
0.0
 11
202.2240616176368
 21
341.1699567814452
 31
0.0
  0
LINE
  5
22FB
330
70
100
AcDbEntity
  8
0
 62
     0
100
AcDbLine
 10
202.2240616176368
 20
341.1699567814452
 30
0.0
 11
188.2247616176368
 21
341.1699567814452
 31
0.0
  0
LINE
  5
22FC
330
70
100
AcDbEntity
  8
0
 62
     0
100
AcDbLine
 10
188.2247616176368
 20
341.1699567814452
 30
0.0
 11
188.2247616176368
 21
355.1706567814453
 31
0.0
  0
LINE
  5
22FD
330
70
100
AcDbEntity
  8
0
 62
     0
100
AcDbLine
 10
207.2750616176369
 20
355.1706567814453
 30
0.0
 11
221.2740616176368
 21
355.1706567814453
 31
0.0
  0
LINE
  5
22FE
330
70
100
AcDbEntity
  8
0
 62
     0
100
AcDbLine
 10
221.2740616176368
 20
355.1706567814453
 30
0.0
 11
221.2740616176368
 21
341.1699567814452
 31
0.0
  0
LINE
  5
22FF
330
70
100
AcDbEntity
  8
0
 62
     0
100
AcDbLine
 10
221.2740616176368
 20
341.1699567814452
 30
0.0
 11
207.2750616176369
 21
341.1699567814452
 31
0.0
  0
LINE
  5
2300
330
70
100
AcDbEntity
  8
0
 62
     0
100
AcDbLine
 10
207.2750616176369
 20
341.1699567814452
 30
0.0
 11
207.2750616176369
 21
355.1706567814453
 31
0.0
  0
LINE
  5
2301
330
70
100
AcDbEntity
  8
0
 62
     0
100
AcDbLine
 10
226.3250616176368
 20
355.1706567814453
 30
0.0
 11
240.3240616176368
 21
355.1706567814453
 31
0.0
  0
LINE
  5
2302
330
70
100
AcDbEntity
  8
0
 62
     0
100
AcDbLine
 10
240.3240616176368
 20
355.1706567814453
 30
0.0
 11
240.3240616176368
 21
341.1699567814452
 31
0.0
  0
LINE
  5
2303
330
70
100
AcDbEntity
  8
0
 62
     0
100
AcDbLine
 10
240.3240616176368
 20
341.1699567814452
 30
0.0
 11
226.3250616176368
 21
341.1699567814452
 31
0.0
  0
LINE
  5
2304
330
70
100
AcDbEntity
  8
0
 62
     0
100
AcDbLine
 10
226.3250616176368
 20
341.1699567814452
 30
0.0
 11
226.3250616176368
 21
355.1706567814453
 31
0.0
  0
LINE
  5
2305
330
70
100
AcDbEntity
  8
0
 62
     0
100
AcDbLine
 10
245.3750616176368
 20
355.1706567814453
 30
0.0
 11
259.3740616176368
 21
355.1706567814453
 31
0.0
  0
LINE
  5
2306
330
70
100
AcDbEntity
  8
0
 62
     0
100
AcDbLine
 10
259.3740616176368
 20
355.1706567814453
 30
0.0
 11
259.3740616176368
 21
341.1699567814452
 31
0.0
  0
LINE
  5
2307
330
70
100
AcDbEntity
  8
0
 62
     0
100
AcDbLine
 10
259.3740616176368
 20
341.1699567814452
 30
0.0
 11
245.3750616176368
 21
341.1699567814452
 31
0.0
  0
LINE
  5
2308
330
70
100
AcDbEntity
  8
0
 62
     0
100
AcDbLine
 10
245.3750616176368
 20
341.1699567814452
 30
0.0
 11
245.3750616176368
 21
355.1706567814453
 31
0.0
  0
LINE
  5
2309
330
70
100
AcDbEntity
  8
0
 62
     0
100
AcDbLine
 10
264.4250616176369
 20
355.1706567814453
 30
0.0
 11
278.4240616176369
 21
355.1706567814453
 31
0.0
  0
LINE
  5
230A
330
70
100
AcDbEntity
  8
0
 62
     0
100
AcDbLine
 10
278.4240616176369
 20
355.1706567814453
 30
0.0
 11
278.4240616176369
 21
341.1699567814452
 31
0.0
  0
LINE
  5
230B
330
70
100
AcDbEntity
  8
0
 62
     0
100
AcDbLine
 10
278.4240616176369
 20
341.1699567814452
 30
0.0
 11
264.4250616176369
 21
341.1699567814452
 31
0.0
  0
LINE
  5
230C
330
70
100
AcDbEntity
  8
0
 62
     0
100
AcDbLine
 10
264.4250616176369
 20
341.1699567814452
 30
0.0
 11
264.4250616176369
 21
355.1706567814453
 31
0.0
  0
LINE
  5
230D
330
70
100
AcDbEntity
  8
0
 62
     0
100
AcDbLine
 10
283.4750616176368
 20
355.1706567814453
 30
0.0
 11
297.4740616176368
 21
355.1706567814453
 31
0.0
  0
LINE
  5
230E
330
70
100
AcDbEntity
  8
0
 62
     0
100
AcDbLine
 10
297.4740616176368
 20
355.1706567814453
 30
0.0
 11
297.4740616176368
 21
341.1699567814452
 31
0.0
  0
LINE
  5
230F
330
70
100
AcDbEntity
  8
0
 62
     0
100
AcDbLine
 10
297.4740616176368
 20
341.1699567814452
 30
0.0
 11
283.4750616176368
 21
341.1699567814452
 31
0.0
  0
LINE
  5
2310
330
70
100
AcDbEntity
  8
0
 62
     0
100
AcDbLine
 10
283.4750616176368
 20
341.1699567814452
 30
0.0
 11
283.4750616176368
 21
355.1706567814453
 31
0.0
  0
LINE
  5
2311
330
70
100
AcDbEntity
  8
0
 62
     0
100
AcDbLine
 10
302.5250616176369
 20
355.1706567814453
 30
0.0
 11
316.5240616176368
 21
355.1706567814453
 31
0.0
  0
LINE
  5
2312
330
70
100
AcDbEntity
  8
0
 62
     0
100
AcDbLine
 10
316.5240616176368
 20
355.1706567814453
 30
0.0
 11
316.5240616176368
 21
341.1699567814452
 31
0.0
  0
LINE
  5
2313
330
70
100
AcDbEntity
  8
0
 62
     0
100
AcDbLine
 10
316.5240616176368
 20
341.1699567814452
 30
0.0
 11
302.5250616176369
 21
341.1699567814452
 31
0.0
  0
LINE
  5
2314
330
70
100
AcDbEntity
  8
0
 62
     0
100
AcDbLine
 10
302.5250616176369
 20
341.1699567814452
 30
0.0
 11
302.5250616176369
 21
355.1706567814453
 31
0.0
  0
LINE
  5
2315
330
70
100
AcDbEntity
  8
0
 62
     0
100
AcDbLine
 10
321.5750616176368
 20
355.1706567814453
 30
0.0
 11
335.5740616176368
 21
355.1706567814453
 31
0.0
  0
LINE
  5
2316
330
70
100
AcDbEntity
  8
0
 62
     0
100
AcDbLine
 10
335.5740616176368
 20
355.1706567814453
 30
0.0
 11
335.5740616176368
 21
341.1699567814452
 31
0.0
  0
LINE
  5
2317
330
70
100
AcDbEntity
  8
0
 62
     0
100
AcDbLine
 10
335.5740616176368
 20
341.1699567814452
 30
0.0
 11
321.5750616176368
 21
341.1699567814452
 31
0.0
  0
LINE
  5
2318
330
70
100
AcDbEntity
  8
0
 62
     0
100
AcDbLine
 10
321.5750616176368
 20
341.1699567814452
 30
0.0
 11
321.5750616176368
 21
355.1706567814453
 31
0.0
  0
LINE
  5
2319
330
70
100
AcDbEntity
  8
0
 62
     0
100
AcDbLine
 10
340.6250616176369
 20
355.1706567814453
 30
0.0
 11
354.6240616176369
 21
355.1706567814453
 31
0.0
  0
LINE
  5
231A
330
70
100
AcDbEntity
  8
0
 62
     0
100
AcDbLine
 10
354.6240616176369
 20
355.1706567814453
 30
0.0
 11
354.6240616176369
 21
341.1699567814452
 31
0.0
  0
LINE
  5
231B
330
70
100
AcDbEntity
  8
0
 62
     0
100
AcDbLine
 10
354.6240616176369
 20
341.1699567814452
 30
0.0
 11
340.6250616176369
 21
341.1699567814452
 31
0.0
  0
LINE
  5
231C
330
70
100
AcDbEntity
  8
0
 62
     0
100
AcDbLine
 10
340.6250616176369
 20
341.1699567814452
 30
0.0
 11
340.6250616176369
 21
355.1706567814453
 31
0.0
  0
LINE
  5
231D
330
70
100
AcDbEntity
  8
0
 62
     0
100
AcDbLine
 10
364.4370616176368
 20
355.1706567814453
 30
0.0
 11
378.4370616176369
 21
355.1706567814453
 31
0.0
  0
LINE
  5
231E
330
70
100
AcDbEntity
  8
0
 62
     0
100
AcDbLine
 10
378.4370616176369
 20
355.1706567814453
 30
0.0
 11
378.4370616176369
 21
341.1699567814452
 31
0.0
  0
LINE
  5
231F
330
70
100
AcDbEntity
  8
0
 62
     0
100
AcDbLine
 10
378.4370616176369
 20
341.1699567814452
 30
0.0
 11
364.4370616176368
 21
341.1699567814452
 31
0.0
  0
LINE
  5
2320
330
70
100
AcDbEntity
  8
0
 62
     0
100
AcDbLine
 10
364.4370616176368
 20
341.1699567814452
 30
0.0
 11
364.4370616176368
 21
355.1706567814453
 31
0.0
  0
LINE
  5
2321
330
70
100
AcDbEntity
  8
0
 62
     0
100
AcDbLine
 10
388.2500616176368
 20
355.1706567814453
 30
0.0
 11
402.2490616176368
 21
355.1706567814453
 31
0.0
  0
LINE
  5
2322
330
70
100
AcDbEntity
  8
0
 62
     0
100
AcDbLine
 10
402.2490616176368
 20
355.1706567814453
 30
0.0
 11
402.2490616176368
 21
346.1201948533609
 31
0.0
  0
LINE
  5
2323
330
70
100
AcDbEntity
  8
0
 62
     0
100
AcDbLine
 10
397.2490616176369
 20
341.1699567814452
 30
0.0
 11
388.2500616176368
 21
341.1699567814452
 31
0.0
  0
LINE
  5
2324
330
70
100
AcDbEntity
  8
0
 62
     0
100
AcDbLine
 10
388.2500616176368
 20
341.1699567814452
 30
0.0
 11
388.2500616176368
 21
355.1706567814453
 31
0.0
  0
LINE
  5
2325
330
70
100
AcDbEntity
  8
0
 62
     0
100
AcDbLine
 10
359.6750616176369
 20
374.2206567814453
 30
0.0
 11
359.6750616176369
 21
369.5202567814452
 31
0.0
  0
LINE
  5
2326
330
70
100
AcDbEntity
  8
0
 62
     0
100
AcDbLine
 10
359.6750616176369
 20
369.5202567814452
 30
0.0
 11
358.1490616176369
 21
369.5202567814452
 31
0.0
  0
LINE
  5
2327
330
70
100
AcDbEntity
  8
0
 62
     0
100
AcDbLine
 10
358.1490616176369
 20
369.5202567814452
 30
0.0
 11
358.1490616176369
 21
372.7503567814452
 31
0.0
  0
LINE
  5
2328
330
70
100
AcDbEntity
  8
0
 62
     0
100
AcDbLine
 10
358.1490616176369
 20
372.7503567814452
 30
0.0
 11
351.4000616176369
 21
372.7503567814452
 31
0.0
  0
LINE
  5
2329
330
70
100
AcDbEntity
  8
0
 62
     0
100
AcDbLine
 10
351.4000616176369
 20
372.7503567814452
 30
0.0
 11
351.4000616176369
 21
369.5202567814452
 31
0.0
  0
LINE
  5
232A
330
70
100
AcDbEntity
  8
0
 62
     0
100
AcDbLine
 10
351.4000616176369
 20
369.5202567814452
 30
0.0
 11
350.5740616176368
 21
369.5202567814452
 31
0.0
  0
LINE
  5
232B
330
70
100
AcDbEntity
  8
0
 62
     0
100
AcDbLine
 10
350.5740616176368
 20
369.5202567814452
 30
0.0
 11
350.5740616176368
 21
366.7202567814452
 31
0.0
  0
LINE
  5
232C
330
70
100
AcDbEntity
  8
0
 62
     0
100
AcDbLine
 10
350.5740616176368
 20
366.7202567814452
 30
0.0
 11
351.4000616176369
 21
366.7202567814452
 31
0.0
  0
LINE
  5
232D
330
70
100
AcDbEntity
  8
0
 62
     0
100
AcDbLine
 10
351.4000616176369
 20
366.7202567814452
 30
0.0
 11
351.4000616176369
 21
360.4500567814453
 31
0.0
  0
LINE
  5
232E
330
70
100
AcDbEntity
  8
0
 62
     0
100
AcDbLine
 10
351.4000616176369
 20
360.4500567814453
 30
0.0
 11
353.1230616176368
 21
360.4500567814453
 31
0.0
  0
LINE
  5
232F
330
70
100
AcDbEntity
  8
0
 62
     0
100
AcDbLine
 10
353.1230616176368
 20
360.4500567814453
 30
0.0
 11
353.1230616176368
 21
359.2498567814453
 31
0.0
  0
LINE
  5
2330
330
70
100
AcDbEntity
  8
0
 62
     0
100
AcDbLine
 10
353.1230616176368
 20
359.2498567814453
 30
0.0
 11
356.4240616176369
 21
359.2498567814453
 31
0.0
  0
LINE
  5
2331
330
70
100
AcDbEntity
  8
0
 62
     0
100
AcDbLine
 10
356.4240616176369
 20
359.2498567814453
 30
0.0
 11
356.4240616176369
 21
360.4500567814453
 31
0.0
  0
LINE
  5
2332
330
70
100
AcDbEntity
  8
0
 62
     0
100
AcDbLine
 10
356.4240616176369
 20
360.4500567814453
 30
0.0
 11
358.1490616176369
 21
360.4500567814453
 31
0.0
  0
LINE
  5
2333
330
70
100
AcDbEntity
  8
0
 62
     0
100
AcDbLine
 10
358.1490616176369
 20
360.4500567814453
 30
0.0
 11
358.1490616176369
 21
364.9204567814453
 31
0.0
  0
LINE
  5
2334
330
70
100
AcDbEntity
  8
0
 62
     0
100
AcDbLine
 10
358.1490616176369
 20
364.9204567814453
 30
0.0
 11
359.6750616176369
 21
364.9204567814453
 31
0.0
  0
LINE
  5
2335
330
70
100
AcDbEntity
  8
0
 62
     0
100
AcDbLine
 10
359.6750616176369
 20
364.9204567814453
 30
0.0
 11
359.6750616176369
 21
360.2199567814452
 31
0.0
  0
LINE
  5
2336
330
70
100
AcDbEntity
  8
0
 62
     0
100
AcDbLine
 10
359.6750616176369
 20
360.2199567814452
 30
0.0
 11
373.6740616176369
 21
360.2199567814452
 31
0.0
  0
LINE
  5
2337
330
70
100
AcDbEntity
  8
0
 62
     0
100
AcDbLine
 10
373.6740616176369
 20
360.2199567814452
 30
0.0
 11
373.6740616176369
 21
364.9204567814453
 31
0.0
  0
LINE
  5
2338
330
70
100
AcDbEntity
  8
0
 62
     0
100
AcDbLine
 10
373.6740616176369
 20
364.9204567814453
 30
0.0
 11
375.2000616176368
 21
364.9204567814453
 31
0.0
  0
LINE
  5
2339
330
70
100
AcDbEntity
  8
0
 62
     0
100
AcDbLine
 10
375.2000616176368
 20
364.9204567814453
 30
0.0
 11
375.2000616176368
 21
360.4500567814453
 31
0.0
  0
LINE
  5
233A
330
70
100
AcDbEntity
  8
0
 62
     0
100
AcDbLine
 10
375.2000616176368
 20
360.4500567814453
 30
0.0
 11
376.9250616176369
 21
360.4500567814453
 31
0.0
  0
LINE
  5
233B
330
70
100
AcDbEntity
  8
0
 62
     0
100
AcDbLine
 10
376.9250616176369
 20
360.4500567814453
 30
0.0
 11
376.9250616176369
 21
359.2498567814453
 31
0.0
  0
LINE
  5
233C
330
70
100
AcDbEntity
  8
0
 62
     0
100
AcDbLine
 10
376.9250616176369
 20
359.2498567814453
 30
0.0
 11
380.2240616176368
 21
359.2498567814453
 31
0.0
  0
LINE
  5
233D
330
70
100
AcDbEntity
  8
0
 62
     0
100
AcDbLine
 10
380.2240616176368
 20
359.2498567814453
 30
0.0
 11
380.2240616176368
 21
360.4500567814453
 31
0.0
  0
LINE
  5
233E
330
70
100
AcDbEntity
  8
0
 62
     0
100
AcDbLine
 10
380.2240616176368
 20
360.4500567814453
 30
0.0
 11
381.9490616176369
 21
360.4500567814453
 31
0.0
  0
LINE
  5
233F
330
70
100
AcDbEntity
  8
0
 62
     0
100
AcDbLine
 10
381.9490616176369
 20
360.4500567814453
 30
0.0
 11
381.9490616176369
 21
366.7202567814452
 31
0.0
  0
LINE
  5
2340
330
70
100
AcDbEntity
  8
0
 62
     0
100
AcDbLine
 10
381.9490616176369
 20
366.7202567814452
 30
0.0
 11
382.7750616176368
 21
366.7202567814452
 31
0.0
  0
LINE
  5
2341
330
70
100
AcDbEntity
  8
0
 62
     0
100
AcDbLine
 10
382.7750616176368
 20
366.7202567814452
 30
0.0
 11
382.7750616176368
 21
369.5202567814452
 31
0.0
  0
LINE
  5
2342
330
70
100
AcDbEntity
  8
0
 62
     0
100
AcDbLine
 10
382.7750616176368
 20
369.5202567814452
 30
0.0
 11
381.9490616176369
 21
369.5202567814452
 31
0.0
  0
LINE
  5
2343
330
70
100
AcDbEntity
  8
0
 62
     0
100
AcDbLine
 10
381.9490616176369
 20
369.5202567814452
 30
0.0
 11
381.9490616176369
 21
372.7503567814452
 31
0.0
  0
LINE
  5
2344
330
70
100
AcDbEntity
  8
0
 62
     0
100
AcDbLine
 10
381.9490616176369
 20
372.7503567814452
 30
0.0
 11
375.2000616176368
 21
372.7503567814452
 31
0.0
  0
LINE
  5
2345
330
70
100
AcDbEntity
  8
0
 62
     0
100
AcDbLine
 10
375.2000616176368
 20
372.7503567814452
 30
0.0
 11
375.2000616176368
 21
369.5202567814452
 31
0.0
  0
LINE
  5
2346
330
70
100
AcDbEntity
  8
0
 62
     0
100
AcDbLine
 10
375.2000616176368
 20
369.5202567814452
 30
0.0
 11
373.6740616176369
 21
369.5202567814452
 31
0.0
  0
LINE
  5
2347
330
70
100
AcDbEntity
  8
0
 62
     0
100
AcDbLine
 10
373.6740616176369
 20
369.5202567814452
 30
0.0
 11
373.6740616176369
 21
374.2206567814453
 31
0.0
  0
LINE
  5
2348
330
70
100
AcDbEntity
  8
0
 62
     0
100
AcDbLine
 10
373.6740616176369
 20
374.2206567814453
 30
0.0
 11
359.6750616176369
 21
374.2206567814453
 31
0.0
  0
LINE
  5
2349
330
70
100
AcDbEntity
  8
0
 62
     0
100
AcDbLine
 10
102.4997116176368
 20
374.2206567814453
 30
0.0
 11
116.4992616176368
 21
374.2206567814453
 31
0.0
  0
LINE
  5
234A
330
70
100
AcDbEntity
  8
0
 62
     0
100
AcDbLine
 10
116.4992616176368
 20
374.2206567814453
 30
0.0
 11
116.4992616176368
 21
360.2199567814452
 31
0.0
  0
LINE
  5
234B
330
70
100
AcDbEntity
  8
0
 62
     0
100
AcDbLine
 10
116.4992616176368
 20
360.2199567814452
 30
0.0
 11
102.4997116176368
 21
360.2199567814452
 31
0.0
  0
LINE
  5
234C
330
70
100
AcDbEntity
  8
0
 62
     0
100
AcDbLine
 10
102.4997116176368
 20
360.2199567814452
 30
0.0
 11
102.4997116176368
 21
374.2206567814453
 31
0.0
  0
LINE
  5
234D
330
70
100
AcDbEntity
  8
0
 62
     0
100
AcDbLine
 10
121.5497616176368
 20
374.2206567814453
 30
0.0
 11
135.5490616176368
 21
374.2206567814453
 31
0.0
  0
LINE
  5
234E
330
70
100
AcDbEntity
  8
0
 62
     0
100
AcDbLine
 10
135.5490616176368
 20
374.2206567814453
 30
0.0
 11
135.5490616176368
 21
360.2199567814452
 31
0.0
  0
LINE
  5
234F
330
70
100
AcDbEntity
  8
0
 62
     0
100
AcDbLine
 10
135.5490616176368
 20
360.2199567814452
 30
0.0
 11
121.5497616176368
 21
360.2199567814452
 31
0.0
  0
LINE
  5
2350
330
70
100
AcDbEntity
  8
0
 62
     0
100
AcDbLine
 10
121.5497616176368
 20
360.2199567814452
 30
0.0
 11
121.5497616176368
 21
374.2206567814453
 31
0.0
  0
LINE
  5
2351
330
70
100
AcDbEntity
  8
0
 62
     0
100
AcDbLine
 10
140.5997616176368
 20
374.2206567814453
 30
0.0
 11
154.5990616176368
 21
374.2206567814453
 31
0.0
  0
LINE
  5
2352
330
70
100
AcDbEntity
  8
0
 62
     0
100
AcDbLine
 10
154.5990616176368
 20
374.2206567814453
 30
0.0
 11
154.5990616176368
 21
360.2199567814452
 31
0.0
  0
LINE
  5
2353
330
70
100
AcDbEntity
  8
0
 62
     0
100
AcDbLine
 10
154.5990616176368
 20
360.2199567814452
 30
0.0
 11
140.5997616176368
 21
360.2199567814452
 31
0.0
  0
LINE
  5
2354
330
70
100
AcDbEntity
  8
0
 62
     0
100
AcDbLine
 10
140.5997616176368
 20
360.2199567814452
 30
0.0
 11
140.5997616176368
 21
374.2206567814453
 31
0.0
  0
LINE
  5
2355
330
70
100
AcDbEntity
  8
0
 62
     0
100
AcDbLine
 10
159.6497616176368
 20
374.2206567814453
 30
0.0
 11
173.6490616176368
 21
374.2206567814453
 31
0.0
  0
LINE
  5
2356
330
70
100
AcDbEntity
  8
0
 62
     0
100
AcDbLine
 10
173.6490616176368
 20
374.2206567814453
 30
0.0
 11
173.6490616176368
 21
360.2199567814452
 31
0.0
  0
LINE
  5
2357
330
70
100
AcDbEntity
  8
0
 62
     0
100
AcDbLine
 10
173.6490616176368
 20
360.2199567814452
 30
0.0
 11
159.6497616176368
 21
360.2199567814452
 31
0.0
  0
LINE
  5
2358
330
70
100
AcDbEntity
  8
0
 62
     0
100
AcDbLine
 10
159.6497616176368
 20
360.2199567814452
 30
0.0
 11
159.6497616176368
 21
374.2206567814453
 31
0.0
  0
LINE
  5
2359
330
70
100
AcDbEntity
  8
0
 62
     0
100
AcDbLine
 10
178.6997616176368
 20
374.2206567814453
 30
0.0
 11
192.6990616176368
 21
374.2206567814453
 31
0.0
  0
LINE
  5
235A
330
70
100
AcDbEntity
  8
0
 62
     0
100
AcDbLine
 10
192.6990616176368
 20
374.2206567814453
 30
0.0
 11
192.6990616176368
 21
360.2199567814452
 31
0.0
  0
LINE
  5
235B
330
70
100
AcDbEntity
  8
0
 62
     0
100
AcDbLine
 10
192.6990616176368
 20
360.2199567814452
 30
0.0
 11
178.6997616176368
 21
360.2199567814452
 31
0.0
  0
LINE
  5
235C
330
70
100
AcDbEntity
  8
0
 62
     0
100
AcDbLine
 10
178.6997616176368
 20
360.2199567814452
 30
0.0
 11
178.6997616176368
 21
374.2206567814453
 31
0.0
  0
LINE
  5
235D
330
70
100
AcDbEntity
  8
0
 62
     0
100
AcDbLine
 10
197.7483616176368
 20
374.2206567814453
 30
0.0
 11
211.7490616176369
 21
374.2206567814453
 31
0.0
  0
LINE
  5
235E
330
70
100
AcDbEntity
  8
0
 62
     0
100
AcDbLine
 10
211.7490616176369
 20
374.2206567814453
 30
0.0
 11
211.7490616176369
 21
360.2199567814452
 31
0.0
  0
LINE
  5
235F
330
70
100
AcDbEntity
  8
0
 62
     0
100
AcDbLine
 10
211.7490616176369
 20
360.2199567814452
 30
0.0
 11
197.7483616176368
 21
360.2199567814452
 31
0.0
  0
LINE
  5
2360
330
70
100
AcDbEntity
  8
0
 62
     0
100
AcDbLine
 10
197.7483616176368
 20
360.2199567814452
 30
0.0
 11
197.7483616176368
 21
374.2206567814453
 31
0.0
  0
LINE
  5
2361
330
70
100
AcDbEntity
  8
0
 62
     0
100
AcDbLine
 10
216.7980616176369
 20
374.2206567814453
 30
0.0
 11
230.7990616176368
 21
374.2206567814453
 31
0.0
  0
LINE
  5
2362
330
70
100
AcDbEntity
  8
0
 62
     0
100
AcDbLine
 10
230.7990616176368
 20
374.2206567814453
 30
0.0
 11
230.7990616176368
 21
360.2199567814452
 31
0.0
  0
LINE
  5
2363
330
70
100
AcDbEntity
  8
0
 62
     0
100
AcDbLine
 10
230.7990616176368
 20
360.2199567814452
 30
0.0
 11
216.7980616176369
 21
360.2199567814452
 31
0.0
  0
LINE
  5
2364
330
70
100
AcDbEntity
  8
0
 62
     0
100
AcDbLine
 10
216.7980616176369
 20
360.2199567814452
 30
0.0
 11
216.7980616176369
 21
374.2206567814453
 31
0.0
  0
LINE
  5
2365
330
70
100
AcDbEntity
  8
0
 62
     0
100
AcDbLine
 10
235.8500616176368
 20
374.2206567814453
 30
0.0
 11
249.8490616176368
 21
374.2206567814453
 31
0.0
  0
LINE
  5
2366
330
70
100
AcDbEntity
  8
0
 62
     0
100
AcDbLine
 10
249.8490616176368
 20
374.2206567814453
 30
0.0
 11
249.8490616176368
 21
360.2199567814452
 31
0.0
  0
LINE
  5
2367
330
70
100
AcDbEntity
  8
0
 62
     0
100
AcDbLine
 10
249.8490616176368
 20
360.2199567814452
 30
0.0
 11
235.8500616176368
 21
360.2199567814452
 31
0.0
  0
LINE
  5
2368
330
70
100
AcDbEntity
  8
0
 62
     0
100
AcDbLine
 10
235.8500616176368
 20
360.2199567814452
 30
0.0
 11
235.8500616176368
 21
374.2206567814453
 31
0.0
  0
LINE
  5
2369
330
70
100
AcDbEntity
  8
0
 62
     0
100
AcDbLine
 10
254.9000616176369
 20
374.2206567814453
 30
0.0
 11
268.8990616176369
 21
374.2206567814453
 31
0.0
  0
LINE
  5
236A
330
70
100
AcDbEntity
  8
0
 62
     0
100
AcDbLine
 10
268.8990616176369
 20
374.2206567814453
 30
0.0
 11
268.8990616176369
 21
360.2199567814452
 31
0.0
  0
LINE
  5
236B
330
70
100
AcDbEntity
  8
0
 62
     0
100
AcDbLine
 10
268.8990616176369
 20
360.2199567814452
 30
0.0
 11
254.9000616176369
 21
360.2199567814452
 31
0.0
  0
LINE
  5
236C
330
70
100
AcDbEntity
  8
0
 62
     0
100
AcDbLine
 10
254.9000616176369
 20
360.2199567814452
 30
0.0
 11
254.9000616176369
 21
374.2206567814453
 31
0.0
  0
LINE
  5
236D
330
70
100
AcDbEntity
  8
0
 62
     0
100
AcDbLine
 10
273.9500616176368
 20
374.2206567814453
 30
0.0
 11
287.9490616176369
 21
374.2206567814453
 31
0.0
  0
LINE
  5
236E
330
70
100
AcDbEntity
  8
0
 62
     0
100
AcDbLine
 10
287.9490616176369
 20
374.2206567814453
 30
0.0
 11
287.9490616176369
 21
360.2199567814452
 31
0.0
  0
LINE
  5
236F
330
70
100
AcDbEntity
  8
0
 62
     0
100
AcDbLine
 10
287.9490616176369
 20
360.2199567814452
 30
0.0
 11
273.9500616176368
 21
360.2199567814452
 31
0.0
  0
LINE
  5
2370
330
70
100
AcDbEntity
  8
0
 62
     0
100
AcDbLine
 10
273.9500616176368
 20
360.2199567814452
 30
0.0
 11
273.9500616176368
 21
374.2206567814453
 31
0.0
  0
LINE
  5
2371
330
70
100
AcDbEntity
  8
0
 62
     0
100
AcDbLine
 10
293.0000616176368
 20
374.2206567814453
 30
0.0
 11
306.9990616176369
 21
374.2206567814453
 31
0.0
  0
LINE
  5
2372
330
70
100
AcDbEntity
  8
0
 62
     0
100
AcDbLine
 10
306.9990616176369
 20
374.2206567814453
 30
0.0
 11
306.9990616176369
 21
360.2199567814452
 31
0.0
  0
LINE
  5
2373
330
70
100
AcDbEntity
  8
0
 62
     0
100
AcDbLine
 10
306.9990616176369
 20
360.2199567814452
 30
0.0
 11
293.0000616176368
 21
360.2199567814452
 31
0.0
  0
LINE
  5
2374
330
70
100
AcDbEntity
  8
0
 62
     0
100
AcDbLine
 10
293.0000616176368
 20
360.2199567814452
 30
0.0
 11
293.0000616176368
 21
374.2206567814453
 31
0.0
  0
LINE
  5
2375
330
70
100
AcDbEntity
  8
0
 62
     0
100
AcDbLine
 10
312.0500616176368
 20
374.2206567814453
 30
0.0
 11
326.0490616176369
 21
374.2206567814453
 31
0.0
  0
LINE
  5
2376
330
70
100
AcDbEntity
  8
0
 62
     0
100
AcDbLine
 10
326.0490616176369
 20
374.2206567814453
 30
0.0
 11
326.0490616176369
 21
360.2199567814452
 31
0.0
  0
LINE
  5
2377
330
70
100
AcDbEntity
  8
0
 62
     0
100
AcDbLine
 10
326.0490616176369
 20
360.2199567814452
 30
0.0
 11
312.0500616176368
 21
360.2199567814452
 31
0.0
  0
LINE
  5
2378
330
70
100
AcDbEntity
  8
0
 62
     0
100
AcDbLine
 10
312.0500616176368
 20
360.2199567814452
 30
0.0
 11
312.0500616176368
 21
374.2206567814453
 31
0.0
  0
LINE
  5
2379
330
70
100
AcDbEntity
  8
0
 62
     0
100
AcDbLine
 10
331.1000616176368
 20
374.2206567814453
 30
0.0
 11
345.0990616176369
 21
374.2206567814453
 31
0.0
  0
LINE
  5
237A
330
70
100
AcDbEntity
  8
0
 62
     0
100
AcDbLine
 10
345.0990616176369
 20
374.2206567814453
 30
0.0
 11
345.0990616176369
 21
360.2199567814452
 31
0.0
  0
LINE
  5
237B
330
70
100
AcDbEntity
  8
0
 62
     0
100
AcDbLine
 10
345.0990616176369
 20
360.2199567814452
 30
0.0
 11
331.1000616176368
 21
360.2199567814452
 31
0.0
  0
LINE
  5
237C
330
70
100
AcDbEntity
  8
0
 62
     0
100
AcDbLine
 10
331.1000616176368
 20
360.2199567814452
 30
0.0
 11
331.1000616176368
 21
374.2206567814453
 31
0.0
  0
LINE
  5
237D
330
70
100
AcDbEntity
  8
0
 62
     0
100
AcDbLine
 10
388.2500616176368
 20
374.2206567814453
 30
0.0
 11
402.2490616176368
 21
374.2206567814453
 31
0.0
  0
LINE
  5
237E
330
70
100
AcDbEntity
  8
0
 62
     0
100
AcDbLine
 10
402.2490616176368
 20
374.2206567814453
 30
0.0
 11
402.2490616176368
 21
360.2199567814452
 31
0.0
  0
LINE
  5
237F
330
70
100
AcDbEntity
  8
0
 62
     0
100
AcDbLine
 10
402.2490616176368
 20
360.2199567814452
 30
0.0
 11
388.2500616176368
 21
360.2199567814452
 31
0.0
  0
LINE
  5
2380
330
70
100
AcDbEntity
  8
0
 62
     0
100
AcDbLine
 10
388.2500616176368
 20
360.2199567814452
 30
0.0
 11
388.2500616176368
 21
374.2206567814453
 31
0.0
  0
LINE
  5
2381
330
70
100
AcDbEntity
  8
0
 62
     0
100
AcDbLine
 10
102.4997116176368
 20
398.0322567814452
 30
0.0
 11
116.4992616176368
 21
398.0322567814452
 31
0.0
  0
LINE
  5
2382
330
70
100
AcDbEntity
  8
0
 62
     0
100
AcDbLine
 10
116.4992616176368
 20
398.0322567814452
 30
0.0
 11
116.4992616176368
 21
384.0322567814453
 31
0.0
  0
LINE
  5
2383
330
70
100
AcDbEntity
  8
0
 62
     0
100
AcDbLine
 10
116.4992616176368
 20
384.0322567814453
 30
0.0
 11
102.4997116176368
 21
384.0322567814453
 31
0.0
  0
LINE
  5
2384
330
70
100
AcDbEntity
  8
0
 62
     0
100
AcDbLine
 10
102.4997116176368
 20
384.0322567814453
 30
0.0
 11
102.4997116176368
 21
398.0322567814452
 31
0.0
  0
LINE
  5
2385
330
70
100
AcDbEntity
  8
0
 62
     0
100
AcDbLine
 10
126.3122616176368
 20
398.0322567814452
 30
0.0
 11
140.3115616176368
 21
398.0322567814452
 31
0.0
  0
LINE
  5
2386
330
70
100
AcDbEntity
  8
0
 62
     0
100
AcDbLine
 10
140.3115616176368
 20
398.0322567814452
 30
0.0
 11
140.3115616176368
 21
384.0322567814453
 31
0.0
  0
LINE
  5
2387
330
70
100
AcDbEntity
  8
0
 62
     0
100
AcDbLine
 10
140.3115616176368
 20
384.0322567814453
 30
0.0
 11
126.3122616176368
 21
384.0322567814453
 31
0.0
  0
LINE
  5
2388
330
70
100
AcDbEntity
  8
0
 62
     0
100
AcDbLine
 10
126.3122616176368
 20
384.0322567814453
 30
0.0
 11
126.3122616176368
 21
398.0322567814452
 31
0.0
  0
LINE
  5
2389
330
70
100
AcDbEntity
  8
0
 62
     0
100
AcDbLine
 10
145.3622616176368
 20
398.0322567814452
 30
0.0
 11
154.3451029871722
 21
398.0322567814452
 31
0.0
  0
LINE
  5
238A
330
70
100
AcDbEntity
  8
0
 62
     0
100
AcDbLine
 10
159.3615616176368
 20
393.0322567814453
 30
0.0
 11
159.3615616176368
 21
384.0322567814453
 31
0.0
  0
LINE
  5
238B
330
70
100
AcDbEntity
  8
0
 62
     0
100
AcDbLine
 10
159.3615616176368
 20
384.0322567814453
 30
0.0
 11
145.3622616176368
 21
384.0322567814453
 31
0.0
  0
LINE
  5
238C
330
70
100
AcDbEntity
  8
0
 62
     0
100
AcDbLine
 10
145.3622616176368
 20
384.0322567814453
 30
0.0
 11
145.3622616176368
 21
398.0322567814452
 31
0.0
  0
LINE
  5
238D
330
70
100
AcDbEntity
  8
0
 62
     0
100
AcDbLine
 10
169.4122616176368
 20
398.0322567814452
 30
0.0
 11
178.4115616176368
 21
398.0322567814452
 31
0.0
  0
LINE
  5
238E
330
70
100
AcDbEntity
  8
0
 62
     0
100
AcDbLine
 10
178.4115616176368
 20
398.0322567814452
 30
0.0
 11
178.4115616176368
 21
384.0322567814453
 31
0.0
  0
LINE
  5
238F
330
70
100
AcDbEntity
  8
0
 62
     0
100
AcDbLine
 10
178.4115616176368
 20
384.0322567814453
 30
0.0
 11
164.4122616176368
 21
384.0322567814453
 31
0.0
  0
LINE
  5
2390
330
70
100
AcDbEntity
  8
0
 62
     0
100
AcDbLine
 10
164.4122616176368
 20
384.0322567814453
 30
0.0
 11
164.4122616176368
 21
393.0322567814453
 31
0.0
  0
LINE
  5
2391
330
70
100
AcDbEntity
  8
0
 62
     0
100
AcDbLine
 10
183.4622616176368
 20
398.0322567814452
 30
0.0
 11
197.4615616176368
 21
398.0322567814452
 31
0.0
  0
LINE
  5
2392
330
70
100
AcDbEntity
  8
0
 62
     0
100
AcDbLine
 10
197.4615616176368
 20
398.0322567814452
 30
0.0
 11
197.4615616176368
 21
384.0322567814453
 31
0.0
  0
LINE
  5
2393
330
70
100
AcDbEntity
  8
0
 62
     0
100
AcDbLine
 10
197.4615616176368
 20
384.0322567814453
 30
0.0
 11
183.4622616176368
 21
384.0322567814453
 31
0.0
  0
LINE
  5
2394
330
70
100
AcDbEntity
  8
0
 62
     0
100
AcDbLine
 10
183.4622616176368
 20
384.0322567814453
 30
0.0
 11
183.4622616176368
 21
398.0322567814452
 31
0.0
  0
LINE
  5
2395
330
70
100
AcDbEntity
  8
0
 62
     0
100
AcDbLine
 10
207.2750616176369
 20
398.0322567814452
 30
0.0
 11
221.2740616176368
 21
398.0322567814452
 31
0.0
  0
LINE
  5
2396
330
70
100
AcDbEntity
  8
0
 62
     0
100
AcDbLine
 10
221.2740616176368
 20
398.0322567814452
 30
0.0
 11
221.2740616176368
 21
384.0322567814453
 31
0.0
  0
LINE
  5
2397
330
70
100
AcDbEntity
  8
0
 62
     0
100
AcDbLine
 10
221.2740616176368
 20
384.0322567814453
 30
0.0
 11
207.2750616176369
 21
384.0322567814453
 31
0.0
  0
LINE
  5
2398
330
70
100
AcDbEntity
  8
0
 62
     0
100
AcDbLine
 10
207.2750616176369
 20
384.0322567814453
 30
0.0
 11
207.2750616176369
 21
398.0322567814452
 31
0.0
  0
LINE
  5
2399
330
70
100
AcDbEntity
  8
0
 62
     0
100
AcDbLine
 10
226.3250616176368
 20
398.0322567814452
 30
0.0
 11
240.3240616176368
 21
398.0322567814452
 31
0.0
  0
LINE
  5
239A
330
70
100
AcDbEntity
  8
0
 62
     0
100
AcDbLine
 10
240.3240616176368
 20
398.0322567814452
 30
0.0
 11
240.3240616176368
 21
384.0322567814453
 31
0.0
  0
LINE
  5
239B
330
70
100
AcDbEntity
  8
0
 62
     0
100
AcDbLine
 10
240.3240616176368
 20
384.0322567814453
 30
0.0
 11
226.3250616176368
 21
384.0322567814453
 31
0.0
  0
LINE
  5
239C
330
70
100
AcDbEntity
  8
0
 62
     0
100
AcDbLine
 10
226.3250616176368
 20
384.0322567814453
 30
0.0
 11
226.3250616176368
 21
398.0322567814452
 31
0.0
  0
LINE
  5
239D
330
70
100
AcDbEntity
  8
0
 62
     0
100
AcDbLine
 10
245.3750616176368
 20
398.0322567814452
 30
0.0
 11
259.3740616176368
 21
398.0322567814452
 31
0.0
  0
LINE
  5
239E
330
70
100
AcDbEntity
  8
0
 62
     0
100
AcDbLine
 10
259.3740616176368
 20
398.0322567814452
 30
0.0
 11
259.3740616176368
 21
384.0322567814453
 31
0.0
  0
LINE
  5
239F
330
70
100
AcDbEntity
  8
0
 62
     0
100
AcDbLine
 10
259.3740616176368
 20
384.0322567814453
 30
0.0
 11
245.3750616176368
 21
384.0322567814453
 31
0.0
  0
LINE
  5
23A0
330
70
100
AcDbEntity
  8
0
 62
     0
100
AcDbLine
 10
245.3750616176368
 20
384.0322567814453
 30
0.0
 11
245.3750616176368
 21
398.0322567814452
 31
0.0
  0
LINE
  5
23A1
330
70
100
AcDbEntity
  8
0
 62
     0
100
AcDbLine
 10
264.4250616176369
 20
398.0322567814452
 30
0.0
 11
278.4240616176369
 21
398.0322567814452
 31
0.0
  0
LINE
  5
23A2
330
70
100
AcDbEntity
  8
0
 62
     0
100
AcDbLine
 10
278.4240616176369
 20
398.0322567814452
 30
0.0
 11
278.4240616176369
 21
384.0322567814453
 31
0.0
  0
LINE
  5
23A3
330
70
100
AcDbEntity
  8
0
 62
     0
100
AcDbLine
 10
278.4240616176369
 20
384.0322567814453
 30
0.0
 11
264.4250616176369
 21
384.0322567814453
 31
0.0
  0
LINE
  5
23A4
330
70
100
AcDbEntity
  8
0
 62
     0
100
AcDbLine
 10
264.4250616176369
 20
384.0322567814453
 30
0.0
 11
264.4250616176369
 21
398.0322567814452
 31
0.0
  0
LINE
  5
23A5
330
70
100
AcDbEntity
  8
0
 62
     0
100
AcDbLine
 10
288.2370616176369
 20
398.0322567814452
 30
0.0
 11
302.2370616176369
 21
398.0322567814452
 31
0.0
  0
LINE
  5
23A6
330
70
100
AcDbEntity
  8
0
 62
     0
100
AcDbLine
 10
302.2370616176369
 20
398.0322567814452
 30
0.0
 11
302.2370616176369
 21
384.0322567814453
 31
0.0
  0
LINE
  5
23A7
330
70
100
AcDbEntity
  8
0
 62
     0
100
AcDbLine
 10
302.2370616176369
 20
384.0322567814453
 30
0.0
 11
288.2370616176369
 21
384.0322567814453
 31
0.0
  0
LINE
  5
23A8
330
70
100
AcDbEntity
  8
0
 62
     0
100
AcDbLine
 10
288.2370616176369
 20
384.0322567814453
 30
0.0
 11
288.2370616176369
 21
398.0322567814452
 31
0.0
  0
LINE
  5
23A9
330
70
100
AcDbEntity
  8
0
 62
     0
100
AcDbLine
 10
307.2870616176368
 20
398.0322567814452
 30
0.0
 11
321.2870616176368
 21
398.0322567814452
 31
0.0
  0
LINE
  5
23AA
330
70
100
AcDbEntity
  8
0
 62
     0
100
AcDbLine
 10
321.2870616176368
 20
398.0322567814452
 30
0.0
 11
321.2870616176368
 21
384.0322567814453
 31
0.0
  0
LINE
  5
23AB
330
70
100
AcDbEntity
  8
0
 62
     0
100
AcDbLine
 10
321.2870616176368
 20
384.0322567814453
 30
0.0
 11
307.2870616176368
 21
384.0322567814453
 31
0.0
  0
LINE
  5
23AC
330
70
100
AcDbEntity
  8
0
 62
     0
100
AcDbLine
 10
307.2870616176368
 20
384.0322567814453
 30
0.0
 11
307.2870616176368
 21
398.0322567814452
 31
0.0
  0
LINE
  5
23AD
330
70
100
AcDbEntity
  8
0
 62
     0
100
AcDbLine
 10
326.3370616176368
 20
398.0322567814452
 30
0.0
 11
335.3370616176369
 21
398.0322567814453
 31
0.0
  0
LINE
  5
23AE
330
70
100
AcDbEntity
  8
0
 62
     0
100
AcDbLine
 10
340.3370616176368
 20
393.0322567814453
 30
0.0
 11
340.3370616176368
 21
384.0322567814453
 31
0.0
  0
LINE
  5
23AF
330
70
100
AcDbEntity
  8
0
 62
     0
100
AcDbLine
 10
340.3370616176368
 20
384.0322567814453
 30
0.0
 11
326.3370616176368
 21
384.0322567814453
 31
0.0
  0
LINE
  5
23B0
330
70
100
AcDbEntity
  8
0
 62
     0
100
AcDbLine
 10
326.3370616176368
 20
384.0322567814453
 30
0.0
 11
326.3370616176368
 21
398.0322567814452
 31
0.0
  0
LINE
  5
23B1
330
70
100
AcDbEntity
  8
0
 62
     0
100
AcDbLine
 10
350.3870616176369
 20
398.0322567814452
 30
0.0
 11
359.3870616176368
 21
398.0322567814452
 31
0.0
  0
LINE
  5
23B2
330
70
100
AcDbEntity
  8
0
 62
     0
100
AcDbLine
 10
359.3870616176368
 20
398.0322567814452
 30
0.0
 11
359.3870616176368
 21
384.0322567814453
 31
0.0
  0
LINE
  5
23B3
330
70
100
AcDbEntity
  8
0
 62
     0
100
AcDbLine
 10
359.3870616176368
 20
384.0322567814453
 30
0.0
 11
345.3870616176368
 21
384.0322567814453
 31
0.0
  0
LINE
  5
23B4
330
70
100
AcDbEntity
  8
0
 62
     0
100
AcDbLine
 10
345.3870616176368
 20
384.0322567814453
 30
0.0
 11
345.3870616176368
 21
393.0322567814453
 31
0.0
  0
LINE
  5
23B5
330
70
100
AcDbEntity
  8
0
 62
     0
100
AcDbLine
 10
369.2000616176368
 20
398.0322567814452
 30
0.0
 11
383.1990616176369
 21
398.0322567814452
 31
0.0
  0
LINE
  5
23B6
330
70
100
AcDbEntity
  8
0
 62
     0
100
AcDbLine
 10
383.1990616176369
 20
398.0322567814452
 30
0.0
 11
383.1990616176369
 21
384.0322567814453
 31
0.0
  0
LINE
  5
23B7
330
70
100
AcDbEntity
  8
0
 62
     0
100
AcDbLine
 10
383.1990616176369
 20
384.0322567814453
 30
0.0
 11
369.2000616176368
 21
384.0322567814453
 31
0.0
  0
LINE
  5
23B8
330
70
100
AcDbEntity
  8
0
 62
     0
100
AcDbLine
 10
369.2000616176368
 20
384.0322567814453
 30
0.0
 11
369.2000616176368
 21
398.0322567814452
 31
0.0
  0
LINE
  5
23B9
330
70
100
AcDbEntity
  8
0
 62
     0
100
AcDbLine
 10
388.2500616176368
 20
398.0322567814452
 30
0.0
 11
402.2490616176368
 21
398.0322567814452
 31
0.0
  0
LINE
  5
23BA
330
70
100
AcDbEntity
  8
0
 62
     0
100
AcDbLine
 10
402.2490616176368
 20
398.0322567814452
 30
0.0
 11
402.2490616176368
 21
384.0322567814453
 31
0.0
  0
LINE
  5
23BB
330
70
100
AcDbEntity
  8
0
 62
     0
100
AcDbLine
 10
402.2490616176368
 20
384.0322567814453
 30
0.0
 11
388.2500616176368
 21
384.0322567814453
 31
0.0
  0
LINE
  5
23BC
330
70
100
AcDbEntity
  8
0
 62
     0
100
AcDbLine
 10
388.2500616176368
 20
384.0322567814453
 30
0.0
 11
388.2500616176368
 21
398.0322567814452
 31
0.0
  0
LINE
  5
23BD
330
70
100
AcDbEntity
  8
0
  6
Continuous
100
AcDbLine
 10
154.3451029871722
 20
398.0322567814452
 30
0.0
 11
154.3615616176368
 21
399.5572567814453
 31
0.0
  0
LINE
  5
23BE
330
70
100
AcDbEntity
  8
0
  6
Continuous
100
AcDbLine
 10
159.3615616176368
 20
393.0322567814453
 30
0.0
 11
164.4122616176368
 21
393.0322567814453
 31
0.0
  0
LINE
  5
23BF
330
70
100
AcDbEntity
  8
0
  6
Continuous
100
AcDbLine
 10
169.4122616176368
 20
398.0322567814452
 30
0.0
 11
169.4122616176368
 21
399.5572567814453
 31
0.0
  0
LINE
  5
23C0
330
70
100
AcDbEntity
  8
0
  6
Continuous
100
AcDbLine
 10
169.4122616176368
 20
399.5572567814453
 30
0.0
 11
335.3370616176369
 21
399.5572567814453
 31
0.0
  0
LINE
  5
23C1
330
70
100
AcDbEntity
  8
0
  6
Continuous
100
AcDbLine
 10
335.3370616176369
 20
399.5572567814453
 30
0.0
 11
335.3370616176369
 21
398.0322567814453
 31
0.0
  0
LINE
  5
23C2
330
70
100
AcDbEntity
  8
0
  6
Continuous
100
AcDbLine
 10
340.3370616176368
 20
393.0322567814453
 30
0.0
 11
345.3870616176368
 21
393.0322567814453
 31
0.0
  0
LINE
  5
23C3
330
70
100
AcDbEntity
  8
0
  6
Continuous
100
AcDbLine
 10
350.3870616176369
 20
398.0322567814452
 30
0.0
 11
350.3870616176369
 21
399.5572567814451
 31
0.0
  0
LINE
  5
23C4
330
70
100
AcDbEntity
  8
0
  6
Continuous
100
AcDbLine
 10
350.3870616176369
 20
399.5572567814451
 30
0.0
 11
402.7750616176367
 21
399.5572567814453
 31
0.0
  0
LINE
  5
23C5
330
70
100
AcDbEntity
  8
0
  6
Continuous
100
AcDbLine
 10
402.2490616176368
 20
346.1201948533609
 30
0.0
 11
404.7750616176368
 21
346.1201948533609
 31
0.0
  0
LINE
  5
23C6
330
70
100
AcDbEntity
  8
0
  6
Continuous
100
AcDbLine
 10
397.2490616176369
 20
341.1699567814452
 30
0.0
 11
397.2490616176369
 21
336.1206567814453
 31
0.0
  0
LINE
  5
23C7
330
70
100
AcDbEntity
  8
0
  6
Continuous
100
AcDbLine
 10
402.2490616176368
 20
331.1206567814453
 30
0.0
 11
404.7750616176368
 21
331.1206567814452
 31
0.0
  0
LINE
  5
23C8
330
70
100
AcDbEntity
  8
0
  6
Continuous
100
AcDbLine
 10
404.7750616176368
 20
331.1206567814452
 30
0.0
 11
404.7750616176368
 21
283.4939597814452
 31
0.0
  0
LINE
  5
23C9
330
70
100
AcDbEntity
  8
0
  6
Continuous
100
AcDbLine
 10
303.4225516635761
 20
284.0199067814452
 30
0.0
 11
303.4225516635761
 21
281.4939597814452
 31
0.0
  0
LINE
  5
23CA
330
70
100
AcDbEntity
  8
0
  6
Continuous
100
AcDbLine
 10
309.3800616176368
 20
289.0199067814452
 30
0.0
 11
316.3800616176368
 21
289.0199067814452
 31
0.0
  0
LINE
  5
23CB
330
70
100
AcDbEntity
  8
0
  6
Continuous
100
AcDbLine
 10
316.3800616176368
 20
289.0199067814452
 30
0.0
 11
316.3800616176368
 21
281.4939597814452
 31
0.0
  0
LINE
  5
23CC
330
70
100
AcDbEntity
  8
0
  6
Continuous
100
AcDbLine
 10
316.3800616176368
 20
281.4939597814452
 30
0.0
 11
402.7750616176367
 21
281.4939597814452
 31
0.0
  0
LINE
  5
23CD
330
70
100
AcDbEntity
  8
0
  6
Continuous
100
AcDbLine
 10
152.5060616176368
 20
290.0199067814453
 30
0.0
 11
142.6928616176368
 21
290.0199067814453
 31
0.0
  0
LINE
  5
23CE
330
70
100
AcDbEntity
  8
0
  6
Continuous
100
AcDbLine
 10
152.5060616176368
 20
284.0199067814452
 30
0.0
 11
152.5268716217716
 21
281.4939597814452
 31
0.0
  0
LINE
  5
23CF
330
70
100
AcDbEntity
  8
0
  6
Continuous
100
AcDbLine
 10
142.6928616176368
 20
284.0199067814452
 30
0.0
 11
142.6928616176368
 21
281.4939597814452
 31
0.0
  0
LINE
  5
23D0
330
70
100
AcDbEntity
  8
0
  6
Continuous
100
AcDbLine
 10
142.6928616176368
 20
281.4939597814452
 30
0.0
 11
101.9751462176368
 21
281.4939597814454
 31
0.0
  0
LINE
  5
23D1
330
70
100
AcDbEntity
  8
0
  6
Continuous
100
AcDbLine
 10
99.97514621763684
 20
330.5256082814453
 30
0.0
 11
99.97514621763686
 21
283.4939597814452
 31
0.0
  0
ARC
  5
23D2
330
70
100
AcDbEntity
  8
0
  6
Continuous
100
AcDbCircle
 10
101.9751462176368
 20
330.5256082814453
 30
0.0
 40
2.0
100
AcDbArc
 50
90.0
 51
180.0
  0
LINE
  5
23D3
330
70
100
AcDbEntity
  8
0
  6
Continuous
100
AcDbLine
 10
101.9751462176368
 20
340.5256082814453
 30
0.0
 11
105.2622216176368
 21
340.5256082814453
 31
0.0
  0
LINE
  5
23D4
330
70
100
AcDbEntity
  8
0
  6
Continuous
100
AcDbLine
 10
107.2622216176368
 20
338.5256082814453
 30
0.0
 11
107.2622216176368
 21
336.1204067814452
 31
0.0
  0
ARC
  5
23D5
330
70
100
AcDbEntity
  8
0
  6
Continuous
100
AcDbCircle
 10
105.2622216176368
 20
338.5256082814453
 30
0.0
 40
2.0
100
AcDbArc
 50
0.0
 51
90.0
  0
LINE
  5
23D6
330
70
100
AcDbEntity
  8
0
  6
Continuous
100
AcDbLine
 10
104.880736617637
 20
332.5256082814453
 30
0.0
 11
101.9751462176368
 21
332.5256082814453
 31
0.0
  0
LINE
  5
23D7
330
70
100
AcDbEntity
  8
0
  6
Continuous
100
AcDbLine
 10
104.880736617637
 20
322.1199567814452
 30
0.0
 11
104.880736617637
 21
332.5256082814453
 31
0.0
  0
LINE
  5
23D8
330
70
100
AcDbEntity
  8
0
  6
Continuous
100
AcDbLine
 10
107.2622216176368
 20
336.1204067814452
 30
0.0
 11
123.6429616176368
 21
336.1206567814453
 31
0.0
  0
LINE
  5
23D9
330
70
100
AcDbEntity
  8
0
  6
Continuous
100
AcDbLine
 10
125.1429616176368
 20
336.1206567814453
 30
0.0
 11
125.1429616176368
 21
322.1199567814452
 31
0.0
  0
LINE
  5
23DA
330
70
100
AcDbEntity
  8
0
  6
Continuous
100
AcDbLine
 10
125.1429616176368
 20
322.1199567814452
 30
0.0
 11
132.1429616176368
 21
322.1199567814452
 31
0.0
  0
LINE
  5
23DB
330
70
100
AcDbEntity
  8
0
  6
Continuous
100
AcDbLine
 10
132.1429616176368
 20
322.1199567814452
 30
0.0
 11
132.1429616176368
 21
336.1206567814452
 31
0.0
  0
LINE
  5
23DC
330
70
100
AcDbEntity
  8
0
  6
Continuous
100
AcDbLine
 10
132.1429616176368
 20
336.1206567814452
 30
0.0
 11
125.1429616176368
 21
336.1206567814452
 31
0.0
  0
ARC
  5
23DD
330
70
100
AcDbEntity
  8
Reference
100
AcDbCircle
 10
-514.1786890052528
 20
171.625136673626
 30
0.0
 40
0.999999999999934
210
0.0
220
0.0
230
-1.0
100
AcDbArc
 50
270.0
 51
0.0
  0
LINE
  5
23DE
330
70
100
AcDbEntity
  8
Reference
100
AcDbLine
 10
513.1786890052528
 20
171.625136673626
 30
0.0
 11
513.1786890052528
 21
172.6251366736262
 31
0.0
  0
ARC
  5
23DF
330
70
100
AcDbEntity
  8
Reference
100
AcDbCircle
 10
-514.1786890052528
 20
172.6251366736262
 30
0.0
 40
1.000000000000137
210
0.0
220
0.0
230
-1.0
100
AcDbArc
 50
0.0
 51
90.0
  0
LINE
  5
23E0
330
70
100
AcDbEntity
  8
Reference
100
AcDbLine
 10
514.1786890052528
 20
173.625136673626
 30
0.0
 11
529.9286890052528
 21
173.625136673626
 31
0.0
  0
ARC
  5
23E1
330
70
100
AcDbEntity
  8
Reference
100
AcDbCircle
 10
-529.9286890052528
 20
174.3751366736262
 30
0.0
 40
0.7500000000002061
210
0.0
220
0.0
230
-1.0
100
AcDbArc
 50
90.0
 51
270.0005149999737
  0
ARC
  5
23E2
330
70
100
AcDbEntity
  8
Reference
100
AcDbCircle
 10
498.0521460052525
 20
174.1251366736262
 30
0.0
 40
0.9999999999999968
100
AcDbArc
 50
90.00000099999489
 51
180.0
  0
LINE
  5
23E3
330
70
100
AcDbEntity
  8
Reference
100
AcDbLine
 10
497.0521460052525
 20
171.0735326736262
 30
0.0
 11
497.0521460052525
 21
174.1251366736262
 31
0.0
  0
ARC
  5
23E4
330
70
100
AcDbEntity
  8
Reference
100
AcDbCircle
 10
496.0521460052525
 20
171.0735326736262
 30
0.0
 40
0.9999999999999964
100
AcDbArc
 50
270.0
 51
0.0
  0
LINE
  5
23E5
330
70
100
AcDbEntity
  8
Reference
100
AcDbLine
 10
494.6521460052529
 20
170.0735326736262
 30
0.0
 11
496.0521460052525
 21
170.0735326736262
 31
0.0
  0
ARC
  5
23E6
330
70
100
AcDbEntity
  8
Reference
100
AcDbCircle
 10
494.6521460052529
 20
171.0735326736262
 30
0.0
 40
0.9999999999999964
100
AcDbArc
 50
180.0
 51
270.0
  0
LINE
  5
23E7
330
70
100
AcDbEntity
  8
Reference
100
AcDbLine
 10
493.6521460052529
 20
174.1251366736262
 30
0.0
 11
493.6521460052529
 21
171.0735326736262
 31
0.0
  0
ARC
  5
23E8
330
70
100
AcDbEntity
  8
Reference
100
AcDbCircle
 10
492.6521460052529
 20
174.1251366736262
 30
0.0
 40
0.9999999999999964
100
AcDbArc
 50
0.0
 51
90.0
  0
ARC
  5
23E9
330
70
100
AcDbEntity
  8
Reference
100
AcDbCircle
 10
-553.1786890052528
 20
171.625136673626
 30
0.0
 40
0.9999999999998188
210
0.0
220
0.0
230
-1.0
100
AcDbArc
 50
180.0
 51
270.0
  0
LINE
  5
23EA
330
70
100
AcDbEntity
  8
Reference
100
AcDbLine
 10
554.1786890052528
 20
172.6251366736262
 30
0.0
 11
554.1786890052528
 21
171.625136673626
 31
0.0
  0
ARC
  5
23EB
330
70
100
AcDbEntity
  8
Reference
100
AcDbCircle
 10
-553.1786890052528
 20
172.6251366736262
 30
0.0
 40
0.9999999999998896
210
0.0
220
0.0
230
-1.0
100
AcDbArc
 50
90.0
 51
180.0
  0
LINE
  5
23EC
330
70
100
AcDbEntity
  8
Reference
100
AcDbLine
 10
537.4286890052529
 20
173.625136673626
 30
0.0
 11
553.1786890052528
 21
173.625136673626
 31
0.0
  0
ARC
  5
23ED
330
70
100
AcDbEntity
  8
Reference
100
AcDbCircle
 10
537.4286890052529
 20
174.3751366736262
 30
0.0
 40
0.7499999999999401
100
AcDbArc
 50
89.99963799997399
 51
270.0
  0
ARC
  5
23EE
330
70
100
AcDbEntity
  8
Reference
100
AcDbCircle
 10
578.4734350052542
 20
174.1251366736262
 30
0.0
 40
1.000000000000451
100
AcDbArc
 50
0.0
 51
90.0
  0
LINE
  5
23EF
330
70
100
AcDbEntity
  8
Reference
100
AcDbLine
 10
579.4734350052542
 20
174.1251366736262
 30
0.0
 11
579.4734350052542
 21
171.0735336736261
 31
0.0
  0
ARC
  5
23F0
330
70
100
AcDbEntity
  8
Reference
100
AcDbCircle
 10
580.4734350052542
 20
171.0735336736261
 30
0.0
 40
0.9999999999990903
100
AcDbArc
 50
180.0
 51
270.0
  0
LINE
  5
23F1
330
70
100
AcDbEntity
  8
Reference
100
AcDbLine
 10
580.4734350052542
 20
170.0735336736262
 30
0.0
 11
581.8734350052539
 21
170.0735336736262
 31
0.0
  0
ARC
  5
23F2
330
70
100
AcDbEntity
  8
Reference
100
AcDbCircle
 10
581.8734350052539
 20
171.0735336736261
 30
0.0
 40
0.9999999999999964
100
AcDbArc
 50
270.0
 51
0.0
  0
LINE
  5
23F3
330
70
100
AcDbEntity
  8
Reference
100
AcDbLine
 10
582.8734350052538
 20
171.0735336736261
 30
0.0
 11
582.8734350052538
 21
174.1251366736262
 31
0.0
  0
ARC
  5
23F4
330
70
100
AcDbEntity
  8
Reference
100
AcDbCircle
 10
583.8734350052539
 20
174.1251366736262
 30
0.0
 40
0.9999999999999964
100
AcDbArc
 50
90.0
 51
180.0
  0
ARC
  5
23F5
330
70
100
AcDbEntity
  8
Reference
100
AcDbCircle
 10
624.916815005253
 20
174.3751366736262
 30
0.0
 40
0.7499999999926411
100
AcDbArc
 50
269.9997429999585
 51
89.9997429999585
  0
LINE
  5
23F6
330
70
100
AcDbEntity
  8
Reference
100
AcDbLine
 10
609.1668180052541
 20
173.625136673626
 30
0.0
 11
624.916818005254
 21
173.625136673626
 31
0.0
  0
ARC
  5
23F7
330
70
100
AcDbEntity
  8
Reference
100
AcDbCircle
 10
-609.1668180052541
 20
172.6251366736262
 30
0.0
 40
1.000000000000137
210
0.0
220
0.0
230
-1.0
100
AcDbArc
 50
0.0
 51
90.0
  0
LINE
  5
23F8
330
70
100
AcDbEntity
  8
Reference
100
AcDbLine
 10
608.166818005254
 20
171.625136673626
 30
0.0
 11
608.166818005254
 21
172.6251366736262
 31
0.0
  0
ARC
  5
23F9
330
70
100
AcDbEntity
  8
Reference
100
AcDbCircle
 10
-529.9286910052535
 20
272.2217376736262
 30
0.0
 40
0.7499999999963915
210
0.0
220
0.0
230
-1.0
100
AcDbArc
 50
90.00018100001298
 51
270.000181000013
  0
ARC
  5
23FA
330
70
100
AcDbEntity
  8
Reference
100
AcDbCircle
 10
498.0521470052528
 20
272.4717386736261
 30
0.0
 40
1.000000933147088
100
AcDbArc
 50
180.0000219999983
 51
269.9999469999582
  0
LINE
  5
23FB
330
70
100
AcDbEntity
  8
Reference
100
AcDbLine
 10
497.0521460052525
 20
272.4717376736262
 30
0.0
 11
497.0521460052525
 21
275.5233406736261
 31
0.0
  0
ARC
  5
23FC
330
70
100
AcDbEntity
  8
Reference
100
AcDbCircle
 10
496.0521460052525
 20
275.5233406736261
 30
0.0
 40
0.9999999999999964
100
AcDbArc
 50
0.0
 51
90.0
  0
LINE
  5
23FD
330
70
100
AcDbEntity
  8
Reference
100
AcDbLine
 10
496.0521460052525
 20
276.5233406736261
 30
0.0
 11
494.6521460052529
 21
276.5233406736261
 31
0.0
  0
ARC
  5
23FE
330
70
100
AcDbEntity
  8
Reference
100
AcDbCircle
 10
494.6521460052529
 20
275.5233406736261
 30
0.0
 40
0.9999999999998363
100
AcDbArc
 50
90.0
 51
180.0
  0
LINE
  5
23FF
330
70
100
AcDbEntity
  8
Reference
100
AcDbLine
 10
493.6521460052529
 20
275.5233406736261
 30
0.0
 11
493.6521460052529
 21
272.4717376736262
 31
0.0
  0
ARC
  5
2400
330
70
100
AcDbEntity
  8
Reference
100
AcDbCircle
 10
492.6521460052529
 20
272.4717376736262
 30
0.0
 40
1.000000000000012
100
AcDbArc
 50
270.0
 51
0.0
  0
LINE
  5
2401
330
70
100
AcDbEntity
  8
Reference
100
AcDbLine
 10
492.6521460052529
 20
271.4717376736262
 30
0.0
 11
486.6593930052543
 21
271.4717376736262
 31
0.0
  0
ARC
  5
2402
330
70
100
AcDbEntity
  8
Reference
100
AcDbCircle
 10
486.6593930052543
 20
270.4717376736262
 30
0.0
 40
1.000000000000937
100
AcDbArc
 50
90.0
 51
180.0
  0
ARC
  5
2403
330
70
100
AcDbEntity
  8
Reference
100
AcDbCircle
 10
486.6593930052543
 20
176.1251366736262
 30
0.0
 40
0.9999999999994278
100
AcDbArc
 50
180.0
 51
270.0
  0
LINE
  5
2404
330
70
100
AcDbEntity
  8
Reference
100
AcDbLine
 10
486.6593930052543
 20
175.1251366736262
 30
0.0
 11
492.6531910052537
 21
175.1251366736262
 31
0.0
  0
LINE
  5
2405
330
70
100
AcDbEntity
  8
Reference
100
AcDbLine
 10
514.1786890052528
 20
272.9717376736262
 30
0.0
 11
529.9286890052528
 21
272.9717376736262
 31
0.0
  0
ARC
  5
2406
330
70
100
AcDbEntity
  8
Reference
100
AcDbCircle
 10
514.1786890052528
 20
273.9717376736262
 30
0.0
 40
1.000000000000137
100
AcDbArc
 50
180.0
 51
270.0
  0
LINE
  5
2407
330
70
100
AcDbEntity
  8
Reference
100
AcDbLine
 10
513.1786890052528
 20
274.9717376736262
 30
0.0
 11
513.1786890052528
 21
273.9717376736262
 31
0.0
  0
ARC
  5
2408
330
70
100
AcDbEntity
  8
Reference
100
AcDbCircle
 10
514.1786890052528
 20
274.9717376736262
 30
0.0
 40
1.000000000000154
100
AcDbArc
 50
90.0
 51
180.0
  0
ARC
  5
2409
330
70
100
AcDbEntity
  8
Reference
100
AcDbCircle
 10
553.1786890052528
 20
274.9717376736262
 30
0.0
 40
0.9999999999996411
100
AcDbArc
 50
0.0
 51
90.0
  0
LINE
  5
240A
330
70
100
AcDbEntity
  8
Reference
100
AcDbLine
 10
554.1786890052528
 20
273.9717376736262
 30
0.0
 11
554.1786890052528
 21
274.9717376736262
 31
0.0
  0
ARC
  5
240B
330
70
100
AcDbEntity
  8
Reference
100
AcDbCircle
 10
553.1786890052528
 20
273.9717376736262
 30
0.0
 40
0.9999999999998363
100
AcDbArc
 50
270.0
 51
0.0
  0
LINE
  5
240C
330
70
100
AcDbEntity
  8
Reference
100
AcDbLine
 10
537.4286890052529
 20
272.9717376736262
 30
0.0
 11
553.1786890052528
 21
272.9717376736262
 31
0.0
  0
ARC
  5
240D
330
70
100
AcDbEntity
  8
Reference
100
AcDbCircle
 10
-537.4286890052529
 20
272.2217376736262
 30
0.0
 40
0.7499999999997533
210
0.0
220
0.0
230
-1.0
100
AcDbArc
 50
270.0005149999737
 51
90.0
  0
ARC
  5
240E
330
70
100
AcDbEntity
  8
Reference
100
AcDbCircle
 10
578.4734350052542
 20
272.4717376736262
 30
0.0
 40
1.000000000000439
100
AcDbArc
 50
270.0
 51
0.0
  0
LINE
  5
240F
330
70
100
AcDbEntity
  8
Reference
100
AcDbLine
 10
579.4734350052542
 20
275.5233406736261
 30
0.0
 11
579.4734350052542
 21
272.4717376736262
 31
0.0
  0
ARC
  5
2410
330
70
100
AcDbEntity
  8
Reference
100
AcDbCircle
 10
580.4734350052542
 20
275.5233406736261
 30
0.0
 40
0.9999999999990903
100
AcDbArc
 50
90.0
 51
180.0
  0
LINE
  5
2411
330
70
100
AcDbEntity
  8
Reference
100
AcDbLine
 10
581.8734350052539
 20
276.5233406736261
 30
0.0
 11
580.4734350052542
 21
276.5233406736261
 31
0.0
  0
ARC
  5
2412
330
70
100
AcDbEntity
  8
Reference
100
AcDbCircle
 10
581.8734350052539
 20
275.5233406736261
 30
0.0
 40
1.0
100
AcDbArc
 50
0.0
 51
90.0
  0
LINE
  5
2413
330
70
100
AcDbEntity
  8
Reference
100
AcDbLine
 10
582.8734350052538
 20
272.4717376736262
 30
0.0
 11
582.8734350052538
 21
275.5233406736261
 31
0.0
  0
ARC
  5
2414
330
70
100
AcDbEntity
  8
Reference
100
AcDbCircle
 10
583.8734350052539
 20
272.4717376736262
 30
0.0
 40
1.0
100
AcDbArc
 50
180.0
 51
270.0
  0
ARC
  5
2415
330
70
100
AcDbEntity
  8
Reference
100
AcDbCircle
 10
-624.9168210052532
 20
272.2217376736262
 30
0.0
 40
0.7499999999963915
210
0.0
220
0.0
230
-1.0
100
AcDbArc
 50
90.00018100001298
 51
270.0001820000079
  0
LINE
  5
2416
330
70
100
AcDbEntity
  8
Reference
100
AcDbLine
 10
609.1668180052541
 20
272.9717376736262
 30
0.0
 11
624.916818005254
 21
272.9717376736262
 31
0.0
  0
ARC
  5
2417
330
70
100
AcDbEntity
  8
Reference
100
AcDbCircle
 10
609.1668180052541
 20
273.9717376736262
 30
0.0
 40
1.000000000000133
100
AcDbArc
 50
180.0
 51
270.0
  0
LINE
  5
2418
330
70
100
AcDbEntity
  8
Reference
100
AcDbLine
 10
608.166818005254
 20
275.0233406736261
 30
0.0
 11
608.166818005254
 21
273.9717376736262
 31
0.0
  0
ARC
  5
2419
330
70
100
AcDbEntity
  8
Reference
100
AcDbCircle
 10
609.1668180052541
 20
275.0233406736261
 30
0.0
 40
0.9999999999989483
100
AcDbArc
 50
90.0
 51
180.0
  0
ARC
  5
241A
330
70
100
AcDbEntity
  8
Reference
100
AcDbCircle
 10
648.166818005254
 20
275.0233406736261
 30
0.0
 40
0.9999999999992235
100
AcDbArc
 50
0.0
 51
90.0
  0
LINE
  5
241B
330
70
100
AcDbEntity
  8
Reference
100
AcDbLine
 10
649.166818005254
 20
273.9717376736262
 30
0.0
 11
649.166818005254
 21
275.0233406736261
 31
0.0
  0
ARC
  5
241C
330
70
100
AcDbEntity
  8
Reference
100
AcDbCircle
 10
648.166818005254
 20
273.9717376736262
 30
0.0
 40
0.9999999999994102
100
AcDbArc
 50
270.0
 51
0.0
  0
LINE
  5
241D
330
70
100
AcDbEntity
  8
Reference
100
AcDbLine
 10
632.4168180052541
 20
272.9717376736262
 30
0.0
 11
648.166818005254
 21
272.9717376736262
 31
0.0
  0
ARC
  5
241E
330
70
100
AcDbEntity
  8
Reference
100
AcDbCircle
 10
-632.4168180052541
 20
272.2217376736262
 30
0.0
 40
0.7499999999997533
210
0.0
220
0.0
230
-1.0
100
AcDbArc
 50
270.0005149999737
 51
90.0
  0
ARC
  5
241F
330
70
100
AcDbEntity
  8
Reference
100
AcDbCircle
 10
673.4615630052533
 20
272.4717376736262
 30
0.0
 40
1.000000000000012
100
AcDbArc
 50
270.0
 51
0.0
  0
LINE
  5
2420
330
70
100
AcDbEntity
  8
Reference
100
AcDbLine
 10
674.4615630052533
 20
275.5233406736261
 30
0.0
 11
674.4615630052533
 21
272.4717376736262
 31
0.0
  0
ARC
  5
2421
330
70
100
AcDbEntity
  8
Reference
100
AcDbCircle
 10
675.4615630052533
 20
275.5233406736261
 30
0.0
 40
1.000000000000049
100
AcDbArc
 50
90.0
 51
180.0
  0
LINE
  5
2422
330
70
100
AcDbEntity
  8
Reference
100
AcDbLine
 10
676.8615630052529
 20
276.5233406736261
 30
0.0
 11
675.4615630052533
 21
276.5233406736261
 31
0.0
  0
ARC
  5
2423
330
70
100
AcDbEntity
  8
Reference
100
AcDbCircle
 10
676.8615630052529
 20
275.5233406736261
 30
0.0
 40
0.9999999999999964
100
AcDbArc
 50
0.0
 51
90.0
  0
LINE
  5
2424
330
70
100
AcDbEntity
  8
Reference
100
AcDbLine
 10
677.8615630052529
 20
272.4717376736262
 30
0.0
 11
677.8615630052529
 21
275.5233406736261
 31
0.0
  0
ARC
  5
2425
330
70
100
AcDbEntity
  8
Reference
100
AcDbCircle
 10
678.8615630052529
 20
272.4717376736262
 30
0.0
 40
0.9999999999997656
100
AcDbArc
 50
180.0
 51
270.0
  0
ARC
  5
2426
330
70
100
AcDbEntity
  8
Reference
100
AcDbCircle
 10
-719.9049500052526
 20
272.2217376736262
 30
0.0
 40
0.7499999999963559
210
0.0
220
0.0
230
-1.0
100
AcDbArc
 50
90.00018100001298
 51
270.0001800000181
  0
LINE
  5
2427
330
70
100
AcDbEntity
  8
Reference
100
AcDbLine
 10
704.1549480052538
 20
272.9717376736262
 30
0.0
 11
719.9049480052537
 21
272.9717376736262
 31
0.0
  0
ARC
  5
2428
330
70
100
AcDbEntity
  8
Reference
100
AcDbCircle
 10
704.1549480052538
 20
273.9717376736262
 30
0.0
 40
0.9999999999996768
100
AcDbArc
 50
180.0
 51
270.0
  0
LINE
  5
2429
330
70
100
AcDbEntity
  8
Reference
100
AcDbLine
 10
703.1549480052538
 20
275.0233406736261
 30
0.0
 11
703.1549480052538
 21
273.9717376736262
 31
0.0
  0
ARC
  5
242A
330
70
100
AcDbEntity
  8
Reference
100
AcDbCircle
 10
704.1549480052538
 20
275.0233406736261
 30
0.0
 40
0.9999999999993391
100
AcDbArc
 50
90.0
 51
180.0
  0
ARC
  5
242B
330
70
100
AcDbEntity
  8
Reference
100
AcDbCircle
 10
743.1549480052538
 20
275.0233406736261
 30
0.0
 40
1.000000000000528
100
AcDbArc
 50
0.0
 51
90.0
  0
LINE
  5
242C
330
70
100
AcDbEntity
  8
Reference
100
AcDbLine
 10
744.1549480052538
 20
273.9717376736262
 30
0.0
 11
744.1549480052538
 21
275.0233406736261
 31
0.0
  0
ARC
  5
242D
330
70
100
AcDbEntity
  8
Reference
100
AcDbCircle
 10
743.1549480052538
 20
273.9717376736262
 30
0.0
 40
0.9999999999991615
100
AcDbArc
 50
270.0
 51
0.0
  0
LINE
  5
242E
330
70
100
AcDbEntity
  8
Reference
100
AcDbLine
 10
727.4049480052537
 20
272.9717376736262
 30
0.0
 11
743.1549480052538
 21
272.9717376736262
 31
0.0
  0
ARC
  5
242F
330
70
100
AcDbEntity
  8
Reference
100
AcDbCircle
 10
-727.4049480052537
 20
272.2217376736262
 30
0.0
 40
0.7499999999997533
210
0.0
220
0.0
230
-1.0
100
AcDbArc
 50
270.0005149999737
 51
90.0
  0
ARC
  5
2430
330
70
100
AcDbEntity
  8
Reference
100
AcDbCircle
 10
759.2828510052525
 20
272.4717376736262
 30
0.0
 40
1.000000000000439
100
AcDbArc
 50
270.0
 51
0.0
  0
LINE
  5
2431
330
70
100
AcDbEntity
  8
Reference
100
AcDbLine
 10
760.2828510052525
 20
275.5233406736261
 30
0.0
 11
760.2828510052525
 21
272.4717376736262
 31
0.0
  0
ARC
  5
2432
330
70
100
AcDbEntity
  8
Reference
100
AcDbCircle
 10
761.2828510052525
 20
275.5233406736261
 30
0.0
 40
1.000000000000049
100
AcDbArc
 50
90.0
 51
180.0
  0
LINE
  5
2433
330
70
100
AcDbEntity
  8
Reference
100
AcDbLine
 10
762.6828510052539
 20
276.5233406736261
 30
0.0
 11
761.2828510052525
 21
276.5233406736261
 31
0.0
  0
ARC
  5
2434
330
70
100
AcDbEntity
  8
Reference
100
AcDbCircle
 10
762.6828510052539
 20
275.5233406736261
 30
0.0
 40
1.000000000000012
100
AcDbArc
 50
0.0
 51
90.0
  0
LINE
  5
2435
330
70
100
AcDbEntity
  8
Reference
100
AcDbLine
 10
763.6828510052539
 20
272.4717376736262
 30
0.0
 11
763.6828510052539
 21
275.5233406736261
 31
0.0
  0
ARC
  5
2436
330
70
100
AcDbEntity
  8
Reference
100
AcDbCircle
 10
764.6828520052524
 20
272.4717386736261
 30
0.0
 40
1.000000974087535
100
AcDbArc
 50
180.0000229999997
 51
269.9999389999991
  0
LINE
  5
2437
330
70
100
AcDbEntity
  8
Reference
100
AcDbLine
 10
764.6828520052524
 20
271.4717376736262
 30
0.0
 11
770.5593930052539
 21
271.4717376736262
 31
0.0
  0
ARC
  5
2438
330
70
100
AcDbEntity
  8
Reference
100
AcDbCircle
 10
-770.5593930052539
 20
270.4717376736262
 30
0.0
 40
1.000000000000728
210
0.0
220
0.0
230
-1.0
100
AcDbArc
 50
90.00000599996933
 51
180.0000359999984
  0
ARC
  5
2439
330
70
100
AcDbEntity
  8
Reference
100
AcDbCircle
 10
-770.5593340052539
 20
176.1251366736262
 30
0.0
 40
0.9999999999989338
210
0.0
220
0.0
230
-1.0
100
AcDbArc
 50
180.0000359999984
 51
269.9999940000306
  0
LINE
  5
243A
330
70
100
AcDbEntity
  8
Reference
100
AcDbLine
 10
770.5593340052539
 20
175.1251366736262
 30
0.0
 11
764.6828510052539
 21
175.1251366736262
 31
0.0
  0
ARC
  5
243B
330
70
100
AcDbEntity
  8
Reference
100
AcDbCircle
 10
764.6828510052539
 20
174.1251366736262
 30
0.0
 40
0.9999999999990862
100
AcDbArc
 50
90.00000599996933
 51
180.0
  0
LINE
  5
243C
330
70
100
AcDbEntity
  8
Reference
100
AcDbLine
 10
763.6828510052539
 20
171.0735326736262
 30
0.0
 11
763.6828510052539
 21
174.1251366736262
 31
0.0
  0
ARC
  5
243D
330
70
100
AcDbEntity
  8
Reference
100
AcDbCircle
 10
762.6828510052539
 20
171.0735326736262
 30
0.0
 40
0.9999999999999964
100
AcDbArc
 50
270.0
 51
0.0
  0
LINE
  5
243E
330
70
100
AcDbEntity
  8
Reference
100
AcDbLine
 10
761.2828510052525
 20
170.0735326736262
 30
0.0
 11
762.6828510052539
 21
170.0735326736262
 31
0.0
  0
ARC
  5
243F
330
70
100
AcDbEntity
  8
Reference
100
AcDbCircle
 10
761.2828510052525
 20
171.0735326736262
 30
0.0
 40
1.000000000000012
100
AcDbArc
 50
180.0
 51
270.0
  0
LINE
  5
2440
330
70
100
AcDbEntity
  8
Reference
100
AcDbLine
 10
760.2828510052525
 20
174.1251366736262
 30
0.0
 11
760.2828510052525
 21
171.0735326736262
 31
0.0
  0
ARC
  5
2441
330
70
100
AcDbEntity
  8
Reference
100
AcDbCircle
 10
759.2828510052525
 20
174.1251366736262
 30
0.0
 40
1.000000000000439
100
AcDbArc
 50
0.0
 51
90.0
  0
ARC
  5
2442
330
70
100
AcDbEntity
  8
Reference
100
AcDbCircle
 10
609.1668180052541
 20
171.5735336736261
 30
0.0
 40
0.9999999999988059
100
AcDbArc
 50
180.0
 51
270.0
  0
ARC
  5
2443
330
70
100
AcDbEntity
  8
Reference
100
AcDbCircle
 10
648.166818005254
 20
171.5735336736261
 30
0.0
 40
0.9999999999994102
100
AcDbArc
 50
270.0
 51
0.0
  0
LINE
  5
2444
330
70
100
AcDbEntity
  8
Reference
100
AcDbLine
 10
632.4168180052541
 20
173.625136673626
 30
0.0
 11
648.166818005254
 21
173.625136673626
 31
0.0
  0
ARC
  5
2445
330
70
100
AcDbEntity
  8
Reference
100
AcDbCircle
 10
-648.166818005254
 20
172.6251366736262
 30
0.0
 40
0.9999999999993923
210
0.0
220
0.0
230
-1.0
100
AcDbArc
 50
90.0
 51
180.0
  0
LINE
  5
2446
330
70
100
AcDbEntity
  8
Reference
100
AcDbLine
 10
649.166818005254
 20
172.6251366736262
 30
0.0
 11
649.166818005254
 21
171.625136673626
 31
0.0
  0
ARC
  5
2447
330
70
100
AcDbEntity
  8
Reference
100
AcDbCircle
 10
632.4168180052541
 20
174.3751366736262
 30
0.0
 40
0.7499999999999401
100
AcDbArc
 50
89.99963799997399
 51
270.0
  0
ARC
  5
2448
330
70
100
AcDbEntity
  8
Reference
100
AcDbCircle
 10
673.4615630052533
 20
174.1251366736262
 30
0.0
 40
0.9999999999999964
100
AcDbArc
 50
0.0
 51
90.0
  0
LINE
  5
2449
330
70
100
AcDbEntity
  8
Reference
100
AcDbLine
 10
674.4615630052533
 20
174.1251366736262
 30
0.0
 11
674.4615630052533
 21
171.0735326736262
 31
0.0
  0
ARC
  5
244A
330
70
100
AcDbEntity
  8
Reference
100
AcDbCircle
 10
675.4615630052533
 20
171.0735326736262
 30
0.0
 40
0.9999999999999964
100
AcDbArc
 50
180.0
 51
270.0
  0
LINE
  5
244B
330
70
100
AcDbEntity
  8
Reference
100
AcDbLine
 10
675.4615630052533
 20
170.0735326736262
 30
0.0
 11
676.8615630052529
 21
170.0735326736262
 31
0.0
  0
ARC
  5
244C
330
70
100
AcDbEntity
  8
Reference
100
AcDbCircle
 10
676.8615630052529
 20
171.0735326736262
 30
0.0
 40
0.9999999999993214
100
AcDbArc
 50
270.0
 51
0.0
  0
LINE
  5
244D
330
70
100
AcDbEntity
  8
Reference
100
AcDbLine
 10
677.8615630052529
 20
171.0735326736262
 30
0.0
 11
677.8615630052529
 21
174.1251366736262
 31
0.0
  0
ARC
  5
244E
330
70
100
AcDbEntity
  8
Reference
100
AcDbCircle
 10
678.8615630052529
 20
174.1251366736262
 30
0.0
 40
0.9999999999995432
100
AcDbArc
 50
90.0
 51
180.0
  0
ARC
  5
244F
330
70
100
AcDbEntity
  8
Reference
100
AcDbCircle
 10
719.9049440052542
 20
174.3751366736262
 30
0.0
 40
0.7499999999926411
100
AcDbArc
 50
269.9997429999585
 51
89.9997429999585
  0
LINE
  5
2450
330
70
100
AcDbEntity
  8
Reference
100
AcDbLine
 10
704.1549480052538
 20
173.625136673626
 30
0.0
 11
719.9049480052537
 21
173.625136673626
 31
0.0
  0
ARC
  5
2451
330
70
100
AcDbEntity
  8
Reference
100
AcDbCircle
 10
-704.1549480052538
 20
172.6251366736262
 30
0.0
 40
0.9999999999995523
210
0.0
220
0.0
230
-1.0
100
AcDbArc
 50
0.0
 51
90.0
  0
LINE
  5
2452
330
70
100
AcDbEntity
  8
Reference
100
AcDbLine
 10
703.1549480052538
 20
171.5735336736261
 30
0.0
 11
703.1549480052538
 21
172.6251366736262
 31
0.0
  0
ARC
  5
2453
330
70
100
AcDbEntity
  8
Reference
100
AcDbCircle
 10
-704.1549480052538
 20
171.5735336736261
 30
0.0
 40
0.9999999999993214
210
0.0
220
0.0
230
-1.0
100
AcDbArc
 50
270.0
 51
0.0
  0
ARC
  5
2454
330
70
100
AcDbEntity
  8
Reference
100
AcDbCircle
 10
-743.1549480052538
 20
171.5735336736261
 30
0.0
 40
1.000000000000564
210
0.0
220
0.0
230
-1.0
100
AcDbArc
 50
180.0
 51
270.0
  0
LINE
  5
2455
330
70
100
AcDbEntity
  8
Reference
100
AcDbLine
 10
727.4049480052537
 20
173.625136673626
 30
0.0
 11
743.1549480052538
 21
173.625136673626
 31
0.0
  0
ARC
  5
2456
330
70
100
AcDbEntity
  8
Reference
100
AcDbCircle
 10
-743.1549480052538
 20
172.6251366736262
 30
0.0
 40
0.9999999999992059
210
0.0
220
0.0
230
-1.0
100
AcDbArc
 50
90.0
 51
180.0
  0
LINE
  5
2457
330
70
100
AcDbEntity
  8
Reference
100
AcDbLine
 10
744.1549480052538
 20
172.6251366736262
 30
0.0
 11
744.1549480052538
 21
171.625136673626
 31
0.0
  0
ARC
  5
2458
330
70
100
AcDbEntity
  8
Reference
100
AcDbCircle
 10
727.4049480052537
 20
174.3751366736262
 30
0.0
 40
0.7499999999999401
100
AcDbArc
 50
89.99963799997399
 51
270.0
  0
CIRCLE
  5
2459
330
70
100
AcDbEntity
  8
Reference
100
AcDbCircle
 10
495.3521440052529
 20
172.1251356736262
 30
0.0
 40
0.9999999999999964
  0
CIRCLE
  5
245A
330
70
100
AcDbEntity
  8
Reference
100
AcDbCircle
 10
581.1734330052543
 20
274.4717376736262
 30
0.0
 40
1.0
  0
CIRCLE
  5
245B
330
70
100
AcDbEntity
  8
Reference
100
AcDbCircle
 10
676.1615610052533
 20
172.1251356736262
 30
0.0
 40
0.9999999999999964
  0
CIRCLE
  5
245C
330
70
100
AcDbEntity
  8
Reference
100
AcDbCircle
 10
761.9828480052539
 20
274.4717376736262
 30
0.0
 40
1.000000000000012
  0
CIRCLE
  5
245D
330
70
100
AcDbEntity
  8
Reference
100
AcDbCircle
 10
581.1734330052543
 20
172.1251366736262
 30
0.0
 40
1.0
  0
CIRCLE
  5
245E
330
70
100
AcDbEntity
  8
Reference
100
AcDbCircle
 10
495.3521440052529
 20
274.4717376736262
 30
0.0
 40
0.9999999999999964
  0
CIRCLE
  5
245F
330
70
100
AcDbEntity
  8
Reference
100
AcDbCircle
 10
761.9828480052539
 20
172.1251356736262
 30
0.0
 40
1.000000000000012
  0
CIRCLE
  5
2460
330
70
100
AcDbEntity
  8
Reference
100
AcDbCircle
 10
676.1615610052533
 20
274.4717376736262
 30
0.0
 40
0.9999999999999964
  0
LINE
  5
2461
330
70
100
AcDbEntity
  8
Reference
100
AcDbLine
 10
502.2592530052527
 20
268.4250240706496
 30
0.0
 11
502.2592530052527
 21
254.4252268654048
 31
0.0
  0
LINE
  5
2462
330
70
100
AcDbEntity
  8
Reference
100
AcDbLine
 10
502.2592530052527
 20
254.4252268654048
 30
0.0
 11
488.2602810052532
 21
254.4253894817081
 31
0.0
  0
LINE
  5
2463
330
70
100
AcDbEntity
  8
Reference
100
AcDbLine
 10
488.2602810052532
 20
254.4253894817081
 30
0.0
 11
488.2602810052532
 21
268.4246586736261
 31
0.0
  0
LINE
  5
2464
330
70
100
AcDbEntity
  8
Reference
100
AcDbLine
 10
488.2602810052532
 20
268.4246586736261
 30
0.0
 11
502.2592530052527
 21
268.4250240706496
 31
0.0
  0
LINE
  5
2465
330
70
100
AcDbEntity
  8
0
100
AcDbLine
 10
485.6593930052524
 20
270.4717376736262
 30
0.0
 11
485.7354266052527
 21
211.8742099736262
 31
0.0
  0
LINE
  5
2466
330
70
100
AcDbEntity
  8
0
100
AcDbLine
 10
498.0521470052528
 20
271.4717377404791
 30
0.0
 11
529.9286886359689
 21
271.4717376736335
 31
0.0
  0
LINE
  5
2467
330
70
100
AcDbEntity
  8
0
100
AcDbLine
 10
514.1786890052528
 20
275.9717376736264
 30
0.0
 11
553.1786890052528
 21
275.9717376736257
 31
0.0
  0
LINE
  5
2468
330
70
100
AcDbEntity
  8
0
100
AcDbLine
 10
537.4286822639199
 20
271.4717376736567
 30
0.0
 11
578.4734350052542
 21
271.4717376736258
 31
0.0
  0
LINE
  5
2469
330
70
100
AcDbEntity
  8
0
100
AcDbLine
 10
583.8734350052539
 20
271.4717376736262
 30
0.0
 11
624.9168186228792
 21
271.4717376736336
 31
0.0
  0
LINE
  5
246A
330
70
100
AcDbEntity
  8
0
100
AcDbLine
 10
632.418179387628
 20
271.4717376736187
 30
0.0
 11
673.4615630052533
 21
271.4717376736262
 31
0.0
  0
LINE
  5
246B
330
70
100
AcDbEntity
  8
0
100
AcDbLine
 10
678.861564031434
 20
271.4717376736261
 30
0.0
 11
719.9049476490593
 21
271.4717376736335
 31
0.0
  0
LINE
  5
246C
330
70
100
AcDbEntity
  8
0
100
AcDbLine
 10
718.2394673876272
 20
271.4717376736183
 30
0.0
 11
759.2828510052525
 21
271.4717376736258
 31
0.0
  0
LINE
  5
246D
330
70
100
AcDbEntity
  8
0
100
AcDbLine
 10
678.8615637517498
 20
175.1251366736039
 30
0.0
 11
719.9049473693751
 21
175.1251366736112
 31
0.0
  0
LINE
  5
246E
330
70
100
AcDbEntity
  8
0
100
AcDbLine
 10
727.404952743823
 20
175.125136673611
 30
0.0
 11
759.2828510052525
 21
175.1251366736267
 31
0.0
  0
LINE
  5
246F
330
70
100
AcDbEntity
  8
0
100
AcDbLine
 10
632.418179387628
 20
175.1251366736187
 30
0.0
 11
673.4615630052533
 21
175.1251366736262
 31
0.0
  0
LINE
  5
2470
330
70
100
AcDbEntity
  8
0
100
AcDbLine
 10
583.8734347517504
 20
175.1251366736039
 30
0.0
 11
624.9168183693757
 21
175.1251366736112
 31
0.0
  0
LINE
  5
2471
330
70
100
AcDbEntity
  8
0
100
AcDbLine
 10
537.4300513876271
 20
175.1251366736191
 30
0.0
 11
578.4734350052542
 21
175.1251366736267
 31
0.0
  0
LINE
  5
2472
330
70
100
AcDbEntity
  8
0
100
AcDbLine
 10
498.0521460052525
 20
175.1251366736262
 30
0.0
 11
529.9286890052528
 21
175.1251366736263
 31
0.0
  0
LINE
  5
2473
330
70
100
AcDbEntity
  8
0
100
AcDbLine
 10
771.5593930052539
 20
270.4717370453074
 30
0.0
 11
771.4853420052543
 21
211.8742099736262
 31
0.0
  0
LINE
  5
2474
330
70
100
AcDbEntity
  8
0
100
AcDbLine
 10
609.1668180052541
 20
276.0233406736258
 30
0.0
 11
648.166818005254
 21
276.0233406736254
 31
0.0
  0
LINE
  5
2475
330
70
100
AcDbEntity
  8
0
100
AcDbLine
 10
704.1549480052538
 20
276.0233406736272
 30
0.0
 11
743.1549480052538
 21
276.0233406736266
 31
0.0
  0
LINE
  5
2476
330
70
100
AcDbEntity
  8
0
100
AcDbLine
 10
704.1549480052538
 20
170.5735336736261
 30
0.0
 11
743.1549480052538
 21
170.5735336736255
 31
0.0
  0
LINE
  5
2477
330
70
100
AcDbEntity
  8
0
100
AcDbLine
 10
609.1668180052541
 20
170.5735336736272
 30
0.0
 11
648.166818005254
 21
170.5735336736267
 31
0.0
  0
LINE
  5
2478
330
70
100
AcDbEntity
  8
0
100
AcDbLine
 10
514.1786890052528
 20
170.6251366736267
 30
0.0
 11
553.1786890052528
 21
170.6251366736262
 31
0.0
  0
LINE
  5
2479
330
70
100
AcDbEntity
  8
0
 62
     0
100
AcDbLine
 10
768.9593420052526
 20
268.4244456736262
 30
0.0
 11
768.9593420052526
 21
254.4254456736262
 31
0.0
  0
LINE
  5
247A
330
70
100
AcDbEntity
  8
0
 62
     0
100
AcDbLine
 10
768.9593420052526
 20
254.4254456736262
 30
0.0
 11
768.5354120052537
 21
254.4254456736262
 31
0.0
  0
LINE
  5
247B
330
70
100
AcDbEntity
  8
0
 62
     0
100
AcDbLine
 10
760.9603420052528
 20
254.4254456736262
 30
0.0
 11
743.9098420052535
 21
254.4254456736262
 31
0.0
  0
LINE
  5
247C
330
70
100
AcDbEntity
  8
0
 62
     0
100
AcDbLine
 10
736.3347720052545
 20
254.4254456736262
 30
0.0
 11
735.9103420052536
 21
254.4254456736262
 31
0.0
  0
LINE
  5
247D
330
70
100
AcDbEntity
  8
0
 62
     0
100
AcDbLine
 10
735.9103420052536
 20
268.4244456736262
 30
0.0
 11
736.3347720052527
 21
268.4244456736262
 31
0.0
  0
LINE
  5
247E
330
70
100
AcDbEntity
  8
0
 62
     0
100
AcDbLine
 10
743.9098420052535
 20
268.4244456736262
 30
0.0
 11
760.9603420052528
 21
268.4244456736262
 31
0.0
  0
LINE
  5
247F
330
70
100
AcDbEntity
  8
0
 62
     0
100
AcDbLine
 10
768.5354120052537
 20
268.4244456736262
 30
0.0
 11
768.9593420052526
 21
268.4244456736262
 31
0.0
  0
LINE
  5
2480
330
70
100
AcDbEntity
  8
0
 62
     0
100
AcDbLine
 10
735.9103420052536
 20
254.4254456736262
 30
0.0
 11
735.9103420052536
 21
268.4244456736262
 31
0.0
  0
LINE
  5
2481
330
70
100
AcDbEntity
  8
0
 62
     0
100
AcDbLine
 10
500.1662420052537
 20
211.2744456736261
 30
0.0
 11
500.1662420052537
 21
197.2754456736261
 31
0.0
  0
LINE
  5
2482
330
70
100
AcDbEntity
  8
0
 62
     0
100
AcDbLine
 10
491.0656720052531
 20
212.2444456736263
 30
0.0
 11
491.0656720052531
 21
196.3054456736261
 31
0.0
  0
LINE
  5
2483
330
70
100
AcDbEntity
  8
0
 62
     0
100
AcDbLine
 10
491.0656720052531
 20
196.3054456736261
 30
0.0
 11
498.640742005254
 21
196.3054456736261
 31
0.0
  0
LINE
  5
2484
330
70
100
AcDbEntity
  8
0
 62
     0
100
AcDbLine
 10
498.640742005254
 20
196.3054456736261
 30
0.0
 11
498.640742005254
 21
212.2444456736263
 31
0.0
  0
LINE
  5
2485
330
70
100
AcDbEntity
  8
0
 62
     0
100
AcDbLine
 10
500.1662420052537
 20
197.2754456736261
 30
0.0
 11
514.1657420052536
 21
197.2754456736261
 31
0.0
  0
LINE
  5
2486
330
70
100
AcDbEntity
  8
0
 62
     0
100
AcDbLine
 10
514.1657420052536
 20
197.2754456736261
 30
0.0
 11
514.1657420052536
 21
211.2744456736261
 31
0.0
  0
LINE
  5
2487
330
70
100
AcDbEntity
  8
0
 62
     0
100
AcDbLine
 10
514.1657420052536
 20
211.2744456736261
 30
0.0
 11
500.1662420052537
 21
211.2744456736261
 31
0.0
  0
LINE
  5
2488
330
70
100
AcDbEntity
  8
0
 62
     0
100
AcDbLine
 10
761.3904120052532
 20
211.2744456736261
 30
0.0
 11
768.9593420052526
 21
211.2744456736261
 31
0.0
  0
LINE
  5
2489
330
70
100
AcDbEntity
  8
0
 62
     0
100
AcDbLine
 10
768.9593420052526
 20
211.2744456736261
 30
0.0
 11
768.9593420052526
 21
197.2754456736261
 31
0.0
  0
LINE
  5
248A
330
70
100
AcDbEntity
  8
0
 62
     0
100
AcDbLine
 10
768.9593420052526
 20
197.2754456736261
 30
0.0
 11
761.3904120052532
 21
197.2754456736261
 31
0.0
  0
LINE
  5
248B
330
70
100
AcDbEntity
  8
0
 62
     0
100
AcDbLine
 10
728.7643420052529
 20
211.2744456736261
 30
0.0
 11
729.189772005254
 21
211.2744456736261
 31
0.0
  0
LINE
  5
248C
330
70
100
AcDbEntity
  8
0
 62
     0
100
AcDbLine
 10
729.189772005254
 20
197.2754456736263
 30
0.0
 11
728.7643420052529
 21
197.2754456736261
 31
0.0
  0
LINE
  5
248D
330
70
100
AcDbEntity
  8
0
 62
     0
100
AcDbLine
 10
728.7643420052529
 20
197.2754456736261
 30
0.0
 11
728.7643420052529
 21
211.2744456736261
 31
0.0
  0
LINE
  5
248E
330
70
100
AcDbEntity
  8
0
 62
     0
100
AcDbLine
 10
702.5723420052538
 20
211.2744456736261
 30
0.0
 11
723.7153420052538
 21
211.2744456736261
 31
0.0
  0
LINE
  5
248F
330
70
100
AcDbEntity
  8
0
 62
     0
100
AcDbLine
 10
723.7153420052538
 20
197.2754456736261
 30
0.0
 11
702.5723420052538
 21
197.2754456736261
 31
0.0
  0
LINE
  5
2490
330
70
100
AcDbEntity
  8
0
 62
     0
100
AcDbLine
 10
702.5723420052538
 20
197.2754456736261
 30
0.0
 11
702.5723420052538
 21
211.2744456736261
 31
0.0
  0
LINE
  5
2491
330
70
100
AcDbEntity
  8
0
 62
     0
100
AcDbLine
 10
683.5223420052545
 20
211.2744456736261
 30
0.0
 11
697.5223420052527
 21
211.2744456736261
 31
0.0
  0
LINE
  5
2492
330
70
100
AcDbEntity
  8
0
 62
     0
100
AcDbLine
 10
697.5223420052527
 20
211.2744456736261
 30
0.0
 11
697.5223420052527
 21
197.2754456736261
 31
0.0
  0
LINE
  5
2493
330
70
100
AcDbEntity
  8
0
 62
     0
100
AcDbLine
 10
697.5223420052527
 20
197.2754456736261
 30
0.0
 11
683.5223420052545
 21
197.2754456736261
 31
0.0
  0
LINE
  5
2494
330
70
100
AcDbEntity
  8
0
 62
     0
100
AcDbLine
 10
683.5223420052545
 20
197.2754456736261
 30
0.0
 11
683.5223420052545
 21
211.2744456736261
 31
0.0
  0
LINE
  5
2495
330
70
100
AcDbEntity
  8
0
 62
     0
100
AcDbLine
 10
664.4723420052534
 20
211.2744456736261
 30
0.0
 11
678.4723420052535
 21
211.2744456736261
 31
0.0
  0
LINE
  5
2496
330
70
100
AcDbEntity
  8
0
 62
     0
100
AcDbLine
 10
678.4723420052535
 20
211.2744456736261
 30
0.0
 11
678.4723420052535
 21
197.2754456736261
 31
0.0
  0
LINE
  5
2497
330
70
100
AcDbEntity
  8
0
 62
     0
100
AcDbLine
 10
678.4723420052535
 20
197.2754456736261
 30
0.0
 11
664.4723420052534
 21
197.2754456736261
 31
0.0
  0
LINE
  5
2498
330
70
100
AcDbEntity
  8
0
 62
     0
100
AcDbLine
 10
664.4723420052534
 20
197.2754456736261
 30
0.0
 11
664.4723420052534
 21
211.2744456736261
 31
0.0
  0
LINE
  5
2499
330
70
100
AcDbEntity
  8
0
 62
     0
100
AcDbLine
 10
645.4223420052542
 20
211.2744456736261
 30
0.0
 11
659.4223420052542
 21
211.2744456736261
 31
0.0
  0
LINE
  5
249A
330
70
100
AcDbEntity
  8
0
 62
     0
100
AcDbLine
 10
659.4223420052542
 20
211.2744456736261
 30
0.0
 11
659.4223420052542
 21
197.2754456736261
 31
0.0
  0
LINE
  5
249B
330
70
100
AcDbEntity
  8
0
 62
     0
100
AcDbLine
 10
659.4223420052542
 20
197.2754456736261
 30
0.0
 11
645.4223420052542
 21
197.2754456736261
 31
0.0
  0
LINE
  5
249C
330
70
100
AcDbEntity
  8
0
 62
     0
100
AcDbLine
 10
645.4223420052542
 20
197.2754456736261
 30
0.0
 11
645.4223420052542
 21
211.2744456736261
 31
0.0
  0
LINE
  5
249D
330
70
100
AcDbEntity
  8
0
 62
     0
100
AcDbLine
 10
626.3723420052531
 20
211.2744456736261
 30
0.0
 11
640.3723420052531
 21
211.2744456736261
 31
0.0
  0
LINE
  5
249E
330
70
100
AcDbEntity
  8
0
 62
     0
100
AcDbLine
 10
640.3723420052531
 20
211.2744456736261
 30
0.0
 11
640.3723420052531
 21
197.2754456736261
 31
0.0
  0
LINE
  5
249F
330
70
100
AcDbEntity
  8
0
 62
     0
100
AcDbLine
 10
640.3723420052531
 20
197.2754456736261
 30
0.0
 11
626.3723420052531
 21
197.2754456736261
 31
0.0
  0
LINE
  5
24A0
330
70
100
AcDbEntity
  8
0
 62
     0
100
AcDbLine
 10
626.3723420052531
 20
197.2754456736261
 30
0.0
 11
626.3723420052531
 21
211.2744456736261
 31
0.0
  0
LINE
  5
24A1
330
70
100
AcDbEntity
  8
0
 62
     0
100
AcDbLine
 10
607.3223420052539
 20
211.2744456736261
 30
0.0
 11
621.3223420052538
 21
211.2744456736261
 31
0.0
  0
LINE
  5
24A2
330
70
100
AcDbEntity
  8
0
 62
     0
100
AcDbLine
 10
621.3223420052538
 20
211.2744456736261
 30
0.0
 11
621.3223420052538
 21
197.2754456736261
 31
0.0
  0
LINE
  5
24A3
330
70
100
AcDbEntity
  8
0
 62
     0
100
AcDbLine
 10
621.3223420052538
 20
197.2754456736261
 30
0.0
 11
607.3223420052539
 21
197.2754456736261
 31
0.0
  0
LINE
  5
24A4
330
70
100
AcDbEntity
  8
0
 62
     0
100
AcDbLine
 10
607.3223420052539
 20
197.2754456736261
 30
0.0
 11
607.3223420052539
 21
211.2744456736261
 31
0.0
  0
LINE
  5
24A5
330
70
100
AcDbEntity
  8
0
 62
     0
100
AcDbLine
 10
588.2723420052527
 20
211.2744456736261
 30
0.0
 11
602.2723420052527
 21
211.2744456736261
 31
0.0
  0
LINE
  5
24A6
330
70
100
AcDbEntity
  8
0
 62
     0
100
AcDbLine
 10
602.2723420052527
 20
211.2744456736261
 30
0.0
 11
602.2723420052527
 21
197.2754456736261
 31
0.0
  0
LINE
  5
24A7
330
70
100
AcDbEntity
  8
0
 62
     0
100
AcDbLine
 10
602.2723420052527
 20
197.2754456736261
 30
0.0
 11
588.2723420052527
 21
197.2754456736261
 31
0.0
  0
LINE
  5
24A8
330
70
100
AcDbEntity
  8
0
 62
     0
100
AcDbLine
 10
588.2723420052527
 20
197.2754456736261
 30
0.0
 11
588.2723420052527
 21
211.2744456736261
 31
0.0
  0
LINE
  5
24A9
330
70
100
AcDbEntity
  8
0
 62
     0
100
AcDbLine
 10
569.2225420052539
 20
211.2744456736261
 30
0.0
 11
583.2218420052534
 21
211.2744456736261
 31
0.0
  0
LINE
  5
24AA
330
70
100
AcDbEntity
  8
0
 62
     0
100
AcDbLine
 10
583.2218420052534
 20
211.2744456736261
 30
0.0
 11
583.2218420052534
 21
197.2754456736261
 31
0.0
  0
LINE
  5
24AB
330
70
100
AcDbEntity
  8
0
 62
     0
100
AcDbLine
 10
583.2218420052534
 20
197.2754456736261
 30
0.0
 11
569.2225420052539
 21
197.2754456736261
 31
0.0
  0
LINE
  5
24AC
330
70
100
AcDbEntity
  8
0
 62
     0
100
AcDbLine
 10
569.2225420052539
 20
197.2754456736261
 30
0.0
 11
569.2225420052539
 21
211.2744456736261
 31
0.0
  0
LINE
  5
24AD
330
70
100
AcDbEntity
  8
0
 62
     0
100
AcDbLine
 10
550.1725420052528
 20
211.2744456736261
 30
0.0
 11
564.1718420052541
 21
211.2744456736261
 31
0.0
  0
LINE
  5
24AE
330
70
100
AcDbEntity
  8
0
 62
     0
100
AcDbLine
 10
564.1718420052541
 20
211.2744456736261
 30
0.0
 11
564.1718420052541
 21
197.2754456736261
 31
0.0
  0
LINE
  5
24AF
330
70
100
AcDbEntity
  8
0
 62
     0
100
AcDbLine
 10
564.1718420052541
 20
197.2754456736261
 30
0.0
 11
550.1725420052528
 21
197.2754456736261
 31
0.0
  0
LINE
  5
24B0
330
70
100
AcDbEntity
  8
0
 62
     0
100
AcDbLine
 10
550.1725420052528
 20
197.2754456736261
 30
0.0
 11
550.1725420052528
 21
211.2744456736261
 31
0.0
  0
LINE
  5
24B1
330
70
100
AcDbEntity
  8
0
 62
     0
100
AcDbLine
 10
531.1225420052535
 20
211.2744456736261
 30
0.0
 11
545.121842005253
 21
211.2744456736261
 31
0.0
  0
LINE
  5
24B2
330
70
100
AcDbEntity
  8
0
 62
     0
100
AcDbLine
 10
545.121842005253
 20
211.2744456736261
 30
0.0
 11
545.121842005253
 21
197.2754456736261
 31
0.0
  0
LINE
  5
24B3
330
70
100
AcDbEntity
  8
0
 62
     0
100
AcDbLine
 10
545.121842005253
 20
197.2754456736261
 30
0.0
 11
531.1225420052535
 21
197.2754456736261
 31
0.0
  0
LINE
  5
24B4
330
70
100
AcDbEntity
  8
0
 62
     0
100
AcDbLine
 10
531.1225420052535
 20
197.2754456736261
 30
0.0
 11
531.1225420052535
 21
211.2744456736261
 31
0.0
  0
LINE
  5
24B5
330
70
100
AcDbEntity
  8
0
 62
     0
100
AcDbLine
 10
723.7153420052538
 20
211.2744456736261
 30
0.0
 11
723.7153420052538
 21
197.2754456736261
 31
0.0
  0
LINE
  5
24B6
330
70
100
AcDbEntity
  8
0
 62
     0
100
AcDbLine
 10
712.0973420052535
 20
230.3244456736262
 30
0.0
 11
726.0973420052534
 21
230.3244456736262
 31
0.0
  0
LINE
  5
24B7
330
70
100
AcDbEntity
  8
0
 62
     0
100
AcDbLine
 10
726.0973420052534
 20
230.3244456736262
 30
0.0
 11
726.0973420052534
 21
216.3254456736262
 31
0.0
  0
LINE
  5
24B8
330
70
100
AcDbEntity
  8
0
 62
     0
100
AcDbLine
 10
726.0973420052534
 20
216.3254456736262
 30
0.0
 11
712.0973420052535
 21
216.3254456736262
 31
0.0
  0
LINE
  5
24B9
330
70
100
AcDbEntity
  8
0
 62
     0
100
AcDbLine
 10
712.0973420052535
 20
216.3254456736262
 30
0.0
 11
712.0973420052535
 21
230.3244456736262
 31
0.0
  0
LINE
  5
24BA
330
70
100
AcDbEntity
  8
0
 62
     0
100
AcDbLine
 10
693.0473420052542
 20
230.3244456736262
 30
0.0
 11
707.0473420052542
 21
230.3244456736262
 31
0.0
  0
LINE
  5
24BB
330
70
100
AcDbEntity
  8
0
 62
     0
100
AcDbLine
 10
707.0473420052542
 20
230.3244456736262
 30
0.0
 11
707.0473420052542
 21
216.3254456736262
 31
0.0
  0
LINE
  5
24BC
330
70
100
AcDbEntity
  8
0
 62
     0
100
AcDbLine
 10
707.0473420052542
 20
216.3254456736262
 30
0.0
 11
693.0473420052542
 21
216.3254456736262
 31
0.0
  0
LINE
  5
24BD
330
70
100
AcDbEntity
  8
0
 62
     0
100
AcDbLine
 10
693.0473420052542
 20
216.3254456736262
 30
0.0
 11
693.0473420052542
 21
230.3244456736262
 31
0.0
  0
LINE
  5
24BE
330
70
100
AcDbEntity
  8
0
 62
     0
100
AcDbLine
 10
673.9973420052531
 20
230.3244456736262
 30
0.0
 11
687.9973420052531
 21
230.3244456736262
 31
0.0
  0
LINE
  5
24BF
330
70
100
AcDbEntity
  8
0
 62
     0
100
AcDbLine
 10
687.9973420052531
 20
230.3244456736262
 30
0.0
 11
687.9973420052531
 21
216.3254456736262
 31
0.0
  0
LINE
  5
24C0
330
70
100
AcDbEntity
  8
0
 62
     0
100
AcDbLine
 10
687.9973420052531
 20
216.3254456736262
 30
0.0
 11
673.9973420052531
 21
216.3254456736262
 31
0.0
  0
LINE
  5
24C1
330
70
100
AcDbEntity
  8
0
 62
     0
100
AcDbLine
 10
673.9973420052531
 20
216.3254456736262
 30
0.0
 11
673.9973420052531
 21
230.3244456736262
 31
0.0
  0
LINE
  5
24C2
330
70
100
AcDbEntity
  8
0
 62
     0
100
AcDbLine
 10
654.9473420052538
 20
230.3244456736262
 30
0.0
 11
668.9473420052538
 21
230.3244456736262
 31
0.0
  0
LINE
  5
24C3
330
70
100
AcDbEntity
  8
0
 62
     0
100
AcDbLine
 10
668.9473420052538
 20
230.3244456736262
 30
0.0
 11
668.9473420052538
 21
216.3254456736262
 31
0.0
  0
LINE
  5
24C4
330
70
100
AcDbEntity
  8
0
 62
     0
100
AcDbLine
 10
668.9473420052538
 20
216.3254456736262
 30
0.0
 11
654.9473420052538
 21
216.3254456736262
 31
0.0
  0
LINE
  5
24C5
330
70
100
AcDbEntity
  8
0
 62
     0
100
AcDbLine
 10
654.9473420052538
 20
216.3254456736262
 30
0.0
 11
654.9473420052538
 21
230.3244456736262
 31
0.0
  0
LINE
  5
24C6
330
70
100
AcDbEntity
  8
0
 62
     0
100
AcDbLine
 10
635.8973420052527
 20
230.3244456736262
 30
0.0
 11
649.8973420052528
 21
230.3244456736262
 31
0.0
  0
LINE
  5
24C7
330
70
100
AcDbEntity
  8
0
 62
     0
100
AcDbLine
 10
649.8973420052528
 20
230.3244456736262
 30
0.0
 11
649.8973420052528
 21
216.3254456736262
 31
0.0
  0
LINE
  5
24C8
330
70
100
AcDbEntity
  8
0
 62
     0
100
AcDbLine
 10
649.8973420052528
 20
216.3254456736262
 30
0.0
 11
635.8973420052527
 21
216.3254456736262
 31
0.0
  0
LINE
  5
24C9
330
70
100
AcDbEntity
  8
0
 62
     0
100
AcDbLine
 10
635.8973420052527
 20
216.3254456736262
 30
0.0
 11
635.8973420052527
 21
230.3244456736262
 31
0.0
  0
LINE
  5
24CA
330
70
100
AcDbEntity
  8
0
 62
     0
100
AcDbLine
 10
616.8473420052535
 20
230.3244456736262
 30
0.0
 11
630.8473420052535
 21
230.3244456736262
 31
0.0
  0
LINE
  5
24CB
330
70
100
AcDbEntity
  8
0
 62
     0
100
AcDbLine
 10
630.8473420052535
 20
230.3244456736262
 30
0.0
 11
630.8473420052535
 21
216.3254456736262
 31
0.0
  0
LINE
  5
24CC
330
70
100
AcDbEntity
  8
0
 62
     0
100
AcDbLine
 10
630.8473420052535
 20
216.3254456736262
 30
0.0
 11
616.8473420052535
 21
216.3254456736262
 31
0.0
  0
LINE
  5
24CD
330
70
100
AcDbEntity
  8
0
 62
     0
100
AcDbLine
 10
616.8473420052535
 20
216.3254456736262
 30
0.0
 11
616.8473420052535
 21
230.3244456736262
 31
0.0
  0
LINE
  5
24CE
330
70
100
AcDbEntity
  8
0
 62
     0
100
AcDbLine
 10
597.7973420052542
 20
230.3244456736262
 30
0.0
 11
611.7973420052542
 21
230.3244456736262
 31
0.0
  0
LINE
  5
24CF
330
70
100
AcDbEntity
  8
0
 62
     0
100
AcDbLine
 10
611.7973420052542
 20
230.3244456736262
 30
0.0
 11
611.7973420052542
 21
216.3254456736262
 31
0.0
  0
LINE
  5
24D0
330
70
100
AcDbEntity
  8
0
 62
     0
100
AcDbLine
 10
611.7973420052542
 20
216.3254456736262
 30
0.0
 11
597.7973420052542
 21
216.3254456736262
 31
0.0
  0
LINE
  5
24D1
330
70
100
AcDbEntity
  8
0
 62
     0
100
AcDbLine
 10
597.7973420052542
 20
216.3254456736262
 30
0.0
 11
597.7973420052542
 21
230.3244456736262
 31
0.0
  0
LINE
  5
24D2
330
70
100
AcDbEntity
  8
0
 62
     0
100
AcDbLine
 10
578.7475420052535
 20
230.3244456736262
 30
0.0
 11
592.7473420052531
 21
230.3244456736262
 31
0.0
  0
LINE
  5
24D3
330
70
100
AcDbEntity
  8
0
 62
     0
100
AcDbLine
 10
592.7473420052531
 20
230.3244456736262
 30
0.0
 11
592.7473420052531
 21
216.3254456736262
 31
0.0
  0
LINE
  5
24D4
330
70
100
AcDbEntity
  8
0
 62
     0
100
AcDbLine
 10
592.7473420052531
 20
216.3254456736262
 30
0.0
 11
578.7475420052535
 21
216.3254456736262
 31
0.0
  0
LINE
  5
24D5
330
70
100
AcDbEntity
  8
0
 62
     0
100
AcDbLine
 10
578.7475420052535
 20
216.3254456736262
 30
0.0
 11
578.7475420052535
 21
230.3244456736262
 31
0.0
  0
LINE
  5
24D6
330
70
100
AcDbEntity
  8
0
 62
     0
100
AcDbLine
 10
559.6975420052542
 20
230.3244456736262
 30
0.0
 11
573.6968420052537
 21
230.3244456736262
 31
0.0
  0
LINE
  5
24D7
330
70
100
AcDbEntity
  8
0
 62
     0
100
AcDbLine
 10
573.6968420052537
 20
230.3244456736262
 30
0.0
 11
573.6968420052537
 21
216.3254456736262
 31
0.0
  0
LINE
  5
24D8
330
70
100
AcDbEntity
  8
0
 62
     0
100
AcDbLine
 10
573.6968420052537
 20
216.3254456736262
 30
0.0
 11
559.6975420052542
 21
216.3254456736262
 31
0.0
  0
LINE
  5
24D9
330
70
100
AcDbEntity
  8
0
 62
     0
100
AcDbLine
 10
559.6975420052542
 20
216.3254456736262
 30
0.0
 11
559.6975420052542
 21
230.3244456736262
 31
0.0
  0
LINE
  5
24DA
330
70
100
AcDbEntity
  8
0
 62
     0
100
AcDbLine
 10
540.6475420052531
 20
230.3244456736262
 30
0.0
 11
554.6468420052526
 21
230.3244456736262
 31
0.0
  0
LINE
  5
24DB
330
70
100
AcDbEntity
  8
0
 62
     0
100
AcDbLine
 10
554.6468420052526
 20
230.3244456736262
 30
0.0
 11
554.6468420052526
 21
216.3254456736262
 31
0.0
  0
LINE
  5
24DC
330
70
100
AcDbEntity
  8
0
 62
     0
100
AcDbLine
 10
554.6468420052526
 20
216.3254456736262
 30
0.0
 11
540.6475420052531
 21
216.3254456736262
 31
0.0
  0
LINE
  5
24DD
330
70
100
AcDbEntity
  8
0
 62
     0
100
AcDbLine
 10
540.6475420052531
 20
216.3254456736262
 30
0.0
 11
540.6475420052531
 21
230.3244456736262
 31
0.0
  0
LINE
  5
24DE
330
70
100
AcDbEntity
  8
0
 62
     0
100
AcDbLine
 10
521.5975420052538
 20
230.3244456736262
 30
0.0
 11
535.5968420052533
 21
230.3244456736262
 31
0.0
  0
LINE
  5
24DF
330
70
100
AcDbEntity
  8
0
 62
     0
100
AcDbLine
 10
535.5968420052533
 20
230.3244456736262
 30
0.0
 11
535.5968420052533
 21
216.3254456736262
 31
0.0
  0
LINE
  5
24E0
330
70
100
AcDbEntity
  8
0
 62
     0
100
AcDbLine
 10
535.5968420052533
 20
216.3254456736262
 30
0.0
 11
521.5975420052538
 21
216.3254456736262
 31
0.0
  0
LINE
  5
24E1
330
70
100
AcDbEntity
  8
0
 62
     0
100
AcDbLine
 10
521.5975420052538
 20
216.3254456736262
 30
0.0
 11
521.5975420052538
 21
230.3244456736262
 31
0.0
  0
LINE
  5
24E2
330
70
100
AcDbEntity
  8
0
 62
     0
100
AcDbLine
 10
495.402372005253
 20
230.3244456736262
 30
0.0
 11
509.4032420052529
 21
230.3244456736262
 31
0.0
  0
LINE
  5
24E3
330
70
100
AcDbEntity
  8
0
 62
     0
100
AcDbLine
 10
509.4032420052529
 20
230.3244456736262
 30
0.0
 11
509.4032420052529
 21
216.3254456736262
 31
0.0
  0
LINE
  5
24E4
330
70
100
AcDbEntity
  8
0
 62
     0
100
AcDbLine
 10
509.4032420052529
 20
216.3254456736262
 30
0.0
 11
495.402372005253
 21
216.3254456736262
 31
0.0
  0
LINE
  5
24E5
330
70
100
AcDbEntity
  8
0
 62
     0
100
AcDbLine
 10
495.402372005253
 20
216.3254456736262
 30
0.0
 11
495.402372005253
 21
230.3244456736262
 31
0.0
  0
LINE
  5
24E6
330
70
100
AcDbEntity
  8
0
 62
     0
100
AcDbLine
 10
726.3853420052539
 20
249.3744456736262
 30
0.0
 11
740.3843420052537
 21
249.3744456736262
 31
0.0
  0
LINE
  5
24E7
330
70
100
AcDbEntity
  8
0
 62
     0
100
AcDbLine
 10
740.3843420052537
 20
249.3744456736262
 30
0.0
 11
740.3843420052537
 21
235.3754456736262
 31
0.0
  0
LINE
  5
24E8
330
70
100
AcDbEntity
  8
0
 62
     0
100
AcDbLine
 10
740.3843420052537
 20
235.3754456736262
 30
0.0
 11
726.3853420052539
 21
235.3754456736262
 31
0.0
  0
LINE
  5
24E9
330
70
100
AcDbEntity
  8
0
 62
     0
100
AcDbLine
 10
726.3853420052539
 20
235.3754456736262
 30
0.0
 11
726.3853420052539
 21
249.3744456736262
 31
0.0
  0
LINE
  5
24EA
330
70
100
AcDbEntity
  8
0
 62
     0
100
AcDbLine
 10
707.3353420052528
 20
249.3744456736262
 30
0.0
 11
721.3343420052527
 21
249.3744456736262
 31
0.0
  0
LINE
  5
24EB
330
70
100
AcDbEntity
  8
0
 62
     0
100
AcDbLine
 10
721.3343420052527
 20
249.3744456736262
 30
0.0
 11
721.3343420052527
 21
235.3754456736262
 31
0.0
  0
LINE
  5
24EC
330
70
100
AcDbEntity
  8
0
 62
     0
100
AcDbLine
 10
721.3343420052527
 20
235.3754456736262
 30
0.0
 11
707.3353420052528
 21
235.3754456736262
 31
0.0
  0
LINE
  5
24ED
330
70
100
AcDbEntity
  8
0
 62
     0
100
AcDbLine
 10
707.3353420052528
 20
235.3754456736262
 30
0.0
 11
707.3353420052528
 21
249.3744456736262
 31
0.0
  0
LINE
  5
24EE
330
70
100
AcDbEntity
  8
0
 62
     0
100
AcDbLine
 10
688.2853420052535
 20
249.3744456736262
 30
0.0
 11
702.2843420052534
 21
249.3744456736262
 31
0.0
  0
LINE
  5
24EF
330
70
100
AcDbEntity
  8
0
 62
     0
100
AcDbLine
 10
702.2843420052534
 20
249.3744456736262
 30
0.0
 11
702.2843420052534
 21
235.3754456736262
 31
0.0
  0
LINE
  5
24F0
330
70
100
AcDbEntity
  8
0
 62
     0
100
AcDbLine
 10
702.2843420052534
 20
235.3754456736262
 30
0.0
 11
688.2853420052535
 21
235.3754456736262
 31
0.0
  0
LINE
  5
24F1
330
70
100
AcDbEntity
  8
0
 62
     0
100
AcDbLine
 10
688.2853420052535
 20
235.3754456736262
 30
0.0
 11
688.2853420052535
 21
249.3744456736262
 31
0.0
  0
LINE
  5
24F2
330
70
100
AcDbEntity
  8
0
 62
     0
100
AcDbLine
 10
669.2353420052543
 20
249.3744456736262
 30
0.0
 11
683.2343420052541
 21
249.3744456736262
 31
0.0
  0
LINE
  5
24F3
330
70
100
AcDbEntity
  8
0
 62
     0
100
AcDbLine
 10
683.2343420052541
 20
249.3744456736262
 30
0.0
 11
683.2343420052541
 21
235.3754456736262
 31
0.0
  0
LINE
  5
24F4
330
70
100
AcDbEntity
  8
0
 62
     0
100
AcDbLine
 10
683.2343420052541
 20
235.3754456736262
 30
0.0
 11
669.2353420052543
 21
235.3754456736262
 31
0.0
  0
LINE
  5
24F5
330
70
100
AcDbEntity
  8
0
 62
     0
100
AcDbLine
 10
669.2353420052543
 20
235.3754456736262
 30
0.0
 11
669.2353420052543
 21
249.3744456736262
 31
0.0
  0
LINE
  5
24F6
330
70
100
AcDbEntity
  8
0
 62
     0
100
AcDbLine
 10
650.1853420052532
 20
249.3744456736262
 30
0.0
 11
664.184342005253
 21
249.3744456736262
 31
0.0
  0
LINE
  5
24F7
330
70
100
AcDbEntity
  8
0
 62
     0
100
AcDbLine
 10
664.184342005253
 20
249.3744456736262
 30
0.0
 11
664.184342005253
 21
235.3754456736262
 31
0.0
  0
LINE
  5
24F8
330
70
100
AcDbEntity
  8
0
 62
     0
100
AcDbLine
 10
664.184342005253
 20
235.3754456736262
 30
0.0
 11
650.1853420052532
 21
235.3754456736262
 31
0.0
  0
LINE
  5
24F9
330
70
100
AcDbEntity
  8
0
 62
     0
100
AcDbLine
 10
650.1853420052532
 20
235.3754456736262
 30
0.0
 11
650.1853420052532
 21
249.3744456736262
 31
0.0
  0
LINE
  5
24FA
330
70
100
AcDbEntity
  8
0
 62
     0
100
AcDbLine
 10
631.1353420052539
 20
249.3744456736262
 30
0.0
 11
645.1343420052538
 21
249.3744456736262
 31
0.0
  0
LINE
  5
24FB
330
70
100
AcDbEntity
  8
0
 62
     0
100
AcDbLine
 10
645.1343420052538
 20
249.3744456736262
 30
0.0
 11
645.1343420052538
 21
235.3754456736262
 31
0.0
  0
LINE
  5
24FC
330
70
100
AcDbEntity
  8
0
 62
     0
100
AcDbLine
 10
645.1343420052538
 20
235.3754456736262
 30
0.0
 11
631.1353420052539
 21
235.3754456736262
 31
0.0
  0
LINE
  5
24FD
330
70
100
AcDbEntity
  8
0
 62
     0
100
AcDbLine
 10
631.1353420052539
 20
235.3754456736262
 30
0.0
 11
631.1353420052539
 21
249.3744456736262
 31
0.0
  0
LINE
  5
24FE
330
70
100
AcDbEntity
  8
0
 62
     0
100
AcDbLine
 10
612.0853420052529
 20
249.3744456736262
 30
0.0
 11
626.0843420052526
 21
249.3744456736262
 31
0.0
  0
LINE
  5
24FF
330
70
100
AcDbEntity
  8
0
 62
     0
100
AcDbLine
 10
626.0843420052526
 20
249.3744456736262
 30
0.0
 11
626.0843420052526
 21
235.3754456736262
 31
0.0
  0
LINE
  5
2500
330
70
100
AcDbEntity
  8
0
 62
     0
100
AcDbLine
 10
626.0843420052526
 20
235.3754456736262
 30
0.0
 11
612.0853420052529
 21
235.3754456736262
 31
0.0
  0
LINE
  5
2501
330
70
100
AcDbEntity
  8
0
 62
     0
100
AcDbLine
 10
612.0853420052529
 20
235.3754456736262
 30
0.0
 11
612.0853420052529
 21
249.3744456736262
 31
0.0
  0
LINE
  5
2502
330
70
100
AcDbEntity
  8
0
 62
     0
100
AcDbLine
 10
593.0353420052536
 20
249.3744456736262
 30
0.0
 11
607.0343420052534
 21
249.3744456736262
 31
0.0
  0
LINE
  5
2503
330
70
100
AcDbEntity
  8
0
 62
     0
100
AcDbLine
 10
607.0343420052534
 20
249.3744456736262
 30
0.0
 11
607.0343420052534
 21
235.3754456736262
 31
0.0
  0
LINE
  5
2504
330
70
100
AcDbEntity
  8
0
 62
     0
100
AcDbLine
 10
607.0343420052534
 20
235.3754456736262
 30
0.0
 11
593.0353420052536
 21
235.3754456736262
 31
0.0
  0
LINE
  5
2505
330
70
100
AcDbEntity
  8
0
 62
     0
100
AcDbLine
 10
593.0353420052536
 20
235.3754456736262
 30
0.0
 11
593.0353420052536
 21
249.3744456736262
 31
0.0
  0
LINE
  5
2506
330
70
100
AcDbEntity
  8
0
 62
     0
100
AcDbLine
 10
573.9850420052528
 20
249.3744456736262
 30
0.0
 11
587.9843420052541
 21
249.3744456736262
 31
0.0
  0
LINE
  5
2507
330
70
100
AcDbEntity
  8
0
 62
     0
100
AcDbLine
 10
587.9843420052541
 20
249.3744456736262
 30
0.0
 11
587.9843420052541
 21
235.3754456736262
 31
0.0
  0
LINE
  5
2508
330
70
100
AcDbEntity
  8
0
 62
     0
100
AcDbLine
 10
587.9843420052541
 20
235.3754456736262
 30
0.0
 11
573.9850420052528
 21
235.3754456736262
 31
0.0
  0
LINE
  5
2509
330
70
100
AcDbEntity
  8
0
 62
     0
100
AcDbLine
 10
573.9850420052528
 20
235.3754456736262
 30
0.0
 11
573.9850420052528
 21
249.3744456736262
 31
0.0
  0
LINE
  5
250A
330
70
100
AcDbEntity
  8
0
 62
     0
100
AcDbLine
 10
554.9350420052535
 20
249.3744456736262
 30
0.0
 11
568.934342005253
 21
249.3744456736262
 31
0.0
  0
LINE
  5
250B
330
70
100
AcDbEntity
  8
0
 62
     0
100
AcDbLine
 10
568.934342005253
 20
249.3744456736262
 30
0.0
 11
568.934342005253
 21
235.3754456736262
 31
0.0
  0
LINE
  5
250C
330
70
100
AcDbEntity
  8
0
 62
     0
100
AcDbLine
 10
568.934342005253
 20
235.3754456736262
 30
0.0
 11
554.9350420052535
 21
235.3754456736262
 31
0.0
  0
LINE
  5
250D
330
70
100
AcDbEntity
  8
0
 62
     0
100
AcDbLine
 10
554.9350420052535
 20
235.3754456736262
 30
0.0
 11
554.9350420052535
 21
249.3744456736262
 31
0.0
  0
LINE
  5
250E
330
70
100
AcDbEntity
  8
0
 62
     0
100
AcDbLine
 10
535.8850420052542
 20
249.3744456736262
 30
0.0
 11
549.8843420052537
 21
249.3744456736262
 31
0.0
  0
LINE
  5
250F
330
70
100
AcDbEntity
  8
0
 62
     0
100
AcDbLine
 10
549.8843420052537
 20
249.3744456736262
 30
0.0
 11
549.8843420052537
 21
235.3754456736262
 31
0.0
  0
LINE
  5
2510
330
70
100
AcDbEntity
  8
0
 62
     0
100
AcDbLine
 10
549.8843420052537
 20
235.3754456736262
 30
0.0
 11
535.8850420052542
 21
235.3754456736262
 31
0.0
  0
LINE
  5
2511
330
70
100
AcDbEntity
  8
0
 62
     0
100
AcDbLine
 10
535.8850420052542
 20
235.3754456736262
 30
0.0
 11
535.8850420052542
 21
249.3744456736262
 31
0.0
  0
LINE
  5
2512
330
70
100
AcDbEntity
  8
0
 62
     0
100
AcDbLine
 10
516.8350420052531
 20
249.3744456736262
 30
0.0
 11
530.8343420052526
 21
249.3744456736262
 31
0.0
  0
LINE
  5
2513
330
70
100
AcDbEntity
  8
0
 62
     0
100
AcDbLine
 10
530.8343420052526
 20
249.3744456736262
 30
0.0
 11
530.8343420052526
 21
235.3754456736262
 31
0.0
  0
LINE
  5
2514
330
70
100
AcDbEntity
  8
0
 62
     0
100
AcDbLine
 10
530.8343420052526
 20
235.3754456736262
 30
0.0
 11
516.8350420052531
 21
235.3754456736262
 31
0.0
  0
LINE
  5
2515
330
70
100
AcDbEntity
  8
0
 62
     0
100
AcDbLine
 10
516.8350420052531
 20
235.3754456736262
 30
0.0
 11
516.8350420052531
 21
249.3744456736262
 31
0.0
  0
LINE
  5
2516
330
70
100
AcDbEntity
  8
0
 62
     0
100
AcDbLine
 10
493.0225020052541
 20
249.3744456736262
 30
0.0
 11
507.022042005253
 21
249.3744456736262
 31
0.0
  0
LINE
  5
2517
330
70
100
AcDbEntity
  8
0
 62
     0
100
AcDbLine
 10
507.022042005253
 20
249.3744456736262
 30
0.0
 11
507.022042005253
 21
235.3754456736262
 31
0.0
  0
LINE
  5
2518
330
70
100
AcDbEntity
  8
0
 62
     0
100
AcDbLine
 10
507.022042005253
 20
235.3754456736262
 30
0.0
 11
493.0225020052541
 21
235.3754456736262
 31
0.0
  0
LINE
  5
2519
330
70
100
AcDbEntity
  8
0
 62
     0
100
AcDbLine
 10
493.0225020052541
 20
235.3754456736262
 30
0.0
 11
493.0225020052541
 21
249.3744456736262
 31
0.0
  0
LINE
  5
251A
330
70
100
AcDbEntity
  8
0
 62
     0
100
AcDbLine
 10
716.8603420052543
 20
268.4244456736262
 30
0.0
 11
730.8593420052541
 21
268.4244456736262
 31
0.0
  0
LINE
  5
251B
330
70
100
AcDbEntity
  8
0
 62
     0
100
AcDbLine
 10
730.8593420052541
 20
268.4244456736262
 30
0.0
 11
730.8593420052541
 21
254.4254456736262
 31
0.0
  0
LINE
  5
251C
330
70
100
AcDbEntity
  8
0
 62
     0
100
AcDbLine
 10
730.8593420052541
 20
254.4254456736262
 30
0.0
 11
716.8603420052543
 21
254.4254456736262
 31
0.0
  0
LINE
  5
251D
330
70
100
AcDbEntity
  8
0
 62
     0
100
AcDbLine
 10
716.8603420052543
 20
254.4254456736262
 30
0.0
 11
716.8603420052543
 21
268.4244456736262
 31
0.0
  0
LINE
  5
251E
330
70
100
AcDbEntity
  8
0
 62
     0
100
AcDbLine
 10
697.8103420052532
 20
268.4244456736262
 30
0.0
 11
711.809342005253
 21
268.4244456736262
 31
0.0
  0
LINE
  5
251F
330
70
100
AcDbEntity
  8
0
 62
     0
100
AcDbLine
 10
711.809342005253
 20
268.4244456736262
 30
0.0
 11
711.809342005253
 21
254.4254456736262
 31
0.0
  0
LINE
  5
2520
330
70
100
AcDbEntity
  8
0
 62
     0
100
AcDbLine
 10
711.809342005253
 20
254.4254456736262
 30
0.0
 11
697.8103420052532
 21
254.4254456736262
 31
0.0
  0
LINE
  5
2521
330
70
100
AcDbEntity
  8
0
 62
     0
100
AcDbLine
 10
697.8103420052532
 20
254.4254456736262
 30
0.0
 11
697.8103420052532
 21
268.4244456736262
 31
0.0
  0
LINE
  5
2522
330
70
100
AcDbEntity
  8
0
 62
     0
100
AcDbLine
 10
678.760342005254
 20
268.4244456736262
 30
0.0
 11
692.7593420052537
 21
268.4244456736262
 31
0.0
  0
LINE
  5
2523
330
70
100
AcDbEntity
  8
0
 62
     0
100
AcDbLine
 10
692.7593420052537
 20
268.4244456736262
 30
0.0
 11
692.7593420052537
 21
254.4254456736262
 31
0.0
  0
LINE
  5
2524
330
70
100
AcDbEntity
  8
0
 62
     0
100
AcDbLine
 10
692.7593420052537
 20
254.4254456736262
 30
0.0
 11
678.760342005254
 21
254.4254456736262
 31
0.0
  0
LINE
  5
2525
330
70
100
AcDbEntity
  8
0
 62
     0
100
AcDbLine
 10
678.760342005254
 20
254.4254456736262
 30
0.0
 11
678.760342005254
 21
268.4244456736262
 31
0.0
  0
LINE
  5
2526
330
70
100
AcDbEntity
  8
0
 62
     0
100
AcDbLine
 10
659.7103420052528
 20
268.4244456736262
 30
0.0
 11
673.7093420052526
 21
268.4244456736262
 31
0.0
  0
LINE
  5
2527
330
70
100
AcDbEntity
  8
0
 62
     0
100
AcDbLine
 10
673.7093420052526
 20
268.4244456736262
 30
0.0
 11
673.7093420052526
 21
254.4254456736262
 31
0.0
  0
LINE
  5
2528
330
70
100
AcDbEntity
  8
0
 62
     0
100
AcDbLine
 10
673.7093420052526
 20
254.4254456736262
 30
0.0
 11
659.7103420052528
 21
254.4254456736262
 31
0.0
  0
LINE
  5
2529
330
70
100
AcDbEntity
  8
0
 62
     0
100
AcDbLine
 10
659.7103420052528
 20
254.4254456736262
 30
0.0
 11
659.7103420052528
 21
268.4244456736262
 31
0.0
  0
LINE
  5
252A
330
70
100
AcDbEntity
  8
0
 62
     0
100
AcDbLine
 10
640.6603420052536
 20
268.4244456736262
 30
0.0
 11
654.6593420052533
 21
268.4244456736262
 31
0.0
  0
LINE
  5
252B
330
70
100
AcDbEntity
  8
0
 62
     0
100
AcDbLine
 10
654.6593420052533
 20
268.4244456736262
 30
0.0
 11
654.6593420052533
 21
254.4254456736262
 31
0.0
  0
LINE
  5
252C
330
70
100
AcDbEntity
  8
0
 62
     0
100
AcDbLine
 10
654.6593420052533
 20
254.4254456736262
 30
0.0
 11
640.6603420052536
 21
254.4254456736262
 31
0.0
  0
LINE
  5
252D
330
70
100
AcDbEntity
  8
0
 62
     0
100
AcDbLine
 10
640.6603420052536
 20
254.4254456736262
 30
0.0
 11
640.6603420052536
 21
268.4244456736262
 31
0.0
  0
LINE
  5
252E
330
70
100
AcDbEntity
  8
0
 62
     0
100
AcDbLine
 10
621.6103420052543
 20
268.4244456736262
 30
0.0
 11
635.6093420052541
 21
268.4244456736262
 31
0.0
  0
LINE
  5
252F
330
70
100
AcDbEntity
  8
0
 62
     0
100
AcDbLine
 10
635.6093420052541
 20
268.4244456736262
 30
0.0
 11
635.6093420052541
 21
254.4254456736262
 31
0.0
  0
LINE
  5
2530
330
70
100
AcDbEntity
  8
0
 62
     0
100
AcDbLine
 10
635.6093420052541
 20
254.4254456736262
 30
0.0
 11
621.6103420052543
 21
254.4254456736262
 31
0.0
  0
LINE
  5
2531
330
70
100
AcDbEntity
  8
0
 62
     0
100
AcDbLine
 10
621.6103420052543
 20
254.4254456736262
 30
0.0
 11
621.6103420052543
 21
268.4244456736262
 31
0.0
  0
LINE
  5
2532
330
70
100
AcDbEntity
  8
0
 62
     0
100
AcDbLine
 10
602.5583420052528
 20
268.4244456736262
 30
0.0
 11
616.559342005253
 21
268.4244456736262
 31
0.0
  0
LINE
  5
2533
330
70
100
AcDbEntity
  8
0
 62
     0
100
AcDbLine
 10
616.559342005253
 20
268.4244456736262
 30
0.0
 11
616.559342005253
 21
254.4254456736262
 31
0.0
  0
LINE
  5
2534
330
70
100
AcDbEntity
  8
0
 62
     0
100
AcDbLine
 10
616.559342005253
 20
254.4254456736262
 30
0.0
 11
602.5583420052528
 21
254.4254456736262
 31
0.0
  0
LINE
  5
2535
330
70
100
AcDbEntity
  8
0
 62
     0
100
AcDbLine
 10
602.5583420052528
 20
254.4254456736262
 30
0.0
 11
602.5583420052528
 21
268.4244456736262
 31
0.0
  0
LINE
  5
2536
330
70
100
AcDbEntity
  8
0
 62
     0
100
AcDbLine
 10
583.5086420052532
 20
268.4244456736262
 30
0.0
 11
597.5093420052537
 21
268.4244456736262
 31
0.0
  0
LINE
  5
2537
330
70
100
AcDbEntity
  8
0
 62
     0
100
AcDbLine
 10
597.5093420052537
 20
268.4244456736262
 30
0.0
 11
597.5093420052537
 21
254.4254456736262
 31
0.0
  0
LINE
  5
2538
330
70
100
AcDbEntity
  8
0
 62
     0
100
AcDbLine
 10
597.5093420052537
 20
254.4254456736262
 30
0.0
 11
583.5086420052532
 21
254.4254456736262
 31
0.0
  0
LINE
  5
2539
330
70
100
AcDbEntity
  8
0
 62
     0
100
AcDbLine
 10
583.5086420052532
 20
254.4254456736262
 30
0.0
 11
583.5086420052532
 21
268.4244456736262
 31
0.0
  0
LINE
  5
253A
330
70
100
AcDbEntity
  8
0
 62
     0
100
AcDbLine
 10
564.4600420052531
 20
268.4244456736262
 30
0.0
 11
578.4593420052527
 21
268.4244456736262
 31
0.0
  0
LINE
  5
253B
330
70
100
AcDbEntity
  8
0
 62
     0
100
AcDbLine
 10
578.4593420052527
 20
268.4244456736262
 30
0.0
 11
578.4593420052527
 21
254.4254456736262
 31
0.0
  0
LINE
  5
253C
330
70
100
AcDbEntity
  8
0
 62
     0
100
AcDbLine
 10
578.4593420052527
 20
254.4254456736262
 30
0.0
 11
564.4600420052531
 21
254.4254456736262
 31
0.0
  0
LINE
  5
253D
330
70
100
AcDbEntity
  8
0
 62
     0
100
AcDbLine
 10
564.4600420052531
 20
254.4254456736262
 30
0.0
 11
564.4600420052531
 21
268.4244456736262
 31
0.0
  0
LINE
  5
253E
330
70
100
AcDbEntity
  8
0
 62
     0
100
AcDbLine
 10
545.4100420052538
 20
268.4244456736262
 30
0.0
 11
559.4093420052534
 21
268.4244456736262
 31
0.0
  0
LINE
  5
253F
330
70
100
AcDbEntity
  8
0
 62
     0
100
AcDbLine
 10
559.4093420052534
 20
268.4244456736262
 30
0.0
 11
559.4093420052534
 21
254.4254456736262
 31
0.0
  0
LINE
  5
2540
330
70
100
AcDbEntity
  8
0
 62
     0
100
AcDbLine
 10
559.4093420052534
 20
254.4254456736262
 30
0.0
 11
545.4100420052538
 21
254.4254456736262
 31
0.0
  0
LINE
  5
2541
330
70
100
AcDbEntity
  8
0
 62
     0
100
AcDbLine
 10
545.4100420052538
 20
254.4254456736262
 30
0.0
 11
545.4100420052538
 21
268.4244456736262
 31
0.0
  0
LINE
  5
2542
330
70
100
AcDbEntity
  8
0
 62
     0
100
AcDbLine
 10
526.3600420052528
 20
268.4244456736262
 30
0.0
 11
540.3593420052541
 21
268.4244456736262
 31
0.0
  0
LINE
  5
2543
330
70
100
AcDbEntity
  8
0
 62
     0
100
AcDbLine
 10
540.3593420052541
 20
268.4244456736262
 30
0.0
 11
540.3593420052541
 21
254.4254456736262
 31
0.0
  0
LINE
  5
2544
330
70
100
AcDbEntity
  8
0
 62
     0
100
AcDbLine
 10
540.3593420052541
 20
254.4254456736262
 30
0.0
 11
526.3600420052528
 21
254.4254456736262
 31
0.0
  0
LINE
  5
2545
330
70
100
AcDbEntity
  8
0
 62
     0
100
AcDbLine
 10
526.3600420052528
 20
254.4254456736262
 30
0.0
 11
526.3600420052528
 21
268.4244456736262
 31
0.0
  0
LINE
  5
2546
330
70
100
AcDbEntity
  8
0
 62
     0
100
AcDbLine
 10
507.3100420052535
 20
268.4244456736262
 30
0.0
 11
521.309342005253
 21
268.4244456736262
 31
0.0
  0
LINE
  5
2547
330
70
100
AcDbEntity
  8
0
 62
     0
100
AcDbLine
 10
521.309342005253
 20
268.4244456736262
 30
0.0
 11
521.309342005253
 21
254.4254456736262
 31
0.0
  0
LINE
  5
2548
330
70
100
AcDbEntity
  8
0
 62
     0
100
AcDbLine
 10
521.309342005253
 20
254.4254456736262
 30
0.0
 11
507.3100420052535
 21
254.4254456736262
 31
0.0
  0
LINE
  5
2549
330
70
100
AcDbEntity
  8
0
 62
     0
100
AcDbLine
 10
507.3100420052535
 20
254.4254456736262
 30
0.0
 11
507.3100420052535
 21
268.4244456736262
 31
0.0
  0
LINE
  5
254A
330
70
100
AcDbEntity
  8
0
 62
     0
100
AcDbLine
 10
491.0656720052531
 20
212.2444456736263
 30
0.0
 11
498.640742005254
 21
212.2444456736263
 31
0.0
  0
LINE
  5
254B
330
70
100
AcDbEntity
  8
0
 62
     0
100
AcDbLine
 10
523.2663120052541
 20
212.2444456736263
 30
0.0
 11
523.2663120052541
 21
196.3054456736261
 31
0.0
  0
LINE
  5
254C
330
70
100
AcDbEntity
  8
0
 62
     0
100
AcDbLine
 10
523.2663120052541
 20
196.3054456736261
 30
0.0
 11
515.6912420052533
 21
196.3054456736261
 31
0.0
  0
LINE
  5
254D
330
70
100
AcDbEntity
  8
0
 62
     0
100
AcDbLine
 10
515.6912420052533
 20
196.3054456736261
 30
0.0
 11
515.6912420052533
 21
212.2444456736263
 31
0.0
  0
LINE
  5
254E
330
70
100
AcDbEntity
  8
0
 62
     0
100
AcDbLine
 10
523.2663120052541
 20
212.2444456736263
 30
0.0
 11
515.6912420052533
 21
212.2444456736263
 31
0.0
  0
LINE
  5
254F
330
70
100
AcDbEntity
  8
0
 62
     0
100
AcDbLine
 10
736.764842005253
 20
211.2744456736261
 30
0.0
 11
753.8153420052542
 21
211.2744456736261
 31
0.0
  0
LINE
  5
2550
330
70
100
AcDbEntity
  8
0
 62
     0
100
AcDbLine
 10
753.8153420052524
 20
197.2754456736261
 30
0.0
 11
736.764842005253
 21
197.2754456736261
 31
0.0
  0
LINE
  5
2551
330
70
100
AcDbEntity
  8
0
 62
     0
100
AcDbLine
 10
729.189772005254
 20
212.2444456736263
 30
0.0
 11
729.189772005254
 21
211.2744456736261
 31
0.0
  0
LINE
  5
2552
330
70
100
AcDbEntity
  8
0
 62
     0
100
AcDbLine
 10
729.189772005254
 20
197.2754456736263
 30
0.0
 11
729.189772005254
 21
196.3054456736261
 31
0.0
  0
LINE
  5
2553
330
70
100
AcDbEntity
  8
0
 62
     0
100
AcDbLine
 10
729.189772005254
 20
196.3054456736261
 30
0.0
 11
736.764842005253
 21
196.3054456736261
 31
0.0
  0
LINE
  5
2554
330
70
100
AcDbEntity
  8
0
 62
     0
100
AcDbLine
 10
736.764842005253
 20
196.3054456736261
 30
0.0
 11
736.764842005253
 21
197.2754456736261
 31
0.0
  0
LINE
  5
2555
330
70
100
AcDbEntity
  8
0
 62
     0
100
AcDbLine
 10
736.764842005253
 20
211.2744456736261
 30
0.0
 11
736.764842005253
 21
212.2444456736263
 31
0.0
  0
LINE
  5
2556
330
70
100
AcDbEntity
  8
0
 62
     0
100
AcDbLine
 10
729.189772005254
 20
212.2444456736263
 30
0.0
 11
736.764842005253
 21
212.2444456736263
 31
0.0
  0
LINE
  5
2557
330
70
100
AcDbEntity
  8
0
 62
     0
100
AcDbLine
 10
761.3904120052532
 20
212.2444456736263
 30
0.0
 11
761.3904120052532
 21
211.2744456736261
 31
0.0
  0
LINE
  5
2558
330
70
100
AcDbEntity
  8
0
 62
     0
100
AcDbLine
 10
761.3904120052532
 20
197.2754456736261
 30
0.0
 11
761.3904120052532
 21
196.3054456736261
 31
0.0
  0
LINE
  5
2559
330
70
100
AcDbEntity
  8
0
 62
     0
100
AcDbLine
 10
761.3904120052532
 20
196.3054456736261
 30
0.0
 11
753.8153420052524
 21
196.3054456736261
 31
0.0
  0
LINE
  5
255A
330
70
100
AcDbEntity
  8
0
 62
     0
100
AcDbLine
 10
761.3904120052532
 20
212.2444456736263
 30
0.0
 11
753.8153420052524
 21
212.2444456736263
 31
0.0
  0
LINE
  5
255B
330
70
100
AcDbEntity
  8
0
 62
     0
100
AcDbLine
 10
736.3347720052527
 20
269.3944456736263
 30
0.0
 11
736.3347720052527
 21
268.4244456736262
 31
0.0
  0
LINE
  5
255C
330
70
100
AcDbEntity
  8
0
 62
     0
100
AcDbLine
 10
736.3347720052527
 20
254.4254456736262
 30
0.0
 11
736.3347720052527
 21
253.4554456736261
 31
0.0
  0
LINE
  5
255D
330
70
100
AcDbEntity
  8
0
 62
     0
100
AcDbLine
 10
736.3347720052527
 20
253.4554456736261
 30
0.0
 11
743.9098420052535
 21
253.4554456736261
 31
0.0
  0
LINE
  5
255E
330
70
100
AcDbEntity
  8
0
 62
     0
100
AcDbLine
 10
743.9098420052535
 20
253.4554456736261
 30
0.0
 11
743.9098420052535
 21
254.4254456736262
 31
0.0
  0
LINE
  5
255F
330
70
100
AcDbEntity
  8
0
 62
     0
100
AcDbLine
 10
743.9098420052535
 20
268.4244456736262
 30
0.0
 11
743.9098420052535
 21
269.3944456736263
 31
0.0
  0
LINE
  5
2560
330
70
100
AcDbEntity
  8
0
 62
     0
100
AcDbLine
 10
736.3347720052527
 20
269.3944456736263
 30
0.0
 11
743.9098420052535
 21
269.3944456736263
 31
0.0
  0
LINE
  5
2561
330
70
100
AcDbEntity
  8
0
 62
     0
100
AcDbLine
 10
768.5354120052537
 20
269.3944456736263
 30
0.0
 11
768.5354120052537
 21
268.4244456736262
 31
0.0
  0
LINE
  5
2562
330
70
100
AcDbEntity
  8
0
 62
     0
100
AcDbLine
 10
768.5354120052537
 20
254.4254456736262
 30
0.0
 11
768.5354120052537
 21
253.4554456736261
 31
0.0
  0
LINE
  5
2563
330
70
100
AcDbEntity
  8
0
 62
     0
100
AcDbLine
 10
768.5354120052537
 20
253.4554456736261
 30
0.0
 11
760.9603420052528
 21
253.4554456736261
 31
0.0
  0
LINE
  5
2564
330
70
100
AcDbEntity
  8
0
 62
     0
100
AcDbLine
 10
760.9603420052528
 20
253.4554456736261
 30
0.0
 11
760.9603420052528
 21
254.4254456736262
 31
0.0
  0
LINE
  5
2565
330
70
100
AcDbEntity
  8
0
 62
     0
100
AcDbLine
 10
760.9603420052528
 20
268.4244456736262
 30
0.0
 11
760.9603420052528
 21
269.3944456736263
 31
0.0
  0
LINE
  5
2566
330
70
100
AcDbEntity
  8
0
 62
     0
100
AcDbLine
 10
768.5354120052537
 20
269.3944456736263
 30
0.0
 11
760.9603420052528
 21
269.3944456736263
 31
0.0
  0
LINE
  5
2567
330
70
100
AcDbEntity
  8
0
 62
     0
100
AcDbLine
 10
768.9593420052526
 20
192.224845673626
 30
0.0
 11
768.9593420052526
 21
178.2256456736261
 31
0.0
  0
LINE
  5
2568
330
70
100
AcDbEntity
  8
0
 62
     0
100
AcDbLine
 10
697.8103420052532
 20
192.224845673626
 30
0.0
 11
768.9593420052526
 21
192.224845673626
 31
0.0
  0
LINE
  5
2569
330
70
100
AcDbEntity
  8
0
 62
     0
100
AcDbLine
 10
768.9593420052526
 20
178.2256456736261
 30
0.0
 11
697.8103420052532
 21
178.2256456736261
 31
0.0
  0
LINE
  5
256A
330
70
100
AcDbEntity
  8
0
 62
     0
100
AcDbLine
 10
697.8103420052532
 20
178.2256456736261
 30
0.0
 11
697.8103420052532
 21
192.224845673626
 31
0.0
  0
LINE
  5
256B
330
70
100
AcDbEntity
  8
0
100
AcDbLine
 10
771.4853420052543
 20
211.8742099736262
 30
0.0
 11
771.5593340052521
 21
176.1251366736262
 31
0.0
  0
LINE
  5
256C
330
70
100
AcDbEntity
  8
0
100
AcDbLine
 10
485.7354266052527
 20
211.8742099736262
 30
0.0
 11
485.6593930052542
 21
176.1251366736262
 31
0.0
  0
LINE
  5
256D
330
70
100
AcDbEntity
  8
0
100
AcDbLine
 10
490.6410170052542
 20
191.7253081735564
 30
0.0
 11
490.6410170052542
 21
178.7253081735564
 31
0.0
  0
ARC
  5
256E
330
70
100
AcDbEntity
  8
0
100
AcDbCircle
 10
491.1410170052542
 20
191.7253081735564
 30
0.0
 40
0.5
100
AcDbArc
 50
90.0
 51
180.0
  0
ARC
  5
256F
330
70
100
AcDbEntity
  8
0
100
AcDbCircle
 10
491.1410170052542
 20
178.7253081735564
 30
0.0
 40
0.5
100
AcDbArc
 50
180.0
 51
270.0
  0
LINE
  5
2570
330
70
100
AcDbEntity
  8
0
100
AcDbLine
 10
507.0222670052528
 20
191.7253081735564
 30
0.0
 11
507.0222670052528
 21
178.7253081735564
 31
0.0
  0
ARC
  5
2571
330
70
100
AcDbEntity
  8
0
100
AcDbCircle
 10
506.5222670052528
 20
191.7253081735564
 30
0.0
 40
0.5
100
AcDbArc
 50
0.0
 51
90.0
  0
ARC
  5
2572
330
70
100
AcDbEntity
  8
0
100
AcDbCircle
 10
506.5222670052528
 20
178.7253081735564
 30
0.0
 40
0.5
100
AcDbArc
 50
270.0
 51
0.0
  0
LINE
  5
2573
330
70
100
AcDbEntity
  8
0
100
AcDbLine
 10
514.4535170052543
 20
191.7253081735564
 30
0.0
 11
514.4535170052543
 21
178.7253081735564
 31
0.0
  0
ARC
  5
2574
330
70
100
AcDbEntity
  8
0
100
AcDbCircle
 10
514.9535170052542
 20
191.7253081735564
 30
0.0
 40
0.5
100
AcDbArc
 50
90.0
 51
180.0
  0
ARC
  5
2575
330
70
100
AcDbEntity
  8
0
100
AcDbCircle
 10
514.9535170052542
 20
178.7253081735564
 30
0.0
 40
0.5
100
AcDbArc
 50
180.0
 51
270.0
  0
LINE
  5
2576
330
70
100
AcDbEntity
  8
0
100
AcDbLine
 10
530.8347670052528
 20
191.7253081735564
 30
0.0
 11
530.8347670052528
 21
178.7253081735564
 31
0.0
  0
ARC
  5
2577
330
70
100
AcDbEntity
  8
0
100
AcDbCircle
 10
530.3347670052528
 20
191.7253081735564
 30
0.0
 40
0.5
100
AcDbArc
 50
0.0
 51
90.0
  0
ARC
  5
2578
330
70
100
AcDbEntity
  8
0
100
AcDbCircle
 10
530.3347670052528
 20
178.7253081735564
 30
0.0
 40
0.5
100
AcDbArc
 50
270.0
 51
0.0
  0
LINE
  5
2579
330
70
100
AcDbEntity
  8
0
100
AcDbLine
 10
538.2660170052543
 20
191.7253081735564
 30
0.0
 11
538.2660170052543
 21
178.7253081735564
 31
0.0
  0
ARC
  5
257A
330
70
100
AcDbEntity
  8
0
100
AcDbCircle
 10
538.7660170052543
 20
191.7253081735564
 30
0.0
 40
0.5
100
AcDbArc
 50
90.0
 51
180.0
  0
ARC
  5
257B
330
70
100
AcDbEntity
  8
0
100
AcDbCircle
 10
538.7660170052543
 20
178.7253081735564
 30
0.0
 40
0.5
100
AcDbArc
 50
180.0
 51
270.0
  0
LINE
  5
257C
330
70
100
AcDbEntity
  8
0
100
AcDbLine
 10
554.6472670052528
 20
191.7253081735564
 30
0.0
 11
554.6472670052528
 21
178.7253081735564
 31
0.0
  0
ARC
  5
257D
330
70
100
AcDbEntity
  8
0
100
AcDbCircle
 10
554.1472670052528
 20
191.7253081735564
 30
0.0
 40
0.5
100
AcDbArc
 50
0.0
 51
90.0
  0
ARC
  5
257E
330
70
100
AcDbEntity
  8
0
100
AcDbCircle
 10
554.1472670052528
 20
178.7253081735564
 30
0.0
 40
0.5
100
AcDbArc
 50
270.0
 51
0.0
  0
LINE
  5
257F
330
70
100
AcDbEntity
  8
0
100
AcDbLine
 10
491.1410170052542
 20
192.2253081735564
 30
0.0
 11
506.5222670052528
 21
192.2253081735564
 31
0.0
  0
LINE
  5
2580
330
70
100
AcDbEntity
  8
0
100
AcDbLine
 10
506.5222670052528
 20
178.2253081735564
 30
0.0
 11
491.1410170052542
 21
178.2253081735564
 31
0.0
  0
LINE
  5
2581
330
70
100
AcDbEntity
  8
0
100
AcDbLine
 10
514.9535170052542
 20
192.2253081735564
 30
0.0
 11
530.3347670052528
 21
192.2253081735564
 31
0.0
  0
LINE
  5
2582
330
70
100
AcDbEntity
  8
0
100
AcDbLine
 10
530.3347670052528
 20
178.2253081735564
 30
0.0
 11
514.9535170052542
 21
178.2253081735564
 31
0.0
  0
LINE
  5
2583
330
70
100
AcDbEntity
  8
0
100
AcDbLine
 10
538.7660170052543
 20
192.2253081735564
 30
0.0
 11
554.1472670052528
 21
192.2253081735564
 31
0.0
  0
LINE
  5
2584
330
70
100
AcDbEntity
  8
0
100
AcDbLine
 10
554.1472670052528
 20
178.2253081735564
 30
0.0
 11
538.7660170052543
 21
178.2253081735564
 31
0.0
  0
LINE
  5
2585
330
70
100
AcDbEntity
  8
0
100
AcDbLine
 10
753.8153420052542
 20
211.2744456736261
 30
0.0
 11
753.8153420052542
 21
212.2444456736263
 31
0.0
  0
LINE
  5
2586
330
70
100
AcDbEntity
  8
0
100
AcDbLine
 10
753.8153420052524
 20
197.2754456736261
 30
0.0
 11
753.8153420052524
 21
196.3054456736261
 31
0.0
  0
SPLINE
  5
2587
330
70
100
AcDbEntity
  8
0
  6
Continuous
 62
     7
370
    25
100
AcDbSpline
210
0.0
220
0.0
230
1.0
 70
     8
 71
     3
 72
     8
 73
     4
 74
     0
 42
0.00000001
 43
0.0000000001
 40
0.0
 40
0.0
 40
0.0
 40
0.0
 40
1.0
 40
1.0
 40
1.0
 40
1.0
 10
563.1655286832549
 20
193.2253082150564
 30
0.0
 10
563.1655287360147
 20
193.7564724493054
 30
0.0
 10
563.6358288754429
 20
194.2253082135314
 30
0.0
 10
564.1655287362548
 20
194.2253082050565
 30
0.0
  0
SPLINE
  5
2588
330
70
100
AcDbEntity
  8
0
  6
Continuous
 62
     7
370
    25
100
AcDbSpline
210
0.0
220
0.0
230
1.0
 70
     8
 71
     3
 72
     8
 73
     4
 74
     0
 42
0.00000001
 43
0.0000000001
 40
0.0
 40
0.0
 40
0.0
 40
0.0
 40
1.0
 40
1.0
 40
1.0
 40
1.0
 10
564.1655287252554
 20
178.2253082150564
 30
0.0
 10
563.6561665741822
 20
178.2253082074164
 30
0.0
 10
563.1655287299065
 20
178.7173730147274
 30
0.0
 10
563.165528720255
 20
179.2253081860563
 30
0.0
  0
LWPOLYLINE
  5
2589
330
70
100
AcDbEntity
  8
0
  6
Continuous
 62
     7
370
    25
100
AcDbPolyline
 90
        3
 70
   128
 43
0.0
 10
618.9440052722559
 20
178.2253265125564
 10
628.2713919926548
 20
178.2253232968564
 10
635.6000529872556
 20
178.2253082015563
  0
SPLINE
  5
258A
330
70
100
AcDbEntity
  8
0
  6
Continuous
 62
     7
370
    25
100
AcDbSpline
210
0.0
220
0.0
230
1.0
 70
     8
 71
     3
 72
     8
 73
     4
 74
     0
 42
0.00000001
 43
0.0000000001
 40
0.0
 40
0.0
 40
0.0
 40
0.0
 40
1.0
 40
1.0
 40
1.0
 40
1.0
 10
688.2598339142544
 20
194.2253143055566
 30
0.0
 10
688.7909981627392
 20
194.2253143230855
 30
0.0
 10
689.2598339521621
 20
193.7550141676434
 30
0.0
 10
689.2598339472544
 20
193.2253142915565
 30
0.0
  0
SPLINE
  5
258B
330
70
100
AcDbEntity
  8
0
  6
Continuous
 62
     7
370
    25
100
AcDbSpline
210
0.0
220
0.0
230
1.0
 70
     8
 71
     3
 72
     8
 73
     4
 74
     0
 42
0.00000001
 43
0.0000000001
 40
0.0
 40
0.0
 40
0.0
 40
0.0
 40
1.0
 40
1.0
 40
1.0
 40
1.0
 10
669.2415553152543
 20
194.2253082051563
 30
0.0
 10
669.7509174506115
 20
194.2253081919134
 30
0.0
 10
670.241555267002
 20
193.7332433994186
 30
0.0
 10
670.2415552832547
 20
193.2253082111565
 30
0.0
  0
LWPOLYLINE
  5
258C
330
70
100
AcDbEntity
  8
0
  6
Continuous
 62
     7
370
    25
100
AcDbPolyline
 90
        3
 70
   128
 43
0.0
 10
646.365588716256
 20
192.2278917804565
 10
650.4465008383552
 20
192.2269310188564
 10
653.6529317161559
 20
192.2258228738565
  0
SPLINE
  5
258D
330
70
100
AcDbEntity
  8
0
  6
Continuous
 62
     7
370
    25
100
AcDbSpline
210
0.0
220
0.0
230
1.0
 70
     8
 71
     3
 72
     8
 73
     4
 74
     0
 42
0.00000001
 43
0.0000000001
 40
0.0
 40
0.0
 40
0.0
 40
0.0
 40
1.0
 40
1.0
 40
1.0
 40
1.0
 10
645.3655787322543
 20
194.2253082104564
 30
0.0
 10
645.8749408735941
 20
194.2253082074003
 30
0.0
 10
646.3655787040018
 20
193.7332434112966
 30
0.0
 10
646.3655787202545
 20
193.2253082164564
 30
0.0
  0
SPLINE
  5
258E
330
70
100
AcDbEntity
  8
0
  6
Continuous
 62
     7
370
    25
100
AcDbSpline
210
0.0
220
0.0
230
1.0
 70
     8
 71
     3
 72
     8
 73
     4
 74
     0
 42
0.00000001
 43
0.0000000001
 40
0.0
 40
0.0
 40
0.0
 40
0.0
 40
1.0
 40
1.0
 40
1.0
 40
1.0
 10
634.6030787112551
 20
193.2253082264565
 30
0.0
 10
634.6030787281081
 20
193.7564724905064
 30
0.0
 10
635.0733789311118
 20
194.2253082704853
 30
0.0
 10
635.6030788222554
 20
194.2253082164564
 30
0.0
  0
LINE
  5
258F
330
70
100
AcDbEntity
  8
0
  6
Continuous
 62
     7
370
    25
100
AcDbLine
 10
563.165528720255
 20
179.2253081860563
 30
0.0
 11
563.1655286832549
 21
193.2253082150564
 31
0.0
  0
LINE
  5
2590
330
70
100
AcDbEntity
  8
0
  6
Continuous
 62
     7
370
    25
100
AcDbLine
 10
564.1655287252554
 20
178.2253082150564
 30
0.0
 11
605.9440052952552
 21
178.2253082050565
 31
0.0
  0
LINE
  5
2591
330
70
100
AcDbEntity
  8
0
  6
Continuous
 62
     7
370
    25
100
AcDbLine
 10
605.9440052952552
 20
178.2253082050565
 30
0.0
 11
618.9440052722559
 21
178.2253265125564
 31
0.0
  0
LINE
  5
2592
330
70
100
AcDbEntity
  8
0
  6
Continuous
 62
     7
370
    25
100
AcDbLine
 10
635.6000529872556
 20
178.2253082015563
 30
0.0
 11
669.2415553152543
 21
178.2253082055565
 31
0.0
  0
LINE
  5
2593
330
70
100
AcDbEntity
  8
0
  6
Continuous
 62
     7
370
    25
100
AcDbLine
 10
669.2415553152543
 20
178.2253082055565
 30
0.0
 11
684.5089317161558
 21
178.2253020985563
 31
0.0
  0
LINE
  5
2594
330
70
100
AcDbEntity
  8
0
  6
Continuous
 62
     7
370
    25
100
AcDbLine
 10
684.5089317161558
 20
178.2253020985563
 30
0.0
 11
688.2623088882549
 21
178.2253082015563
 31
0.0
  0
LINE
  5
2595
330
70
100
AcDbEntity
  8
0
  6
Continuous
 62
     7
370
    25
100
AcDbLine
 10
688.2623088882549
 20
178.2253082015563
 30
0.0
 11
694.1435688052544
 21
178.2253143485563
 31
0.0
  0
LINE
  5
2596
330
70
100
AcDbEntity
  8
0
  6
Continuous
 62
     7
370
    25
100
AcDbLine
 10
694.1435688052544
 20
178.2253143485563
 30
0.0
 11
694.6435688812555
 21
178.2253079652564
 31
0.0
  0
LINE
  5
2597
330
70
100
AcDbEntity
  8
0
  6
Continuous
 62
     7
370
    25
100
AcDbLine
 10
695.1435688812555
 20
191.7253143365565
 30
0.0
 11
695.1435688812555
 21
178.7253079652564
 31
0.0
  0
LINE
  5
2598
330
70
100
AcDbEntity
  8
0
  6
Continuous
 62
     7
370
    25
100
AcDbLine
 10
689.2598339562548
 20
192.2253143365565
 30
0.0
 11
694.6435688812555
 21
192.2253143365565
 31
0.0
  0
LINE
  5
2599
330
70
100
AcDbEntity
  8
0
  6
Continuous
 62
     7
370
    25
100
AcDbLine
 10
689.2598339562548
 20
192.2253143365565
 30
0.0
 11
689.2598339472544
 21
193.2253142915565
 31
0.0
  0
LINE
  5
259A
330
70
100
AcDbEntity
  8
0
  6
Continuous
 62
     7
370
    25
100
AcDbLine
 10
678.5289317161543
 20
194.2253143055566
 30
0.0
 11
688.2598339142544
 21
194.2253143055566
 31
0.0
  0
LINE
  5
259B
330
70
100
AcDbEntity
  8
0
  6
Continuous
 62
     7
370
    25
100
AcDbLine
 10
677.5289317161544
 20
193.2253143055566
 30
0.0
 11
677.5289317161544
 21
192.2253143485563
 31
0.0
  0
LINE
  5
259C
330
70
100
AcDbEntity
  8
0
  6
Continuous
 62
     7
370
    25
100
AcDbLine
 10
677.5289317161544
 20
192.2253143485563
 30
0.0
 11
670.2415552832547
 21
192.2253143485563
 31
0.0
  0
LINE
  5
259D
330
70
100
AcDbEntity
  8
0
  6
Continuous
 62
     7
370
    25
100
AcDbLine
 10
670.2415552832547
 20
192.2253143485563
 30
0.0
 11
670.2415552832547
 21
193.2253082111565
 31
0.0
  0
LINE
  5
259E
330
70
100
AcDbEntity
  8
0
  6
Continuous
 62
     7
370
    25
100
AcDbLine
 10
654.6529317161559
 20
194.2253082104564
 30
0.0
 11
669.2415553152543
 21
194.2253082051563
 31
0.0
  0
LINE
  5
259F
330
70
100
AcDbEntity
  8
0
  6
Continuous
 62
     7
370
    25
100
AcDbLine
 10
653.6529317161559
 20
193.2253082164564
 30
0.0
 11
653.6529317161559
 21
192.2258228738565
 31
0.0
  0
LINE
  5
25A0
330
70
100
AcDbEntity
  8
0
  6
Continuous
 62
     7
370
    25
100
AcDbLine
 10
646.365588716256
 20
192.2278917804565
 30
0.0
 11
646.3655787202545
 21
193.2253082164564
 31
0.0
  0
LINE
  5
25A1
330
70
100
AcDbEntity
  8
0
  6
Continuous
 62
     7
370
    25
100
AcDbLine
 10
635.6030788222554
 20
194.2253082164564
 30
0.0
 11
645.3655787322543
 21
194.2253082104564
 31
0.0
  0
LINE
  5
25A2
330
70
100
AcDbEntity
  8
0
  6
Continuous
 62
     7
370
    25
100
AcDbLine
 10
634.6030787112551
 20
192.2253265424563
 30
0.0
 11
634.6030787112551
 21
193.2253082264565
 31
0.0
  0
LINE
  5
25A3
330
70
100
AcDbEntity
  8
0
  6
Continuous
 62
     7
370
    25
100
AcDbLine
 10
610.7073964582553
 20
192.2253204324563
 30
0.0
 11
634.6030787112551
 21
192.2253265424563
 31
0.0
  0
LINE
  5
25A4
330
70
100
AcDbEntity
  8
0
  6
Continuous
 62
     7
370
    25
100
AcDbLine
 10
605.9440052952552
 20
192.2253143204564
 30
0.0
 11
610.7073964582553
 21
192.2253204324563
 31
0.0
  0
LINE
  5
25A5
330
70
100
AcDbEntity
  8
0
  6
Continuous
 62
     7
370
    25
100
AcDbLine
 10
605.9440052952552
 20
192.2253143204564
 30
0.0
 11
603.5664317162548
 21
192.2253143204564
 31
0.0
  0
LINE
  5
25A6
330
70
100
AcDbEntity
  8
0
  6
Continuous
 62
     7
370
    25
100
AcDbLine
 10
603.5664317162548
 20
192.2253143204564
 30
0.0
 11
603.5664317162548
 21
193.2253082164564
 31
0.0
  0
LINE
  5
25A7
330
70
100
AcDbEntity
  8
0
  6
Continuous
 62
     7
370
    25
100
AcDbLine
 10
564.1655287362548
 20
194.2253082050565
 30
0.0
 11
602.5664317162547
 21
194.2253082104564
 31
0.0
  0
ARC
  5
25A8
330
70
100
AcDbEntity
  8
0
  6
Continuous
 62
     7
370
    25
100
AcDbCircle
 10
694.6435688812555
 20
178.7253079652564
 30
0.0
 40
0.5000000000002274
100
AcDbArc
 50
270.0
 51
0.0
  0
ARC
  5
25A9
330
70
100
AcDbEntity
  8
0
  6
Continuous
 62
     7
370
    25
100
AcDbCircle
 10
694.6435688812555
 20
191.7253143365565
 30
0.0
 40
0.5000000000009095
100
AcDbArc
 50
0.0000000001042204
 51
89.99999999989578
  0
ARC
  5
25AA
330
70
100
AcDbEntity
  8
0
  6
Continuous
 62
     7
370
    25
100
AcDbCircle
 10
678.5289317161543
 20
193.2253143055566
 30
0.0
 40
0.9999999999995452
100
AcDbArc
 50
90.0
 51
180.0
  0
ARC
  5
25AB
330
70
100
AcDbEntity
  8
0
  6
Continuous
 62
     7
370
    25
100
AcDbCircle
 10
654.6529317161559
 20
193.2253082104564
 30
0.0
 40
1.000000000000227
100
AcDbArc
 50
90.0
 51
179.9999996562029
  0
ARC
  5
25AC
330
70
100
AcDbEntity
  8
0
  6
Continuous
 62
     7
370
    25
100
AcDbCircle
 10
602.5664317162547
 20
193.2253082104564
 30
0.0
 40
1.0
100
AcDbArc
 50
0.0000003437970966
 51
90.0
  0
LINE
  5
25AD
330
70
100
AcDbEntity
  8
0
100
AcDbLine
 10
750.6972670052539
 20
249.3749441742561
 30
0.0
 11
763.6972670052539
 21
249.3749441742561
 31
0.0
  0
LINE
  5
25AE
330
70
100
AcDbEntity
  8
0
100
AcDbLine
 10
750.6972670052539
 20
235.3749441742561
 30
0.0
 11
763.6972670052539
 21
235.3749441742561
 31
0.0
  0
LINE
  5
25AF
330
70
100
AcDbEntity
  8
0
100
AcDbLine
 10
750.1972670052539
 20
248.8749441742561
 30
0.0
 11
750.1972670052539
 21
235.8749441742562
 31
0.0
  0
LINE
  5
25B0
330
70
100
AcDbEntity
  8
0
100
AcDbLine
 10
764.1972670052539
 20
248.8749441742561
 30
0.0
 11
764.1972670052539
 21
235.8749441742562
 31
0.0
  0
ARC
  5
25B1
330
70
100
AcDbEntity
  8
0
100
AcDbCircle
 10
750.6972670052539
 20
248.8749441742561
 30
0.0
 40
0.5
100
AcDbArc
 50
90.0
 51
180.0
  0
ARC
  5
25B2
330
70
100
AcDbEntity
  8
0
100
AcDbCircle
 10
763.6972670052539
 20
248.8749441742561
 30
0.0
 40
0.5
100
AcDbArc
 50
0.0
 51
90.0
  0
ARC
  5
25B3
330
70
100
AcDbEntity
  8
0
100
AcDbCircle
 10
750.6972670052539
 20
235.8749441742562
 30
0.0
 40
0.5
100
AcDbArc
 50
180.0
 51
270.0
  0
ARC
  5
25B4
330
70
100
AcDbEntity
  8
0
100
AcDbCircle
 10
763.6972670052539
 20
235.8749441742562
 30
0.0
 40
0.5
100
AcDbArc
 50
270.0
 51
0.0
  0
LINE
  5
25B5
330
70
100
AcDbEntity
  8
0
100
AcDbLine
 10
743.5535170052546
 20
230.3249441742551
 30
0.0
 11
756.5535170052546
 21
230.3249441742551
 31
0.0
  0
LINE
  5
25B6
330
70
100
AcDbEntity
  8
0
100
AcDbLine
 10
743.5535170052546
 20
216.324944174255
 30
0.0
 11
756.5535170052546
 21
216.324944174255
 31
0.0
  0
LINE
  5
25B7
330
70
100
AcDbEntity
  8
0
100
AcDbLine
 10
743.0535170052547
 20
229.8249441742551
 30
0.0
 11
743.0535170052547
 21
216.824944174255
 31
0.0
  0
LINE
  5
25B8
330
70
100
AcDbEntity
  8
0
100
AcDbLine
 10
757.0535170052546
 20
229.8249441742551
 30
0.0
 11
757.0535170052546
 21
216.824944174255
 31
0.0
  0
ARC
  5
25B9
330
70
100
AcDbEntity
  8
0
100
AcDbCircle
 10
743.5535170052546
 20
229.8249441742551
 30
0.0
 40
0.5
100
AcDbArc
 50
90.0
 51
180.0
  0
ARC
  5
25BA
330
70
100
AcDbEntity
  8
0
100
AcDbCircle
 10
756.5535170052546
 20
229.8249441742551
 30
0.0
 40
0.5
100
AcDbArc
 50
0.0
 51
90.0
  0
ARC
  5
25BB
330
70
100
AcDbEntity
  8
0
100
AcDbCircle
 10
743.5535170052546
 20
216.824944174255
 30
0.0
 40
0.5
100
AcDbArc
 50
180.0
 51
270.0
  0
ARC
  5
25BC
330
70
100
AcDbEntity
  8
0
100
AcDbCircle
 10
756.5535170052546
 20
216.824944174255
 30
0.0
 40
0.5
100
AcDbArc
 50
270.0
 51
0.0
  0
LINE
  5
25BD
330
70
100
AcDbEntity
  8
0
100
AcDbLine
 10
735.1155170052545
 20
229.324944174255
 30
0.0
 11
741.1155170052545
 21
229.324944174255
 31
0.0
  0
LINE
  5
25BE
330
70
100
AcDbEntity
  8
0
100
AcDbLine
 10
735.1155170052545
 20
214.324944174255
 30
0.0
 11
741.1155170052545
 21
214.324944174255
 31
0.0
  0
LINE
  5
25BF
330
70
100
AcDbEntity
  8
0
100
AcDbLine
 10
734.6155170052545
 20
228.824944174255
 30
0.0
 11
734.6155170052545
 21
214.824944174255
 31
0.0
  0
LINE
  5
25C0
330
70
100
AcDbEntity
  8
0
100
AcDbLine
 10
741.6155170052546
 20
228.824944174255
 30
0.0
 11
741.6155170052546
 21
214.824944174255
 31
0.0
  0
ARC
  5
25C1
330
70
100
AcDbEntity
  8
0
100
AcDbCircle
 10
735.1155170052545
 20
228.824944174255
 30
0.0
 40
0.5
100
AcDbArc
 50
90.0
 51
180.0
  0
ARC
  5
25C2
330
70
100
AcDbEntity
  8
0
100
AcDbCircle
 10
741.1155170052545
 20
228.824944174255
 30
0.0
 40
0.5
100
AcDbArc
 50
0.0
 51
90.0
  0
ARC
  5
25C3
330
70
100
AcDbEntity
  8
0
100
AcDbCircle
 10
735.1155170052545
 20
214.824944174255
 30
0.0
 40
0.5
100
AcDbArc
 50
180.0
 51
270.0
  0
ARC
  5
25C4
330
70
100
AcDbEntity
  8
0
100
AcDbCircle
 10
741.1155170052545
 20
214.824944174255
 30
0.0
 40
0.5
100
AcDbArc
 50
270.0
 51
0.0
  0
LINE
  5
25C5
330
70
100
AcDbEntity
  8
0
100
AcDbLine
 10
758.9915170052547
 20
229.324944174255
 30
0.0
 11
764.9915170052548
 21
229.324944174255
 31
0.0
  0
LINE
  5
25C6
330
70
100
AcDbEntity
  8
0
100
AcDbLine
 10
758.9915170052547
 20
214.324944174255
 30
0.0
 11
764.9915170052548
 21
214.324944174255
 31
0.0
  0
LINE
  5
25C7
330
70
100
AcDbEntity
  8
0
100
AcDbLine
 10
758.4915170052547
 20
228.824944174255
 30
0.0
 11
758.4915170052547
 21
214.824944174255
 31
0.0
  0
LINE
  5
25C8
330
70
100
AcDbEntity
  8
0
100
AcDbLine
 10
765.4915170052547
 20
228.824944174255
 30
0.0
 11
765.4915170052547
 21
214.824944174255
 31
0.0
  0
ARC
  5
25C9
330
70
100
AcDbEntity
  8
0
100
AcDbCircle
 10
758.9915170052547
 20
228.824944174255
 30
0.0
 40
0.5
100
AcDbArc
 50
90.0
 51
180.0
  0
ARC
  5
25CA
330
70
100
AcDbEntity
  8
0
100
AcDbCircle
 10
764.9915170052548
 20
228.824944174255
 30
0.0
 40
0.5
100
AcDbArc
 50
0.0
 51
90.0
  0
ARC
  5
25CB
330
70
100
AcDbEntity
  8
0
100
AcDbCircle
 10
758.9915170052547
 20
214.824944174255
 30
0.0
 40
0.5
100
AcDbArc
 50
180.0
 51
270.0
  0
ARC
  5
25CC
330
70
100
AcDbEntity
  8
0
100
AcDbCircle
 10
764.9915170052548
 20
214.824944174255
 30
0.0
 40
0.5
100
AcDbArc
 50
270.0
 51
0.0
  0
LINE
  5
25CD
330
70
100
AcDbEntity
  8
Visible
100
AcDbLine
 10
586.2345773148622
 20
427.0676076738752
 30
0.0
 11
586.2345773148622
 21
413.0676076738752
 31
0.0
  0
SPLINE
  5
25CE
330
70
100
AcDbEntity
  8
Visible
100
AcDbSpline
210
0.0
220
0.0
230
1.0
 70
     8
 71
     3
 72
     8
 73
     4
 74
     0
 42
0.000000001
 43
0.0000000001
 40
5.0
 40
5.0
 40
5.0
 40
5.0
 40
6.0
 40
6.0
 40
6.0
 40
6.0
 10
585.7345773710589
 20
427.5676074462388
 30
0.0
 10
586.0107197459732
 20
427.5676074462388
 30
0.0
 10
586.2345773710587
 20
427.3437498211547
 30
0.0
 10
586.2345773710587
 20
427.0676074462405
 30
0.0
  0
LINE
  5
25CF
330
70
100
AcDbEntity
  8
Visible
100
AcDbLine
 10
574.9783273148621
 20
427.5676076738752
 30
0.0
 11
585.7345773148622
 21
427.5676076738752
 31
0.0
  0
SPLINE
  5
25D0
330
70
100
AcDbEntity
  8
Visible
100
AcDbSpline
210
0.0
220
0.0
230
1.0
 70
     8
 71
     3
 72
     8
 73
     4
 74
     0
 42
0.000000001
 43
0.0000000001
 40
3.0
 40
3.0
 40
3.0
 40
3.0
 40
4.0
 40
4.0
 40
4.0
 40
4.0
 10
574.4783273710585
 20
427.0676074462405
 30
0.0
 10
574.4783273710585
 20
427.3437498211547
 30
0.0
 10
574.7021849961441
 20
427.5676074462404
 30
0.0
 10
574.9783273710585
 20
427.5676074462404
 30
0.0
  0
LINE
  5
25D1
330
70
100
AcDbEntity
  8
Visible
100
AcDbLine
 10
574.4783273148621
 20
413.0676076738752
 30
0.0
 11
574.4783273148621
 21
427.0676076738752
 31
0.0
  0
SPLINE
  5
25D2
330
70
100
AcDbEntity
  8
Visible
100
AcDbSpline
210
0.0
220
0.0
230
1.0
 70
     8
 71
     3
 72
     8
 73
     4
 74
     0
 42
0.000000001
 43
0.0000000001
 40
1.0
 40
1.0
 40
1.0
 40
1.0
 40
2.0
 40
2.0
 40
2.0
 40
2.0
 10
574.9783273710585
 20
412.5676074462405
 30
0.0
 10
574.7021849961441
 20
412.5676074462405
 30
0.0
 10
574.4783273710585
 20
412.7914650713242
 30
0.0
 10
574.4783273710585
 20
413.0676074462404
 30
0.0
  0
LINE
  5
25D3
330
70
100
AcDbEntity
  8
Visible
100
AcDbLine
 10
585.7345773148622
 20
412.5676076738752
 30
0.0
 11
574.9783273148621
 21
412.5676076738752
 31
0.0
  0
SPLINE
  5
25D4
330
70
100
AcDbEntity
  8
Visible
100
AcDbSpline
210
0.0
220
0.0
230
1.0
 70
     8
 71
     3
 72
     8
 73
     4
 74
     0
 42
0.000000001
 43
0.0000000001
 40
7.0
 40
7.0
 40
7.0
 40
7.0
 40
8.0
 40
8.0
 40
8.0
 40
8.0
 10
586.2345773710587
 20
413.0676074462404
 30
0.0
 10
586.2345773710587
 20
412.7914650713242
 30
0.0
 10
586.0107197459732
 20
412.5676074462405
 30
0.0
 10
585.7345773710589
 20
412.5676074462405
 30
0.0
  0
LINE
  5
25D5
330
70
100
AcDbEntity
  8
Visible
100
AcDbLine
 10
680.9783273148622
 20
412.5676076738752
 30
0.0
 11
674.9783273148622
 21
412.5676076738752
 31
0.0
  0
SPLINE
  5
25D6
330
70
100
AcDbEntity
  8
Visible
100
AcDbSpline
210
0.0
220
0.0
230
1.0
 70
     8
 71
     3
 72
     8
 73
     4
 74
     0
 42
0.000000001
 43
0.0000000001
 40
-1.0
 40
-1.0
 40
-1.0
 40
-1.0
 40
0.0
 40
0.0
 40
0.0
 40
0.0
 10
681.4783273710585
 20
413.0676074462404
 30
0.0
 10
681.4783273710585
 20
412.7914650713242
 30
0.0
 10
681.2544697459745
 20
412.5676074462405
 30
0.0
 10
680.9783273710585
 20
412.5676074462405
 30
0.0
  0
LINE
  5
25D7
330
70
100
AcDbEntity
  8
Visible
100
AcDbLine
 10
681.4783273148622
 20
427.0676076738752
 30
0.0
 11
681.4783273148622
 21
413.0676076738752
 31
0.0
  0
SPLINE
  5
25D8
330
70
100
AcDbEntity
  8
Visible
100
AcDbSpline
210
0.0
220
0.0
230
1.0
 70
     8
 71
     3
 72
     8
 73
     4
 74
     0
 42
0.000000001
 43
0.0000000001
 40
-3.0
 40
-3.0
 40
-3.0
 40
-3.0
 40
-2.0
 40
-2.0
 40
-2.0
 40
-2.0
 10
680.9783273710585
 20
427.5676074462404
 30
0.0
 10
681.2544697459745
 20
427.5676074462404
 30
0.0
 10
681.4783273710585
 20
427.3437498211547
 30
0.0
 10
681.4783273710585
 20
427.0676074462405
 30
0.0
  0
LINE
  5
25D9
330
70
100
AcDbEntity
  8
Visible
100
AcDbLine
 10
674.9783273148622
 20
427.5676076738752
 30
0.0
 11
680.9783273148622
 21
427.5676076738752
 31
0.0
  0
SPLINE
  5
25DA
330
70
100
AcDbEntity
  8
Visible
100
AcDbSpline
210
0.0
220
0.0
230
1.0
 70
     8
 71
     3
 72
     8
 73
     4
 74
     0
 42
0.000000001
 43
0.0000000001
 40
-5.0
 40
-5.0
 40
-5.0
 40
-5.0
 40
-4.0
 40
-4.0
 40
-4.0
 40
-4.0
 10
674.4783273710583
 20
427.0676074462405
 30
0.0
 10
674.4783273710583
 20
427.3437498211547
 30
0.0
 10
674.702184996144
 20
427.5676074462404
 30
0.0
 10
674.9783273710585
 20
427.5676074462404
 30
0.0
  0
LINE
  5
25DB
330
70
100
AcDbEntity
  8
Visible
100
AcDbLine
 10
674.4783273148621
 20
413.0676076738752
 30
0.0
 11
674.4783273148621
 21
427.0676076738752
 31
0.0
  0
SPLINE
  5
25DC
330
70
100
AcDbEntity
  8
Visible
100
AcDbSpline
210
0.0
220
0.0
230
1.0
 70
     8
 71
     3
 72
     8
 73
     4
 74
     0
 42
0.000000001
 43
0.0000000001
 40
-7.0
 40
-7.0
 40
-7.0
 40
-7.0
 40
-6.0
 40
-6.0
 40
-6.0
 40
-6.0
 10
674.9783273710585
 20
412.5676074462405
 30
0.0
 10
674.702184996144
 20
412.5676074462405
 30
0.0
 10
674.4783273710583
 20
412.7914650713242
 30
0.0
 10
674.4783273710583
 20
413.0676074462404
 30
0.0
  0
SPLINE
  5
25DD
330
70
100
AcDbEntity
  8
Visible
100
AcDbSpline
210
0.0
220
0.0
230
1.0
 70
     8
 71
     3
 72
     8
 73
     4
 74
     0
 42
0.000000001
 43
0.0000000001
 40
-12.0
 40
-12.0
 40
-12.0
 40
-12.0
 40
-11.0
 40
-11.0
 40
-11.0
 40
-11.0
 10
692.815827052162
 20
411.5676074462387
 30
0.0
 10
692.5396846772457
 20
411.5676074462387
 30
0.0
 10
692.315827052162
 20
411.7914650713244
 30
0.0
 10
692.315827052162
 20
412.0676074462406
 30
0.0
  0
LINE
  5
25DE
330
70
100
AcDbEntity
  8
Visible
100
AcDbLine
 10
705.9158273148621
 20
411.5676076738751
 30
0.0
 11
692.8158273148621
 21
411.5676076738751
 31
0.0
  0
SPLINE
  5
25DF
330
70
100
AcDbEntity
  8
Visible
100
AcDbSpline
210
0.0
220
0.0
230
1.0
 70
     8
 71
     3
 72
     8
 73
     4
 74
     0
 42
0.000000001
 43
0.0000000001
 40
-2.0
 40
-2.0
 40
-2.0
 40
-2.0
 40
-1.0
 40
-1.0
 40
-1.0
 40
-1.0
 10
706.4158273710583
 20
412.0676074462406
 30
0.0
 10
706.4158273710583
 20
411.7914650713244
 30
0.0
 10
706.1919697459745
 20
411.5676074462387
 30
0.0
 10
705.9158273710602
 20
411.5676074462387
 30
0.0
  0
LINE
  5
25E0
330
70
100
AcDbEntity
  8
Visible
100
AcDbLine
 10
706.4158273148621
 20
425.0676076738752
 30
0.0
 11
706.4158273148621
 21
412.0676076738751
 31
0.0
  0
SPLINE
  5
25E1
330
70
100
AcDbEntity
  8
Visible
100
AcDbSpline
210
0.0
220
0.0
230
1.0
 70
     8
 71
     3
 72
     8
 73
     4
 74
     0
 42
0.000000001
 43
0.0000000001
 40
-4.0
 40
-4.0
 40
-4.0
 40
-4.0
 40
-3.0
 40
-3.0
 40
-3.0
 40
-3.0
 10
705.9158273710602
 20
425.5676074462404
 30
0.0
 10
706.1919697459745
 20
425.5676074462404
 30
0.0
 10
706.4158273710583
 20
425.3437498211548
 30
0.0
 10
706.4158273710583
 20
425.0676074462405
 30
0.0
  0
LINE
  5
25E2
330
70
100
AcDbEntity
  8
Visible
100
AcDbLine
 10
701.0345773148621
 20
425.5676076738752
 30
0.0
 11
705.9158273148621
 21
425.5676076738752
 31
0.0
  0
SPLINE
  5
25E3
330
70
100
AcDbEntity
  8
Visible
100
AcDbSpline
210
0.0
220
0.0
230
1.0
 70
     8
 71
     3
 72
     8
 73
     4
 74
     0
 42
0.000000001
 43
0.0000000001
 40
-6.0
 40
-6.0
 40
-6.0
 40
-6.0
 40
-5.0
 40
-5.0
 40
-5.0
 40
-5.0
 10
700.5345773710581
 20
426.0676074462406
 30
0.0
 10
700.5345773710581
 20
425.7914650713242
 30
0.0
 10
700.7584349961438
 20
425.5676074462404
 30
0.0
 10
701.0345773710581
 20
425.5676074462404
 30
0.0
  0
LINE
  5
25E4
330
70
100
AcDbEntity
  8
Visible
100
AcDbLine
 10
700.5345773148621
 20
427.0676076738752
 30
0.0
 11
700.5345773148621
 21
426.0676076738751
 31
0.0
  0
SPLINE
  5
25E5
330
70
100
AcDbEntity
  8
Visible
100
AcDbSpline
210
0.0
220
0.0
230
1.0
 70
     8
 71
     3
 72
     8
 73
     4
 74
     0
 42
0.000000001
 43
0.0000000001
 40
-8.0
 40
-8.0
 40
-8.0
 40
-8.0
 40
-7.0
 40
-7.0
 40
-7.0
 40
-7.0
 10
700.0345773710582
 20
427.5676074462404
 30
0.0
 10
700.3107197459741
 20
427.5676074462404
 30
0.0
 10
700.5345773710581
 20
427.3437498211547
 30
0.0
 10
700.5345773710581
 20
427.0676074462405
 30
0.0
  0
LINE
  5
25E6
330
70
100
AcDbEntity
  8
Visible
100
AcDbLine
 10
692.8158273148621
 20
427.5676076738752
 30
0.0
 11
700.0345773148621
 21
427.5676076738752
 31
0.0
  0
SPLINE
  5
25E7
330
70
100
AcDbEntity
  8
Visible
100
AcDbSpline
210
0.0
220
0.0
230
1.0
 70
     8
 71
     3
 72
     8
 73
     4
 74
     0
 42
0.000000001
 43
0.0000000001
 40
-10.0
 40
-10.0
 40
-10.0
 40
-10.0
 40
-9.0
 40
-9.0
 40
-9.0
 40
-9.0
 10
692.315827052162
 20
427.0676074462405
 30
0.0
 10
692.315827052162
 20
427.3437498211547
 30
0.0
 10
692.5396846772457
 20
427.5676074462404
 30
0.0
 10
692.815827052162
 20
427.5676074462404
 30
0.0
  0
LINE
  5
25E8
330
70
100
AcDbEntity
  8
Visible
100
AcDbLine
 10
692.3158273148621
 20
412.0676076738751
 30
0.0
 11
692.3158273148621
 21
427.0676076738752
 31
0.0
  0
LINE
  5
25E9
330
70
100
AcDbEntity
  8
Visible
100
AcDbLine
 10
646.8845773148622
 20
425.0676076738752
 30
0.0
 11
646.8845773148622
 21
412.0676076738751
 31
0.0
  0
SPLINE
  5
25EA
330
70
100
AcDbEntity
  8
Visible
100
AcDbSpline
210
0.0
220
0.0
230
1.0
 70
     8
 71
     3
 72
     8
 73
     4
 74
     0
 42
0.000000001
 43
0.0000000001
 40
-1.0
 40
-1.0
 40
-1.0
 40
-1.0
 40
0.0
 40
0.0
 40
0.0
 40
0.0
 10
646.3845773710585
 20
425.5676074462404
 30
0.0
 10
646.6607197459747
 20
425.5676074462404
 30
0.0
 10
646.8845773710585
 20
425.3437498211548
 30
0.0
 10
646.8845773710585
 20
425.0676074462405
 30
0.0
  0
LINE
  5
25EB
330
70
100
AcDbEntity
  8
Visible
100
AcDbLine
 10
621.4783273148622
 20
425.5676076738752
 30
0.0
 11
646.3845773148622
 21
425.5676076738752
 31
0.0
  0
SPLINE
  5
25EC
330
70
100
AcDbEntity
  8
Visible
100
AcDbSpline
210
0.0
220
0.0
230
1.0
 70
     8
 71
     3
 72
     8
 73
     4
 74
     0
 42
0.000000001
 43
0.0000000001
 40
-3.0
 40
-3.0
 40
-3.0
 40
-3.0
 40
-2.0
 40
-2.0
 40
-2.0
 40
-2.0
 10
620.9783273710585
 20
425.0676074462405
 30
0.0
 10
620.9783273710585
 20
425.3437498211548
 30
0.0
 10
621.202184996144
 20
425.5676074462404
 30
0.0
 10
621.4783273710585
 20
425.5676074462404
 30
0.0
  0
LINE
  5
25ED
330
70
100
AcDbEntity
  8
Visible
100
AcDbLine
 10
620.9783273148622
 20
412.0676076738751
 30
0.0
 11
620.9783273148622
 21
425.0676076738752
 31
0.0
  0
SPLINE
  5
25EE
330
70
100
AcDbEntity
  8
Visible
100
AcDbSpline
210
0.0
220
0.0
230
1.0
 70
     8
 71
     3
 72
     8
 73
     4
 74
     0
 42
0.000000001
 43
0.0000000001
 40
-5.0
 40
-5.0
 40
-5.0
 40
-5.0
 40
-4.0
 40
-4.0
 40
-4.0
 40
-4.0
 10
621.4783273710585
 20
411.5676074462387
 30
0.0
 10
621.202184996144
 20
411.5676074462387
 30
0.0
 10
620.9783273710585
 20
411.7914650713244
 30
0.0
 10
620.9783273710585
 20
412.0676074462406
 30
0.0
  0
LINE
  5
25EF
330
70
100
AcDbEntity
  8
Visible
100
AcDbLine
 10
646.3845773148622
 20
411.5676076738751
 30
0.0
 11
621.4783273148622
 21
411.5676076738751
 31
0.0
  0
SPLINE
  5
25F0
330
70
100
AcDbEntity
  8
Visible
100
AcDbSpline
210
0.0
220
0.0
230
1.0
 70
     8
 71
     3
 72
     8
 73
     4
 74
     0
 42
0.000000001
 43
0.0000000001
 40
-7.0
 40
-7.0
 40
-7.0
 40
-7.0
 40
-6.0
 40
-6.0
 40
-6.0
 40
-6.0
 10
646.8845773710585
 20
412.0676074462406
 30
0.0
 10
646.8845773710585
 20
411.7914650713244
 30
0.0
 10
646.6607197459747
 20
411.5676074462387
 30
0.0
 10
646.3845773710585
 20
411.5676074462387
 30
0.0
  0
LINE
  5
25F1
330
70
100
AcDbEntity
  8
Visible
100
AcDbLine
 10
549.5408743148622
 20
412.0676076738751
 30
0.0
 11
549.5408743148622
 21
425.0676076738752
 31
0.0
  0
SPLINE
  5
25F2
330
70
100
AcDbEntity
  8
Visible
100
AcDbSpline
210
0.0
220
0.0
230
1.0
 70
     8
 71
     3
 72
     8
 73
     4
 74
     0
 42
0.000000001
 43
0.0000000001
 40
5.0
 40
5.0
 40
5.0
 40
5.0
 40
6.0
 40
6.0
 40
6.0
 40
6.0
 10
550.0408738954596
 20
411.5676074462387
 30
0.0
 10
549.7647315205435
 20
411.5676074462387
 30
0.0
 10
549.5408738954596
 20
411.7914650713244
 30
0.0
 10
549.5408738954596
 20
412.0676074462406
 30
0.0
  0
LINE
  5
25F3
330
70
100
AcDbEntity
  8
Visible
100
AcDbLine
 10
565.4220773148623
 20
411.5676076738751
 30
0.0
 11
550.0408743148621
 21
411.5676076738751
 31
0.0
  0
SPLINE
  5
25F4
330
70
100
AcDbEntity
  8
Visible
100
AcDbSpline
210
0.0
220
0.0
230
1.0
 70
     8
 71
     3
 72
     8
 73
     4
 74
     0
 42
0.000000001
 43
0.0000000001
 40
3.0
 40
3.0
 40
3.0
 40
3.0
 40
4.0
 40
4.0
 40
4.0
 40
4.0
 10
565.9220773710589
 20
412.0676074462406
 30
0.0
 10
565.9220773710589
 20
411.7914650713244
 30
0.0
 10
565.6982197459732
 20
411.5676074462387
 30
0.0
 10
565.4220773710589
 20
411.5676074462387
 30
0.0
  0
LINE
  5
25F5
330
70
100
AcDbEntity
  8
Visible
100
AcDbLine
 10
565.9220773148622
 20
425.0676076738752
 30
0.0
 11
565.9220773148622
 21
412.0676076738751
 31
0.0
  0
SPLINE
  5
25F6
330
70
100
AcDbEntity
  8
Visible
100
AcDbSpline
210
0.0
220
0.0
230
1.0
 70
     8
 71
     3
 72
     8
 73
     4
 74
     0
 42
0.000000001
 43
0.0000000001
 40
1.0
 40
1.0
 40
1.0
 40
1.0
 40
2.0
 40
2.0
 40
2.0
 40
2.0
 10
565.4220773710589
 20
425.5676074462404
 30
0.0
 10
565.6982197459732
 20
425.5676074462404
 30
0.0
 10
565.9220773710589
 20
425.3437498211548
 30
0.0
 10
565.9220773710589
 20
425.0676074462405
 30
0.0
  0
LINE
  5
25F7
330
70
100
AcDbEntity
  8
Visible
100
AcDbLine
 10
550.0408743148621
 20
425.5676076738752
 30
0.0
 11
565.4220773148623
 21
425.5676076738752
 31
0.0
  0
SPLINE
  5
25F8
330
70
100
AcDbEntity
  8
Visible
100
AcDbSpline
210
0.0
220
0.0
230
1.0
 70
     8
 71
     3
 72
     8
 73
     4
 74
     0
 42
0.000000001
 43
0.0000000001
 40
7.0
 40
7.0
 40
7.0
 40
7.0
 40
8.0
 40
8.0
 40
8.0
 40
8.0
 10
549.5408738954596
 20
425.0676074462405
 30
0.0
 10
549.5408738954596
 20
425.3437498211548
 30
0.0
 10
549.7647315205435
 20
425.5676074462404
 30
0.0
 10
550.0408738954596
 20
425.5676074462404
 30
0.0
  0
LINE
  5
25F9
330
70
100
AcDbEntity
  8
Visible
100
AcDbLine
 10
768.4092703148622
 20
449.6676076738752
 30
0.0
 11
753.0673263148623
 21
449.6676076738752
 31
0.0
  0
SPLINE
  5
25FA
330
70
100
AcDbEntity
  8
Visible
100
AcDbSpline
210
0.0
220
0.0
230
1.0
 70
     8
 71
     3
 72
     8
 73
     4
 74
     0
 42
0.000000001
 43
0.0000000001
 40
-1.0
 40
-1.0
 40
-1.0
 40
-1.0
 40
0.0
 40
0.0
 40
0.0
 40
0.0
 10
768.9092702480032
 20
449.1676081656767
 30
0.0
 10
768.9092702480032
 20
449.4437505405929
 30
0.0
 10
768.6854126229194
 20
449.6676081656767
 30
0.0
 10
768.4092702480051
 20
449.6676081656767
 30
0.0
  0
LINE
  5
25FB
330
70
100
AcDbEntity
  8
Visible
100
AcDbLine
 10
768.9092703148623
 20
448.1676076738751
 30
0.0
 11
768.9092703148623
 21
449.1676076738752
 31
0.0
  0
SPLINE
  5
25FC
330
70
100
AcDbEntity
  8
Visible
100
AcDbSpline
210
0.0
220
0.0
230
1.0
 70
     8
 71
     3
 72
     8
 73
     4
 74
     0
 42
0.000000001
 43
0.0000000001
 40
-1.0
 40
-1.0
 40
-1.0
 40
-1.0
 40
0.0
 40
0.0
 40
0.0
 40
0.0
 10
769.4092702480032
 20
447.6676081656767
 30
0.0
 10
769.1331278730908
 20
447.6676081656767
 30
0.0
 10
768.9092702480032
 20
447.8914657907641
 30
0.0
 10
768.9092702480032
 20
448.1676081656766
 30
0.0
  0
LINE
  5
25FD
330
70
100
AcDbEntity
  8
Visible
100
AcDbLine
 10
776.0300723148621
 20
447.6676076738751
 30
0.0
 11
769.409270314862
 21
447.6676076738751
 31
0.0
  0
SPLINE
  5
25FE
330
70
100
AcDbEntity
  8
Visible
100
AcDbSpline
210
0.0
220
0.0
230
1.0
 70
     8
 71
     3
 72
     8
 73
     4
 74
     0
 42
0.000000001
 43
0.0000000001
 40
-1.0
 40
-1.0
 40
-1.0
 40
-1.0
 40
0.0
 40
0.0
 40
0.0
 40
0.0
 10
776.5300722480226
 20
448.1676081656766
 30
0.0
 10
776.5300722480226
 20
447.8914657907641
 30
0.0
 10
776.3062146229391
 20
447.6676081656767
 30
0.0
 10
776.0300722480209
 20
447.6676081656767
 30
0.0
  0
LINE
  5
25FF
330
70
100
AcDbEntity
  8
Visible
100
AcDbLine
 10
776.5300723148621
 20
458.6926076738751
 30
0.0
 11
776.5300723148621
 21
448.1676076738751
 31
0.0
  0
SPLINE
  5
2600
330
70
100
AcDbEntity
  8
Visible
100
AcDbSpline
210
0.0
220
0.0
230
1.0
 70
     8
 71
     3
 72
     8
 73
     4
 74
     0
 42
0.000000001
 43
0.0000000001
 40
-1.0
 40
-1.0
 40
-1.0
 40
-1.0
 40
0.0
 40
0.0
 40
0.0
 40
0.0
 10
777.0300722480209
 20
459.1926081656762
 30
0.0
 10
776.7539298731046
 20
459.1926081656762
 30
0.0
 10
776.5300722480226
 20
458.9687505405923
 30
0.0
 10
776.5300722480226
 20
458.6926081656762
 30
0.0
  0
SPLINE
  5
2601
330
70
100
AcDbEntity
  8
Visible
100
AcDbSpline
210
0.0
220
0.0
230
1.0
 70
     8
 71
     3
 72
     8
 73
     4
 74
     0
 42
0.000000001
 43
0.0000000001
 40
-1.0
 40
-1.0
 40
-1.0
 40
-1.0
 40
0.0
 40
0.0
 40
0.0
 40
0.0
 10
777.5300722480226
 20
459.6926081656763
 30
0.0
 10
777.5300722480226
 20
459.4164657907602
 30
0.0
 10
777.3062146229387
 20
459.1926081656762
 30
0.0
 10
777.0300722480209
 20
459.1926081656762
 30
0.0
  0
LINE
  5
2602
330
70
100
AcDbEntity
  8
Visible
100
AcDbLine
 10
777.5300723148622
 20
472.6926076738752
 30
0.0
 11
777.5300723148622
 21
459.6926076738752
 31
0.0
  0
SPLINE
  5
2603
330
70
100
AcDbEntity
  8
Visible
100
AcDbSpline
210
0.0
220
0.0
230
1.0
 70
     8
 71
     3
 72
     8
 73
     4
 74
     0
 42
0.000000001
 43
0.0000000001
 40
-1.0
 40
-1.0
 40
-1.0
 40
-1.0
 40
0.0
 40
0.0
 40
0.0
 40
0.0
 10
777.0300722480209
 20
473.1926081656781
 30
0.0
 10
777.3062146229387
 20
473.1926081656781
 30
0.0
 10
777.5300722480226
 20
472.9687505405943
 30
0.0
 10
777.5300722480226
 20
472.6926081656783
 30
0.0
  0
SPLINE
  5
2604
330
70
100
AcDbEntity
  8
Visible
100
AcDbSpline
210
0.0
220
0.0
230
1.0
 70
     8
 71
     3
 72
     8
 73
     4
 74
     0
 42
0.000000001
 43
0.0000000001
 40
-1.0
 40
-1.0
 40
-1.0
 40
-1.0
 40
0.0
 40
0.0
 40
0.0
 40
0.0
 10
776.5300722480226
 20
473.6926081656762
 30
0.0
 10
776.5300722480226
 20
473.4164657907638
 30
0.0
 10
776.7539298731046
 20
473.1926081656781
 30
0.0
 10
777.0300722480209
 20
473.1926081656781
 30
0.0
  0
LINE
  5
2605
330
70
100
AcDbEntity
  8
Visible
100
AcDbLine
 10
776.5300723148621
 20
482.2176076738751
 30
0.0
 11
776.5300723148621
 21
473.6926076738751
 31
0.0
  0
SPLINE
  5
2606
330
70
100
AcDbEntity
  8
Visible
100
AcDbSpline
210
0.0
220
0.0
230
1.0
 70
     8
 71
     3
 72
     8
 73
     4
 74
     0
 42
0.000000001
 43
0.0000000001
 40
-1.0
 40
-1.0
 40
-1.0
 40
-1.0
 40
0.0
 40
0.0
 40
0.0
 40
0.0
 10
776.0300722480209
 20
482.7176081656777
 30
0.0
 10
776.3062146229391
 20
482.7176081656777
 30
0.0
 10
776.5300722480226
 20
482.4937505405939
 30
0.0
 10
776.5300722480226
 20
482.217608165676
 30
0.0
  0
LINE
  5
2607
330
70
100
AcDbEntity
  8
Visible
100
AcDbLine
 10
761.6490763148621
 20
482.7176076738751
 30
0.0
 11
776.0300723148621
 21
482.7176076738751
 31
0.0
  0
SPLINE
  5
2608
330
70
100
AcDbEntity
  8
Visible
100
AcDbSpline
210
0.0
220
0.0
230
1.0
 70
     8
 71
     3
 72
     8
 73
     4
 74
     0
 42
0.000000001
 43
0.0000000001
 40
-1.0
 40
-1.0
 40
-1.0
 40
-1.0
 40
0.0
 40
0.0
 40
0.0
 40
0.0
 10
761.1490760715462
 20
482.2176074462401
 30
0.0
 10
761.1490760715462
 20
482.493750218489
 30
0.0
 10
761.372934018733
 20
482.7176081656777
 30
0.0
 10
761.6490767909821
 20
482.7176081656777
 30
0.0
  0
LINE
  5
2609
330
70
100
AcDbEntity
  8
Visible
100
AcDbLine
 10
761.1490763148621
 20
469.2176076738751
 30
0.0
 11
761.1490763148621
 21
482.2176076738751
 31
0.0
  0
SPLINE
  5
260A
330
70
100
AcDbEntity
  8
Visible
100
AcDbSpline
210
0.0
220
0.0
230
1.0
 70
     8
 71
     3
 72
     8
 73
     4
 74
     0
 42
0.000000001
 43
0.0000000001
 40
-1.0
 40
-1.0
 40
-1.0
 40
-1.0
 40
0.0
 40
0.0
 40
0.0
 40
0.0
 10
761.6490767909821
 20
468.7176074462402
 30
0.0
 10
761.3729344160677
 20
468.7176074462402
 30
0.0
 10
761.149076790982
 20
468.9414650713239
 30
0.0
 10
761.149076790982
 20
469.2176074462401
 30
0.0
  0
LINE
  5
260B
330
70
100
AcDbEntity
  8
Visible
100
AcDbLine
 10
763.0300723148621
 20
468.7176076738751
 30
0.0
 11
761.6490763148621
 21
468.7176076738751
 31
0.0
  0
SPLINE
  5
260C
330
70
100
AcDbEntity
  8
Visible
100
AcDbSpline
210
0.0
220
0.0
230
1.0
 70
     8
 71
     3
 72
     8
 73
     4
 74
     0
 42
0.000000001
 43
0.0000000001
 40
-1.0
 40
-1.0
 40
-1.0
 40
-1.0
 40
0.0
 40
0.0
 40
0.0
 40
0.0
 10
763.5300722480209
 20
468.2176081656778
 30
0.0
 10
763.5300722480209
 20
468.4937505405939
 30
0.0
 10
763.3062146229391
 20
468.7176081656759
 30
0.0
 10
763.0300722480209
 20
468.7176081656759
 30
0.0
  0
LINE
  5
260D
330
70
100
AcDbEntity
  8
Visible
100
AcDbLine
 10
763.5300723148621
 20
464.1676076738751
 30
0.0
 11
763.5300723148621
 21
468.2176076738751
 31
0.0
  0
SPLINE
  5
260E
330
70
100
AcDbEntity
  8
Visible
100
AcDbSpline
210
0.0
220
0.0
230
1.0
 70
     8
 71
     3
 72
     8
 73
     4
 74
     0
 42
0.000000001
 43
0.0000000001
 40
-1.0
 40
-1.0
 40
-1.0
 40
-1.0
 40
0.0
 40
0.0
 40
0.0
 40
0.0
 10
763.0300722480209
 20
463.6676081656747
 30
0.0
 10
763.3062146229391
 20
463.6676081656747
 30
0.0
 10
763.5300722480209
 20
463.8914657907605
 30
0.0
 10
763.5300722480209
 20
464.1676081656785
 30
0.0
  0
LINE
  5
260F
330
70
100
AcDbEntity
  8
Visible
100
AcDbLine
 10
753.0673263148623
 20
463.6676076738751
 30
0.0
 11
763.0300723148621
 21
463.6676076738751
 31
0.0
  0
SPLINE
  5
2610
330
70
100
AcDbEntity
  8
Visible
100
AcDbSpline
210
0.0
220
0.0
230
1.0
 70
     8
 71
     3
 72
     8
 73
     4
 74
     0
 42
0.000000001
 43
0.0000000001
 40
0.0
 40
0.0
 40
0.0
 40
0.0
 40
1.0
 40
1.0
 40
1.0
 40
1.0
 10
752.5673267909827
 20
464.1676074462408
 30
0.0
 10
752.5673267909827
 20
463.8914650713246
 30
0.0
 10
752.7911844160664
 20
463.667607446239
 30
0.0
 10
753.0673267909827
 20
463.667607446239
 30
0.0
  0
LINE
  5
2611
330
70
100
AcDbEntity
  8
Visible
100
AcDbLine
 10
752.5673263148623
 20
465.1676076738751
 30
0.0
 11
752.5673263148623
 21
464.1676076738751
 31
0.0
  0
SPLINE
  5
2612
330
70
100
AcDbEntity
  8
Visible
100
AcDbSpline
210
0.0
220
0.0
230
1.0
 70
     8
 71
     3
 72
     8
 73
     4
 74
     0
 42
0.000000001
 43
0.0000000001
 40
-1.0
 40
-1.0
 40
-1.0
 40
-1.0
 40
0.0
 40
0.0
 40
0.0
 40
0.0
 10
752.0673267909828
 20
465.6676074462408
 30
0.0
 10
752.3434691658987
 20
465.6676074462408
 30
0.0
 10
752.5673267909827
 20
465.4437498211552
 30
0.0
 10
752.5673267909827
 20
465.1676074462407
 30
0.0
  0
LINE
  5
2613
330
70
100
AcDbEntity
  8
Visible
100
AcDbLine
 10
746.0673263148622
 20
465.6676076738752
 30
0.0
 11
752.0673263148623
 21
465.6676076738752
 31
0.0
  0
SPLINE
  5
2614
330
70
100
AcDbEntity
  8
Visible
100
AcDbSpline
210
0.0
220
0.0
230
1.0
 70
     8
 71
     3
 72
     8
 73
     4
 74
     0
 42
0.000000001
 43
0.0000000001
 40
-1.0
 40
-1.0
 40
-1.0
 40
-1.0
 40
0.0
 40
0.0
 40
0.0
 40
0.0
 10
745.5673267909827
 20
465.1676074462407
 30
0.0
 10
745.5673267909827
 20
465.4437498211552
 30
0.0
 10
745.7911844160665
 20
465.6676074462408
 30
0.0
 10
746.0673267909827
 20
465.6676074462408
 30
0.0
  0
LINE
  5
2615
330
70
100
AcDbEntity
  8
Visible
100
AcDbLine
 10
745.5673263148622
 20
463.6676076738751
 30
0.0
 11
745.5673263148622
 21
465.1676076738751
 31
0.0
  0
LINE
  5
2616
330
70
100
AcDbEntity
  8
Visible
100
AcDbLine
 10
742.5988223148622
 20
463.6676076738751
 30
0.0
 11
745.5673263148622
 21
463.6676076738751
 31
0.0
  0
SPLINE
  5
2617
330
70
100
AcDbEntity
  8
Visible
100
AcDbSpline
210
0.0
220
0.0
230
1.0
 70
     8
 71
     3
 72
     8
 73
     4
 74
     0
 42
0.000000001
 43
0.0000000001
 40
-1.0
 40
-1.0
 40
-1.0
 40
-1.0
 40
0.0
 40
0.0
 40
0.0
 40
0.0
 10
742.0988222480213
 20
463.1676081656766
 30
0.0
 10
742.0988222480213
 20
463.4437505405928
 30
0.0
 10
742.3226798731088
 20
463.6676081656747
 30
0.0
 10
742.5988222480213
 20
463.6676081656747
 30
0.0
  0
LINE
  5
2618
330
70
100
AcDbEntity
  8
Visible
100
AcDbLine
 10
742.0988223148622
 20
450.1676076738752
 30
0.0
 11
742.0988223148622
 21
463.1676076738751
 31
0.0
  0
SPLINE
  5
2619
330
70
100
AcDbEntity
  8
Visible
100
AcDbSpline
210
0.0
220
0.0
230
1.0
 70
     8
 71
     3
 72
     8
 73
     4
 74
     0
 42
0.000000001
 43
0.0000000001
 40
-1.0
 40
-1.0
 40
-1.0
 40
-1.0
 40
0.0
 40
0.0
 40
0.0
 40
0.0
 10
742.5988222480213
 20
449.6676081656767
 30
0.0
 10
742.3226798731088
 20
449.6676081656767
 30
0.0
 10
742.0988222480213
 20
449.8914657907642
 30
0.0
 10
742.0988222480213
 20
450.1676081656766
 30
0.0
  0
LINE
  5
261A
330
70
100
AcDbEntity
  8
Visible
100
AcDbLine
 10
744.2145943148621
 20
449.6676076738752
 30
0.0
 11
742.5988223148622
 21
449.6676076738752
 31
0.0
  0
SPLINE
  5
261B
330
70
100
AcDbEntity
  8
Visible
100
AcDbSpline
210
0.0
220
0.0
230
1.0
 70
     8
 71
     3
 72
     8
 73
     4
 74
     0
 42
0.000000001
 43
0.0000000001
 40
-1.0
 40
-1.0
 40
-1.0
 40
-1.0
 40
0.0
 40
0.0
 40
0.0
 40
0.0
 10
744.7145943281269
 20
449.1676081656767
 30
0.0
 10
744.7145943281269
 20
449.4437505405929
 30
0.0
 10
744.4907367030431
 20
449.6676081656767
 30
0.0
 10
744.214594328127
 20
449.6676081656767
 30
0.0
  0
LINE
  5
261C
330
70
100
AcDbEntity
  8
Visible
100
AcDbLine
 10
744.7145943148621
 20
448.1676076738751
 30
0.0
 11
744.7145943148621
 21
449.1676076738752
 31
0.0
  0
SPLINE
  5
261D
330
70
100
AcDbEntity
  8
Visible
100
AcDbSpline
210
0.0
220
0.0
230
1.0
 70
     8
 71
     3
 72
     8
 73
     4
 74
     0
 42
0.000000001
 43
0.0000000001
 40
-1.0
 40
-1.0
 40
-1.0
 40
-1.0
 40
0.0
 40
0.0
 40
0.0
 40
0.0
 10
745.2145943281269
 20
447.6676081656767
 30
0.0
 10
744.9384519532108
 20
447.6676081656767
 30
0.0
 10
744.7145943281269
 20
447.8914657907641
 30
0.0
 10
744.7145943281269
 20
448.1676081656766
 30
0.0
  0
LINE
  5
261E
330
70
100
AcDbEntity
  8
Visible
100
AcDbLine
 10
752.0673263148623
 20
447.6676076738751
 30
0.0
 11
745.2145943148622
 21
447.6676076738751
 31
0.0
  0
SPLINE
  5
261F
330
70
100
AcDbEntity
  8
Visible
100
AcDbSpline
210
0.0
220
0.0
230
1.0
 70
     8
 71
     3
 72
     8
 73
     4
 74
     0
 42
0.000000001
 43
0.0000000001
 40
-1.0
 40
-1.0
 40
-1.0
 40
-1.0
 40
0.0
 40
0.0
 40
0.0
 40
0.0
 10
752.5673260715469
 20
448.1676074462408
 30
0.0
 10
752.5673260715469
 20
447.8914654686574
 30
0.0
 10
752.3434687685643
 20
447.6676081656767
 30
0.0
 10
752.0673267909828
 20
447.6676081656767
 30
0.0
  0
LINE
  5
2620
330
70
100
AcDbEntity
  8
Visible
100
AcDbLine
 10
752.5673263148623
 20
449.1676076738752
 30
0.0
 11
752.5673263148623
 21
448.1676076738751
 31
0.0
  0
SPLINE
  5
2621
330
70
100
AcDbEntity
  8
Visible
100
AcDbSpline
210
0.0
220
0.0
230
1.0
 70
     8
 71
     3
 72
     8
 73
     4
 74
     0
 42
0.000000001
 43
0.0000000001
 40
0.0
 40
0.0
 40
0.0
 40
0.0
 40
1.0
 40
1.0
 40
1.0
 40
1.0
 10
753.0673267909827
 20
449.6676074462408
 30
0.0
 10
752.7911844160664
 20
449.6676074462408
 30
0.0
 10
752.5673267909827
 20
449.4437498211552
 30
0.0
 10
752.5673267909827
 20
449.1676074462408
 30
0.0
  0
LINE
  5
2622
330
70
100
AcDbEntity
  8
Visible
100
AcDbLine
 10
779.4115763148623
 20
487.767607673875
 30
0.0
 11
779.3245763148623
 21
487.767607673875
 31
0.0
  0
SPLINE
  5
2623
330
70
100
AcDbEntity
  8
Visible
100
AcDbSpline
210
0.0
220
0.0
230
1.0
 70
     8
 71
     3
 72
     8
 73
     4
 74
     0
 42
0.000000001
 43
0.0000000001
 40
-1.0
 40
-1.0
 40
-1.0
 40
-1.0
 40
0.0
 40
0.0
 40
0.0
 40
0.0
 10
779.9115767909828
 20
488.2676074462394
 30
0.0
 10
779.9115767909828
 20
487.991465071325
 30
0.0
 10
779.687719165897
 20
487.7676074462394
 30
0.0
 10
779.4115767909828
 20
487.7676074462394
 30
0.0
  0
LINE
  5
2624
330
70
100
AcDbEntity
  8
Visible
100
AcDbLine
 10
779.9115763148622
 20
501.2676076738751
 30
0.0
 11
779.9115763148622
 21
488.2676076738751
 31
0.0
  0
SPLINE
  5
2625
330
70
100
AcDbEntity
  8
Visible
100
AcDbSpline
210
0.0
220
0.0
230
1.0
 70
     8
 71
     3
 72
     8
 73
     4
 74
     0
 42
0.000000001
 43
0.0000000001
 40
-2.0
 40
-2.0
 40
-2.0
 40
-2.0
 40
-1.0
 40
-1.0
 40
-1.0
 40
-1.0
 10
779.4115767911083
 20
501.7676074462412
 30
0.0
 10
779.6877191659534
 20
501.7676074462412
 30
0.0
 10
779.9115767909828
 20
501.543749821212
 30
0.0
 10
779.9115767909828
 20
501.2676074463668
 30
0.0
  0
LINE
  5
2626
330
70
100
AcDbEntity
  8
Visible
100
AcDbLine
 10
747.3615763148621
 20
501.7676076738752
 30
0.0
 11
779.4115763148623
 21
501.7676076738752
 31
0.0
  0
SPLINE
  5
2627
330
70
100
AcDbEntity
  8
Visible
100
AcDbSpline
210
0.0
220
0.0
230
1.0
 70
     8
 71
     3
 72
     8
 73
     4
 74
     0
 42
0.000000001
 43
0.0000000001
 40
-4.0
 40
-4.0
 40
-4.0
 40
-4.0
 40
-3.0
 40
-3.0
 40
-3.0
 40
-3.0
 10
746.8615767909817
 20
501.267607446365
 30
0.0
 10
746.8615767909817
 20
501.543749821212
 30
0.0
 10
747.085434416011
 20
501.7676074462395
 30
0.0
 10
747.3615767908562
 20
501.7676074462395
 30
0.0
  0
LINE
  5
2628
330
70
100
AcDbEntity
  8
Visible
100
AcDbLine
 10
746.861576314862
 20
488.2676076738751
 30
0.0
 11
746.861576314862
 21
501.2676076738751
 31
0.0
  0
SPLINE
  5
2629
330
70
100
AcDbEntity
  8
Visible
100
AcDbSpline
210
0.0
220
0.0
230
1.0
 70
     8
 71
     3
 72
     8
 73
     4
 74
     0
 42
0.000000001
 43
0.0000000001
 40
-1.0
 40
-1.0
 40
-1.0
 40
-1.0
 40
0.0
 40
0.0
 40
0.0
 40
0.0
 10
747.3615767909818
 20
487.7676074462413
 30
0.0
 10
747.0854344160673
 20
487.7676074462413
 30
0.0
 10
746.8615767909817
 20
487.991465071325
 30
0.0
 10
746.8615767909817
 20
488.2676074462394
 30
0.0
  0
LINE
  5
262A
330
70
100
AcDbEntity
  8
Visible
100
AcDbLine
 10
747.4485763148621
 20
487.767607673875
 30
0.0
 11
747.3615763148621
 21
487.767607673875
 31
0.0
  0
SPLINE
  5
262B
330
70
100
AcDbEntity
  8
Visible
100
AcDbSpline
210
0.0
220
0.0
230
1.0
 70
     8
 71
     3
 72
     8
 73
     4
 74
     0
 42
0.000000001
 43
0.0000000001
 40
0.0
 40
0.0
 40
0.0
 40
0.0
 40
1.0
 40
1.0
 40
1.0
 40
1.0
 10
747.9485767909831
 20
487.2676074462394
 30
0.0
 10
747.9485767909831
 20
487.5437498211555
 30
0.0
 10
747.7247191658973
 20
487.7676074462394
 30
0.0
 10
747.4485767909831
 20
487.7676074462394
 30
0.0
  0
LINE
  5
262C
330
70
100
AcDbEntity
  8
Visible
100
AcDbLine
 10
747.9485763148621
 20
486.267607673875
 30
0.0
 11
747.9485763148621
 21
487.2676076738752
 31
0.0
  0
SPLINE
  5
262D
330
70
100
AcDbEntity
  8
Visible
100
AcDbSpline
210
0.0
220
0.0
230
1.0
 70
     8
 71
     3
 72
     8
 73
     4
 74
     0
 42
0.000000001
 43
0.0000000001
 40
-1.0
 40
-1.0
 40
-1.0
 40
-1.0
 40
0.0
 40
0.0
 40
0.0
 40
0.0
 10
748.4485767909831
 20
485.7676074462395
 30
0.0
 10
748.1724344160669
 20
485.7676074462395
 30
0.0
 10
747.9485767909831
 20
485.991465071325
 30
0.0
 10
747.9485767909831
 20
486.2676074462394
 30
0.0
  0
LINE
  5
262E
330
70
100
AcDbEntity
  8
Visible
100
AcDbLine
 10
754.4485763148621
 20
485.7676076738751
 30
0.0
 11
748.4485763148621
 21
485.7676076738751
 31
0.0
  0
SPLINE
  5
262F
330
70
100
AcDbEntity
  8
Visible
100
AcDbSpline
210
0.0
220
0.0
230
1.0
 70
     8
 71
     3
 72
     8
 73
     4
 74
     0
 42
0.000000001
 43
0.0000000001
 40
-1.0
 40
-1.0
 40
-1.0
 40
-1.0
 40
0.0
 40
0.0
 40
0.0
 40
0.0
 10
754.9485767909831
 20
486.2676074462394
 30
0.0
 10
754.9485767909831
 20
485.991465071325
 30
0.0
 10
754.7247191658974
 20
485.7676074462395
 30
0.0
 10
754.4485767909831
 20
485.7676074462395
 30
0.0
  0
LINE
  5
2630
330
70
100
AcDbEntity
  8
Visible
100
AcDbLine
 10
754.948576314862
 20
487.2676076738752
 30
0.0
 11
754.948576314862
 21
486.267607673875
 31
0.0
  0
SPLINE
  5
2631
330
70
100
AcDbEntity
  8
Visible
100
AcDbSpline
210
0.0
220
0.0
230
1.0
 70
     8
 71
     3
 72
     8
 73
     4
 74
     0
 42
0.000000001
 43
0.0000000001
 40
0.0
 40
0.0
 40
0.0
 40
0.0
 40
1.0
 40
1.0
 40
1.0
 40
1.0
 10
755.4485767909831
 20
487.7676074462413
 30
0.0
 10
755.1724344160669
 20
487.7676074462413
 30
0.0
 10
754.9485767909831
 20
487.5437498211555
 30
0.0
 10
754.9485767909831
 20
487.2676074462394
 30
0.0
  0
LINE
  5
2632
330
70
100
AcDbEntity
  8
Visible
100
AcDbLine
 10
771.3245763148623
 20
487.767607673875
 30
0.0
 11
755.448576314862
 21
487.767607673875
 31
0.0
  0
SPLINE
  5
2633
330
70
100
AcDbEntity
  8
Visible
100
AcDbSpline
210
0.0
220
0.0
230
1.0
 70
     8
 71
     3
 72
     8
 73
     4
 74
     0
 42
0.000000001
 43
0.0000000001
 40
0.0
 40
0.0
 40
0.0
 40
0.0
 40
1.0
 40
1.0
 40
1.0
 40
1.0
 10
771.8245767909815
 20
487.2676074462394
 30
0.0
 10
771.8245767909815
 20
487.5437498211555
 30
0.0
 10
771.6007191658975
 20
487.7676074462394
 30
0.0
 10
771.3245767909833
 20
487.7676074462394
 30
0.0
  0
LINE
  5
2634
330
70
100
AcDbEntity
  8
Visible
100
AcDbLine
 10
771.8245763148622
 20
486.267607673875
 30
0.0
 11
771.8245763148622
 21
487.2676076738752
 31
0.0
  0
SPLINE
  5
2635
330
70
100
AcDbEntity
  8
Visible
100
AcDbSpline
210
0.0
220
0.0
230
1.0
 70
     8
 71
     3
 72
     8
 73
     4
 74
     0
 42
0.000000001
 43
0.0000000001
 40
-1.0
 40
-1.0
 40
-1.0
 40
-1.0
 40
0.0
 40
0.0
 40
0.0
 40
0.0
 10
772.3245767909832
 20
485.7676074462395
 30
0.0
 10
772.0484344160671
 20
485.7676074462395
 30
0.0
 10
771.8245767909833
 20
485.991465071325
 30
0.0
 10
771.8245767909833
 20
486.2676074462394
 30
0.0
  0
LINE
  5
2636
330
70
100
AcDbEntity
  8
Visible
100
AcDbLine
 10
778.3245763148622
 20
485.7676076738751
 30
0.0
 11
772.3245763148622
 21
485.7676076738751
 31
0.0
  0
SPLINE
  5
2637
330
70
100
AcDbEntity
  8
Visible
100
AcDbSpline
210
0.0
220
0.0
230
1.0
 70
     8
 71
     3
 72
     8
 73
     4
 74
     0
 42
0.000000001
 43
0.0000000001
 40
-1.0
 40
-1.0
 40
-1.0
 40
-1.0
 40
0.0
 40
0.0
 40
0.0
 40
0.0
 10
778.8245767909832
 20
486.2676074462394
 30
0.0
 10
778.8245767909832
 20
485.991465071325
 30
0.0
 10
778.6007191658975
 20
485.7676074462395
 30
0.0
 10
778.3245767909833
 20
485.7676074462395
 30
0.0
  0
LINE
  5
2638
330
70
100
AcDbEntity
  8
Visible
100
AcDbLine
 10
778.8245763148623
 20
487.2676076738752
 30
0.0
 11
778.8245763148623
 21
486.267607673875
 31
0.0
  0
SPLINE
  5
2639
330
70
100
AcDbEntity
  8
Visible
100
AcDbSpline
210
0.0
220
0.0
230
1.0
 70
     8
 71
     3
 72
     8
 73
     4
 74
     0
 42
0.000000001
 43
0.0000000001
 40
0.0
 40
0.0
 40
0.0
 40
0.0
 40
1.0
 40
1.0
 40
1.0
 40
1.0
 10
779.3245767909832
 20
487.7676074462413
 30
0.0
 10
779.0484344160671
 20
487.7676074462413
 30
0.0
 10
778.8245767909832
 20
487.5437498211555
 30
0.0
 10
778.8245767909832
 20
487.2676074462394
 30
0.0
  0
LINE
  5
263A
330
70
100
AcDbEntity
  8
Visible
100
AcDbLine
 10
519.8553263148623
 20
449.6676076738752
 30
0.0
 11
502.0928263148622
 21
449.6676076738752
 31
0.0
  0
SPLINE
  5
263B
330
70
100
AcDbEntity
  8
Visible
100
AcDbSpline
210
0.0
220
0.0
230
1.0
 70
     8
 71
     3
 72
     8
 73
     4
 74
     0
 42
0.000000001
 43
0.0000000001
 40
-1.0
 40
-1.0
 40
-1.0
 40
-1.0
 40
0.0
 40
0.0
 40
0.0
 40
0.0
 10
520.3553267909832
 20
450.1676074462391
 30
0.0
 10
520.3553267909832
 20
449.8914650713246
 30
0.0
 10
520.1314691658975
 20
449.6676074462408
 30
0.0
 10
519.8553267909813
 20
449.6676074462408
 30
0.0
  0
LINE
  5
263C
330
70
100
AcDbEntity
  8
Visible
100
AcDbLine
 10
520.3553263148623
 20
463.1676076738751
 30
0.0
 11
520.3553263148623
 21
450.1676076738752
 31
0.0
  0
SPLINE
  5
263D
330
70
100
AcDbEntity
  8
Visible
100
AcDbSpline
210
0.0
220
0.0
230
1.0
 70
     8
 71
     3
 72
     8
 73
     4
 74
     0
 42
0.000000001
 43
0.0000000001
 40
-3.0
 40
-3.0
 40
-3.0
 40
-3.0
 40
-2.0
 40
-2.0
 40
-2.0
 40
-2.0
 10
519.8553267909832
 20
463.667607446239
 30
0.0
 10
520.1314691658975
 20
463.667607446239
 30
0.0
 10
520.3553267909832
 20
463.4437498211553
 30
0.0
 10
520.3553267909832
 20
463.1676074462408
 30
0.0
  0
LINE
  5
263E
330
70
100
AcDbEntity
  8
Visible
100
AcDbLine
 10
502.0928263148622
 20
463.6676076738751
 30
0.0
 11
519.8553263148623
 21
463.6676076738751
 31
0.0
  0
SPLINE
  5
263F
330
70
100
AcDbEntity
  8
Visible
100
AcDbSpline
210
0.0
220
0.0
230
1.0
 70
     8
 71
     3
 72
     8
 73
     4
 74
     0
 42
0.000000001
 43
0.0000000001
 40
-5.0
 40
-5.0
 40
-5.0
 40
-5.0
 40
-4.0
 40
-4.0
 40
-4.0
 40
-4.0
 10
501.5928267909826
 20
463.1676074462408
 30
0.0
 10
501.5928267909826
 20
463.4437498211553
 30
0.0
 10
501.8166844160681
 20
463.667607446239
 30
0.0
 10
502.0928267909825
 20
463.667607446239
 30
0.0
  0
LINE
  5
2640
330
70
100
AcDbEntity
  8
Visible
100
AcDbLine
 10
501.5928263148622
 20
450.1676076738752
 30
0.0
 11
501.5928263148622
 21
463.1676076738751
 31
0.0
  0
SPLINE
  5
2641
330
70
100
AcDbEntity
  8
Visible
100
AcDbSpline
210
0.0
220
0.0
230
1.0
 70
     8
 71
     3
 72
     8
 73
     4
 74
     0
 42
0.000000001
 43
0.0000000001
 40
-7.0
 40
-7.0
 40
-7.0
 40
-7.0
 40
-6.0
 40
-6.0
 40
-6.0
 40
-6.0
 10
502.0928267909825
 20
449.6676074462408
 30
0.0
 10
501.8166844160663
 20
449.6676074462408
 30
0.0
 10
501.5928267909826
 20
449.8914650713246
 30
0.0
 10
501.5928267909826
 20
450.1676074462391
 30
0.0
  0
LINE
  5
2642
330
70
100
AcDbEntity
  8
Visible
100
AcDbLine
 10
798.4615763148621
 20
411.5676076738751
 30
0.0
 11
785.4615763148622
 21
411.5676076738751
 31
0.0
  0
SPLINE
  5
2643
330
70
100
AcDbEntity
  8
Visible
100
AcDbSpline
210
0.0
220
0.0
230
1.0
 70
     8
 71
     3
 72
     8
 73
     4
 74
     0
 42
0.000000001
 43
0.0000000001
 40
-1.0
 40
-1.0
 40
-1.0
 40
-1.0
 40
0.0
 40
0.0
 40
0.0
 40
0.0
 10
798.9615767909819
 20
412.0676074462406
 30
0.0
 10
798.9615767909819
 20
411.7914650713244
 30
0.0
 10
798.7377191658981
 20
411.5676074462406
 30
0.0
 10
798.4615767909819
 20
411.5676074462406
 30
0.0
  0
LINE
  5
2644
330
70
100
AcDbEntity
  8
Visible
100
AcDbLine
 10
798.9615763148621
 20
425.0676076738752
 30
0.0
 11
798.9615763148621
 21
412.0676076738751
 31
0.0
  0
SPLINE
  5
2645
330
70
100
AcDbEntity
  8
Visible
100
AcDbSpline
210
0.0
220
0.0
230
1.0
 70
     8
 71
     3
 72
     8
 73
     4
 74
     0
 42
0.000000001
 43
0.0000000001
 40
-3.0
 40
-3.0
 40
-3.0
 40
-3.0
 40
-2.0
 40
-2.0
 40
-2.0
 40
-2.0
 10
798.4615767909819
 20
425.5676074462404
 30
0.0
 10
798.7377191658981
 20
425.5676074462404
 30
0.0
 10
798.9615767909819
 20
425.3437498211548
 30
0.0
 10
798.9615767909819
 20
425.0676074462405
 30
0.0
  0
LINE
  5
2646
330
70
100
AcDbEntity
  8
Visible
100
AcDbLine
 10
785.4615763148622
 20
425.5676076738752
 30
0.0
 11
798.4615763148621
 21
425.5676076738752
 31
0.0
  0
SPLINE
  5
2647
330
70
100
AcDbEntity
  8
Visible
100
AcDbSpline
210
0.0
220
0.0
230
1.0
 70
     8
 71
     3
 72
     8
 73
     4
 74
     0
 42
0.000000001
 43
0.0000000001
 40
-5.0
 40
-5.0
 40
-5.0
 40
-5.0
 40
-4.0
 40
-4.0
 40
-4.0
 40
-4.0
 10
784.9615767909819
 20
425.0676074462405
 30
0.0
 10
784.9615767909819
 20
425.3437498211548
 30
0.0
 10
785.1854344160678
 20
425.5676074462404
 30
0.0
 10
785.461576790982
 20
425.5676074462404
 30
0.0
  0
LINE
  5
2648
330
70
100
AcDbEntity
  8
Visible
100
AcDbLine
 10
784.9615763148622
 20
412.0676076738751
 30
0.0
 11
784.9615763148622
 21
425.0676076738752
 31
0.0
  0
SPLINE
  5
2649
330
70
100
AcDbEntity
  8
Visible
100
AcDbSpline
210
0.0
220
0.0
230
1.0
 70
     8
 71
     3
 72
     8
 73
     4
 74
     0
 42
0.000000001
 43
0.0000000001
 40
-7.0
 40
-7.0
 40
-7.0
 40
-7.0
 40
-6.0
 40
-6.0
 40
-6.0
 40
-6.0
 10
785.461576790982
 20
411.5676074462406
 30
0.0
 10
785.1854344160678
 20
411.5676074462406
 30
0.0
 10
784.9615767909819
 20
411.7914650713244
 30
0.0
 10
784.9615767909819
 20
412.0676074462406
 30
0.0
  0
LINE
  5
264A
330
70
100
AcDbEntity
  8
Visible
100
AcDbLine
 10
779.4115763148623
 20
411.5676076738751
 30
0.0
 11
766.4115763148622
 21
411.5676076738751
 31
0.0
  0
SPLINE
  5
264B
330
70
100
AcDbEntity
  8
Visible
100
AcDbSpline
210
0.0
220
0.0
230
1.0
 70
     8
 71
     3
 72
     8
 73
     4
 74
     0
 42
0.000000001
 43
0.0000000001
 40
-1.0
 40
-1.0
 40
-1.0
 40
-1.0
 40
0.0
 40
0.0
 40
0.0
 40
0.0
 10
779.9115767909828
 20
412.0676074462406
 30
0.0
 10
779.9115767909828
 20
411.7914650713244
 30
0.0
 10
779.687719165897
 20
411.5676074462406
 30
0.0
 10
779.4115767909828
 20
411.5676074462406
 30
0.0
  0
LINE
  5
264C
330
70
100
AcDbEntity
  8
Visible
100
AcDbLine
 10
779.9115763148622
 20
425.0676076738752
 30
0.0
 11
779.9115763148622
 21
412.0676076738751
 31
0.0
  0
SPLINE
  5
264D
330
70
100
AcDbEntity
  8
Visible
100
AcDbSpline
210
0.0
220
0.0
230
1.0
 70
     8
 71
     3
 72
     8
 73
     4
 74
     0
 42
0.000000001
 43
0.0000000001
 40
-3.0
 40
-3.0
 40
-3.0
 40
-3.0
 40
-2.0
 40
-2.0
 40
-2.0
 40
-2.0
 10
779.4115767909828
 20
425.5676074462404
 30
0.0
 10
779.687719165897
 20
425.5676074462404
 30
0.0
 10
779.9115767909828
 20
425.3437498211548
 30
0.0
 10
779.9115767909828
 20
425.0676074462405
 30
0.0
  0
LINE
  5
264E
330
70
100
AcDbEntity
  8
Visible
100
AcDbLine
 10
766.4115763148622
 20
425.5676076738752
 30
0.0
 11
779.4115763148623
 21
425.5676076738752
 31
0.0
  0
SPLINE
  5
264F
330
70
100
AcDbEntity
  8
Visible
100
AcDbSpline
210
0.0
220
0.0
230
1.0
 70
     8
 71
     3
 72
     8
 73
     4
 74
     0
 42
0.000000001
 43
0.0000000001
 40
-5.0
 40
-5.0
 40
-5.0
 40
-5.0
 40
-4.0
 40
-4.0
 40
-4.0
 40
-4.0
 10
765.9115767909828
 20
425.0676074462405
 30
0.0
 10
765.9115767909828
 20
425.3437498211548
 30
0.0
 10
766.1354344160665
 20
425.5676074462404
 30
0.0
 10
766.4115767909828
 20
425.5676074462404
 30
0.0
  0
LINE
  5
2650
330
70
100
AcDbEntity
  8
Visible
100
AcDbLine
 10
765.9115763148622
 20
412.0676076738751
 30
0.0
 11
765.9115763148622
 21
425.0676076738752
 31
0.0
  0
SPLINE
  5
2651
330
70
100
AcDbEntity
  8
Visible
100
AcDbSpline
210
0.0
220
0.0
230
1.0
 70
     8
 71
     3
 72
     8
 73
     4
 74
     0
 42
0.000000001
 43
0.0000000001
 40
-7.0
 40
-7.0
 40
-7.0
 40
-7.0
 40
-6.0
 40
-6.0
 40
-6.0
 40
-6.0
 10
766.4115767909828
 20
411.5676074462406
 30
0.0
 10
766.1354344160665
 20
411.5676074462406
 30
0.0
 10
765.9115767909828
 20
411.7914650713244
 30
0.0
 10
765.9115767909828
 20
412.0676074462406
 30
0.0
  0
LINE
  5
2652
330
70
100
AcDbEntity
  8
Visible
100
AcDbLine
 10
746.861576314862
 20
412.0676076738751
 30
0.0
 11
746.861576314862
 21
425.0676076738752
 31
0.0
  0
SPLINE
  5
2653
330
70
100
AcDbEntity
  8
Visible
100
AcDbSpline
210
0.0
220
0.0
230
1.0
 70
     8
 71
     3
 72
     8
 73
     4
 74
     0
 42
0.000000001
 43
0.0000000001
 40
-1.0
 40
-1.0
 40
-1.0
 40
-1.0
 40
0.0
 40
0.0
 40
0.0
 40
0.0
 10
747.3615767909818
 20
411.5676074462406
 30
0.0
 10
747.0854344160673
 20
411.5676074462406
 30
0.0
 10
746.8615767909835
 20
411.7914650713244
 30
0.0
 10
746.8615767909835
 20
412.0676074462406
 30
0.0
  0
LINE
  5
2654
330
70
100
AcDbEntity
  8
Visible
100
AcDbLine
 10
760.3615763148621
 20
411.5676076738751
 30
0.0
 11
747.3615763148621
 21
411.5676076738751
 31
0.0
  0
SPLINE
  5
2655
330
70
100
AcDbEntity
  8
Visible
100
AcDbSpline
210
0.0
220
0.0
230
1.0
 70
     8
 71
     3
 72
     8
 73
     4
 74
     0
 42
0.000000001
 43
0.0000000001
 40
-3.0
 40
-3.0
 40
-3.0
 40
-3.0
 40
-2.0
 40
-2.0
 40
-2.0
 40
-2.0
 10
760.8615767909817
 20
412.0676074462406
 30
0.0
 10
760.8615767909817
 20
411.7914650713244
 30
0.0
 10
760.637719165898
 20
411.5676074462406
 30
0.0
 10
760.3615767909817
 20
411.5676074462406
 30
0.0
  0
LINE
  5
2656
330
70
100
AcDbEntity
  8
Visible
100
AcDbLine
 10
760.8615763148621
 20
425.0676076738752
 30
0.0
 11
760.8615763148621
 21
412.0676076738751
 31
0.0
  0
SPLINE
  5
2657
330
70
100
AcDbEntity
  8
Visible
100
AcDbSpline
210
0.0
220
0.0
230
1.0
 70
     8
 71
     3
 72
     8
 73
     4
 74
     0
 42
0.000000001
 43
0.0000000001
 40
-5.0
 40
-5.0
 40
-5.0
 40
-5.0
 40
-4.0
 40
-4.0
 40
-4.0
 40
-4.0
 10
760.3615767909817
 20
425.5676074462404
 30
0.0
 10
760.637719165898
 20
425.5676074462404
 30
0.0
 10
760.8615767909817
 20
425.3437498211548
 30
0.0
 10
760.8615767909817
 20
425.0676074462405
 30
0.0
  0
LINE
  5
2658
330
70
100
AcDbEntity
  8
Visible
100
AcDbLine
 10
747.3615763148621
 20
425.5676076738752
 30
0.0
 11
760.3615763148621
 21
425.5676076738752
 31
0.0
  0
SPLINE
  5
2659
330
70
100
AcDbEntity
  8
Visible
100
AcDbSpline
210
0.0
220
0.0
230
1.0
 70
     8
 71
     3
 72
     8
 73
     4
 74
     0
 42
0.000000001
 43
0.0000000001
 40
-7.0
 40
-7.0
 40
-7.0
 40
-7.0
 40
-6.0
 40
-6.0
 40
-6.0
 40
-6.0
 10
746.8615767909817
 20
425.0676074462405
 30
0.0
 10
746.8615767909817
 20
425.3437498211548
 30
0.0
 10
747.0854344160673
 20
425.5676074462404
 30
0.0
 10
747.3615767909818
 20
425.5676074462404
 30
0.0
  0
LINE
  5
265A
330
70
100
AcDbEntity
  8
Visible
100
AcDbLine
 10
541.2865763148623
 20
411.5676076738751
 30
0.0
 11
525.9053263148622
 21
411.5676076738751
 31
0.0
  0
SPLINE
  5
265B
330
70
100
AcDbEntity
  8
Visible
100
AcDbSpline
210
0.0
220
0.0
230
1.0
 70
     8
 71
     3
 72
     8
 73
     4
 74
     0
 42
0.000000001
 43
0.0000000001
 40
-1.0
 40
-1.0
 40
-1.0
 40
-1.0
 40
0.0
 40
0.0
 40
0.0
 40
0.0
 10
541.7865767909829
 20
412.0676074462406
 30
0.0
 10
541.7865767909829
 20
411.7914650713244
 30
0.0
 10
541.5627191658971
 20
411.5676074462387
 30
0.0
 10
541.2865767909828
 20
411.5676074462387
 30
0.0
  0
LINE
  5
265C
330
70
100
AcDbEntity
  8
Visible
100
AcDbLine
 10
541.7865763148622
 20
425.0676076738752
 30
0.0
 11
541.7865763148622
 21
412.0676076738751
 31
0.0
  0
SPLINE
  5
265D
330
70
100
AcDbEntity
  8
Visible
100
AcDbSpline
210
0.0
220
0.0
230
1.0
 70
     8
 71
     3
 72
     8
 73
     4
 74
     0
 42
0.000000001
 43
0.0000000001
 40
-3.0
 40
-3.0
 40
-3.0
 40
-3.0
 40
-2.0
 40
-2.0
 40
-2.0
 40
-2.0
 10
541.2865767909828
 20
425.5676074462404
 30
0.0
 10
541.5627191658971
 20
425.5676074462404
 30
0.0
 10
541.7865767909829
 20
425.3437498211548
 30
0.0
 10
541.7865767909829
 20
425.0676074462405
 30
0.0
  0
LINE
  5
265E
330
70
100
AcDbEntity
  8
Visible
100
AcDbLine
 10
525.9053263148622
 20
425.5676076738752
 30
0.0
 11
541.2865763148623
 21
425.5676076738752
 31
0.0
  0
SPLINE
  5
265F
330
70
100
AcDbEntity
  8
Visible
100
AcDbSpline
210
0.0
220
0.0
230
1.0
 70
     8
 71
     3
 72
     8
 73
     4
 74
     0
 42
0.000000001
 43
0.0000000001
 40
-5.0
 40
-5.0
 40
-5.0
 40
-5.0
 40
-4.0
 40
-4.0
 40
-4.0
 40
-4.0
 10
525.4053267909824
 20
425.0676074462405
 30
0.0
 10
525.4053267909824
 20
425.3437498211548
 30
0.0
 10
525.6291844160663
 20
425.5676074462404
 30
0.0
 10
525.9053267909826
 20
425.5676074462404
 30
0.0
  0
LINE
  5
2660
330
70
100
AcDbEntity
  8
Visible
100
AcDbLine
 10
525.4053263148622
 20
412.0676076738751
 30
0.0
 11
525.4053263148622
 21
425.0676076738752
 31
0.0
  0
SPLINE
  5
2661
330
70
100
AcDbEntity
  8
Visible
100
AcDbSpline
210
0.0
220
0.0
230
1.0
 70
     8
 71
     3
 72
     8
 73
     4
 74
     0
 42
0.000000001
 43
0.0000000001
 40
-7.0
 40
-7.0
 40
-7.0
 40
-7.0
 40
-6.0
 40
-6.0
 40
-6.0
 40
-6.0
 10
525.9053267909826
 20
411.5676074462387
 30
0.0
 10
525.6291844160663
 20
411.5676074462387
 30
0.0
 10
525.4053267909824
 20
411.7914650713244
 30
0.0
 10
525.4053267909824
 20
412.0676074462406
 30
0.0
  0
LINE
  5
2662
330
70
100
AcDbEntity
  8
Visible
100
AcDbLine
 10
779.4115763148623
 20
430.6176076738752
 30
0.0
 11
766.4115763148622
 21
430.6176076738752
 31
0.0
  0
SPLINE
  5
2663
330
70
100
AcDbEntity
  8
Visible
100
AcDbSpline
210
0.0
220
0.0
230
1.0
 70
     8
 71
     3
 72
     8
 73
     4
 74
     0
 42
0.000000001
 43
0.0000000001
 40
-1.0
 40
-1.0
 40
-1.0
 40
-1.0
 40
0.0
 40
0.0
 40
0.0
 40
0.0
 10
779.9115767909828
 20
431.1176074462397
 30
0.0
 10
779.9115767909828
 20
430.8414650713237
 30
0.0
 10
779.687719165897
 20
430.6176074462397
 30
0.0
 10
779.4115767909828
 20
430.6176074462397
 30
0.0
  0
LINE
  5
2664
330
70
100
AcDbEntity
  8
Visible
100
AcDbLine
 10
779.9115763148622
 20
444.1176076738752
 30
0.0
 11
779.9115763148622
 21
431.1176076738751
 31
0.0
  0
SPLINE
  5
2665
330
70
100
AcDbEntity
  8
Visible
100
AcDbSpline
210
0.0
220
0.0
230
1.0
 70
     8
 71
     3
 72
     8
 73
     4
 74
     0
 42
0.000000001
 43
0.0000000001
 40
-3.0
 40
-3.0
 40
-3.0
 40
-3.0
 40
-2.0
 40
-2.0
 40
-2.0
 40
-2.0
 10
779.4115767909828
 20
444.6176074462397
 30
0.0
 10
779.687719165897
 20
444.6176074462397
 30
0.0
 10
779.9115767909828
 20
444.393749821156
 30
0.0
 10
779.9115767909828
 20
444.1176074462397
 30
0.0
  0
LINE
  5
2666
330
70
100
AcDbEntity
  8
Visible
100
AcDbLine
 10
766.4115763148622
 20
444.6176076738752
 30
0.0
 11
779.4115763148623
 21
444.6176076738752
 31
0.0
  0
SPLINE
  5
2667
330
70
100
AcDbEntity
  8
Visible
100
AcDbSpline
210
0.0
220
0.0
230
1.0
 70
     8
 71
     3
 72
     8
 73
     4
 74
     0
 42
0.000000001
 43
0.0000000001
 40
-5.0
 40
-5.0
 40
-5.0
 40
-5.0
 40
-4.0
 40
-4.0
 40
-4.0
 40
-4.0
 10
765.9115767909828
 20
444.1176074462397
 30
0.0
 10
765.9115767909828
 20
444.393749821156
 30
0.0
 10
766.1354344160665
 20
444.6176074462397
 30
0.0
 10
766.4115767909828
 20
444.6176074462397
 30
0.0
  0
LINE
  5
2668
330
70
100
AcDbEntity
  8
Visible
100
AcDbLine
 10
765.9115763148622
 20
431.1176076738751
 30
0.0
 11
765.9115763148622
 21
444.1176076738752
 31
0.0
  0
SPLINE
  5
2669
330
70
100
AcDbEntity
  8
Visible
100
AcDbSpline
210
0.0
220
0.0
230
1.0
 70
     8
 71
     3
 72
     8
 73
     4
 74
     0
 42
0.000000001
 43
0.0000000001
 40
-7.0
 40
-7.0
 40
-7.0
 40
-7.0
 40
-6.0
 40
-6.0
 40
-6.0
 40
-6.0
 10
766.4115767909828
 20
430.6176074462397
 30
0.0
 10
766.1354344160665
 20
430.6176074462397
 30
0.0
 10
765.9115767909828
 20
430.8414650713237
 30
0.0
 10
765.9115767909828
 20
431.1176074462397
 30
0.0
  0
LINE
  5
266A
330
70
100
AcDbEntity
  8
Visible
100
AcDbLine
 10
753.2178263148622
 20
430.6176076738752
 30
0.0
 11
740.2178263148622
 21
430.6176076738752
 31
0.0
  0
SPLINE
  5
266B
330
70
100
AcDbEntity
  8
Visible
100
AcDbSpline
210
0.0
220
0.0
230
1.0
 70
     8
 71
     3
 72
     8
 73
     4
 74
     0
 42
0.000000001
 43
0.0000000001
 40
-1.0
 40
-1.0
 40
-1.0
 40
-1.0
 40
0.0
 40
0.0
 40
0.0
 40
0.0
 10
753.7178267909824
 20
431.1176074462397
 30
0.0
 10
753.7178267909824
 20
430.8414650713237
 30
0.0
 10
753.4939691658985
 20
430.6176074462397
 30
0.0
 10
753.2178267909825
 20
430.6176074462397
 30
0.0
  0
LINE
  5
266C
330
70
100
AcDbEntity
  8
Visible
100
AcDbLine
 10
753.7178263148622
 20
444.1176076738752
 30
0.0
 11
753.7178263148622
 21
431.1176076738751
 31
0.0
  0
SPLINE
  5
266D
330
70
100
AcDbEntity
  8
Visible
100
AcDbSpline
210
0.0
220
0.0
230
1.0
 70
     8
 71
     3
 72
     8
 73
     4
 74
     0
 42
0.000000001
 43
0.0000000001
 40
-3.0
 40
-3.0
 40
-3.0
 40
-3.0
 40
-2.0
 40
-2.0
 40
-2.0
 40
-2.0
 10
753.2178267909825
 20
444.6176074462397
 30
0.0
 10
753.4939691658985
 20
444.6176074462397
 30
0.0
 10
753.7178267909824
 20
444.393749821156
 30
0.0
 10
753.7178267909824
 20
444.1176074462397
 30
0.0
  0
LINE
  5
266E
330
70
100
AcDbEntity
  8
Visible
100
AcDbLine
 10
740.2178263148622
 20
444.6176076738752
 30
0.0
 11
753.2178263148622
 21
444.6176076738752
 31
0.0
  0
SPLINE
  5
266F
330
70
100
AcDbEntity
  8
Visible
100
AcDbSpline
210
0.0
220
0.0
230
1.0
 70
     8
 71
     3
 72
     8
 73
     4
 74
     0
 42
0.000000001
 43
0.0000000001
 40
-5.0
 40
-5.0
 40
-5.0
 40
-5.0
 40
-4.0
 40
-4.0
 40
-4.0
 40
-4.0
 10
739.7178267909825
 20
444.1176074462397
 30
0.0
 10
739.7178267909825
 20
444.393749821156
 30
0.0
 10
739.9416844160681
 20
444.6176074462397
 30
0.0
 10
740.2178267909825
 20
444.6176074462397
 30
0.0
  0
LINE
  5
2670
330
70
100
AcDbEntity
  8
Visible
100
AcDbLine
 10
739.7178263148622
 20
431.1176076738751
 30
0.0
 11
739.7178263148622
 21
444.1176076738752
 31
0.0
  0
SPLINE
  5
2671
330
70
100
AcDbEntity
  8
Visible
100
AcDbSpline
210
0.0
220
0.0
230
1.0
 70
     8
 71
     3
 72
     8
 73
     4
 74
     0
 42
0.000000001
 43
0.0000000001
 40
-7.0
 40
-7.0
 40
-7.0
 40
-7.0
 40
-6.0
 40
-6.0
 40
-6.0
 40
-6.0
 10
740.2178267909825
 20
430.6176074462397
 30
0.0
 10
739.9416844160681
 20
430.6176074462397
 30
0.0
 10
739.7178267909825
 20
430.8414650713237
 30
0.0
 10
739.7178267909825
 20
431.1176074462397
 30
0.0
  0
LINE
  5
2672
330
70
100
AcDbEntity
  8
Visible
100
AcDbLine
 10
517.4740763148622
 20
411.5676076738751
 30
0.0
 11
502.0928263148622
 21
411.5676076738751
 31
0.0
  0
SPLINE
  5
2673
330
70
100
AcDbEntity
  8
Visible
100
AcDbSpline
210
0.0
220
0.0
230
1.0
 70
     8
 71
     3
 72
     8
 73
     4
 74
     0
 42
0.000000001
 43
0.0000000001
 40
-1.0
 40
-1.0
 40
-1.0
 40
-1.0
 40
0.0
 40
0.0
 40
0.0
 40
0.0
 10
517.9740767909828
 20
412.0676074462406
 30
0.0
 10
517.9740767909828
 20
411.7914650713244
 30
0.0
 10
517.7502191658971
 20
411.5676074462387
 30
0.0
 10
517.4740767909828
 20
411.5676074462387
 30
0.0
  0
LINE
  5
2674
330
70
100
AcDbEntity
  8
Visible
100
AcDbLine
 10
517.9740763148624
 20
425.0676076738752
 30
0.0
 11
517.9740763148624
 21
412.0676076738751
 31
0.0
  0
SPLINE
  5
2675
330
70
100
AcDbEntity
  8
Visible
100
AcDbSpline
210
0.0
220
0.0
230
1.0
 70
     8
 71
     3
 72
     8
 73
     4
 74
     0
 42
0.000000001
 43
0.0000000001
 40
-3.0
 40
-3.0
 40
-3.0
 40
-3.0
 40
-2.0
 40
-2.0
 40
-2.0
 40
-2.0
 10
517.4740767909828
 20
425.5676074462404
 30
0.0
 10
517.7502191658971
 20
425.5676074462404
 30
0.0
 10
517.9740767909828
 20
425.3437498211548
 30
0.0
 10
517.9740767909828
 20
425.0676074462405
 30
0.0
  0
LINE
  5
2676
330
70
100
AcDbEntity
  8
Visible
100
AcDbLine
 10
502.0928263148622
 20
425.5676076738752
 30
0.0
 11
517.4740763148622
 21
425.5676076738752
 31
0.0
  0
SPLINE
  5
2677
330
70
100
AcDbEntity
  8
Visible
100
AcDbSpline
210
0.0
220
0.0
230
1.0
 70
     8
 71
     3
 72
     8
 73
     4
 74
     0
 42
0.000000001
 43
0.0000000001
 40
-5.0
 40
-5.0
 40
-5.0
 40
-5.0
 40
-4.0
 40
-4.0
 40
-4.0
 40
-4.0
 10
501.5928267909826
 20
425.0676074462405
 30
0.0
 10
501.5928267909826
 20
425.3437498211548
 30
0.0
 10
501.8166844160663
 20
425.5676074462404
 30
0.0
 10
502.0928267909825
 20
425.5676074462404
 30
0.0
  0
LINE
  5
2678
330
70
100
AcDbEntity
  8
Visible
100
AcDbLine
 10
501.5928263148622
 20
412.0676076738751
 30
0.0
 11
501.5928263148622
 21
425.0676076738752
 31
0.0
  0
SPLINE
  5
2679
330
70
100
AcDbEntity
  8
Visible
100
AcDbSpline
210
0.0
220
0.0
230
1.0
 70
     8
 71
     3
 72
     8
 73
     4
 74
     0
 42
0.000000001
 43
0.0000000001
 40
-7.0
 40
-7.0
 40
-7.0
 40
-7.0
 40
-6.0
 40
-6.0
 40
-6.0
 40
-6.0
 10
502.0928267909825
 20
411.5676074462387
 30
0.0
 10
501.8166844160663
 20
411.5676074462387
 30
0.0
 10
501.5928267909826
 20
411.7914650713244
 30
0.0
 10
501.5928267909826
 20
412.0676074462406
 30
0.0
  0
LINE
  5
267A
330
70
100
AcDbEntity
  8
Visible
100
AcDbLine
 10
798.4615763148621
 20
430.6176076738752
 30
0.0
 11
785.4615763148622
 21
430.6176076738752
 31
0.0
  0
SPLINE
  5
267B
330
70
100
AcDbEntity
  8
Visible
100
AcDbSpline
210
0.0
220
0.0
230
1.0
 70
     8
 71
     3
 72
     8
 73
     4
 74
     0
 42
0.000000001
 43
0.0000000001
 40
-1.0
 40
-1.0
 40
-1.0
 40
-1.0
 40
0.0
 40
0.0
 40
0.0
 40
0.0
 10
798.9615767909819
 20
431.1176074462397
 30
0.0
 10
798.9615767909819
 20
430.8414650713237
 30
0.0
 10
798.7377191658981
 20
430.6176074462397
 30
0.0
 10
798.4615767909819
 20
430.6176074462397
 30
0.0
  0
LINE
  5
267C
330
70
100
AcDbEntity
  8
Visible
100
AcDbLine
 10
798.9615763148621
 20
444.1176076738752
 30
0.0
 11
798.9615763148621
 21
431.1176076738751
 31
0.0
  0
SPLINE
  5
267D
330
70
100
AcDbEntity
  8
Visible
100
AcDbSpline
210
0.0
220
0.0
230
1.0
 70
     8
 71
     3
 72
     8
 73
     4
 74
     0
 42
0.000000001
 43
0.0000000001
 40
-3.0
 40
-3.0
 40
-3.0
 40
-3.0
 40
-2.0
 40
-2.0
 40
-2.0
 40
-2.0
 10
798.4615767909819
 20
444.6176074462397
 30
0.0
 10
798.7377191658981
 20
444.6176074462397
 30
0.0
 10
798.9615767909819
 20
444.393749821156
 30
0.0
 10
798.9615767909819
 20
444.1176074462397
 30
0.0
  0
LINE
  5
267E
330
70
100
AcDbEntity
  8
Visible
100
AcDbLine
 10
785.4615763148622
 20
444.6176076738752
 30
0.0
 11
798.4615763148621
 21
444.6176076738752
 31
0.0
  0
SPLINE
  5
267F
330
70
100
AcDbEntity
  8
Visible
100
AcDbSpline
210
0.0
220
0.0
230
1.0
 70
     8
 71
     3
 72
     8
 73
     4
 74
     0
 42
0.000000001
 43
0.0000000001
 40
-5.0
 40
-5.0
 40
-5.0
 40
-5.0
 40
-4.0
 40
-4.0
 40
-4.0
 40
-4.0
 10
784.9615767909819
 20
444.1176074462397
 30
0.0
 10
784.9615767909819
 20
444.393749821156
 30
0.0
 10
785.1854344160678
 20
444.6176074462397
 30
0.0
 10
785.461576790982
 20
444.6176074462397
 30
0.0
  0
LINE
  5
2680
330
70
100
AcDbEntity
  8
Visible
100
AcDbLine
 10
784.9615763148622
 20
431.1176076738751
 30
0.0
 11
784.9615763148622
 21
444.1176076738752
 31
0.0
  0
SPLINE
  5
2681
330
70
100
AcDbEntity
  8
Visible
100
AcDbSpline
210
0.0
220
0.0
230
1.0
 70
     8
 71
     3
 72
     8
 73
     4
 74
     0
 42
0.000000001
 43
0.0000000001
 40
-7.0
 40
-7.0
 40
-7.0
 40
-7.0
 40
-6.0
 40
-6.0
 40
-6.0
 40
-6.0
 10
785.461576790982
 20
430.6176074462397
 30
0.0
 10
785.1854344160678
 20
430.6176074462397
 30
0.0
 10
784.9615767909819
 20
430.8414650713237
 30
0.0
 10
784.9615767909819
 20
431.1176074462397
 30
0.0
  0
LINE
  5
2682
330
70
100
AcDbEntity
  8
Visible
100
AcDbLine
 10
785.4615763148622
 20
463.6676076738751
 30
0.0
 11
798.4615763148621
 21
463.6676076738751
 31
0.0
  0
SPLINE
  5
2683
330
70
100
AcDbEntity
  8
Visible
100
AcDbSpline
210
0.0
220
0.0
230
1.0
 70
     8
 71
     3
 72
     8
 73
     4
 74
     0
 42
0.000000001
 43
0.0000000001
 40
5.0
 40
5.0
 40
5.0
 40
5.0
 40
6.0
 40
6.0
 40
6.0
 40
6.0
 10
784.9615767909819
 20
463.1676074462408
 30
0.0
 10
784.9615767909819
 20
463.4437498211553
 30
0.0
 10
785.1854344160678
 20
463.667607446239
 30
0.0
 10
785.461576790982
 20
463.667607446239
 30
0.0
  0
LINE
  5
2684
330
70
100
AcDbEntity
  8
Visible
100
AcDbLine
 10
784.9615763148622
 20
450.1676076738752
 30
0.0
 11
784.9615763148622
 21
463.1676076738751
 31
0.0
  0
SPLINE
  5
2685
330
70
100
AcDbEntity
  8
Visible
100
AcDbSpline
210
0.0
220
0.0
230
1.0
 70
     8
 71
     3
 72
     8
 73
     4
 74
     0
 42
0.000000001
 43
0.0000000001
 40
3.0
 40
3.0
 40
3.0
 40
3.0
 40
4.0
 40
4.0
 40
4.0
 40
4.0
 10
785.461576790982
 20
449.6676074462408
 30
0.0
 10
785.1854344160678
 20
449.6676074462408
 30
0.0
 10
784.9615767909819
 20
449.8914650713246
 30
0.0
 10
784.9615767909819
 20
450.1676074462391
 30
0.0
  0
LINE
  5
2686
330
70
100
AcDbEntity
  8
Visible
100
AcDbLine
 10
798.4615763148621
 20
449.6676076738752
 30
0.0
 11
785.4615763148622
 21
449.6676076738752
 31
0.0
  0
SPLINE
  5
2687
330
70
100
AcDbEntity
  8
Visible
100
AcDbSpline
210
0.0
220
0.0
230
1.0
 70
     8
 71
     3
 72
     8
 73
     4
 74
     0
 42
0.000000001
 43
0.0000000001
 40
1.0
 40
1.0
 40
1.0
 40
1.0
 40
2.0
 40
2.0
 40
2.0
 40
2.0
 10
798.9615767909819
 20
450.1676074462391
 30
0.0
 10
798.9615767909819
 20
449.8914650713246
 30
0.0
 10
798.7377191658981
 20
449.6676074462408
 30
0.0
 10
798.4615767909819
 20
449.6676074462408
 30
0.0
  0
LINE
  5
2688
330
70
100
AcDbEntity
  8
Visible
100
AcDbLine
 10
798.9615763148621
 20
463.1676076738751
 30
0.0
 11
798.9615763148621
 21
450.1676076738752
 31
0.0
  0
SPLINE
  5
2689
330
70
100
AcDbEntity
  8
Visible
100
AcDbSpline
210
0.0
220
0.0
230
1.0
 70
     8
 71
     3
 72
     8
 73
     4
 74
     0
 42
0.000000001
 43
0.0000000001
 40
7.0
 40
7.0
 40
7.0
 40
7.0
 40
8.0
 40
8.0
 40
8.0
 40
8.0
 10
798.4615767909819
 20
463.667607446239
 30
0.0
 10
798.7377191658981
 20
463.667607446239
 30
0.0
 10
798.9615767909819
 20
463.4437498211553
 30
0.0
 10
798.9615767909819
 20
463.1676074462408
 30
0.0
  0
LINE
  5
268A
330
70
100
AcDbEntity
  8
Visible
100
AcDbLine
 10
785.4615763148622
 20
482.7176076738751
 30
0.0
 11
798.4615763148621
 21
482.7176076738751
 31
0.0
  0
SPLINE
  5
268B
330
70
100
AcDbEntity
  8
Visible
100
AcDbSpline
210
0.0
220
0.0
230
1.0
 70
     8
 71
     3
 72
     8
 73
     4
 74
     0
 42
0.000000001
 43
0.0000000001
 40
5.0
 40
5.0
 40
5.0
 40
5.0
 40
6.0
 40
6.0
 40
6.0
 40
6.0
 10
784.9615767909819
 20
482.2176074462401
 30
0.0
 10
784.9615767909819
 20
482.4937498211562
 30
0.0
 10
785.1854344160678
 20
482.7176074462401
 30
0.0
 10
785.461576790982
 20
482.7176074462401
 30
0.0
  0
LINE
  5
268C
330
70
100
AcDbEntity
  8
Visible
100
AcDbLine
 10
784.9615763148622
 20
469.2176076738751
 30
0.0
 11
784.9615763148622
 21
482.2176076738751
 31
0.0
  0
SPLINE
  5
268D
330
70
100
AcDbEntity
  8
Visible
100
AcDbSpline
210
0.0
220
0.0
230
1.0
 70
     8
 71
     3
 72
     8
 73
     4
 74
     0
 42
0.000000001
 43
0.0000000001
 40
3.0
 40
3.0
 40
3.0
 40
3.0
 40
4.0
 40
4.0
 40
4.0
 40
4.0
 10
785.461576790982
 20
468.7176074462402
 30
0.0
 10
785.1854344160678
 20
468.7176074462402
 30
0.0
 10
784.9615767909819
 20
468.9414650713239
 30
0.0
 10
784.9615767909819
 20
469.2176074462401
 30
0.0
  0
LINE
  5
268E
330
70
100
AcDbEntity
  8
Visible
100
AcDbLine
 10
798.4615763148621
 20
468.7176076738751
 30
0.0
 11
785.4615763148622
 21
468.7176076738751
 31
0.0
  0
SPLINE
  5
268F
330
70
100
AcDbEntity
  8
Visible
100
AcDbSpline
210
0.0
220
0.0
230
1.0
 70
     8
 71
     3
 72
     8
 73
     4
 74
     0
 42
0.000000001
 43
0.0000000001
 40
1.0
 40
1.0
 40
1.0
 40
1.0
 40
2.0
 40
2.0
 40
2.0
 40
2.0
 10
798.9615767909819
 20
469.2176074462401
 30
0.0
 10
798.9615767909819
 20
468.9414650713239
 30
0.0
 10
798.7377191658981
 20
468.7176074462402
 30
0.0
 10
798.4615767909819
 20
468.7176074462402
 30
0.0
  0
LINE
  5
2690
330
70
100
AcDbEntity
  8
Visible
100
AcDbLine
 10
798.9615763148621
 20
482.2176076738751
 30
0.0
 11
798.9615763148621
 21
469.2176076738751
 31
0.0
  0
SPLINE
  5
2691
330
70
100
AcDbEntity
  8
Visible
100
AcDbSpline
210
0.0
220
0.0
230
1.0
 70
     8
 71
     3
 72
     8
 73
     4
 74
     0
 42
0.000000001
 43
0.0000000001
 40
7.0
 40
7.0
 40
7.0
 40
7.0
 40
8.0
 40
8.0
 40
8.0
 40
8.0
 10
798.4615767909819
 20
482.7176074462401
 30
0.0
 10
798.7377191658981
 20
482.7176074462401
 30
0.0
 10
798.9615767909819
 20
482.4937498211562
 30
0.0
 10
798.9615767909819
 20
482.2176074462401
 30
0.0
  0
LINE
  5
2692
330
70
100
AcDbEntity
  8
Visible
100
AcDbLine
 10
798.4615763148621
 20
487.767607673875
 30
0.0
 11
785.4615763148622
 21
487.767607673875
 31
0.0
  0
SPLINE
  5
2693
330
70
100
AcDbEntity
  8
Visible
100
AcDbSpline
210
0.0
220
0.0
230
1.0
 70
     8
 71
     3
 72
     8
 73
     4
 74
     0
 42
0.000000001
 43
0.0000000001
 40
-1.0
 40
-1.0
 40
-1.0
 40
-1.0
 40
0.0
 40
0.0
 40
0.0
 40
0.0
 10
798.9615767909819
 20
488.2676074462394
 30
0.0
 10
798.9615767909819
 20
487.991465071325
 30
0.0
 10
798.7377191658981
 20
487.7676074462394
 30
0.0
 10
798.4615767909819
 20
487.7676074462394
 30
0.0
  0
LINE
  5
2694
330
70
100
AcDbEntity
  8
Visible
100
AcDbLine
 10
798.9615763148621
 20
501.2676076738751
 30
0.0
 11
798.9615763148621
 21
488.2676076738751
 31
0.0
  0
SPLINE
  5
2695
330
70
100
AcDbEntity
  8
Visible
100
AcDbSpline
210
0.0
220
0.0
230
1.0
 70
     8
 71
     3
 72
     8
 73
     4
 74
     0
 42
0.000000001
 43
0.0000000001
 40
-3.0
 40
-3.0
 40
-3.0
 40
-3.0
 40
-2.0
 40
-2.0
 40
-2.0
 40
-2.0
 10
798.4615767909819
 20
501.7676074462395
 30
0.0
 10
798.7377191658981
 20
501.7676074462395
 30
0.0
 10
798.9615767909819
 20
501.5437498211555
 30
0.0
 10
798.9615767909819
 20
501.2676074462413
 30
0.0
  0
LINE
  5
2696
330
70
100
AcDbEntity
  8
Visible
100
AcDbLine
 10
785.4615763148622
 20
501.7676076738752
 30
0.0
 11
798.4615763148621
 21
501.7676076738752
 31
0.0
  0
SPLINE
  5
2697
330
70
100
AcDbEntity
  8
Visible
100
AcDbSpline
210
0.0
220
0.0
230
1.0
 70
     8
 71
     3
 72
     8
 73
     4
 74
     0
 42
0.000000001
 43
0.0000000001
 40
-5.0
 40
-5.0
 40
-5.0
 40
-5.0
 40
-4.0
 40
-4.0
 40
-4.0
 40
-4.0
 10
784.9615767909819
 20
501.2676074462413
 30
0.0
 10
784.9615767909819
 20
501.5437498211555
 30
0.0
 10
785.1854344160678
 20
501.7676074462412
 30
0.0
 10
785.461576790982
 20
501.7676074462412
 30
0.0
  0
LINE
  5
2698
330
70
100
AcDbEntity
  8
Visible
100
AcDbLine
 10
784.9615763148622
 20
488.2676076738751
 30
0.0
 11
784.9615763148622
 21
501.2676076738751
 31
0.0
  0
SPLINE
  5
2699
330
70
100
AcDbEntity
  8
Visible
100
AcDbSpline
210
0.0
220
0.0
230
1.0
 70
     8
 71
     3
 72
     8
 73
     4
 74
     0
 42
0.000000001
 43
0.0000000001
 40
-7.0
 40
-7.0
 40
-7.0
 40
-7.0
 40
-6.0
 40
-6.0
 40
-6.0
 40
-6.0
 10
785.461576790982
 20
487.7676074462413
 30
0.0
 10
785.1854344160678
 20
487.7676074462413
 30
0.0
 10
784.9615767909819
 20
487.991465071325
 30
0.0
 10
784.9615767909819
 20
488.2676074462394
 30
0.0
  0
LINE
  5
269A
330
70
100
AcDbEntity
  8
Visible
100
AcDbLine
 10
517.4740763148622
 20
468.7176076738751
 30
0.0
 11
504.4740763148623
 21
468.7176076738751
 31
0.0
  0
SPLINE
  5
269B
330
70
100
AcDbEntity
  8
Visible
100
AcDbSpline
210
0.0
220
0.0
230
1.0
 70
     8
 71
     3
 72
     8
 73
     4
 74
     0
 42
0.000000001
 43
0.0000000001
 40
-1.0
 40
-1.0
 40
-1.0
 40
-1.0
 40
0.0
 40
0.0
 40
0.0
 40
0.0
 10
517.9740767909828
 20
469.2176074462401
 30
0.0
 10
517.9740767909828
 20
468.9414650713239
 30
0.0
 10
517.7502191658971
 20
468.7176074462402
 30
0.0
 10
517.4740767909828
 20
468.7176074462402
 30
0.0
  0
LINE
  5
269C
330
70
100
AcDbEntity
  8
Visible
100
AcDbLine
 10
517.9740763148624
 20
482.2176076738751
 30
0.0
 11
517.9740763148624
 21
469.2176076738751
 31
0.0
  0
SPLINE
  5
269D
330
70
100
AcDbEntity
  8
Visible
100
AcDbSpline
210
0.0
220
0.0
230
1.0
 70
     8
 71
     3
 72
     8
 73
     4
 74
     0
 42
0.000000001
 43
0.0000000001
 40
-3.0
 40
-3.0
 40
-3.0
 40
-3.0
 40
-2.0
 40
-2.0
 40
-2.0
 40
-2.0
 10
517.4740767909828
 20
482.7176074462401
 30
0.0
 10
517.7502191658971
 20
482.7176074462401
 30
0.0
 10
517.9740767909828
 20
482.4937498211562
 30
0.0
 10
517.9740767909828
 20
482.2176074462401
 30
0.0
  0
LINE
  5
269E
330
70
100
AcDbEntity
  8
Visible
100
AcDbLine
 10
504.4740763148623
 20
482.7176076738751
 30
0.0
 11
517.4740763148622
 21
482.7176076738751
 31
0.0
  0
SPLINE
  5
269F
330
70
100
AcDbEntity
  8
Visible
100
AcDbSpline
210
0.0
220
0.0
230
1.0
 70
     8
 71
     3
 72
     8
 73
     4
 74
     0
 42
0.000000001
 43
0.0000000001
 40
-5.0
 40
-5.0
 40
-5.0
 40
-5.0
 40
-4.0
 40
-4.0
 40
-4.0
 40
-4.0
 10
503.9740767909828
 20
482.2176074462401
 30
0.0
 10
503.9740767909828
 20
482.4937498211562
 30
0.0
 10
504.1979344160668
 20
482.7176074462401
 30
0.0
 10
504.4740767909829
 20
482.7176074462401
 30
0.0
  0
LINE
  5
26A0
330
70
100
AcDbEntity
  8
Visible
100
AcDbLine
 10
503.9740763148623
 20
469.2176076738751
 30
0.0
 11
503.9740763148623
 21
482.2176076738751
 31
0.0
  0
SPLINE
  5
26A1
330
70
100
AcDbEntity
  8
Visible
100
AcDbSpline
210
0.0
220
0.0
230
1.0
 70
     8
 71
     3
 72
     8
 73
     4
 74
     0
 42
0.000000001
 43
0.0000000001
 40
-7.0
 40
-7.0
 40
-7.0
 40
-7.0
 40
-6.0
 40
-6.0
 40
-6.0
 40
-6.0
 10
504.4740767909829
 20
468.7176074462402
 30
0.0
 10
504.1979344160668
 20
468.7176074462402
 30
0.0
 10
503.9740767909828
 20
468.9414650713239
 30
0.0
 10
503.9740767909828
 20
469.2176074462401
 30
0.0
  0
LINE
  5
26A2
330
70
100
AcDbEntity
  8
Visible
100
AcDbLine
 10
728.3115763148622
 20
501.7676076738752
 30
0.0
 11
741.3115763148622
 21
501.7676076738752
 31
0.0
  0
SPLINE
  5
26A3
330
70
100
AcDbEntity
  8
Visible
100
AcDbSpline
210
0.0
220
0.0
230
1.0
 70
     8
 71
     3
 72
     8
 73
     4
 74
     0
 42
0.000000001
 43
0.0000000001
 40
5.0
 40
5.0
 40
5.0
 40
5.0
 40
6.0
 40
6.0
 40
6.0
 40
6.0
 10
727.8115767909825
 20
501.2676074462413
 30
0.0
 10
727.8115767909825
 20
501.5437498211555
 30
0.0
 10
728.0354344160663
 20
501.7676074462412
 30
0.0
 10
728.3115767909825
 20
501.7676074462412
 30
0.0
  0
LINE
  5
26A4
330
70
100
AcDbEntity
  8
Visible
100
AcDbLine
 10
727.8115763148622
 20
488.2676076738751
 30
0.0
 11
727.8115763148622
 21
501.2676076738751
 31
0.0
  0
SPLINE
  5
26A5
330
70
100
AcDbEntity
  8
Visible
100
AcDbSpline
210
0.0
220
0.0
230
1.0
 70
     8
 71
     3
 72
     8
 73
     4
 74
     0
 42
0.000000001
 43
0.0000000001
 40
3.0
 40
3.0
 40
3.0
 40
3.0
 40
4.0
 40
4.0
 40
4.0
 40
4.0
 10
728.3115767909825
 20
487.7676074462394
 30
0.0
 10
728.0354344160663
 20
487.7676074462394
 30
0.0
 10
727.8115767909825
 20
487.991465071325
 30
0.0
 10
727.8115767909825
 20
488.2676074462394
 30
0.0
  0
LINE
  5
26A6
330
70
100
AcDbEntity
  8
Visible
100
AcDbLine
 10
741.3115763148622
 20
487.767607673875
 30
0.0
 11
728.3115763148622
 21
487.767607673875
 31
0.0
  0
SPLINE
  5
26A7
330
70
100
AcDbEntity
  8
Visible
100
AcDbSpline
210
0.0
220
0.0
230
1.0
 70
     8
 71
     3
 72
     8
 73
     4
 74
     0
 42
0.000000001
 43
0.0000000001
 40
1.0
 40
1.0
 40
1.0
 40
1.0
 40
2.0
 40
2.0
 40
2.0
 40
2.0
 10
741.8115767909824
 20
488.2676074462394
 30
0.0
 10
741.8115767909824
 20
487.991465071325
 30
0.0
 10
741.5877191658985
 20
487.7676074462394
 30
0.0
 10
741.3115767909824
 20
487.7676074462394
 30
0.0
  0
LINE
  5
26A8
330
70
100
AcDbEntity
  8
Visible
100
AcDbLine
 10
741.8115763148622
 20
501.2676076738751
 30
0.0
 11
741.8115763148622
 21
488.2676076738751
 31
0.0
  0
SPLINE
  5
26A9
330
70
100
AcDbEntity
  8
Visible
100
AcDbSpline
210
0.0
220
0.0
230
1.0
 70
     8
 71
     3
 72
     8
 73
     4
 74
     0
 42
0.000000001
 43
0.0000000001
 40
7.0
 40
7.0
 40
7.0
 40
7.0
 40
8.0
 40
8.0
 40
8.0
 40
8.0
 10
741.3115767909824
 20
501.7676074462395
 30
0.0
 10
741.5877191658985
 20
501.7676074462395
 30
0.0
 10
741.8115767909824
 20
501.5437498211555
 30
0.0
 10
741.8115767909824
 20
501.2676074462413
 30
0.0
  0
LINE
  5
26AA
330
70
100
AcDbEntity
  8
Visible
100
AcDbLine
 10
607.9615763148622
 20
487.767607673875
 30
0.0
 11
594.9615763148622
 21
487.767607673875
 31
0.0
  0
SPLINE
  5
26AB
330
70
100
AcDbEntity
  8
Visible
100
AcDbSpline
210
0.0
220
0.0
230
1.0
 70
     8
 71
     3
 72
     8
 73
     4
 74
     0
 42
0.000000001
 43
0.0000000001
 40
-1.0
 40
-1.0
 40
-1.0
 40
-1.0
 40
0.0
 40
0.0
 40
0.0
 40
0.0
 10
608.461576790982
 20
488.2676074462394
 30
0.0
 10
608.461576790982
 20
487.991465071325
 30
0.0
 10
608.2377191658983
 20
487.7676074462394
 30
0.0
 10
607.9615767909821
 20
487.7676074462394
 30
0.0
  0
LINE
  5
26AC
330
70
100
AcDbEntity
  8
Visible
100
AcDbLine
 10
608.4615763148621
 20
501.2676076738751
 30
0.0
 11
608.4615763148621
 21
488.2676076738751
 31
0.0
  0
SPLINE
  5
26AD
330
70
100
AcDbEntity
  8
Visible
100
AcDbSpline
210
0.0
220
0.0
230
1.0
 70
     8
 71
     3
 72
     8
 73
     4
 74
     0
 42
0.000000001
 43
0.0000000001
 40
-3.0
 40
-3.0
 40
-3.0
 40
-3.0
 40
-2.0
 40
-2.0
 40
-2.0
 40
-2.0
 10
607.9615767909821
 20
501.7676074462395
 30
0.0
 10
608.2377191658983
 20
501.7676074462395
 30
0.0
 10
608.461576790982
 20
501.5437498211555
 30
0.0
 10
608.461576790982
 20
501.2676074462395
 30
0.0
  0
LINE
  5
26AE
330
70
100
AcDbEntity
  8
Visible
100
AcDbLine
 10
594.9615763148622
 20
501.7676076738752
 30
0.0
 11
607.9615763148622
 21
501.7676076738752
 31
0.0
  0
SPLINE
  5
26AF
330
70
100
AcDbEntity
  8
Visible
100
AcDbSpline
210
0.0
220
0.0
230
1.0
 70
     8
 71
     3
 72
     8
 73
     4
 74
     0
 42
0.000000001
 43
0.0000000001
 40
-5.0
 40
-5.0
 40
-5.0
 40
-5.0
 40
-4.0
 40
-4.0
 40
-4.0
 40
-4.0
 10
594.4615767909821
 20
501.2676074462395
 30
0.0
 10
594.4615767909821
 20
501.5437498211555
 30
0.0
 10
594.6854344160677
 20
501.7676074462395
 30
0.0
 10
594.9615767909821
 20
501.7676074462395
 30
0.0
  0
LINE
  5
26B0
330
70
100
AcDbEntity
  8
Visible
100
AcDbLine
 10
594.4615763148622
 20
488.2676076738751
 30
0.0
 11
594.4615763148622
 21
501.2676076738751
 31
0.0
  0
SPLINE
  5
26B1
330
70
100
AcDbEntity
  8
Visible
100
AcDbSpline
210
0.0
220
0.0
230
1.0
 70
     8
 71
     3
 72
     8
 73
     4
 74
     0
 42
0.000000001
 43
0.0000000001
 40
-7.0
 40
-7.0
 40
-7.0
 40
-7.0
 40
-6.0
 40
-6.0
 40
-6.0
 40
-6.0
 10
594.9615767909821
 20
487.7676074462394
 30
0.0
 10
594.6854344160677
 20
487.7676074462394
 30
0.0
 10
594.4615767909821
 20
487.991465071325
 30
0.0
 10
594.4615767909821
 20
488.2676074462394
 30
0.0
  0
LINE
  5
26B2
330
70
100
AcDbEntity
  8
Visible
100
AcDbLine
 10
665.1115763148622
 20
487.767607673875
 30
0.0
 11
652.1115763148623
 21
487.767607673875
 31
0.0
  0
SPLINE
  5
26B3
330
70
100
AcDbEntity
  8
Visible
100
AcDbSpline
210
0.0
220
0.0
230
1.0
 70
     8
 71
     3
 72
     8
 73
     4
 74
     0
 42
0.000000001
 43
0.0000000001
 40
-1.0
 40
-1.0
 40
-1.0
 40
-1.0
 40
0.0
 40
0.0
 40
0.0
 40
0.0
 10
665.6115767909835
 20
488.2676074462394
 30
0.0
 10
665.6115767909835
 20
487.991465071325
 30
0.0
 10
665.3877191658978
 20
487.7676074462394
 30
0.0
 10
665.1115767909817
 20
487.7676074462394
 30
0.0
  0
LINE
  5
26B4
330
70
100
AcDbEntity
  8
Visible
100
AcDbLine
 10
665.6115763148622
 20
501.2676076738751
 30
0.0
 11
665.6115763148622
 21
488.2676076738751
 31
0.0
  0
SPLINE
  5
26B5
330
70
100
AcDbEntity
  8
Visible
100
AcDbSpline
210
0.0
220
0.0
230
1.0
 70
     8
 71
     3
 72
     8
 73
     4
 74
     0
 42
0.000000001
 43
0.0000000001
 40
-3.0
 40
-3.0
 40
-3.0
 40
-3.0
 40
-2.0
 40
-2.0
 40
-2.0
 40
-2.0
 10
665.1115767909817
 20
501.7676074462395
 30
0.0
 10
665.3877191658978
 20
501.7676074462395
 30
0.0
 10
665.6115767909835
 20
501.5437498211555
 30
0.0
 10
665.6115767909835
 20
501.2676074462395
 30
0.0
  0
LINE
  5
26B6
330
70
100
AcDbEntity
  8
Visible
100
AcDbLine
 10
652.1115763148623
 20
501.7676076738752
 30
0.0
 11
665.1115763148622
 21
501.7676076738752
 31
0.0
  0
SPLINE
  5
26B7
330
70
100
AcDbEntity
  8
Visible
100
AcDbSpline
210
0.0
220
0.0
230
1.0
 70
     8
 71
     3
 72
     8
 73
     4
 74
     0
 42
0.000000001
 43
0.0000000001
 40
-5.0
 40
-5.0
 40
-5.0
 40
-5.0
 40
-4.0
 40
-4.0
 40
-4.0
 40
-4.0
 10
651.6115767909817
 20
501.2676074462395
 30
0.0
 10
651.6115767909817
 20
501.5437498211555
 30
0.0
 10
651.8354344160674
 20
501.7676074462395
 30
0.0
 10
652.1115767909836
 20
501.7676074462395
 30
0.0
  0
LINE
  5
26B8
330
70
100
AcDbEntity
  8
Visible
100
AcDbLine
 10
651.6115763148623
 20
488.2676076738751
 30
0.0
 11
651.6115763148623
 21
501.2676076738751
 31
0.0
  0
SPLINE
  5
26B9
330
70
100
AcDbEntity
  8
Visible
100
AcDbSpline
210
0.0
220
0.0
230
1.0
 70
     8
 71
     3
 72
     8
 73
     4
 74
     0
 42
0.000000001
 43
0.0000000001
 40
-7.0
 40
-7.0
 40
-7.0
 40
-7.0
 40
-6.0
 40
-6.0
 40
-6.0
 40
-6.0
 10
652.1115767909836
 20
487.7676074462413
 30
0.0
 10
651.8354344160674
 20
487.7676074462413
 30
0.0
 10
651.6115767909817
 20
487.991465071325
 30
0.0
 10
651.6115767909817
 20
488.2676074462394
 30
0.0
  0
LINE
  5
26BA
330
70
100
AcDbEntity
  8
Visible
100
AcDbLine
 10
684.1615763148622
 20
487.767607673875
 30
0.0
 11
671.1615763148622
 21
487.767607673875
 31
0.0
  0
SPLINE
  5
26BB
330
70
100
AcDbEntity
  8
Visible
100
AcDbSpline
210
0.0
220
0.0
230
1.0
 70
     8
 71
     3
 72
     8
 73
     4
 74
     0
 42
0.000000001
 43
0.0000000001
 40
-1.0
 40
-1.0
 40
-1.0
 40
-1.0
 40
0.0
 40
0.0
 40
0.0
 40
0.0
 10
684.6615767909827
 20
488.2676074462394
 30
0.0
 10
684.6615767909827
 20
487.991465071325
 30
0.0
 10
684.4377191658971
 20
487.7676074462394
 30
0.0
 10
684.1615767909827
 20
487.7676074462394
 30
0.0
  0
LINE
  5
26BC
330
70
100
AcDbEntity
  8
Visible
100
AcDbLine
 10
684.6615763148622
 20
501.2676076738751
 30
0.0
 11
684.6615763148622
 21
488.2676076738751
 31
0.0
  0
SPLINE
  5
26BD
330
70
100
AcDbEntity
  8
Visible
100
AcDbSpline
210
0.0
220
0.0
230
1.0
 70
     8
 71
     3
 72
     8
 73
     4
 74
     0
 42
0.000000001
 43
0.0000000001
 40
-3.0
 40
-3.0
 40
-3.0
 40
-3.0
 40
-2.0
 40
-2.0
 40
-2.0
 40
-2.0
 10
684.1615767909827
 20
501.7676074462395
 30
0.0
 10
684.4377191658971
 20
501.7676074462395
 30
0.0
 10
684.6615767909827
 20
501.5437498211555
 30
0.0
 10
684.6615767909827
 20
501.2676074462395
 30
0.0
  0
LINE
  5
26BE
330
70
100
AcDbEntity
  8
Visible
100
AcDbLine
 10
671.1615763148622
 20
501.7676076738752
 30
0.0
 11
684.1615763148622
 21
501.7676076738752
 31
0.0
  0
SPLINE
  5
26BF
330
70
100
AcDbEntity
  8
Visible
100
AcDbSpline
210
0.0
220
0.0
230
1.0
 70
     8
 71
     3
 72
     8
 73
     4
 74
     0
 42
0.000000001
 43
0.0000000001
 40
-5.0
 40
-5.0
 40
-5.0
 40
-5.0
 40
-4.0
 40
-4.0
 40
-4.0
 40
-4.0
 10
670.6615767909828
 20
501.2676074462395
 30
0.0
 10
670.6615767909828
 20
501.5437498211555
 30
0.0
 10
670.8854344160686
 20
501.7676074462395
 30
0.0
 10
671.1615767909828
 20
501.7676074462395
 30
0.0
  0
LINE
  5
26C0
330
70
100
AcDbEntity
  8
Visible
100
AcDbLine
 10
670.6615763148622
 20
488.2676076738751
 30
0.0
 11
670.6615763148622
 21
501.2676076738751
 31
0.0
  0
SPLINE
  5
26C1
330
70
100
AcDbEntity
  8
Visible
100
AcDbSpline
210
0.0
220
0.0
230
1.0
 70
     8
 71
     3
 72
     8
 73
     4
 74
     0
 42
0.000000001
 43
0.0000000001
 40
-7.0
 40
-7.0
 40
-7.0
 40
-7.0
 40
-6.0
 40
-6.0
 40
-6.0
 40
-6.0
 10
671.1615767909828
 20
487.7676074462413
 30
0.0
 10
670.8854344160665
 20
487.7676074462413
 30
0.0
 10
670.6615767909828
 20
487.991465071325
 30
0.0
 10
670.6615767909828
 20
488.2676074462394
 30
0.0
  0
LINE
  5
26C2
330
70
100
AcDbEntity
  8
Visible
100
AcDbLine
 10
703.2115763148622
 20
487.767607673875
 30
0.0
 11
690.2115763148621
 21
487.767607673875
 31
0.0
  0
SPLINE
  5
26C3
330
70
100
AcDbEntity
  8
Visible
100
AcDbSpline
210
0.0
220
0.0
230
1.0
 70
     8
 71
     3
 72
     8
 73
     4
 74
     0
 42
0.000000001
 43
0.0000000001
 40
-1.0
 40
-1.0
 40
-1.0
 40
-1.0
 40
0.0
 40
0.0
 40
0.0
 40
0.0
 10
703.7115767909819
 20
488.2676074462394
 30
0.0
 10
703.7115767909819
 20
487.991465071325
 30
0.0
 10
703.4877191658981
 20
487.7676074462394
 30
0.0
 10
703.2115767909819
 20
487.7676074462394
 30
0.0
  0
LINE
  5
26C4
330
70
100
AcDbEntity
  8
Visible
100
AcDbLine
 10
703.7115763148622
 20
501.2676076738751
 30
0.0
 11
703.7115763148622
 21
488.2676076738751
 31
0.0
  0
SPLINE
  5
26C5
330
70
100
AcDbEntity
  8
Visible
100
AcDbSpline
210
0.0
220
0.0
230
1.0
 70
     8
 71
     3
 72
     8
 73
     4
 74
     0
 42
0.000000001
 43
0.0000000001
 40
-3.0
 40
-3.0
 40
-3.0
 40
-3.0
 40
-2.0
 40
-2.0
 40
-2.0
 40
-2.0
 10
703.2115767909819
 20
501.7676074462395
 30
0.0
 10
703.4877191658981
 20
501.7676074462395
 30
0.0
 10
703.7115767909819
 20
501.5437498211555
 30
0.0
 10
703.7115767909819
 20
501.2676074462413
 30
0.0
  0
LINE
  5
26C6
330
70
100
AcDbEntity
  8
Visible
100
AcDbLine
 10
690.2115763148621
 20
501.7676076738752
 30
0.0
 11
703.2115763148622
 21
501.7676076738752
 31
0.0
  0
SPLINE
  5
26C7
330
70
100
AcDbEntity
  8
Visible
100
AcDbSpline
210
0.0
220
0.0
230
1.0
 70
     8
 71
     3
 72
     8
 73
     4
 74
     0
 42
0.000000001
 43
0.0000000001
 40
-5.0
 40
-5.0
 40
-5.0
 40
-5.0
 40
-4.0
 40
-4.0
 40
-4.0
 40
-4.0
 10
689.7115767909821
 20
501.2676074462395
 30
0.0
 10
689.7115767909821
 20
501.5437498211555
 30
0.0
 10
689.9354344160677
 20
501.7676074462395
 30
0.0
 10
690.2115767909821
 20
501.7676074462395
 30
0.0
  0
LINE
  5
26C8
330
70
100
AcDbEntity
  8
Visible
100
AcDbLine
 10
689.7115763148621
 20
488.2676076738751
 30
0.0
 11
689.7115763148621
 21
501.2676076738751
 31
0.0
  0
SPLINE
  5
26C9
330
70
100
AcDbEntity
  8
Visible
100
AcDbSpline
210
0.0
220
0.0
230
1.0
 70
     8
 71
     3
 72
     8
 73
     4
 74
     0
 42
0.000000001
 43
0.0000000001
 40
-7.0
 40
-7.0
 40
-7.0
 40
-7.0
 40
-6.0
 40
-6.0
 40
-6.0
 40
-6.0
 10
690.2115767909821
 20
487.7676074462394
 30
0.0
 10
689.9354344160659
 20
487.7676074462413
 30
0.0
 10
689.7115767909821
 20
487.991465071325
 30
0.0
 10
689.7115767909821
 20
488.2676074462394
 30
0.0
  0
LINE
  5
26CA
330
70
100
AcDbEntity
  8
Visible
100
AcDbLine
 10
708.7615763148622
 20
488.2676076738751
 30
0.0
 11
708.7615763148622
 21
501.2676076738751
 31
0.0
  0
SPLINE
  5
26CB
330
70
100
AcDbEntity
  8
Visible
100
AcDbSpline
210
0.0
220
0.0
230
1.0
 70
     8
 71
     3
 72
     8
 73
     4
 74
     0
 42
0.000000001
 43
0.0000000001
 40
-1.0
 40
-1.0
 40
-1.0
 40
-1.0
 40
0.0
 40
0.0
 40
0.0
 40
0.0
 10
709.2615767909832
 20
487.7676074462413
 30
0.0
 10
708.985434416067
 20
487.7676074462413
 30
0.0
 10
708.7615767909832
 20
487.991465071325
 30
0.0
 10
708.7615767909832
 20
488.2676074462394
 30
0.0
  0
LINE
  5
26CC
330
70
100
AcDbEntity
  8
Visible
100
AcDbLine
 10
722.2615763148622
 20
487.767607673875
 30
0.0
 11
709.2615763148622
 21
487.767607673875
 31
0.0
  0
SPLINE
  5
26CD
330
70
100
AcDbEntity
  8
Visible
100
AcDbSpline
210
0.0
220
0.0
230
1.0
 70
     8
 71
     3
 72
     8
 73
     4
 74
     0
 42
0.000000001
 43
0.0000000001
 40
-3.0
 40
-3.0
 40
-3.0
 40
-3.0
 40
-2.0
 40
-2.0
 40
-2.0
 40
-2.0
 10
722.761576790983
 20
488.2676074462394
 30
0.0
 10
722.761576790983
 20
487.991465071325
 30
0.0
 10
722.5377191658975
 20
487.7676074462394
 30
0.0
 10
722.2615767909831
 20
487.7676074462394
 30
0.0
  0
LINE
  5
26CE
330
70
100
AcDbEntity
  8
Visible
100
AcDbLine
 10
722.7615763148622
 20
501.2676076738751
 30
0.0
 11
722.7615763148622
 21
488.2676076738751
 31
0.0
  0
SPLINE
  5
26CF
330
70
100
AcDbEntity
  8
Visible
100
AcDbSpline
210
0.0
220
0.0
230
1.0
 70
     8
 71
     3
 72
     8
 73
     4
 74
     0
 42
0.000000001
 43
0.0000000001
 40
-5.0
 40
-5.0
 40
-5.0
 40
-5.0
 40
-4.0
 40
-4.0
 40
-4.0
 40
-4.0
 10
722.2615767909831
 20
501.7676074462395
 30
0.0
 10
722.5377191658975
 20
501.7676074462395
 30
0.0
 10
722.761576790983
 20
501.5437498211555
 30
0.0
 10
722.761576790983
 20
501.2676074462413
 30
0.0
  0
LINE
  5
26D0
330
70
100
AcDbEntity
  8
Visible
100
AcDbLine
 10
709.2615763148622
 20
501.7676076738752
 30
0.0
 11
722.2615763148622
 21
501.7676076738752
 31
0.0
  0
SPLINE
  5
26D1
330
70
100
AcDbEntity
  8
Visible
100
AcDbSpline
210
0.0
220
0.0
230
1.0
 70
     8
 71
     3
 72
     8
 73
     4
 74
     0
 42
0.000000001
 43
0.0000000001
 40
-7.0
 40
-7.0
 40
-7.0
 40
-7.0
 40
-6.0
 40
-6.0
 40
-6.0
 40
-6.0
 10
708.7615767909832
 20
501.2676074462413
 30
0.0
 10
708.7615767909832
 20
501.5437498211555
 30
0.0
 10
708.985434416067
 20
501.7676074462412
 30
0.0
 10
709.2615767909832
 20
501.7676074462412
 30
0.0
  0
LINE
  5
26D2
330
70
100
AcDbEntity
  8
Visible
100
AcDbLine
 10
627.0115763148623
 20
487.767607673875
 30
0.0
 11
614.0115763148623
 21
487.767607673875
 31
0.0
  0
SPLINE
  5
26D3
330
70
100
AcDbEntity
  8
Visible
100
AcDbSpline
210
0.0
220
0.0
230
1.0
 70
     8
 71
     3
 72
     8
 73
     4
 74
     0
 42
0.000000001
 43
0.0000000001
 40
-1.0
 40
-1.0
 40
-1.0
 40
-1.0
 40
0.0
 40
0.0
 40
0.0
 40
0.0
 10
627.5115767909832
 20
488.2676074462394
 30
0.0
 10
627.5115767909832
 20
487.991465071325
 30
0.0
 10
627.2877191658976
 20
487.7676074462394
 30
0.0
 10
627.0115767909832
 20
487.7676074462394
 30
0.0
  0
LINE
  5
26D4
330
70
100
AcDbEntity
  8
Visible
100
AcDbLine
 10
627.5115763148622
 20
501.2676076738751
 30
0.0
 11
627.5115763148622
 21
488.2676076738751
 31
0.0
  0
SPLINE
  5
26D5
330
70
100
AcDbEntity
  8
Visible
100
AcDbSpline
210
0.0
220
0.0
230
1.0
 70
     8
 71
     3
 72
     8
 73
     4
 74
     0
 42
0.000000001
 43
0.0000000001
 40
-3.0
 40
-3.0
 40
-3.0
 40
-3.0
 40
-2.0
 40
-2.0
 40
-2.0
 40
-2.0
 10
627.0115767909832
 20
501.7676074462395
 30
0.0
 10
627.2877191658976
 20
501.7676074462395
 30
0.0
 10
627.5115767909832
 20
501.5437498211555
 30
0.0
 10
627.5115767909832
 20
501.2676074462395
 30
0.0
  0
LINE
  5
26D6
330
70
100
AcDbEntity
  8
Visible
100
AcDbLine
 10
614.0115763148623
 20
501.7676076738752
 30
0.0
 11
627.0115763148623
 21
501.7676076738752
 31
0.0
  0
SPLINE
  5
26D7
330
70
100
AcDbEntity
  8
Visible
100
AcDbSpline
210
0.0
220
0.0
230
1.0
 70
     8
 71
     3
 72
     8
 73
     4
 74
     0
 42
0.000000001
 43
0.0000000001
 40
-5.0
 40
-5.0
 40
-5.0
 40
-5.0
 40
-4.0
 40
-4.0
 40
-4.0
 40
-4.0
 10
613.5115767909832
 20
501.2676074462395
 30
0.0
 10
613.5115767909832
 20
501.5437498211555
 30
0.0
 10
613.735434416067
 20
501.7676074462412
 30
0.0
 10
614.0115767909832
 20
501.7676074462395
 30
0.0
  0
LINE
  5
26D8
330
70
100
AcDbEntity
  8
Visible
100
AcDbLine
 10
613.5115763148623
 20
488.2676076738751
 30
0.0
 11
613.5115763148623
 21
501.2676076738751
 31
0.0
  0
SPLINE
  5
26D9
330
70
100
AcDbEntity
  8
Visible
100
AcDbSpline
210
0.0
220
0.0
230
1.0
 70
     8
 71
     3
 72
     8
 73
     4
 74
     0
 42
0.000000001
 43
0.0000000001
 40
-7.0
 40
-7.0
 40
-7.0
 40
-7.0
 40
-6.0
 40
-6.0
 40
-6.0
 40
-6.0
 10
614.0115767909832
 20
487.7676074462394
 30
0.0
 10
613.735434416067
 20
487.7676074462394
 30
0.0
 10
613.5115767909832
 20
487.991465071325
 30
0.0
 10
613.5115767909832
 20
488.2676074462394
 30
0.0
  0
LINE
  5
26DA
330
70
100
AcDbEntity
  8
Visible
100
AcDbLine
 10
632.5615763148622
 20
488.2676076738751
 30
0.0
 11
632.5615763148622
 21
501.2676076738751
 31
0.0
  0
SPLINE
  5
26DB
330
70
100
AcDbEntity
  8
Visible
100
AcDbSpline
210
0.0
220
0.0
230
1.0
 70
     8
 71
     3
 72
     8
 73
     4
 74
     0
 42
0.000000001
 43
0.0000000001
 40
-1.0
 40
-1.0
 40
-1.0
 40
-1.0
 40
0.0
 40
0.0
 40
0.0
 40
0.0
 10
633.0615767909825
 20
487.7676074462394
 30
0.0
 10
632.7854344160682
 20
487.7676074462394
 30
0.0
 10
632.5615767909824
 20
487.991465071325
 30
0.0
 10
632.5615767909824
 20
488.2676074462394
 30
0.0
  0
LINE
  5
26DC
330
70
100
AcDbEntity
  8
Visible
100
AcDbLine
 10
646.0615763148622
 20
487.767607673875
 30
0.0
 11
633.0615763148622
 21
487.767607673875
 31
0.0
  0
SPLINE
  5
26DD
330
70
100
AcDbEntity
  8
Visible
100
AcDbSpline
210
0.0
220
0.0
230
1.0
 70
     8
 71
     3
 72
     8
 73
     4
 74
     0
 42
0.000000001
 43
0.0000000001
 40
-3.0
 40
-3.0
 40
-3.0
 40
-3.0
 40
-2.0
 40
-2.0
 40
-2.0
 40
-2.0
 10
646.5615767909826
 20
488.2676074462394
 30
0.0
 10
646.5615767909826
 20
487.991465071325
 30
0.0
 10
646.3377191658986
 20
487.7676074462413
 30
0.0
 10
646.0615767909825
 20
487.7676074462394
 30
0.0
  0
LINE
  5
26DE
330
70
100
AcDbEntity
  8
Visible
100
AcDbLine
 10
646.5615763148622
 20
501.2676076738751
 30
0.0
 11
646.5615763148622
 21
488.2676076738751
 31
0.0
  0
SPLINE
  5
26DF
330
70
100
AcDbEntity
  8
Visible
100
AcDbSpline
210
0.0
220
0.0
230
1.0
 70
     8
 71
     3
 72
     8
 73
     4
 74
     0
 42
0.000000001
 43
0.0000000001
 40
-5.0
 40
-5.0
 40
-5.0
 40
-5.0
 40
-4.0
 40
-4.0
 40
-4.0
 40
-4.0
 10
646.0615767909825
 20
501.7676074462395
 30
0.0
 10
646.3377191658986
 20
501.7676074462395
 30
0.0
 10
646.5615767909826
 20
501.5437498211555
 30
0.0
 10
646.5615767909826
 20
501.2676074462395
 30
0.0
  0
LINE
  5
26E0
330
70
100
AcDbEntity
  8
Visible
100
AcDbLine
 10
633.0615763148622
 20
501.7676076738752
 30
0.0
 11
646.0615763148622
 21
501.7676076738752
 31
0.0
  0
SPLINE
  5
26E1
330
70
100
AcDbEntity
  8
Visible
100
AcDbSpline
210
0.0
220
0.0
230
1.0
 70
     8
 71
     3
 72
     8
 73
     4
 74
     0
 42
0.000000001
 43
0.0000000001
 40
-7.0
 40
-7.0
 40
-7.0
 40
-7.0
 40
-6.0
 40
-6.0
 40
-6.0
 40
-6.0
 10
632.5615767909824
 20
501.2676074462395
 30
0.0
 10
632.5615767909824
 20
501.5437498211555
 30
0.0
 10
632.7854344160682
 20
501.7676074462395
 30
0.0
 10
633.0615767909825
 20
501.7676074462395
 30
0.0
  0
LINE
  5
26E2
330
70
100
AcDbEntity
  8
Visible
100
AcDbLine
 10
575.4115763148623
 20
488.2676076738751
 30
0.0
 11
575.4115763148623
 21
501.2676076738751
 31
0.0
  0
SPLINE
  5
26E3
330
70
100
AcDbEntity
  8
Visible
100
AcDbSpline
210
0.0
220
0.0
230
1.0
 70
     8
 71
     3
 72
     8
 73
     4
 74
     0
 42
0.000000001
 43
0.0000000001
 40
-1.0
 40
-1.0
 40
-1.0
 40
-1.0
 40
0.0
 40
0.0
 40
0.0
 40
0.0
 10
575.9115767909828
 20
487.7676074462394
 30
0.0
 10
575.6354344160667
 20
487.7676074462394
 30
0.0
 10
575.4115767909828
 20
487.991465071325
 30
0.0
 10
575.4115767909828
 20
488.2676074462394
 30
0.0
  0
LINE
  5
26E4
330
70
100
AcDbEntity
  8
Visible
100
AcDbLine
 10
588.9115763148622
 20
487.767607673875
 30
0.0
 11
575.9115763148622
 21
487.767607673875
 31
0.0
  0
SPLINE
  5
26E5
330
70
100
AcDbEntity
  8
Visible
100
AcDbSpline
210
0.0
220
0.0
230
1.0
 70
     8
 71
     3
 72
     8
 73
     4
 74
     0
 42
0.000000001
 43
0.0000000001
 40
-3.0
 40
-3.0
 40
-3.0
 40
-3.0
 40
-2.0
 40
-2.0
 40
-2.0
 40
-2.0
 10
589.4115767909828
 20
488.2676074462394
 30
0.0
 10
589.4115767909828
 20
487.991465071325
 30
0.0
 10
589.187719165899
 20
487.7676074462394
 30
0.0
 10
588.9115767909828
 20
487.7676074462394
 30
0.0
  0
LINE
  5
26E6
330
70
100
AcDbEntity
  8
Visible
100
AcDbLine
 10
589.4115763148622
 20
501.2676076738751
 30
0.0
 11
589.4115763148622
 21
488.2676076738751
 31
0.0
  0
SPLINE
  5
26E7
330
70
100
AcDbEntity
  8
Visible
100
AcDbSpline
210
0.0
220
0.0
230
1.0
 70
     8
 71
     3
 72
     8
 73
     4
 74
     0
 42
0.000000001
 43
0.0000000001
 40
-5.0
 40
-5.0
 40
-5.0
 40
-5.0
 40
-4.0
 40
-4.0
 40
-4.0
 40
-4.0
 10
588.9115767909828
 20
501.7676074462395
 30
0.0
 10
589.187719165899
 20
501.7676074462395
 30
0.0
 10
589.4115767909828
 20
501.5437498211555
 30
0.0
 10
589.4115767909828
 20
501.2676074462395
 30
0.0
  0
LINE
  5
26E8
330
70
100
AcDbEntity
  8
Visible
100
AcDbLine
 10
575.9115763148622
 20
501.7676076738752
 30
0.0
 11
588.9115763148622
 21
501.7676076738752
 31
0.0
  0
SPLINE
  5
26E9
330
70
100
AcDbEntity
  8
Visible
100
AcDbSpline
210
0.0
220
0.0
230
1.0
 70
     8
 71
     3
 72
     8
 73
     4
 74
     0
 42
0.000000001
 43
0.0000000001
 40
-7.0
 40
-7.0
 40
-7.0
 40
-7.0
 40
-6.0
 40
-6.0
 40
-6.0
 40
-6.0
 10
575.4115767909828
 20
501.2676074462395
 30
0.0
 10
575.4115767909828
 20
501.5437498211555
 30
0.0
 10
575.6354344160667
 20
501.7676074462395
 30
0.0
 10
575.9115767909828
 20
501.7676074462395
 30
0.0
  0
LINE
  5
26EA
330
70
100
AcDbEntity
  8
Visible
100
AcDbLine
 10
531.7615763148622
 20
487.767607673875
 30
0.0
 11
518.7615763148622
 21
487.767607673875
 31
0.0
  0
SPLINE
  5
26EB
330
70
100
AcDbEntity
  8
Visible
100
AcDbSpline
210
0.0
220
0.0
230
1.0
 70
     8
 71
     3
 72
     8
 73
     4
 74
     0
 42
0.000000001
 43
0.0000000001
 40
-1.0
 40
-1.0
 40
-1.0
 40
-1.0
 40
0.0
 40
0.0
 40
0.0
 40
0.0
 10
532.2615767909832
 20
488.2676074462394
 30
0.0
 10
532.2615767909832
 20
487.991465071325
 30
0.0
 10
532.0377191658975
 20
487.7676074462413
 30
0.0
 10
531.7615767909832
 20
487.7676074462413
 30
0.0
  0
LINE
  5
26EC
330
70
100
AcDbEntity
  8
Visible
100
AcDbLine
 10
532.2615763148623
 20
501.2676076738751
 30
0.0
 11
532.2615763148623
 21
488.2676076738751
 31
0.0
  0
SPLINE
  5
26ED
330
70
100
AcDbEntity
  8
Visible
100
AcDbSpline
210
0.0
220
0.0
230
1.0
 70
     8
 71
     3
 72
     8
 73
     4
 74
     0
 42
0.000000001
 43
0.0000000001
 40
-3.0
 40
-3.0
 40
-3.0
 40
-3.0
 40
-2.0
 40
-2.0
 40
-2.0
 40
-2.0
 10
531.7615767909832
 20
501.7676074462395
 30
0.0
 10
532.0377191658975
 20
501.7676074462395
 30
0.0
 10
532.2615767909832
 20
501.5437498211555
 30
0.0
 10
532.2615767909832
 20
501.2676074462395
 30
0.0
  0
LINE
  5
26EE
330
70
100
AcDbEntity
  8
Visible
100
AcDbLine
 10
518.7615763148622
 20
501.7676076738752
 30
0.0
 11
531.7615763148622
 21
501.7676076738752
 31
0.0
  0
SPLINE
  5
26EF
330
70
100
AcDbEntity
  8
Visible
100
AcDbSpline
210
0.0
220
0.0
230
1.0
 70
     8
 71
     3
 72
     8
 73
     4
 74
     0
 42
0.000000001
 43
0.0000000001
 40
-5.0
 40
-5.0
 40
-5.0
 40
-5.0
 40
-4.0
 40
-4.0
 40
-4.0
 40
-4.0
 10
518.2615767909814
 20
501.2676074462395
 30
0.0
 10
518.2615767909814
 20
501.5437498211555
 30
0.0
 10
518.485434416067
 20
501.7676074462395
 30
0.0
 10
518.7615767909831
 20
501.7676074462395
 30
0.0
  0
LINE
  5
26F0
330
70
100
AcDbEntity
  8
Visible
100
AcDbLine
 10
518.2615763148622
 20
488.2676076738751
 30
0.0
 11
518.2615763148622
 21
501.2676076738751
 31
0.0
  0
SPLINE
  5
26F1
330
70
100
AcDbEntity
  8
Visible
100
AcDbSpline
210
0.0
220
0.0
230
1.0
 70
     8
 71
     3
 72
     8
 73
     4
 74
     0
 42
0.000000001
 43
0.0000000001
 40
-7.0
 40
-7.0
 40
-7.0
 40
-7.0
 40
-6.0
 40
-6.0
 40
-6.0
 40
-6.0
 10
518.7615767909831
 20
487.7676074462394
 30
0.0
 10
518.485434416067
 20
487.7676074462394
 30
0.0
 10
518.2615767909814
 20
487.991465071325
 30
0.0
 10
518.2615767909814
 20
488.2676074462394
 30
0.0
  0
LINE
  5
26F2
330
70
100
AcDbEntity
  8
Visible
100
AcDbLine
 10
512.7115763148622
 20
487.767607673875
 30
0.0
 11
499.7115763148622
 21
487.767607673875
 31
0.0
  0
SPLINE
  5
26F3
330
70
100
AcDbEntity
  8
Visible
100
AcDbSpline
210
0.0
220
0.0
230
1.0
 70
     8
 71
     3
 72
     8
 73
     4
 74
     0
 42
0.000000001
 43
0.0000000001
 40
-1.0
 40
-1.0
 40
-1.0
 40
-1.0
 40
0.0
 40
0.0
 40
0.0
 40
0.0
 10
513.2115767909821
 20
488.2676074462394
 30
0.0
 10
513.2115767909821
 20
487.991465071325
 30
0.0
 10
512.9877191658983
 20
487.7676074462394
 30
0.0
 10
512.711576790982
 20
487.7676074462394
 30
0.0
  0
LINE
  5
26F4
330
70
100
AcDbEntity
  8
Visible
100
AcDbLine
 10
513.2115763148622
 20
501.2676076738751
 30
0.0
 11
513.2115763148622
 21
488.2676076738751
 31
0.0
  0
SPLINE
  5
26F5
330
70
100
AcDbEntity
  8
Visible
100
AcDbSpline
210
0.0
220
0.0
230
1.0
 70
     8
 71
     3
 72
     8
 73
     4
 74
     0
 42
0.000000001
 43
0.0000000001
 40
-3.0
 40
-3.0
 40
-3.0
 40
-3.0
 40
-2.0
 40
-2.0
 40
-2.0
 40
-2.0
 10
512.711576790982
 20
501.7676074462395
 30
0.0
 10
512.9877191658983
 20
501.7676074462395
 30
0.0
 10
513.2115767909821
 20
501.5437498211555
 30
0.0
 10
513.2115767909821
 20
501.2676074462395
 30
0.0
  0
LINE
  5
26F6
330
70
100
AcDbEntity
  8
Visible
100
AcDbLine
 10
499.7115763148622
 20
501.7676076738752
 30
0.0
 11
512.7115763148622
 21
501.7676076738752
 31
0.0
  0
SPLINE
  5
26F7
330
70
100
AcDbEntity
  8
Visible
100
AcDbSpline
210
0.0
220
0.0
230
1.0
 70
     8
 71
     3
 72
     8
 73
     4
 74
     0
 42
0.000000001
 43
0.0000000001
 40
-5.0
 40
-5.0
 40
-5.0
 40
-5.0
 40
-4.0
 40
-4.0
 40
-4.0
 40
-4.0
 10
499.2115767909821
 20
501.2676074462395
 30
0.0
 10
499.2115767909821
 20
501.5437498211555
 30
0.0
 10
499.4354344160678
 20
501.7676074462395
 30
0.0
 10
499.7115767909821
 20
501.7676074462395
 30
0.0
  0
LINE
  5
26F8
330
70
100
AcDbEntity
  8
Visible
100
AcDbLine
 10
499.2115763148622
 20
488.2676076738751
 30
0.0
 11
499.2115763148622
 21
501.2676076738751
 31
0.0
  0
SPLINE
  5
26F9
330
70
100
AcDbEntity
  8
Visible
100
AcDbSpline
210
0.0
220
0.0
230
1.0
 70
     8
 71
     3
 72
     8
 73
     4
 74
     0
 42
0.000000001
 43
0.0000000001
 40
-7.0
 40
-7.0
 40
-7.0
 40
-7.0
 40
-6.0
 40
-6.0
 40
-6.0
 40
-6.0
 10
499.7115767909821
 20
487.7676074462394
 30
0.0
 10
499.4354344160678
 20
487.7676074462413
 30
0.0
 10
499.2115767909821
 20
487.991465071325
 30
0.0
 10
499.2115767909821
 20
488.2676074462394
 30
0.0
  0
LINE
  5
26FA
330
70
100
AcDbEntity
  8
Visible
100
AcDbLine
 10
550.8115763148622
 20
487.767607673875
 30
0.0
 11
537.8115763148622
 21
487.767607673875
 31
0.0
  0
SPLINE
  5
26FB
330
70
100
AcDbEntity
  8
Visible
100
AcDbSpline
210
0.0
220
0.0
230
1.0
 70
     8
 71
     3
 72
     8
 73
     4
 74
     0
 42
0.000000001
 43
0.0000000001
 40
-1.0
 40
-1.0
 40
-1.0
 40
-1.0
 40
0.0
 40
0.0
 40
0.0
 40
0.0
 10
551.3115767909824
 20
488.2676074462394
 30
0.0
 10
551.3115767909824
 20
487.991465071325
 30
0.0
 10
551.0877191658986
 20
487.7676074462394
 30
0.0
 10
550.8115767909826
 20
487.7676074462394
 30
0.0
  0
LINE
  5
26FC
330
70
100
AcDbEntity
  8
Visible
100
AcDbLine
 10
551.3115763148622
 20
501.2676076738751
 30
0.0
 11
551.3115763148622
 21
488.2676076738751
 31
0.0
  0
SPLINE
  5
26FD
330
70
100
AcDbEntity
  8
Visible
100
AcDbSpline
210
0.0
220
0.0
230
1.0
 70
     8
 71
     3
 72
     8
 73
     4
 74
     0
 42
0.000000001
 43
0.0000000001
 40
-3.0
 40
-3.0
 40
-3.0
 40
-3.0
 40
-2.0
 40
-2.0
 40
-2.0
 40
-2.0
 10
550.8115767909826
 20
501.7676074462395
 30
0.0
 10
551.0877191658986
 20
501.7676074462395
 30
0.0
 10
551.3115767909824
 20
501.5437498211555
 30
0.0
 10
551.3115767909824
 20
501.2676074462395
 30
0.0
  0
LINE
  5
26FE
330
70
100
AcDbEntity
  8
Visible
100
AcDbLine
 10
537.8115763148622
 20
501.7676076738752
 30
0.0
 11
550.8115763148622
 21
501.7676076738752
 31
0.0
  0
SPLINE
  5
26FF
330
70
100
AcDbEntity
  8
Visible
100
AcDbSpline
210
0.0
220
0.0
230
1.0
 70
     8
 71
     3
 72
     8
 73
     4
 74
     0
 42
0.000000001
 43
0.0000000001
 40
-5.0
 40
-5.0
 40
-5.0
 40
-5.0
 40
-4.0
 40
-4.0
 40
-4.0
 40
-4.0
 10
537.3115767909824
 20
501.2676074462395
 30
0.0
 10
537.3115767909824
 20
501.5437498211555
 30
0.0
 10
537.5354344160664
 20
501.7676074462395
 30
0.0
 10
537.8115767909824
 20
501.7676074462395
 30
0.0
  0
LINE
  5
2700
330
70
100
AcDbEntity
  8
Visible
100
AcDbLine
 10
537.3115763148622
 20
488.2676076738751
 30
0.0
 11
537.3115763148622
 21
501.2676076738751
 31
0.0
  0
SPLINE
  5
2701
330
70
100
AcDbEntity
  8
Visible
100
AcDbSpline
210
0.0
220
0.0
230
1.0
 70
     8
 71
     3
 72
     8
 73
     4
 74
     0
 42
0.000000001
 43
0.0000000001
 40
-7.0
 40
-7.0
 40
-7.0
 40
-7.0
 40
-6.0
 40
-6.0
 40
-6.0
 40
-6.0
 10
537.8115767909824
 20
487.7676074462413
 30
0.0
 10
537.5354344160664
 20
487.7676074462413
 30
0.0
 10
537.3115767909824
 20
487.991465071325
 30
0.0
 10
537.3115767909824
 20
488.2676074462394
 30
0.0
  0
LINE
  5
2702
330
70
100
AcDbEntity
  8
Visible
100
AcDbLine
 10
556.3615763148622
 20
488.2676076738751
 30
0.0
 11
556.3615763148622
 21
501.2676076738751
 31
0.0
  0
SPLINE
  5
2703
330
70
100
AcDbEntity
  8
Visible
100
AcDbSpline
210
0.0
220
0.0
230
1.0
 70
     8
 71
     3
 72
     8
 73
     4
 74
     0
 42
0.000000001
 43
0.0000000001
 40
-1.0
 40
-1.0
 40
-1.0
 40
-1.0
 40
0.0
 40
0.0
 40
0.0
 40
0.0
 10
556.8615767909817
 20
487.7676074462394
 30
0.0
 10
556.5854344160674
 20
487.7676074462394
 30
0.0
 10
556.3615767909835
 20
487.991465071325
 30
0.0
 10
556.3615767909835
 20
488.2676074462394
 30
0.0
  0
LINE
  5
2704
330
70
100
AcDbEntity
  8
Visible
100
AcDbLine
 10
569.8615763148621
 20
487.767607673875
 30
0.0
 11
556.8615763148621
 21
487.767607673875
 31
0.0
  0
SPLINE
  5
2705
330
70
100
AcDbEntity
  8
Visible
100
AcDbSpline
210
0.0
220
0.0
230
1.0
 70
     8
 71
     3
 72
     8
 73
     4
 74
     0
 42
0.000000001
 43
0.0000000001
 40
-3.0
 40
-3.0
 40
-3.0
 40
-3.0
 40
-2.0
 40
-2.0
 40
-2.0
 40
-2.0
 10
570.3615767909817
 20
488.2676074462394
 30
0.0
 10
570.3615767909817
 20
487.991465071325
 30
0.0
 10
570.1377191658979
 20
487.7676074462394
 30
0.0
 10
569.8615767909817
 20
487.7676074462394
 30
0.0
  0
LINE
  5
2706
330
70
100
AcDbEntity
  8
Visible
100
AcDbLine
 10
570.3615763148623
 20
501.2676076738751
 30
0.0
 11
570.3615763148623
 21
488.2676076738751
 31
0.0
  0
SPLINE
  5
2707
330
70
100
AcDbEntity
  8
Visible
100
AcDbSpline
210
0.0
220
0.0
230
1.0
 70
     8
 71
     3
 72
     8
 73
     4
 74
     0
 42
0.000000001
 43
0.0000000001
 40
-5.0
 40
-5.0
 40
-5.0
 40
-5.0
 40
-4.0
 40
-4.0
 40
-4.0
 40
-4.0
 10
569.8615767909835
 20
501.7676074462395
 30
0.0
 10
570.1377191658979
 20
501.7676074462395
 30
0.0
 10
570.3615767909817
 20
501.5437498211555
 30
0.0
 10
570.3615767909817
 20
501.2676074462395
 30
0.0
  0
LINE
  5
2708
330
70
100
AcDbEntity
  8
Visible
100
AcDbLine
 10
556.8615763148621
 20
501.7676076738752
 30
0.0
 11
569.8615763148621
 21
501.7676076738752
 31
0.0
  0
SPLINE
  5
2709
330
70
100
AcDbEntity
  8
Visible
100
AcDbSpline
210
0.0
220
0.0
230
1.0
 70
     8
 71
     3
 72
     8
 73
     4
 74
     0
 42
0.000000001
 43
0.0000000001
 40
-7.0
 40
-7.0
 40
-7.0
 40
-7.0
 40
-6.0
 40
-6.0
 40
-6.0
 40
-6.0
 10
556.3615767909835
 20
501.2676074462395
 30
0.0
 10
556.3615767909835
 20
501.5437498211555
 30
0.0
 10
556.5854344160674
 20
501.7676074462395
 30
0.0
 10
556.8615767909817
 20
501.7676074462395
 30
0.0
  0
LINE
  5
270A
330
70
100
AcDbEntity
  8
Visible
100
AcDbLine
 10
729.9053263148622
 20
425.0676076738752
 30
0.0
 11
729.9053263148622
 21
412.0676076738751
 31
0.0
  0
SPLINE
  5
270B
330
70
100
AcDbEntity
  8
Visible
100
AcDbSpline
210
0.0
220
0.0
230
1.0
 70
     8
 71
     3
 72
     8
 73
     4
 74
     0
 42
0.000000001
 43
0.0000000001
 40
-1.0
 40
-1.0
 40
-1.0
 40
-1.0
 40
0.0
 40
0.0
 40
0.0
 40
0.0
 10
729.4053267909824
 20
425.5676074462404
 30
0.0
 10
729.6814691658985
 20
425.5676074462404
 30
0.0
 10
729.9053267909824
 20
425.3437498211548
 30
0.0
 10
729.9053267909824
 20
425.0676074462405
 30
0.0
  0
LINE
  5
270C
330
70
100
AcDbEntity
  8
Visible
100
AcDbLine
 10
713.9243983148623
 20
425.5676076738752
 30
0.0
 11
729.4053263148622
 21
425.5676076738752
 31
0.0
  0
SPLINE
  5
270D
330
70
100
AcDbEntity
  8
Visible
100
AcDbSpline
210
0.0
220
0.0
230
1.0
 70
     8
 71
     3
 72
     8
 73
     4
 74
     0
 42
0.000000001
 43
0.0000000001
 40
-3.0
 40
-3.0
 40
-3.0
 40
-3.0
 40
-2.0
 40
-2.0
 40
-2.0
 40
-2.0
 10
713.424398672438
 20
425.0676074462405
 30
0.0
 10
713.424398672438
 20
425.3437498211548
 30
0.0
 10
713.6482562975237
 20
425.5676074462404
 30
0.0
 10
713.924398672438
 20
425.5676074462404
 30
0.0
  0
LINE
  5
270E
330
70
100
AcDbEntity
  8
Visible
100
AcDbLine
 10
713.4243983148622
 20
412.0676076738751
 30
0.0
 11
713.4243983148622
 21
425.0676076738752
 31
0.0
  0
SPLINE
  5
270F
330
70
100
AcDbEntity
  8
Visible
100
AcDbSpline
210
0.0
220
0.0
230
1.0
 70
     8
 71
     3
 72
     8
 73
     4
 74
     0
 42
0.000000001
 43
0.0000000001
 40
-5.0
 40
-5.0
 40
-5.0
 40
-5.0
 40
-4.0
 40
-4.0
 40
-4.0
 40
-4.0
 10
713.924398672438
 20
411.5676074462406
 30
0.0
 10
713.6482562975237
 20
411.5676074462406
 30
0.0
 10
713.424398672438
 20
411.7914650713244
 30
0.0
 10
713.424398672438
 20
412.0676074462406
 30
0.0
  0
LINE
  5
2710
330
70
100
AcDbEntity
  8
Visible
100
AcDbLine
 10
729.4053263148622
 20
411.5676076738751
 30
0.0
 11
713.9243983148623
 21
411.5676076738751
 31
0.0
  0
SPLINE
  5
2711
330
70
100
AcDbEntity
  8
Visible
100
AcDbSpline
210
0.0
220
0.0
230
1.0
 70
     8
 71
     3
 72
     8
 73
     4
 74
     0
 42
0.000000001
 43
0.0000000001
 40
-7.0
 40
-7.0
 40
-7.0
 40
-7.0
 40
-6.0
 40
-6.0
 40
-6.0
 40
-6.0
 10
729.9053267909824
 20
412.0676074462406
 30
0.0
 10
729.9053267909824
 20
411.7914650713244
 30
0.0
 10
729.6814691658985
 20
411.5676074462406
 30
0.0
 10
729.4053267909824
 20
411.5676074462406
 30
0.0
  0
LINE
  5
2712
330
70
100
AcDbEntity
  8
Visible
100
AcDbLine
 10
526.0558263148623
 20
430.6176076738752
 30
0.0
 11
510.1798263148622
 21
430.6176076738752
 31
0.0
  0
SPLINE
  5
2713
330
70
100
AcDbEntity
  8
Visible
100
AcDbSpline
210
0.0
220
0.0
230
1.0
 70
     8
 71
     3
 72
     8
 73
     4
 74
     0
 42
0.000000001
 43
0.0000000001
 40
17.0
 40
17.0
 40
17.0
 40
17.0
 40
18.0
 40
18.0
 40
18.0
 40
18.0
 10
526.5558267909822
 20
430.1176074462397
 30
0.0
 10
526.5558267909822
 20
430.3937498211559
 30
0.0
 10
526.3319691658984
 20
430.6176074462397
 30
0.0
 10
526.0558267909821
 20
430.6176074462397
 30
0.0
  0
LINE
  5
2714
330
70
100
AcDbEntity
  8
Visible
100
AcDbLine
 10
526.5558263148622
 20
429.1176076738751
 30
0.0
 11
526.5558263148622
 21
430.1176076738752
 31
0.0
  0
SPLINE
  5
2715
330
70
100
AcDbEntity
  8
Visible
100
AcDbSpline
210
0.0
220
0.0
230
1.0
 70
     8
 71
     3
 72
     8
 73
     4
 74
     0
 42
0.000000001
 43
0.0000000001
 40
15.0
 40
15.0
 40
15.0
 40
15.0
 40
16.0
 40
16.0
 40
16.0
 40
16.0
 10
527.0558267909822
 20
428.6176074462397
 30
0.0
 10
526.7796844160661
 20
428.6176074462397
 30
0.0
 10
526.5558267909822
 20
428.8414650713236
 30
0.0
 10
526.5558267909822
 20
429.1176074462397
 30
0.0
  0
LINE
  5
2716
330
70
100
AcDbEntity
  8
Visible
100
AcDbLine
 10
533.0558263148623
 20
428.6176076738752
 30
0.0
 11
527.0558263148623
 21
428.6176076738752
 31
0.0
  0
SPLINE
  5
2717
330
70
100
AcDbEntity
  8
Visible
100
AcDbSpline
210
0.0
220
0.0
230
1.0
 70
     8
 71
     3
 72
     8
 73
     4
 74
     0
 42
0.000000001
 43
0.0000000001
 40
13.0
 40
13.0
 40
13.0
 40
13.0
 40
14.0
 40
14.0
 40
14.0
 40
14.0
 10
533.5558267909822
 20
429.1176074462397
 30
0.0
 10
533.5558267909822
 20
428.8414650713236
 30
0.0
 10
533.3319691658983
 20
428.6176074462397
 30
0.0
 10
533.0558267909822
 20
428.6176074462397
 30
0.0
  0
LINE
  5
2718
330
70
100
AcDbEntity
  8
Visible
100
AcDbLine
 10
533.5558263148623
 20
430.1176076738752
 30
0.0
 11
533.5558263148623
 21
429.1176076738751
 31
0.0
  0
SPLINE
  5
2719
330
70
100
AcDbEntity
  8
Visible
100
AcDbSpline
210
0.0
220
0.0
230
1.0
 70
     8
 71
     3
 72
     8
 73
     4
 74
     0
 42
0.000000001
 43
0.0000000001
 40
11.0
 40
11.0
 40
11.0
 40
11.0
 40
12.0
 40
12.0
 40
12.0
 40
12.0
 10
534.0558267909822
 20
430.6176074462397
 30
0.0
 10
533.7796844160679
 20
430.6176074462397
 30
0.0
 10
533.5558267909822
 20
430.3937498211559
 30
0.0
 10
533.5558267909822
 20
430.1176074462397
 30
0.0
  0
LINE
  5
271A
330
70
100
AcDbEntity
  8
Visible
100
AcDbLine
 10
536.5240763148622
 20
430.6176076738752
 30
0.0
 11
534.0558263148623
 21
430.6176076738752
 31
0.0
  0
SPLINE
  5
271B
330
70
100
AcDbEntity
  8
Visible
100
AcDbSpline
210
0.0
220
0.0
230
1.0
 70
     8
 71
     3
 72
     8
 73
     4
 74
     0
 42
0.000000001
 43
0.0000000001
 40
9.0
 40
9.0
 40
9.0
 40
9.0
 40
10.0
 40
10.0
 40
10.0
 40
10.0
 10
537.024076790982
 20
431.1176074462397
 30
0.0
 10
537.024076790982
 20
430.8414650713237
 30
0.0
 10
536.8002191658984
 20
430.6176074462397
 30
0.0
 10
536.5240767909821
 20
430.6176074462397
 30
0.0
  0
LINE
  5
271C
330
70
100
AcDbEntity
  8
Visible
100
AcDbLine
 10
537.0240763148622
 20
444.1176076738752
 30
0.0
 11
537.0240763148622
 21
431.1176076738751
 31
0.0
  0
SPLINE
  5
271D
330
70
100
AcDbEntity
  8
Visible
100
AcDbSpline
210
0.0
220
0.0
230
1.0
 70
     8
 71
     3
 72
     8
 73
     4
 74
     0
 42
0.000000001
 43
0.0000000001
 40
7.0
 40
7.0
 40
7.0
 40
7.0
 40
8.0
 40
8.0
 40
8.0
 40
8.0
 10
536.5240767909821
 20
444.6176074462397
 30
0.0
 10
536.8002191658984
 20
444.6176074462397
 30
0.0
 10
537.024076790982
 20
444.393749821156
 30
0.0
 10
537.024076790982
 20
444.1176074462397
 30
0.0
  0
LINE
  5
271E
330
70
100
AcDbEntity
  8
Visible
100
AcDbLine
 10
503.1798263148622
 20
444.6176076738752
 30
0.0
 11
536.5240763148622
 21
444.6176076738752
 31
0.0
  0
SPLINE
  5
271F
330
70
100
AcDbEntity
  8
Visible
100
AcDbSpline
210
0.0
220
0.0
230
1.0
 70
     8
 71
     3
 72
     8
 73
     4
 74
     0
 42
0.000000001
 43
0.0000000001
 40
5.0
 40
5.0
 40
5.0
 40
5.0
 40
6.0
 40
6.0
 40
6.0
 40
6.0
 10
502.6798267909819
 20
444.1176074462397
 30
0.0
 10
502.6798267909819
 20
444.393749821156
 30
0.0
 10
502.9036844160677
 20
444.6176074462397
 30
0.0
 10
503.1798267909819
 20
444.6176074462397
 30
0.0
  0
LINE
  5
2720
330
70
100
AcDbEntity
  8
Visible
100
AcDbLine
 10
502.6798263148622
 20
429.1176076738751
 30
0.0
 11
502.6798263148622
 21
444.1176076738752
 31
0.0
  0
SPLINE
  5
2721
330
70
100
AcDbEntity
  8
Visible
100
AcDbSpline
210
0.0
220
0.0
230
1.0
 70
     8
 71
     3
 72
     8
 73
     4
 74
     0
 42
0.000000001
 43
0.0000000001
 40
3.0
 40
3.0
 40
3.0
 40
3.0
 40
4.0
 40
4.0
 40
4.0
 40
4.0
 10
503.1798267909819
 20
428.6176074462397
 30
0.0
 10
502.9036844160677
 20
428.6176074462397
 30
0.0
 10
502.6798267909819
 20
428.8414650713236
 30
0.0
 10
502.6798267909819
 20
429.1176074462397
 30
0.0
  0
LINE
  5
2722
330
70
100
AcDbEntity
  8
Visible
100
AcDbLine
 10
509.1798263148622
 20
428.6176076738752
 30
0.0
 11
503.1798263148622
 21
428.6176076738752
 31
0.0
  0
SPLINE
  5
2723
330
70
100
AcDbEntity
  8
Visible
100
AcDbSpline
210
0.0
220
0.0
230
1.0
 70
     8
 71
     3
 72
     8
 73
     4
 74
     0
 42
0.000000001
 43
0.0000000001
 40
1.0
 40
1.0
 40
1.0
 40
1.0
 40
2.0
 40
2.0
 40
2.0
 40
2.0
 10
509.679826790982
 20
429.1176074462397
 30
0.0
 10
509.679826790982
 20
428.8414650713236
 30
0.0
 10
509.4559691658981
 20
428.6176074462397
 30
0.0
 10
509.179826790982
 20
428.6176074462397
 30
0.0
  0
LINE
  5
2724
330
70
100
AcDbEntity
  8
Visible
100
AcDbLine
 10
509.6798263148622
 20
430.1176076738752
 30
0.0
 11
509.6798263148622
 21
429.1176076738751
 31
0.0
  0
SPLINE
  5
2725
330
70
100
AcDbEntity
  8
Visible
100
AcDbSpline
210
0.0
220
0.0
230
1.0
 70
     8
 71
     3
 72
     8
 73
     4
 74
     0
 42
0.000000001
 43
0.0000000001
 40
19.0
 40
19.0
 40
19.0
 40
19.0
 40
20.0
 40
20.0
 40
20.0
 40
20.0
 10
510.179826790982
 20
430.6176074462397
 30
0.0
 10
509.9036844160678
 20
430.6176074462397
 30
0.0
 10
509.679826790982
 20
430.3937498211559
 30
0.0
 10
509.679826790982
 20
430.1176074462397
 30
0.0
  0
LINE
  5
2726
330
70
100
AcDbEntity
  8
Visible
100
AcDbLine
 10
675.9240763148623
 20
444.6176076738752
 30
0.0
 11
688.9240763148621
 21
444.6176076738752
 31
0.0
  0
SPLINE
  5
2727
330
70
100
AcDbEntity
  8
Visible
100
AcDbSpline
210
0.0
220
0.0
230
1.0
 70
     8
 71
     3
 72
     8
 73
     4
 74
     0
 42
0.000000001
 43
0.0000000001
 40
-1.0
 40
-1.0
 40
-1.0
 40
-1.0
 40
0.0
 40
0.0
 40
0.0
 40
0.0
 10
675.4240767909835
 20
444.1176074462397
 30
0.0
 10
675.4240767909835
 20
444.393749821156
 30
0.0
 10
675.6479344160672
 20
444.6176074462397
 30
0.0
 10
675.9240767909836
 20
444.6176074462397
 30
0.0
  0
LINE
  5
2728
330
70
100
AcDbEntity
  8
Visible
100
AcDbLine
 10
675.4240763148621
 20
431.1176076738751
 30
0.0
 11
675.4240763148621
 21
444.1176076738752
 31
0.0
  0
SPLINE
  5
2729
330
70
100
AcDbEntity
  8
Visible
100
AcDbSpline
210
0.0
220
0.0
230
1.0
 70
     8
 71
     3
 72
     8
 73
     4
 74
     0
 42
0.000000001
 43
0.0000000001
 40
-3.0
 40
-3.0
 40
-3.0
 40
-3.0
 40
-2.0
 40
-2.0
 40
-2.0
 40
-2.0
 10
675.9240767909836
 20
430.6176074462397
 30
0.0
 10
675.6479344160672
 20
430.6176074462397
 30
0.0
 10
675.4240767909835
 20
430.8414650713237
 30
0.0
 10
675.4240767909835
 20
431.1176074462397
 30
0.0
  0
LINE
  5
272A
330
70
100
AcDbEntity
  8
Visible
100
AcDbLine
 10
688.9240763148621
 20
430.6176076738752
 30
0.0
 11
675.9240763148623
 21
430.6176076738752
 31
0.0
  0
SPLINE
  5
272B
330
70
100
AcDbEntity
  8
Visible
100
AcDbSpline
210
0.0
220
0.0
230
1.0
 70
     8
 71
     3
 72
     8
 73
     4
 74
     0
 42
0.000000001
 43
0.0000000001
 40
-5.0
 40
-5.0
 40
-5.0
 40
-5.0
 40
-4.0
 40
-4.0
 40
-4.0
 40
-4.0
 10
689.4240767909817
 20
431.1176074462397
 30
0.0
 10
689.4240767909817
 20
430.8414650713237
 30
0.0
 10
689.2002191658979
 20
430.6176074462397
 30
0.0
 10
688.9240767909817
 20
430.6176074462397
 30
0.0
  0
LINE
  5
272C
330
70
100
AcDbEntity
  8
Visible
100
AcDbLine
 10
689.4240763148622
 20
444.1176076738752
 30
0.0
 11
689.4240763148622
 21
431.1176076738751
 31
0.0
  0
SPLINE
  5
272D
330
70
100
AcDbEntity
  8
Visible
100
AcDbSpline
210
0.0
220
0.0
230
1.0
 70
     8
 71
     3
 72
     8
 73
     4
 74
     0
 42
0.000000001
 43
0.0000000001
 40
-7.0
 40
-7.0
 40
-7.0
 40
-7.0
 40
-6.0
 40
-6.0
 40
-6.0
 40
-6.0
 10
688.9240767909817
 20
444.6176074462397
 30
0.0
 10
689.2002191658979
 20
444.6176074462397
 30
0.0
 10
689.4240767909817
 20
444.393749821156
 30
0.0
 10
689.4240767909817
 20
444.1176074462397
 30
0.0
  0
LINE
  5
272E
330
70
100
AcDbEntity
  8
Visible
100
AcDbLine
 10
727.0240763148621
 20
430.6176076738752
 30
0.0
 11
714.0240763148621
 21
430.6176076738752
 31
0.0
  0
SPLINE
  5
272F
330
70
100
AcDbEntity
  8
Visible
100
AcDbSpline
210
0.0
220
0.0
230
1.0
 70
     8
 71
     3
 72
     8
 73
     4
 74
     0
 42
0.000000001
 43
0.0000000001
 40
-1.0
 40
-1.0
 40
-1.0
 40
-1.0
 40
0.0
 40
0.0
 40
0.0
 40
0.0
 10
727.5240767909819
 20
431.1176074462397
 30
0.0
 10
727.5240767909819
 20
430.8414650713237
 30
0.0
 10
727.3002191658981
 20
430.6176074462397
 30
0.0
 10
727.0240767909821
 20
430.6176074462397
 30
0.0
  0
LINE
  5
2730
330
70
100
AcDbEntity
  8
Visible
100
AcDbLine
 10
727.5240763148622
 20
444.1176076738752
 30
0.0
 11
727.5240763148622
 21
431.1176076738751
 31
0.0
  0
SPLINE
  5
2731
330
70
100
AcDbEntity
  8
Visible
100
AcDbSpline
210
0.0
220
0.0
230
1.0
 70
     8
 71
     3
 72
     8
 73
     4
 74
     0
 42
0.000000001
 43
0.0000000001
 40
-3.0
 40
-3.0
 40
-3.0
 40
-3.0
 40
-2.0
 40
-2.0
 40
-2.0
 40
-2.0
 10
727.0240767909821
 20
444.6176074462397
 30
0.0
 10
727.3002191658981
 20
444.6176074462397
 30
0.0
 10
727.5240767909819
 20
444.393749821156
 30
0.0
 10
727.5240767909819
 20
444.1176074462397
 30
0.0
  0
LINE
  5
2732
330
70
100
AcDbEntity
  8
Visible
100
AcDbLine
 10
714.0240763148621
 20
444.6176076738752
 30
0.0
 11
727.0240763148621
 21
444.6176076738752
 31
0.0
  0
SPLINE
  5
2733
330
70
100
AcDbEntity
  8
Visible
100
AcDbSpline
210
0.0
220
0.0
230
1.0
 70
     8
 71
     3
 72
     8
 73
     4
 74
     0
 42
0.000000001
 43
0.0000000001
 40
-5.0
 40
-5.0
 40
-5.0
 40
-5.0
 40
-4.0
 40
-4.0
 40
-4.0
 40
-4.0
 10
713.5240767909821
 20
444.1176074462397
 30
0.0
 10
713.5240767909821
 20
444.393749821156
 30
0.0
 10
713.7479344160677
 20
444.6176074462397
 30
0.0
 10
714.0240767909821
 20
444.6176074462397
 30
0.0
  0
LINE
  5
2734
330
70
100
AcDbEntity
  8
Visible
100
AcDbLine
 10
713.5240763148622
 20
431.1176076738751
 30
0.0
 11
713.5240763148622
 21
444.1176076738752
 31
0.0
  0
SPLINE
  5
2735
330
70
100
AcDbEntity
  8
Visible
100
AcDbSpline
210
0.0
220
0.0
230
1.0
 70
     8
 71
     3
 72
     8
 73
     4
 74
     0
 42
0.000000001
 43
0.0000000001
 40
-7.0
 40
-7.0
 40
-7.0
 40
-7.0
 40
-6.0
 40
-6.0
 40
-6.0
 40
-6.0
 10
714.0240767909821
 20
430.6176074462397
 30
0.0
 10
713.7479344160677
 20
430.6176074462397
 30
0.0
 10
713.5240767909821
 20
430.8414650713237
 30
0.0
 10
713.5240767909821
 20
431.1176074462397
 30
0.0
  0
LINE
  5
2736
330
70
100
AcDbEntity
  8
Visible
100
AcDbLine
 10
707.9740763148622
 20
430.6176076738752
 30
0.0
 11
694.9740763148622
 21
430.6176076738752
 31
0.0
  0
SPLINE
  5
2737
330
70
100
AcDbEntity
  8
Visible
100
AcDbSpline
210
0.0
220
0.0
230
1.0
 70
     8
 71
     3
 72
     8
 73
     4
 74
     0
 42
0.000000001
 43
0.0000000001
 40
-1.0
 40
-1.0
 40
-1.0
 40
-1.0
 40
0.0
 40
0.0
 40
0.0
 40
0.0
 10
708.4740767909828
 20
431.1176074462397
 30
0.0
 10
708.4740767909828
 20
430.8414650713237
 30
0.0
 10
708.2502191658988
 20
430.6176074462397
 30
0.0
 10
707.9740767909828
 20
430.6176074462397
 30
0.0
  0
LINE
  5
2738
330
70
100
AcDbEntity
  8
Visible
100
AcDbLine
 10
708.4740763148622
 20
444.1176076738752
 30
0.0
 11
708.4740763148622
 21
431.1176076738751
 31
0.0
  0
SPLINE
  5
2739
330
70
100
AcDbEntity
  8
Visible
100
AcDbSpline
210
0.0
220
0.0
230
1.0
 70
     8
 71
     3
 72
     8
 73
     4
 74
     0
 42
0.000000001
 43
0.0000000001
 40
-3.0
 40
-3.0
 40
-3.0
 40
-3.0
 40
-2.0
 40
-2.0
 40
-2.0
 40
-2.0
 10
707.9740767909828
 20
444.6176074462397
 30
0.0
 10
708.2502191658988
 20
444.6176074462397
 30
0.0
 10
708.4740767909828
 20
444.393749821156
 30
0.0
 10
708.4740767909828
 20
444.1176074462397
 30
0.0
  0
LINE
  5
273A
330
70
100
AcDbEntity
  8
Visible
100
AcDbLine
 10
694.9740763148622
 20
444.6176076738752
 30
0.0
 11
707.9740763148622
 21
444.6176076738752
 31
0.0
  0
SPLINE
  5
273B
330
70
100
AcDbEntity
  8
Visible
100
AcDbSpline
210
0.0
220
0.0
230
1.0
 70
     8
 71
     3
 72
     8
 73
     4
 74
     0
 42
0.000000001
 43
0.0000000001
 40
-5.0
 40
-5.0
 40
-5.0
 40
-5.0
 40
-4.0
 40
-4.0
 40
-4.0
 40
-4.0
 10
694.4740767909828
 20
444.1176074462397
 30
0.0
 10
694.4740767909828
 20
444.393749821156
 30
0.0
 10
694.6979344160665
 20
444.6176074462397
 30
0.0
 10
694.9740767909828
 20
444.6176074462397
 30
0.0
  0
LINE
  5
273C
330
70
100
AcDbEntity
  8
Visible
100
AcDbLine
 10
694.4740763148622
 20
431.1176076738751
 30
0.0
 11
694.4740763148622
 21
444.1176076738752
 31
0.0
  0
SPLINE
  5
273D
330
70
100
AcDbEntity
  8
Visible
100
AcDbSpline
210
0.0
220
0.0
230
1.0
 70
     8
 71
     3
 72
     8
 73
     4
 74
     0
 42
0.000000001
 43
0.0000000001
 40
-7.0
 40
-7.0
 40
-7.0
 40
-7.0
 40
-6.0
 40
-6.0
 40
-6.0
 40
-6.0
 10
694.9740767909828
 20
430.6176074462397
 30
0.0
 10
694.6979344160665
 20
430.6176074462397
 30
0.0
 10
694.4740767909828
 20
430.8414650713237
 30
0.0
 10
694.4740767909828
 20
431.1176074462397
 30
0.0
  0
LINE
  5
273E
330
70
100
AcDbEntity
  8
Visible
100
AcDbLine
 10
637.8240763148623
 20
444.6176076738752
 30
0.0
 11
650.8240763148623
 21
444.6176076738752
 31
0.0
  0
SPLINE
  5
273F
330
70
100
AcDbEntity
  8
Visible
100
AcDbSpline
210
0.0
220
0.0
230
1.0
 70
     8
 71
     3
 72
     8
 73
     4
 74
     0
 42
0.000000001
 43
0.0000000001
 40
5.0
 40
5.0
 40
5.0
 40
5.0
 40
6.0
 40
6.0
 40
6.0
 40
6.0
 10
637.324076790983
 20
444.1176074462397
 30
0.0
 10
637.324076790983
 20
444.393749821156
 30
0.0
 10
637.5479344160671
 20
444.6176074462397
 30
0.0
 10
637.824076790983
 20
444.6176074462397
 30
0.0
  0
LINE
  5
2740
330
70
100
AcDbEntity
  8
Visible
100
AcDbLine
 10
637.3240763148622
 20
431.1176076738751
 30
0.0
 11
637.3240763148622
 21
444.1176076738752
 31
0.0
  0
SPLINE
  5
2741
330
70
100
AcDbEntity
  8
Visible
100
AcDbSpline
210
0.0
220
0.0
230
1.0
 70
     8
 71
     3
 72
     8
 73
     4
 74
     0
 42
0.000000001
 43
0.0000000001
 40
3.0
 40
3.0
 40
3.0
 40
3.0
 40
4.0
 40
4.0
 40
4.0
 40
4.0
 10
637.824076790983
 20
430.6176074462397
 30
0.0
 10
637.5479344160671
 20
430.6176074462397
 30
0.0
 10
637.324076790983
 20
430.8414650713237
 30
0.0
 10
637.324076790983
 20
431.1176074462397
 30
0.0
  0
LINE
  5
2742
330
70
100
AcDbEntity
  8
Visible
100
AcDbLine
 10
650.8240763148623
 20
430.6176076738752
 30
0.0
 11
637.8240763148623
 21
430.6176076738752
 31
0.0
  0
SPLINE
  5
2743
330
70
100
AcDbEntity
  8
Visible
100
AcDbSpline
210
0.0
220
0.0
230
1.0
 70
     8
 71
     3
 72
     8
 73
     4
 74
     0
 42
0.000000001
 43
0.0000000001
 40
1.0
 40
1.0
 40
1.0
 40
1.0
 40
2.0
 40
2.0
 40
2.0
 40
2.0
 10
651.3240767909832
 20
431.1176074462397
 30
0.0
 10
651.3240767909832
 20
430.8414650713237
 30
0.0
 10
651.1002191658994
 20
430.6176074462397
 30
0.0
 10
650.8240767909832
 20
430.6176074462397
 30
0.0
  0
LINE
  5
2744
330
70
100
AcDbEntity
  8
Visible
100
AcDbLine
 10
651.3240763148623
 20
444.1176076738752
 30
0.0
 11
651.3240763148623
 21
431.1176076738751
 31
0.0
  0
SPLINE
  5
2745
330
70
100
AcDbEntity
  8
Visible
100
AcDbSpline
210
0.0
220
0.0
230
1.0
 70
     8
 71
     3
 72
     8
 73
     4
 74
     0
 42
0.000000001
 43
0.0000000001
 40
7.0
 40
7.0
 40
7.0
 40
7.0
 40
8.0
 40
8.0
 40
8.0
 40
8.0
 10
650.8240767909832
 20
444.6176074462397
 30
0.0
 10
651.1002191658994
 20
444.6176074462397
 30
0.0
 10
651.3240767909832
 20
444.393749821156
 30
0.0
 10
651.3240767909832
 20
444.1176074462397
 30
0.0
  0
LINE
  5
2746
330
70
100
AcDbEntity
  8
Visible
100
AcDbLine
 10
669.8740763148622
 20
430.6176076738752
 30
0.0
 11
656.8740763148623
 21
430.6176076738752
 31
0.0
  0
SPLINE
  5
2747
330
70
100
AcDbEntity
  8
Visible
100
AcDbSpline
210
0.0
220
0.0
230
1.0
 70
     8
 71
     3
 72
     8
 73
     4
 74
     0
 42
0.000000001
 43
0.0000000001
 40
-1.0
 40
-1.0
 40
-1.0
 40
-1.0
 40
0.0
 40
0.0
 40
0.0
 40
0.0
 10
670.3740767909825
 20
431.1176074462397
 30
0.0
 10
670.3740767909825
 20
430.8414650713237
 30
0.0
 10
670.1502191658986
 20
430.6176074462397
 30
0.0
 10
669.8740767909825
 20
430.6176074462397
 30
0.0
  0
LINE
  5
2748
330
70
100
AcDbEntity
  8
Visible
100
AcDbLine
 10
670.3740763148622
 20
444.1176076738752
 30
0.0
 11
670.3740763148622
 21
431.1176076738751
 31
0.0
  0
SPLINE
  5
2749
330
70
100
AcDbEntity
  8
Visible
100
AcDbSpline
210
0.0
220
0.0
230
1.0
 70
     8
 71
     3
 72
     8
 73
     4
 74
     0
 42
0.000000001
 43
0.0000000001
 40
-3.0
 40
-3.0
 40
-3.0
 40
-3.0
 40
-2.0
 40
-2.0
 40
-2.0
 40
-2.0
 10
669.8740767909825
 20
444.6176074462397
 30
0.0
 10
670.1502191658986
 20
444.6176074462397
 30
0.0
 10
670.3740767909825
 20
444.393749821156
 30
0.0
 10
670.3740767909825
 20
444.1176074462397
 30
0.0
  0
LINE
  5
274A
330
70
100
AcDbEntity
  8
Visible
100
AcDbLine
 10
656.8740763148623
 20
444.6176076738752
 30
0.0
 11
669.8740763148622
 21
444.6176076738752
 31
0.0
  0
SPLINE
  5
274B
330
70
100
AcDbEntity
  8
Visible
100
AcDbSpline
210
0.0
220
0.0
230
1.0
 70
     8
 71
     3
 72
     8
 73
     4
 74
     0
 42
0.000000001
 43
0.0000000001
 40
-5.0
 40
-5.0
 40
-5.0
 40
-5.0
 40
-4.0
 40
-4.0
 40
-4.0
 40
-4.0
 10
656.3740767909824
 20
444.1176074462397
 30
0.0
 10
656.3740767909824
 20
444.393749821156
 30
0.0
 10
656.5979344160681
 20
444.6176074462397
 30
0.0
 10
656.8740767909824
 20
444.6176074462397
 30
0.0
  0
LINE
  5
274C
330
70
100
AcDbEntity
  8
Visible
100
AcDbLine
 10
656.3740763148622
 20
431.1176076738751
 30
0.0
 11
656.3740763148622
 21
444.1176076738752
 31
0.0
  0
SPLINE
  5
274D
330
70
100
AcDbEntity
  8
Visible
100
AcDbSpline
210
0.0
220
0.0
230
1.0
 70
     8
 71
     3
 72
     8
 73
     4
 74
     0
 42
0.000000001
 43
0.0000000001
 40
-7.0
 40
-7.0
 40
-7.0
 40
-7.0
 40
-6.0
 40
-6.0
 40
-6.0
 40
-6.0
 10
656.8740767909824
 20
430.6176074462397
 30
0.0
 10
656.5979344160681
 20
430.6176074462397
 30
0.0
 10
656.3740767909824
 20
430.8414650713237
 30
0.0
 10
656.3740767909824
 20
431.1176074462397
 30
0.0
  0
LINE
  5
274E
330
70
100
AcDbEntity
  8
Visible
100
AcDbLine
 10
631.7740763148622
 20
430.6176076738752
 30
0.0
 11
618.7740763148622
 21
430.6176076738752
 31
0.0
  0
SPLINE
  5
274F
330
70
100
AcDbEntity
  8
Visible
100
AcDbSpline
210
0.0
220
0.0
230
1.0
 70
     8
 71
     3
 72
     8
 73
     4
 74
     0
 42
0.000000001
 43
0.0000000001
 40
-1.0
 40
-1.0
 40
-1.0
 40
-1.0
 40
0.0
 40
0.0
 40
0.0
 40
0.0
 10
632.2740767909821
 20
431.1176074462397
 30
0.0
 10
632.2740767909821
 20
430.8414650713237
 30
0.0
 10
632.0502191658984
 20
430.6176074462397
 30
0.0
 10
631.7740767909821
 20
430.6176074462397
 30
0.0
  0
LINE
  5
2750
330
70
100
AcDbEntity
  8
Visible
100
AcDbLine
 10
632.2740763148622
 20
444.1176076738752
 30
0.0
 11
632.2740763148622
 21
431.1176076738751
 31
0.0
  0
SPLINE
  5
2751
330
70
100
AcDbEntity
  8
Visible
100
AcDbSpline
210
0.0
220
0.0
230
1.0
 70
     8
 71
     3
 72
     8
 73
     4
 74
     0
 42
0.000000001
 43
0.0000000001
 40
-3.0
 40
-3.0
 40
-3.0
 40
-3.0
 40
-2.0
 40
-2.0
 40
-2.0
 40
-2.0
 10
631.7740767909821
 20
444.6176074462397
 30
0.0
 10
632.0502191658984
 20
444.6176074462397
 30
0.0
 10
632.2740767909821
 20
444.393749821156
 30
0.0
 10
632.2740767909821
 20
444.1176074462397
 30
0.0
  0
LINE
  5
2752
330
70
100
AcDbEntity
  8
Visible
100
AcDbLine
 10
618.7740763148622
 20
444.6176076738752
 30
0.0
 11
631.7740763148622
 21
444.6176076738752
 31
0.0
  0
SPLINE
  5
2753
330
70
100
AcDbEntity
  8
Visible
100
AcDbSpline
210
0.0
220
0.0
230
1.0
 70
     8
 71
     3
 72
     8
 73
     4
 74
     0
 42
0.000000001
 43
0.0000000001
 40
-5.0
 40
-5.0
 40
-5.0
 40
-5.0
 40
-4.0
 40
-4.0
 40
-4.0
 40
-4.0
 10
618.274076790982
 20
444.1176074462397
 30
0.0
 10
618.274076790982
 20
444.393749821156
 30
0.0
 10
618.4979344160677
 20
444.6176074462397
 30
0.0
 10
618.7740767909821
 20
444.6176074462397
 30
0.0
  0
LINE
  5
2754
330
70
100
AcDbEntity
  8
Visible
100
AcDbLine
 10
618.2740763148622
 20
431.1176076738751
 30
0.0
 11
618.2740763148622
 21
444.1176076738752
 31
0.0
  0
SPLINE
  5
2755
330
70
100
AcDbEntity
  8
Visible
100
AcDbSpline
210
0.0
220
0.0
230
1.0
 70
     8
 71
     3
 72
     8
 73
     4
 74
     0
 42
0.000000001
 43
0.0000000001
 40
-7.0
 40
-7.0
 40
-7.0
 40
-7.0
 40
-6.0
 40
-6.0
 40
-6.0
 40
-6.0
 10
618.7740767909821
 20
430.6176074462397
 30
0.0
 10
618.4979344160677
 20
430.6176074462397
 30
0.0
 10
618.274076790982
 20
430.8414650713237
 30
0.0
 10
618.274076790982
 20
431.1176074462397
 30
0.0
  0
LINE
  5
2756
330
70
100
AcDbEntity
  8
Visible
100
AcDbLine
 10
555.5740763148622
 20
430.6176076738752
 30
0.0
 11
542.5740763148622
 21
430.6176076738752
 31
0.0
  0
SPLINE
  5
2757
330
70
100
AcDbEntity
  8
Visible
100
AcDbSpline
210
0.0
220
0.0
230
1.0
 70
     8
 71
     3
 72
     8
 73
     4
 74
     0
 42
0.000000001
 43
0.0000000001
 40
-1.0
 40
-1.0
 40
-1.0
 40
-1.0
 40
0.0
 40
0.0
 40
0.0
 40
0.0
 10
556.0740767909832
 20
431.1176074462397
 30
0.0
 10
556.0740767909832
 20
430.8414650713237
 30
0.0
 10
555.8502191658976
 20
430.6176074462397
 30
0.0
 10
555.5740767909831
 20
430.6176074462397
 30
0.0
  0
LINE
  5
2758
330
70
100
AcDbEntity
  8
Visible
100
AcDbLine
 10
556.0740763148622
 20
444.1176076738752
 30
0.0
 11
556.0740763148622
 21
431.1176076738751
 31
0.0
  0
SPLINE
  5
2759
330
70
100
AcDbEntity
  8
Visible
100
AcDbSpline
210
0.0
220
0.0
230
1.0
 70
     8
 71
     3
 72
     8
 73
     4
 74
     0
 42
0.000000001
 43
0.0000000001
 40
-3.0
 40
-3.0
 40
-3.0
 40
-3.0
 40
-2.0
 40
-2.0
 40
-2.0
 40
-2.0
 10
555.5740767909831
 20
444.6176074462397
 30
0.0
 10
555.8502191658976
 20
444.6176074462397
 30
0.0
 10
556.0740767909832
 20
444.393749821156
 30
0.0
 10
556.0740767909832
 20
444.1176074462397
 30
0.0
  0
LINE
  5
275A
330
70
100
AcDbEntity
  8
Visible
100
AcDbLine
 10
542.5740763148622
 20
444.6176076738752
 30
0.0
 11
555.5740763148622
 21
444.6176076738752
 31
0.0
  0
SPLINE
  5
275B
330
70
100
AcDbEntity
  8
Visible
100
AcDbSpline
210
0.0
220
0.0
230
1.0
 70
     8
 71
     3
 72
     8
 73
     4
 74
     0
 42
0.000000001
 43
0.0000000001
 40
-5.0
 40
-5.0
 40
-5.0
 40
-5.0
 40
-4.0
 40
-4.0
 40
-4.0
 40
-4.0
 10
542.0740767909814
 20
444.1176074462397
 30
0.0
 10
542.0740767909814
 20
444.393749821156
 30
0.0
 10
542.297934416067
 20
444.6176074462397
 30
0.0
 10
542.5740767909831
 20
444.6176074462397
 30
0.0
  0
LINE
  5
275C
330
70
100
AcDbEntity
  8
Visible
100
AcDbLine
 10
542.0740763148622
 20
431.1176076738751
 30
0.0
 11
542.0740763148622
 21
444.1176076738752
 31
0.0
  0
SPLINE
  5
275D
330
70
100
AcDbEntity
  8
Visible
100
AcDbSpline
210
0.0
220
0.0
230
1.0
 70
     8
 71
     3
 72
     8
 73
     4
 74
     0
 42
0.000000001
 43
0.0000000001
 40
-7.0
 40
-7.0
 40
-7.0
 40
-7.0
 40
-6.0
 40
-6.0
 40
-6.0
 40
-6.0
 10
542.5740767909831
 20
430.6176074462397
 30
0.0
 10
542.297934416067
 20
430.6176074462397
 30
0.0
 10
542.0740767909814
 20
430.8414650713237
 30
0.0
 10
542.0740767909814
 20
431.1176074462397
 30
0.0
  0
LINE
  5
275E
330
70
100
AcDbEntity
  8
Visible
100
AcDbLine
 10
612.7240763148622
 20
430.6176076738752
 30
0.0
 11
599.7240763148623
 21
430.6176076738752
 31
0.0
  0
SPLINE
  5
275F
330
70
100
AcDbEntity
  8
Visible
100
AcDbSpline
210
0.0
220
0.0
230
1.0
 70
     8
 71
     3
 72
     8
 73
     4
 74
     0
 42
0.000000001
 43
0.0000000001
 40
-1.0
 40
-1.0
 40
-1.0
 40
-1.0
 40
0.0
 40
0.0
 40
0.0
 40
0.0
 10
613.2240767909828
 20
431.1176074462397
 30
0.0
 10
613.2240767909828
 20
430.8414650713237
 30
0.0
 10
613.0002191658991
 20
430.6176074462397
 30
0.0
 10
612.7240767909828
 20
430.6176074462397
 30
0.0
  0
LINE
  5
2760
330
70
100
AcDbEntity
  8
Visible
100
AcDbLine
 10
613.2240763148622
 20
444.1176076738752
 30
0.0
 11
613.2240763148622
 21
431.1176076738751
 31
0.0
  0
SPLINE
  5
2761
330
70
100
AcDbEntity
  8
Visible
100
AcDbSpline
210
0.0
220
0.0
230
1.0
 70
     8
 71
     3
 72
     8
 73
     4
 74
     0
 42
0.000000001
 43
0.0000000001
 40
-3.0
 40
-3.0
 40
-3.0
 40
-3.0
 40
-2.0
 40
-2.0
 40
-2.0
 40
-2.0
 10
612.7240767909828
 20
444.6176074462397
 30
0.0
 10
613.0002191658991
 20
444.6176074462397
 30
0.0
 10
613.2240767909828
 20
444.393749821156
 30
0.0
 10
613.2240767909828
 20
444.1176074462397
 30
0.0
  0
LINE
  5
2762
330
70
100
AcDbEntity
  8
Visible
100
AcDbLine
 10
599.7240763148623
 20
444.6176076738752
 30
0.0
 11
612.7240763148622
 21
444.6176076738752
 31
0.0
  0
SPLINE
  5
2763
330
70
100
AcDbEntity
  8
Visible
100
AcDbSpline
210
0.0
220
0.0
230
1.0
 70
     8
 71
     3
 72
     8
 73
     4
 74
     0
 42
0.000000001
 43
0.0000000001
 40
-5.0
 40
-5.0
 40
-5.0
 40
-5.0
 40
-4.0
 40
-4.0
 40
-4.0
 40
-4.0
 10
599.2240767909828
 20
444.1176074462397
 30
0.0
 10
599.2240767909828
 20
444.393749821156
 30
0.0
 10
599.4479344160668
 20
444.6176074462397
 30
0.0
 10
599.7240767909828
 20
444.6176074462397
 30
0.0
  0
LINE
  5
2764
330
70
100
AcDbEntity
  8
Visible
100
AcDbLine
 10
599.2240763148622
 20
431.1176076738751
 30
0.0
 11
599.2240763148622
 21
444.1176076738752
 31
0.0
  0
SPLINE
  5
2765
330
70
100
AcDbEntity
  8
Visible
100
AcDbSpline
210
0.0
220
0.0
230
1.0
 70
     8
 71
     3
 72
     8
 73
     4
 74
     0
 42
0.000000001
 43
0.0000000001
 40
-7.0
 40
-7.0
 40
-7.0
 40
-7.0
 40
-6.0
 40
-6.0
 40
-6.0
 40
-6.0
 10
599.7240767909828
 20
430.6176074462397
 30
0.0
 10
599.4479344160668
 20
430.6176074462397
 30
0.0
 10
599.2240767909828
 20
430.8414650713237
 30
0.0
 10
599.2240767909828
 20
431.1176074462397
 30
0.0
  0
LINE
  5
2766
330
70
100
AcDbEntity
  8
Visible
100
AcDbLine
 10
561.1240763148623
 20
431.1176076738751
 30
0.0
 11
561.1240763148623
 21
444.1176076738752
 31
0.0
  0
SPLINE
  5
2767
330
70
100
AcDbEntity
  8
Visible
100
AcDbSpline
210
0.0
220
0.0
230
1.0
 70
     8
 71
     3
 72
     8
 73
     4
 74
     0
 42
0.000000001
 43
0.0000000001
 40
-1.0
 40
-1.0
 40
-1.0
 40
-1.0
 40
0.0
 40
0.0
 40
0.0
 40
0.0
 10
561.6240767909824
 20
430.6176074462397
 30
0.0
 10
561.3479344160664
 20
430.6176074462397
 30
0.0
 10
561.1240767909825
 20
430.8414650713237
 30
0.0
 10
561.1240767909825
 20
431.1176074462397
 30
0.0
  0
LINE
  5
2768
330
70
100
AcDbEntity
  8
Visible
100
AcDbLine
 10
574.6240763148622
 20
430.6176076738752
 30
0.0
 11
561.6240763148622
 21
430.6176076738752
 31
0.0
  0
SPLINE
  5
2769
330
70
100
AcDbEntity
  8
Visible
100
AcDbSpline
210
0.0
220
0.0
230
1.0
 70
     8
 71
     3
 72
     8
 73
     4
 74
     0
 42
0.000000001
 43
0.0000000001
 40
-3.0
 40
-3.0
 40
-3.0
 40
-3.0
 40
-2.0
 40
-2.0
 40
-2.0
 40
-2.0
 10
575.1240767909826
 20
431.1176074462397
 30
0.0
 10
575.1240767909826
 20
430.8414650713237
 30
0.0
 10
574.9002191658968
 20
430.6176074462397
 30
0.0
 10
574.6240767909825
 20
430.6176074462397
 30
0.0
  0
LINE
  5
276A
330
70
100
AcDbEntity
  8
Visible
100
AcDbLine
 10
575.1240763148622
 20
444.1176076738752
 30
0.0
 11
575.1240763148622
 21
431.1176076738751
 31
0.0
  0
SPLINE
  5
276B
330
70
100
AcDbEntity
  8
Visible
100
AcDbSpline
210
0.0
220
0.0
230
1.0
 70
     8
 71
     3
 72
     8
 73
     4
 74
     0
 42
0.000000001
 43
0.0000000001
 40
-5.0
 40
-5.0
 40
-5.0
 40
-5.0
 40
-4.0
 40
-4.0
 40
-4.0
 40
-4.0
 10
574.6240767909825
 20
444.6176074462397
 30
0.0
 10
574.9002191658968
 20
444.6176074462397
 30
0.0
 10
575.1240767909826
 20
444.393749821156
 30
0.0
 10
575.1240767909826
 20
444.1176074462397
 30
0.0
  0
LINE
  5
276C
330
70
100
AcDbEntity
  8
Visible
100
AcDbLine
 10
561.6240763148622
 20
444.6176076738752
 30
0.0
 11
574.6240763148622
 21
444.6176076738752
 31
0.0
  0
SPLINE
  5
276D
330
70
100
AcDbEntity
  8
Visible
100
AcDbSpline
210
0.0
220
0.0
230
1.0
 70
     8
 71
     3
 72
     8
 73
     4
 74
     0
 42
0.000000001
 43
0.0000000001
 40
-7.0
 40
-7.0
 40
-7.0
 40
-7.0
 40
-6.0
 40
-6.0
 40
-6.0
 40
-6.0
 10
561.1240767909825
 20
444.1176074462397
 30
0.0
 10
561.1240767909825
 20
444.393749821156
 30
0.0
 10
561.3479344160664
 20
444.6176074462397
 30
0.0
 10
561.6240767909824
 20
444.6176074462397
 30
0.0
  0
LINE
  5
276E
330
70
100
AcDbEntity
  8
Visible
100
AcDbLine
 10
723.0490763148621
 20
450.1676076738752
 30
0.0
 11
723.0490763148621
 21
463.1676076738751
 31
0.0
  0
SPLINE
  5
276F
330
70
100
AcDbEntity
  8
Visible
100
AcDbSpline
210
0.0
220
0.0
230
1.0
 70
     8
 71
     3
 72
     8
 73
     4
 74
     0
 42
0.000000001
 43
0.0000000001
 40
-1.0
 40
-1.0
 40
-1.0
 40
-1.0
 40
0.0
 40
0.0
 40
0.0
 40
0.0
 10
723.5490767909817
 20
449.6676074462408
 30
0.0
 10
723.2729344160674
 20
449.6676074462408
 30
0.0
 10
723.0490767909834
 20
449.8914650713246
 30
0.0
 10
723.0490767909834
 20
450.1676074462391
 30
0.0
  0
LINE
  5
2770
330
70
100
AcDbEntity
  8
Visible
100
AcDbLine
 10
736.5490763148621
 20
449.6676076738752
 30
0.0
 11
723.5490763148621
 21
449.6676076738752
 31
0.0
  0
SPLINE
  5
2771
330
70
100
AcDbEntity
  8
Visible
100
AcDbSpline
210
0.0
220
0.0
230
1.0
 70
     8
 71
     3
 72
     8
 73
     4
 74
     0
 42
0.000000001
 43
0.0000000001
 40
-3.0
 40
-3.0
 40
-3.0
 40
-3.0
 40
-2.0
 40
-2.0
 40
-2.0
 40
-2.0
 10
737.0490767909835
 20
450.1676074462391
 30
0.0
 10
737.0490767909835
 20
449.8914650713246
 30
0.0
 10
736.8252191658978
 20
449.6676074462408
 30
0.0
 10
736.5490767909834
 20
449.6676074462408
 30
0.0
  0
LINE
  5
2772
330
70
100
AcDbEntity
  8
Visible
100
AcDbLine
 10
737.0490763148621
 20
463.1676076738751
 30
0.0
 11
737.0490763148621
 21
450.1676076738752
 31
0.0
  0
SPLINE
  5
2773
330
70
100
AcDbEntity
  8
Visible
100
AcDbSpline
210
0.0
220
0.0
230
1.0
 70
     8
 71
     3
 72
     8
 73
     4
 74
     0
 42
0.000000001
 43
0.0000000001
 40
-5.0
 40
-5.0
 40
-5.0
 40
-5.0
 40
-4.0
 40
-4.0
 40
-4.0
 40
-4.0
 10
736.5490767909834
 20
463.6676074462408
 30
0.0
 10
736.8252191658978
 20
463.667607446239
 30
0.0
 10
737.0490767909817
 20
463.4437498211553
 30
0.0
 10
737.0490767909817
 20
463.1676074462408
 30
0.0
  0
LINE
  5
2774
330
70
100
AcDbEntity
  8
Visible
100
AcDbLine
 10
723.5490763148621
 20
463.6676076738751
 30
0.0
 11
736.5490763148621
 21
463.6676076738751
 31
0.0
  0
SPLINE
  5
2775
330
70
100
AcDbEntity
  8
Visible
100
AcDbSpline
210
0.0
220
0.0
230
1.0
 70
     8
 71
     3
 72
     8
 73
     4
 74
     0
 42
0.000000001
 43
0.0000000001
 40
-7.0
 40
-7.0
 40
-7.0
 40
-7.0
 40
-6.0
 40
-6.0
 40
-6.0
 40
-6.0
 10
723.0490767909834
 20
463.1676074462408
 30
0.0
 10
723.0490767909834
 20
463.4437498211553
 30
0.0
 10
723.2729344160674
 20
463.667607446239
 30
0.0
 10
723.5490767909817
 20
463.667607446239
 30
0.0
  0
LINE
  5
2776
330
70
100
AcDbEntity
  8
Visible
100
AcDbLine
 10
698.4490763148622
 20
449.6676076738752
 30
0.0
 11
685.4490763148622
 21
449.6676076738752
 31
0.0
  0
SPLINE
  5
2777
330
70
100
AcDbEntity
  8
Visible
100
AcDbSpline
210
0.0
220
0.0
230
1.0
 70
     8
 71
     3
 72
     8
 73
     4
 74
     0
 42
0.000000001
 43
0.0000000001
 40
-1.0
 40
-1.0
 40
-1.0
 40
-1.0
 40
0.0
 40
0.0
 40
0.0
 40
0.0
 10
698.949076790983
 20
450.1676074462391
 30
0.0
 10
698.949076790983
 20
449.8914650713246
 30
0.0
 10
698.7252191658975
 20
449.6676074462408
 30
0.0
 10
698.449076790983
 20
449.6676074462408
 30
0.0
  0
LINE
  5
2778
330
70
100
AcDbEntity
  8
Visible
100
AcDbLine
 10
698.9490763148623
 20
463.1676076738751
 30
0.0
 11
698.9490763148623
 21
450.1676076738752
 31
0.0
  0
SPLINE
  5
2779
330
70
100
AcDbEntity
  8
Visible
100
AcDbSpline
210
0.0
220
0.0
230
1.0
 70
     8
 71
     3
 72
     8
 73
     4
 74
     0
 42
0.000000001
 43
0.0000000001
 40
-3.0
 40
-3.0
 40
-3.0
 40
-3.0
 40
-2.0
 40
-2.0
 40
-2.0
 40
-2.0
 10
698.449076790983
 20
463.667607446239
 30
0.0
 10
698.7252191658975
 20
463.667607446239
 30
0.0
 10
698.949076790983
 20
463.4437498211553
 30
0.0
 10
698.949076790983
 20
463.1676074462408
 30
0.0
  0
LINE
  5
277A
330
70
100
AcDbEntity
  8
Visible
100
AcDbLine
 10
685.4490763148622
 20
463.6676076738751
 30
0.0
 11
698.4490763148622
 21
463.6676076738751
 31
0.0
  0
SPLINE
  5
277B
330
70
100
AcDbEntity
  8
Visible
100
AcDbSpline
210
0.0
220
0.0
230
1.0
 70
     8
 71
     3
 72
     8
 73
     4
 74
     0
 42
0.000000001
 43
0.0000000001
 40
-5.0
 40
-5.0
 40
-5.0
 40
-5.0
 40
-4.0
 40
-4.0
 40
-4.0
 40
-4.0
 10
684.9490767909832
 20
463.1676074462408
 30
0.0
 10
684.9490767909832
 20
463.4437498211553
 30
0.0
 10
685.172934416067
 20
463.667607446239
 30
0.0
 10
685.4490767909831
 20
463.667607446239
 30
0.0
  0
LINE
  5
277C
330
70
100
AcDbEntity
  8
Visible
100
AcDbLine
 10
684.9490763148622
 20
450.1676076738752
 30
0.0
 11
684.9490763148622
 21
463.1676076738751
 31
0.0
  0
SPLINE
  5
277D
330
70
100
AcDbEntity
  8
Visible
100
AcDbSpline
210
0.0
220
0.0
230
1.0
 70
     8
 71
     3
 72
     8
 73
     4
 74
     0
 42
0.000000001
 43
0.0000000001
 40
-7.0
 40
-7.0
 40
-7.0
 40
-7.0
 40
-6.0
 40
-6.0
 40
-6.0
 40
-6.0
 10
685.4490767909831
 20
449.6676074462408
 30
0.0
 10
685.172934416067
 20
449.6676074462408
 30
0.0
 10
684.9490767909832
 20
449.8914650713246
 30
0.0
 10
684.9490767909832
 20
450.1676074462391
 30
0.0
  0
LINE
  5
277E
330
70
100
AcDbEntity
  8
Visible
100
AcDbLine
 10
717.4990763148622
 20
449.6676076738752
 30
0.0
 11
704.4990763148622
 21
449.6676076738752
 31
0.0
  0
SPLINE
  5
277F
330
70
100
AcDbEntity
  8
Visible
100
AcDbSpline
210
0.0
220
0.0
230
1.0
 70
     8
 71
     3
 72
     8
 73
     4
 74
     0
 42
0.000000001
 43
0.0000000001
 40
-1.0
 40
-1.0
 40
-1.0
 40
-1.0
 40
0.0
 40
0.0
 40
0.0
 40
0.0
 10
717.9990767909824
 20
450.1676074462391
 30
0.0
 10
717.9990767909824
 20
449.8914650713246
 30
0.0
 10
717.7752191658985
 20
449.6676074462408
 30
0.0
 10
717.4990767909824
 20
449.6676074462408
 30
0.0
  0
LINE
  5
2780
330
70
100
AcDbEntity
  8
Visible
100
AcDbLine
 10
717.9990763148622
 20
463.1676076738751
 30
0.0
 11
717.9990763148622
 21
450.1676076738752
 31
0.0
  0
SPLINE
  5
2781
330
70
100
AcDbEntity
  8
Visible
100
AcDbSpline
210
0.0
220
0.0
230
1.0
 70
     8
 71
     3
 72
     8
 73
     4
 74
     0
 42
0.000000001
 43
0.0000000001
 40
-3.0
 40
-3.0
 40
-3.0
 40
-3.0
 40
-2.0
 40
-2.0
 40
-2.0
 40
-2.0
 10
717.4990767909824
 20
463.667607446239
 30
0.0
 10
717.7752191658985
 20
463.667607446239
 30
0.0
 10
717.9990767909824
 20
463.4437498211553
 30
0.0
 10
717.9990767909824
 20
463.1676074462408
 30
0.0
  0
LINE
  5
2782
330
70
100
AcDbEntity
  8
Visible
100
AcDbLine
 10
704.4990763148622
 20
463.6676076738751
 30
0.0
 11
717.4990763148622
 21
463.6676076738751
 31
0.0
  0
SPLINE
  5
2783
330
70
100
AcDbEntity
  8
Visible
100
AcDbSpline
210
0.0
220
0.0
230
1.0
 70
     8
 71
     3
 72
     8
 73
     4
 74
     0
 42
0.000000001
 43
0.0000000001
 40
-5.0
 40
-5.0
 40
-5.0
 40
-5.0
 40
-4.0
 40
-4.0
 40
-4.0
 40
-4.0
 10
703.9990767909825
 20
463.1676074462408
 30
0.0
 10
703.9990767909825
 20
463.4437498211553
 30
0.0
 10
704.2229344160681
 20
463.667607446239
 30
0.0
 10
704.4990767909824
 20
463.667607446239
 30
0.0
  0
LINE
  5
2784
330
70
100
AcDbEntity
  8
Visible
100
AcDbLine
 10
703.9990763148622
 20
450.1676076738752
 30
0.0
 11
703.9990763148622
 21
463.1676076738751
 31
0.0
  0
SPLINE
  5
2785
330
70
100
AcDbEntity
  8
Visible
100
AcDbSpline
210
0.0
220
0.0
230
1.0
 70
     8
 71
     3
 72
     8
 73
     4
 74
     0
 42
0.000000001
 43
0.0000000001
 40
-7.0
 40
-7.0
 40
-7.0
 40
-7.0
 40
-6.0
 40
-6.0
 40
-6.0
 40
-6.0
 10
704.4990767909824
 20
449.6676074462408
 30
0.0
 10
704.2229344160681
 20
449.6676074462408
 30
0.0
 10
703.9990767909825
 20
449.8914650713246
 30
0.0
 10
703.9990767909825
 20
450.1676074462391
 30
0.0
  0
LINE
  5
2786
330
70
100
AcDbEntity
  8
Visible
100
AcDbLine
 10
532.5490763148621
 20
450.1676076738752
 30
0.0
 11
532.5490763148621
 21
463.1676076738751
 31
0.0
  0
SPLINE
  5
2787
330
70
100
AcDbEntity
  8
Visible
100
AcDbSpline
210
0.0
220
0.0
230
1.0
 70
     8
 71
     3
 72
     8
 73
     4
 74
     0
 42
0.000000001
 43
0.0000000001
 40
-1.0
 40
-1.0
 40
-1.0
 40
-1.0
 40
0.0
 40
0.0
 40
0.0
 40
0.0
 10
533.0490767909818
 20
449.6676074462408
 30
0.0
 10
532.7729344160673
 20
449.6676074462408
 30
0.0
 10
532.5490767909818
 20
449.8914650713246
 30
0.0
 10
532.5490767909818
 20
450.1676074462391
 30
0.0
  0
LINE
  5
2788
330
70
100
AcDbEntity
  8
Visible
100
AcDbLine
 10
546.0490763148623
 20
449.6676076738752
 30
0.0
 11
533.0490763148623
 21
449.6676076738752
 31
0.0
  0
SPLINE
  5
2789
330
70
100
AcDbEntity
  8
Visible
100
AcDbSpline
210
0.0
220
0.0
230
1.0
 70
     8
 71
     3
 72
     8
 73
     4
 74
     0
 42
0.000000001
 43
0.0000000001
 40
-3.0
 40
-3.0
 40
-3.0
 40
-3.0
 40
-2.0
 40
-2.0
 40
-2.0
 40
-2.0
 10
546.5490767909836
 20
450.1676074462391
 30
0.0
 10
546.5490767909836
 20
449.8914650713246
 30
0.0
 10
546.3252191658979
 20
449.6676074462408
 30
0.0
 10
546.0490767909818
 20
449.6676074462408
 30
0.0
  0
LINE
  5
278A
330
70
100
AcDbEntity
  8
Visible
100
AcDbLine
 10
546.5490763148621
 20
463.1676076738751
 30
0.0
 11
546.5490763148621
 21
450.1676076738752
 31
0.0
  0
SPLINE
  5
278B
330
70
100
AcDbEntity
  8
Visible
100
AcDbSpline
210
0.0
220
0.0
230
1.0
 70
     8
 71
     3
 72
     8
 73
     4
 74
     0
 42
0.000000001
 43
0.0000000001
 40
-5.0
 40
-5.0
 40
-5.0
 40
-5.0
 40
-4.0
 40
-4.0
 40
-4.0
 40
-4.0
 10
546.0490767909818
 20
463.667607446239
 30
0.0
 10
546.3252191658979
 20
463.667607446239
 30
0.0
 10
546.5490767909836
 20
463.4437498211553
 30
0.0
 10
546.5490767909836
 20
463.1676074462408
 30
0.0
  0
LINE
  5
278C
330
70
100
AcDbEntity
  8
Visible
100
AcDbLine
 10
533.0490763148623
 20
463.6676076738751
 30
0.0
 11
546.0490763148623
 21
463.6676076738751
 31
0.0
  0
SPLINE
  5
278D
330
70
100
AcDbEntity
  8
Visible
100
AcDbSpline
210
0.0
220
0.0
230
1.0
 70
     8
 71
     3
 72
     8
 73
     4
 74
     0
 42
0.000000001
 43
0.0000000001
 40
-7.0
 40
-7.0
 40
-7.0
 40
-7.0
 40
-6.0
 40
-6.0
 40
-6.0
 40
-6.0
 10
532.5490767909835
 20
463.1676074462408
 30
0.0
 10
532.5490767909835
 20
463.4437498211553
 30
0.0
 10
532.7729344160673
 20
463.667607446239
 30
0.0
 10
533.0490767909818
 20
463.667607446239
 30
0.0
  0
LINE
  5
278E
330
70
100
AcDbEntity
  8
Visible
100
AcDbLine
 10
551.5990763148622
 20
450.1676076738752
 30
0.0
 11
551.5990763148622
 21
463.1676076738751
 31
0.0
  0
SPLINE
  5
278F
330
70
100
AcDbEntity
  8
Visible
100
AcDbSpline
210
0.0
220
0.0
230
1.0
 70
     8
 71
     3
 72
     8
 73
     4
 74
     0
 42
0.000000001
 43
0.0000000001
 40
-1.0
 40
-1.0
 40
-1.0
 40
-1.0
 40
0.0
 40
0.0
 40
0.0
 40
0.0
 10
552.0990767909828
 20
449.6676074462408
 30
0.0
 10
551.8229344160667
 20
449.6676074462408
 30
0.0
 10
551.5990767909829
 20
449.8914650713246
 30
0.0
 10
551.5990767909829
 20
450.1676074462391
 30
0.0
  0
LINE
  5
2790
330
70
100
AcDbEntity
  8
Visible
100
AcDbLine
 10
565.0990763148622
 20
449.6676076738752
 30
0.0
 11
552.0990763148623
 21
449.6676076738752
 31
0.0
  0
SPLINE
  5
2791
330
70
100
AcDbEntity
  8
Visible
100
AcDbSpline
210
0.0
220
0.0
230
1.0
 70
     8
 71
     3
 72
     8
 73
     4
 74
     0
 42
0.000000001
 43
0.0000000001
 40
-3.0
 40
-3.0
 40
-3.0
 40
-3.0
 40
-2.0
 40
-2.0
 40
-2.0
 40
-2.0
 10
565.5990767909828
 20
450.1676074462391
 30
0.0
 10
565.5990767909828
 20
449.8914650713246
 30
0.0
 10
565.3752191658972
 20
449.6676074462408
 30
0.0
 10
565.0990767909828
 20
449.6676074462408
 30
0.0
  0
LINE
  5
2792
330
70
100
AcDbEntity
  8
Visible
100
AcDbLine
 10
565.5990763148622
 20
463.1676076738751
 30
0.0
 11
565.5990763148622
 21
450.1676076738752
 31
0.0
  0
SPLINE
  5
2793
330
70
100
AcDbEntity
  8
Visible
100
AcDbSpline
210
0.0
220
0.0
230
1.0
 70
     8
 71
     3
 72
     8
 73
     4
 74
     0
 42
0.000000001
 43
0.0000000001
 40
-5.0
 40
-5.0
 40
-5.0
 40
-5.0
 40
-4.0
 40
-4.0
 40
-4.0
 40
-4.0
 10
565.0990767909828
 20
463.667607446239
 30
0.0
 10
565.3752191658972
 20
463.667607446239
 30
0.0
 10
565.5990767909828
 20
463.4437498211553
 30
0.0
 10
565.5990767909828
 20
463.1676074462408
 30
0.0
  0
LINE
  5
2794
330
70
100
AcDbEntity
  8
Visible
100
AcDbLine
 10
552.0990763148623
 20
463.6676076738751
 30
0.0
 11
565.0990763148622
 21
463.6676076738751
 31
0.0
  0
SPLINE
  5
2795
330
70
100
AcDbEntity
  8
Visible
100
AcDbSpline
210
0.0
220
0.0
230
1.0
 70
     8
 71
     3
 72
     8
 73
     4
 74
     0
 42
0.000000001
 43
0.0000000001
 40
-7.0
 40
-7.0
 40
-7.0
 40
-7.0
 40
-6.0
 40
-6.0
 40
-6.0
 40
-6.0
 10
551.5990767909829
 20
463.1676074462408
 30
0.0
 10
551.5990767909829
 20
463.4437498211553
 30
0.0
 10
551.8229344160667
 20
463.667607446239
 30
0.0
 10
552.0990767909828
 20
463.667607446239
 30
0.0
  0
LINE
  5
2796
330
70
100
AcDbEntity
  8
Visible
100
AcDbLine
 10
622.2490763148623
 20
449.6676076738752
 30
0.0
 11
609.2490763148622
 21
449.6676076738752
 31
0.0
  0
SPLINE
  5
2797
330
70
100
AcDbEntity
  8
Visible
100
AcDbSpline
210
0.0
220
0.0
230
1.0
 70
     8
 71
     3
 72
     8
 73
     4
 74
     0
 42
0.000000001
 43
0.0000000001
 40
-1.0
 40
-1.0
 40
-1.0
 40
-1.0
 40
0.0
 40
0.0
 40
0.0
 40
0.0
 10
622.7490767909825
 20
450.1676074462391
 30
0.0
 10
622.7490767909825
 20
449.8914650713246
 30
0.0
 10
622.5252191658986
 20
449.6676074462408
 30
0.0
 10
622.2490767909826
 20
449.6676074462408
 30
0.0
  0
LINE
  5
2798
330
70
100
AcDbEntity
  8
Visible
100
AcDbLine
 10
622.7490763148622
 20
463.1676076738751
 30
0.0
 11
622.7490763148622
 21
450.1676076738752
 31
0.0
  0
SPLINE
  5
2799
330
70
100
AcDbEntity
  8
Visible
100
AcDbSpline
210
0.0
220
0.0
230
1.0
 70
     8
 71
     3
 72
     8
 73
     4
 74
     0
 42
0.000000001
 43
0.0000000001
 40
-3.0
 40
-3.0
 40
-3.0
 40
-3.0
 40
-2.0
 40
-2.0
 40
-2.0
 40
-2.0
 10
622.2490767909826
 20
463.667607446239
 30
0.0
 10
622.5252191658986
 20
463.667607446239
 30
0.0
 10
622.7490767909825
 20
463.4437498211553
 30
0.0
 10
622.7490767909825
 20
463.1676074462408
 30
0.0
  0
LINE
  5
279A
330
70
100
AcDbEntity
  8
Visible
100
AcDbLine
 10
609.2490763148622
 20
463.6676076738751
 30
0.0
 11
622.2490763148623
 21
463.6676076738751
 31
0.0
  0
SPLINE
  5
279B
330
70
100
AcDbEntity
  8
Visible
100
AcDbSpline
210
0.0
220
0.0
230
1.0
 70
     8
 71
     3
 72
     8
 73
     4
 74
     0
 42
0.000000001
 43
0.0000000001
 40
-5.0
 40
-5.0
 40
-5.0
 40
-5.0
 40
-4.0
 40
-4.0
 40
-4.0
 40
-4.0
 10
608.7490767909823
 20
463.1676074462408
 30
0.0
 10
608.7490767909823
 20
463.4437498211553
 30
0.0
 10
608.9729344160661
 20
463.667607446239
 30
0.0
 10
609.2490767909823
 20
463.667607446239
 30
0.0
  0
LINE
  5
279C
330
70
100
AcDbEntity
  8
Visible
100
AcDbLine
 10
608.7490763148622
 20
450.1676076738752
 30
0.0
 11
608.7490763148622
 21
463.1676076738751
 31
0.0
  0
SPLINE
  5
279D
330
70
100
AcDbEntity
  8
Visible
100
AcDbSpline
210
0.0
220
0.0
230
1.0
 70
     8
 71
     3
 72
     8
 73
     4
 74
     0
 42
0.000000001
 43
0.0000000001
 40
-7.0
 40
-7.0
 40
-7.0
 40
-7.0
 40
-6.0
 40
-6.0
 40
-6.0
 40
-6.0
 10
609.2490767909823
 20
449.6676074462408
 30
0.0
 10
608.9729344160661
 20
449.6676074462408
 30
0.0
 10
608.7490767909823
 20
449.8914650713246
 30
0.0
 10
608.7490767909823
 20
450.1676074462391
 30
0.0
  0
LINE
  5
279E
330
70
100
AcDbEntity
  8
Visible
100
AcDbLine
 10
660.3490763148622
 20
449.6676076738752
 30
0.0
 11
647.3490763148622
 21
449.6676076738752
 31
0.0
  0
SPLINE
  5
279F
330
70
100
AcDbEntity
  8
Visible
100
AcDbSpline
210
0.0
220
0.0
230
1.0
 70
     8
 71
     3
 72
     8
 73
     4
 74
     0
 42
0.000000001
 43
0.0000000001
 40
-1.0
 40
-1.0
 40
-1.0
 40
-1.0
 40
0.0
 40
0.0
 40
0.0
 40
0.0
 10
660.8490767909828
 20
450.1676074462391
 30
0.0
 10
660.8490767909828
 20
449.8914650713246
 30
0.0
 10
660.625219165897
 20
449.6676074462408
 30
0.0
 10
660.3490767909828
 20
449.6676074462408
 30
0.0
  0
LINE
  5
27A0
330
70
100
AcDbEntity
  8
Visible
100
AcDbLine
 10
660.8490763148623
 20
463.1676076738751
 30
0.0
 11
660.8490763148623
 21
450.1676076738752
 31
0.0
  0
SPLINE
  5
27A1
330
70
100
AcDbEntity
  8
Visible
100
AcDbSpline
210
0.0
220
0.0
230
1.0
 70
     8
 71
     3
 72
     8
 73
     4
 74
     0
 42
0.000000001
 43
0.0000000001
 40
-3.0
 40
-3.0
 40
-3.0
 40
-3.0
 40
-2.0
 40
-2.0
 40
-2.0
 40
-2.0
 10
660.3490767909828
 20
463.667607446239
 30
0.0
 10
660.625219165897
 20
463.667607446239
 30
0.0
 10
660.8490767909828
 20
463.4437498211553
 30
0.0
 10
660.8490767909828
 20
463.1676074462408
 30
0.0
  0
LINE
  5
27A2
330
70
100
AcDbEntity
  8
Visible
100
AcDbLine
 10
647.3490763148622
 20
463.6676076738751
 30
0.0
 11
660.3490763148622
 21
463.6676076738751
 31
0.0
  0
SPLINE
  5
27A3
330
70
100
AcDbEntity
  8
Visible
100
AcDbSpline
210
0.0
220
0.0
230
1.0
 70
     8
 71
     3
 72
     8
 73
     4
 74
     0
 42
0.000000001
 43
0.0000000001
 40
-5.0
 40
-5.0
 40
-5.0
 40
-5.0
 40
-4.0
 40
-4.0
 40
-4.0
 40
-4.0
 10
646.8490767909828
 20
463.1676074462408
 30
0.0
 10
646.8490767909828
 20
463.4437498211553
 30
0.0
 10
647.0729344160665
 20
463.667607446239
 30
0.0
 10
647.3490767909829
 20
463.667607446239
 30
0.0
  0
LINE
  5
27A4
330
70
100
AcDbEntity
  8
Visible
100
AcDbLine
 10
646.8490763148622
 20
450.1676076738752
 30
0.0
 11
646.8490763148622
 21
463.1676076738751
 31
0.0
  0
SPLINE
  5
27A5
330
70
100
AcDbEntity
  8
Visible
100
AcDbSpline
210
0.0
220
0.0
230
1.0
 70
     8
 71
     3
 72
     8
 73
     4
 74
     0
 42
0.000000001
 43
0.0000000001
 40
-7.0
 40
-7.0
 40
-7.0
 40
-7.0
 40
-6.0
 40
-6.0
 40
-6.0
 40
-6.0
 10
647.3490767909829
 20
449.6676074462408
 30
0.0
 10
647.0729344160665
 20
449.6676074462408
 30
0.0
 10
646.8490767909828
 20
449.8914650713246
 30
0.0
 10
646.8490767909828
 20
450.1676074462391
 30
0.0
  0
LINE
  5
27A6
330
70
100
AcDbEntity
  8
Visible
100
AcDbLine
 10
666.3990763148622
 20
463.6676076738751
 30
0.0
 11
679.3990763148622
 21
463.6676076738751
 31
0.0
  0
SPLINE
  5
27A7
330
70
100
AcDbEntity
  8
Visible
100
AcDbSpline
210
0.0
220
0.0
230
1.0
 70
     8
 71
     3
 72
     8
 73
     4
 74
     0
 42
0.000000001
 43
0.0000000001
 40
5.0
 40
5.0
 40
5.0
 40
5.0
 40
6.0
 40
6.0
 40
6.0
 40
6.0
 10
665.8990767909821
 20
463.1676074462408
 30
0.0
 10
665.8990767909821
 20
463.4437498211553
 30
0.0
 10
666.1229344160678
 20
463.667607446239
 30
0.0
 10
666.3990767909821
 20
463.667607446239
 30
0.0
  0
LINE
  5
27A8
330
70
100
AcDbEntity
  8
Visible
100
AcDbLine
 10
665.8990763148622
 20
450.1676076738752
 30
0.0
 11
665.8990763148622
 21
463.1676076738751
 31
0.0
  0
SPLINE
  5
27A9
330
70
100
AcDbEntity
  8
Visible
100
AcDbSpline
210
0.0
220
0.0
230
1.0
 70
     8
 71
     3
 72
     8
 73
     4
 74
     0
 42
0.000000001
 43
0.0000000001
 40
3.0
 40
3.0
 40
3.0
 40
3.0
 40
4.0
 40
4.0
 40
4.0
 40
4.0
 10
666.3990767909821
 20
449.6676074462408
 30
0.0
 10
666.1229344160678
 20
449.6676074462408
 30
0.0
 10
665.8990767909821
 20
449.8914650713246
 30
0.0
 10
665.8990767909821
 20
450.1676074462391
 30
0.0
  0
LINE
  5
27AA
330
70
100
AcDbEntity
  8
Visible
100
AcDbLine
 10
679.3990763148622
 20
449.6676076738752
 30
0.0
 11
666.3990763148622
 21
449.6676076738752
 31
0.0
  0
SPLINE
  5
27AB
330
70
100
AcDbEntity
  8
Visible
100
AcDbSpline
210
0.0
220
0.0
230
1.0
 70
     8
 71
     3
 72
     8
 73
     4
 74
     0
 42
0.000000001
 43
0.0000000001
 40
1.0
 40
1.0
 40
1.0
 40
1.0
 40
2.0
 40
2.0
 40
2.0
 40
2.0
 10
679.899076790982
 20
450.1676074462391
 30
0.0
 10
679.899076790982
 20
449.8914650713246
 30
0.0
 10
679.6752191658981
 20
449.6676074462408
 30
0.0
 10
679.3990767909821
 20
449.6676074462408
 30
0.0
  0
LINE
  5
27AC
330
70
100
AcDbEntity
  8
Visible
100
AcDbLine
 10
679.8990763148622
 20
463.1676076738751
 30
0.0
 11
679.8990763148622
 21
450.1676076738752
 31
0.0
  0
SPLINE
  5
27AD
330
70
100
AcDbEntity
  8
Visible
100
AcDbSpline
210
0.0
220
0.0
230
1.0
 70
     8
 71
     3
 72
     8
 73
     4
 74
     0
 42
0.000000001
 43
0.0000000001
 40
7.0
 40
7.0
 40
7.0
 40
7.0
 40
8.0
 40
8.0
 40
8.0
 40
8.0
 10
679.3990767909821
 20
463.667607446239
 30
0.0
 10
679.6752191658981
 20
463.667607446239
 30
0.0
 10
679.899076790982
 20
463.4437498211553
 30
0.0
 10
679.899076790982
 20
463.1676074462408
 30
0.0
  0
LINE
  5
27AE
330
70
100
AcDbEntity
  8
Visible
100
AcDbLine
 10
641.2990763148623
 20
449.6676076738752
 30
0.0
 11
628.2990763148622
 21
449.6676076738752
 31
0.0
  0
SPLINE
  5
27AF
330
70
100
AcDbEntity
  8
Visible
100
AcDbSpline
210
0.0
220
0.0
230
1.0
 70
     8
 71
     3
 72
     8
 73
     4
 74
     0
 42
0.000000001
 43
0.0000000001
 40
-1.0
 40
-1.0
 40
-1.0
 40
-1.0
 40
0.0
 40
0.0
 40
0.0
 40
0.0
 10
641.7990767909818
 20
450.1676074462391
 30
0.0
 10
641.7990767909818
 20
449.8914650713246
 30
0.0
 10
641.5752191658977
 20
449.6676074462408
 30
0.0
 10
641.2990767909818
 20
449.6676074462408
 30
0.0
  0
LINE
  5
27B0
330
70
100
AcDbEntity
  8
Visible
100
AcDbLine
 10
641.7990763148623
 20
463.1676076738751
 30
0.0
 11
641.7990763148623
 21
450.1676076738752
 31
0.0
  0
SPLINE
  5
27B1
330
70
100
AcDbEntity
  8
Visible
100
AcDbSpline
210
0.0
220
0.0
230
1.0
 70
     8
 71
     3
 72
     8
 73
     4
 74
     0
 42
0.000000001
 43
0.0000000001
 40
-3.0
 40
-3.0
 40
-3.0
 40
-3.0
 40
-2.0
 40
-2.0
 40
-2.0
 40
-2.0
 10
641.2990767909818
 20
463.667607446239
 30
0.0
 10
641.5752191658977
 20
463.667607446239
 30
0.0
 10
641.7990767909818
 20
463.4437498211553
 30
0.0
 10
641.7990767909818
 20
463.1676074462408
 30
0.0
  0
LINE
  5
27B2
330
70
100
AcDbEntity
  8
Visible
100
AcDbLine
 10
628.2990763148622
 20
463.6676076738751
 30
0.0
 11
641.2990763148623
 21
463.6676076738751
 31
0.0
  0
SPLINE
  5
27B3
330
70
100
AcDbEntity
  8
Visible
100
AcDbSpline
210
0.0
220
0.0
230
1.0
 70
     8
 71
     3
 72
     8
 73
     4
 74
     0
 42
0.000000001
 43
0.0000000001
 40
-5.0
 40
-5.0
 40
-5.0
 40
-5.0
 40
-4.0
 40
-4.0
 40
-4.0
 40
-4.0
 10
627.7990767909817
 20
463.1676074462408
 30
0.0
 10
627.7990767909817
 20
463.4437498211553
 30
0.0
 10
628.0229344160674
 20
463.667607446239
 30
0.0
 10
628.2990767909836
 20
463.667607446239
 30
0.0
  0
LINE
  5
27B4
330
70
100
AcDbEntity
  8
Visible
100
AcDbLine
 10
627.7990763148622
 20
450.1676076738752
 30
0.0
 11
627.7990763148622
 21
463.1676076738751
 31
0.0
  0
SPLINE
  5
27B5
330
70
100
AcDbEntity
  8
Visible
100
AcDbSpline
210
0.0
220
0.0
230
1.0
 70
     8
 71
     3
 72
     8
 73
     4
 74
     0
 42
0.000000001
 43
0.0000000001
 40
-7.0
 40
-7.0
 40
-7.0
 40
-7.0
 40
-6.0
 40
-6.0
 40
-6.0
 40
-6.0
 10
628.2990767909836
 20
449.6676074462408
 30
0.0
 10
628.0229344160674
 20
449.6676074462408
 30
0.0
 10
627.7990767909817
 20
449.8914650713246
 30
0.0
 10
627.7990767909817
 20
450.1676074462391
 30
0.0
  0
LINE
  5
27B6
330
70
100
AcDbEntity
  8
Visible
100
AcDbLine
 10
655.5865763148622
 20
468.7176076738751
 30
0.0
 11
642.5865763148622
 21
468.7176076738751
 31
0.0
  0
SPLINE
  5
27B7
330
70
100
AcDbEntity
  8
Visible
100
AcDbSpline
210
0.0
220
0.0
230
1.0
 70
     8
 71
     3
 72
     8
 73
     4
 74
     0
 42
0.000000001
 43
0.0000000001
 40
-1.0
 40
-1.0
 40
-1.0
 40
-1.0
 40
0.0
 40
0.0
 40
0.0
 40
0.0
 10
656.0865767909821
 20
469.2176074462401
 30
0.0
 10
656.0865767909821
 20
468.9414650713239
 30
0.0
 10
655.8627191658981
 20
468.7176074462402
 30
0.0
 10
655.5865767909821
 20
468.7176074462402
 30
0.0
  0
LINE
  5
27B8
330
70
100
AcDbEntity
  8
Visible
100
AcDbLine
 10
656.0865763148622
 20
482.2176076738751
 30
0.0
 11
656.0865763148622
 21
469.2176076738751
 31
0.0
  0
SPLINE
  5
27B9
330
70
100
AcDbEntity
  8
Visible
100
AcDbSpline
210
0.0
220
0.0
230
1.0
 70
     8
 71
     3
 72
     8
 73
     4
 74
     0
 42
0.000000001
 43
0.0000000001
 40
-3.0
 40
-3.0
 40
-3.0
 40
-3.0
 40
-2.0
 40
-2.0
 40
-2.0
 40
-2.0
 10
655.5865767909821
 20
482.7176074462401
 30
0.0
 10
655.8627191658981
 20
482.7176074462401
 30
0.0
 10
656.0865767909821
 20
482.4937498211562
 30
0.0
 10
656.0865767909821
 20
482.2176074462401
 30
0.0
  0
LINE
  5
27BA
330
70
100
AcDbEntity
  8
Visible
100
AcDbLine
 10
642.5865763148622
 20
482.7176076738751
 30
0.0
 11
655.5865763148622
 21
482.7176076738751
 31
0.0
  0
SPLINE
  5
27BB
330
70
100
AcDbEntity
  8
Visible
100
AcDbSpline
210
0.0
220
0.0
230
1.0
 70
     8
 71
     3
 72
     8
 73
     4
 74
     0
 42
0.000000001
 43
0.0000000001
 40
-5.0
 40
-5.0
 40
-5.0
 40
-5.0
 40
-4.0
 40
-4.0
 40
-4.0
 40
-4.0
 10
642.0865767909821
 20
482.2176074462401
 30
0.0
 10
642.0865767909821
 20
482.4937498211562
 30
0.0
 10
642.3104344160659
 20
482.7176074462401
 30
0.0
 10
642.5865767909821
 20
482.7176074462401
 30
0.0
  0
LINE
  5
27BC
330
70
100
AcDbEntity
  8
Visible
100
AcDbLine
 10
642.0865763148622
 20
469.2176076738751
 30
0.0
 11
642.0865763148622
 21
482.2176076738751
 31
0.0
  0
SPLINE
  5
27BD
330
70
100
AcDbEntity
  8
Visible
100
AcDbSpline
210
0.0
220
0.0
230
1.0
 70
     8
 71
     3
 72
     8
 73
     4
 74
     0
 42
0.000000001
 43
0.0000000001
 40
-7.0
 40
-7.0
 40
-7.0
 40
-7.0
 40
-6.0
 40
-6.0
 40
-6.0
 40
-6.0
 10
642.5865767909821
 20
468.7176074462402
 30
0.0
 10
642.3104344160659
 20
468.7176074462402
 30
0.0
 10
642.0865767909821
 20
468.9414650713239
 30
0.0
 10
642.0865767909821
 20
469.2176074462401
 30
0.0
  0
LINE
  5
27BE
330
70
100
AcDbEntity
  8
Visible
100
AcDbLine
 10
571.1490763148622
 20
463.6676076738751
 30
0.0
 11
584.1490763148621
 21
463.6676076738751
 31
0.0
  0
SPLINE
  5
27BF
330
70
100
AcDbEntity
  8
Visible
100
AcDbSpline
210
0.0
220
0.0
230
1.0
 70
     8
 71
     3
 72
     8
 73
     4
 74
     0
 42
0.000000001
 43
0.0000000001
 40
5.0
 40
5.0
 40
5.0
 40
5.0
 40
6.0
 40
6.0
 40
6.0
 40
6.0
 10
570.6490767909821
 20
463.1676074462408
 30
0.0
 10
570.6490767909821
 20
463.4437498211553
 30
0.0
 10
570.8729344160679
 20
463.667607446239
 30
0.0
 10
571.1490767909821
 20
463.667607446239
 30
0.0
  0
LINE
  5
27C0
330
70
100
AcDbEntity
  8
Visible
100
AcDbLine
 10
570.6490763148622
 20
450.1676076738752
 30
0.0
 11
570.6490763148622
 21
463.1676076738751
 31
0.0
  0
SPLINE
  5
27C1
330
70
100
AcDbEntity
  8
Visible
100
AcDbSpline
210
0.0
220
0.0
230
1.0
 70
     8
 71
     3
 72
     8
 73
     4
 74
     0
 42
0.000000001
 43
0.0000000001
 40
3.0
 40
3.0
 40
3.0
 40
3.0
 40
4.0
 40
4.0
 40
4.0
 40
4.0
 10
571.1490767909821
 20
449.6676074462408
 30
0.0
 10
570.8729344160679
 20
449.6676074462408
 30
0.0
 10
570.6490767909821
 20
449.8914650713246
 30
0.0
 10
570.6490767909821
 20
450.1676074462391
 30
0.0
  0
LINE
  5
27C2
330
70
100
AcDbEntity
  8
Visible
100
AcDbLine
 10
584.1490763148621
 20
449.6676076738752
 30
0.0
 11
571.1490763148622
 21
449.6676076738752
 31
0.0
  0
SPLINE
  5
27C3
330
70
100
AcDbEntity
  8
Visible
100
AcDbSpline
210
0.0
220
0.0
230
1.0
 70
     8
 71
     3
 72
     8
 73
     4
 74
     0
 42
0.000000001
 43
0.0000000001
 40
1.0
 40
1.0
 40
1.0
 40
1.0
 40
2.0
 40
2.0
 40
2.0
 40
2.0
 10
584.6490767909821
 20
450.1676074462391
 30
0.0
 10
584.6490767909821
 20
449.8914650713246
 30
0.0
 10
584.4252191658982
 20
449.6676074462408
 30
0.0
 10
584.149076790982
 20
449.6676074462408
 30
0.0
  0
LINE
  5
27C4
330
70
100
AcDbEntity
  8
Visible
100
AcDbLine
 10
584.6490763148621
 20
463.1676076738751
 30
0.0
 11
584.6490763148621
 21
450.1676076738752
 31
0.0
  0
SPLINE
  5
27C5
330
70
100
AcDbEntity
  8
Visible
100
AcDbSpline
210
0.0
220
0.0
230
1.0
 70
     8
 71
     3
 72
     8
 73
     4
 74
     0
 42
0.000000001
 43
0.0000000001
 40
7.0
 40
7.0
 40
7.0
 40
7.0
 40
8.0
 40
8.0
 40
8.0
 40
8.0
 10
584.149076790982
 20
463.6676074462408
 30
0.0
 10
584.4252191658982
 20
463.6676074462408
 30
0.0
 10
584.6490767909821
 20
463.4437498211553
 30
0.0
 10
584.6490767909821
 20
463.1676074462408
 30
0.0
  0
LINE
  5
27C6
330
70
100
AcDbEntity
  8
Visible
100
AcDbLine
 10
712.7365763148621
 20
468.7176076738751
 30
0.0
 11
699.7365763148621
 21
468.7176076738751
 31
0.0
  0
SPLINE
  5
27C7
330
70
100
AcDbEntity
  8
Visible
100
AcDbSpline
210
0.0
220
0.0
230
1.0
 70
     8
 71
     3
 72
     8
 73
     4
 74
     0
 42
0.000000001
 43
0.0000000001
 40
-1.0
 40
-1.0
 40
-1.0
 40
-1.0
 40
0.0
 40
0.0
 40
0.0
 40
0.0
 10
713.2365767909834
 20
469.2176074462401
 30
0.0
 10
713.2365767909834
 20
468.9414650713239
 30
0.0
 10
713.0127191658979
 20
468.7176074462402
 30
0.0
 10
712.7365767909817
 20
468.7176074462402
 30
0.0
  0
LINE
  5
27C8
330
70
100
AcDbEntity
  8
Visible
100
AcDbLine
 10
713.2365763148621
 20
482.2176076738751
 30
0.0
 11
713.2365763148621
 21
469.2176076738751
 31
0.0
  0
SPLINE
  5
27C9
330
70
100
AcDbEntity
  8
Visible
100
AcDbSpline
210
0.0
220
0.0
230
1.0
 70
     8
 71
     3
 72
     8
 73
     4
 74
     0
 42
0.000000001
 43
0.0000000001
 40
-3.0
 40
-3.0
 40
-3.0
 40
-3.0
 40
-2.0
 40
-2.0
 40
-2.0
 40
-2.0
 10
712.7365767909817
 20
482.7176074462401
 30
0.0
 10
713.0127191658979
 20
482.7176074462401
 30
0.0
 10
713.2365767909834
 20
482.4937498211562
 30
0.0
 10
713.2365767909834
 20
482.2176074462401
 30
0.0
  0
LINE
  5
27CA
330
70
100
AcDbEntity
  8
Visible
100
AcDbLine
 10
699.7365763148621
 20
482.7176076738751
 30
0.0
 11
712.7365763148621
 21
482.7176076738751
 31
0.0
  0
SPLINE
  5
27CB
330
70
100
AcDbEntity
  8
Visible
100
AcDbSpline
210
0.0
220
0.0
230
1.0
 70
     8
 71
     3
 72
     8
 73
     4
 74
     0
 42
0.000000001
 43
0.0000000001
 40
-5.0
 40
-5.0
 40
-5.0
 40
-5.0
 40
-4.0
 40
-4.0
 40
-4.0
 40
-4.0
 10
699.2365767909817
 20
482.2176074462401
 30
0.0
 10
699.2365767909817
 20
482.4937498211562
 30
0.0
 10
699.4604344160674
 20
482.7176074462401
 30
0.0
 10
699.7365767909817
 20
482.7176074462401
 30
0.0
  0
LINE
  5
27CC
330
70
100
AcDbEntity
  8
Visible
100
AcDbLine
 10
699.2365763148621
 20
469.2176076738751
 30
0.0
 11
699.2365763148621
 21
482.2176076738751
 31
0.0
  0
SPLINE
  5
27CD
330
70
100
AcDbEntity
  8
Visible
100
AcDbSpline
210
0.0
220
0.0
230
1.0
 70
     8
 71
     3
 72
     8
 73
     4
 74
     0
 42
0.000000001
 43
0.0000000001
 40
-7.0
 40
-7.0
 40
-7.0
 40
-7.0
 40
-6.0
 40
-6.0
 40
-6.0
 40
-6.0
 10
699.7365767909817
 20
468.7176074462402
 30
0.0
 10
699.4604344160674
 20
468.7176074462402
 30
0.0
 10
699.2365767909817
 20
468.9414650713239
 30
0.0
 10
699.2365767909817
 20
469.2176074462401
 30
0.0
  0
LINE
  5
27CE
330
70
100
AcDbEntity
  8
Visible
100
AcDbLine
 10
737.3365763148621
 20
469.2176076738751
 30
0.0
 11
737.3365763148621
 21
482.2176076738751
 31
0.0
  0
SPLINE
  5
27CF
330
70
100
AcDbEntity
  8
Visible
100
AcDbSpline
210
0.0
220
0.0
230
1.0
 70
     8
 71
     3
 72
     8
 73
     4
 74
     0
 42
0.000000001
 43
0.0000000001
 40
-1.0
 40
-1.0
 40
-1.0
 40
-1.0
 40
0.0
 40
0.0
 40
0.0
 40
0.0
 10
737.8365767909839
 20
468.7176074462402
 30
0.0
 10
737.5604344160677
 20
468.7176074462402
 30
0.0
 10
737.3365767909821
 20
468.9414650713239
 30
0.0
 10
737.3365767909821
 20
469.2176074462401
 30
0.0
  0
LINE
  5
27D0
330
70
100
AcDbEntity
  8
Visible
100
AcDbLine
 10
750.8365763148622
 20
468.7176076738751
 30
0.0
 11
737.8365763148622
 21
468.7176076738751
 31
0.0
  0
SPLINE
  5
27D1
330
70
100
AcDbEntity
  8
Visible
100
AcDbSpline
210
0.0
220
0.0
230
1.0
 70
     8
 71
     3
 72
     8
 73
     4
 74
     0
 42
0.000000001
 43
0.0000000001
 40
-3.0
 40
-3.0
 40
-3.0
 40
-3.0
 40
-2.0
 40
-2.0
 40
-2.0
 40
-2.0
 10
751.3365767909821
 20
469.2176074462401
 30
0.0
 10
751.3365767909821
 20
468.9414650713239
 30
0.0
 10
751.1127191658985
 20
468.7176074462402
 30
0.0
 10
750.8365767909821
 20
468.7176074462402
 30
0.0
  0
LINE
  5
27D2
330
70
100
AcDbEntity
  8
Visible
100
AcDbLine
 10
751.3365763148621
 20
482.2176076738751
 30
0.0
 11
751.3365763148621
 21
469.2176076738751
 31
0.0
  0
SPLINE
  5
27D3
330
70
100
AcDbEntity
  8
Visible
100
AcDbSpline
210
0.0
220
0.0
230
1.0
 70
     8
 71
     3
 72
     8
 73
     4
 74
     0
 42
0.000000001
 43
0.0000000001
 40
-5.0
 40
-5.0
 40
-5.0
 40
-5.0
 40
-4.0
 40
-4.0
 40
-4.0
 40
-4.0
 10
750.8365767909821
 20
482.7176074462401
 30
0.0
 10
751.1127191658985
 20
482.7176074462401
 30
0.0
 10
751.3365767909821
 20
482.4937498211562
 30
0.0
 10
751.3365767909821
 20
482.2176074462401
 30
0.0
  0
LINE
  5
27D4
330
70
100
AcDbEntity
  8
Visible
100
AcDbLine
 10
737.8365763148622
 20
482.7176076738751
 30
0.0
 11
750.8365763148622
 21
482.7176076738751
 31
0.0
  0
SPLINE
  5
27D5
330
70
100
AcDbEntity
  8
Visible
100
AcDbSpline
210
0.0
220
0.0
230
1.0
 70
     8
 71
     3
 72
     8
 73
     4
 74
     0
 42
0.000000001
 43
0.0000000001
 40
-7.0
 40
-7.0
 40
-7.0
 40
-7.0
 40
-6.0
 40
-6.0
 40
-6.0
 40
-6.0
 10
737.3365767909821
 20
482.2176074462401
 30
0.0
 10
737.3365767909821
 20
482.4937498211562
 30
0.0
 10
737.5604344160677
 20
482.7176074462401
 30
0.0
 10
737.8365767909839
 20
482.7176074462401
 30
0.0
  0
LINE
  5
27D6
330
70
100
AcDbEntity
  8
Visible
100
AcDbLine
 10
731.7865763148622
 20
468.7176076738751
 30
0.0
 11
718.7865763148622
 21
468.7176076738751
 31
0.0
  0
SPLINE
  5
27D7
330
70
100
AcDbEntity
  8
Visible
100
AcDbSpline
210
0.0
220
0.0
230
1.0
 70
     8
 71
     3
 72
     8
 73
     4
 74
     0
 42
0.000000001
 43
0.0000000001
 40
-1.0
 40
-1.0
 40
-1.0
 40
-1.0
 40
0.0
 40
0.0
 40
0.0
 40
0.0
 10
732.2865767909828
 20
469.2176074462401
 30
0.0
 10
732.2865767909828
 20
468.9414650713239
 30
0.0
 10
732.0627191658971
 20
468.7176074462402
 30
0.0
 10
731.7865767909828
 20
468.7176074462402
 30
0.0
  0
LINE
  5
27D8
330
70
100
AcDbEntity
  8
Visible
100
AcDbLine
 10
732.2865763148622
 20
482.2176076738751
 30
0.0
 11
732.2865763148622
 21
469.2176076738751
 31
0.0
  0
SPLINE
  5
27D9
330
70
100
AcDbEntity
  8
Visible
100
AcDbSpline
210
0.0
220
0.0
230
1.0
 70
     8
 71
     3
 72
     8
 73
     4
 74
     0
 42
0.000000001
 43
0.0000000001
 40
-3.0
 40
-3.0
 40
-3.0
 40
-3.0
 40
-2.0
 40
-2.0
 40
-2.0
 40
-2.0
 10
731.7865767909828
 20
482.7176074462401
 30
0.0
 10
732.0627191658971
 20
482.7176074462401
 30
0.0
 10
732.2865767909828
 20
482.4937498211562
 30
0.0
 10
732.2865767909828
 20
482.2176074462401
 30
0.0
  0
LINE
  5
27DA
330
70
100
AcDbEntity
  8
Visible
100
AcDbLine
 10
718.7865763148622
 20
482.7176076738751
 30
0.0
 11
731.7865763148622
 21
482.7176076738751
 31
0.0
  0
SPLINE
  5
27DB
330
70
100
AcDbEntity
  8
Visible
100
AcDbSpline
210
0.0
220
0.0
230
1.0
 70
     8
 71
     3
 72
     8
 73
     4
 74
     0
 42
0.000000001
 43
0.0000000001
 40
-5.0
 40
-5.0
 40
-5.0
 40
-5.0
 40
-4.0
 40
-4.0
 40
-4.0
 40
-4.0
 10
718.2865767909828
 20
482.2176074462401
 30
0.0
 10
718.2865767909828
 20
482.4937498211562
 30
0.0
 10
718.5104344160666
 20
482.7176074462401
 30
0.0
 10
718.7865767909828
 20
482.7176074462401
 30
0.0
  0
LINE
  5
27DC
330
70
100
AcDbEntity
  8
Visible
100
AcDbLine
 10
718.2865763148623
 20
469.2176076738751
 30
0.0
 11
718.2865763148623
 21
482.2176076738751
 31
0.0
  0
SPLINE
  5
27DD
330
70
100
AcDbEntity
  8
Visible
100
AcDbSpline
210
0.0
220
0.0
230
1.0
 70
     8
 71
     3
 72
     8
 73
     4
 74
     0
 42
0.000000001
 43
0.0000000001
 40
-7.0
 40
-7.0
 40
-7.0
 40
-7.0
 40
-6.0
 40
-6.0
 40
-6.0
 40
-6.0
 10
718.7865767909828
 20
468.7176074462402
 30
0.0
 10
718.5104344160666
 20
468.7176074462402
 30
0.0
 10
718.2865767909828
 20
468.9414650713239
 30
0.0
 10
718.2865767909828
 20
469.2176074462401
 30
0.0
  0
LINE
  5
27DE
330
70
100
AcDbEntity
  8
Visible
100
AcDbLine
 10
680.1865763148622
 20
469.2176076738751
 30
0.0
 11
680.1865763148622
 21
482.2176076738751
 31
0.0
  0
SPLINE
  5
27DF
330
70
100
AcDbEntity
  8
Visible
100
AcDbSpline
210
0.0
220
0.0
230
1.0
 70
     8
 71
     3
 72
     8
 73
     4
 74
     0
 42
0.000000001
 43
0.0000000001
 40
-1.0
 40
-1.0
 40
-1.0
 40
-1.0
 40
0.0
 40
0.0
 40
0.0
 40
0.0
 10
680.6865767909824
 20
468.7176074462402
 30
0.0
 10
680.4104344160664
 20
468.7176074462402
 30
0.0
 10
680.1865767909824
 20
468.9414650713239
 30
0.0
 10
680.1865767909824
 20
469.2176074462401
 30
0.0
  0
LINE
  5
27E0
330
70
100
AcDbEntity
  8
Visible
100
AcDbLine
 10
693.6865763148622
 20
468.7176076738751
 30
0.0
 11
680.6865763148622
 21
468.7176076738751
 31
0.0
  0
SPLINE
  5
27E1
330
70
100
AcDbEntity
  8
Visible
100
AcDbSpline
210
0.0
220
0.0
230
1.0
 70
     8
 71
     3
 72
     8
 73
     4
 74
     0
 42
0.000000001
 43
0.0000000001
 40
-3.0
 40
-3.0
 40
-3.0
 40
-3.0
 40
-2.0
 40
-2.0
 40
-2.0
 40
-2.0
 10
694.1865767909824
 20
469.2176074462401
 30
0.0
 10
694.1865767909824
 20
468.9414650713239
 30
0.0
 10
693.9627191658985
 20
468.7176074462402
 30
0.0
 10
693.6865767909824
 20
468.7176074462402
 30
0.0
  0
LINE
  5
27E2
330
70
100
AcDbEntity
  8
Visible
100
AcDbLine
 10
694.1865763148622
 20
482.2176076738751
 30
0.0
 11
694.1865763148622
 21
469.2176076738751
 31
0.0
  0
SPLINE
  5
27E3
330
70
100
AcDbEntity
  8
Visible
100
AcDbSpline
210
0.0
220
0.0
230
1.0
 70
     8
 71
     3
 72
     8
 73
     4
 74
     0
 42
0.000000001
 43
0.0000000001
 40
-5.0
 40
-5.0
 40
-5.0
 40
-5.0
 40
-4.0
 40
-4.0
 40
-4.0
 40
-4.0
 10
693.6865767909824
 20
482.7176074462401
 30
0.0
 10
693.9627191658985
 20
482.7176074462401
 30
0.0
 10
694.1865767909824
 20
482.4937498211562
 30
0.0
 10
694.1865767909824
 20
482.2176074462401
 30
0.0
  0
LINE
  5
27E4
330
70
100
AcDbEntity
  8
Visible
100
AcDbLine
 10
680.6865763148622
 20
482.7176076738751
 30
0.0
 11
693.6865763148622
 21
482.7176076738751
 31
0.0
  0
SPLINE
  5
27E5
330
70
100
AcDbEntity
  8
Visible
100
AcDbSpline
210
0.0
220
0.0
230
1.0
 70
     8
 71
     3
 72
     8
 73
     4
 74
     0
 42
0.000000001
 43
0.0000000001
 40
-7.0
 40
-7.0
 40
-7.0
 40
-7.0
 40
-6.0
 40
-6.0
 40
-6.0
 40
-6.0
 10
680.1865767909824
 20
482.2176074462401
 30
0.0
 10
680.1865767909824
 20
482.4937498211562
 30
0.0
 10
680.4104344160664
 20
482.7176074462401
 30
0.0
 10
680.6865767909824
 20
482.7176074462401
 30
0.0
  0
LINE
  5
27E6
330
70
100
AcDbEntity
  8
Visible
100
AcDbLine
 10
674.6365763148623
 20
468.7176076738751
 30
0.0
 11
661.6365763148622
 21
468.7176076738751
 31
0.0
  0
SPLINE
  5
27E7
330
70
100
AcDbEntity
  8
Visible
100
AcDbSpline
210
0.0
220
0.0
230
1.0
 70
     8
 71
     3
 72
     8
 73
     4
 74
     0
 42
0.000000001
 43
0.0000000001
 40
-1.0
 40
-1.0
 40
-1.0
 40
-1.0
 40
0.0
 40
0.0
 40
0.0
 40
0.0
 10
675.1365767909832
 20
469.2176074462401
 30
0.0
 10
675.1365767909832
 20
468.9414650713239
 30
0.0
 10
674.9127191658994
 20
468.7176074462402
 30
0.0
 10
674.636576790983
 20
468.7176074462402
 30
0.0
  0
LINE
  5
27E8
330
70
100
AcDbEntity
  8
Visible
100
AcDbLine
 10
675.1365763148623
 20
482.2176076738751
 30
0.0
 11
675.1365763148623
 21
469.2176076738751
 31
0.0
  0
SPLINE
  5
27E9
330
70
100
AcDbEntity
  8
Visible
100
AcDbSpline
210
0.0
220
0.0
230
1.0
 70
     8
 71
     3
 72
     8
 73
     4
 74
     0
 42
0.000000001
 43
0.0000000001
 40
-3.0
 40
-3.0
 40
-3.0
 40
-3.0
 40
-2.0
 40
-2.0
 40
-2.0
 40
-2.0
 10
674.636576790983
 20
482.7176074462401
 30
0.0
 10
674.9127191658994
 20
482.7176074462401
 30
0.0
 10
675.1365767909832
 20
482.4937498211562
 30
0.0
 10
675.1365767909832
 20
482.2176074462401
 30
0.0
  0
LINE
  5
27EA
330
70
100
AcDbEntity
  8
Visible
100
AcDbLine
 10
661.6365763148622
 20
482.7176076738751
 30
0.0
 11
674.6365763148623
 21
482.7176076738751
 31
0.0
  0
SPLINE
  5
27EB
330
70
100
AcDbEntity
  8
Visible
100
AcDbSpline
210
0.0
220
0.0
230
1.0
 70
     8
 71
     3
 72
     8
 73
     4
 74
     0
 42
0.000000001
 43
0.0000000001
 40
-5.0
 40
-5.0
 40
-5.0
 40
-5.0
 40
-4.0
 40
-4.0
 40
-4.0
 40
-4.0
 10
661.136576790983
 20
482.2176074462401
 30
0.0
 10
661.136576790983
 20
482.4937498211562
 30
0.0
 10
661.3604344160671
 20
482.7176074462401
 30
0.0
 10
661.636576790983
 20
482.7176074462401
 30
0.0
  0
LINE
  5
27EC
330
70
100
AcDbEntity
  8
Visible
100
AcDbLine
 10
661.1365763148622
 20
469.2176076738751
 30
0.0
 11
661.1365763148622
 21
482.2176076738751
 31
0.0
  0
SPLINE
  5
27ED
330
70
100
AcDbEntity
  8
Visible
100
AcDbSpline
210
0.0
220
0.0
230
1.0
 70
     8
 71
     3
 72
     8
 73
     4
 74
     0
 42
0.000000001
 43
0.0000000001
 40
-7.0
 40
-7.0
 40
-7.0
 40
-7.0
 40
-6.0
 40
-6.0
 40
-6.0
 40
-6.0
 10
661.636576790983
 20
468.7176074462402
 30
0.0
 10
661.3604344160671
 20
468.7176074462402
 30
0.0
 10
661.136576790983
 20
468.9414650713239
 30
0.0
 10
661.136576790983
 20
469.2176074462401
 30
0.0
  0
LINE
  5
27EE
330
70
100
AcDbEntity
  8
Visible
100
AcDbLine
 10
623.0365763148622
 20
469.2176076738751
 30
0.0
 11
623.0365763148622
 21
482.2176076738751
 31
0.0
  0
SPLINE
  5
27EF
330
70
100
AcDbEntity
  8
Visible
100
AcDbSpline
210
0.0
220
0.0
230
1.0
 70
     8
 71
     3
 72
     8
 73
     4
 74
     0
 42
0.000000001
 43
0.0000000001
 40
-1.0
 40
-1.0
 40
-1.0
 40
-1.0
 40
0.0
 40
0.0
 40
0.0
 40
0.0
 10
623.5365767909828
 20
468.7176074462402
 30
0.0
 10
623.2604344160665
 20
468.7176074462402
 30
0.0
 10
623.0365767909828
 20
468.9414650713239
 30
0.0
 10
623.0365767909828
 20
469.2176074462401
 30
0.0
  0
LINE
  5
27F0
330
70
100
AcDbEntity
  8
Visible
100
AcDbLine
 10
636.5365763148623
 20
468.7176076738751
 30
0.0
 11
623.5365763148622
 21
468.7176076738751
 31
0.0
  0
SPLINE
  5
27F1
330
70
100
AcDbEntity
  8
Visible
100
AcDbSpline
210
0.0
220
0.0
230
1.0
 70
     8
 71
     3
 72
     8
 73
     4
 74
     0
 42
0.000000001
 43
0.0000000001
 40
-3.0
 40
-3.0
 40
-3.0
 40
-3.0
 40
-2.0
 40
-2.0
 40
-2.0
 40
-2.0
 10
637.0365767909828
 20
469.2176074462401
 30
0.0
 10
637.0365767909828
 20
468.9414650713239
 30
0.0
 10
636.812719165897
 20
468.7176074462402
 30
0.0
 10
636.5365767909828
 20
468.7176074462402
 30
0.0
  0
LINE
  5
27F2
330
70
100
AcDbEntity
  8
Visible
100
AcDbLine
 10
637.0365763148623
 20
482.2176076738751
 30
0.0
 11
637.0365763148623
 21
469.2176076738751
 31
0.0
  0
SPLINE
  5
27F3
330
70
100
AcDbEntity
  8
Visible
100
AcDbSpline
210
0.0
220
0.0
230
1.0
 70
     8
 71
     3
 72
     8
 73
     4
 74
     0
 42
0.000000001
 43
0.0000000001
 40
-5.0
 40
-5.0
 40
-5.0
 40
-5.0
 40
-4.0
 40
-4.0
 40
-4.0
 40
-4.0
 10
636.5365767909828
 20
482.7176074462401
 30
0.0
 10
636.812719165897
 20
482.7176074462401
 30
0.0
 10
637.0365767909828
 20
482.4937498211562
 30
0.0
 10
637.0365767909828
 20
482.2176074462401
 30
0.0
  0
LINE
  5
27F4
330
70
100
AcDbEntity
  8
Visible
100
AcDbLine
 10
623.5365763148622
 20
482.7176076738751
 30
0.0
 11
636.5365763148623
 21
482.7176076738751
 31
0.0
  0
SPLINE
  5
27F5
330
70
100
AcDbEntity
  8
Visible
100
AcDbSpline
210
0.0
220
0.0
230
1.0
 70
     8
 71
     3
 72
     8
 73
     4
 74
     0
 42
0.000000001
 43
0.0000000001
 40
-7.0
 40
-7.0
 40
-7.0
 40
-7.0
 40
-6.0
 40
-6.0
 40
-6.0
 40
-6.0
 10
623.0365767909828
 20
482.2176074462401
 30
0.0
 10
623.0365767909828
 20
482.4937498211562
 30
0.0
 10
623.2604344160665
 20
482.7176074462401
 30
0.0
 10
623.5365767909828
 20
482.7176074462401
 30
0.0
  0
LINE
  5
27F6
330
70
100
AcDbEntity
  8
Visible
100
AcDbLine
 10
617.4865763148623
 20
468.7176076738751
 30
0.0
 11
604.4865763148623
 21
468.7176076738751
 31
0.0
  0
SPLINE
  5
27F7
330
70
100
AcDbEntity
  8
Visible
100
AcDbSpline
210
0.0
220
0.0
230
1.0
 70
     8
 71
     3
 72
     8
 73
     4
 74
     0
 42
0.000000001
 43
0.0000000001
 40
-1.0
 40
-1.0
 40
-1.0
 40
-1.0
 40
0.0
 40
0.0
 40
0.0
 40
0.0
 10
617.9865767909817
 20
469.2176074462401
 30
0.0
 10
617.9865767909817
 20
468.9414650713239
 30
0.0
 10
617.7627191658979
 20
468.7176074462402
 30
0.0
 10
617.4865767909835
 20
468.7176074462402
 30
0.0
  0
LINE
  5
27F8
330
70
100
AcDbEntity
  8
Visible
100
AcDbLine
 10
617.9865763148622
 20
482.2176076738751
 30
0.0
 11
617.9865763148622
 21
469.2176076738751
 31
0.0
  0
SPLINE
  5
27F9
330
70
100
AcDbEntity
  8
Visible
100
AcDbSpline
210
0.0
220
0.0
230
1.0
 70
     8
 71
     3
 72
     8
 73
     4
 74
     0
 42
0.000000001
 43
0.0000000001
 40
-3.0
 40
-3.0
 40
-3.0
 40
-3.0
 40
-2.0
 40
-2.0
 40
-2.0
 40
-2.0
 10
617.4865767909835
 20
482.7176074462401
 30
0.0
 10
617.7627191658979
 20
482.7176074462401
 30
0.0
 10
617.9865767909817
 20
482.4937498211562
 30
0.0
 10
617.9865767909817
 20
482.2176074462401
 30
0.0
  0
LINE
  5
27FA
330
70
100
AcDbEntity
  8
Visible
100
AcDbLine
 10
604.4865763148623
 20
482.7176076738751
 30
0.0
 11
617.4865763148623
 21
482.7176076738751
 31
0.0
  0
SPLINE
  5
27FB
330
70
100
AcDbEntity
  8
Visible
100
AcDbSpline
210
0.0
220
0.0
230
1.0
 70
     8
 71
     3
 72
     8
 73
     4
 74
     0
 42
0.000000001
 43
0.0000000001
 40
-5.0
 40
-5.0
 40
-5.0
 40
-5.0
 40
-4.0
 40
-4.0
 40
-4.0
 40
-4.0
 10
603.9865767909817
 20
482.2176074462401
 30
0.0
 10
603.9865767909817
 20
482.4937498211562
 30
0.0
 10
604.2104344160674
 20
482.7176074462401
 30
0.0
 10
604.4865767909835
 20
482.7176074462401
 30
0.0
  0
LINE
  5
27FC
330
70
100
AcDbEntity
  8
Visible
100
AcDbLine
 10
603.9865763148622
 20
469.2176076738751
 30
0.0
 11
603.9865763148622
 21
482.2176076738751
 31
0.0
  0
SPLINE
  5
27FD
330
70
100
AcDbEntity
  8
Visible
100
AcDbSpline
210
0.0
220
0.0
230
1.0
 70
     8
 71
     3
 72
     8
 73
     4
 74
     0
 42
0.000000001
 43
0.0000000001
 40
-7.0
 40
-7.0
 40
-7.0
 40
-7.0
 40
-6.0
 40
-6.0
 40
-6.0
 40
-6.0
 10
604.4865767909835
 20
468.7176074462402
 30
0.0
 10
604.2104344160674
 20
468.7176074462402
 30
0.0
 10
603.9865767909817
 20
468.9414650713239
 30
0.0
 10
603.9865767909817
 20
469.2176074462401
 30
0.0
  0
LINE
  5
27FE
330
70
100
AcDbEntity
  8
Visible
100
AcDbLine
 10
565.8865763148622
 20
469.2176076738751
 30
0.0
 11
565.8865763148622
 21
482.2176076738751
 31
0.0
  0
SPLINE
  5
27FF
330
70
100
AcDbEntity
  8
Visible
100
AcDbSpline
210
0.0
220
0.0
230
1.0
 70
     8
 71
     3
 72
     8
 73
     4
 74
     0
 42
0.000000001
 43
0.0000000001
 40
-1.0
 40
-1.0
 40
-1.0
 40
-1.0
 40
0.0
 40
0.0
 40
0.0
 40
0.0
 10
566.3865767909832
 20
468.7176074462402
 30
0.0
 10
566.110434416067
 20
468.7176074462402
 30
0.0
 10
565.8865767909832
 20
468.9414650713239
 30
0.0
 10
565.8865767909832
 20
469.2176074462401
 30
0.0
  0
LINE
  5
2800
330
70
100
AcDbEntity
  8
Visible
100
AcDbLine
 10
579.3865763148622
 20
468.7176076738751
 30
0.0
 11
566.3865763148622
 21
468.7176076738751
 31
0.0
  0
SPLINE
  5
2801
330
70
100
AcDbEntity
  8
Visible
100
AcDbSpline
210
0.0
220
0.0
230
1.0
 70
     8
 71
     3
 72
     8
 73
     4
 74
     0
 42
0.000000001
 43
0.0000000001
 40
-3.0
 40
-3.0
 40
-3.0
 40
-3.0
 40
-2.0
 40
-2.0
 40
-2.0
 40
-2.0
 10
579.8865767909831
 20
469.2176074462401
 30
0.0
 10
579.8865767909831
 20
468.9414650713239
 30
0.0
 10
579.6627191658975
 20
468.7176074462402
 30
0.0
 10
579.3865767909814
 20
468.7176074462402
 30
0.0
  0
LINE
  5
2802
330
70
100
AcDbEntity
  8
Visible
100
AcDbLine
 10
579.8865763148622
 20
482.2176076738751
 30
0.0
 11
579.8865763148622
 21
469.2176076738751
 31
0.0
  0
SPLINE
  5
2803
330
70
100
AcDbEntity
  8
Visible
100
AcDbSpline
210
0.0
220
0.0
230
1.0
 70
     8
 71
     3
 72
     8
 73
     4
 74
     0
 42
0.000000001
 43
0.0000000001
 40
-5.0
 40
-5.0
 40
-5.0
 40
-5.0
 40
-4.0
 40
-4.0
 40
-4.0
 40
-4.0
 10
579.3865767909814
 20
482.7176074462401
 30
0.0
 10
579.6627191658975
 20
482.7176074462401
 30
0.0
 10
579.8865767909831
 20
482.4937498211562
 30
0.0
 10
579.8865767909831
 20
482.2176074462401
 30
0.0
  0
LINE
  5
2804
330
70
100
AcDbEntity
  8
Visible
100
AcDbLine
 10
566.3865763148622
 20
482.7176076738751
 30
0.0
 11
579.3865763148622
 21
482.7176076738751
 31
0.0
  0
SPLINE
  5
2805
330
70
100
AcDbEntity
  8
Visible
100
AcDbSpline
210
0.0
220
0.0
230
1.0
 70
     8
 71
     3
 72
     8
 73
     4
 74
     0
 42
0.000000001
 43
0.0000000001
 40
-7.0
 40
-7.0
 40
-7.0
 40
-7.0
 40
-6.0
 40
-6.0
 40
-6.0
 40
-6.0
 10
565.8865767909832
 20
482.2176074462401
 30
0.0
 10
565.8865767909832
 20
482.4937498211562
 30
0.0
 10
566.110434416067
 20
482.7176074462401
 30
0.0
 10
566.3865767909832
 20
482.7176074462401
 30
0.0
  0
LINE
  5
2806
330
70
100
AcDbEntity
  8
Visible
100
AcDbLine
 10
560.3365763148622
 20
468.7176076738751
 30
0.0
 11
547.3365763148621
 21
468.7176076738751
 31
0.0
  0
SPLINE
  5
2807
330
70
100
AcDbEntity
  8
Visible
100
AcDbSpline
210
0.0
220
0.0
230
1.0
 70
     8
 71
     3
 72
     8
 73
     4
 74
     0
 42
0.000000001
 43
0.0000000001
 40
-1.0
 40
-1.0
 40
-1.0
 40
-1.0
 40
0.0
 40
0.0
 40
0.0
 40
0.0
 10
560.8365767909821
 20
469.2176074462401
 30
0.0
 10
560.8365767909821
 20
468.9414650713239
 30
0.0
 10
560.6127191658983
 20
468.7176074462402
 30
0.0
 10
560.3365767909821
 20
468.7176074462402
 30
0.0
  0
LINE
  5
2808
330
70
100
AcDbEntity
  8
Visible
100
AcDbLine
 10
560.8365763148622
 20
482.2176076738751
 30
0.0
 11
560.8365763148622
 21
469.2176076738751
 31
0.0
  0
SPLINE
  5
2809
330
70
100
AcDbEntity
  8
Visible
100
AcDbSpline
210
0.0
220
0.0
230
1.0
 70
     8
 71
     3
 72
     8
 73
     4
 74
     0
 42
0.000000001
 43
0.0000000001
 40
-3.0
 40
-3.0
 40
-3.0
 40
-3.0
 40
-2.0
 40
-2.0
 40
-2.0
 40
-2.0
 10
560.3365767909821
 20
482.7176074462401
 30
0.0
 10
560.6127191658983
 20
482.7176074462401
 30
0.0
 10
560.8365767909821
 20
482.4937498211562
 30
0.0
 10
560.8365767909821
 20
482.2176074462401
 30
0.0
  0
LINE
  5
280A
330
70
100
AcDbEntity
  8
Visible
100
AcDbLine
 10
547.3365763148621
 20
482.7176076738751
 30
0.0
 11
560.3365763148622
 21
482.7176076738751
 31
0.0
  0
SPLINE
  5
280B
330
70
100
AcDbEntity
  8
Visible
100
AcDbSpline
210
0.0
220
0.0
230
1.0
 70
     8
 71
     3
 72
     8
 73
     4
 74
     0
 42
0.000000001
 43
0.0000000001
 40
-5.0
 40
-5.0
 40
-5.0
 40
-5.0
 40
-4.0
 40
-4.0
 40
-4.0
 40
-4.0
 10
546.8365767909821
 20
482.2176074462401
 30
0.0
 10
546.8365767909821
 20
482.4937498211562
 30
0.0
 10
547.0604344160677
 20
482.7176074462401
 30
0.0
 10
547.336576790982
 20
482.7176074462401
 30
0.0
  0
LINE
  5
280C
330
70
100
AcDbEntity
  8
Visible
100
AcDbLine
 10
546.8365763148621
 20
469.2176076738751
 30
0.0
 11
546.8365763148621
 21
482.2176076738751
 31
0.0
  0
SPLINE
  5
280D
330
70
100
AcDbEntity
  8
Visible
100
AcDbSpline
210
0.0
220
0.0
230
1.0
 70
     8
 71
     3
 72
     8
 73
     4
 74
     0
 42
0.000000001
 43
0.0000000001
 40
-7.0
 40
-7.0
 40
-7.0
 40
-7.0
 40
-6.0
 40
-6.0
 40
-6.0
 40
-6.0
 10
547.336576790982
 20
468.7176074462402
 30
0.0
 10
547.0604344160677
 20
468.7176074462402
 30
0.0
 10
546.8365767909821
 20
468.9414650713239
 30
0.0
 10
546.8365767909821
 20
469.2176074462401
 30
0.0
  0
LINE
  5
280E
330
70
100
AcDbEntity
  8
Visible
100
AcDbLine
 10
585.4365763148623
 20
482.7176076738751
 30
0.0
 11
598.4365763148622
 21
482.7176076738751
 31
0.0
  0
SPLINE
  5
280F
330
70
100
AcDbEntity
  8
Visible
100
AcDbSpline
210
0.0
220
0.0
230
1.0
 70
     8
 71
     3
 72
     8
 73
     4
 74
     0
 42
0.000000001
 43
0.0000000001
 40
5.0
 40
5.0
 40
5.0
 40
5.0
 40
6.0
 40
6.0
 40
6.0
 40
6.0
 10
584.9365767909826
 20
482.2176074462401
 30
0.0
 10
584.9365767909826
 20
482.4937498211562
 30
0.0
 10
585.1604344160664
 20
482.7176074462401
 30
0.0
 10
585.4365767909825
 20
482.7176074462401
 30
0.0
  0
LINE
  5
2810
330
70
100
AcDbEntity
  8
Visible
100
AcDbLine
 10
584.9365763148622
 20
469.2176076738751
 30
0.0
 11
584.9365763148622
 21
482.2176076738751
 31
0.0
  0
SPLINE
  5
2811
330
70
100
AcDbEntity
  8
Visible
100
AcDbSpline
210
0.0
220
0.0
230
1.0
 70
     8
 71
     3
 72
     8
 73
     4
 74
     0
 42
0.000000001
 43
0.0000000001
 40
3.0
 40
3.0
 40
3.0
 40
3.0
 40
4.0
 40
4.0
 40
4.0
 40
4.0
 10
585.4365767909825
 20
468.7176074462402
 30
0.0
 10
585.1604344160664
 20
468.7176074462402
 30
0.0
 10
584.9365767909826
 20
468.9414650713239
 30
0.0
 10
584.9365767909826
 20
469.2176074462401
 30
0.0
  0
LINE
  5
2812
330
70
100
AcDbEntity
  8
Visible
100
AcDbLine
 10
598.4365763148622
 20
468.7176076738751
 30
0.0
 11
585.4365763148623
 21
468.7176076738751
 31
0.0
  0
SPLINE
  5
2813
330
70
100
AcDbEntity
  8
Visible
100
AcDbSpline
210
0.0
220
0.0
230
1.0
 70
     8
 71
     3
 72
     8
 73
     4
 74
     0
 42
0.000000001
 43
0.0000000001
 40
1.0
 40
1.0
 40
1.0
 40
1.0
 40
2.0
 40
2.0
 40
2.0
 40
2.0
 10
598.9365767909824
 20
469.2176074462401
 30
0.0
 10
598.9365767909824
 20
468.9414650713239
 30
0.0
 10
598.7127191658986
 20
468.7176074462402
 30
0.0
 10
598.4365767909825
 20
468.7176074462402
 30
0.0
  0
LINE
  5
2814
330
70
100
AcDbEntity
  8
Visible
100
AcDbLine
 10
598.9365763148622
 20
482.2176076738751
 30
0.0
 11
598.9365763148622
 21
469.2176076738751
 31
0.0
  0
SPLINE
  5
2815
330
70
100
AcDbEntity
  8
Visible
100
AcDbSpline
210
0.0
220
0.0
230
1.0
 70
     8
 71
     3
 72
     8
 73
     4
 74
     0
 42
0.000000001
 43
0.0000000001
 40
7.0
 40
7.0
 40
7.0
 40
7.0
 40
8.0
 40
8.0
 40
8.0
 40
8.0
 10
598.4365767909825
 20
482.7176074462401
 30
0.0
 10
598.7127191658986
 20
482.7176074462401
 30
0.0
 10
598.9365767909824
 20
482.4937498211562
 30
0.0
 10
598.9365767909824
 20
482.2176074462401
 30
0.0
  0
LINE
  5
2816
330
70
100
AcDbEntity
  8
Visible
100
AcDbLine
 10
541.2865763148623
 20
468.7176076738751
 30
0.0
 11
528.2865763148623
 21
468.7176076738751
 31
0.0
  0
SPLINE
  5
2817
330
70
100
AcDbEntity
  8
Visible
100
AcDbSpline
210
0.0
220
0.0
230
1.0
 70
     8
 71
     3
 72
     8
 73
     4
 74
     0
 42
0.000000001
 43
0.0000000001
 40
-1.0
 40
-1.0
 40
-1.0
 40
-1.0
 40
0.0
 40
0.0
 40
0.0
 40
0.0
 10
541.7865767909829
 20
469.2176074462401
 30
0.0
 10
541.7865767909829
 20
468.9414650713239
 30
0.0
 10
541.5627191658971
 20
468.7176074462402
 30
0.0
 10
541.2865767909828
 20
468.7176074462402
 30
0.0
  0
LINE
  5
2818
330
70
100
AcDbEntity
  8
Visible
100
AcDbLine
 10
541.7865763148622
 20
482.2176076738751
 30
0.0
 11
541.7865763148622
 21
469.2176076738751
 31
0.0
  0
SPLINE
  5
2819
330
70
100
AcDbEntity
  8
Visible
100
AcDbSpline
210
0.0
220
0.0
230
1.0
 70
     8
 71
     3
 72
     8
 73
     4
 74
     0
 42
0.000000001
 43
0.0000000001
 40
-3.0
 40
-3.0
 40
-3.0
 40
-3.0
 40
-2.0
 40
-2.0
 40
-2.0
 40
-2.0
 10
541.2865767909828
 20
482.7176074462401
 30
0.0
 10
541.5627191658971
 20
482.7176074462401
 30
0.0
 10
541.7865767909829
 20
482.4937498211562
 30
0.0
 10
541.7865767909829
 20
482.2176074462401
 30
0.0
  0
LINE
  5
281A
330
70
100
AcDbEntity
  8
Visible
100
AcDbLine
 10
528.2865763148623
 20
482.7176076738751
 30
0.0
 11
541.2865763148623
 21
482.7176076738751
 31
0.0
  0
SPLINE
  5
281B
330
70
100
AcDbEntity
  8
Visible
100
AcDbSpline
210
0.0
220
0.0
230
1.0
 70
     8
 71
     3
 72
     8
 73
     4
 74
     0
 42
0.000000001
 43
0.0000000001
 40
-5.0
 40
-5.0
 40
-5.0
 40
-5.0
 40
-4.0
 40
-4.0
 40
-4.0
 40
-4.0
 10
527.7865767909828
 20
482.2176074462401
 30
0.0
 10
527.7865767909828
 20
482.4937498211562
 30
0.0
 10
528.0104344160668
 20
482.7176074462401
 30
0.0
 10
528.2865767909828
 20
482.7176074462401
 30
0.0
  0
LINE
  5
281C
330
70
100
AcDbEntity
  8
Visible
100
AcDbLine
 10
527.7865763148623
 20
469.2176076738751
 30
0.0
 11
527.7865763148623
 21
482.2176076738751
 31
0.0
  0
SPLINE
  5
281D
330
70
100
AcDbEntity
  8
Visible
100
AcDbSpline
210
0.0
220
0.0
230
1.0
 70
     8
 71
     3
 72
     8
 73
     4
 74
     0
 42
0.000000001
 43
0.0000000001
 40
-7.0
 40
-7.0
 40
-7.0
 40
-7.0
 40
-6.0
 40
-6.0
 40
-6.0
 40
-6.0
 10
528.2865767909828
 20
468.7176074462402
 30
0.0
 10
528.0104344160668
 20
468.7176074462402
 30
0.0
 10
527.7865767909828
 20
468.9414650713239
 30
0.0
 10
527.7865767909828
 20
469.2176074462401
 30
0.0
  0
LINE
  5
281E
330
70
100
AcDbEntity
  8
Visible
100
AcDbLine
 10
589.6990763148623
 20
450.3481626738751
 30
0.0
 11
589.6990763148623
 21
462.9870516738752
 31
0.0
  0
SPLINE
  5
281F
330
70
100
AcDbEntity
  8
Visible
100
AcDbSpline
210
0.0
220
0.0
230
1.0
 70
     8
 71
     3
 72
     8
 73
     4
 74
     0
 42
0.000000001
 43
0.0000000001
 40
5.0
 40
5.0
 40
5.0
 40
5.0
 40
6.0
 40
6.0
 40
6.0
 40
6.0
 10
590.3796323481186
 20
449.6676074479906
 30
0.0
 10
590.0037718934657
 20
449.6676074479906
 30
0.0
 10
589.6990767927331
 20
449.9723025487234
 30
0.0
 10
589.6990767927331
 20
450.3481630033745
 30
0.0
  0
LINE
  5
2820
330
70
100
AcDbEntity
  8
Visible
100
AcDbLine
 10
603.0185213148622
 20
449.6676076738752
 30
0.0
 11
590.3796323148622
 21
449.6676076738752
 31
0.0
  0
SPLINE
  5
2821
330
70
100
AcDbEntity
  8
Visible
100
AcDbSpline
210
0.0
220
0.0
230
1.0
 70
     8
 71
     3
 72
     8
 73
     4
 74
     0
 42
0.000000001
 43
0.0000000001
 40
3.0
 40
3.0
 40
3.0
 40
3.0
 40
4.0
 40
4.0
 40
4.0
 40
4.0
 10
603.6990767892334
 20
450.3481630033745
 30
0.0
 10
603.6990767892334
 20
449.9723025487234
 30
0.0
 10
603.3943816884987
 20
449.6676074479906
 30
0.0
 10
603.0185212338477
 20
449.6676074479906
 30
0.0
  0
LINE
  5
2822
330
70
100
AcDbEntity
  8
Visible
100
AcDbLine
 10
603.6990763148622
 20
462.9870516738752
 30
0.0
 11
603.6990763148622
 21
450.3481626738751
 31
0.0
  0
SPLINE
  5
2823
330
70
100
AcDbEntity
  8
Visible
100
AcDbSpline
210
0.0
220
0.0
230
1.0
 70
     8
 71
     3
 72
     8
 73
     4
 74
     0
 42
0.000000001
 43
0.0000000001
 40
1.0
 40
1.0
 40
1.0
 40
1.0
 40
2.0
 40
2.0
 40
2.0
 40
2.0
 10
603.0185212338477
 20
463.6676074444893
 30
0.0
 10
603.3943816884987
 20
463.6676074444893
 30
0.0
 10
603.6990767892334
 20
463.3629123437565
 30
0.0
 10
603.6990767892334
 20
462.9870518891055
 30
0.0
  0
LINE
  5
2824
330
70
100
AcDbEntity
  8
Visible
100
AcDbLine
 10
590.3796323148622
 20
463.6676076738751
 30
0.0
 11
603.0185213148622
 21
463.6676076738751
 31
0.0
  0
SPLINE
  5
2825
330
70
100
AcDbEntity
  8
Visible
100
AcDbSpline
210
0.0
220
0.0
230
1.0
 70
     8
 71
     3
 72
     8
 73
     4
 74
     0
 42
0.000000001
 43
0.0000000001
 40
7.0
 40
7.0
 40
7.0
 40
7.0
 40
8.0
 40
8.0
 40
8.0
 40
8.0
 10
589.6990767927331
 20
462.9870518891055
 30
0.0
 10
589.6990767927331
 20
463.3629123437565
 30
0.0
 10
590.0037718934657
 20
463.6676074444893
 30
0.0
 10
590.3796323481186
 20
463.6676074444893
 30
0.0
  0
LINE
  5
2826
330
70
100
AcDbEntity
  8
Visible
100
AcDbLine
 10
580.1740763148623
 20
431.2981626738751
 30
0.0
 11
580.1740763148623
 21
443.9370516738752
 31
0.0
  0
SPLINE
  5
2827
330
70
100
AcDbEntity
  8
Visible
100
AcDbSpline
210
0.0
220
0.0
230
1.0
 70
     8
 71
     3
 72
     8
 73
     4
 74
     0
 42
0.000000001
 43
0.0000000001
 40
5.0
 40
5.0
 40
5.0
 40
5.0
 40
6.0
 40
6.0
 40
6.0
 40
6.0
 10
580.8546323481172
 20
430.6176074479897
 30
0.0
 10
580.4787718934663
 20
430.6176074479897
 30
0.0
 10
580.1740767927316
 20
430.9223025487223
 30
0.0
 10
580.1740767927316
 20
431.2981630033752
 30
0.0
  0
LINE
  5
2828
330
70
100
AcDbEntity
  8
Visible
100
AcDbLine
 10
593.4935213148622
 20
430.6176076738752
 30
0.0
 11
580.8546323148622
 21
430.6176076738752
 31
0.0
  0
SPLINE
  5
2829
330
70
100
AcDbEntity
  8
Visible
100
AcDbSpline
210
0.0
220
0.0
230
1.0
 70
     8
 71
     3
 72
     8
 73
     4
 74
     0
 42
0.000000001
 43
0.0000000001
 40
3.0
 40
3.0
 40
3.0
 40
3.0
 40
4.0
 40
4.0
 40
4.0
 40
4.0
 10
594.1740767892318
 20
431.2981630033752
 30
0.0
 10
594.1740767892318
 20
430.9223025487223
 30
0.0
 10
593.8693816884991
 20
430.6176074479897
 30
0.0
 10
593.4935212338481
 20
430.6176074479897
 30
0.0
  0
LINE
  5
282A
330
70
100
AcDbEntity
  8
Visible
100
AcDbLine
 10
594.1740763148621
 20
443.9370516738752
 30
0.0
 11
594.1740763148621
 21
431.2981626738751
 31
0.0
  0
SPLINE
  5
282B
330
70
100
AcDbEntity
  8
Visible
100
AcDbSpline
210
0.0
220
0.0
230
1.0
 70
     8
 71
     3
 72
     8
 73
     4
 74
     0
 42
0.000000001
 43
0.0000000001
 40
1.0
 40
1.0
 40
1.0
 40
1.0
 40
2.0
 40
2.0
 40
2.0
 40
2.0
 10
593.4935212338481
 20
444.6176074444901
 30
0.0
 10
593.8693816884991
 20
444.6176074444901
 30
0.0
 10
594.1740767892318
 20
444.3129123437572
 30
0.0
 10
594.1740767892318
 20
443.9370518891043
 30
0.0
  0
LINE
  5
282C
330
70
100
AcDbEntity
  8
Visible
100
AcDbLine
 10
580.8546323148622
 20
444.6176076738752
 30
0.0
 11
593.4935213148622
 21
444.6176076738752
 31
0.0
  0
SPLINE
  5
282D
330
70
100
AcDbEntity
  8
Visible
100
AcDbSpline
210
0.0
220
0.0
230
1.0
 70
     8
 71
     3
 72
     8
 73
     4
 74
     0
 42
0.000000001
 43
0.0000000001
 40
7.0
 40
7.0
 40
7.0
 40
7.0
 40
8.0
 40
8.0
 40
8.0
 40
8.0
 10
580.1740767927316
 20
443.9370518891043
 30
0.0
 10
580.1740767927316
 20
444.3129123437572
 30
0.0
 10
580.4787718934663
 20
444.6176074444901
 30
0.0
 10
580.8546323481172
 20
444.6176074444901
 30
0.0
  0
LINE
  5
282E
330
70
100
AcDbEntity
  8
Visible
100
AcDbLine
 10
786.4395763148622
 20
409.2926076738751
 30
0.0
 11
798.6952133148622
 21
409.2926076738751
 31
0.0
  0
LINE
  5
282F
330
70
100
AcDbEntity
  8
Visible
100
AcDbLine
 10
499.4779423148622
 20
409.2926076738751
 30
0.0
 11
517.9740767909828
 21
409.2926076738751
 31
0.0
  0
SPLINE
  5
2830
330
70
100
AcDbEntity
  8
Visible
100
AcDbSpline
210
0.0
220
0.0
230
1.0
 70
     8
 71
     3
 72
     8
 73
     4
 74
     0
 42
0.000000001
 43
0.0000000001
 40
0.0
 40
0.0
 40
0.0
 40
0.0
 40
1.0
 40
1.0
 40
1.0
 40
1.0
 10
498.5537734327212
 20
409.6754108045021
 30
0.0
 10
498.7988783066306
 20
409.4303059305928
 30
0.0
 10
499.1313118550719
 20
409.2926074462408
 30
0.0
 10
499.4779424919583
 20
409.2926074462408
 30
0.0
  0
LINE
  5
2831
330
70
100
AcDbEntity
  8
Visible
100
AcDbLine
 10
497.3192603148622
 20
410.9099236738752
 30
0.0
 11
498.5537733148622
 21
409.6754106738752
 31
0.0
  0
ARC
  5
2832
330
70
100
AcDbEntity
  8
Visible
100
AcDbCircle
 10
498.2448563148621
 20
411.8345146738751
 30
0.0
 40
1.308279455898398
100
AcDbArc
 50
180.0311340000004
 51
224.9688659999993
  0
LINE
  5
2833
330
70
100
AcDbEntity
  8
Visible
100
AcDbLine
 10
496.9365763148622
 20
501.5014116738752
 30
0.0
 11
496.9365763148622
 21
411.8338036738751
 31
0.0
  0
ARC
  5
2834
330
70
100
AcDbEntity
  8
Visible
100
AcDbCircle
 10
498.2449153148622
 20
501.5006756738751
 30
0.0
 40
1.30833887688519
100
AcDbArc
 50
135.0322109999994
 51
179.9677889999976
  0
LINE
  5
2835
330
70
100
AcDbEntity
  8
Visible
100
AcDbLine
 10
498.5538933148622
 20
503.6599236738752
 30
0.0
 11
497.3192603148622
 21
502.4252906738752
 31
0.0
  0
ARC
  5
2836
330
70
100
AcDbEntity
  8
Visible
100
AcDbCircle
 10
499.4785083148622
 20
502.7342686738751
 30
0.0
 40
1.308338876871852
100
AcDbArc
 50
90.03221099999917
 51
134.9677890000023
  0
LINE
  5
2837
330
70
100
AcDbEntity
  8
Visible
100
AcDbLine
 10
517.9739077909828
 20
504.0426076738752
 30
0.0
 11
499.4777733148622
 21
504.0426076738752
 31
0.0
  0
ARC
  5
2838
330
70
100
AcDbEntity
  8
Visible
100
AcDbCircle
 10
798.6946493148622
 20
502.7342786738751
 30
0.0
 40
1.308328832054133
100
AcDbArc
 50
45.03202900000231
 51
89.96797100000152
  0
LINE
  5
2839
330
70
100
AcDbEntity
  8
Visible
100
AcDbLine
 10
800.8538933148621
 20
502.4252906738752
 30
0.0
 11
799.6192603148622
 21
503.6599236738752
 31
0.0
  0
ARC
  5
283A
330
70
100
AcDbEntity
  8
Visible
100
AcDbCircle
 10
799.9282483148622
 20
501.5006796738751
 30
0.0
 40
1.308328832057022
100
AcDbArc
 50
0.0320289999984861
 51
44.96797100000113
  0
LINE
  5
283B
330
70
100
AcDbEntity
  8
Visible
100
AcDbLine
 10
801.2365763148622
 20
411.8338036738751
 30
0.0
 11
801.2365763148622
 21
501.5014116738752
 31
0.0
  0
ARC
  5
283C
330
70
100
AcDbEntity
  8
Visible
100
AcDbCircle
 10
799.928316314862
 20
411.8345066738752
 30
0.0
 40
1.30826084080131
100
AcDbArc
 50
315.0307969999979
 51
359.9692030000006
  0
LINE
  5
283D
330
70
100
AcDbEntity
  8
Visible
100
AcDbLine
 10
799.619378314862
 20
409.6754086738751
 30
0.0
 11
800.8538933148621
 21
410.9099236738752
 31
0.0
  0
SPLINE
  5
283E
330
70
100
AcDbEntity
  8
Visible
100
AcDbSpline
210
0.0
220
0.0
230
1.0
 70
     8
 71
     3
 72
     8
 73
     4
 74
     0
 42
0.000000001
 43
0.0000000001
 40
0.0
 40
0.0
 40
0.0
 40
0.0
 40
1.0
 40
1.0
 40
1.0
 40
1.0
 10
798.6952134433379
 20
409.2926074462408
 30
0.0
 10
799.0418425734118
 20
409.2926074462408
 30
0.0
 10
799.3742746767568
 20
409.4303053320142
 30
0.0
 10
799.6193784851897
 20
409.6754091404452
 30
0.0
  0
LINE
  5
283F
330
70
100
AcDbEntity
  8
0
100
AcDbLine
 10
517.9740767909828
 20
409.2926076738751
 30
0.0
 11
517.9740767909828
 21
407.2926076738752
 31
0.0
  0
LINE
  5
2840
330
70
100
AcDbEntity
  8
0
100
AcDbLine
 10
519.9740767909828
 20
405.2926076738751
 30
0.0
 11
572.4783273148622
 21
405.2926076738751
 31
0.0
  0
ARC
  5
2841
330
70
100
AcDbEntity
  8
0
100
AcDbCircle
 10
519.9740767909828
 20
407.2926076738752
 30
0.0
 40
2.0
100
AcDbArc
 50
180.0
 51
270.0
  0
LINE
  5
2842
330
70
100
AcDbEntity
  8
0
100
AcDbLine
 10
574.4783273148621
 20
407.2926076738752
 30
0.0
 11
574.4783273148621
 21
409.2926076738751
 31
0.0
  0
ARC
  5
2843
330
70
100
AcDbEntity
  8
0
100
AcDbCircle
 10
572.4783273148622
 20
407.2926076738752
 30
0.0
 40
2.0
100
AcDbArc
 50
270.0
 51
0.0
  0
LINE
  5
2844
330
70
100
AcDbEntity
  8
0
100
AcDbLine
 10
574.4783273148621
 20
409.2926076738751
 30
0.0
 11
613.9783273148622
 21
409.2926076738751
 31
0.0
  0
LINE
  5
2845
330
70
100
AcDbEntity
  8
0
100
AcDbLine
 10
613.9783273148622
 20
409.2926076738751
 30
0.0
 11
613.9783273148622
 21
407.2926076738752
 31
0.0
  0
LINE
  5
2846
330
70
100
AcDbEntity
  8
0
100
AcDbLine
 10
615.9783273148621
 20
405.2926076738751
 30
0.0
 11
679.4783273148622
 21
405.2926076738751
 31
0.0
  0
ARC
  5
2847
330
70
100
AcDbEntity
  8
0
100
AcDbCircle
 10
615.9783273148621
 20
407.2926076738752
 30
0.0
 40
2.0
100
AcDbArc
 50
180.0
 51
270.0
  0
LINE
  5
2848
330
70
100
AcDbEntity
  8
0
100
AcDbLine
 10
681.4783273148622
 20
407.2926076738752
 30
0.0
 11
681.4783273148622
 21
409.2926076738751
 31
0.0
  0
ARC
  5
2849
330
70
100
AcDbEntity
  8
0
100
AcDbCircle
 10
679.4783273148622
 20
407.2926076738752
 30
0.0
 40
2.0
100
AcDbArc
 50
270.0
 51
0.0
  0
LINE
  5
284A
330
70
100
AcDbEntity
  8
0
100
AcDbLine
 10
681.4783273148622
 20
409.2926076738751
 30
0.0
 11
721.6648623148622
 21
409.2926076738752
 31
0.0
  0
LINE
  5
284B
330
70
100
AcDbEntity
  8
0
100
AcDbLine
 10
721.6648623148622
 20
409.2926076738752
 30
0.0
 11
721.6648623148622
 21
407.2926076738752
 31
0.0
  0
LINE
  5
284C
330
70
100
AcDbEntity
  8
0
100
AcDbLine
 10
723.6648623148623
 20
405.2926076738752
 30
0.0
 11
777.9115767909829
 21
405.2926076738752
 31
0.0
  0
ARC
  5
284D
330
70
100
AcDbEntity
  8
0
100
AcDbCircle
 10
723.6648623148623
 20
407.2926076738752
 30
0.0
 40
2.0
100
AcDbArc
 50
180.0
 51
270.0
  0
LINE
  5
284E
330
70
100
AcDbEntity
  8
0
100
AcDbLine
 10
779.9115767909828
 20
407.2926076738752
 30
0.0
 11
779.9115767909828
 21
409.2926076738752
 31
0.0
  0
ARC
  5
284F
330
70
100
AcDbEntity
  8
0
100
AcDbCircle
 10
777.9115767909829
 20
407.2926076738752
 30
0.0
 40
2.0
100
AcDbArc
 50
270.0
 51
0.0
  0
LINE
  5
2850
330
70
100
AcDbEntity
  8
0
100
AcDbLine
 10
779.9115767909828
 20
409.2926076738752
 30
0.0
 11
786.4395763148622
 21
409.2926076738751
 31
0.0
  0
LINE
  5
2851
330
70
100
AcDbEntity
  8
Visible
100
AcDbLine
 10
786.4394073148623
 20
504.0426076738752
 30
0.0
 11
798.6950443148622
 21
504.0426076738752
 31
0.0
  0
LINE
  5
2852
330
70
100
AcDbEntity
  8
0
100
AcDbLine
 10
517.9739077909828
 20
504.0426076738752
 30
0.0
 11
517.9739077909828
 21
506.0426076738751
 31
0.0
  0
LINE
  5
2853
330
70
100
AcDbEntity
  8
0
100
AcDbLine
 10
519.9739077909828
 20
508.0426076738752
 30
0.0
 11
572.4781583148622
 21
508.0426076738752
 31
0.0
  0
ARC
  5
2854
330
70
100
AcDbEntity
  8
0
100
AcDbCircle
 10
519.9739077909828
 20
506.0426076738751
 30
0.0
 40
2.0
100
AcDbArc
 50
90.0
 51
180.0
  0
LINE
  5
2855
330
70
100
AcDbEntity
  8
0
100
AcDbLine
 10
574.4781583148623
 20
506.0426076738751
 30
0.0
 11
574.4781583148623
 21
504.0426076738752
 31
0.0
  0
ARC
  5
2856
330
70
100
AcDbEntity
  8
0
100
AcDbCircle
 10
572.4781583148622
 20
506.0426076738751
 30
0.0
 40
2.0
100
AcDbArc
 50
0.0
 51
90.0
  0
LINE
  5
2857
330
70
100
AcDbEntity
  8
0
100
AcDbLine
 10
574.4781583148623
 20
504.0426076738752
 30
0.0
 11
613.9781583148622
 21
504.0426076738752
 31
0.0
  0
LINE
  5
2858
330
70
100
AcDbEntity
  8
0
100
AcDbLine
 10
613.9781583148622
 20
504.0426076738752
 30
0.0
 11
613.9781583148622
 21
506.0426076738751
 31
0.0
  0
LINE
  5
2859
330
70
100
AcDbEntity
  8
0
100
AcDbLine
 10
615.9781583148623
 20
508.0426076738752
 30
0.0
 11
679.4781583148623
 21
508.0426076738752
 31
0.0
  0
ARC
  5
285A
330
70
100
AcDbEntity
  8
0
100
AcDbCircle
 10
615.9781583148623
 20
506.0426076738751
 30
0.0
 40
2.0
100
AcDbArc
 50
90.0
 51
180.0
  0
LINE
  5
285B
330
70
100
AcDbEntity
  8
0
100
AcDbLine
 10
681.4781583148622
 20
506.0426076738751
 30
0.0
 11
681.4781583148622
 21
504.0426076738752
 31
0.0
  0
ARC
  5
285C
330
70
100
AcDbEntity
  8
0
100
AcDbCircle
 10
679.4781583148623
 20
506.0426076738751
 30
0.0
 40
2.0
100
AcDbArc
 50
0.0
 51
90.0
  0
LINE
  5
285D
330
70
100
AcDbEntity
  8
0
100
AcDbLine
 10
681.4781583148622
 20
504.0426076738752
 30
0.0
 11
721.6646933148622
 21
504.042607673875
 31
0.0
  0
LINE
  5
285E
330
70
100
AcDbEntity
  8
0
100
AcDbLine
 10
721.6646933148622
 20
504.042607673875
 30
0.0
 11
721.6646933148622
 21
506.0426076738751
 31
0.0
  0
LINE
  5
285F
330
70
100
AcDbEntity
  8
0
100
AcDbLine
 10
723.6646933148622
 20
508.042607673875
 30
0.0
 11
777.9114077909828
 21
508.042607673875
 31
0.0
  0
ARC
  5
2860
330
70
100
AcDbEntity
  8
0
100
AcDbCircle
 10
723.6646933148622
 20
506.0426076738751
 30
0.0
 40
2.0
100
AcDbArc
 50
90.0
 51
180.0
  0
LINE
  5
2861
330
70
100
AcDbEntity
  8
0
100
AcDbLine
 10
779.9114077909828
 20
506.0426076738751
 30
0.0
 11
779.9114077909828
 21
504.042607673875
 31
0.0
  0
ARC
  5
2862
330
70
100
AcDbEntity
  8
0
100
AcDbCircle
 10
777.9114077909828
 20
506.0426076738751
 30
0.0
 40
2.0
100
AcDbArc
 50
0.0
 51
90.0
  0
LINE
  5
2863
330
70
100
AcDbEntity
  8
0
100
AcDbLine
 10
779.9114077909828
 20
504.042607673875
 30
0.0
 11
786.4394073148623
 21
504.0426076738752
 31
0.0
  0
ENDSEC
  0
SECTION
  2
OBJECTS
  0
DICTIONARY
  5
C
330
0
100
AcDbDictionary
281
     1
  3
ACAD_CIP_PREVIOUS_PRODUCT_INFO
350
7E
  3
ACAD_COLOR
350
63
  3
ACAD_DETAILVIEWSTYLE
350
6A
  3
ACAD_GROUP
350
D
  3
ACAD_LAYOUT
350
62
  3
ACAD_MATERIAL
350
10
  3
ACAD_MLEADERSTYLE
350
66
  3
ACAD_MLINESTYLE
350
5F
  3
ACAD_PLOTSETTINGS
350
61
  3
ACAD_PLOTSTYLENAME
350
E
  3
ACAD_SCALELIST
350
42
  3
ACAD_SECTIONVIEWSTYLE
350
68
  3
ACAD_TABLESTYLE
350
64
  3
ACAD_VISUALSTYLE
350
29
  3
ACDB_RECOMPOSE_DATA
350
2865
  3
AcDbVariableDictionary
350
78
  0
DICTIONARY
  5
7F
330
2
100
AcDbDictionary
280
     1
281
     1
  3
ACAD_LAYERSTATES
360
80
  0
DICTIONARY
  5
B7C
330
B7B
100
AcDbDictionary
280
     1
281
     1
  0
DICTIONARY
  5
B7E
330
B7D
100
AcDbDictionary
280
     1
281
     1
  0
DICTIONARY
  5
11F
330
70
100
AcDbDictionary
280
     1
281
     1
  3
ACAD_SORTENTS
360
120
  0
XRECORD
  5
7E
102
{ACAD_REACTORS
330
C
102
}
330
C
100
AcDbXrecord
280
     1
300
ACD
300
2022
300

  0
DICTIONARY
  5
63
102
{ACAD_REACTORS
330
C
102
}
330
C
100
AcDbDictionary
281
     1
  0
DICTIONARY
  5
6A
102
{ACAD_REACTORS
330
C
102
}
330
C
100
AcDbDictionary
281
     1
  3
Imperial24
350
79D
  3
Metric50
350
6B
  0
DICTIONARY
  5
D
102
{ACAD_REACTORS
330
C
102
}
330
C
100
AcDbDictionary
281
     1
  0
DICTIONARY
  5
62
102
{ACAD_REACTORS
330
C
102
}
330
C
100
AcDbDictionary
281
     1
  3
Layout1
350
6F
  3
Layout2
350
77
  3
Model
350
73
  0
DICTIONARY
  5
10
102
{ACAD_REACTORS
330
C
102
}
330
C
100
AcDbDictionary
281
     1
  3
ByBlock
350
19
  3
ByLayer
350
11
  3
Global
350
21
  0
DICTIONARY
  5
66
102
{ACAD_REACTORS
330
C
102
}
330
C
100
AcDbDictionary
281
     1
  3
Standard
350
67
  0
DICTIONARY
  5
5F
102
{ACAD_REACTORS
330
C
102
}
330
C
100
AcDbDictionary
281
     1
  3
Standard
350
60
  0
DICTIONARY
  5
61
102
{ACAD_REACTORS
330
C
102
}
330
C
100
AcDbDictionary
281
     1
  0
ACDBDICTIONARYWDFLT
  5
E
102
{ACAD_REACTORS
330
C
102
}
330
C
100
AcDbDictionary
281
     1
  3
Normal
350
F
100
AcDbDictionaryWithDefault
340
F
  0
DICTIONARY
  5
42
102
{ACAD_REACTORS
330
C
102
}
330
C
100
AcDbDictionary
281
     1
  3
A0
350
43
  3
A1
350
44
  3
A2
350
45
  3
A3
350
46
  3
A4
350
47
  3
A5
350
48
  3
A6
350
49
  3
A7
350
4A
  3
A8
350
4B
  3
A9
350
4C
  3
B0
350
4D
  3
B1
350
4E
  3
B2
350
4F
  3
B3
350
50
  3
B4
350
51
  3
B5
350
52
  3
B6
350
53
  0
DICTIONARY
  5
68
102
{ACAD_REACTORS
330
C
102
}
330
C
100
AcDbDictionary
281
     1
  3
Imperial24
350
79C
  3
Metric50
350
69
  0
DICTIONARY
  5
64
102
{ACAD_REACTORS
330
C
102
}
330
C
100
AcDbDictionary
281
     1
  3
Standard
350
65
  0
DICTIONARY
  5
29
102
{ACAD_REACTORS
330
C
102
}
330
C
100
AcDbDictionary
281
     1
  3
2dWireframe
350
2F
  3
Basic
350
2E
  3
Brighten
350
35
  3
ColorChange
350
39
  3
Conceptual
350
32
  3
Dim
350
34
  3
EdgeColorOff
350
41
  3
Facepattern
350
38
  3
Flat
350
2A
  3
FlatWithEdges
350
2B
  3
Gouraud
350
2C
  3
GouraudWithEdges
350
2D
  3
Hidden
350
31
  3
JitterOff
350
3F
  3
Linepattern
350
37
  3
OverhangOff
350
40
  3
Realistic
350
33
  3
Shaded
350
3E
  3
Shaded with edges
350
3D
  3
Shades of Gray
350
3A
  3
Sketchy
350
3B
  3
Thicken
350
36
  3
Wireframe
350
30
  3
X-Ray
350
3C
  0
XRECORD
  5
2865
102
{ACAD_REACTORS
330
C
102
}
330
C
100
AcDbXrecord
280
     1
 90
        1
330
65
  0
DICTIONARY
  5
78
102
{ACAD_REACTORS
330
C
102
}
330
C
100
AcDbDictionary
281
     1
  3
CANNOSCALE
350
137
  3
CENTEREXE
350
79
  3
CENTERLTYPEFILE
350
7A
  3
CMLEADERSTYLE
350
134
  3
CTABLESTYLE
350
133
  3
CVIEWDETAILSTYLE
350
135
  3
CVIEWSECTIONSTYLE
350
136
  0
DICTIONARY
  5
80
102
{ACAD_REACTORS
330
7F
102
}
330
7F
100
AcDbDictionary
281
     1
  0
SORTENTSTABLE
  5
120
102
{ACAD_REACTORS
330
11F
102
}
330
11F
100
AcDbSortentsTable
330
70
  0
ACDBDETAILVIEWSTYLE
  5
79D
102
{ACAD_XDICTIONARY
360
286C
102
}
102
{ACAD_REACTORS
330
6A
102
}
330
6A
100
AcDbModelDocViewStyle
 70
     0
  3
Imperial24
290
     0
100
AcDbDetailViewStyle
 70
     0
 71
     0
 90
        3
 71
     1
340
55
 62
   256
 40
0.24
340
0
 62
   256
 40
0.24
300

 40
0.36
280
     3
 71
     2
340
5D
 90
       25
 62
   256
 71
     3
340
55
 62
   256
 40
0.24
 90
        1
 40
0.75
 90
        1
300
%<\AcVar ViewType \f "%tc1">% %<\AcVar ViewDetailId>%\PSCALE %<\AcVar ViewScale \f "%sn">%
 71
     4
340
5D
 90
       25
 62
   256
340
5D
 90
       25
 62
   256
280
     0
  0
ACDBDETAILVIEWSTYLE
  5
6B
102
{ACAD_XDICTIONARY
360
2868
102
}
102
{ACAD_REACTORS
330
6A
102
}
330
6A
100
AcDbModelDocViewStyle
 70
     0
  3
Metric50
290
     0
100
AcDbDetailViewStyle
 70
     0
 71
     0
 90
        3
 71
     1
340
55
 62
   256
 40
5.0
340
0
 62
   256
 40
5.0
300

 40
0.36
280
     1
 71
     2
340
5D
 90
       25
 62
   256
 71
     3
340
55
 62
   256
 40
5.0
 90
        0
 40
15.0
 90
        1
300
%<\AcVar ViewDetailId>% (%<\AcVar ViewScale \f "%sn">%)
 71
     4
340
5D
 90
       25
 62
   256
340
5D
 90
       25
 62
   256
280
     0
  0
LAYOUT
  5
6F
102
{ACAD_REACTORS
330
62
102
}
330
62
100
AcDbPlotSettings
  1

  2
HP LaserJet 1160
  4

  6

 40
0.0
 41
0.0
 42
0.0
 43
0.0
 44
0.0
 45
0.0
 46
0.0
 47
0.0
 48
0.0
 49
0.0
140
0.0
141
0.0
142
1.0
143
1.0
 70
   688
 72
     0
 73
     0
 74
     5
  7

 75
    16
147
1.0
 76
     0
 77
     2
 78
   300
148
0.0
149
0.0
100
AcDbLayout
  1
Layout1
 70
     1
 71
     1
 10
0.0
 20
0.0
 11
420.0
 21
297.0
 12
0.0
 22
0.0
 32
0.0
 14
1.000000000000000E+20
 24
1.000000000000000E+20
 34
1.000000000000000E+20
 15
-1.000000000000000E+20
 25
-1.000000000000000E+20
 35
-1.000000000000000E+20
146
0.0
 13
0.0
 23
0.0
 33
0.0
 16
1.0
 26
0.0
 36
0.0
 17
0.0
 27
1.0
 37
0.0
 76
     0
330
6C
  0
LAYOUT
  5
77
102
{ACAD_REACTORS
330
62
102
}
330
62
100
AcDbPlotSettings
  1

  2
HP LaserJet 1160
  4

  6

 40
0.0
 41
0.0
 42
0.0
 43
0.0
 44
0.0
 45
0.0
 46
0.0
 47
0.0
 48
0.0
 49
0.0
140
0.0
141
0.0
142
1.0
143
1.0
 70
   688
 72
     0
 73
     0
 74
     5
  7

 75
    16
147
1.0
 76
     0
 77
     2
 78
   300
148
0.0
149
0.0
100
AcDbLayout
  1
Layout2
 70
     1
 71
     2
 10
0.0
 20
0.0
 11
12.0
 21
9.0
 12
0.0
 22
0.0
 32
0.0
 14
0.0
 24
0.0
 34
0.0
 15
0.0
 25
0.0
 35
0.0
146
0.0
 13
0.0
 23
0.0
 33
0.0
 16
1.0
 26
0.0
 36
0.0
 17
0.0
 27
1.0
 37
0.0
 76
     0
330
74
  0
LAYOUT
  5
73
102
{ACAD_REACTORS
330
62
102
}
330
62
100
AcDbPlotSettings
  1

  2
HP LaserJet 1160
  4

  6

 40
0.0
 41
0.0
 42
0.0
 43
0.0
 44
0.0
 45
0.0
 46
0.0
 47
0.0
 48
0.0
 49
0.0
140
0.0
141
0.0
142
1.0
143
1.0
 70
  1712
 72
     0
 73
     0
 74
     0
  7

 75
     0
147
1.0
 76
     0
 77
     2
 78
   300
148
0.0
149
0.0
100
AcDbLayout
  1
Model
 70
     1
 71
     0
 10
0.0
 20
0.0
 11
12.0
 21
9.0
 12
0.0
 22
0.0
 32
0.0
 14
0.0
 24
0.0
 34
0.0
 15
0.0
 25
0.0
 35
0.0
146
0.0
 13
0.0
 23
0.0
 33
0.0
 16
1.0
 26
0.0
 36
0.0
 17
0.0
 27
1.0
 37
0.0
 76
     0
330
70
331
57
  0
MATERIAL
  5
19
102
{ACAD_XDICTIONARY
360
1A
102
}
102
{ACAD_REACTORS
330
10
102
}
330
10
100
AcDbMaterial
  1
ByBlock
 72
     0
 43
0.0208333333333333
 43
0.0
 43
0.0
 43
0.0
 43
0.0
 43
0.0208333333333333
 43
0.0
 43
0.0
 43
0.0
 43
0.0
 43
1.0
 43
0.0
 43
0.0
 43
0.0
 43
0.0
 43
1.0
 77
     0
 47
0.0208333333333333
 47
0.0
 47
0.0
 47
0.0
 47
0.0
 47
0.0208333333333333
 47
0.0
 47
0.0
 47
0.0
 47
0.0
 47
1.0
 47
0.0
 47
0.0
 47
0.0
 47
0.0
 47
1.0
171
     0
 49
0.0208333333333333
 49
0.0
 49
0.0
 49
0.0
 49
0.0
 49
0.0208333333333333
 49
0.0
 49
0.0
 49
0.0
 49
0.0
 49
1.0
 49
0.0
 49
0.0
 49
0.0
 49
0.0
 49
1.0
175
     0
142
0.0208333333333333
142
0.0
142
0.0
142
0.0
142
0.0
142
0.0208333333333333
142
0.0
142
0.0
142
0.0
142
0.0
142
1.0
142
0.0
142
0.0
142
0.0
142
0.0
142
1.0
179
     0
144
0.0208333333333333
144
0.0
144
0.0
144
0.0
144
0.0
144
0.0208333333333333
144
0.0
144
0.0
144
0.0
144
0.0
144
1.0
144
0.0
144
0.0
144
0.0
144
0.0
144
1.0
147
0.0208333333333333
147
0.0
147
0.0
147
0.0
147
0.0
147
0.0208333333333333
147
0.0
147
0.0
147
0.0
147
0.0
147
1.0
147
0.0
147
0.0
147
0.0
147
0.0
147
1.0
  0
MATERIAL
  5
11
102
{ACAD_XDICTIONARY
360
12
102
}
102
{ACAD_REACTORS
330
10
102
}
330
10
100
AcDbMaterial
  1
ByLayer
 72
     0
 43
0.0208333333333333
 43
0.0
 43
0.0
 43
0.0
 43
0.0
 43
0.0208333333333333
 43
0.0
 43
0.0
 43
0.0
 43
0.0
 43
1.0
 43
0.0
 43
0.0
 43
0.0
 43
0.0
 43
1.0
 77
     0
 47
0.0208333333333333
 47
0.0
 47
0.0
 47
0.0
 47
0.0
 47
0.0208333333333333
 47
0.0
 47
0.0
 47
0.0
 47
0.0
 47
1.0
 47
0.0
 47
0.0
 47
0.0
 47
0.0
 47
1.0
171
     0
 49
0.0208333333333333
 49
0.0
 49
0.0
 49
0.0
 49
0.0
 49
0.0208333333333333
 49
0.0
 49
0.0
 49
0.0
 49
0.0
 49
1.0
 49
0.0
 49
0.0
 49
0.0
 49
0.0
 49
1.0
175
     0
142
0.0208333333333333
142
0.0
142
0.0
142
0.0
142
0.0
142
0.0208333333333333
142
0.0
142
0.0
142
0.0
142
0.0
142
1.0
142
0.0
142
0.0
142
0.0
142
0.0
142
1.0
179
     0
144
0.0208333333333333
144
0.0
144
0.0
144
0.0
144
0.0
144
0.0208333333333333
144
0.0
144
0.0
144
0.0
144
0.0
144
1.0
144
0.0
144
0.0
144
0.0
144
0.0
144
1.0
147
0.0208333333333333
147
0.0
147
0.0
147
0.0
147
0.0
147
0.0208333333333333
147
0.0
147
0.0
147
0.0
147
0.0
147
1.0
147
0.0
147
0.0
147
0.0
147
0.0
147
1.0
  0
MATERIAL
  5
21
102
{ACAD_XDICTIONARY
360
22
102
}
102
{ACAD_REACTORS
330
10
102
}
330
10
100
AcDbMaterial
  1
Global
 72
     0
 43
0.0208333333333333
 43
0.0
 43
0.0
 43
0.0
 43
0.0
 43
0.0208333333333333
 43
0.0
 43
0.0
 43
0.0
 43
0.0
 43
1.0
 43
0.0
 43
0.0
 43
0.0
 43
0.0
 43
1.0
 77
     0
 47
0.0208333333333333
 47
0.0
 47
0.0
 47
0.0
 47
0.0
 47
0.0208333333333333
 47
0.0
 47
0.0
 47
0.0
 47
0.0
 47
1.0
 47
0.0
 47
0.0
 47
0.0
 47
0.0
 47
1.0
171
     0
 49
0.0208333333333333
 49
0.0
 49
0.0
 49
0.0
 49
0.0
 49
0.0208333333333333
 49
0.0
 49
0.0
 49
0.0
 49
0.0
 49
1.0
 49
0.0
 49
0.0
 49
0.0
 49
0.0
 49
1.0
175
     0
142
0.0208333333333333
142
0.0
142
0.0
142
0.0
142
0.0
142
0.0208333333333333
142
0.0
142
0.0
142
0.0
142
0.0
142
1.0
142
0.0
142
0.0
142
0.0
142
0.0
142
1.0
179
     0
144
0.0208333333333333
144
0.0
144
0.0
144
0.0
144
0.0
144
0.0208333333333333
144
0.0
144
0.0
144
0.0
144
0.0
144
1.0
144
0.0
144
0.0
144
0.0
144
0.0
144
1.0
147
0.0208333333333333
147
0.0
147
0.0
147
0.0
147
0.0
147
0.0208333333333333
147
0.0
147
0.0
147
0.0
147
0.0
147
1.0
147
0.0
147
0.0
147
0.0
147
0.0
147
1.0
  0
MLEADERSTYLE
  5
67
102
{ACAD_REACTORS
330
66
102
}
330
66
100
AcDbMLeaderStyle
179
     2
170
     2
171
     1
172
     0
 90
        2
 40
0.0
 41
0.0
173
     1
 91
-1056964608
340
5B
 92
       -2
290
     1
 42
0.09
291
     1
 43
0.36
  3
Standard
 44
0.18
300

342
55
174
     1
178
     6
175
     1
176
     0
 93
-1056964608
 45
0.18
292
     0
297
     0
 46
0.18
 94
-1056964608
 47
1.0
 49
1.0
140
1.0
293
     1
141
0.0
294
     1
177
     0
142
1.0
295
     0
296
     0
143
0.125
271
     0
272
     9
273
     9
298
     1
1001
ACAD_MLEADERVER
1070
     2
  0
MLINESTYLE
  5
60
102
{ACAD_REACTORS
330
5F
102
}
330
5F
100
AcDbMlineStyle
  2
STANDARD
 70
     0
  3

 62
   256
 51
90.0
 52
90.0
 71
     2
 49
0.5
 62
   256
  6
BYLAYER
 49
-0.5
 62
   256
  6
BYLAYER
  0
ACDBPLACEHOLDER
  5
F
102
{ACAD_REACTORS
330
E
102
}
330
E
  0
SCALE
  5
43
102
{ACAD_REACTORS
330
42
102
}
330
42
100
AcDbScale
 70
     0
300
1:1
140
1.0
141
1.0
290
     1
  0
SCALE
  5
44
102
{ACAD_REACTORS
330
42
102
}
330
42
100
AcDbScale
 70
     0
300
1:2
140
1.0
141
2.0
290
     0
  0
SCALE
  5
45
102
{ACAD_REACTORS
330
42
102
}
330
42
100
AcDbScale
 70
     0
300
1:4
140
1.0
141
4.0
290
     0
  0
SCALE
  5
46
102
{ACAD_REACTORS
330
42
102
}
330
42
100
AcDbScale
 70
     0
300
1:5
140
1.0
141
5.0
290
     0
  0
SCALE
  5
47
102
{ACAD_REACTORS
330
42
102
}
330
42
100
AcDbScale
 70
     0
300
1:8
140
1.0
141
8.0
290
     0
  0
SCALE
  5
48
102
{ACAD_REACTORS
330
42
102
}
330
42
100
AcDbScale
 70
     0
300
1:10
140
1.0
141
10.0
290
     0
  0
SCALE
  5
49
102
{ACAD_REACTORS
330
42
102
}
330
42
100
AcDbScale
 70
     0
300
1:16
140
1.0
141
16.0
290
     0
  0
SCALE
  5
4A
102
{ACAD_REACTORS
330
42
102
}
330
42
100
AcDbScale
 70
     0
300
1:20
140
1.0
141
20.0
290
     0
  0
SCALE
  5
4B
102
{ACAD_REACTORS
330
42
102
}
330
42
100
AcDbScale
 70
     0
300
1:30
140
1.0
141
30.0
290
     0
  0
SCALE
  5
4C
102
{ACAD_REACTORS
330
42
102
}
330
42
100
AcDbScale
 70
     0
300
1:40
140
1.0
141
40.0
290
     0
  0
SCALE
  5
4D
102
{ACAD_REACTORS
330
42
102
}
330
42
100
AcDbScale
 70
     0
300
1:50
140
1.0
141
50.0
290
     0
  0
SCALE
  5
4E
102
{ACAD_REACTORS
330
42
102
}
330
42
100
AcDbScale
 70
     0
300
1:100
140
1.0
141
100.0
290
     0
  0
SCALE
  5
4F
102
{ACAD_REACTORS
330
42
102
}
330
42
100
AcDbScale
 70
     0
300
2:1
140
2.0
141
1.0
290
     0
  0
SCALE
  5
50
102
{ACAD_REACTORS
330
42
102
}
330
42
100
AcDbScale
 70
     0
300
4:1
140
4.0
141
1.0
290
     0
  0
SCALE
  5
51
102
{ACAD_REACTORS
330
42
102
}
330
42
100
AcDbScale
 70
     0
300
8:1
140
8.0
141
1.0
290
     0
  0
SCALE
  5
52
102
{ACAD_REACTORS
330
42
102
}
330
42
100
AcDbScale
 70
     0
300
10:1
140
10.0
141
1.0
290
     0
  0
SCALE
  5
53
102
{ACAD_REACTORS
330
42
102
}
330
42
100
AcDbScale
 70
     0
300
100:1
140
100.0
141
1.0
290
     0
  0
ACDBSECTIONVIEWSTYLE
  5
79C
102
{ACAD_XDICTIONARY
360
286A
102
}
102
{ACAD_REACTORS
330
68
102
}
330
68
100
AcDbModelDocViewStyle
 70
     0
  3
Imperial24
290
     0
100
AcDbSectionViewStyle
 70
     0
 71
     0
 90
       78
 71
     1
340
55
 62
   256
 40
0.24
340
0
340
0
 62
   256
 40
0.24
300
I, O, Q, S, X, Z
 40
0.48
 90
        3
 40
0.18
 90
        1
 71
     2
340
5D
 90
       25
 62
   256
340
5D
 90
       50
 62
   256
 40
0.24
 40
0.0
 40
0.24
 71
     3
340
55
 62
   256
 40
0.24
 90
        1
 40
0.75
 90
        1
300
%<\AcVar ViewType \f "%tc1">% %<\AcVar ViewSectionStartId>%-%<\AcVar ViewSectionEndId>%\PSCALE %<\AcVar ViewScale \f "%sn">%
 71
     4
 62
   256
 62
   257
300
ANSI31
 40
1.0
 90
        0
290
     0
290
     0
 90
        6
 40
0.0
 40
1.570796326794896
 40
0.2617993877991494
 40
1.308996938995747
 40
-0.2617993877991494
 40
1.832595714594046
  0
ACDBSECTIONVIEWSTYLE
  5
69
102
{ACAD_XDICTIONARY
360
2866
102
}
102
{ACAD_REACTORS
330
68
102
}
330
68
100
AcDbModelDocViewStyle
 70
     0
  3
Metric50
290
     0
100
AcDbSectionViewStyle
 70
     0
 71
     0
 90
      102
 71
     1
340
55
 62
   256
 40
5.0
340
0
340
0
 62
   256
 40
5.0
300
I, O, Q, S, X, Z
 40
10.0
 90
        0
 40
2.5
 90
        0
 71
     2
340
5D
 90
       25
 62
   256
340
5D
 90
       50
 62
   256
 40
5.0
 40
2.5
 40
5.0
 71
     3
340
55
 62
   256
 40
5.0
 90
        0
 40
15.0
 90
        1
300
%<\AcVar ViewSectionStartId>%-%<\AcVar ViewSectionEndId>% (%<\AcVar ViewScale \f "%sn">%)
 71
     4
 62
   256
 62
   257
300
ANSI31
 40
1.0
 90
        0
290
     0
290
     0
 90
        6
 40
0.0
 40
1.570796326794896
 40
0.2617993877991494
 40
1.308996938995747
 40
-0.2617993877991494
 40
1.832595714594044
  0
TABLESTYLE
  5
65
102
{ACAD_XDICTIONARY
360
674
102
}
102
{ACAD_REACTORS
330
64
102
}
330
64
100
AcDbTableStyle
280
     0
  3
Standard
 70
     0
 71
     0
 40
1.5
 41
1.5
280
     0
281
     0
  7
Standard
140
4.5
170
     2
 62
     0
 63
     7
283
     0
 90
      512
 91
        0
  1

274
    -2
284
     1
 64
     0
275
    -2
285
     1
 65
     0
276
    -2
286
     1
 66
     0
277
    -2
287
     1
 67
     0
278
    -2
288
     1
 68
     0
279
    -2
289
     1
 69
     0
  7
Standard
140
6.0
170
     5
 62
     0
 63
     7
283
     0
 90
      512
 91
        0
  1

274
    -2
284
     1
 64
     0
275
    -2
285
     1
 65
     0
276
    -2
286
     1
 66
     0
277
    -2
287
     1
 67
     0
278
    -2
288
     1
 68
     0
279
    -2
289
     1
 69
     0
  7
Standard
140
4.5
170
     5
 62
     0
 63
     7
283
     0
 90
      512
 91
        0
  1

274
    -2
284
     1
 64
     0
275
    -2
285
     1
 65
     0
276
    -2
286
     1
 66
     0
277
    -2
287
     1
 67
     0
278
    -2
288
     1
 68
     0
279
    -2
289
     1
 69
     0
  0
VISUALSTYLE
  5
2F
102
{ACAD_REACTORS
330
29
102
}
330
29
100
AcDbVisualStyle
  2

 70
     4
177
     3
291
     0
 70
    58
 90
        0
176
     1
 90
        2
176
     1
 90
        0
176
     1
 90
        0
176
     1
 40
0.6
176
     1
 40
30.0
176
     1
 62
     7
420
 16777215
176
     1
 90
        1
176
     1
 90
        4
176
     1
 62
     7
176
     1
 62
   257
176
     1
 90
        1
176
     1
 90
        1
176
     1
 40
1.0
176
     1
 90
        0
176
     1
 62
   257
176
     1
 40
1.0
176
     1
 90
        1
176
     1
 90
        6
176
     1
 90
        2
176
     1
 62
     7
176
     1
 90
        5
176
     1
 90
        0
176
     1
 90
        0
176
     1
290
     0
176
     1
 90
        1
176
     1
 40
0.0
176
     1
 90
        0
176
     1
290
     1
176
     1
290
     1
176
     1
290
     0
176
     1
290
     0
176
     1
290
     0
176
     1
290
     0
176
     1
290
     0
176
     1
290
     0
176
     1
290
     0
176
     1
 90
       50
176
     1
 40
0.0
176
     1
 40
1.0
176
     1
 90
        0
176
     1
 62
    18
420
        0
176
     1
 90
       50
176
     1
 90
        3
176
     1
 62
     5
420
      255
176
     1
290
     0
176
     1
 90
       50
176
     1
 90
       50
176
     1
 90
       50
176
     1
290
     0
176
     1
 90
       50
176
     1
 62
   256
176
     0
 40
1.0
176
     0
 90
        2
176
     1
  1
strokes_ogs.tif
176
     1
290
     0
176
     1
 40
1.0
176
     1
 40
1.0
176
     1
1001
ACAD
1000
AcDbSavedByObjectVersion
1070
     0
  0
VISUALSTYLE
  5
2E
102
{ACAD_REACTORS
330
29
102
}
330
29
100
AcDbVisualStyle
  2

 70
     7
177
     3
291
     1
 70
    58
 90
        1
176
     1
 90
        0
176
     1
 90
        1
176
     1
 90
        0
176
     1
 40
0.6
176
     1
 40
30.0
176
     1
 62
     7
420
 16777215
176
     1
 90
        0
176
     1
 90
        4
176
     1
 62
     7
176
     1
 62
   257
176
     1
 90
        1
176
     1
 90
        1
176
     1
 40
1.0
176
     1
 90
        8
176
     1
 62
     7
176
     1
 40
1.0
176
     1
 90
        1
176
     1
 90
        6
176
     1
 90
        2
176
     1
 62
     7
176
     1
 90
        5
176
     1
 90
        0
176
     1
 90
        0
176
     1
290
     0
176
     1
 90
        1
176
     1
 40
0.0
176
     1
 90
        0
176
     1
290
     0
176
     1
290
     1
176
     1
290
     1
176
     1
290
     0
176
     1
290
     0
176
     1
290
     0
176
     1
290
     0
176
     1
290
     0
176
     1
290
     0
176
     1
 90
       50
176
     1
 40
0.0
176
     1
 40
1.0
176
     1
 90
        0
176
     1
 62
    18
420
        0
176
     1
 90
       50
176
     1
 90
        3
176
     1
 62
     5
420
      255
176
     1
290
     0
176
     1
 90
       50
176
     1
 90
       50
176
     1
 90
       50
176
     1
290
     0
176
     1
 90
       50
176
     1
 62
   256
176
     0
 40
1.0
176
     0
 90
        2
176
     1
  1
strokes_ogs.tif
176
     1
290
     0
176
     1
 40
1.0
176
     1
 40
1.0
176
     1
1001
ACAD
1000
AcDbSavedByObjectVersion
1070
     0
  0
VISUALSTYLE
  5
35
102
{ACAD_REACTORS
330
29
102
}
330
29
100
AcDbVisualStyle
  2

 70
    12
177
     3
291
     1
 70
    58
 90
        2
176
     1
 90
        2
176
     1
 90
        0
176
     1
 90
        0
176
     1
 40
0.6
176
     1
 40
30.0
176
     1
 62
     7
420
 16777215
176
     1
 90
        1
176
     1
 90
        4
176
     1
 62
     7
176
     1
 62
   257
176
     1
 90
        1
176
     1
 90
        1
176
     1
 40
1.0
176
     1
 90
        8
176
     1
 62
     7
176
     1
 40
1.0
176
     1
 90
        1
176
     1
 90
        6
176
     1
 90
        2
176
     1
 62
     7
176
     1
 90
        5
176
     1
 90
        0
176
     1
 90
        0
176
     1
290
     0
176
     1
 90
        1
176
     1
 40
50.0
176
     1
 90
        0
176
     1
290
     0
176
     1
290
     1
176
     1
290
     1
176
     1
290
     0
176
     1
290
     0
176
     1
290
     0
176
     1
290
     0
176
     1
290
     0
176
     1
290
     0
176
     1
 90
       50
176
     1
 40
0.0
176
     1
 40
1.0
176
     1
 90
        0
176
     1
 62
    18
420
        0
176
     1
 90
       50
176
     1
 90
        3
176
     1
 62
     5
420
      255
176
     1
290
     0
176
     1
 90
       50
176
     1
 90
       50
176
     1
 90
       50
176
     1
290
     0
176
     1
 90
       50
176
     1
 62
   256
176
     0
 40
1.0
176
     0
 90
        2
176
     1
  1
strokes_ogs.tif
176
     1
290
     0
176
     1
 40
1.0
176
     1
 40
1.0
176
     1
1001
ACAD
1000
AcDbSavedByObjectVersion
1070
     0
  0
VISUALSTYLE
  5
39
102
{ACAD_REACTORS
330
29
102
}
330
29
100
AcDbVisualStyle
  2

 70
    16
177
     3
291
     1
 70
    58
 90
        2
176
     1
 90
        2
176
     1
 90
        3
176
     1
 90
        0
176
     1
 40
0.6
176
     1
 40
30.0
176
     1
 62
     8
420
  8421504
176
     1
 90
        1
176
     1
 90
        4
176
     1
 62
     7
176
     1
 62
   257
176
     1
 90
        1
176
     1
 90
        1
176
     1
 40
1.0
176
     1
 90
        8
176
     1
 62
     8
420
  8421504
176
     1
 40
1.0
176
     1
 90
        1
176
     1
 90
        6
176
     1
 90
        2
176
     1
 62
     7
176
     1
 90
        5
176
     1
 90
        0
176
     1
 90
        0
176
     1
290
     0
176
     1
 90
        1
176
     1
 40
0.0
176
     1
 90
        0
176
     1
290
     0
176
     1
290
     1
176
     1
290
     1
176
     1
290
     0
176
     1
290
     0
176
     1
290
     0
176
     1
290
     0
176
     1
290
     0
176
     1
290
     0
176
     1
 90
       50
176
     1
 40
0.0
176
     1
 40
1.0
176
     1
 90
        0
176
     1
 62
    18
420
        0
176
     1
 90
       50
176
     1
 90
        3
176
     1
 62
     5
420
      255
176
     1
290
     0
176
     1
 90
       50
176
     1
 90
       50
176
     1
 90
       50
176
     1
290
     0
176
     1
 90
       50
176
     1
 62
   256
176
     0
 40
1.0
176
     0
 90
        2
176
     1
  1
strokes_ogs.tif
176
     1
290
     0
176
     1
 40
1.0
176
     1
 40
1.0
176
     1
1001
ACAD
1000
AcDbSavedByObjectVersion
1070
     0
  0
VISUALSTYLE
  5
32
102
{ACAD_REACTORS
330
29
102
}
330
29
100
AcDbVisualStyle
  2

 70
     9
177
     3
291
     0
 70
    58
 90
        3
176
     1
 90
        2
176
     1
 90
        0
176
     1
 90
        0
176
     1
 40
0.6
176
     1
 40
30.0
176
     1
 62
     7
420
 16777215
176
     1
 90
        2
176
     1
 90
        2
176
     1
 62
     7
176
     1
 62
   257
176
     1
 90
        1
176
     1
 90
        1
176
     1
 40
179.0
176
     1
 90
        8
176
     1
 62
     7
176
     1
 40
1.0
176
     1
 90
        1
176
     1
 90
        6
176
     1
 90
        2
176
     1
 62
     7
176
     1
 90
        3
176
     1
 90
        0
176
     1
 90
        0
176
     1
290
     0
176
     1
 90
        1
176
     1
 40
0.0
176
     1
 90
        0
176
     1
290
     0
176
     1
290
     1
176
     1
290
     1
176
     1
290
     0
176
     1
290
     0
176
     1
290
     0
176
     1
290
     0
176
     1
290
     0
176
     1
290
     0
176
     1
 90
       50
176
     1
 40
0.0
176
     1
 40
1.0
176
     1
 90
        0
176
     1
 62
    18
420
        0
176
     1
 90
       50
176
     1
 90
        3
176
     1
 62
     5
420
      255
176
     1
290
     0
176
     1
 90
       50
176
     1
 90
       50
176
     1
 90
       50
176
     1
290
     0
176
     1
 90
       50
176
     1
 62
   256
176
     0
 40
1.0
176
     0
 90
        2
176
     1
  1
strokes_ogs.tif
176
     1
290
     0
176
     1
 40
1.0
176
     1
 40
1.0
176
     1
1001
ACAD
1000
AcDbSavedByObjectVersion
1070
     0
  0
VISUALSTYLE
  5
34
102
{ACAD_REACTORS
330
29
102
}
330
29
100
AcDbVisualStyle
  2

 70
    11
177
     3
291
     1
 70
    58
 90
        2
176
     1
 90
        2
176
     1
 90
        0
176
     1
 90
        0
176
     1
 40
0.6
176
     1
 40
30.0
176
     1
 62
     7
420
 16777215
176
     1
 90
        1
176
     1
 90
        4
176
     1
 62
     7
176
     1
 62
   257
176
     1
 90
        1
176
     1
 90
        1
176
     1
 40
1.0
176
     1
 90
        8
176
     1
 62
     7
176
     1
 40
1.0
176
     1
 90
        1
176
     1
 90
        6
176
     1
 90
        2
176
     1
 62
     7
176
     1
 90
        5
176
     1
 90
        0
176
     1
 90
        0
176
     1
290
     0
176
     1
 90
        1
176
     1
 40
-50.0
176
     1
 90
        0
176
     1
290
     0
176
     1
290
     1
176
     1
290
     1
176
     1
290
     0
176
     1
290
     0
176
     1
290
     0
176
     1
290
     0
176
     1
290
     0
176
     1
290
     0
176
     1
 90
       50
176
     1
 40
0.0
176
     1
 40
1.0
176
     1
 90
        0
176
     1
 62
    18
420
        0
176
     1
 90
       50
176
     1
 90
        3
176
     1
 62
     5
420
      255
176
     1
290
     0
176
     1
 90
       50
176
     1
 90
       50
176
     1
 90
       50
176
     1
290
     0
176
     1
 90
       50
176
     1
 62
   256
176
     0
 40
1.0
176
     0
 90
        2
176
     1
  1
strokes_ogs.tif
176
     1
290
     0
176
     1
 40
1.0
176
     1
 40
1.0
176
     1
1001
ACAD
1000
AcDbSavedByObjectVersion
1070
     0
  0
VISUALSTYLE
  5
41
102
{ACAD_REACTORS
330
29
102
}
330
29
100
AcDbVisualStyle
  2

 70
    22
177
     3
291
     1
 70
    58
 90
        2
176
     0
 90
        2
176
     0
 90
        0
176
     0
 90
        0
176
     0
 40
0.6
176
     0
 40
30.0
176
     0
 62
     7
420
 16777215
176
     0
 90
        1
176
     0
 90
        4
176
     0
 62
     7
176
     0
 62
   257
176
     0
 90
        1
176
     0
 90
        1
176
     0
 40
1.0
176
     0
 90
        8
176
     2
 62
     7
176
     0
 40
1.0
176
     0
 90
        1
176
     0
 90
        6
176
     0
 90
        2
176
     0
 62
     7
176
     0
 90
        5
176
     0
 90
        0
176
     0
 90
        0
176
     0
290
     0
176
     0
 90
        1
176
     0
 40
0.0
176
     0
 90
        0
176
     0
290
     0
176
     0
290
     1
176
     0
290
     1
176
     0
290
     0
176
     0
290
     0
176
     0
290
     0
176
     0
290
     0
176
     0
290
     0
176
     0
290
     0
176
     0
 90
       50
176
     0
 40
0.0
176
     0
 40
1.0
176
     0
 90
        0
176
     0
 62
    18
420
        0
176
     0
 90
       50
176
     0
 90
        3
176
     0
 62
     5
420
      255
176
     0
290
     0
176
     0
 90
       50
176
     0
 90
       50
176
     0
 90
       50
176
     0
290
     0
176
     0
 90
       50
176
     0
 62
   256
176
     0
 40
1.0
176
     0
 90
        2
176
     0
  1
strokes_ogs.tif
176
     0
290
     0
176
     0
 40
1.0
176
     0
 40
1.0
176
     0
1001
ACAD
1000
AcDbSavedByObjectVersion
1070
     0
  0
VISUALSTYLE
  5
38
102
{ACAD_REACTORS
330
29
102
}
330
29
100
AcDbVisualStyle
  2

 70
    15
177
     3
291
     1
 70
    58
 90
        2
176
     1
 90
        2
176
     1
 90
        0
176
     1
 90
        0
176
     1
 40
0.6
176
     1
 40
30.0
176
     1
 62
     7
420
 16777215
176
     1
 90
        1
176
     1
 90
        4
176
     1
 62
     7
176
     1
 62
   257
176
     1
 90
        1
176
     1
 90
        1
176
     1
 40
1.0
176
     1
 90
        8
176
     1
 62
     7
176
     1
 40
1.0
176
     1
 90
        1
176
     1
 90
        6
176
     1
 90
        2
176
     1
 62
     7
176
     1
 90
        5
176
     1
 90
        0
176
     1
 90
        0
176
     1
290
     0
176
     1
 90
        1
176
     1
 40
0.0
176
     1
 90
        0
176
     1
290
     0
176
     1
290
     1
176
     1
290
     1
176
     1
290
     0
176
     1
290
     0
176
     1
290
     0
176
     1
290
     0
176
     1
290
     0
176
     1
290
     0
176
     1
 90
       50
176
     1
 40
0.0
176
     1
 40
1.0
176
     1
 90
        0
176
     1
 62
    18
420
        0
176
     1
 90
       50
176
     1
 90
        3
176
     1
 62
     5
420
      255
176
     1
290
     0
176
     1
 90
       50
176
     1
 90
       50
176
     1
 90
       50
176
     1
290
     0
176
     1
 90
       50
176
     1
 62
   256
176
     0
 40
1.0
176
     0
 90
        2
176
     1
  1
strokes_ogs.tif
176
     1
290
     0
176
     1
 40
1.0
176
     1
 40
1.0
176
     1
1001
ACAD
1000
AcDbSavedByObjectVersion
1070
     0
  0
VISUALSTYLE
  5
2A
102
{ACAD_REACTORS
330
29
102
}
330
29
100
AcDbVisualStyle
  2

 70
     0
177
     3
291
     1
 70
    58
 90
        2
176
     1
 90
        1
176
     1
 90
        1
176
     1
 90
        2
176
     1
 40
0.6
176
     1
 40
30.0
176
     1
 62
     7
420
 16777215
176
     1
 90
        0
176
     1
 90
        0
176
     1
 62
     7
176
     1
 62
   257
176
     1
 90
        1
176
     1
 90
        1
176
     1
 40
1.0
176
     1
 90
        8
176
     1
 62
     7
176
     1
 40
1.0
176
     1
 90
        1
176
     1
 90
        6
176
     1
 90
        2
176
     1
 62
     7
176
     1
 90
        5
176
     1
 90
        0
176
     1
 90
        0
176
     1
290
     0
176
     1
 90
       13
176
     1
 40
0.0
176
     1
 90
        0
176
     1
290
     0
176
     1
290
     1
176
     1
290
     1
176
     1
290
     0
176
     1
290
     0
176
     1
290
     0
176
     1
290
     0
176
     1
290
     0
176
     1
290
     0
176
     1
 90
       50
176
     1
 40
0.0
176
     1
 40
1.0
176
     1
 90
        0
176
     1
 62
    18
420
        0
176
     1
 90
       50
176
     1
 90
        3
176
     1
 62
     5
420
      255
176
     1
290
     0
176
     1
 90
       50
176
     1
 90
       50
176
     1
 90
       50
176
     1
290
     0
176
     1
 90
       50
176
     1
 62
   256
176
     0
 40
1.0
176
     0
 90
        2
176
     1
  1
strokes_ogs.tif
176
     1
290
     0
176
     1
 40
1.0
176
     1
 40
1.0
176
     1
1001
ACAD
1000
AcDbSavedByObjectVersion
1070
     0
  0
VISUALSTYLE
  5
2B
102
{ACAD_REACTORS
330
29
102
}
330
29
100
AcDbVisualStyle
  2

 70
     1
177
     3
291
     1
 70
    58
 90
        2
176
     1
 90
        1
176
     1
 90
        1
176
     1
 90
        2
176
     1
 40
0.6
176
     1
 40
30.0
176
     1
 62
     7
420
 16777215
176
     1
 90
        1
176
     1
 90
        0
176
     1
 62
     7
176
     1
 62
   257
176
     1
 90
        1
176
     1
 90
        1
176
     1
 40
1.0
176
     1
 90
        0
176
     1
 62
   257
176
     1
 40
1.0
176
     1
 90
        1
176
     1
 90
        6
176
     1
 90
        2
176
     1
 62
     7
176
     1
 90
        5
176
     1
 90
        0
176
     1
 90
        0
176
     1
290
     0
176
     1
 90
       13
176
     1
 40
0.0
176
     1
 90
        0
176
     1
290
     0
176
     1
290
     1
176
     1
290
     1
176
     1
290
     0
176
     1
290
     0
176
     1
290
     0
176
     1
290
     0
176
     1
290
     0
176
     1
290
     0
176
     1
 90
       50
176
     1
 40
0.0
176
     1
 40
1.0
176
     1
 90
        0
176
     1
 62
    18
420
        0
176
     1
 90
       50
176
     1
 90
        3
176
     1
 62
     5
420
      255
176
     1
290
     0
176
     1
 90
       50
176
     1
 90
       50
176
     1
 90
       50
176
     1
290
     0
176
     1
 90
       50
176
     1
 62
   256
176
     0
 40
1.0
176
     0
 90
        2
176
     1
  1
strokes_ogs.tif
176
     1
290
     0
176
     1
 40
1.0
176
     1
 40
1.0
176
     1
1001
ACAD
1000
AcDbSavedByObjectVersion
1070
     0
  0
VISUALSTYLE
  5
2C
102
{ACAD_REACTORS
330
29
102
}
330
29
100
AcDbVisualStyle
  2

 70
     2
177
     3
291
     1
 70
    58
 90
        2
176
     1
 90
        2
176
     1
 90
        1
176
     1
 90
        2
176
     1
 40
0.6
176
     1
 40
30.0
176
     1
 62
     7
420
 16777215
176
     1
 90
        0
176
     1
 90
        0
176
     1
 62
     7
176
     1
 62
   257
176
     1
 90
        1
176
     1
 90
        1
176
     1
 40
1.0
176
     1
 90
        0
176
     1
 62
     7
176
     1
 40
1.0
176
     1
 90
        1
176
     1
 90
        6
176
     1
 90
        2
176
     1
 62
     7
176
     1
 90
        5
176
     1
 90
        0
176
     1
 90
        0
176
     1
290
     0
176
     1
 90
       13
176
     1
 40
0.0
176
     1
 90
        0
176
     1
290
     0
176
     1
290
     1
176
     1
290
     1
176
     1
290
     0
176
     1
290
     0
176
     1
290
     0
176
     1
290
     0
176
     1
290
     0
176
     1
290
     0
176
     1
 90
       50
176
     1
 40
0.0
176
     1
 40
1.0
176
     1
 90
        0
176
     1
 62
    18
420
        0
176
     1
 90
       50
176
     1
 90
        3
176
     1
 62
     5
420
      255
176
     1
290
     0
176
     1
 90
       50
176
     1
 90
       50
176
     1
 90
       50
176
     1
290
     0
176
     1
 90
       50
176
     1
 62
   256
176
     0
 40
1.0
176
     0
 90
        2
176
     1
  1
strokes_ogs.tif
176
     1
290
     0
176
     1
 40
1.0
176
     1
 40
1.0
176
     1
1001
ACAD
1000
AcDbSavedByObjectVersion
1070
     0
  0
VISUALSTYLE
  5
2D
102
{ACAD_REACTORS
330
29
102
}
330
29
100
AcDbVisualStyle
  2

 70
     3
177
     3
291
     1
 70
    58
 90
        2
176
     1
 90
        2
176
     1
 90
        1
176
     1
 90
        2
176
     1
 40
0.6
176
     1
 40
30.0
176
     1
 62
     7
420
 16777215
176
     1
 90
        1
176
     1
 90
        0
176
     1
 62
     7
176
     1
 62
   257
176
     1
 90
        1
176
     1
 90
        1
176
     1
 40
1.0
176
     1
 90
        0
176
     1
 62
   257
176
     1
 40
1.0
176
     1
 90
        1
176
     1
 90
        6
176
     1
 90
        2
176
     1
 62
     7
176
     1
 90
        5
176
     1
 90
        0
176
     1
 90
        0
176
     1
290
     0
176
     1
 90
       13
176
     1
 40
0.0
176
     1
 90
        0
176
     1
290
     0
176
     1
290
     1
176
     1
290
     1
176
     1
290
     0
176
     1
290
     0
176
     1
290
     0
176
     1
290
     0
176
     1
290
     0
176
     1
290
     0
176
     1
 90
       50
176
     1
 40
0.0
176
     1
 40
1.0
176
     1
 90
        0
176
     1
 62
    18
420
        0
176
     1
 90
       50
176
     1
 90
        3
176
     1
 62
     5
420
      255
176
     1
290
     0
176
     1
 90
       50
176
     1
 90
       50
176
     1
 90
       50
176
     1
290
     0
176
     1
 90
       50
176
     1
 62
   256
176
     0
 40
1.0
176
     0
 90
        2
176
     1
  1
strokes_ogs.tif
176
     1
290
     0
176
     1
 40
1.0
176
     1
 40
1.0
176
     1
1001
ACAD
1000
AcDbSavedByObjectVersion
1070
     0
  0
VISUALSTYLE
  5
31
102
{ACAD_REACTORS
330
29
102
}
330
29
100
AcDbVisualStyle
  2

 70
     6
177
     3
291
     0
 70
    58
 90
        1
176
     1
 90
        2
176
     1
 90
        2
176
     1
 90
        0
176
     1
 40
0.6
176
     1
 40
30.0
176
     1
 62
     7
420
 16777215
176
     1
 90
        2
176
     1
 90
        2
176
     1
 62
     7
176
     1
 62
   257
176
     1
 90
        2
176
     1
 90
        1
176
     1
 40
40.0
176
     1
 90
        0
176
     1
 62
   257
176
     1
 40
1.0
176
     1
 90
        1
176
     1
 90
        6
176
     1
 90
        2
176
     1
 62
     7
176
     1
 90
        3
176
     1
 90
        0
176
     1
 90
        0
176
     1
290
     0
176
     1
 90
        1
176
     1
 40
0.0
176
     1
 90
        0
176
     1
290
     0
176
     1
290
     1
176
     1
290
     1
176
     1
290
     0
176
     1
290
     0
176
     1
290
     0
176
     1
290
     0
176
     1
290
     0
176
     1
290
     0
176
     1
 90
       50
176
     1
 40
0.0
176
     1
 40
1.0
176
     1
 90
        0
176
     1
 62
    18
420
        0
176
     1
 90
       50
176
     1
 90
        3
176
     1
 62
     5
420
      255
176
     1
290
     0
176
     1
 90
       50
176
     1
 90
       50
176
     1
 90
       50
176
     1
290
     0
176
     1
 90
       50
176
     1
 62
   256
176
     0
 40
1.0
176
     0
 90
        2
176
     1
  1
strokes_ogs.tif
176
     1
290
     0
176
     1
 40
1.0
176
     1
 40
1.0
176
     1
1001
ACAD
1000
AcDbSavedByObjectVersion
1070
     0
  0
VISUALSTYLE
  5
3F
102
{ACAD_REACTORS
330
29
102
}
330
29
100
AcDbVisualStyle
  2

 70
    20
177
     3
291
     1
 70
    58
 90
        2
176
     0
 90
        2
176
     0
 90
        0
176
     0
 90
        0
176
     0
 40
0.6
176
     0
 40
30.0
176
     0
 62
     7
420
 16777215
176
     0
 90
        1
176
     0
 90
        4
176
     0
 62
     7
176
     0
 62
   257
176
     0
 90
        1
176
     0
 90
        1
176
     0
 40
1.0
176
     0
 90
       10
176
     2
 62
     7
176
     0
 40
1.0
176
     0
 90
        1
176
     0
 90
        6
176
     0
 90
        2
176
     0
 62
     7
176
     0
 90
        5
176
     0
 90
        0
176
     0
 90
        0
176
     0
290
     0
176
     0
 90
        1
176
     0
 40
0.0
176
     0
 90
        0
176
     0
290
     0
176
     0
290
     1
176
     0
290
     1
176
     0
290
     0
176
     0
290
     0
176
     0
290
     0
176
     0
290
     0
176
     0
290
     0
176
     0
290
     0
176
     0
 90
       50
176
     0
 40
0.0
176
     0
 40
1.0
176
     0
 90
        0
176
     0
 62
    18
420
        0
176
     0
 90
       50
176
     0
 90
        3
176
     0
 62
     5
420
      255
176
     0
290
     0
176
     0
 90
       50
176
     0
 90
       50
176
     0
 90
       50
176
     0
290
     0
176
     0
 90
       50
176
     0
 62
   256
176
     0
 40
1.0
176
     0
 90
        2
176
     0
  1
strokes_ogs.tif
176
     0
290
     0
176
     0
 40
1.0
176
     0
 40
1.0
176
     0
1001
ACAD
1000
AcDbSavedByObjectVersion
1070
     0
  0
VISUALSTYLE
  5
37
102
{ACAD_REACTORS
330
29
102
}
330
29
100
AcDbVisualStyle
  2

 70
    14
177
     3
291
     1
 70
    58
 90
        2
176
     1
 90
        2
176
     1
 90
        0
176
     1
 90
        0
176
     1
 40
0.6
176
     1
 40
30.0
176
     1
 62
     7
420
 16777215
176
     1
 90
        1
176
     1
 90
        4
176
     1
 62
     7
176
     1
 62
   257
176
     1
 90
        7
176
     1
 90
        7
176
     1
 40
1.0
176
     1
 90
        8
176
     1
 62
     7
176
     1
 40
1.0
176
     1
 90
        1
176
     1
 90
        6
176
     1
 90
        2
176
     1
 62
     7
176
     1
 90
        5
176
     1
 90
        0
176
     1
 90
        0
176
     1
290
     0
176
     1
 90
        1
176
     1
 40
0.0
176
     1
 90
        0
176
     1
290
     0
176
     1
290
     1
176
     1
290
     1
176
     1
290
     0
176
     1
290
     0
176
     1
290
     0
176
     1
290
     0
176
     1
290
     0
176
     1
290
     0
176
     1
 90
       50
176
     1
 40
0.0
176
     1
 40
1.0
176
     1
 90
        0
176
     1
 62
    18
420
        0
176
     1
 90
       50
176
     1
 90
        3
176
     1
 62
     5
420
      255
176
     1
290
     0
176
     1
 90
       50
176
     1
 90
       50
176
     1
 90
       50
176
     1
290
     0
176
     1
 90
       50
176
     1
 62
   256
176
     0
 40
1.0
176
     0
 90
        2
176
     1
  1
strokes_ogs.tif
176
     1
290
     0
176
     1
 40
1.0
176
     1
 40
1.0
176
     1
1001
ACAD
1000
AcDbSavedByObjectVersion
1070
     0
  0
VISUALSTYLE
  5
40
102
{ACAD_REACTORS
330
29
102
}
330
29
100
AcDbVisualStyle
  2

 70
    21
177
     3
291
     1
 70
    58
 90
        2
176
     0
 90
        2
176
     0
 90
        0
176
     0
 90
        0
176
     0
 40
0.6
176
     0
 40
30.0
176
     0
 62
     7
420
 16777215
176
     0
 90
        1
176
     0
 90
        4
176
     0
 62
     7
176
     0
 62
   257
176
     0
 90
        1
176
     0
 90
        1
176
     0
 40
1.0
176
     0
 90
        9
176
     2
 62
     7
176
     0
 40
1.0
176
     0
 90
        1
176
     0
 90
        6
176
     0
 90
        2
176
     0
 62
     7
176
     0
 90
        5
176
     0
 90
        0
176
     0
 90
        0
176
     0
290
     0
176
     0
 90
        1
176
     0
 40
0.0
176
     0
 90
        0
176
     0
290
     0
176
     0
290
     1
176
     0
290
     1
176
     0
290
     0
176
     0
290
     0
176
     0
290
     0
176
     0
290
     0
176
     0
290
     0
176
     0
290
     0
176
     0
 90
       50
176
     0
 40
0.0
176
     0
 40
1.0
176
     0
 90
        0
176
     0
 62
    18
420
        0
176
     0
 90
       50
176
     0
 90
        3
176
     0
 62
     5
420
      255
176
     0
290
     0
176
     0
 90
       50
176
     0
 90
       50
176
     0
 90
       50
176
     0
290
     0
176
     0
 90
       50
176
     0
 62
   256
176
     0
 40
1.0
176
     0
 90
        2
176
     0
  1
strokes_ogs.tif
176
     0
290
     0
176
     0
 40
1.0
176
     0
 40
1.0
176
     0
1001
ACAD
1000
AcDbSavedByObjectVersion
1070
     0
  0
VISUALSTYLE
  5
33
102
{ACAD_REACTORS
330
29
102
}
330
29
100
AcDbVisualStyle
  2

 70
     8
177
     3
291
     0
 70
    58
 90
        2
176
     1
 90
        3
176
     1
 90
        0
176
     1
 90
        2
176
     1
 40
0.6
176
     1
 40
30.0
176
     1
 62
     7
420
 16777215
176
     1
 90
        0
176
     1
 90
        0
176
     1
 62
     7
176
     1
 62
   257
176
     1
 90
        1
176
     1
 90
        1
176
     1
 40
1.0
176
     1
 90
        8
176
     1
 62
   257
176
     1
 40
1.0
176
     1
 90
        1
176
     1
 90
        6
176
     1
 90
        2
176
     1
 62
     7
176
     1
 90
        3
176
     1
 90
        0
176
     1
 90
        0
176
     1
290
     0
176
     1
 90
       13
176
     1
 40
0.0
176
     1
 90
        0
176
     1
290
     0
176
     1
290
     1
176
     1
290
     1
176
     1
290
     0
176
     1
290
     0
176
     1
290
     0
176
     1
290
     0
176
     1
290
     0
176
     1
290
     0
176
     1
 90
       50
176
     1
 40
0.0
176
     1
 40
1.0
176
     1
 90
        0
176
     1
 62
    18
420
        0
176
     1
 90
       50
176
     1
 90
        3
176
     1
 62
     5
420
      255
176
     1
290
     0
176
     1
 90
       50
176
     1
 90
       50
176
     1
 90
       50
176
     1
290
     0
176
     1
 90
       50
176
     1
 62
   256
176
     0
 40
1.0
176
     0
 90
        2
176
     1
  1
strokes_ogs.tif
176
     1
290
     0
176
     1
 40
1.0
176
     1
 40
1.0
176
     1
1001
ACAD
1000
AcDbSavedByObjectVersion
1070
     0
  0
VISUALSTYLE
  5
3E
102
{ACAD_REACTORS
330
29
102
}
330
29
100
AcDbVisualStyle
  2

 70
    27
177
     3
291
     0
 70
    58
 90
        2
176
     1
 90
        2
176
     1
 90
        1
176
     1
 90
        2
176
     1
 40
0.6
176
     1
 40
30.0
176
     1
 62
     7
420
 16777215
176
     1
 90
        0
176
     1
 90
        4
176
     1
 62
     7
176
     1
 62
   257
176
     1
 90
        1
176
     1
 90
        1
176
     1
 40
1.0
176
     1
 90
        8
176
     1
 62
   257
176
     1
 40
1.0
176
     1
 90
        1
176
     1
 90
        6
176
     1
 90
        2
176
     1
 62
     8
420
  7895160
176
     1
 90
        3
176
     1
 90
        0
176
     1
 90
        0
176
     1
290
     0
176
     1
 90
        5
176
     1
 40
0.0
176
     1
 90
        0
176
     1
290
     0
176
     1
290
     1
176
     1
290
     1
176
     1
290
     0
176
     1
290
     0
176
     1
290
     0
176
     1
290
     0
176
     1
290
     0
176
     1
290
     0
176
     1
 90
       50
176
     1
 40
0.0
176
     1
 40
1.0
176
     1
 90
        0
176
     1
 62
    18
420
        0
176
     1
 90
       50
176
     1
 90
        3
176
     1
 62
     5
420
      255
176
     1
290
     0
176
     1
 90
       50
176
     1
 90
       50
176
     1
 90
       50
176
     1
290
     0
176
     1
 90
       50
176
     1
 62
   256
176
     0
 40
1.0
176
     0
 90
        2
176
     1
  1
strokes_ogs.tif
176
     1
290
     0
176
     1
 40
1.0
176
     1
 40
1.0
176
     1
1001
ACAD
1000
AcDbSavedByObjectVersion
1070
     0
  0
VISUALSTYLE
  5
3D
102
{ACAD_REACTORS
330
29
102
}
330
29
100
AcDbVisualStyle
  2

 70
    26
177
     3
291
     0
 70
    58
 90
        2
176
     1
 90
        2
176
     1
 90
        1
176
     1
 90
        2
176
     1
 40
0.6
176
     1
 40
30.0
176
     1
 62
     7
420
 16777215
176
     1
 90
        1
176
     1
 90
        2
176
     1
 62
     7
176
     1
 62
   257
176
     1
 90
        2
176
     1
 90
        1
176
     1
 40
1.0
176
     1
 90
        8
176
     1
 62
   257
176
     1
 40
1.0
176
     1
 90
        1
176
     1
 90
        6
176
     1
 90
        2
176
     1
 62
     7
176
     1
 90
        3
176
     1
 90
        0
176
     1
 90
        0
176
     1
290
     0
176
     1
 90
        5
176
     1
 40
0.0
176
     1
 90
        0
176
     1
290
     0
176
     1
290
     1
176
     1
290
     1
176
     1
290
     0
176
     1
290
     0
176
     1
290
     0
176
     1
290
     0
176
     1
290
     0
176
     1
290
     0
176
     1
 90
       50
176
     1
 40
0.0
176
     1
 40
1.0
176
     1
 90
        0
176
     1
 62
    18
420
        0
176
     1
 90
       50
176
     1
 90
        3
176
     1
 62
     5
420
      255
176
     1
290
     0
176
     1
 90
       50
176
     1
 90
       50
176
     1
 90
       50
176
     1
290
     0
176
     1
 90
       50
176
     1
 62
   256
176
     0
 40
1.0
176
     0
 90
        2
176
     1
  1
strokes_ogs.tif
176
     1
290
     0
176
     1
 40
1.0
176
     1
 40
1.0
176
     1
1001
ACAD
1000
AcDbSavedByObjectVersion
1070
     0
  0
VISUALSTYLE
  5
3A
102
{ACAD_REACTORS
330
29
102
}
330
29
100
AcDbVisualStyle
  2

 70
    23
177
     3
291
     0
 70
    58
 90
        2
176
     1
 90
        2
176
     1
 90
        3
176
     1
 90
        0
176
     1
 40
0.6
176
     1
 40
30.0
176
     1
 62
     7
420
 16777215
176
     1
 90
        2
176
     1
 90
        2
176
     1
 62
     7
176
     1
 62
     7
176
     1
 90
        1
176
     1
 90
        1
176
     1
 40
40.0
176
     1
 90
        8
176
     1
 62
     7
176
     1
 40
1.0
176
     1
 90
        1
176
     1
 90
        6
176
     1
 90
        2
176
     1
 62
     7
176
     1
 90
        3
176
     1
 90
        0
176
     1
 90
        0
176
     1
290
     0
176
     1
 90
        1
176
     1
 40
0.0
176
     1
 90
        0
176
     1
290
     0
176
     1
290
     1
176
     1
290
     1
176
     1
290
     0
176
     1
290
     0
176
     1
290
     0
176
     1
290
     0
176
     1
290
     0
176
     1
290
     0
176
     1
 90
       50
176
     1
 40
0.0
176
     1
 40
1.0
176
     1
 90
        0
176
     1
 62
    18
420
        0
176
     1
 90
       50
176
     1
 90
        3
176
     1
 62
     5
420
      255
176
     1
290
     0
176
     1
 90
       50
176
     1
 90
       50
176
     1
 90
       50
176
     1
290
     0
176
     1
 90
       50
176
     1
 62
   256
176
     0
 40
1.0
176
     0
 90
        2
176
     1
  1
strokes_ogs.tif
176
     1
290
     0
176
     1
 40
1.0
176
     1
 40
1.0
176
     1
1001
ACAD
1000
AcDbSavedByObjectVersion
1070
     0
  0
VISUALSTYLE
  5
3B
102
{ACAD_REACTORS
330
29
102
}
330
29
100
AcDbVisualStyle
  2

 70
    24
177
     3
291
     0
 70
    58
 90
        1
176
     1
 90
        2
176
     1
 90
        2
176
     1
 90
        0
176
     1
 40
0.6
176
     1
 40
30.0
176
     1
 62
     7
420
 16777215
176
     1
 90
        2
176
     1
 90
        2
176
     1
 62
     7
176
     1
 62
     7
176
     1
 90
        1
176
     1
 90
        1
176
     1
 40
40.0
176
     1
 90
       11
176
     1
 62
     7
176
     1
 40
1.0
176
     1
 90
        1
176
     1
 90
        6
176
     1
 90
        2
176
     1
 62
     7
176
     1
 90
        6
176
     1
 90
        0
176
     1
 90
        0
176
     1
290
     0
176
     1
 90
        1
176
     1
 40
0.0
176
     1
 90
        0
176
     1
290
     0
176
     1
290
     1
176
     1
290
     1
176
     1
290
     0
176
     1
290
     0
176
     1
290
     0
176
     1
290
     0
176
     1
290
     0
176
     1
290
     0
176
     1
 90
       50
176
     1
 40
0.0
176
     1
 40
1.0
176
     1
 90
        0
176
     1
 62
    18
420
        0
176
     1
 90
       50
176
     1
 90
        3
176
     1
 62
     5
420
      255
176
     1
290
     0
176
     1
 90
       50
176
     1
 90
       50
176
     1
 90
       50
176
     1
290
     0
176
     1
 90
       50
176
     1
 62
   256
176
     0
 40
1.0
176
     0
 90
        2
176
     1
  1
strokes_ogs.tif
176
     1
290
     0
176
     1
 40
1.0
176
     1
 40
1.0
176
     1
1001
ACAD
1000
AcDbSavedByObjectVersion
1070
     0
  0
VISUALSTYLE
  5
36
102
{ACAD_REACTORS
330
29
102
}
330
29
100
AcDbVisualStyle
  2

 70
    13
177
     3
291
     1
 70
    58
 90
        2
176
     1
 90
        2
176
     1
 90
        0
176
     1
 90
        0
176
     1
 40
0.6
176
     1
 40
30.0
176
     1
 62
     7
420
 16777215
176
     1
 90
        1
176
     1
 90
        4
176
     1
 62
     7
176
     1
 62
   257
176
     1
 90
        1
176
     1
 90
        1
176
     1
 40
1.0
176
     1
 90
       12
176
     1
 62
     7
176
     1
 40
1.0
176
     1
 90
        1
176
     1
 90
        6
176
     1
 90
        2
176
     1
 62
     7
176
     1
 90
        5
176
     1
 90
        0
176
     1
 90
        0
176
     1
290
     0
176
     1
 90
        1
176
     1
 40
0.0
176
     1
 90
        0
176
     1
290
     0
176
     1
290
     1
176
     1
290
     1
176
     1
290
     0
176
     1
290
     0
176
     1
290
     0
176
     1
290
     0
176
     1
290
     0
176
     1
290
     0
176
     1
 90
       50
176
     1
 40
0.0
176
     1
 40
1.0
176
     1
 90
        0
176
     1
 62
    18
420
        0
176
     1
 90
       50
176
     1
 90
        3
176
     1
 62
     5
420
      255
176
     1
290
     0
176
     1
 90
       50
176
     1
 90
       50
176
     1
 90
       50
176
     1
290
     0
176
     1
 90
       50
176
     1
 62
   256
176
     0
 40
1.0
176
     0
 90
        2
176
     1
  1
strokes_ogs.tif
176
     1
290
     0
176
     1
 40
1.0
176
     1
 40
1.0
176
     1
1001
ACAD
1000
AcDbSavedByObjectVersion
1070
     0
  0
VISUALSTYLE
  5
30
102
{ACAD_REACTORS
330
29
102
}
330
29
100
AcDbVisualStyle
  2

 70
     5
177
     3
291
     0
 70
    58
 90
        0
176
     1
 90
        2
176
     1
 90
        0
176
     1
 90
        0
176
     1
 40
0.6
176
     1
 40
30.0
176
     1
 62
     7
420
 16777215
176
     1
 90
        1
176
     1
 90
        4
176
     1
 62
     7
176
     1
 62
   257
176
     1
 90
        1
176
     1
 90
        1
176
     1
 40
1.0
176
     1
 90
        0
176
     1
 62
   257
176
     1
 40
1.0
176
     1
 90
        1
176
     1
 90
        6
176
     1
 90
        2
176
     1
 62
     7
176
     1
 90
        3
176
     1
 90
        0
176
     1
 90
        0
176
     1
290
     0
176
     1
 90
        1
176
     1
 40
0.0
176
     1
 90
        0
176
     1
290
     0
176
     1
290
     1
176
     1
290
     1
176
     1
290
     0
176
     1
290
     0
176
     1
290
     0
176
     1
290
     0
176
     1
290
     0
176
     1
290
     0
176
     1
 90
       50
176
     1
 40
0.0
176
     1
 40
1.0
176
     1
 90
        0
176
     1
 62
    18
420
        0
176
     1
 90
       50
176
     1
 90
        3
176
     1
 62
     5
420
      255
176
     1
290
     0
176
     1
 90
       50
176
     1
 90
       50
176
     1
 90
       50
176
     1
290
     0
176
     1
 90
       50
176
     1
 62
   256
176
     0
 40
1.0
176
     0
 90
        2
176
     1
  1
strokes_ogs.tif
176
     1
290
     0
176
     1
 40
1.0
176
     1
 40
1.0
176
     1
1001
ACAD
1000
AcDbSavedByObjectVersion
1070
     0
  0
VISUALSTYLE
  5
3C
102
{ACAD_REACTORS
330
29
102
}
330
29
100
AcDbVisualStyle
  2

 70
    25
177
     3
291
     0
 70
    58
 90
        2
176
     1
 90
        2
176
     1
 90
        1
176
     1
 90
        1
176
     1
 40
0.5
176
     1
 40
30.0
176
     1
 62
     7
420
 16777215
176
     1
 90
        1
176
     1
 90
        0
176
     1
 62
     7
176
     1
 62
   257
176
     1
 90
        1
176
     1
 90
        1
176
     1
 40
1.0
176
     1
 90
        8
176
     1
 62
     7
176
     1
 40
1.0
176
     1
 90
        1
176
     1
 90
        6
176
     1
 90
        2
176
     1
 62
     7
176
     1
 90
        3
176
     1
 90
        0
176
     1
 90
        0
176
     1
290
     0
176
     1
 90
       13
176
     1
 40
0.0
176
     1
 90
        0
176
     1
290
     0
176
     1
290
     1
176
     1
290
     1
176
     1
290
     0
176
     1
290
     0
176
     1
290
     0
176
     1
290
     0
176
     1
290
     0
176
     1
290
     0
176
     1
 90
       50
176
     1
 40
0.0
176
     1
 40
1.0
176
     1
 90
        0
176
     1
 62
    18
420
        0
176
     1
 90
       50
176
     1
 90
        3
176
     1
 62
     5
420
      255
176
     1
290
     0
176
     1
 90
       50
176
     1
 90
       50
176
     1
 90
       50
176
     1
290
     0
176
     1
 90
       50
176
     1
 62
   256
176
     0
 40
1.0
176
     0
 90
        2
176
     1
  1
strokes_ogs.tif
176
     1
290
     0
176
     1
 40
1.0
176
     1
 40
1.0
176
     1
1001
ACAD
1000
AcDbSavedByObjectVersion
1070
     0
  0
DICTIONARYVAR
  5
137
102
{ACAD_REACTORS
330
78
102
}
330
78
100
DictionaryVariables
280
     0
  1
1:1
  0
DICTIONARYVAR
  5
79
102
{ACAD_REACTORS
330
78
102
}
330
78
100
DictionaryVariables
280
     0
  1
3.500000
  0
DICTIONARYVAR
  5
7A
102
{ACAD_REACTORS
330
78
102
}
330
78
100
DictionaryVariables
280
     0
  1
acadiso.lin
  0
DICTIONARYVAR
  5
134
102
{ACAD_REACTORS
330
78
102
}
330
78
100
DictionaryVariables
280
     0
  1
STANDARD
  0
DICTIONARYVAR
  5
133
102
{ACAD_REACTORS
330
78
102
}
330
78
100
DictionaryVariables
280
     0
  1
STANDARD
  0
DICTIONARYVAR
  5
135
102
{ACAD_REACTORS
330
78
102
}
330
78
100
DictionaryVariables
280
     0
  1
Metric50
  0
DICTIONARYVAR
  5
136
102
{ACAD_REACTORS
330
78
102
}
330
78
100
DictionaryVariables
280
     0
  1
Metric50
  0
DICTIONARY
  5
286C
330
79D
100
AcDbDictionary
280
     1
281
     1
  3
ACAD_XREC_ROUNDTRIP
360
286D
  0
DICTIONARY
  5
2868
330
6B
100
AcDbDictionary
280
     1
281
     1
  3
ACAD_XREC_ROUNDTRIP
360
2869
  0
DICTIONARY
  5
1A
330
19
100
AcDbDictionary
280
     1
281
     1
  3
BUMPTILE
360
1C
  3
DIFFUSETILE
360
1B
  3
OPACITYTILE
360
1F
  3
REFLECTIONTILE
360
1E
  3
REFRACTIONTILE
360
20
  3
SPECULARTILE
360
1D
  0
DICTIONARY
  5
12
330
11
100
AcDbDictionary
280
     1
281
     1
  3
BUMPTILE
360
14
  3
DIFFUSETILE
360
13
  3
OPACITYTILE
360
17
  3
REFLECTIONTILE
360
16
  3
REFRACTIONTILE
360
18
  3
SPECULARTILE
360
15
  0
DICTIONARY
  5
22
330
21
100
AcDbDictionary
280
     1
281
     1
  3
BUMPTILE
360
24
  3
DIFFUSETILE
360
23
  3
OPACITYTILE
360
27
  3
REFLECTIONTILE
360
26
  3
REFRACTIONTILE
360
28
  3
SPECULARTILE
360
25
  0
DICTIONARY
  5
286A
330
79C
100
AcDbDictionary
280
     1
281
     1
  3
ACAD_XREC_ROUNDTRIP
360
286B
  0
DICTIONARY
  5
2866
330
69
100
AcDbDictionary
280
     1
281
     1
  3
ACAD_XREC_ROUNDTRIP
360
2867
  0
DICTIONARY
  5
674
330
65
100
AcDbDictionary
280
     1
281
     1
  3
ACAD_ROUNDTRIP_2008_TABLESTYLE_CELLSTYLEMAP
360
2864
  0
XRECORD
  5
286D
102
{ACAD_REACTORS
330
286C
102
}
330
286C
100
AcDbXrecord
280
     1
102
DISPLAYNAME
  1
Imperial24
102
FLAGS
 90
        0
  0
XRECORD
  5
2869
102
{ACAD_REACTORS
330
2868
102
}
330
2868
100
AcDbXrecord
280
     1
102
DISPLAYNAME
  1
Metric50
102
FLAGS
 90
        0
  0
XRECORD
  5
1C
102
{ACAD_REACTORS
330
1A
102
}
330
1A
100
AcDbXrecord
280
     1
270
     1
271
     1
  0
XRECORD
  5
1B
102
{ACAD_REACTORS
330
1A
102
}
330
1A
100
AcDbXrecord
280
     1
270
     1
271
     1
  0
XRECORD
  5
1F
102
{ACAD_REACTORS
330
1A
102
}
330
1A
100
AcDbXrecord
280
     1
270
     1
271
     1
  0
XRECORD
  5
1E
102
{ACAD_REACTORS
330
1A
102
}
330
1A
100
AcDbXrecord
280
     1
270
     1
271
     1
  0
XRECORD
  5
20
102
{ACAD_REACTORS
330
1A
102
}
330
1A
100
AcDbXrecord
280
     1
270
     1
271
     1
  0
XRECORD
  5
1D
102
{ACAD_REACTORS
330
1A
102
}
330
1A
100
AcDbXrecord
280
     1
270
     1
271
     1
  0
XRECORD
  5
14
102
{ACAD_REACTORS
330
12
102
}
330
12
100
AcDbXrecord
280
     1
270
     1
271
     1
  0
XRECORD
  5
13
102
{ACAD_REACTORS
330
12
102
}
330
12
100
AcDbXrecord
280
     1
270
     1
271
     1
  0
XRECORD
  5
17
102
{ACAD_REACTORS
330
12
102
}
330
12
100
AcDbXrecord
280
     1
270
     1
271
     1
  0
XRECORD
  5
16
102
{ACAD_REACTORS
330
12
102
}
330
12
100
AcDbXrecord
280
     1
270
     1
271
     1
  0
XRECORD
  5
18
102
{ACAD_REACTORS
330
12
102
}
330
12
100
AcDbXrecord
280
     1
270
     1
271
     1
  0
XRECORD
  5
15
102
{ACAD_REACTORS
330
12
102
}
330
12
100
AcDbXrecord
280
     1
270
     1
271
     1
  0
XRECORD
  5
24
102
{ACAD_REACTORS
330
22
102
}
330
22
100
AcDbXrecord
280
     1
270
     1
271
     1
  0
XRECORD
  5
23
102
{ACAD_REACTORS
330
22
102
}
330
22
100
AcDbXrecord
280
     1
270
     1
271
     1
  0
XRECORD
  5
27
102
{ACAD_REACTORS
330
22
102
}
330
22
100
AcDbXrecord
280
     1
270
     1
271
     1
  0
XRECORD
  5
26
102
{ACAD_REACTORS
330
22
102
}
330
22
100
AcDbXrecord
280
     1
270
     1
271
     1
  0
XRECORD
  5
28
102
{ACAD_REACTORS
330
22
102
}
330
22
100
AcDbXrecord
280
     1
270
     1
271
     1
  0
XRECORD
  5
25
102
{ACAD_REACTORS
330
22
102
}
330
22
100
AcDbXrecord
280
     1
270
     1
271
     1
  0
XRECORD
  5
286B
102
{ACAD_REACTORS
330
286A
102
}
330
286A
100
AcDbXrecord
280
     1
102
DISPLAYNAME
  1
Imperial24
102
FLAGS
 90
        0
  0
XRECORD
  5
2867
102
{ACAD_REACTORS
330
2866
102
}
330
2866
100
AcDbXrecord
280
     1
102
DISPLAYNAME
  1
Metric50
102
FLAGS
 90
        0
  0
CELLSTYLEMAP
  5
2864
102
{ACAD_REACTORS
330
674
102
}
330
674
100
AcDbCellStyleMap
 90
        3
300
CELLSTYLE
  1
TABLEFORMAT_BEGIN
 90
        5
170
     1
 91
        0
 92
    32768
 62
   257
 93
        1
300
CONTENTFORMAT
  1
CONTENTFORMAT_BEGIN
 90
        0
 91
        0
 92
      512
 93
        0
300

 40
0.0
140
1.0
 94
        5
 62
     0
340
55
144
6.0
309
CONTENTFORMAT_END
171
     1
301
MARGIN
  1
CELLMARGIN_BEGIN
 40
1.5
 40
1.5
 40
1.5
 40
1.5
 40
0.18
 40
0.18
309
CELLMARGIN_END
 94
        6
 95
        1
302
GRIDFORMAT
  1
GRIDFORMAT_BEGIN
 90
        0
 91
        1
 62
     0
 92
       -2
340
0
 93
        0
 40
1.125
309
GRIDFORMAT_END
 95
        2
302
GRIDFORMAT
  1
GRIDFORMAT_BEGIN
 90
        0
 91
        1
 62
     0
 92
       -2
340
0
 93
        0
 40
1.125
309
GRIDFORMAT_END
 95
        4
302
GRIDFORMAT
  1
GRIDFORMAT_BEGIN
 90
        0
 91
        1
 62
     0
 92
       -2
340
0
 93
        0
 40
1.125
309
GRIDFORMAT_END
 95
        8
302
GRIDFORMAT
  1
GRIDFORMAT_BEGIN
 90
        0
 91
        1
 62
     0
 92
       -2
340
0
 93
        0
 40
1.125
309
GRIDFORMAT_END
 95
       16
302
GRIDFORMAT
  1
GRIDFORMAT_BEGIN
 90
        0
 91
        1
 62
     0
 92
       -2
340
0
 93
        0
 40
1.125
309
GRIDFORMAT_END
 95
       32
302
GRIDFORMAT
  1
GRIDFORMAT_BEGIN
 90
        0
 91
        1
 62
     0
 92
       -2
340
0
 93
        0
 40
1.125
309
GRIDFORMAT_END
309
TABLEFORMAT_END
  1
CELLSTYLE_BEGIN
 90
        1
 91
        1
300
_TITLE
309
CELLSTYLE_END
300
CELLSTYLE
  1
TABLEFORMAT_BEGIN
 90
        5
170
     1
 91
        0
 92
        0
 62
   257
 93
        1
300
CONTENTFORMAT
  1
CONTENTFORMAT_BEGIN
 90
        0
 91
        0
 92
      512
 93
        0
300

 40
0.0
140
1.0
 94
        5
 62
     0
340
55
144
4.5
309
CONTENTFORMAT_END
171
     1
301
MARGIN
  1
CELLMARGIN_BEGIN
 40
1.5
 40
1.5
 40
1.5
 40
1.5
 40
0.18
 40
0.18
309
CELLMARGIN_END
 94
        6
 95
        1
302
GRIDFORMAT
  1
GRIDFORMAT_BEGIN
 90
        0
 91
        1
 62
     0
 92
       -2
340
0
 93
        0
 40
1.125
309
GRIDFORMAT_END
 95
        2
302
GRIDFORMAT
  1
GRIDFORMAT_BEGIN
 90
        0
 91
        1
 62
     0
 92
       -2
340
0
 93
        0
 40
1.125
309
GRIDFORMAT_END
 95
        4
302
GRIDFORMAT
  1
GRIDFORMAT_BEGIN
 90
        0
 91
        1
 62
     0
 92
       -2
340
0
 93
        0
 40
1.125
309
GRIDFORMAT_END
 95
        8
302
GRIDFORMAT
  1
GRIDFORMAT_BEGIN
 90
        0
 91
        1
 62
     0
 92
       -2
340
0
 93
        0
 40
1.125
309
GRIDFORMAT_END
 95
       16
302
GRIDFORMAT
  1
GRIDFORMAT_BEGIN
 90
        0
 91
        1
 62
     0
 92
       -2
340
0
 93
        0
 40
1.125
309
GRIDFORMAT_END
 95
       32
302
GRIDFORMAT
  1
GRIDFORMAT_BEGIN
 90
        0
 91
        1
 62
     0
 92
       -2
340
0
 93
        0
 40
1.125
309
GRIDFORMAT_END
309
TABLEFORMAT_END
  1
CELLSTYLE_BEGIN
 90
        2
 91
        1
300
_HEADER
309
CELLSTYLE_END
300
CELLSTYLE
  1
TABLEFORMAT_BEGIN
 90
        5
170
     1
 91
        0
 92
        0
 62
   257
 93
        1
300
CONTENTFORMAT
  1
CONTENTFORMAT_BEGIN
 90
        0
 91
        0
 92
      512
 93
        0
300

 40
0.0
140
1.0
 94
        2
 62
     0
340
55
144
4.5
309
CONTENTFORMAT_END
171
     1
301
MARGIN
  1
CELLMARGIN_BEGIN
 40
1.5
 40
1.5
 40
1.5
 40
1.5
 40
0.18
 40
0.18
309
CELLMARGIN_END
 94
        6
 95
        1
302
GRIDFORMAT
  1
GRIDFORMAT_BEGIN
 90
        0
 91
        1
 62
     0
 92
       -2
340
0
 93
        0
 40
1.125
309
GRIDFORMAT_END
 95
        2
302
GRIDFORMAT
  1
GRIDFORMAT_BEGIN
 90
        0
 91
        1
 62
     0
 92
       -2
340
0
 93
        0
 40
1.125
309
GRIDFORMAT_END
 95
        4
302
GRIDFORMAT
  1
GRIDFORMAT_BEGIN
 90
        0
 91
        1
 62
     0
 92
       -2
340
0
 93
        0
 40
1.125
309
GRIDFORMAT_END
 95
        8
302
GRIDFORMAT
  1
GRIDFORMAT_BEGIN
 90
        0
 91
        1
 62
     0
 92
       -2
340
0
 93
        0
 40
1.125
309
GRIDFORMAT_END
 95
       16
302
GRIDFORMAT
  1
GRIDFORMAT_BEGIN
 90
        0
 91
        1
 62
     0
 92
       -2
340
0
 93
        0
 40
1.125
309
GRIDFORMAT_END
 95
       32
302
GRIDFORMAT
  1
GRIDFORMAT_BEGIN
 90
        0
 91
        1
 62
     0
 92
       -2
340
0
 93
        0
 40
1.125
309
GRIDFORMAT_END
309
TABLEFORMAT_END
  1
CELLSTYLE_BEGIN
 90
        3
 91
        2
300
_DATA
309
CELLSTYLE_END
  0
ENDSEC
  0
EOF
