  0
SECTION
  2
HEADER
  9
$ACADVER
  1
AC1024
  9
$ACADMAINTVER
 70
   226
  9
$DWGCODEPAGE
  3
ANSI_1252
  9
$LASTSAVEDBY
  1
Admin
  9
$INSBASE
 10
0.0
 20
0.0
 30
0.0
  9
$EXTMIN
 10
317.206795927452
 20
129.0789279999983
 30
-0.000000000003743
  9
$EXTMAX
 10
843.2868094523973
 20
577.6858963827106
 30
0.0000000000000995
  9
$LIMMIN
 10
0.0
 20
0.0
  9
$LIMMAX
 10
420.0
 20
297.0
  9
$ORTHOMODE
 70
     0
  9
$REGENMODE
 70
     1
  9
$FILLMODE
 70
     1
  9
$QTEXTMODE
 70
     0
  9
$MIRRTEXT
 70
     0
  9
$LTSCALE
 40
0.75
  9
$ATTMODE
 70
     1
  9
$TEXTSIZE
 40
3.5
  9
$TRACEWID
 40
1.0
  9
$TEXTSTYLE
  7
Standard
  9
$CLAYER
  8
0
  9
$CELTYPE
  6
ByLayer
  9
$CECOLOR
 62
   256
  9
$CELTSCALE
 40
1.0
  9
$DISPSILH
 70
     0
  9
$DIMSCALE
 40
1.0
  9
$DIMASZ
 40
3.5
  9
$DIMEXO
 40
2.1
  9
$DIMDLI
 40
10.5
  9
$DIMRND
 40
0.0
  9
$DIMDLE
 40
0.0
  9
$DIMEXE
 40
2.1
  9
$DIMTP
 40
0.1
  9
$DIMTM
 40
0.1
  9
$DIMTXT
 40
3.5
  9
$DIMCEN
 40
0.0
  9
$DIMTSZ
 40
0.0
  9
$DIMTOL
 70
     0
  9
$DIMLIM
 70
     0
  9
$DIMTIH
 70
     0
  9
$DIMTOH
 70
     0
  9
$DIMSE1
 70
     0
  9
$DIMSE2
 70
     0
  9
$DIMTAD
 70
     1
  9
$DIMZIN
 70
    12
  9
$DIMBLK
  1

  9
$DIMASO
 70
     1
  9
$DIMSHO
 70
     1
  9
$DIMPOST
  1

  9
$DIMAPOST
  1

  9
$DIMALT
 70
     0
  9
$DIMALTD
 70
     2
  9
$DIMALTF
 40
0.03937
  9
$DIMLFAC
 40
1.0
  9
$DIMTOFL
 70
     1
  9
$DIMTVP
 40
0.0
  9
$DIMTIX
 70
     0
  9
$DIMSOXD
 70
     0
  9
$DIMSAH
 70
     0
  9
$DIMBLK1
  1

  9
$DIMBLK2
  1

  9
$DIMSTYLE
  2
Dim-ISO-25
  9
$DIMCLRD
 70
     0
  9
$DIMCLRE
 70
     0
  9
$DIMCLRT
 70
     0
  9
$DIMTFAC
 40
0.714286
  9
$DIMGAP
 40
1.399999999999999
  9
$DIMJUST
 70
     0
  9
$DIMSD1
 70
     0
  9
$DIMSD2
 70
     0
  9
$DIMTOLJ
 70
     0
  9
$DIMTZIN
 70
    12
  9
$DIMALTZ
 70
    12
  9
$DIMALTTZ
 70
    12
  9
$DIMUPT
 70
     0
  9
$DIMDEC
 70
     2
  9
$DIMTDEC
 70
     2
  9
$DIMALTU
 70
     2
  9
$DIMALTTD
 70
     4
  9
$DIMTXSTY
  7
Standard
  9
$DIMAUNIT
 70
     0
  9
$DIMADEC
 70
     2
  9
$DIMALTRND
 40
0.0
  9
$DIMAZIN
 70
     3
  9
$DIMDSEP
 70
    46
  9
$DIMATFIT
 70
     3
  9
$DIMFRAC
 70
     0
  9
$DIMLDRBLK
  1

  9
$DIMLUNIT
 70
     2
  9
$DIMLWD
 70
    -2
  9
$DIMLWE
 70
    -2
  9
$DIMTMOVE
 70
     0
  9
$DIMFXL
 40
1.0
  9
$DIMFXLON
 70
     0
  9
$DIMJOGANG
 40
0.7853979999999999
  9
$DIMTFILL
 70
     0
  9
$DIMTFILLCLR
 70
     0
  9
$DIMARCSYM
 70
     0
  9
$DIMLTYPE
  6

  9
$DIMLTEX1
  6

  9
$DIMLTEX2
  6

  9
$DIMTXTDIRECTION
 70
     0
  9
$LUNITS
 70
     2
  9
$LUPREC
 70
     4
  9
$SKETCHINC
 40
1.0
  9
$FILLETRAD
 40
3.0
  9
$AUNITS
 70
     0
  9
$AUPREC
 70
     0
  9
$MENU
  1
.
  9
$ELEVATION
 40
0.0
  9
$PELEVATION
 40
0.0
  9
$THICKNESS
 40
0.0
  9
$LIMCHECK
 70
     0
  9
$CHAMFERA
 40
0.0
  9
$CHAMFERB
 40
0.0
  9
$CHAMFERC
 40
0.0
  9
$CHAMFERD
 40
0.0
  9
$SKPOLY
 70
     0
  9
$TDCREATE
 40
2460483.017523148
  9
$TDUCREATE
 40
2460482.725856482
  9
$TDUPDATE
 40
2460855.613923611
  9
$TDUUPDATE
 40
2460855.322256945
  9
$TDINDWG
 40
0.6176620370
  9
$TDUSRTIMER
 40
0.6176620370
  9
$USRTIMER
 70
     1
  9
$ANGBASE
 50
0.0
  9
$ANGDIR
 70
     0
  9
$PDMODE
 70
     0
  9
$PDSIZE
 40
0.0
  9
$PLINEWID
 40
0.0
  9
$SPLFRAME
 70
     0
  9
$SPLINETYPE
 70
     6
  9
$SPLINESEGS
 70
     8
  9
$HANDSEED
  5
1301
  9
$SURFTAB1
 70
     6
  9
$SURFTAB2
 70
     6
  9
$SURFTYPE
 70
     6
  9
$SURFU
 70
     6
  9
$SURFV
 70
     6
  9
$UCSBASE
  2

  9
$UCSNAME
  2

  9
$UCSORG
 10
0.0
 20
0.0
 30
0.0
  9
$UCSXDIR
 10
1.0
 20
0.0
 30
0.0
  9
$UCSYDIR
 10
0.0
 20
1.0
 30
0.0
  9
$UCSORTHOREF
  2

  9
$UCSORTHOVIEW
 70
     0
  9
$UCSORGTOP
 10
0.0
 20
0.0
 30
0.0
  9
$UCSORGBOTTOM
 10
0.0
 20
0.0
 30
0.0
  9
$UCSORGLEFT
 10
0.0
 20
0.0
 30
0.0
  9
$UCSORGRIGHT
 10
0.0
 20
0.0
 30
0.0
  9
$UCSORGFRONT
 10
0.0
 20
0.0
 30
0.0
  9
$UCSORGBACK
 10
0.0
 20
0.0
 30
0.0
  9
$PUCSBASE
  2

  9
$PUCSNAME
  2

  9
$PUCSORG
 10
0.0
 20
0.0
 30
0.0
  9
$PUCSXDIR
 10
1.0
 20
0.0
 30
0.0
  9
$PUCSYDIR
 10
0.0
 20
1.0
 30
0.0
  9
$PUCSORTHOREF
  2

  9
$PUCSORTHOVIEW
 70
     0
  9
$PUCSORGTOP
 10
0.0
 20
0.0
 30
0.0
  9
$PUCSORGBOTTOM
 10
0.0
 20
0.0
 30
0.0
  9
$PUCSORGLEFT
 10
0.0
 20
0.0
 30
0.0
  9
$PUCSORGRIGHT
 10
0.0
 20
0.0
 30
0.0
  9
$PUCSORGFRONT
 10
0.0
 20
0.0
 30
0.0
  9
$PUCSORGBACK
 10
0.0
 20
0.0
 30
0.0
  9
$USERI1
 70
     0
  9
$USERI2
 70
     0
  9
$USERI3
 70
     0
  9
$USERI4
 70
     0
  9
$USERI5
 70
     0
  9
$USERR1
 40
0.0
  9
$USERR2
 40
0.0
  9
$USERR3
 40
0.0
  9
$USERR4
 40
0.0
  9
$USERR5
 40
0.0
  9
$WORLDVIEW
 70
     1
  9
$SHADEDGE
 70
     3
  9
$SHADEDIF
 70
    70
  9
$TILEMODE
 70
     1
  9
$MAXACTVP
 70
    64
  9
$PINSBASE
 10
0.0
 20
0.0
 30
0.0
  9
$PLIMCHECK
 70
     0
  9
$PEXTMIN
 10
1.000000000000000E+20
 20
1.000000000000000E+20
 30
1.000000000000000E+20
  9
$PEXTMAX
 10
-1.000000000000000E+20
 20
-1.000000000000000E+20
 30
-1.000000000000000E+20
  9
$PLIMMIN
 10
0.0
 20
0.0
  9
$PLIMMAX
 10
12.0
 20
9.0
  9
$UNITMODE
 70
     0
  9
$VISRETAIN
 70
     1
  9
$PLINEGEN
 70
     0
  9
$PSLTSCALE
 70
     1
  9
$TREEDEPTH
 70
  3020
  9
$CMLSTYLE
  2
Standard
  9
$CMLJUST
 70
     0
  9
$CMLSCALE
 40
20.0
  9
$PROXYGRAPHICS
 70
     1
  9
$MEASUREMENT
 70
     1
  9
$CELWEIGHT
370
    -1
  9
$ENDCAPS
280
     0
  9
$JOINSTYLE
280
     0
  9
$LWDISPLAY
290
     0
  9
$INSUNITS
 70
     4
  9
$HYPERLINKBASE
  1

  9
$STYLESHEET
  1

  9
$XEDIT
290
     1
  9
$CEPSNTYPE
380
     0
  9
$PSTYLEMODE
290
     1
  9
$FINGERPRINTGUID
  2
{42F3D6BB-27EE-1A46-A23E-21C91A1DCD90}
  9
$VERSIONGUID
  2
{A25949BE-1C63-2648-957F-FA88FA987905}
  9
$EXTNAMES
290
     1
  9
$PSVPSCALE
 40
0.0
  9
$OLESTARTUP
290
     0
  9
$SORTENTS
280
   127
  9
$INDEXCTL
280
     0
  9
$HIDETEXT
280
     1
  9
$XCLIPFRAME
280
     0
  9
$HALOGAP
280
     0
  9
$OBSCOLOR
 70
   257
  9
$OBSLTYPE
280
     0
  9
$INTERSECTIONDISPLAY
280
     0
  9
$INTERSECTIONCOLOR
 70
   257
  9
$DIMASSOC
280
     2
  9
$PROJECTNAME
  1

  9
$CAMERADISPLAY
290
     0
  9
$LENSLENGTH
 40
50.0
  9
$CAMERAHEIGHT
 40
0.0
  9
$STEPSPERSEC
 40
2.0
  9
$STEPSIZE
 40
6.0
  9
$3DDWFPREC
 40
2.0
  9
$PSOLWIDTH
 40
5.0
  9
$PSOLHEIGHT
 40
80.0
  9
$LOFTANG1
 40
1.570795999999999
  9
$LOFTANG2
 40
1.570795999999999
  9
$LOFTMAG1
 40
0.0
  9
$LOFTMAG2
 40
0.0
  9
$LOFTPARAM
 70
     7
  9
$LOFTNORMALS
280
     1
  9
$LATITUDE
 40
37.795
  9
$LONGITUDE
 40
-122.394
  9
$NORTHDIRECTION
 40
0.0
  9
$TIMEZONE
 70
 -8000
  9
$LIGHTGLYPHDISPLAY
280
     1
  9
$TILEMODELIGHTSYNCH
280
     1
  9
$CMATERIAL
347
11
  9
$SOLIDHIST
280
     0
  9
$SHOWHIST
280
     1
  9
$DWFFRAME
280
     2
  9
$DGNFRAME
280
     0
  9
$REALWORLDSCALE
290
     1
  9
$INTERFERECOLOR
 62
     1
  9
$INTERFEREOBJVS
345
33
  9
$INTERFEREVPVS
346
30
  9
$CSHADOW
280
     0
  9
$SHADOWPLANELOCATION
 40
0.0
  0
ENDSEC
  0
SECTION
  2
CLASSES
  0
CLASS
  1
ACDBDICTIONARYWDFLT
  2
AcDbDictionaryWithDefault
  3
ObjectDBX Classes
 90
        0
 91
        1
280
     0
281
     0
  0
CLASS
  1
MATERIAL
  2
AcDbMaterial
  3
ObjectDBX Classes
 90
     1153
 91
        3
280
     0
281
     0
  0
CLASS
  1
VISUALSTYLE
  2
AcDbVisualStyle
  3
ObjectDBX Classes
 90
     4095
 91
       24
280
     0
281
     0
  0
CLASS
  1
SCALE
  2
AcDbScale
  3
ObjectDBX Classes
 90
     1153
 91
       33
280
     0
281
     0
  0
CLASS
  1
TABLESTYLE
  2
AcDbTableStyle
  3
ObjectDBX Classes
 90
     4095
 91
        1
280
     0
281
     0
  0
CLASS
  1
MLEADERSTYLE
  2
AcDbMLeaderStyle
  3
ACDB_MLEADERSTYLE_CLASS
 90
     4095
 91
        1
280
     0
281
     0
  0
CLASS
  1
ACDBSECTIONVIEWSTYLE
  2
AcDbSectionViewStyle
  3
ObjectDBX Classes
 90
     1025
 91
        2
280
     0
281
     0
  0
CLASS
  1
ACDBDETAILVIEWSTYLE
  2
AcDbDetailViewStyle
  3
ObjectDBX Classes
 90
     1025
 91
        2
280
     0
281
     0
  0
CLASS
  1
ACMESCOPE
  2
AcMeScope
  3
AcMeServices
 90
     1024
 91
        0
280
     0
281
     0
  0
CLASS
  1
ACMECOMMANDHISTORY
  2
AcMeCommandHistory
  3
AcMeServices
 90
     1024
 91
        0
280
     0
281
     0
  0
CLASS
  1
ACIMSYSVARMAN
  2
AcImSysVarManager
  3
AcMeServices
 90
     1024
 91
        0
280
     0
281
     0
  0
CLASS
  1
ACIMINTSYSVAR
  2
AcImIntSysVar
  3
AcMeServices
 90
     1024
 91
        0
280
     0
281
     0
  0
CLASS
  1
ACMESTATEMGR
  2
AcMeStateMgr
  3
AcMeServices
 90
     1024
 91
        0
280
     0
281
     0
  0
CLASS
  1
ACGREFMASTER
  2
AcGrefMaster
  3
AcAttribServices
 90
     1024
 91
        0
280
     0
281
     0
  0
CLASS
  1
SORTENTSTABLE
  2
AcDbSortentsTable
  3
ObjectDBX Classes
 90
        0
 91
        8
280
     0
281
     0
  0
CLASS
  1
DICTIONARYVAR
  2
AcDbDictionaryVar
  3
ObjectDBX Classes
 90
        0
 91
        6
280
     0
281
     0
  0
CLASS
  1
CELLSTYLEMAP
  2
AcDbCellStyleMap
  3
ObjectDBX Classes
 90
     1152
 91
        5
280
     0
281
     0
  0
ENDSEC
  0
SECTION
  2
TABLES
  0
TABLE
  2
VPORT
  5
8
330
0
100
AcDbSymbolTable
 70
     1
1001
ACAD
1000
DbSaveVer
1071
      247
  0
VPORT
  5
57
330
8
100
AcDbSymbolTableRecord
100
AcDbViewportTableRecord
  2
*Active
 70
     0
 10
0.0
 20
0.0
 11
1.0
 21
1.0
 12
648.5517867311807
 22
293.3532459555445
 13
0.0
 23
0.0
 14
0.5
 24
0.5
 15
0.0
 25
0.0
 16
0.0
 26
0.0
 36
1.0
 17
0.0
 27
0.0
 37
0.0
 40
920.436067589504
 41
1.996363636363636
 42
50.0
 43
0.0
 44
0.0
 50
0.0
 51
0.0
 71
     0
 72
 20000
 73
     1
 74
     0
 75
     0
 76
     0
 77
     0
 78
     0
281
     0
 65
     1
110
0.0
120
0.0
130
0.0
111
1.0
121
0.0
131
0.0
112
0.0
122
1.0
132
0.0
 79
     0
146
0.0
348
2F
 60
     3
 61
     5
292
     1
282
     1
141
0.0
142
0.0
 63
   250
421
  3355443
1001
ACAD_NAV_VCDISPLAY
1070
     3
  0
ENDTAB
  0
TABLE
  2
LTYPE
  5
5
330
0
100
AcDbSymbolTable
 70
    15
  0
LTYPE
  5
5B
330
5
100
AcDbSymbolTableRecord
100
AcDbLinetypeTableRecord
  2
ByBlock
 70
     0
  3

 72
    65
 73
     0
 40
0.0
  0
LTYPE
  5
5C
330
5
100
AcDbSymbolTableRecord
100
AcDbLinetypeTableRecord
  2
ByLayer
 70
     0
  3

 72
    65
 73
     0
 40
0.0
  0
LTYPE
  5
5D
330
5
100
AcDbSymbolTableRecord
100
AcDbLinetypeTableRecord
  2
Continuous
 70
     0
  3
Solid line
 72
    65
 73
     0
 40
0.0
  0
LTYPE
  5
80
330
5
100
AcDbSymbolTableRecord
100
AcDbLinetypeTableRecord
  2
HIDDEN
 70
     0
  3
Hidden __ __ __ __ __ __ __ __ __ __ __ __ __ _
 72
    65
 73
     2
 40
9.525
 49
6.349999999999999
 74
     0
 49
-3.174999999999999
 74
     0
  0
LTYPE
  5
81
330
5
100
AcDbSymbolTableRecord
100
AcDbLinetypeTableRecord
  2
PHANTOM2
 70
     0
  3
Phantom (.5x) ___ _ _ ___ _ _ ___ _ _ ___ _ _
 72
    65
 73
     6
 40
31.75
 49
15.875
 74
     0
 49
-3.174999999999999
 74
     0
 49
3.174999999999999
 74
     0
 49
-3.174999999999999
 74
     0
 49
3.174999999999999
 74
     0
 49
-3.174999999999999
 74
     0
  0
LTYPE
  5
82
330
5
100
AcDbSymbolTableRecord
100
AcDbLinetypeTableRecord
  2
CENTER
 70
     0
  3
Center ____ _ ____ _ ____ _ ____ _ ____ _ ____
 72
    65
 73
     4
 40
50.8
 49
31.75
 74
     0
 49
-6.349999999999999
 74
     0
 49
6.349999999999999
 74
     0
 49
-6.349999999999999
 74
     0
  0
LTYPE
  5
90
330
5
100
AcDbSymbolTableRecord
100
AcDbLinetypeTableRecord
  2
AM_ISO02W050
 70
     0
  3
__ __ __ __ __ __ __ __ __ __ __ __ __ __ __
 72
    65
 73
     2
 40
7.5
 49
6.0
 74
     0
 49
-1.5
 74
     0
  0
LTYPE
  5
91
330
5
100
AcDbSymbolTableRecord
100
AcDbLinetypeTableRecord
  2
AM_ISO08W050
 70
     0
  3
____ . ____ . ____ . ____ . ____ . ____ . ____
 72
    65
 73
     4
 40
18.0
 49
12.0
 74
     0
 49
-1.5
 74
     0
 49
3.0
 74
     0
 49
-1.5
 74
     0
  0
LTYPE
  5
92
330
5
100
AcDbSymbolTableRecord
100
AcDbLinetypeTableRecord
  2
AM_ISO09W050
 70
     0
  3
_____ . . _____ . . _____ . . ____ .. ____
 72
    65
 73
     6
 40
22.5
 49
12.0
 74
     0
 49
-1.5
 74
     0
 49
3.0
 74
     0
 49
-1.5
 74
     0
 49
3.0
 74
     0
 49
-1.5
 74
     0
  0
LTYPE
  5
93
330
5
100
AcDbSymbolTableRecord
100
AcDbLinetypeTableRecord
  2
Amconstr
 70
     0
  3
_______________________
 72
    65
 73
     2
 40
9999.0
 49
9999.0
 74
     0
 49
0.0
 74
     0
  0
LTYPE
  5
94
330
5
100
AcDbSymbolTableRecord
100
AcDbLinetypeTableRecord
  2
AM_ISO08W050x2
 70
     0
  3
__ . __ . __ . __ . __ . __
 72
    65
 73
     4
 40
9.0
 49
6.0
 74
     0
 49
-0.75
 74
     0
 49
1.5
 74
     0
 49
-0.75
 74
     0
  0
LTYPE
  5
95
330
5
100
AcDbSymbolTableRecord
100
AcDbLinetypeTableRecord
  2
AM_ISO02W050x2
 70
     0
  3
 _ _ _ _ _ _ _ _ _ _ _ _
 72
    65
 73
     2
 40
3.75
 49
3.0
 74
     0
 49
-0.75
 74
     0
  0
LTYPE
  5
96
330
5
100
AcDbSymbolTableRecord
100
AcDbLinetypeTableRecord
  2
Amzigzag
 70
     0
  3
/\/-/\/-/\/-/\/-/\/-/\/
 72
    65
 73
     2
 40
11.0001
 49
0.0001
 74
     4
 75
   136
340
8D
 46
0.04
 50
0.0
 44
0.0
 45
0.0
 49
-11.0
 74
     0
  0
LTYPE
  5
97
330
5
100
AcDbSymbolTableRecord
100
AcDbLinetypeTableRecord
  2
ACISOWELD
 70
     0
  3
_ _ _ _ _
 72
    65
 73
     2
 40
2.0
 49
2.0
 74
     0
 49
-1.0
 74
     0
  0
LTYPE
  5
98
330
5
100
AcDbSymbolTableRecord
100
AcDbLinetypeTableRecord
  2
ACISOTGL
 70
     0
  3
_ _ _ _ _
 72
    65
 73
     2
 40
3.0
 49
2.0
 74
     0
 49
-1.0
 74
     0
  0
LTYPE
  5
99
330
5
100
AcDbSymbolTableRecord
100
AcDbLinetypeTableRecord
  2
ACISOTGB
 70
     0
  3
__ . . __ . .
 72
    65
 73
     6
 40
9.0
 49
4.0
 74
     0
 49
-1.0
 74
     0
 49
1.0
 74
     0
 49
-1.0
 74
     0
 49
1.0
 74
     0
 49
-1.0
 74
     0
  0
ENDTAB
  0
TABLE
  2
LAYER
  5
2
102
{ACAD_XDICTIONARY
360
789
102
}
330
0
100
AcDbSymbolTable
 70
     2
  0
LAYER
  5
54
330
2
100
AcDbSymbolTableRecord
100
AcDbLayerTableRecord
  2
0
 70
     0
 62
     7
  6
Continuous
370
    -3
390
F
347
21
1001
AcAecLayerStandard
1000

1000

  0
LAYER
  5
B5
330
2
100
AcDbSymbolTableRecord
100
AcDbLayerTableRecord
  2
Visible
 70
     0
 62
     7
  6
Continuous
370
    50
390
F
347
21
  0
ENDTAB
  0
TABLE
  2
STYLE
  5
3
330
0
100
AcDbSymbolTable
 70
     4
  0
STYLE
  5
55
330
3
100
AcDbSymbolTableRecord
100
AcDbTextStyleTableRecord
  2
Standard
 70
     0
 40
0.0
 41
1.0
 50
0.0
 71
     0
 42
3.5
  3
arial.ttf
  4

1001
ACAD
1000
Arial
1071
       34
  0
STYLE
  5
5A
330
3
100
AcDbSymbolTableRecord
100
AcDbTextStyleTableRecord
  2
Annotative
 70
     0
 40
0.0
 41
1.0
 50
0.0
 71
     0
 42
0.2
  3
txt
  4

1001
AcadAnnotative
1000
AnnotativeData
1002
{
1070
     1
1070
     1
1002
}
  0
STYLE
  5
8D
330
3
100
AcDbSymbolTableRecord
100
AcDbTextStyleTableRecord
  2

 70
     1
 40
0.0
 41
1.0
 50
0.0
 71
     0
 42
10.0
  3
genltshp.shx
  4

  0
STYLE
  5
8E
330
3
100
AcDbSymbolTableRecord
100
AcDbTextStyleTableRecord
  2
ACISOGDT
 70
     0
 40
0.0
 41
1.0
 50
0.0
 71
     0
 42
10.0
  3
amgdt.shx
  4

  0
ENDTAB
  0
TABLE
  2
VIEW
  5
6
330
0
100
AcDbSymbolTable
 70
     0
  0
ENDTAB
  0
TABLE
  2
UCS
  5
7
330
0
100
AcDbSymbolTable
 70
     0
  0
ENDTAB
  0
TABLE
  2
APPID
  5
9
330
0
100
AcDbSymbolTable
 70
    19
  0
APPID
  5
56
330
9
100
AcDbSymbolTableRecord
100
AcDbRegAppTableRecord
  2
ACAD
 70
     0
  0
APPID
  5
5E
330
9
100
AcDbSymbolTableRecord
100
AcDbRegAppTableRecord
  2
AcadAnnotative
 70
     0
  0
APPID
  5
78
330
9
100
AcDbSymbolTableRecord
100
AcDbRegAppTableRecord
  2
ACAD_PSEXT
 70
     0
  0
APPID
  5
79
330
9
100
AcDbSymbolTableRecord
100
AcDbRegAppTableRecord
  2
MCAD_NO_VIS
 70
     0
  0
APPID
  5
7A
330
9
100
AcDbSymbolTableRecord
100
AcDbRegAppTableRecord
  2
ACAD_TEMP_GRAPHIC
 70
     0
  0
APPID
  5
83
330
9
100
AcDbSymbolTableRecord
100
AcDbRegAppTableRecord
  2
ACAD_DSTYLE_DIMJAG
 70
     0
  0
APPID
  5
84
330
9
100
AcDbSymbolTableRecord
100
AcDbRegAppTableRecord
  2
ACAD_DSTYLE_DIMTALN
 70
     0
  0
APPID
  5
85
330
9
100
AcDbSymbolTableRecord
100
AcDbRegAppTableRecord
  2
ACAD_NAV_VCDISPLAY
 70
     0
  0
APPID
  5
86
330
9
100
AcDbSymbolTableRecord
100
AcDbRegAppTableRecord
  2
ACAD_DSTYLE_DIMBREAK
 70
     0
  0
APPID
  5
87
330
9
100
AcDbSymbolTableRecord
100
AcDbRegAppTableRecord
  2
FUSIONCURRENTTITLEBLOCK
 70
     0
  0
APPID
  5
88
330
9
100
AcDbSymbolTableRecord
100
AcDbRegAppTableRecord
  2
AcSynergy
 70
     0
  0
APPID
  5
89
330
9
100
AcDbSymbolTableRecord
100
AcDbRegAppTableRecord
  2
GENIUS_GENSCREG_15
 70
     0
  0
APPID
  5
8A
330
9
100
AcDbSymbolTableRecord
100
AcDbRegAppTableRecord
  2
GENIUS_GENOBJ-N-SDF_13
 70
     0
  0
APPID
  5
8B
330
9
100
AcDbSymbolTableRecord
100
AcDbRegAppTableRecord
  2
GENIUS_GENODEF_13
 70
     0
  0
APPID
  5
8C
330
9
100
AcDbSymbolTableRecord
100
AcDbRegAppTableRecord
  2
ACATTRIBSERVICES
 70
     0
  0
APPID
  5
690
330
9
100
AcDbSymbolTableRecord
100
AcDbRegAppTableRecord
  2
AcAecLayerStandard
 70
     0
  0
APPID
  5
6A9
330
9
100
AcDbSymbolTableRecord
100
AcDbRegAppTableRecord
  2
ACAD_EXEMPT_FROM_CAD_STANDARDS
 70
     0
  0
APPID
  5
6B0
330
9
100
AcDbSymbolTableRecord
100
AcDbRegAppTableRecord
  2
Acad_TC
 70
     0
  0
APPID
  5
788
330
9
100
AcDbSymbolTableRecord
100
AcDbRegAppTableRecord
  2
AcadStringInfo
 70
     0
  0
ENDTAB
  0
TABLE
  2
DIMSTYLE
  5
A
330
0
100
AcDbSymbolTable
 70
     5
100
AcDbDimStyleTable
 71
     1
340
9D
  0
DIMSTYLE
105
58
330
A
100
AcDbSymbolTableRecord
100
AcDbDimStyleTableRecord
  2
Standard
 70
     0
 41
3.5
 42
2.1
 43
10.5
 44
2.1
 78
    12
 79
     3
140
3.5
143
0.03937
146
0.714286
147
1.399999999999999
179
     2
271
     2
272
     2
284
    12
340
55
  0
DIMSTYLE
105
59
330
A
100
AcDbSymbolTableRecord
100
AcDbDimStyleTableRecord
  2
Annotative
 70
     0
 40
0.0
 41
3.5
 42
2.1
 43
10.5
 44
2.1
 73
     0
 74
     0
 77
     1
 78
    12
 79
     3
140
3.5
141
2.5
143
0.03937
146
0.714286
147
1.399999999999999
171
     3
172
     1
179
     2
271
     2
272
     2
274
     3
278
    44
283
     0
284
    12
340
55
1001
AcadAnnotative
1000
AnnotativeData
1002
{
1070
     1
1070
     1
1002
}
  0
DIMSTYLE
105
9C
330
A
100
AcDbSymbolTableRecord
100
AcDbDimStyleTableRecord
  2
ISO-25
 70
     0
  4
in
 41
3.5
 42
2.1
 43
10.5
 44
2.1
 47
0.1
 48
0.1
 73
     0
 74
     0
 77
     1
 78
    12
 79
     3
140
3.5
141
0.0
143
0.03937
146
0.714286
147
1.399999999999999
171
     4
172
     1
176
   256
177
   256
178
   256
179
     2
271
     2
272
     2
274
     4
283
     0
284
    12
285
     8
340
55
1001
ACAD_DSTYLE_DIMJAG
1070
   388
1040
1.5
1001
ACAD_DSTYLE_DIMTALN
1070
   392
1070
     1
1001
ACAD_DSTYLE_DIMBREAK
1070
   391
1040
3.5
  0
DIMSTYLE
105
9D
330
A
100
AcDbSymbolTableRecord
100
AcDbDimStyleTableRecord
  2
Dim-ISO-25
 70
     0
 41
3.5
 42
2.1
 43
10.5
 44
2.1
 47
0.1
 48
0.1
 73
     0
 74
     0
 77
     1
 78
    12
 79
     3
140
3.5
141
0.0
143
0.03937
146
0.714286
147
1.399999999999999
172
     1
179
     2
271
     2
272
     2
274
     4
283
     0
284
    12
285
    12
286
    12
340
55
1001
ACAD_DSTYLE_DIMJAG
1070
   388
1040
1.5
1001
ACAD_DSTYLE_DIMTALN
1070
   392
1070
     1
1001
ACAD_DSTYLE_DIMBREAK
1070
   391
1040
3.5
  0
ENDTAB
  0
TABLE
  2
BLOCK_RECORD
  5
1
330
0
100
AcDbSymbolTable
 70
    12
  0
BLOCK_RECORD
  5
70
102
{ACAD_XDICTIONARY
360
AE
102
}
330
1
100
AcDbSymbolTableRecord
100
AcDbBlockTableRecord
  2
*Model_Space
340
73
 70
     0
280
     1
281
     0
  0
BLOCK_RECORD
  5
6C
330
1
100
AcDbSymbolTableRecord
100
AcDbBlockTableRecord
  2
*Paper_Space
340
6F
 70
     0
280
     1
281
     0
  0
BLOCK_RECORD
  5
74
330
1
100
AcDbSymbolTableRecord
100
AcDbBlockTableRecord
  2
*Paper_Space0
340
77
 70
     0
280
     1
281
     0
  0
ENDTAB
  0
ENDSEC
  0
SECTION
  2
BLOCKS
  0
BLOCK
  5
71
330
70
100
AcDbEntity
  8
0
100
AcDbBlockBegin
  2
*Model_Space
 70
     0
 10
0.0
 20
0.0
 30
0.0
  3
*Model_Space
  1

  0
ENDBLK
  5
72
330
70
100
AcDbEntity
  8
0
100
AcDbBlockEnd
  0
BLOCK
  5
6D
330
6C
100
AcDbEntity
 67
     1
  8
0
100
AcDbBlockBegin
  2
*Paper_Space
 70
     0
 10
0.0
 20
0.0
 30
0.0
  3
*Paper_Space
  1

  0
ENDBLK
  5
6E
330
6C
100
AcDbEntity
 67
     1
  8
0
100
AcDbBlockEnd
  0
BLOCK
  5
75
330
74
100
AcDbEntity
 67
     1
  8
0
100
AcDbBlockBegin
  2
*Paper_Space0
 70
     0
 10
0.0
 20
0.0
 30
0.0
  3
*Paper_Space0
  1

  0
ENDBLK
  5
76
330
74
100
AcDbEntity
 67
     1
  8
0
100
AcDbBlockEnd
  0
ENDSEC
  0
SECTION
  2
ENTITIES
  0
ARC
  5
3AE
330
70
100
AcDbEntity
  8
Visible
 62
     5
100
AcDbCircle
 10
365.0514589999998
 20
129.5789279999998
 30
0.0
 40
0.4999999999999892
100
AcDbArc
 50
90.0
 51
179.9999999999996
  0
ARC
  5
3AF
330
70
100
AcDbEntity
  8
Visible
 62
     5
100
AcDbCircle
 10
-364.0514589999997
 20
129.5789279999998
 30
0.0
 40
0.5000000000000142
210
0.0
220
0.0
230
-1.0
100
AcDbArc
 50
180.0000000000003
 51
270.0
  0
LINE
  5
3B0
330
70
100
AcDbEntity
  8
Visible
 62
     5
100
AcDbLine
 10
357.9803919999998
 20
129.0789279999998
 30
0.0
 11
364.0514589999997
 21
129.0789279999998
 31
0.0
210
0.0
220
0.0
230
-1.0
  0
ARC
  5
3B1
330
70
100
AcDbEntity
  8
Visible
 62
     5
100
AcDbCircle
 10
-357.9803919999998
 20
129.5789279999999
 30
0.0
 40
0.4999999999999401
210
0.0
220
0.0
230
-1.0
100
AcDbArc
 50
270.0
 51
0.0000000000003533
  0
ARC
  5
3B2
330
70
100
AcDbEntity
  8
Visible
 62
     5
100
AcDbCircle
 10
356.9803919999998
 20
129.5789279999999
 30
0.0
 40
0.4999999999999892
100
AcDbArc
 50
359.9999999999996
 51
90.0
  0
LINE
  5
3B3
330
70
100
AcDbEntity
  8
Visible
 62
     5
100
AcDbLine
 10
339.4717469999998
 20
130.078928
 30
0.0
 11
356.9803919999998
 21
130.0789279999998
 31
0.0
210
0.0
220
0.0
230
-1.0
  0
ARC
  5
3B4
330
70
100
AcDbEntity
  8
Visible
 62
     5
100
AcDbCircle
 10
339.4717469999998
 20
129.578928
 30
0.0
 40
0.499999999999985
100
AcDbArc
 50
90.0
 51
179.9999999999996
  0
ARC
  5
3B5
330
70
100
AcDbEntity
  8
Visible
 62
     5
100
AcDbCircle
 10
-338.4717469999998
 20
129.578928
 30
0.0
 40
0.500000000000064
210
0.0
220
0.0
230
-1.0
100
AcDbArc
 50
180.0000000000003
 51
270.0
  0
LINE
  5
3B6
330
70
100
AcDbEntity
  8
Visible
 62
     5
100
AcDbLine
 10
336.9717469999998
 20
129.078928
 30
0.0
 11
338.4717469999998
 21
129.078928
 31
0.0
210
0.0
220
0.0
230
-1.0
  0
ARC
  5
3B7
330
70
100
AcDbEntity
  8
Visible
 62
     5
100
AcDbCircle
 10
-336.9717469999998
 20
131.078928
 30
0.0
 40
1.999999999999989
210
0.0
220
0.0
230
-1.0
100
AcDbArc
 50
270.0
 51
0.0000000000003533
  0
LINE
  5
3B8
330
70
100
AcDbEntity
  8
Visible
 62
     5
100
AcDbLine
 10
334.9717469999998
 20
132.578928
 30
0.0
 11
334.9717469999998
 21
131.078928
 31
0.0
210
0.0
220
0.0
230
-1.0
  0
ARC
  5
3B9
330
70
100
AcDbEntity
  8
Visible
 62
     5
100
AcDbCircle
 10
-335.4717469999997
 20
132.578928
 30
0.0
 40
0.5000000000000741
210
0.0
220
0.0
230
-1.0
100
AcDbArc
 50
0.0000000000003533
 51
90.0
  0
ARC
  5
3BA
330
70
100
AcDbEntity
  8
Visible
 62
     5
100
AcDbCircle
 10
335.4717469999997
 20
133.578928
 30
0.0
 40
0.5000000000000471
100
AcDbArc
 50
270.0
 51
359.9999999999996
  0
LINE
  5
3BB
330
70
100
AcDbEntity
  8
Visible
 62
     5
100
AcDbLine
 10
335.9717470000003
 20
219.561926
 30
0.0
 11
335.9717469999998
 21
133.578928
 31
0.0
210
0.0
220
0.0
230
-1.0
  0
ARC
  5
3BC
330
70
100
AcDbEntity
  8
Visible
 62
     5
100
AcDbCircle
 10
335.4717470000003
 20
219.561926
 30
0.0
 40
0.500000000000025
100
AcDbArc
 50
359.9999999999996
 51
90.0
  0
ARC
  5
3BD
330
70
100
AcDbEntity
  8
Visible
 62
     5
100
AcDbCircle
 10
-335.4717470000003
 20
220.561926
 30
0.0
 40
0.500000000000345
210
0.0
220
0.0
230
-1.0
100
AcDbArc
 50
270.0
 51
0.0000000000003533
  0
LINE
  5
3BE
330
70
100
AcDbEntity
  8
Visible
 62
     5
100
AcDbLine
 10
334.9717470000003
 20
222.061926
 30
0.0
 11
334.9717470000003
 21
220.561926
 31
0.0
210
0.0
220
0.0
230
-1.0
  0
ARC
  5
3BF
330
70
100
AcDbEntity
  8
Visible
 62
     5
100
AcDbCircle
 10
-336.9717470000003
 20
222.061926
 30
0.0
 40
1.999999999999989
210
0.0
220
0.0
230
-1.0
100
AcDbArc
 50
0.0000000000003533
 51
90.0
  0
LINE
  5
3C0
330
70
100
AcDbEntity
  8
Visible
 62
     5
100
AcDbLine
 10
338.4717470000004
 20
224.061926
 30
0.0
 11
336.9717470000003
 21
224.061926
 31
0.0
210
0.0
220
0.0
230
-1.0
  0
ARC
  5
3C1
330
70
100
AcDbEntity
  8
Visible
 62
     5
100
AcDbCircle
 10
-338.4717470000004
 20
223.5619259999999
 30
0.0
 40
0.5000000000000031
210
0.0
220
0.0
230
-1.0
100
AcDbArc
 50
90.0
 51
180.0000000000003
  0
ARC
  5
3C2
330
70
100
AcDbEntity
  8
Visible
 62
     5
100
AcDbCircle
 10
339.4717470000003
 20
223.5619259999999
 30
0.0
 40
0.499999999999954
100
AcDbArc
 50
179.9999999999996
 51
270.0
  0
LINE
  5
3C3
330
70
100
AcDbEntity
  8
Visible
 62
     5
100
AcDbLine
 10
368.8858490000003
 20
223.0619259999998
 30
0.0
 11
339.4717470000003
 21
223.061926
 31
0.0
210
0.0
220
0.0
230
-1.0
  0
ARC
  5
3C4
330
70
100
AcDbEntity
  8
Visible
 62
     5
100
AcDbCircle
 10
368.8858490000003
 20
223.5619259999998
 30
0.0
 40
0.5000000000000691
100
AcDbArc
 50
270.0
 51
359.9999999999996
  0
ARC
  5
3C5
330
70
100
AcDbEntity
  8
Visible
 62
     5
100
AcDbCircle
 10
-369.8858490000003
 20
223.5619259999998
 30
0.0
 40
0.4999999999999722
210
0.0
220
0.0
230
-1.0
100
AcDbArc
 50
0.0000000000003533
 51
90.0
  0
LINE
  5
3C6
330
70
100
AcDbEntity
  8
Visible
 62
     5
100
AcDbLine
 10
375.9569160000004
 20
224.0619259999998
 30
0.0
 11
369.8858490000003
 21
224.0619259999998
 31
0.0
210
0.0
220
0.0
230
-1.0
  0
ARC
  5
3C7
330
70
100
AcDbEntity
  8
Visible
 62
     5
100
AcDbCircle
 10
-375.9569160000004
 20
223.5619259999997
 30
0.0
 40
0.500000000000025
210
0.0
220
0.0
230
-1.0
100
AcDbArc
 50
90.0
 51
180.0000000000003
  0
ARC
  5
3C8
330
70
100
AcDbEntity
  8
Visible
 62
     5
100
AcDbCircle
 10
376.9569160000004
 20
223.5619259999997
 30
0.0
 40
0.4999999999999722
100
AcDbArc
 50
179.9999999999996
 51
270.0
  0
LINE
  5
3C9
330
70
100
AcDbEntity
  8
Visible
 62
     5
100
AcDbLine
 10
426.0358490000002
 20
223.0619259999994
 30
0.0
 11
376.9569160000004
 21
223.0619259999997
 31
0.0
210
0.0
220
0.0
230
-1.0
  0
ARC
  5
3CA
330
70
100
AcDbEntity
  8
Visible
 62
     5
100
AcDbCircle
 10
426.0358490000003
 20
223.5619259999994
 30
0.0
 40
0.4999999999999722
100
AcDbArc
 50
270.0
 51
359.9999999999996
  0
ARC
  5
3CB
330
70
100
AcDbEntity
  8
Visible
 62
     5
100
AcDbCircle
 10
-427.0358490000003
 20
223.5619259999994
 30
0.0
 40
0.4999999999999892
210
0.0
220
0.0
230
-1.0
100
AcDbArc
 50
0.0000000000003533
 51
90.0
  0
LINE
  5
3CC
330
70
100
AcDbEntity
  8
Visible
 62
     5
100
AcDbLine
 10
433.1069160000003
 20
224.0619259999994
 30
0.0
 11
427.0358490000003
 21
224.0619259999995
 31
0.0
210
0.0
220
0.0
230
-1.0
  0
ARC
  5
3CD
330
70
100
AcDbEntity
  8
Visible
 62
     5
100
AcDbCircle
 10
-433.1069160000003
 20
223.5619259999994
 30
0.0
 40
0.4999999999999892
210
0.0
220
0.0
230
-1.0
100
AcDbArc
 50
90.0
 51
180.0000000000003
  0
ARC
  5
3CE
330
70
100
AcDbEntity
  8
Visible
 62
     5
100
AcDbCircle
 10
434.1069160000003
 20
223.5619259999994
 30
0.0
 40
0.4999999999999722
100
AcDbArc
 50
179.9999999999996
 51
270.0
  0
LINE
  5
3CF
330
70
100
AcDbEntity
  8
Visible
 62
     5
100
AcDbLine
 10
521.2865150000002
 20
223.0619259999989
 30
0.0
 11
434.1069160000002
 21
223.0619259999994
 31
0.0
210
0.0
220
0.0
230
-1.0
  0
ARC
  5
3D0
330
70
100
AcDbEntity
  8
Visible
 62
     5
100
AcDbCircle
 10
521.2865150000003
 20
223.5619259999989
 30
0.0
 40
0.500000000000043
100
AcDbArc
 50
270.0
 51
359.9999999999996
  0
ARC
  5
3D1
330
70
100
AcDbEntity
  8
Visible
 62
     5
100
AcDbCircle
 10
-522.2865150000003
 20
223.5619259999989
 30
0.0
 40
0.4999999999999722
210
0.0
220
0.0
230
-1.0
100
AcDbArc
 50
0.0000000000003533
 51
90.0
  0
LINE
  5
3D2
330
70
100
AcDbEntity
  8
Visible
 62
     5
100
AcDbLine
 10
528.3575830000002
 20
224.0619259999988
 30
0.0
 11
522.2865150000003
 21
224.0619259999989
 31
0.0
210
0.0
220
0.0
230
-1.0
  0
ARC
  5
3D3
330
70
100
AcDbEntity
  8
Visible
 62
     5
100
AcDbCircle
 10
-528.3575830000002
 20
223.5619259999988
 30
0.0
 40
0.4999999999999722
210
0.0
220
0.0
230
-1.0
100
AcDbArc
 50
90.0
 51
180.0000000000003
  0
ARC
  5
3D4
330
70
100
AcDbEntity
  8
Visible
 62
     5
100
AcDbCircle
 10
529.3575830000003
 20
223.5619259999988
 30
0.0
 40
0.4999999999999011
100
AcDbArc
 50
179.9999999999996
 51
270.0
  0
LINE
  5
3D5
330
70
100
AcDbEntity
  8
Visible
 62
     5
100
AcDbLine
 10
578.4362720000003
 20
223.0619259999985
 30
0.0
 11
529.3575830000003
 21
223.0619259999988
 31
0.0
210
0.0
220
0.0
230
-1.0
  0
ARC
  5
3D6
330
70
100
AcDbEntity
  8
Visible
 62
     5
100
AcDbCircle
 10
578.4362720000003
 20
223.5619259999985
 30
0.0
 40
0.4999999999999722
100
AcDbArc
 50
270.0
 51
359.9999999999996
  0
ARC
  5
3D7
330
70
100
AcDbEntity
  8
Visible
 62
     5
100
AcDbCircle
 10
-579.4362720000004
 20
223.5619259999985
 30
0.0
 40
0.500000000000025
210
0.0
220
0.0
230
-1.0
100
AcDbArc
 50
0.0000000000003533
 51
90.0
  0
ARC
  5
3F3
330
70
100
AcDbEntity
  8
Visible
 62
     5
100
AcDbCircle
 10
619.9217469999998
 20
133.5789279999983
 30
0.0
 40
0.5000000000000293
100
AcDbArc
 50
179.9999999999996
 51
270.0
  0
ARC
  5
3F4
330
70
100
AcDbEntity
  8
Visible
 62
     5
100
AcDbCircle
 10
-619.9217469999998
 20
132.5789279999983
 30
0.0
 40
0.4999999999999722
210
0.0
220
0.0
230
-1.0
100
AcDbArc
 50
90.0
 51
180.0000000000003
  0
LINE
  5
3F5
330
70
100
AcDbEntity
  8
Visible
 62
     5
100
AcDbLine
 10
620.4217469999997
 20
131.0789279999983
 30
0.0
 11
620.4217469999997
 21
132.5789279999983
 31
0.0
210
0.0
220
0.0
230
-1.0
  0
ARC
  5
3F6
330
70
100
AcDbEntity
  8
Visible
 62
     5
100
AcDbCircle
 10
-618.4217469999997
 20
131.0789279999983
 30
0.0
 40
1.99999999999995
210
0.0
220
0.0
230
-1.0
100
AcDbArc
 50
180.0000000000003
 51
270.0
  0
LINE
  5
3F7
330
70
100
AcDbEntity
  8
Visible
 62
     5
100
AcDbLine
 10
616.9217469999997
 20
129.0789279999983
 30
0.0
 11
618.4217469999997
 21
129.0789279999983
 31
0.0
210
0.0
220
0.0
230
-1.0
  0
ARC
  5
3F8
330
70
100
AcDbEntity
  8
Visible
 62
     5
100
AcDbCircle
 10
-616.9217469999997
 20
129.5789279999983
 30
0.0
 40
0.5000000000000071
210
0.0
220
0.0
230
-1.0
100
AcDbArc
 50
270.0
 51
0.0000000000003533
  0
ARC
  5
3F9
330
70
100
AcDbEntity
  8
Visible
 62
     5
100
AcDbCircle
 10
615.9217469999997
 20
129.5789279999983
 30
0.0
 40
0.500000000000016
100
AcDbArc
 50
359.9999999999996
 51
90.0
  0
LINE
  5
3FA
330
70
100
AcDbEntity
  8
Visible
 62
     5
100
AcDbLine
 10
598.4131399999998
 20
130.0789279999984
 30
0.0
 11
615.9217469999997
 21
130.0789279999983
 31
0.0
210
0.0
220
0.0
230
-1.0
  0
ARC
  5
3FB
330
70
100
AcDbEntity
  8
Visible
 62
     5
100
AcDbCircle
 10
598.4131399999998
 20
129.5789279999984
 30
0.0
 40
0.4999999999999722
100
AcDbArc
 50
90.0
 51
179.9999999999996
  0
ARC
  5
3FC
330
70
100
AcDbEntity
  8
Visible
 62
     5
100
AcDbCircle
 10
-597.4131399999997
 20
129.5789279999984
 30
0.0
 40
0.4999999999999642
210
0.0
220
0.0
230
-1.0
100
AcDbArc
 50
180.0000000000003
 51
270.0
  0
LINE
  5
3FD
330
70
100
AcDbEntity
  8
Visible
 62
     5
100
AcDbLine
 10
591.3420719999996
 20
129.0789279999984
 30
0.0
 11
597.4131399999997
 21
129.0789279999984
 31
0.0
210
0.0
220
0.0
230
-1.0
  0
ARC
  5
3FE
330
70
100
AcDbEntity
  8
Visible
 62
     5
100
AcDbCircle
 10
-591.3420719999996
 20
129.5789279999984
 30
0.0
 40
0.500000000000043
210
0.0
220
0.0
230
-1.0
100
AcDbArc
 50
270.0
 51
0.0000000000003533
  0
ARC
  5
3FF
330
70
100
AcDbEntity
  8
Visible
 62
     5
100
AcDbCircle
 10
590.3420719999997
 20
129.5789279999984
 30
0.0
 40
0.499999999999962
100
AcDbArc
 50
359.9999999999996
 51
90.0
  0
ARC
  5
441
330
70
100
AcDbEntity
  8
Visible
 62
     5
100
AcDbCircle
 10
552.1593229999998
 20
144.9708509999987
 30
0.0
 40
0.5000734816566422
100
AcDbArc
 50
90.00000100000141
 51
180.0000009999996
  0
LINE
  5
442
330
70
100
AcDbEntity
  8
Visible
 62
     5
100
AcDbLine
 10
551.6592499999997
 20
131.9713469999987
 30
0.0
 11
551.6592489999998
 21
144.9708509999987
 31
0.0
210
0.0
220
0.0
230
-1.0
  0
ARC
  5
443
330
70
100
AcDbEntity
  8
Visible
 62
     5
100
AcDbCircle
 10
552.1593229999997
 20
131.9713469999987
 30
0.0
 40
0.5000731562304322
100
AcDbArc
 50
179.9999999999996
 51
270.0
  0
LINE
  5
444
330
70
100
AcDbEntity
  8
Visible
 62
     5
100
AcDbLine
 10
552.1386839999998
 20
131.4712739999987
 30
0.0
 11
552.1593229999997
 21
131.4712739999987
 31
0.0
210
0.0
220
0.0
230
-1.0
  0
ARC
  5
445
330
70
100
AcDbEntity
  8
Visible
 62
     5
100
AcDbCircle
 10
552.1592499999997
 20
131.9708509999987
 30
0.0
 40
0.5000000000033131
100
AcDbArc
 50
267.6427170000006
 51
270.0
  0
LINE
  5
446
330
70
100
AcDbEntity
  8
Visible
 62
     5
100
AcDbLine
 10
565.1592499999996
 20
131.4708509999986
 30
0.0
 11
552.1592499999997
 21
131.4708509999987
 31
0.0
210
0.0
220
0.0
230
-1.0
  0
ARC
  5
447
330
70
100
AcDbEntity
  8
Visible
 62
     5
100
AcDbCircle
 10
565.1592499999996
 20
131.9708509999986
 30
0.0
 40
0.5000000000000071
100
AcDbArc
 50
270.0
 51
359.9999999999996
  0
LINE
  5
448
330
70
100
AcDbEntity
  8
Visible
 62
     5
100
AcDbLine
 10
565.6592499999998
 20
144.9709239999986
 30
0.0
 11
565.6592499999996
 21
131.9708509999986
 31
0.0
210
0.0
220
0.0
230
-1.0
  0
ARC
  5
449
330
70
100
AcDbEntity
  8
Visible
 62
     5
100
AcDbCircle
 10
565.1592499999998
 20
144.9709239999986
 30
0.0
 40
0.4999999999999942
100
AcDbArc
 50
359.9999999999996
 51
90.0
  0
LINE
  5
44A
330
70
100
AcDbEntity
  8
Visible
 62
     5
100
AcDbLine
 10
552.1593229999998
 20
145.4709239999987
 30
0.0
 11
565.1592499999998
 21
145.4709239999986
 31
0.0
210
0.0
220
0.0
230
-1.0
  0
ARC
  5
495
330
70
100
AcDbEntity
  8
Visible
 62
     5
100
AcDbCircle
 10
-369.8965700000003
 20
221.1709269999998
 30
0.0
 40
0.500000000000043
210
0.0
220
0.0
230
-1.0
100
AcDbArc
 50
90.0
 51
180.0000000000003
  0
LINE
  5
496
330
70
100
AcDbEntity
  8
Visible
 62
     5
100
AcDbLine
 10
369.8965700000003
 20
221.6709269999998
 30
0.0
 11
356.8967530000003
 21
221.6709269999999
 31
0.0
210
0.0
220
0.0
230
-1.0
  0
ARC
  5
497
330
70
100
AcDbEntity
  8
Visible
 62
     5
100
AcDbCircle
 10
-356.8967530000003
 20
221.1709239999999
 30
0.0
 40
0.500002986946448
210
0.0
220
0.0
230
-1.0
100
AcDbArc
 50
0.0000000000003533
 51
90.0
  0
LINE
  5
498
330
70
100
AcDbEntity
  8
Visible
 62
     5
100
AcDbLine
 10
356.3967500000003
 20
221.1709239999999
 30
0.0
 11
356.3967500000002
 21
208.1713469999999
 31
0.0
210
0.0
220
0.0
230
-1.0
  0
ARC
  5
499
330
70
100
AcDbEntity
  8
Visible
 62
     5
100
AcDbCircle
 10
-356.8968230000002
 20
208.1713469999999
 30
0.0
 40
0.5000731562302981
210
0.0
220
0.0
230
-1.0
100
AcDbArc
 50
270.0
 51
0.0000000000003533
  0
LINE
  5
49A
330
70
100
AcDbEntity
  8
Visible
 62
     5
100
AcDbLine
 10
356.8968230000002
 20
207.6712739999999
 30
0.0
 11
369.8965720000002
 21
207.6712739999998
 31
0.0
210
0.0
220
0.0
230
-1.0
  0
ARC
  5
49B
330
70
100
AcDbEntity
  8
Visible
 62
     5
100
AcDbCircle
 10
-369.8965720000002
 20
208.1712739999998
 30
0.0
 40
0.5000000000001492
210
0.0
220
0.0
230
-1.0
100
AcDbArc
 50
180.0000000000003
 51
270.0
  0
LINE
  5
49C
330
70
100
AcDbEntity
  8
Visible
 62
     5
100
AcDbLine
 10
370.3965720000002
 20
208.1712739999998
 30
0.0
 11
370.3965700000003
 21
221.1709269999998
 31
0.0
210
0.0
220
0.0
230
-1.0
  0
LINE
  5
49D
330
70
100
AcDbEntity
  8
Visible
 62
     5
100
AcDbLine
 10
389.7342499999998
 20
144.9708509999997
 30
0.0
 11
389.7342499999997
 21
131.9713469999997
 31
0.0
210
0.0
220
0.0
230
-1.0
  0
ARC
  5
49E
330
70
100
AcDbEntity
  8
Visible
 62
     5
100
AcDbCircle
 10
-390.2343229999998
 20
131.9713469999997
 30
0.0
 40
0.500073156230272
210
0.0
220
0.0
230
-1.0
100
AcDbArc
 50
270.0
 51
0.0000000000003533
  0
LINE
  5
49F
330
70
100
AcDbEntity
  8
Visible
 62
     5
100
AcDbLine
 10
390.2343229999998
 20
131.4712739999997
 30
0.0
 11
403.2340719999997
 21
131.4712739999996
 31
0.0
210
0.0
220
0.0
230
-1.0
  0
ARC
  5
4A0
330
70
100
AcDbEntity
  8
Visible
 62
     5
100
AcDbCircle
 10
-403.2340719999997
 20
131.9712739999996
 30
0.0
 40
0.500000000000054
210
0.0
220
0.0
230
-1.0
100
AcDbArc
 50
180.0000000000003
 51
270.0
  0
LINE
  5
4A1
330
70
100
AcDbEntity
  8
Visible
 62
     5
100
AcDbLine
 10
403.7340719999997
 20
131.9712739999996
 30
0.0
 11
403.7340719999997
 21
144.9709239999996
 31
0.0
210
0.0
220
0.0
230
-1.0
  0
ARC
  5
4A2
330
70
100
AcDbEntity
  8
Visible
 62
     5
100
AcDbCircle
 10
-403.2340719999997
 20
144.9709239999996
 30
0.0
 40
0.5000000000000781
210
0.0
220
0.0
230
-1.0
100
AcDbArc
 50
90.0
 51
180.0000000000003
  0
LINE
  5
4A3
330
70
100
AcDbEntity
  8
Visible
 62
     5
100
AcDbLine
 10
403.2340719999997
 20
145.4709239999996
 30
0.0
 11
390.2343229999999
 21
145.4709239999997
 31
0.0
210
0.0
220
0.0
230
-1.0
  0
ARC
  5
4A4
330
70
100
AcDbEntity
  8
Visible
 62
     5
100
AcDbCircle
 10
-390.2343229999999
 20
144.9708509999997
 30
0.0
 40
0.500073156230201
210
0.0
220
0.0
230
-1.0
100
AcDbArc
 50
0.0000000000003533
 51
90.0
  0
LINE
  5
4A5
330
70
100
AcDbEntity
  8
Visible
 62
     5
100
AcDbLine
 10
613.2840719999998
 20
131.9713179999983
 30
0.0
 11
613.2840719999998
 21
144.9708799999983
 31
0.0
210
0.0
220
0.0
230
-1.0
  0
ARC
  5
4A6
330
70
100
AcDbEntity
  8
Visible
 62
     5
100
AcDbCircle
 10
-612.7840279999998
 20
144.9708799999983
 30
0.0
 40
0.5000441230021832
210
0.0
220
0.0
230
-1.0
100
AcDbArc
 50
90.0
 51
180.0000000000003
  0
LINE
  5
4A7
330
70
100
AcDbEntity
  8
Visible
 62
     5
100
AcDbLine
 10
612.7840279999998
 20
145.4709239999983
 30
0.0
 11
599.7844659999998
 21
145.4709239999984
 31
0.0
210
0.0
220
0.0
230
-1.0
  0
ARC
  5
4A8
330
70
100
AcDbEntity
  8
Visible
 62
     5
100
AcDbCircle
 10
-599.7844659999998
 20
144.9708799999984
 30
0.0
 40
0.5000441230021701
210
0.0
220
0.0
230
-1.0
100
AcDbArc
 50
0.0000000000003533
 51
90.0
  0
LINE
  5
4A9
330
70
100
AcDbEntity
  8
Visible
 62
     5
100
AcDbLine
 10
599.2844219999998
 20
144.9708799999984
 30
0.0
 11
599.2844219999997
 21
131.9713179999984
 31
0.0
210
0.0
220
0.0
230
-1.0
  0
ARC
  5
4AA
330
70
100
AcDbEntity
  8
Visible
 62
     5
100
AcDbCircle
 10
-599.7844659999997
 20
131.9713179999984
 30
0.0
 40
0.50004412300229
210
0.0
220
0.0
230
-1.0
100
AcDbArc
 50
270.0
 51
0.0000000000003533
  0
LINE
  5
4AB
330
70
100
AcDbEntity
  8
Visible
 62
     5
100
AcDbLine
 10
599.7844659999997
 20
131.4712739999984
 30
0.0
 11
612.7840279999998
 21
131.4712739999983
 31
0.0
210
0.0
220
0.0
230
-1.0
  0
ARC
  5
4AC
330
70
100
AcDbEntity
  8
Visible
 62
     5
100
AcDbCircle
 10
-612.7840279999998
 20
131.9713179999983
 30
0.0
 40
0.500044123002013
210
0.0
220
0.0
230
-1.0
100
AcDbArc
 50
180.0000000000003
 51
270.0
  0
LINE
  5
4AD
330
70
100
AcDbEntity
  8
Visible
 62
     5
100
AcDbLine
 10
370.6842500000001
 20
183.0708509999998
 30
0.0
 11
370.68425
 21
170.0713469999998
 31
0.0
210
0.0
220
0.0
230
-1.0
  0
ARC
  5
4AE
330
70
100
AcDbEntity
  8
Visible
 62
     5
100
AcDbCircle
 10
-371.184323
 20
170.0713469999998
 30
0.0
 40
0.5000731562301563
210
0.0
220
0.0
230
-1.0
100
AcDbArc
 50
270.0
 51
0.0000000000003533
  0
LINE
  5
4AF
330
70
100
AcDbEntity
  8
Visible
 62
     5
100
AcDbLine
 10
371.184323
 20
169.5712739999998
 30
0.0
 11
384.184072
 21
169.5712739999997
 31
0.0
210
0.0
220
0.0
230
-1.0
  0
ARC
  5
4B0
330
70
100
AcDbEntity
  8
Visible
 62
     5
100
AcDbCircle
 10
-384.184072
 20
170.0712739999997
 30
0.0
 40
0.4999999999999892
210
0.0
220
0.0
230
-1.0
100
AcDbArc
 50
180.0000000000003
 51
270.0
  0
LINE
  5
4B1
330
70
100
AcDbEntity
  8
Visible
 62
     5
100
AcDbLine
 10
384.684072
 20
170.0712739999997
 30
0.0
 11
384.684072
 21
183.0709239999997
 31
0.0
210
0.0
220
0.0
230
-1.0
  0
ARC
  5
4B2
330
70
100
AcDbEntity
  8
Visible
 62
     5
100
AcDbCircle
 10
-384.184072
 20
183.0709239999997
 30
0.0
 40
0.5000000000000872
210
0.0
220
0.0
230
-1.0
100
AcDbArc
 50
90.0
 51
180.0000000000003
  0
LINE
  5
4B3
330
70
100
AcDbEntity
  8
Visible
 62
     5
100
AcDbLine
 10
384.1840720000001
 20
183.5709239999997
 30
0.0
 11
371.1843230000001
 21
183.5709239999998
 31
0.0
210
0.0
220
0.0
230
-1.0
  0
ARC
  5
4B4
330
70
100
AcDbEntity
  8
Visible
 62
     5
100
AcDbCircle
 10
-371.1843230000001
 20
183.0708509999998
 30
0.0
 40
0.500073156230201
210
0.0
220
0.0
230
-1.0
100
AcDbArc
 50
0.0000000000003533
 51
90.0
  0
LINE
  5
4B5
330
70
100
AcDbEntity
  8
Visible
 62
     5
100
AcDbLine
 10
422.2840719999999
 20
169.5712739999994
 30
0.0
 11
409.2843229999999
 21
169.5712739999995
 31
0.0
210
0.0
220
0.0
230
-1.0
  0
ARC
  5
4B6
330
70
100
AcDbEntity
  8
Visible
 62
     5
100
AcDbCircle
 10
422.2840719999999
 20
170.0712739999995
 30
0.0
 40
0.5000000000000071
100
AcDbArc
 50
270.0
 51
359.9999999999996
  0
LINE
  5
4B7
330
70
100
AcDbEntity
  8
Visible
 62
     5
100
AcDbLine
 10
422.784072
 20
183.0709239999995
 30
0.0
 11
422.7840719999999
 21
170.0712739999995
 31
0.0
210
0.0
220
0.0
230
-1.0
  0
ARC
  5
4B8
330
70
100
AcDbEntity
  8
Visible
 62
     5
100
AcDbCircle
 10
422.284072
 20
183.0709239999995
 30
0.0
 40
0.5000000000001142
100
AcDbArc
 50
359.9999999999996
 51
90.0
  0
LINE
  5
4B9
330
70
100
AcDbEntity
  8
Visible
 62
     5
100
AcDbLine
 10
409.284323
 20
183.5709239999996
 30
0.0
 11
422.284072
 21
183.5709239999994
 31
0.0
210
0.0
220
0.0
230
-1.0
  0
ARC
  5
4BA
330
70
100
AcDbEntity
  8
Visible
 62
     5
100
AcDbCircle
 10
409.284323
 20
183.0708509999995
 30
0.0
 40
0.500073156230272
100
AcDbArc
 50
90.0
 51
179.9999999999996
  0
LINE
  5
4BB
330
70
100
AcDbEntity
  8
Visible
 62
     5
100
AcDbLine
 10
408.7842499999999
 20
170.0713469999995
 30
0.0
 11
408.78425
 21
183.0708509999995
 31
0.0
210
0.0
220
0.0
230
-1.0
  0
ARC
  5
4BC
330
70
100
AcDbEntity
  8
Visible
 62
     5
100
AcDbCircle
 10
409.2843229999999
 20
170.0713469999995
 30
0.0
 40
0.500073156230121
100
AcDbArc
 50
179.9999999999996
 51
270.0
  0
ARC
  5
4BD
330
70
100
AcDbEntity
  8
Visible
 62
     5
100
AcDbCircle
 10
447.3843229999999
 20
170.0713469999993
 30
0.0
 40
0.500073156230361
100
AcDbArc
 50
179.9999999999996
 51
270.0
  0
LINE
  5
4BE
330
70
100
AcDbEntity
  8
Visible
 62
     5
100
AcDbLine
 10
460.3840719999999
 20
169.5712739999992
 30
0.0
 11
447.3843229999999
 21
169.5712739999993
 31
0.0
210
0.0
220
0.0
230
-1.0
  0
ARC
  5
4BF
330
70
100
AcDbEntity
  8
Visible
 62
     5
100
AcDbCircle
 10
460.3840719999999
 20
170.0712739999992
 30
0.0
 40
0.5000000000004871
100
AcDbArc
 50
270.0
 51
359.9999999999996
  0
LINE
  5
4C0
330
70
100
AcDbEntity
  8
Visible
 62
     5
100
AcDbLine
 10
460.884072
 20
183.0709239999992
 30
0.0
 11
460.8840719999999
 21
170.0712739999992
 31
0.0
210
0.0
220
0.0
230
-1.0
  0
ARC
  5
4C1
330
70
100
AcDbEntity
  8
Visible
 62
     5
100
AcDbCircle
 10
460.384072
 20
183.0709239999992
 30
0.0
 40
0.5000000000005042
100
AcDbArc
 50
359.9999999999996
 51
90.0
  0
LINE
  5
4C2
330
70
100
AcDbEntity
  8
Visible
 62
     5
100
AcDbLine
 10
447.384323
 20
183.5709239999993
 30
0.0
 11
460.384072
 21
183.5709239999992
 31
0.0
210
0.0
220
0.0
230
-1.0
  0
ARC
  5
4C3
330
70
100
AcDbEntity
  8
Visible
 62
     5
100
AcDbCircle
 10
447.384323
 20
183.0708509999993
 30
0.0
 40
0.500073156230378
100
AcDbArc
 50
90.0
 51
179.9999999999996
  0
LINE
  5
4C4
330
70
100
AcDbEntity
  8
Visible
 62
     5
100
AcDbLine
 10
446.88425
 20
170.0713469999993
 30
0.0
 11
446.88425
 21
183.0708509999993
 31
0.0
210
0.0
220
0.0
230
-1.0
  0
ARC
  5
4C5
330
70
100
AcDbEntity
  8
Visible
 62
     5
100
AcDbCircle
 10
498.484072
 20
170.071273999999
 30
0.0
 40
0.5000000000003622
100
AcDbArc
 50
270.0
 51
359.9999999999996
  0
LINE
  5
4C6
330
70
100
AcDbEntity
  8
Visible
 62
     5
100
AcDbLine
 10
498.9840720000001
 20
183.070923999999
 30
0.0
 11
498.984072
 21
170.071273999999
 31
0.0
210
0.0
220
0.0
230
-1.0
  0
ARC
  5
4C7
330
70
100
AcDbEntity
  8
Visible
 62
     5
100
AcDbCircle
 10
498.4840720000001
 20
183.070923999999
 30
0.0
 40
0.500000000000549
100
AcDbArc
 50
359.9999999999996
 51
90.0
  0
LINE
  5
4C8
330
70
100
AcDbEntity
  8
Visible
 62
     5
100
AcDbLine
 10
485.4843230000001
 20
183.5709239999991
 30
0.0
 11
498.4840720000001
 21
183.570923999999
 31
0.0
210
0.0
220
0.0
230
-1.0
  0
ARC
  5
4C9
330
70
100
AcDbEntity
  8
Visible
 62
     5
100
AcDbCircle
 10
485.4843230000001
 20
183.0708509999991
 30
0.0
 40
0.500073156230521
100
AcDbArc
 50
90.0
 51
179.9999999999996
  0
LINE
  5
4CA
330
70
100
AcDbEntity
  8
Visible
 62
     5
100
AcDbLine
 10
484.98425
 20
170.0713469999991
 30
0.0
 11
484.9842500000001
 21
183.0708509999991
 31
0.0
210
0.0
220
0.0
230
-1.0
  0
ARC
  5
4CB
330
70
100
AcDbEntity
  8
Visible
 62
     5
100
AcDbCircle
 10
485.484323
 20
170.0713469999991
 30
0.0
 40
0.5000731562303871
100
AcDbArc
 50
179.9999999999996
 51
270.0
  0
LINE
  5
4CC
330
70
100
AcDbEntity
  8
Visible
 62
     5
100
AcDbLine
 10
498.484072
 20
169.571273999999
 30
0.0
 11
485.484323
 21
169.5712739999991
 31
0.0
210
0.0
220
0.0
230
-1.0
  0
LINE
  5
4CD
330
70
100
AcDbEntity
  8
Visible
 62
     5
100
AcDbLine
 10
523.584323
 20
183.5709239999989
 30
0.0
 11
536.5840720000001
 21
183.5709239999988
 31
0.0
210
0.0
220
0.0
230
-1.0
  0
ARC
  5
4CE
330
70
100
AcDbEntity
  8
Visible
 62
     5
100
AcDbCircle
 10
523.584323
 20
183.0708509999989
 30
0.0
 40
0.500073156230592
100
AcDbArc
 50
90.0
 51
179.9999999999996
  0
LINE
  5
4CF
330
70
100
AcDbEntity
  8
Visible
 62
     5
100
AcDbLine
 10
523.08425
 20
170.0713469999989
 30
0.0
 11
523.0842500000001
 21
183.0708509999989
 31
0.0
210
0.0
220
0.0
230
-1.0
  0
ARC
  5
4D0
330
70
100
AcDbEntity
  8
Visible
 62
     5
100
AcDbCircle
 10
523.584323
 20
170.0713469999989
 30
0.0
 40
0.5000731562304322
100
AcDbArc
 50
179.9999999999996
 51
270.0
  0
LINE
  5
4D1
330
70
100
AcDbEntity
  8
Visible
 62
     5
100
AcDbLine
 10
536.584072
 20
169.5712739999988
 30
0.0
 11
523.584323
 21
169.5712739999988
 31
0.0
210
0.0
220
0.0
230
-1.0
  0
ARC
  5
4D2
330
70
100
AcDbEntity
  8
Visible
 62
     5
100
AcDbCircle
 10
536.584072
 20
170.0712739999988
 30
0.0
 40
0.5000000000005401
100
AcDbArc
 50
270.0
 51
359.9999999999996
  0
LINE
  5
4D3
330
70
100
AcDbEntity
  8
Visible
 62
     5
100
AcDbLine
 10
537.0840720000001
 20
183.0709239999988
 30
0.0
 11
537.084072
 21
170.0712739999988
 31
0.0
210
0.0
220
0.0
230
-1.0
  0
ARC
  5
4D4
330
70
100
AcDbEntity
  8
Visible
 62
     5
100
AcDbCircle
 10
536.5840720000001
 20
183.0709239999988
 30
0.0
 40
0.500000000000043
100
AcDbArc
 50
359.9999999999996
 51
90.0
  0
ARC
  5
4D5
330
70
100
AcDbEntity
  8
Visible
 62
     5
100
AcDbCircle
 10
574.6840279999999
 20
170.0713179999985
 30
0.0
 40
0.500044123002432
100
AcDbArc
 50
270.0
 51
359.9999999999996
  0
LINE
  5
4D6
330
70
100
AcDbEntity
  8
Visible
 62
     5
100
AcDbLine
 10
575.184072
 20
183.0708799999986
 30
0.0
 11
575.184072
 21
170.0713179999985
 31
0.0
210
0.0
220
0.0
230
-1.0
  0
ARC
  5
4D7
330
70
100
AcDbEntity
  8
Visible
 62
     5
100
AcDbCircle
 10
574.6840280000001
 20
183.0708799999986
 30
0.0
 40
0.50004412300237
100
AcDbArc
 50
359.9999999999996
 51
90.0
  0
LINE
  5
4D8
330
70
100
AcDbEntity
  8
Visible
 62
     5
100
AcDbLine
 10
561.684323
 20
183.5709239999986
 30
0.0
 11
574.6840280000001
 21
183.5709239999985
 31
0.0
210
0.0
220
0.0
230
-1.0
  0
ARC
  5
4D9
330
70
100
AcDbEntity
  8
Visible
 62
     5
100
AcDbCircle
 10
561.684323
 20
183.0708509999986
 30
0.0
 40
0.5000731562303073
100
AcDbArc
 50
90.0
 51
179.9999999999996
  0
LINE
  5
4DA
330
70
100
AcDbEntity
  8
Visible
 62
     5
100
AcDbLine
 10
561.18425
 20
170.0714909999986
 30
0.0
 11
561.18425
 21
183.0708509999986
 31
0.0
210
0.0
220
0.0
230
-1.0
  0
ARC
  5
4DB
330
70
100
AcDbEntity
  8
Visible
 62
     5
100
AcDbCircle
 10
561.684467
 20
170.0714909999986
 30
0.0
 40
0.5002175568679412
100
AcDbArc
 50
179.9999999999996
 51
270.0
  0
LINE
  5
4DC
330
70
100
AcDbEntity
  8
Visible
 62
     5
100
AcDbLine
 10
574.6840279999999
 20
169.5712739999985
 30
0.0
 11
561.684467
 21
169.5712739999986
 31
0.0
210
0.0
220
0.0
230
-1.0
  0
ARC
  5
4DD
330
70
100
AcDbEntity
  8
Visible
 62
     5
100
AcDbCircle
 10
569.921528
 20
189.1213179999986
 30
0.0
 40
0.5000441230017932
100
AcDbArc
 50
270.0
 51
359.9999999999996
  0
LINE
  5
4DE
330
70
100
AcDbEntity
  8
Visible
 62
     5
100
AcDbLine
 10
570.4215720000002
 20
202.1208799999986
 30
0.0
 11
570.421572
 21
189.1213179999986
 31
0.0
210
0.0
220
0.0
230
-1.0
  0
ARC
  5
4DF
330
70
100
AcDbEntity
  8
Visible
 62
     5
100
AcDbCircle
 10
569.9215280000002
 20
202.1208799999986
 30
0.0
 40
0.500044123001988
100
AcDbArc
 50
359.9999999999996
 51
90.0
  0
LINE
  5
4E0
330
70
100
AcDbEntity
  8
Visible
 62
     5
100
AcDbLine
 10
556.9218230000001
 20
202.6209239999987
 30
0.0
 11
569.9215280000002
 21
202.6209239999986
 31
0.0
210
0.0
220
0.0
230
-1.0
  0
ARC
  5
4E1
330
70
100
AcDbEntity
  8
Visible
 62
     5
100
AcDbCircle
 10
556.9218230000001
 20
202.1208509999986
 30
0.0
 40
0.5000731562301301
100
AcDbArc
 50
90.0
 51
179.9999999999996
  0
LINE
  5
4E2
330
70
100
AcDbEntity
  8
Visible
 62
     5
100
AcDbLine
 10
556.42175
 20
189.1213469999986
 30
0.0
 11
556.4217500000002
 21
202.1208509999987
 31
0.0
210
0.0
220
0.0
230
-1.0
  0
ARC
  5
4E3
330
70
100
AcDbEntity
  8
Visible
 62
     5
100
AcDbCircle
 10
556.9218230000001
 20
189.1213469999986
 30
0.0
 40
0.500073156230068
100
AcDbArc
 50
179.9999999999996
 51
270.0
  0
LINE
  5
4E4
330
70
100
AcDbEntity
  8
Visible
 62
     5
100
AcDbLine
 10
569.921528
 20
188.6212739999986
 30
0.0
 11
556.9218230000001
 21
188.6212739999986
 31
0.0
210
0.0
220
0.0
230
-1.0
  0
LINE
  5
4E5
330
70
100
AcDbEntity
  8
Visible
 62
     5
100
AcDbLine
 10
537.3717500000002
 20
202.1208509999988
 30
0.0
 11
537.3717500000001
 21
189.1213469999988
 31
0.0
210
0.0
220
0.0
230
-1.0
  0
ARC
  5
4E6
330
70
100
AcDbEntity
  8
Visible
 62
     5
100
AcDbCircle
 10
-537.871823
 20
189.1213469999988
 30
0.0
 40
0.500073156230592
210
0.0
220
0.0
230
-1.0
100
AcDbArc
 50
270.0
 51
0.0000000000003533
  0
LINE
  5
4E7
330
70
100
AcDbEntity
  8
Visible
 62
     5
100
AcDbLine
 10
537.871823
 20
188.6212739999988
 30
0.0
 11
550.8715720000001
 21
188.6212739999987
 31
0.0
210
0.0
220
0.0
230
-1.0
  0
ARC
  5
4E8
330
70
100
AcDbEntity
  8
Visible
 62
     5
100
AcDbCircle
 10
-550.8715720000001
 20
189.1212739999987
 30
0.0
 40
0.4999999999998832
210
0.0
220
0.0
230
-1.0
100
AcDbArc
 50
180.0000000000003
 51
270.0
  0
LINE
  5
4E9
330
70
100
AcDbEntity
  8
Visible
 62
     5
100
AcDbLine
 10
551.3715720000001
 20
189.1212739999987
 30
0.0
 11
551.3715720000002
 21
202.1209239999987
 31
0.0
210
0.0
220
0.0
230
-1.0
  0
ARC
  5
4EA
330
70
100
AcDbEntity
  8
Visible
 62
     5
100
AcDbCircle
 10
-550.8715720000002
 20
202.1209239999987
 30
0.0
 40
0.4999999999999011
210
0.0
220
0.0
230
-1.0
100
AcDbArc
 50
90.0
 51
180.0000000000003
  0
LINE
  5
4EB
330
70
100
AcDbEntity
  8
Visible
 62
     5
100
AcDbLine
 10
550.8715720000002
 20
202.6209239999987
 30
0.0
 11
537.8718230000002
 21
202.6209239999988
 31
0.0
210
0.0
220
0.0
230
-1.0
  0
ARC
  5
4EC
330
70
100
AcDbEntity
  8
Visible
 62
     5
100
AcDbCircle
 10
-537.8718230000002
 20
202.1208509999988
 30
0.0
 40
0.5000731562306802
210
0.0
220
0.0
230
-1.0
100
AcDbArc
 50
0.0000000000003533
 51
90.0
  0
ARC
  5
4ED
330
70
100
AcDbEntity
  8
Visible
 62
     5
100
AcDbCircle
 10
588.971528
 20
189.1213179999985
 30
0.0
 40
0.500044123002432
100
AcDbArc
 50
270.0
 51
359.9999999999996
  0
LINE
  5
4EE
330
70
100
AcDbEntity
  8
Visible
 62
     5
100
AcDbLine
 10
589.4715720000001
 20
202.1208799999985
 30
0.0
 11
589.4715720000001
 21
189.1213179999985
 31
0.0
210
0.0
220
0.0
230
-1.0
  0
ARC
  5
4EF
330
70
100
AcDbEntity
  8
Visible
 62
     5
100
AcDbCircle
 10
588.9715280000001
 20
202.1208799999985
 30
0.0
 40
0.5000441230024141
100
AcDbArc
 50
359.9999999999996
 51
90.0
  0
LINE
  5
4F0
330
70
100
AcDbEntity
  8
Visible
 62
     5
100
AcDbLine
 10
575.9719660000001
 20
202.6209239999985
 30
0.0
 11
588.9715280000001
 21
202.6209239999985
 31
0.0
210
0.0
220
0.0
230
-1.0
  0
ARC
  5
4F1
330
70
100
AcDbEntity
  8
Visible
 62
     5
100
AcDbCircle
 10
575.9719660000001
 20
202.1208799999985
 30
0.0
 40
0.500044123002077
100
AcDbArc
 50
90.0
 51
179.9999999999996
  0
LINE
  5
4F2
330
70
100
AcDbEntity
  8
Visible
 62
     5
100
AcDbLine
 10
575.4719220000001
 20
189.1213179999986
 30
0.0
 11
575.4719220000001
 21
202.1208799999986
 31
0.0
210
0.0
220
0.0
230
-1.0
  0
ARC
  5
4F3
330
70
100
AcDbEntity
  8
Visible
 62
     5
100
AcDbCircle
 10
575.971966
 20
189.1213179999985
 30
0.0
 40
0.5000441230020592
100
AcDbArc
 50
179.9999999999996
 51
270.0
  0
LINE
  5
4F4
330
70
100
AcDbEntity
  8
Visible
 62
     5
100
AcDbLine
 10
588.971528
 20
188.6212739999985
 30
0.0
 11
575.971966
 21
188.6212739999985
 31
0.0
210
0.0
220
0.0
230
-1.0
  0
LINE
  5
50D
330
70
100
AcDbEntity
  8
Visible
 62
     5
100
AcDbLine
 10
398.9715720000001
 20
189.1212739999996
 30
0.0
 11
398.9715720000002
 21
202.1209239999997
 31
0.0
210
0.0
220
0.0
230
-1.0
  0
ARC
  5
50E
330
70
100
AcDbEntity
  8
Visible
 62
     5
100
AcDbCircle
 10
-398.4715720000001
 20
202.1209239999997
 30
0.0
 40
0.50000000000006
210
0.0
220
0.0
230
-1.0
100
AcDbArc
 50
90.0
 51
180.0000000000003
  0
LINE
  5
50F
330
70
100
AcDbEntity
  8
Visible
 62
     5
100
AcDbLine
 10
398.4715720000002
 20
202.6209239999996
 30
0.0
 11
385.4718230000002
 21
202.6209239999997
 31
0.0
210
0.0
220
0.0
230
-1.0
  0
ARC
  5
510
330
70
100
AcDbEntity
  8
Visible
 62
     5
100
AcDbCircle
 10
-385.4718230000001
 20
202.1208509999997
 30
0.0
 40
0.500073156230254
210
0.0
220
0.0
230
-1.0
100
AcDbArc
 50
0.0000000000003533
 51
90.0
  0
LINE
  5
511
330
70
100
AcDbEntity
  8
Visible
 62
     5
100
AcDbLine
 10
384.9717500000001
 20
202.1208509999997
 30
0.0
 11
384.9717500000001
 21
189.1213469999997
 31
0.0
210
0.0
220
0.0
230
-1.0
  0
ARC
  5
512
330
70
100
AcDbEntity
  8
Visible
 62
     5
100
AcDbCircle
 10
-385.4718230000001
 20
189.1213469999997
 30
0.0
 40
0.500073156230254
210
0.0
220
0.0
230
-1.0
100
AcDbArc
 50
270.0
 51
0.0000000000003533
  0
LINE
  5
513
330
70
100
AcDbEntity
  8
Visible
 62
     5
100
AcDbLine
 10
385.4718230000001
 20
188.6212739999997
 30
0.0
 11
398.4715720000001
 21
188.6212739999996
 31
0.0
210
0.0
220
0.0
230
-1.0
  0
ARC
  5
514
330
70
100
AcDbEntity
  8
Visible
 62
     5
100
AcDbCircle
 10
-398.4715720000001
 20
189.1212739999996
 30
0.0
 40
0.5000000000000961
210
0.0
220
0.0
230
-1.0
100
AcDbArc
 50
180.0000000000003
 51
270.0
  0
ARC
  5
515
330
70
100
AcDbEntity
  8
Visible
 62
     5
100
AcDbCircle
 10
-366.4218230000002
 20
202.1208509999998
 30
0.0
 40
0.500073156230219
210
0.0
220
0.0
230
-1.0
100
AcDbArc
 50
0.0000000000003533
 51
90.0
  0
LINE
  5
516
330
70
100
AcDbEntity
  8
Visible
 62
     5
100
AcDbLine
 10
365.9217500000001
 20
202.1208509999998
 30
0.0
 11
365.9217500000001
 21
189.1213469999998
 31
0.0
210
0.0
220
0.0
230
-1.0
  0
ARC
  5
517
330
70
100
AcDbEntity
  8
Visible
 62
     5
100
AcDbCircle
 10
-366.4218230000001
 20
189.1213469999998
 30
0.0
 40
0.500073156230254
210
0.0
220
0.0
230
-1.0
100
AcDbArc
 50
270.0
 51
0.0000000000003533
  0
LINE
  5
518
330
70
100
AcDbEntity
  8
Visible
 62
     5
100
AcDbLine
 10
366.4218230000001
 20
188.6212739999998
 30
0.0
 11
379.4215720000001
 21
188.6212739999997
 31
0.0
210
0.0
220
0.0
230
-1.0
  0
ARC
  5
519
330
70
100
AcDbEntity
  8
Visible
 62
     5
100
AcDbCircle
 10
-379.4215720000001
 20
189.1212739999997
 30
0.0
 40
0.500000000000043
210
0.0
220
0.0
230
-1.0
100
AcDbArc
 50
180.0000000000003
 51
270.0
  0
LINE
  5
51A
330
70
100
AcDbEntity
  8
Visible
 62
     5
100
AcDbLine
 10
379.9215720000001
 20
189.1212739999997
 30
0.0
 11
379.9215720000002
 21
202.1209239999997
 31
0.0
210
0.0
220
0.0
230
-1.0
  0
ARC
  5
51B
330
70
100
AcDbEntity
  8
Visible
 62
     5
100
AcDbCircle
 10
-379.4215720000001
 20
202.1209239999997
 30
0.0
 40
0.5000000000000691
210
0.0
220
0.0
230
-1.0
100
AcDbArc
 50
90.0
 51
180.0000000000003
  0
LINE
  5
51C
330
70
100
AcDbEntity
  8
Visible
 62
     5
100
AcDbLine
 10
379.4215720000002
 20
202.6209239999997
 30
0.0
 11
366.4218230000003
 21
202.6209239999998
 31
0.0
210
0.0
220
0.0
230
-1.0
  0
ARC
  5
51D
330
70
100
AcDbEntity
  8
Visible
 62
     5
100
AcDbCircle
 10
-404.5218230000001
 20
189.1213469999996
 30
0.0
 40
0.5000731562303251
210
0.0
220
0.0
230
-1.0
100
AcDbArc
 50
270.0
 51
0.0000000000003533
  0
LINE
  5
51E
330
70
100
AcDbEntity
  8
Visible
 62
     5
100
AcDbLine
 10
404.5218230000001
 20
188.6212739999996
 30
0.0
 11
417.5215720000001
 21
188.6212739999995
 31
0.0
210
0.0
220
0.0
230
-1.0
  0
ARC
  5
51F
330
70
100
AcDbEntity
  8
Visible
 62
     5
100
AcDbCircle
 10
-417.5215720000001
 20
189.1212739999995
 30
0.0
 40
0.50000000000006
210
0.0
220
0.0
230
-1.0
100
AcDbArc
 50
180.0000000000003
 51
270.0
  0
LINE
  5
520
330
70
100
AcDbEntity
  8
Visible
 62
     5
100
AcDbLine
 10
418.0215720000001
 20
189.1212739999995
 30
0.0
 11
418.0215720000001
 21
202.1209239999995
 31
0.0
210
0.0
220
0.0
230
-1.0
  0
ARC
  5
521
330
70
100
AcDbEntity
  8
Visible
 62
     5
100
AcDbCircle
 10
-417.5215720000001
 20
202.1209239999995
 30
0.0
 40
0.5000000000000781
210
0.0
220
0.0
230
-1.0
100
AcDbArc
 50
90.0
 51
180.0000000000003
  0
LINE
  5
522
330
70
100
AcDbEntity
  8
Visible
 62
     5
100
AcDbLine
 10
417.5215720000001
 20
202.6209239999995
 30
0.0
 11
404.5218230000002
 21
202.6209239999996
 31
0.0
210
0.0
220
0.0
230
-1.0
  0
ARC
  5
523
330
70
100
AcDbEntity
  8
Visible
 62
     5
100
AcDbCircle
 10
-404.5218230000001
 20
202.1208509999996
 30
0.0
 40
0.5000731562303251
210
0.0
220
0.0
230
-1.0
100
AcDbArc
 50
0.0000000000003533
 51
90.0
  0
LINE
  5
524
330
70
100
AcDbEntity
  8
Visible
 62
     5
100
AcDbLine
 10
404.0217500000001
 20
202.1208509999996
 30
0.0
 11
404.0217500000001
 21
189.1213469999996
 31
0.0
210
0.0
220
0.0
230
-1.0
  0
ARC
  5
525
330
70
100
AcDbEntity
  8
Visible
 62
     5
100
AcDbCircle
 10
-461.6718230000001
 20
189.1213469999992
 30
0.0
 40
0.500073156230521
210
0.0
220
0.0
230
-1.0
100
AcDbArc
 50
270.0
 51
0.0000000000003533
  0
LINE
  5
526
330
70
100
AcDbEntity
  8
Visible
 62
     5
100
AcDbLine
 10
461.6718230000001
 20
188.6212739999992
 30
0.0
 11
474.671572
 21
188.6212739999992
 31
0.0
210
0.0
220
0.0
230
-1.0
  0
ARC
  5
527
330
70
100
AcDbEntity
  8
Visible
 62
     5
100
AcDbCircle
 10
-474.671572
 20
189.1212739999992
 30
0.0
 40
0.499999999999874
210
0.0
220
0.0
230
-1.0
100
AcDbArc
 50
180.0000000000003
 51
270.0
  0
LINE
  5
528
330
70
100
AcDbEntity
  8
Visible
 62
     5
100
AcDbLine
 10
475.171572
 20
189.1212739999992
 30
0.0
 11
475.1715720000001
 21
202.1209239999992
 31
0.0
210
0.0
220
0.0
230
-1.0
  0
ARC
  5
529
330
70
100
AcDbEntity
  8
Visible
 62
     5
100
AcDbCircle
 10
-474.6715720000001
 20
202.1209239999992
 30
0.0
 40
0.50000000000006
210
0.0
220
0.0
230
-1.0
100
AcDbArc
 50
90.0
 51
180.0000000000003
  0
LINE
  5
52A
330
70
100
AcDbEntity
  8
Visible
 62
     5
100
AcDbLine
 10
474.6715720000001
 20
202.6209239999992
 30
0.0
 11
461.6718230000001
 21
202.6209239999992
 31
0.0
210
0.0
220
0.0
230
-1.0
  0
ARC
  5
52B
330
70
100
AcDbEntity
  8
Visible
 62
     5
100
AcDbCircle
 10
-461.6718230000001
 20
202.1208509999993
 30
0.0
 40
0.500073156230272
210
0.0
220
0.0
230
-1.0
100
AcDbArc
 50
0.0000000000003533
 51
90.0
  0
LINE
  5
52C
330
70
100
AcDbEntity
  8
Visible
 62
     5
100
AcDbLine
 10
461.1717500000001
 20
202.1208509999993
 30
0.0
 11
461.1717500000001
 21
189.1213469999992
 31
0.0
210
0.0
220
0.0
230
-1.0
  0
LINE
  5
52D
330
70
100
AcDbEntity
  8
Visible
 62
     5
100
AcDbLine
 10
494.221572
 20
189.1212739999991
 30
0.0
 11
494.2215720000001
 21
202.1209239999991
 31
0.0
210
0.0
220
0.0
230
-1.0
  0
ARC
  5
52E
330
70
100
AcDbEntity
  8
Visible
 62
     5
100
AcDbCircle
 10
-493.7215720000001
 20
202.1209239999991
 30
0.0
 40
0.4999999999997942
210
0.0
220
0.0
230
-1.0
100
AcDbArc
 50
90.0
 51
180.0000000000003
  0
LINE
  5
52F
330
70
100
AcDbEntity
  8
Visible
 62
     5
100
AcDbLine
 10
493.7215720000001
 20
202.6209239999991
 30
0.0
 11
480.7218230000001
 21
202.6209239999992
 31
0.0
210
0.0
220
0.0
230
-1.0
  0
ARC
  5
530
330
70
100
AcDbEntity
  8
Visible
 62
     5
100
AcDbCircle
 10
-480.7218230000001
 20
202.1208509999991
 30
0.0
 40
0.500073156230041
210
0.0
220
0.0
230
-1.0
100
AcDbArc
 50
0.0000000000003533
 51
90.0
  0
LINE
  5
531
330
70
100
AcDbEntity
  8
Visible
 62
     5
100
AcDbLine
 10
480.2217500000002
 20
202.1208509999991
 30
0.0
 11
480.2217500000001
 21
189.1213469999991
 31
0.0
210
0.0
220
0.0
230
-1.0
  0
ARC
  5
532
330
70
100
AcDbEntity
  8
Visible
 62
     5
100
AcDbCircle
 10
-480.7218230000001
 20
189.1213469999991
 30
0.0
 40
0.5000731562301301
210
0.0
220
0.0
230
-1.0
100
AcDbArc
 50
270.0
 51
0.0000000000003533
  0
LINE
  5
533
330
70
100
AcDbEntity
  8
Visible
 62
     5
100
AcDbLine
 10
480.7218230000001
 20
188.6212739999991
 30
0.0
 11
493.7215720000001
 21
188.621273999999
 31
0.0
210
0.0
220
0.0
230
-1.0
  0
ARC
  5
534
330
70
100
AcDbEntity
  8
Visible
 62
     5
100
AcDbCircle
 10
-493.7215720000001
 20
189.1212739999991
 30
0.0
 40
0.4999999999999271
210
0.0
220
0.0
230
-1.0
100
AcDbArc
 50
180.0000000000003
 51
270.0
  0
LINE
  5
535
330
70
100
AcDbEntity
  8
Visible
 62
     5
100
AcDbLine
 10
560.3965720000002
 20
207.6712739999987
 30
0.0
 11
547.3968230000003
 21
207.6712739999987
 31
0.0
210
0.0
220
0.0
230
-1.0
  0
ARC
  5
536
330
70
100
AcDbEntity
  8
Visible
 62
     5
100
AcDbCircle
 10
560.3965720000002
 20
208.1712739999987
 30
0.0
 40
0.5000000000003979
100
AcDbArc
 50
270.0
 51
359.9999999999996
  0
LINE
  5
537
330
70
100
AcDbEntity
  8
Visible
 62
     5
100
AcDbLine
 10
560.8965720000003
 20
221.1709239999987
 30
0.0
 11
560.8965720000002
 21
208.1712739999987
 31
0.0
210
0.0
220
0.0
230
-1.0
  0
ARC
  5
538
330
70
100
AcDbEntity
  8
Visible
 62
     5
100
AcDbCircle
 10
560.3965720000003
 20
221.1709239999987
 30
0.0
 40
0.5000000000004162
100
AcDbArc
 50
359.9999999999996
 51
90.0
  0
LINE
  5
539
330
70
100
AcDbEntity
  8
Visible
 62
     5
100
AcDbLine
 10
547.3968230000003
 20
221.6709239999987
 30
0.0
 11
560.3965720000003
 21
221.6709239999987
 31
0.0
210
0.0
220
0.0
230
-1.0
  0
ARC
  5
53A
330
70
100
AcDbEntity
  8
Visible
 62
     5
100
AcDbCircle
 10
547.3968230000003
 20
221.1708509999987
 30
0.0
 40
0.5000731562302362
100
AcDbArc
 50
90.0
 51
179.9999999999996
  0
LINE
  5
53B
330
70
100
AcDbEntity
  8
Visible
 62
     5
100
AcDbLine
 10
546.8967500000002
 20
208.1713469999987
 30
0.0
 11
546.8967500000003
 21
221.1708509999987
 31
0.0
210
0.0
220
0.0
230
-1.0
  0
ARC
  5
53C
330
70
100
AcDbEntity
  8
Visible
 62
     5
100
AcDbCircle
 10
547.3968230000003
 20
208.1713469999987
 30
0.0
 40
0.5000731562304141
100
AcDbArc
 50
179.9999999999996
 51
270.0
  0
LINE
  5
53D
330
70
100
AcDbEntity
  8
Visible
 62
     5
100
AcDbLine
 10
509.2967500000002
 20
221.670923999999
 30
0.0
 11
522.2965720000003
 21
221.6709239999989
 31
0.0
210
0.0
220
0.0
230
-1.0
  0
ARC
  5
53E
330
70
100
AcDbEntity
  8
Visible
 62
     5
100
AcDbCircle
 10
509.2967500000002
 20
221.170923999999
 30
0.0
 40
0.5000000000000071
100
AcDbArc
 50
90.0
 51
179.9999999999996
  0
LINE
  5
53F
330
70
100
AcDbEntity
  8
Visible
 62
     5
100
AcDbLine
 10
508.7967500000002
 20
208.171346999999
 30
0.0
 11
508.7967500000003
 21
221.170923999999
 31
0.0
210
0.0
220
0.0
230
-1.0
  0
ARC
  5
540
330
70
100
AcDbEntity
  8
Visible
 62
     5
100
AcDbCircle
 10
509.2968230000002
 20
208.171346999999
 30
0.0
 40
0.500073156230254
100
AcDbArc
 50
179.9999999999996
 51
270.0
  0
LINE
  5
541
330
70
100
AcDbEntity
  8
Visible
 62
     5
100
AcDbLine
 10
522.2965720000002
 20
207.6712739999989
 30
0.0
 11
509.2968230000002
 21
207.671273999999
 31
0.0
210
0.0
220
0.0
230
-1.0
  0
ARC
  5
542
330
70
100
AcDbEntity
  8
Visible
 62
     5
100
AcDbCircle
 10
522.2965720000002
 20
208.1712739999989
 30
0.0
 40
0.5000000000006472
100
AcDbArc
 50
270.0
 51
359.9999999999996
  0
LINE
  5
543
330
70
100
AcDbEntity
  8
Visible
 62
     5
100
AcDbLine
 10
522.7965720000002
 20
221.1709239999989
 30
0.0
 11
522.7965720000002
 21
208.1712739999989
 31
0.0
210
0.0
220
0.0
230
-1.0
  0
ARC
  5
544
330
70
100
AcDbEntity
  8
Visible
 62
     5
100
AcDbCircle
 10
522.2965720000003
 20
221.1709239999989
 30
0.0
 40
0.500000000000043
100
AcDbArc
 50
359.9999999999996
 51
90.0
  0
LINE
  5
545
330
70
100
AcDbEntity
  8
Visible
 62
     5
100
AcDbLine
 10
528.3468230000003
 20
221.6709239999989
 30
0.0
 11
541.3465720000003
 21
221.6709239999988
 31
0.0
210
0.0
220
0.0
230
-1.0
  0
ARC
  5
546
330
70
100
AcDbEntity
  8
Visible
 62
     5
100
AcDbCircle
 10
528.3468230000003
 20
221.1708509999988
 30
0.0
 40
0.5000731562299881
100
AcDbArc
 50
90.0
 51
179.9999999999996
  0
LINE
  5
547
330
70
100
AcDbEntity
  8
Visible
 62
     5
100
AcDbLine
 10
527.8467500000001
 20
208.1713469999989
 30
0.0
 11
527.8467500000003
 21
221.1708509999988
 31
0.0
210
0.0
220
0.0
230
-1.0
  0
ARC
  5
548
330
70
100
AcDbEntity
  8
Visible
 62
     5
100
AcDbCircle
 10
528.3468230000002
 20
208.1713469999989
 30
0.0
 40
0.500073156230201
100
AcDbArc
 50
179.9999999999996
 51
270.0
  0
LINE
  5
549
330
70
100
AcDbEntity
  8
Visible
 62
     5
100
AcDbLine
 10
541.3465720000001
 20
207.6712739999988
 30
0.0
 11
528.3468230000002
 21
207.6712739999989
 31
0.0
210
0.0
220
0.0
230
-1.0
  0
ARC
  5
54A
330
70
100
AcDbEntity
  8
Visible
 62
     5
100
AcDbCircle
 10
541.3465720000001
 20
208.1712739999988
 30
0.0
 40
0.4999999999997581
100
AcDbArc
 50
270.0
 51
359.9999999999996
  0
LINE
  5
54B
330
70
100
AcDbEntity
  8
Visible
 62
     5
100
AcDbLine
 10
541.8465720000003
 20
221.1709239999988
 30
0.0
 11
541.8465720000001
 21
208.1712739999988
 31
0.0
210
0.0
220
0.0
230
-1.0
  0
ARC
  5
54C
330
70
100
AcDbEntity
  8
Visible
 62
     5
100
AcDbCircle
 10
541.3465720000003
 20
221.1709239999988
 30
0.0
 40
0.499999999999332
100
AcDbArc
 50
359.9999999999996
 51
90.0
  0
ARC
  5
54D
330
70
100
AcDbEntity
  8
Visible
 62
     5
100
AcDbCircle
 10
579.4465720000003
 20
221.1709239999986
 30
0.0
 40
0.500000000000025
100
AcDbArc
 50
359.9999999999996
 51
90.0
  0
LINE
  5
54E
330
70
100
AcDbEntity
  8
Visible
 62
     5
100
AcDbLine
 10
566.4469250000003
 20
221.6709239999986
 30
0.0
 11
579.4465720000003
 21
221.6709239999985
 31
0.0
210
0.0
220
0.0
230
-1.0
  0
ARC
  5
54F
330
70
100
AcDbEntity
  8
Visible
 62
     5
100
AcDbCircle
 10
566.4469250000003
 20
221.1707479999986
 30
0.0
 40
0.500175323726282
100
AcDbArc
 50
90.0
 51
179.9999999999996
  0
LINE
  5
550
330
70
100
AcDbEntity
  8
Visible
 62
     5
100
AcDbLine
 10
565.9467500000003
 20
208.1714489999986
 30
0.0
 11
565.9467500000003
 21
221.1707479999986
 31
0.0
210
0.0
220
0.0
230
-1.0
  0
ARC
  5
551
330
70
100
AcDbEntity
  8
Visible
 62
     5
100
AcDbCircle
 10
566.4469250000002
 20
208.1714489999986
 30
0.0
 40
0.5001753237264772
100
AcDbArc
 50
179.9999999999996
 51
270.0
  0
LINE
  5
552
330
70
100
AcDbEntity
  8
Visible
 62
     5
100
AcDbLine
 10
579.4465280000001
 20
207.6712739999986
 30
0.0
 11
566.4469250000002
 21
207.6712739999986
 31
0.0
210
0.0
220
0.0
230
-1.0
  0
ARC
  5
553
330
70
100
AcDbEntity
  8
Visible
 62
     5
100
AcDbCircle
 10
579.4465280000001
 20
208.1713179999985
 30
0.0
 40
0.5000441230018641
100
AcDbArc
 50
270.0
 51
359.9999999999996
  0
LINE
  5
554
330
70
100
AcDbEntity
  8
Visible
 62
     5
100
AcDbLine
 10
579.9465720000003
 20
221.1709239999986
 30
0.0
 11
579.9465720000003
 21
208.1713179999985
 31
0.0
210
0.0
220
0.0
230
-1.0
  0
LINE
  5
555
330
70
100
AcDbEntity
  8
Visible
 62
     5
100
AcDbLine
 10
413.5467500000002
 20
208.1713469999995
 30
0.0
 11
413.5467500000003
 21
221.1708509999995
 31
0.0
210
0.0
220
0.0
230
-1.0
  0
ARC
  5
556
330
70
100
AcDbEntity
  8
Visible
 62
     5
100
AcDbCircle
 10
414.0468230000002
 20
208.1713469999995
 30
0.0
 40
0.500073156230219
100
AcDbArc
 50
179.9999999999996
 51
270.0
  0
LINE
  5
557
330
70
100
AcDbEntity
  8
Visible
 62
     5
100
AcDbLine
 10
427.0465720000002
 20
207.6712739999995
 30
0.0
 11
414.0468230000002
 21
207.6712739999996
 31
0.0
210
0.0
220
0.0
230
-1.0
  0
ARC
  5
558
330
70
100
AcDbEntity
  8
Visible
 62
     5
100
AcDbCircle
 10
427.0465720000002
 20
208.1712739999995
 30
0.0
 40
0.4999999999999892
100
AcDbArc
 50
270.0
 51
359.9999999999996
  0
LINE
  5
559
330
70
100
AcDbEntity
  8
Visible
 62
     5
100
AcDbLine
 10
427.5465720000003
 20
221.1709239999995
 30
0.0
 11
427.5465720000002
 21
208.1712739999995
 31
0.0
210
0.0
220
0.0
230
-1.0
  0
ARC
  5
55A
330
70
100
AcDbEntity
  8
Visible
 62
     5
100
AcDbCircle
 10
427.0465720000003
 20
221.1709239999995
 30
0.0
 40
0.5000000000000071
100
AcDbArc
 50
359.9999999999996
 51
90.0
  0
LINE
  5
55B
330
70
100
AcDbEntity
  8
Visible
 62
     5
100
AcDbLine
 10
414.0468230000003
 20
221.6709239999996
 30
0.0
 11
427.0465720000003
 21
221.6709239999995
 31
0.0
210
0.0
220
0.0
230
-1.0
  0
ARC
  5
55C
330
70
100
AcDbEntity
  8
Visible
 62
     5
100
AcDbCircle
 10
414.0468230000003
 20
221.1708509999995
 30
0.0
 40
0.5000731562298811
100
AcDbArc
 50
90.0
 51
179.9999999999996
  0
LINE
  5
55D
330
70
100
AcDbEntity
  8
Visible
 62
     5
100
AcDbLine
 10
490.2468230000002
 20
221.6709239999991
 30
0.0
 11
503.2465720000002
 21
221.670923999999
 31
0.0
210
0.0
220
0.0
230
-1.0
  0
ARC
  5
55E
330
70
100
AcDbEntity
  8
Visible
 62
     5
100
AcDbCircle
 10
490.2468230000002
 20
221.170850999999
 30
0.0
 40
0.500073156229739
100
AcDbArc
 50
90.0
 51
179.9999999999996
  0
LINE
  5
55F
330
70
100
AcDbEntity
  8
Visible
 62
     5
100
AcDbLine
 10
489.7467500000002
 20
208.1713469999991
 30
0.0
 11
489.7467500000002
 21
221.170850999999
 31
0.0
210
0.0
220
0.0
230
-1.0
  0
ARC
  5
560
330
70
100
AcDbEntity
  8
Visible
 62
     5
100
AcDbCircle
 10
490.2468230000001
 20
208.1713469999991
 30
0.0
 40
0.500073156230041
100
AcDbArc
 50
179.9999999999996
 51
270.0
  0
LINE
  5
561
330
70
100
AcDbEntity
  8
Visible
 62
     5
100
AcDbLine
 10
503.2465720000002
 20
207.671273999999
 30
0.0
 11
490.2468230000001
 21
207.6712739999991
 31
0.0
210
0.0
220
0.0
230
-1.0
  0
ARC
  5
562
330
70
100
AcDbEntity
  8
Visible
 62
     5
100
AcDbCircle
 10
503.2465720000002
 20
208.171273999999
 30
0.0
 40
0.5000000000000071
100
AcDbArc
 50
270.0
 51
359.9999999999996
  0
LINE
  5
563
330
70
100
AcDbEntity
  8
Visible
 62
     5
100
AcDbLine
 10
503.7465720000002
 20
221.170923999999
 30
0.0
 11
503.7465720000002
 21
208.171273999999
 31
0.0
210
0.0
220
0.0
230
-1.0
  0
ARC
  5
564
330
70
100
AcDbEntity
  8
Visible
 62
     5
100
AcDbCircle
 10
503.2465720000002
 20
221.170923999999
 30
0.0
 40
0.499999999999865
100
AcDbArc
 50
359.9999999999996
 51
90.0
  0
LINE
  5
565
330
70
100
AcDbEntity
  8
Visible
 62
     5
100
AcDbLine
 10
469.9090719999999
 20
164.5209239999992
 30
0.0
 11
456.909323
 21
164.5209239999993
 31
0.0
210
0.0
220
0.0
230
-1.0
  0
ARC
  5
566
330
70
100
AcDbEntity
  8
Visible
 62
     5
100
AcDbCircle
 10
-456.909323
 20
164.0208509999992
 30
0.0
 40
0.50007315622997
210
0.0
220
0.0
230
-1.0
100
AcDbArc
 50
0.0000000000003533
 51
90.0
  0
LINE
  5
567
330
70
100
AcDbEntity
  8
Visible
 62
     5
100
AcDbLine
 10
456.4092499999999
 20
164.0208509999992
 30
0.0
 11
456.4092499999999
 21
151.0213469999993
 31
0.0
210
0.0
220
0.0
230
-1.0
  0
ARC
  5
568
330
70
100
AcDbEntity
  8
Visible
 62
     5
100
AcDbCircle
 10
-456.9093229999999
 20
151.0213469999993
 30
0.0
 40
0.5000731562299521
210
0.0
220
0.0
230
-1.0
100
AcDbArc
 50
270.0
 51
0.0000000000003533
  0
LINE
  5
569
330
70
100
AcDbEntity
  8
Visible
 62
     5
100
AcDbLine
 10
456.9093229999999
 20
150.5212739999993
 30
0.0
 11
469.9090719999999
 21
150.5212739999992
 31
0.0
210
0.0
220
0.0
230
-1.0
  0
ARC
  5
56A
330
70
100
AcDbEntity
  8
Visible
 62
     5
100
AcDbCircle
 10
-469.9090719999999
 20
151.0212739999992
 30
0.0
 40
0.499999999999985
210
0.0
220
0.0
230
-1.0
100
AcDbArc
 50
180.0000000000003
 51
270.0
  0
LINE
  5
56B
330
70
100
AcDbEntity
  8
Visible
 62
     5
100
AcDbLine
 10
470.4090719999999
 20
151.0212739999992
 30
0.0
 11
470.4090719999999
 21
164.0209239999992
 31
0.0
210
0.0
220
0.0
230
-1.0
  0
ARC
  5
56C
330
70
100
AcDbEntity
  8
Visible
 62
     5
100
AcDbCircle
 10
-469.9090719999999
 20
164.0209239999992
 30
0.0
 40
0.4999999999999011
210
0.0
220
0.0
230
-1.0
100
AcDbArc
 50
90.0
 51
180.0000000000003
  0
LINE
  5
56D
330
70
100
AcDbEntity
  8
Visible
 62
     5
100
AcDbLine
 10
552.1593229999998
 20
150.5212739999987
 30
0.0
 11
565.1590719999999
 21
150.5212739999986
 31
0.0
210
0.0
220
0.0
230
-1.0
  0
ARC
  5
56E
330
70
100
AcDbEntity
  8
Visible
 62
     5
100
AcDbCircle
 10
-565.1590719999999
 20
151.0212739999986
 30
0.0
 40
0.4999999999999051
210
0.0
220
0.0
230
-1.0
100
AcDbArc
 50
180.0000000000003
 51
270.0
  0
LINE
  5
56F
330
70
100
AcDbEntity
  8
Visible
 62
     5
100
AcDbLine
 10
565.6590719999999
 20
151.0212739999986
 30
0.0
 11
565.6590719999999
 21
164.0209239999986
 31
0.0
210
0.0
220
0.0
230
-1.0
  0
ARC
  5
570
330
70
100
AcDbEntity
  8
Visible
 62
     5
100
AcDbCircle
 10
-565.1590719999999
 20
164.0209239999986
 30
0.0
 40
0.4999999999998292
210
0.0
220
0.0
230
-1.0
100
AcDbArc
 50
90.0
 51
180.0000000000003
  0
LINE
  5
571
330
70
100
AcDbEntity
  8
Visible
 62
     5
100
AcDbLine
 10
565.1590719999999
 20
164.5209239999986
 30
0.0
 11
552.1593229999999
 21
164.5209239999987
 31
0.0
210
0.0
220
0.0
230
-1.0
  0
ARC
  5
572
330
70
100
AcDbEntity
  8
Visible
 62
     5
100
AcDbCircle
 10
-552.1593229999999
 20
164.0208509999987
 30
0.0
 40
0.5000731562306182
210
0.0
220
0.0
230
-1.0
100
AcDbArc
 50
0.0000000000003533
 51
90.0
  0
LINE
  5
573
330
70
100
AcDbEntity
  8
Visible
 62
     5
100
AcDbLine
 10
551.6592499999999
 20
164.0208509999987
 30
0.0
 11
551.6592499999999
 21
151.0213469999987
 31
0.0
210
0.0
220
0.0
230
-1.0
  0
ARC
  5
574
330
70
100
AcDbEntity
  8
Visible
 62
     5
100
AcDbCircle
 10
-552.1593229999998
 20
151.0213469999987
 30
0.0
 40
0.5000731562305562
210
0.0
220
0.0
230
-1.0
100
AcDbArc
 50
270.0
 51
0.0000000000003533
  0
ARC
  5
575
330
70
100
AcDbEntity
  8
Visible
 62
     5
100
AcDbCircle
 10
-399.759323
 20
164.0208509999996
 30
0.0
 40
0.5000731562302631
210
0.0
220
0.0
230
-1.0
100
AcDbArc
 50
0.0000000000003533
 51
90.0
  0
LINE
  5
576
330
70
100
AcDbEntity
  8
Visible
 62
     5
100
AcDbLine
 10
399.25925
 20
164.0208509999996
 30
0.0
 11
399.2592499999999
 21
151.0213469999996
 31
0.0
210
0.0
220
0.0
230
-1.0
  0
ARC
  5
577
330
70
100
AcDbEntity
  8
Visible
 62
     5
100
AcDbCircle
 10
-399.7593229999999
 20
151.0213469999996
 30
0.0
 40
0.5000731562303073
210
0.0
220
0.0
230
-1.0
100
AcDbArc
 50
270.0
 51
0.0000000000003533
  0
LINE
  5
578
330
70
100
AcDbEntity
  8
Visible
 62
     5
100
AcDbLine
 10
399.7593229999999
 20
150.5212739999996
 30
0.0
 11
412.7590719999998
 21
150.5212739999995
 31
0.0
210
0.0
220
0.0
230
-1.0
  0
ARC
  5
579
330
70
100
AcDbEntity
  8
Visible
 62
     5
100
AcDbCircle
 10
-412.7590719999998
 20
151.0212739999995
 30
0.0
 40
0.500000000000052
210
0.0
220
0.0
230
-1.0
100
AcDbArc
 50
180.0000000000003
 51
270.0
  0
LINE
  5
57A
330
70
100
AcDbEntity
  8
Visible
 62
     5
100
AcDbLine
 10
413.2590719999998
 20
151.0212739999995
 30
0.0
 11
413.2590719999998
 21
164.0209239999995
 31
0.0
210
0.0
220
0.0
230
-1.0
  0
ARC
  5
57B
330
70
100
AcDbEntity
  8
Visible
 62
     5
100
AcDbCircle
 10
-412.7590719999998
 20
164.0209239999995
 30
0.0
 40
0.5000000000000961
210
0.0
220
0.0
230
-1.0
100
AcDbArc
 50
90.0
 51
180.0000000000003
  0
LINE
  5
57C
330
70
100
AcDbEntity
  8
Visible
 62
     5
100
AcDbLine
 10
412.7590719999998
 20
164.5209239999995
 30
0.0
 11
399.759323
 21
164.5209239999996
 31
0.0
210
0.0
220
0.0
230
-1.0
  0
LINE
  5
57D
330
70
100
AcDbEntity
  8
Visible
 62
     5
100
AcDbLine
 10
475.4592499999999
 20
151.0213469999991
 30
0.0
 11
475.45925
 21
164.0208509999991
 31
0.0
210
0.0
220
0.0
230
-1.0
  0
ARC
  5
57E
330
70
100
AcDbEntity
  8
Visible
 62
     5
100
AcDbCircle
 10
475.9593229999999
 20
151.0213469999991
 30
0.0
 40
0.5000731562306093
100
AcDbArc
 50
179.9999999999996
 51
270.0
  0
LINE
  5
57F
330
70
100
AcDbEntity
  8
Visible
 62
     5
100
AcDbLine
 10
488.9590719999999
 20
150.5212739999991
 30
0.0
 11
475.9593229999999
 21
150.5212739999992
 31
0.0
210
0.0
220
0.0
230
-1.0
  0
ARC
  5
580
330
70
100
AcDbEntity
  8
Visible
 62
     5
100
AcDbCircle
 10
488.9590719999999
 20
151.0212739999991
 30
0.0
 40
0.4999999999999011
100
AcDbArc
 50
270.0
 51
359.9999999999996
  0
LINE
  5
581
330
70
100
AcDbEntity
  8
Visible
 62
     5
100
AcDbLine
 10
489.459072
 20
164.0209239999991
 30
0.0
 11
489.4590719999999
 21
151.0212739999991
 31
0.0
210
0.0
220
0.0
230
-1.0
  0
ARC
  5
582
330
70
100
AcDbEntity
  8
Visible
 62
     5
100
AcDbCircle
 10
488.959072
 20
164.0209239999991
 30
0.0
 40
0.4999999999998472
100
AcDbArc
 50
359.9999999999996
 51
90.0
  0
LINE
  5
583
330
70
100
AcDbEntity
  8
Visible
 62
     5
100
AcDbLine
 10
475.9593229999999
 20
164.5209239999991
 30
0.0
 11
488.959072
 21
164.5209239999991
 31
0.0
210
0.0
220
0.0
230
-1.0
  0
ARC
  5
584
330
70
100
AcDbEntity
  8
Visible
 62
     5
100
AcDbCircle
 10
475.9593229999999
 20
164.0208509999991
 30
0.0
 40
0.500073156230503
100
AcDbArc
 50
90.0
 51
179.9999999999996
  0
LINE
  5
585
330
70
100
AcDbEntity
  8
Visible
 62
     5
100
AcDbLine
 10
532.6092499999999
 20
164.0208509999988
 30
0.0
 11
532.6092499999998
 21
151.0213469999988
 31
0.0
210
0.0
220
0.0
230
-1.0
  0
ARC
  5
586
330
70
100
AcDbEntity
  8
Visible
 62
     5
100
AcDbCircle
 10
-533.1093229999999
 20
151.0213469999988
 30
0.0
 40
0.500073156229917
210
0.0
220
0.0
230
-1.0
100
AcDbArc
 50
270.0
 51
0.0000000000003533
  0
LINE
  5
587
330
70
100
AcDbEntity
  8
Visible
 62
     5
100
AcDbLine
 10
533.1093229999999
 20
150.5212739999988
 30
0.0
 11
546.1090719999998
 21
150.5212739999987
 31
0.0
210
0.0
220
0.0
230
-1.0
  0
ARC
  5
588
330
70
100
AcDbEntity
  8
Visible
 62
     5
100
AcDbCircle
 10
-546.1090719999998
 20
151.0212739999987
 30
0.0
 40
0.4999999999998689
210
0.0
220
0.0
230
-1.0
100
AcDbArc
 50
180.0000000000003
 51
270.0
  0
LINE
  5
589
330
70
100
AcDbEntity
  8
Visible
 62
     5
100
AcDbLine
 10
546.6090719999998
 20
151.0212739999987
 30
0.0
 11
546.6090719999999
 21
164.0209239999987
 31
0.0
210
0.0
220
0.0
230
-1.0
  0
ARC
  5
58A
330
70
100
AcDbEntity
  8
Visible
 62
     5
100
AcDbCircle
 10
-546.1090719999999
 20
164.0209239999987
 30
0.0
 40
0.4999999999997942
210
0.0
220
0.0
230
-1.0
100
AcDbArc
 50
90.0
 51
180.0000000000003
  0
LINE
  5
58B
330
70
100
AcDbEntity
  8
Visible
 62
     5
100
AcDbLine
 10
546.1090719999999
 20
164.5209239999987
 30
0.0
 11
533.1093229999999
 21
164.5209239999988
 31
0.0
210
0.0
220
0.0
230
-1.0
  0
ARC
  5
58C
330
70
100
AcDbEntity
  8
Visible
 62
     5
100
AcDbCircle
 10
-533.1093229999999
 20
164.0208509999988
 30
0.0
 40
0.500073156230076
210
0.0
220
0.0
230
-1.0
100
AcDbArc
 50
0.0000000000003533
 51
90.0
  0
LINE
  5
58D
330
70
100
AcDbEntity
  8
Visible
 62
     5
100
AcDbLine
 10
555.6340719999999
 20
169.5712739999987
 30
0.0
 11
542.6343229999999
 21
169.5712739999987
 31
0.0
210
0.0
220
0.0
230
-1.0
  0
ARC
  5
58E
330
70
100
AcDbEntity
  8
Visible
 62
     5
100
AcDbCircle
 10
555.6340719999999
 20
170.0712739999987
 30
0.0
 40
0.499999999999865
100
AcDbArc
 50
270.0
 51
359.9999999999996
  0
LINE
  5
58F
330
70
100
AcDbEntity
  8
Visible
 62
     5
100
AcDbLine
 10
556.134072
 20
183.0709239999987
 30
0.0
 11
556.1340719999999
 21
170.0712739999987
 31
0.0
210
0.0
220
0.0
230
-1.0
  0
ARC
  5
590
330
70
100
AcDbEntity
  8
Visible
 62
     5
100
AcDbCircle
 10
555.634072
 20
183.0709239999987
 30
0.0
 40
0.499999999999954
100
AcDbArc
 50
359.9999999999996
 51
90.0
  0
LINE
  5
591
330
70
100
AcDbEntity
  8
Visible
 62
     5
100
AcDbLine
 10
542.6343230000001
 20
183.5709239999987
 30
0.0
 11
555.634072
 21
183.5709239999987
 31
0.0
210
0.0
220
0.0
230
-1.0
  0
ARC
  5
592
330
70
100
AcDbEntity
  8
Visible
 62
     5
100
AcDbCircle
 10
542.6343230000001
 20
183.0708509999987
 30
0.0
 40
0.5000731562299881
100
AcDbArc
 50
90.0
 51
179.9999999999996
  0
LINE
  5
593
330
70
100
AcDbEntity
  8
Visible
 62
     5
100
AcDbLine
 10
542.1342499999999
 20
170.0713469999987
 30
0.0
 11
542.13425
 21
183.0708509999988
 31
0.0
210
0.0
220
0.0
230
-1.0
  0
ARC
  5
594
330
70
100
AcDbEntity
  8
Visible
 62
     5
100
AcDbCircle
 10
542.6343229999999
 20
170.0713469999987
 30
0.0
 40
0.5000731562299881
100
AcDbArc
 50
179.9999999999996
 51
270.0
  0
LINE
  5
595
330
70
100
AcDbEntity
  8
Visible
 62
     5
100
AcDbLine
 10
504.5343229999999
 20
169.571273999999
 30
0.0
 11
517.5340719999999
 21
169.5712739999989
 31
0.0
210
0.0
220
0.0
230
-1.0
  0
ARC
  5
596
330
70
100
AcDbEntity
  8
Visible
 62
     5
100
AcDbCircle
 10
-517.5340719999999
 20
170.0712739999989
 30
0.0
 40
0.4999999999999801
210
0.0
220
0.0
230
-1.0
100
AcDbArc
 50
180.0000000000003
 51
270.0
  0
LINE
  5
597
330
70
100
AcDbEntity
  8
Visible
 62
     5
100
AcDbLine
 10
518.0340719999999
 20
170.0712739999989
 30
0.0
 11
518.034072
 21
183.0709239999989
 31
0.0
210
0.0
220
0.0
230
-1.0
  0
ARC
  5
598
330
70
100
AcDbEntity
  8
Visible
 62
     5
100
AcDbCircle
 10
-517.534072
 20
183.0709239999989
 30
0.0
 40
0.4999999999999362
210
0.0
220
0.0
230
-1.0
100
AcDbArc
 50
90.0
 51
180.0000000000003
  0
LINE
  5
599
330
70
100
AcDbEntity
  8
Visible
 62
     5
100
AcDbLine
 10
517.534072
 20
183.5709239999989
 30
0.0
 11
504.5343230000001
 21
183.570923999999
 31
0.0
210
0.0
220
0.0
230
-1.0
  0
ARC
  5
59A
330
70
100
AcDbEntity
  8
Visible
 62
     5
100
AcDbCircle
 10
-504.5343230000001
 20
183.070850999999
 30
0.0
 40
0.5000731562300052
210
0.0
220
0.0
230
-1.0
100
AcDbArc
 50
0.0000000000003533
 51
90.0
  0
LINE
  5
59B
330
70
100
AcDbEntity
  8
Visible
 62
     5
100
AcDbLine
 10
504.03425
 20
183.070850999999
 30
0.0
 11
504.03425
 21
170.071346999999
 31
0.0
210
0.0
220
0.0
230
-1.0
  0
ARC
  5
59C
330
70
100
AcDbEntity
  8
Visible
 62
     5
100
AcDbCircle
 10
-504.5343229999999
 20
170.071346999999
 30
0.0
 40
0.5000731562300591
210
0.0
220
0.0
230
-1.0
100
AcDbArc
 50
270.0
 51
0.0000000000003533
  0
LINE
  5
59D
330
70
100
AcDbEntity
  8
Visible
 62
     5
100
AcDbLine
 10
466.434323
 20
183.5709239999992
 30
0.0
 11
479.434072
 21
183.5709239999991
 31
0.0
210
0.0
220
0.0
230
-1.0
  0
ARC
  5
59E
330
70
100
AcDbEntity
  8
Visible
 62
     5
100
AcDbCircle
 10
466.434323
 20
183.0708509999992
 30
0.0
 40
0.500073156230076
100
AcDbArc
 50
90.0
 51
179.9999999999996
  0
LINE
  5
59F
330
70
100
AcDbEntity
  8
Visible
 62
     5
100
AcDbLine
 10
465.93425
 20
170.0713469999992
 30
0.0
 11
465.9342500000001
 21
183.0708509999992
 31
0.0
210
0.0
220
0.0
230
-1.0
  0
ARC
  5
5A0
330
70
100
AcDbEntity
  8
Visible
 62
     5
100
AcDbCircle
 10
466.4343229999999
 20
170.0713469999992
 30
0.0
 40
0.50007315622997
100
AcDbArc
 50
179.9999999999996
 51
270.0
  0
LINE
  5
5A1
330
70
100
AcDbEntity
  8
Visible
 62
     5
100
AcDbLine
 10
479.434072
 20
169.5712739999991
 30
0.0
 11
466.4343229999999
 21
169.5712739999992
 31
0.0
210
0.0
220
0.0
230
-1.0
  0
ARC
  5
5A2
330
70
100
AcDbEntity
  8
Visible
 62
     5
100
AcDbCircle
 10
479.434072
 20
170.0712739999991
 30
0.0
 40
0.4999999999998121
100
AcDbArc
 50
270.0
 51
359.9999999999996
  0
LINE
  5
5A3
330
70
100
AcDbEntity
  8
Visible
 62
     5
100
AcDbLine
 10
479.934072
 20
183.0709239999991
 30
0.0
 11
479.934072
 21
170.0712739999991
 31
0.0
210
0.0
220
0.0
230
-1.0
  0
ARC
  5
5A4
330
70
100
AcDbEntity
  8
Visible
 62
     5
100
AcDbCircle
 10
479.434072
 20
183.0709239999991
 30
0.0
 40
0.4999999999998562
100
AcDbArc
 50
359.9999999999996
 51
90.0
  0
ARC
  5
5A5
330
70
100
AcDbEntity
  8
Visible
 62
     5
100
AcDbCircle
 10
428.3343229999999
 20
170.0713469999994
 30
0.0
 40
0.5000731562301742
100
AcDbArc
 50
179.9999999999996
 51
270.0
  0
LINE
  5
5A6
330
70
100
AcDbEntity
  8
Visible
 62
     5
100
AcDbLine
 10
441.3340719999999
 20
169.5712739999993
 30
0.0
 11
428.3343229999999
 21
169.5712739999994
 31
0.0
210
0.0
220
0.0
230
-1.0
  0
ARC
  5
5A7
330
70
100
AcDbEntity
  8
Visible
 62
     5
100
AcDbCircle
 10
441.3340719999999
 20
170.0712739999993
 30
0.0
 40
0.499999999999865
100
AcDbArc
 50
270.0
 51
359.9999999999996
  0
LINE
  5
5A8
330
70
100
AcDbEntity
  8
Visible
 62
     5
100
AcDbLine
 10
441.834072
 20
183.0709239999993
 30
0.0
 11
441.8340719999999
 21
170.0712739999993
 31
0.0
210
0.0
220
0.0
230
-1.0
  0
ARC
  5
5A9
330
70
100
AcDbEntity
  8
Visible
 62
     5
100
AcDbCircle
 10
441.334072
 20
183.0709239999993
 30
0.0
 40
0.4999999999999271
100
AcDbArc
 50
359.9999999999996
 51
90.0
  0
LINE
  5
5AA
330
70
100
AcDbEntity
  8
Visible
 62
     5
100
AcDbLine
 10
428.334323
 20
183.5709239999994
 30
0.0
 11
441.334072
 21
183.5709239999993
 31
0.0
210
0.0
220
0.0
230
-1.0
  0
ARC
  5
5AB
330
70
100
AcDbEntity
  8
Visible
 62
     5
100
AcDbCircle
 10
428.334323
 20
183.0708509999994
 30
0.0
 40
0.5000731562301652
100
AcDbArc
 50
90.0
 51
179.9999999999996
  0
LINE
  5
5AC
330
70
100
AcDbEntity
  8
Visible
 62
     5
100
AcDbLine
 10
427.8342499999999
 20
170.0713469999994
 30
0.0
 11
427.83425
 21
183.0708509999994
 31
0.0
210
0.0
220
0.0
230
-1.0
  0
ARC
  5
5AD
330
70
100
AcDbEntity
  8
Visible
 62
     5
100
AcDbCircle
 10
403.2340719999999
 20
170.0712739999996
 30
0.0
 40
0.5000000000001231
100
AcDbArc
 50
270.0
 51
359.9999999999996
  0
LINE
  5
5AE
330
70
100
AcDbEntity
  8
Visible
 62
     5
100
AcDbLine
 10
403.734072
 20
183.0709239999996
 30
0.0
 11
403.7340719999999
 21
170.0712739999996
 31
0.0
210
0.0
220
0.0
230
-1.0
  0
ARC
  5
5AF
330
70
100
AcDbEntity
  8
Visible
 62
     5
100
AcDbCircle
 10
403.234072
 20
183.0709239999996
 30
0.0
 40
0.500000000000052
100
AcDbArc
 50
359.9999999999996
 51
90.0
  0
LINE
  5
5B0
330
70
100
AcDbEntity
  8
Visible
 62
     5
100
AcDbLine
 10
390.2343230000001
 20
183.5709239999997
 30
0.0
 11
403.234072
 21
183.5709239999996
 31
0.0
210
0.0
220
0.0
230
-1.0
  0
ARC
  5
5B1
330
70
100
AcDbEntity
  8
Visible
 62
     5
100
AcDbCircle
 10
390.2343230000001
 20
183.0708509999997
 30
0.0
 40
0.5000731562302362
100
AcDbArc
 50
90.0
 51
179.9999999999996
  0
LINE
  5
5B2
330
70
100
AcDbEntity
  8
Visible
 62
     5
100
AcDbLine
 10
389.73425
 20
170.0713469999997
 30
0.0
 11
389.73425
 21
183.0708509999997
 31
0.0
210
0.0
220
0.0
230
-1.0
  0
ARC
  5
5B3
330
70
100
AcDbEntity
  8
Visible
 62
     5
100
AcDbCircle
 10
390.234323
 20
170.0713469999997
 30
0.0
 40
0.5000731562301742
100
AcDbArc
 50
179.9999999999996
 51
270.0
  0
LINE
  5
5B4
330
70
100
AcDbEntity
  8
Visible
 62
     5
100
AcDbLine
 10
403.2340719999999
 20
169.5712739999996
 30
0.0
 11
390.234323
 21
169.5712739999996
 31
0.0
210
0.0
220
0.0
230
-1.0
  0
LINE
  5
5B5
330
70
100
AcDbEntity
  8
Visible
 62
     5
100
AcDbLine
 10
358.490322
 20
170.0712739999999
 30
0.0
 11
358.4903220000001
 21
183.0709239999999
 31
0.0
210
0.0
220
0.0
230
-1.0
  0
ARC
  5
5B6
330
70
100
AcDbEntity
  8
Visible
 62
     5
100
AcDbCircle
 10
-357.9903220000001
 20
183.0709239999999
 30
0.0
 40
0.5000000000000741
210
0.0
220
0.0
230
-1.0
100
AcDbArc
 50
90.0
 51
180.0000000000003
  0
LINE
  5
5B7
330
70
100
AcDbEntity
  8
Visible
 62
     5
100
AcDbLine
 10
357.9903220000001
 20
183.5709239999999
 30
0.0
 11
340.2131950000001
 21
183.570924
 31
0.0
210
0.0
220
0.0
230
-1.0
  0
ARC
  5
5B8
330
70
100
AcDbEntity
  8
Visible
 62
     5
100
AcDbCircle
 10
-340.2131950000001
 20
183.070851
 30
0.0
 40
0.5000731562302812
210
0.0
220
0.0
230
-1.0
100
AcDbArc
 50
0.0000000000003533
 51
90.0
  0
LINE
  5
5B9
330
70
100
AcDbEntity
  8
Visible
 62
     5
100
AcDbLine
 10
339.713122
 20
183.070851
 30
0.0
 11
339.7131219999999
 21
170.071347
 31
0.0
210
0.0
220
0.0
230
-1.0
  0
ARC
  5
5BA
330
70
100
AcDbEntity
  8
Visible
 62
     5
100
AcDbCircle
 10
-340.213195
 20
170.071347
 30
0.0
 40
0.50007315623021
210
0.0
220
0.0
230
-1.0
100
AcDbArc
 50
270.0
 51
0.0000000000003533
  0
LINE
  5
5BB
330
70
100
AcDbEntity
  8
Visible
 62
     5
100
AcDbLine
 10
340.213195
 20
169.571274
 30
0.0
 11
357.990322
 21
169.5712739999998
 31
0.0
210
0.0
220
0.0
230
-1.0
  0
ARC
  5
5BC
330
70
100
AcDbEntity
  8
Visible
 62
     5
100
AcDbCircle
 10
-357.990322
 20
170.0712739999999
 30
0.0
 40
0.50000000000006
210
0.0
220
0.0
230
-1.0
100
AcDbArc
 50
180.0000000000003
 51
270.0
  0
ARC
  5
5BD
330
70
100
AcDbEntity
  8
Visible
 62
     5
100
AcDbCircle
 10
-446.0965720000002
 20
221.1709239999994
 30
0.0
 40
0.500000000000025
210
0.0
220
0.0
230
-1.0
100
AcDbArc
 50
90.0
 51
180.0000000000003
  0
LINE
  5
5BE
330
70
100
AcDbEntity
  8
Visible
 62
     5
100
AcDbLine
 10
446.0965720000002
 20
221.6709239999993
 30
0.0
 11
433.0954450000002
 21
221.6709239999994
 31
0.0
210
0.0
220
0.0
230
-1.0
  0
ARC
  5
5BF
330
70
100
AcDbEntity
  8
Visible
 62
     5
100
AcDbCircle
 10
-433.0954450000002
 20
221.1708509999994
 30
0.0
 40
0.5000731562300052
210
0.0
220
0.0
230
-1.0
100
AcDbArc
 50
0.0000000000003533
 51
90.0
  0
LINE
  5
5C0
330
70
100
AcDbEntity
  8
Visible
 62
     5
100
AcDbLine
 10
432.5953720000002
 20
221.1708509999994
 30
0.0
 11
432.5953720000002
 21
208.1713469999994
 31
0.0
210
0.0
220
0.0
230
-1.0
  0
ARC
  5
5C1
330
70
100
AcDbEntity
  8
Visible
 62
     5
100
AcDbCircle
 10
-433.0954450000001
 20
208.1713469999994
 30
0.0
 40
0.5000731562301652
210
0.0
220
0.0
230
-1.0
100
AcDbArc
 50
270.0
 51
0.0000000000003533
  0
LINE
  5
5C2
330
70
100
AcDbEntity
  8
Visible
 62
     5
100
AcDbLine
 10
433.0954450000001
 20
207.6712739999994
 30
0.0
 11
446.0965720000002
 21
207.6712739999993
 31
0.0
210
0.0
220
0.0
230
-1.0
  0
ARC
  5
5C3
330
70
100
AcDbEntity
  8
Visible
 62
     5
100
AcDbCircle
 10
-446.0965720000002
 20
208.1712739999994
 30
0.0
 40
0.500000000000718
210
0.0
220
0.0
230
-1.0
100
AcDbArc
 50
180.0000000000003
 51
270.0
  0
LINE
  5
5C4
330
70
100
AcDbEntity
  8
Visible
 62
     5
100
AcDbLine
 10
446.5965720000002
 20
208.1712739999994
 30
0.0
 11
446.5965720000002
 21
221.1709239999994
 31
0.0
210
0.0
220
0.0
230
-1.0
  0
LINE
  5
5C5
330
70
100
AcDbEntity
  8
Visible
 62
     5
100
AcDbLine
 10
452.1454450000002
 20
207.6712739999993
 30
0.0
 11
465.1465720000002
 21
207.6712739999992
 31
0.0
210
0.0
220
0.0
230
-1.0
  0
ARC
  5
5C6
330
70
100
AcDbEntity
  8
Visible
 62
     5
100
AcDbCircle
 10
-465.1465720000002
 20
208.1712739999992
 30
0.0
 40
0.4999999999998832
210
0.0
220
0.0
230
-1.0
100
AcDbArc
 50
180.0000000000003
 51
270.0
  0
LINE
  5
5C7
330
70
100
AcDbEntity
  8
Visible
 62
     5
100
AcDbLine
 10
465.6465720000002
 20
208.1712739999992
 30
0.0
 11
465.6465720000003
 21
221.1709239999993
 31
0.0
210
0.0
220
0.0
230
-1.0
  0
ARC
  5
5C8
330
70
100
AcDbEntity
  8
Visible
 62
     5
100
AcDbCircle
 10
-465.1465720000003
 20
221.1709239999993
 30
0.0
 40
0.4999999999995271
210
0.0
220
0.0
230
-1.0
100
AcDbArc
 50
90.0
 51
180.0000000000003
  0
LINE
  5
5C9
330
70
100
AcDbEntity
  8
Visible
 62
     5
100
AcDbLine
 10
465.1465720000003
 20
221.6709239999993
 30
0.0
 11
452.1453720000002
 21
221.6709239999993
 31
0.0
210
0.0
220
0.0
230
-1.0
  0
ARC
  5
5CA
330
70
100
AcDbEntity
  8
Visible
 62
     5
100
AcDbCircle
 10
-452.1453720000002
 20
221.1709239999994
 30
0.0
 40
0.5000000000000071
210
0.0
220
0.0
230
-1.0
100
AcDbArc
 50
0.0000000000003533
 51
90.0
  0
LINE
  5
5CB
330
70
100
AcDbEntity
  8
Visible
 62
     5
100
AcDbLine
 10
451.6453720000003
 20
221.1709239999994
 30
0.0
 11
451.6453720000002
 21
208.1713469999993
 31
0.0
210
0.0
220
0.0
230
-1.0
  0
ARC
  5
5CC
330
70
100
AcDbEntity
  8
Visible
 62
     5
100
AcDbCircle
 10
-452.1454450000002
 20
208.1713469999993
 30
0.0
 40
0.5000731562305381
210
0.0
220
0.0
230
-1.0
100
AcDbArc
 50
270.0
 51
0.0000000000003533
  0
ARC
  5
5CD
330
70
100
AcDbEntity
  8
Visible
 62
     5
100
AcDbCircle
 10
-342.6093229999998
 20
144.9708509999999
 30
0.0
 40
0.500073156230219
210
0.0
220
0.0
230
-1.0
100
AcDbArc
 50
0.0000000000003533
 51
90.0
  0
LINE
  5
5CE
330
70
100
AcDbEntity
  8
Visible
 62
     5
100
AcDbLine
 10
342.1092499999998
 20
144.9708509999999
 30
0.0
 11
342.1092499999998
 21
131.9713469999999
 31
0.0
210
0.0
220
0.0
230
-1.0
  0
ARC
  5
5CF
330
70
100
AcDbEntity
  8
Visible
 62
     5
100
AcDbCircle
 10
-342.6093229999998
 20
131.9713469999999
 30
0.0
 40
0.5000731562302611
210
0.0
220
0.0
230
-1.0
100
AcDbArc
 50
270.0
 51
0.0000000000003533
  0
LINE
  5
5D0
330
70
100
AcDbEntity
  8
Visible
 62
     5
100
AcDbLine
 10
342.6093229999998
 20
131.4712739999999
 30
0.0
 11
355.6090719999998
 21
131.4712739999999
 31
0.0
210
0.0
220
0.0
230
-1.0
  0
ARC
  5
5D1
330
70
100
AcDbEntity
  8
Visible
 62
     5
100
AcDbCircle
 10
-355.6090719999998
 20
131.9712739999999
 30
0.0
 40
0.5000000000000271
210
0.0
220
0.0
230
-1.0
100
AcDbArc
 50
180.0000000000003
 51
270.0
  0
LINE
  5
5D2
330
70
100
AcDbEntity
  8
Visible
 62
     5
100
AcDbLine
 10
356.1090719999997
 20
131.9712739999999
 30
0.0
 11
356.1090719999998
 21
144.9709239999999
 31
0.0
210
0.0
220
0.0
230
-1.0
  0
ARC
  5
5D3
330
70
100
AcDbEntity
  8
Visible
 62
     5
100
AcDbCircle
 10
-355.6090719999998
 20
144.9709239999999
 30
0.0
 40
0.500000000000016
210
0.0
220
0.0
230
-1.0
100
AcDbArc
 50
90.0
 51
180.0000000000003
  0
LINE
  5
5D4
330
70
100
AcDbEntity
  8
Visible
 62
     5
100
AcDbLine
 10
355.6090719999998
 20
145.4709239999998
 30
0.0
 11
342.6093229999998
 21
145.4709239999999
 31
0.0
210
0.0
220
0.0
230
-1.0
  0
LINE
  5
5D5
330
70
100
AcDbEntity
  8
Visible
 62
     5
100
AcDbLine
 10
588.9715279999998
 20
145.4709239999985
 30
0.0
 11
575.9719659999998
 21
145.4709239999985
 31
0.0
210
0.0
220
0.0
230
-1.0
  0
ARC
  5
5D6
330
70
100
AcDbEntity
  8
Visible
 62
     5
100
AcDbCircle
 10
-575.9719659999998
 20
144.9708799999985
 30
0.0
 40
0.500044123001957
210
0.0
220
0.0
230
-1.0
100
AcDbArc
 50
0.0000000000003533
 51
90.0
  0
LINE
  5
5D7
330
70
100
AcDbEntity
  8
Visible
 62
     5
100
AcDbLine
 10
575.4719219999998
 20
144.9708799999986
 30
0.0
 11
575.4719219999997
 21
131.9712729999986
 31
0.0
210
0.0
220
0.0
230
-1.0
  0
ARC
  5
5D8
330
70
100
AcDbEntity
  8
Visible
 62
     5
100
AcDbCircle
 10
-575.9719219999997
 20
131.9712729999985
 30
0.0
 40
0.4999999999999722
210
0.0
220
0.0
230
-1.0
100
AcDbArc
 50
270.0
 51
0.0000000000003533
  0
LINE
  5
5D9
330
70
100
AcDbEntity
  8
Visible
 62
     5
100
AcDbLine
 10
575.9719219999997
 20
131.4712729999985
 30
0.0
 11
588.9715719999998
 21
131.4712729999985
 31
0.0
210
0.0
220
0.0
230
-1.0
  0
ARC
  5
5DA
330
70
100
AcDbEntity
  8
Visible
 62
     5
100
AcDbCircle
 10
-588.9715719999998
 20
131.9712729999985
 30
0.0
 40
0.4999999999999892
210
0.0
220
0.0
230
-1.0
100
AcDbArc
 50
180.0000000000003
 51
270.0
  0
LINE
  5
5DB
330
70
100
AcDbEntity
  8
Visible
 62
     5
100
AcDbLine
 10
589.4715719999997
 20
131.9712729999985
 30
0.0
 11
589.4715719999997
 21
144.9708799999985
 31
0.0
210
0.0
220
0.0
230
-1.0
  0
ARC
  5
5DC
330
70
100
AcDbEntity
  8
Visible
 62
     5
100
AcDbCircle
 10
-588.9715279999998
 20
144.9708799999985
 30
0.0
 40
0.500044123002219
210
0.0
220
0.0
230
-1.0
100
AcDbArc
 50
90.0
 51
180.0000000000003
  0
ARC
  5
5DD
330
70
100
AcDbEntity
  8
Visible
 62
     5
100
AcDbCircle
 10
-471.1967500000002
 20
221.1709269999992
 30
0.0
 40
0.500000000000025
210
0.0
220
0.0
230
-1.0
100
AcDbArc
 50
0.0000000000003533
 51
90.0
  0
LINE
  5
5DE
330
70
100
AcDbEntity
  8
Visible
 62
     5
100
AcDbLine
 10
470.6967500000002
 20
221.1709269999992
 30
0.0
 11
470.6967500000001
 21
208.1713469999992
 31
0.0
210
0.0
220
0.0
230
-1.0
  0
ARC
  5
5DF
330
70
100
AcDbEntity
  8
Visible
 62
     5
100
AcDbCircle
 10
-471.1968230000002
 20
208.1713469999992
 30
0.0
 40
0.5000731562304141
210
0.0
220
0.0
230
-1.0
100
AcDbArc
 50
270.0
 51
0.0000000000003533
  0
LINE
  5
5E0
330
70
100
AcDbEntity
  8
Visible
 62
     5
100
AcDbLine
 10
471.1968230000002
 20
207.6712739999992
 30
0.0
 11
484.1965720000002
 21
207.6712739999991
 31
0.0
210
0.0
220
0.0
230
-1.0
  0
ARC
  5
5E1
330
70
100
AcDbEntity
  8
Visible
 62
     5
100
AcDbCircle
 10
-484.1965720000002
 20
208.1712739999991
 30
0.0
 40
0.5000000000005042
210
0.0
220
0.0
230
-1.0
100
AcDbArc
 50
180.0000000000003
 51
270.0
  0
LINE
  5
5E2
330
70
100
AcDbEntity
  8
Visible
 62
     5
100
AcDbLine
 10
484.6965720000002
 20
208.1712739999991
 30
0.0
 11
484.6965730000002
 21
221.1709269999991
 31
0.0
210
0.0
220
0.0
230
-1.0
  0
ARC
  5
5E3
330
70
100
AcDbEntity
  8
Visible
 62
     5
100
AcDbCircle
 10
-484.1965730000002
 20
221.1709269999991
 30
0.0
 40
0.5000000000000071
210
0.0
220
0.0
230
-1.0
100
AcDbArc
 50
90.0
 51
180.0000000000003
  0
LINE
  5
5E4
330
70
100
AcDbEntity
  8
Visible
 62
     5
100
AcDbLine
 10
484.1965730000002
 20
221.6709269999991
 30
0.0
 11
471.1967500000002
 21
221.6709269999992
 31
0.0
210
0.0
220
0.0
230
-1.0
  0
LINE
  5
5E5
330
70
100
AcDbEntity
  8
Visible
 62
     5
100
AcDbLine
 10
375.9468230000002
 20
207.6712739999998
 30
0.0
 11
388.9465720000002
 21
207.6712739999997
 31
0.0
210
0.0
220
0.0
230
-1.0
  0
ARC
  5
5E6
330
70
100
AcDbEntity
  8
Visible
 62
     5
100
AcDbCircle
 10
-388.9465720000002
 20
208.1712739999997
 30
0.0
 40
0.5000000000000781
210
0.0
220
0.0
230
-1.0
100
AcDbArc
 50
180.0000000000003
 51
270.0
  0
LINE
  5
5E7
330
70
100
AcDbEntity
  8
Visible
 62
     5
100
AcDbLine
 10
389.4465720000002
 20
208.1712739999997
 30
0.0
 11
389.4465720000003
 21
221.1709239999997
 31
0.0
210
0.0
220
0.0
230
-1.0
  0
ARC
  5
5E8
330
70
100
AcDbEntity
  8
Visible
 62
     5
100
AcDbCircle
 10
-388.9465720000003
 20
221.1709239999997
 30
0.0
 40
0.4999999999999091
210
0.0
220
0.0
230
-1.0
100
AcDbArc
 50
90.0
 51
180.0000000000003
  0
LINE
  5
5E9
330
70
100
AcDbEntity
  8
Visible
 62
     5
100
AcDbLine
 10
388.9465720000003
 20
221.6709239999997
 30
0.0
 11
375.9467500000003
 21
221.6709239999998
 31
0.0
210
0.0
220
0.0
230
-1.0
  0
ARC
  5
5EA
330
70
100
AcDbEntity
  8
Visible
 62
     5
100
AcDbCircle
 10
-375.9467500000003
 20
221.1709239999998
 30
0.0
 40
0.500000000000025
210
0.0
220
0.0
230
-1.0
100
AcDbArc
 50
0.0000000000003533
 51
90.0
  0
LINE
  5
5EB
330
70
100
AcDbEntity
  8
Visible
 62
     5
100
AcDbLine
 10
375.4467500000004
 20
221.1709239999998
 30
0.0
 11
375.4467500000002
 21
208.1713469999998
 31
0.0
210
0.0
220
0.0
230
-1.0
  0
ARC
  5
5EC
330
70
100
AcDbEntity
  8
Visible
 62
     5
100
AcDbCircle
 10
-375.9468230000002
 20
208.1713469999998
 30
0.0
 40
0.5000731562303871
210
0.0
220
0.0
230
-1.0
100
AcDbArc
 50
270.0
 51
0.0000000000003533
  0
LINE
  5
5ED
330
70
100
AcDbEntity
  8
Visible
 62
     5
100
AcDbLine
 10
408.4965720000003
 20
221.1709239999996
 30
0.0
 11
408.4965720000002
 21
208.1712739999996
 31
0.0
210
0.0
220
0.0
230
-1.0
  0
ARC
  5
5EE
330
70
100
AcDbEntity
  8
Visible
 62
     5
100
AcDbCircle
 10
407.9965720000003
 20
221.1709239999996
 30
0.0
 40
0.4999999999997761
100
AcDbArc
 50
359.9999999999996
 51
90.0
  0
LINE
  5
5EF
330
70
100
AcDbEntity
  8
Visible
 62
     5
100
AcDbLine
 10
394.9968230000004
 20
221.6709239999997
 30
0.0
 11
407.9965720000003
 21
221.6709239999996
 31
0.0
210
0.0
220
0.0
230
-1.0
  0
ARC
  5
5F0
330
70
100
AcDbEntity
  8
Visible
 62
     5
100
AcDbCircle
 10
394.9968230000004
 20
221.1708509999996
 30
0.0
 40
0.500073156230068
100
AcDbArc
 50
90.0
 51
179.9999999999996
  0
LINE
  5
5F1
330
70
100
AcDbEntity
  8
Visible
 62
     5
100
AcDbLine
 10
394.4967500000002
 20
208.1713469999996
 30
0.0
 11
394.4967500000004
 21
221.1708509999996
 31
0.0
210
0.0
220
0.0
230
-1.0
  0
ARC
  5
5F2
330
70
100
AcDbEntity
  8
Visible
 62
     5
100
AcDbCircle
 10
394.9968230000002
 20
208.1713469999996
 30
0.0
 40
0.5000731562303251
100
AcDbArc
 50
179.9999999999996
 51
270.0
  0
LINE
  5
5F3
330
70
100
AcDbEntity
  8
Visible
 62
     5
100
AcDbLine
 10
407.9965720000002
 20
207.6712739999996
 30
0.0
 11
394.9968230000002
 21
207.6712739999997
 31
0.0
210
0.0
220
0.0
230
-1.0
  0
ARC
  5
5F4
330
70
100
AcDbEntity
  8
Visible
 62
     5
100
AcDbCircle
 10
407.9965720000002
 20
208.1712739999996
 30
0.0
 40
0.500000000000203
100
AcDbArc
 50
270.0
 51
359.9999999999996
  0
LINE
  5
610
330
70
100
AcDbEntity
  8
Visible
 62
     5
100
AcDbLine
 10
379.4215719999998
 20
145.4709239999997
 30
0.0
 11
366.4218229999999
 21
145.4709239999998
 31
0.0
210
0.0
220
0.0
230
-1.0
  0
ARC
  5
611
330
70
100
AcDbEntity
  8
Visible
 62
     5
100
AcDbCircle
 10
-366.4218229999999
 20
144.9708509999998
 30
0.0
 40
0.5000731562302321
210
0.0
220
0.0
230
-1.0
100
AcDbArc
 50
0.0000000000003533
 51
90.0
  0
LINE
  5
612
330
70
100
AcDbEntity
  8
Visible
 62
     5
100
AcDbLine
 10
365.9217499999998
 20
144.9708509999998
 30
0.0
 11
365.9217499999997
 21
131.9712749999998
 31
0.0
210
0.0
220
0.0
230
-1.0
  0
ARC
  5
613
330
70
100
AcDbEntity
  8
Visible
 62
     5
100
AcDbCircle
 10
-366.4217499999998
 20
131.9712749999998
 30
0.0
 40
0.4999999999999982
210
0.0
220
0.0
230
-1.0
100
AcDbArc
 50
270.0
 51
0.0000000000003533
  0
LINE
  5
614
330
70
100
AcDbEntity
  8
Visible
 62
     5
100
AcDbLine
 10
366.4217499999998
 20
131.4712749999998
 30
0.0
 11
379.4215719999997
 21
131.4712749999997
 31
0.0
210
0.0
220
0.0
230
-1.0
  0
ARC
  5
615
330
70
100
AcDbEntity
  8
Visible
 62
     5
100
AcDbCircle
 10
-379.4215719999997
 20
131.9712749999997
 30
0.0
 40
0.5000000000000091
210
0.0
220
0.0
230
-1.0
100
AcDbArc
 50
180.0000000000003
 51
270.0
  0
LINE
  5
616
330
70
100
AcDbEntity
  8
Visible
 62
     5
100
AcDbLine
 10
379.9215719999998
 20
131.9712749999997
 30
0.0
 11
379.9215719999998
 21
144.9709239999997
 31
0.0
210
0.0
220
0.0
230
-1.0
  0
ARC
  5
617
330
70
100
AcDbEntity
  8
Visible
 62
     5
100
AcDbCircle
 10
-379.4215719999998
 20
144.9709239999997
 30
0.0
 40
0.5000000000000691
210
0.0
220
0.0
230
-1.0
100
AcDbArc
 50
90.0
 51
180.0000000000003
  0
LINE
  5
632
330
70
100
AcDbEntity
  8
Visible
 62
     5
100
AcDbLine
 10
380.2092499999999
 20
151.0213469999997
 30
0.0
 11
380.2092498437697
 21
164.0208509999997
 31
0.0
210
0.0
220
0.0
230
-1.0
  0
ARC
  5
633
330
70
100
AcDbEntity
  8
Visible
 62
     5
100
AcDbCircle
 10
380.7093229999999
 20
151.0213469999997
 30
0.0
 40
0.5000731562302321
100
AcDbArc
 50
179.9999999999996
 51
270.0
  0
LINE
  5
634
330
70
100
AcDbEntity
  8
Visible
 62
     5
100
AcDbLine
 10
393.7090719999999
 20
150.5212739999996
 30
0.0
 11
380.7093229999999
 21
150.5212739999997
 31
0.0
210
0.0
220
0.0
230
-1.0
  0
ARC
  5
635
330
70
100
AcDbEntity
  8
Visible
 62
     5
100
AcDbCircle
 10
393.7090719999999
 20
151.0212739999996
 30
0.0
 40
0.4999999999999271
100
AcDbArc
 50
270.0
 51
359.9999999999996
  0
LINE
  5
636
330
70
100
AcDbEntity
  8
Visible
 62
     5
100
AcDbLine
 10
394.2090719999999
 20
164.0209239999997
 30
0.0
 11
394.2090719999999
 21
151.0212739999996
 31
0.0
210
0.0
220
0.0
230
-1.0
  0
ARC
  5
637
330
70
100
AcDbEntity
  8
Visible
 62
     5
100
AcDbCircle
 10
393.709072
 20
164.0209239999997
 30
0.0
 40
0.500000000000025
100
AcDbArc
 50
359.9999999999996
 51
90.0
  0
LINE
  5
638
330
70
100
AcDbEntity
  8
Visible
 62
     5
100
AcDbLine
 10
380.7093229999999
 20
164.5209239999997
 30
0.0
 11
393.709072
 21
164.5209239999996
 31
0.0
210
0.0
220
0.0
230
-1.0
  0
ARC
  5
639
330
70
100
AcDbEntity
  8
Visible
 62
     5
100
AcDbCircle
 10
380.7093229999999
 20
164.0208509999997
 30
0.0
 40
0.5000731562302451
100
AcDbArc
 50
90.0
 51
179.9999999999996
  0
ARC
  5
66A
330
70
100
AcDbEntity
  8
Visible
 62
     5
100
AcDbCircle
 10
350.8465720000002
 20
208.1712739999999
 30
0.0
 40
0.5
100
AcDbArc
 50
270.0
 51
359.9999999999996
  0
LINE
  5
66B
330
70
100
AcDbEntity
  8
Visible
 62
     5
100
AcDbLine
 10
351.3465720000003
 20
221.1709239999999
 30
0.0
 11
351.3465720000002
 21
208.1712739999999
 31
0.0
210
0.0
220
0.0
230
-1.0
  0
ARC
  5
66C
330
70
100
AcDbEntity
  8
Visible
 62
     5
100
AcDbCircle
 10
350.8465720000003
 20
221.1709239999999
 30
0.0
 40
0.4999999999999722
100
AcDbArc
 50
359.9999999999996
 51
90.0
  0
LINE
  5
66D
330
70
100
AcDbEntity
  8
Visible
 62
     5
100
AcDbLine
 10
337.8468230000003
 20
221.670924
 30
0.0
 11
350.8465720000003
 21
221.6709239999999
 31
0.0
210
0.0
220
0.0
230
-1.0
  0
ARC
  5
66E
330
70
100
AcDbEntity
  8
Visible
 62
     5
100
AcDbCircle
 10
337.8468230000003
 20
221.170851
 30
0.0
 40
0.500073156229963
100
AcDbArc
 50
90.0
 51
179.9999999999996
  0
LINE
  5
66F
330
70
100
AcDbEntity
  8
Visible
 62
     5
100
AcDbLine
 10
337.3467500000002
 20
208.171347
 30
0.0
 11
337.3467500000003
 21
221.170851
 31
0.0
210
0.0
220
0.0
230
-1.0
  0
ARC
  5
670
330
70
100
AcDbEntity
  8
Visible
 62
     5
100
AcDbCircle
 10
337.8468230000002
 20
208.171347
 30
0.0
 40
0.5000731562303251
100
AcDbArc
 50
179.9999999999996
 51
270.0
  0
LINE
  5
671
330
70
100
AcDbEntity
  8
Visible
 62
     5
100
AcDbLine
 10
350.8465720000002
 20
207.6712739999999
 30
0.0
 11
337.8468230000002
 21
207.671274
 31
0.0
210
0.0
220
0.0
230
-1.0
  0
LINE
  5
672
330
70
100
AcDbEntity
  8
Visible
 62
     5
100
AcDbLine
 10
342.6093230000002
 20
202.620924
 30
0.0
 11
355.6090720000002
 21
202.6209239999999
 31
0.0
210
0.0
220
0.0
230
-1.0
  0
ARC
  5
673
330
70
100
AcDbEntity
  8
Visible
 62
     5
100
AcDbCircle
 10
342.6093230000002
 20
202.120851
 30
0.0
 40
0.500073156230272
100
AcDbArc
 50
90.0
 51
179.9999999999996
  0
LINE
  5
674
330
70
100
AcDbEntity
  8
Visible
 62
     5
100
AcDbLine
 10
342.1092500000001
 20
189.1213469999999
 30
0.0
 11
342.1092500000002
 21
202.120851
 31
0.0
210
0.0
220
0.0
230
-1.0
  0
ARC
  5
675
330
70
100
AcDbEntity
  8
Visible
 62
     5
100
AcDbCircle
 10
342.6093230000001
 20
189.1213469999999
 30
0.0
 40
0.5000731562302451
100
AcDbArc
 50
179.9999999999996
 51
270.0
  0
LINE
  5
676
330
70
100
AcDbEntity
  8
Visible
 62
     5
100
AcDbLine
 10
355.6090720000001
 20
188.6212739999999
 30
0.0
 11
342.6093230000001
 21
188.6212739999999
 31
0.0
210
0.0
220
0.0
230
-1.0
  0
ARC
  5
677
330
70
100
AcDbEntity
  8
Visible
 62
     5
100
AcDbCircle
 10
355.6090720000001
 20
189.1212739999999
 30
0.0
 40
0.5000000000000741
100
AcDbArc
 50
270.0
 51
359.9999999999996
  0
LINE
  5
678
330
70
100
AcDbEntity
  8
Visible
 62
     5
100
AcDbLine
 10
356.1090720000001
 20
202.1209239999999
 30
0.0
 11
356.1090720000001
 21
189.1212739999999
 31
0.0
210
0.0
220
0.0
230
-1.0
  0
ARC
  5
679
330
70
100
AcDbEntity
  8
Visible
 62
     5
100
AcDbCircle
 10
355.6090720000002
 20
202.1209239999999
 30
0.0
 40
0.50000000000006
100
AcDbArc
 50
359.9999999999996
 51
90.0
  0
LINE
  5
68F
330
70
100
AcDbEntity
  8
Visible
 62
     5
100
AcDbLine
 10
552.1593229999997
 20
131.4712739999987
 30
0.0
 11
552.1593229999997
 21
131.4708509999987
 31
0.0
210
0.0
220
0.0
230
-1.0
  0
LINE
  5
6B1
330
70
100
AcDbEntity
  8
Visible
 62
     5
100
AcDbLine
 10
436.5715720000001
 20
188.6212739999993
 30
0.0
 11
423.5718230000001
 21
188.6212739999994
 31
0.0
210
0.0
220
0.0
230
-1.0
  0
ARC
  5
6B2
330
70
100
AcDbEntity
  8
Visible
 62
     5
100
AcDbCircle
 10
436.5715720000001
 20
189.1212739999994
 30
0.0
 40
0.5000000000000071
100
AcDbArc
 50
270.0
 51
359.9999999999996
  0
LINE
  5
6B3
330
70
100
AcDbEntity
  8
Visible
 62
     5
100
AcDbLine
 10
437.0715720000001
 20
202.1209239999994
 30
0.0
 11
437.0715720000001
 21
189.1212739999994
 31
0.0
210
0.0
220
0.0
230
-1.0
  0
ARC
  5
6B4
330
70
100
AcDbEntity
  8
Visible
 62
     5
100
AcDbCircle
 10
436.5715720000001
 20
202.1209239999994
 30
0.0
 40
0.5000000000001142
100
AcDbArc
 50
359.9999999999996
 51
90.0
  0
LINE
  5
6B5
330
70
100
AcDbEntity
  8
Visible
 62
     5
100
AcDbLine
 10
423.5718230000002
 20
202.6209239999995
 30
0.0
 11
436.5715720000001
 21
202.6209239999994
 31
0.0
210
0.0
220
0.0
230
-1.0
  0
ARC
  5
6B6
330
70
100
AcDbEntity
  8
Visible
 62
     5
100
AcDbCircle
 10
423.5718230000001
 20
202.1208509999995
 30
0.0
 40
0.500073156230272
100
AcDbArc
 50
90.0
 51
179.9999999999996
  0
LINE
  5
6B7
330
70
100
AcDbEntity
  8
Visible
 62
     5
100
AcDbLine
 10
423.0717500000001
 20
189.1213469999994
 30
0.0
 11
423.0717500000001
 21
202.1208509999995
 31
0.0
210
0.0
220
0.0
230
-1.0
  0
ARC
  5
6B8
330
70
100
AcDbEntity
  8
Visible
 62
     5
100
AcDbCircle
 10
423.5718230000001
 20
189.1213469999994
 30
0.0
 40
0.500073156230121
100
AcDbArc
 50
179.9999999999996
 51
270.0
  0
ARC
  5
6B9
330
70
100
AcDbEntity
  8
Visible
 62
     5
100
AcDbCircle
 10
442.6218230000001
 20
189.1213469999993
 30
0.0
 40
0.5000731562301742
100
AcDbArc
 50
179.9999999999996
 51
270.0
  0
LINE
  5
6BA
330
70
100
AcDbEntity
  8
Visible
 62
     5
100
AcDbLine
 10
455.6215720000001
 20
188.6212739999992
 30
0.0
 11
442.6218230000001
 21
188.6212739999993
 31
0.0
210
0.0
220
0.0
230
-1.0
  0
ARC
  5
6BB
330
70
100
AcDbEntity
  8
Visible
 62
     5
100
AcDbCircle
 10
455.6215720000001
 20
189.1212739999992
 30
0.0
 40
0.499999999999865
100
AcDbArc
 50
270.0
 51
359.9999999999996
  0
LINE
  5
6BC
330
70
100
AcDbEntity
  8
Visible
 62
     5
100
AcDbLine
 10
456.1215720000001
 20
202.1209239999993
 30
0.0
 11
456.1215720000001
 21
189.1212739999992
 31
0.0
210
0.0
220
0.0
230
-1.0
  0
ARC
  5
6BD
330
70
100
AcDbEntity
  8
Visible
 62
     5
100
AcDbCircle
 10
455.6215720000001
 20
202.1209239999993
 30
0.0
 40
0.4999999999999271
100
AcDbArc
 50
359.9999999999996
 51
90.0
  0
LINE
  5
6BE
330
70
100
AcDbEntity
  8
Visible
 62
     5
100
AcDbLine
 10
442.6218230000001
 20
202.6209239999993
 30
0.0
 11
455.6215720000001
 21
202.6209239999992
 31
0.0
210
0.0
220
0.0
230
-1.0
  0
ARC
  5
6BF
330
70
100
AcDbEntity
  8
Visible
 62
     5
100
AcDbCircle
 10
442.6218230000001
 20
202.1208509999993
 30
0.0
 40
0.5000731562301652
100
AcDbArc
 50
90.0
 51
179.9999999999996
  0
LINE
  5
6C0
330
70
100
AcDbEntity
  8
Visible
 62
     5
100
AcDbLine
 10
442.1217500000001
 20
189.1213469999993
 30
0.0
 11
442.1217500000002
 21
202.1208509999993
 31
0.0
210
0.0
220
0.0
230
-1.0
  0
LINE
  5
6C1
330
70
100
AcDbEntity
  8
Visible
 62
     5
100
AcDbLine
 10
512.7715720000001
 20
188.6212739999989
 30
0.0
 11
499.7718230000002
 21
188.621273999999
 31
0.0
210
0.0
220
0.0
230
-1.0
  0
ARC
  5
6C2
330
70
100
AcDbEntity
  8
Visible
 62
     5
100
AcDbCircle
 10
512.7715720000001
 20
189.1212739999989
 30
0.0
 40
0.5000000000000071
100
AcDbArc
 50
270.0
 51
359.9999999999996
  0
LINE
  5
6C3
330
70
100
AcDbEntity
  8
Visible
 62
     5
100
AcDbLine
 10
513.2715720000001
 20
202.1209239999989
 30
0.0
 11
513.2715720000001
 21
189.1212739999989
 31
0.0
210
0.0
220
0.0
230
-1.0
  0
ARC
  5
6C4
330
70
100
AcDbEntity
  8
Visible
 62
     5
100
AcDbCircle
 10
512.7715720000002
 20
202.1209239999989
 30
0.0
 40
0.5000000000001142
100
AcDbArc
 50
359.9999999999996
 51
90.0
  0
LINE
  5
6C5
330
70
100
AcDbEntity
  8
Visible
 62
     5
100
AcDbLine
 10
499.7718230000002
 20
202.620923999999
 30
0.0
 11
512.7715720000002
 21
202.6209239999989
 31
0.0
210
0.0
220
0.0
230
-1.0
  0
ARC
  5
6C6
330
70
100
AcDbEntity
  8
Visible
 62
     5
100
AcDbCircle
 10
499.7718230000002
 20
202.120850999999
 30
0.0
 40
0.500073156230272
100
AcDbArc
 50
90.0
 51
179.9999999999996
  0
LINE
  5
6C7
330
70
100
AcDbEntity
  8
Visible
 62
     5
100
AcDbLine
 10
499.2717500000002
 20
189.121346999999
 30
0.0
 11
499.2717500000002
 21
202.120850999999
 31
0.0
210
0.0
220
0.0
230
-1.0
  0
ARC
  5
6C8
330
70
100
AcDbEntity
  8
Visible
 62
     5
100
AcDbCircle
 10
499.7718230000002
 20
189.121346999999
 30
0.0
 40
0.500073156230121
100
AcDbArc
 50
179.9999999999996
 51
270.0
  0
ARC
  5
6C9
330
70
100
AcDbEntity
  8
Visible
 62
     5
100
AcDbCircle
 10
518.8218230000002
 20
189.1213469999989
 30
0.0
 40
0.5000731562301742
100
AcDbArc
 50
179.9999999999996
 51
270.0
  0
LINE
  5
6CA
330
70
100
AcDbEntity
  8
Visible
 62
     5
100
AcDbLine
 10
531.8215720000002
 20
188.6212739999988
 30
0.0
 11
518.8218230000002
 21
188.6212739999989
 31
0.0
210
0.0
220
0.0
230
-1.0
  0
ARC
  5
6CB
330
70
100
AcDbEntity
  8
Visible
 62
     5
100
AcDbCircle
 10
531.8215720000002
 20
189.1212739999988
 30
0.0
 40
0.499999999999865
100
AcDbArc
 50
270.0
 51
359.9999999999996
  0
LINE
  5
6CC
330
70
100
AcDbEntity
  8
Visible
 62
     5
100
AcDbLine
 10
532.3215720000002
 20
202.1209239999988
 30
0.0
 11
532.3215720000002
 21
189.1212739999988
 31
0.0
210
0.0
220
0.0
230
-1.0
  0
ARC
  5
6CD
330
70
100
AcDbEntity
  8
Visible
 62
     5
100
AcDbCircle
 10
531.8215720000003
 20
202.1209239999988
 30
0.0
 40
0.4999999999999271
100
AcDbArc
 50
359.9999999999996
 51
90.0
  0
LINE
  5
6CE
330
70
100
AcDbEntity
  8
Visible
 62
     5
100
AcDbLine
 10
518.8218230000002
 20
202.6209239999989
 30
0.0
 11
531.8215720000003
 21
202.6209239999988
 31
0.0
210
0.0
220
0.0
230
-1.0
  0
ARC
  5
6CF
330
70
100
AcDbEntity
  8
Visible
 62
     5
100
AcDbCircle
 10
518.8218230000002
 20
202.1208509999989
 30
0.0
 40
0.5000731562301652
100
AcDbArc
 50
90.0
 51
179.9999999999996
  0
LINE
  5
6D0
330
70
100
AcDbEntity
  8
Visible
 62
     5
100
AcDbLine
 10
518.3217500000002
 20
189.1213469999989
 30
0.0
 11
518.3217500000003
 21
202.1208509999989
 31
0.0
210
0.0
220
0.0
230
-1.0
  0
LINE
  5
6D1
330
70
100
AcDbEntity
  8
Visible
 62
     5
100
AcDbLine
 10
431.8090719999998
 20
150.5212739999994
 30
0.0
 11
418.8093229999998
 21
150.5212739999995
 31
0.0
210
0.0
220
0.0
230
-1.0
  0
ARC
  5
6D2
330
70
100
AcDbEntity
  8
Visible
 62
     5
100
AcDbCircle
 10
431.8090719999998
 20
151.0212739999994
 30
0.0
 40
0.5000000000000071
100
AcDbArc
 50
270.0
 51
359.9999999999996
  0
LINE
  5
6D3
330
70
100
AcDbEntity
  8
Visible
 62
     5
100
AcDbLine
 10
432.3090719999998
 20
164.0209239999994
 30
0.0
 11
432.3090719999998
 21
151.0212739999994
 31
0.0
210
0.0
220
0.0
230
-1.0
  0
ARC
  5
6D4
330
70
100
AcDbEntity
  8
Visible
 62
     5
100
AcDbCircle
 10
431.8090719999998
 20
164.0209239999994
 30
0.0
 40
0.5000000000001142
100
AcDbArc
 50
359.9999999999996
 51
90.0
  0
LINE
  5
6D5
330
70
100
AcDbEntity
  8
Visible
 62
     5
100
AcDbLine
 10
418.8093229999999
 20
164.5209239999995
 30
0.0
 11
431.8090719999998
 21
164.5209239999994
 31
0.0
210
0.0
220
0.0
230
-1.0
  0
ARC
  5
6D6
330
70
100
AcDbEntity
  8
Visible
 62
     5
100
AcDbCircle
 10
418.8093229999998
 20
164.0208509999995
 30
0.0
 40
0.500073156230272
100
AcDbArc
 50
90.0
 51
179.9999999999996
  0
LINE
  5
6D7
330
70
100
AcDbEntity
  8
Visible
 62
     5
100
AcDbLine
 10
418.3092499999998
 20
151.0213469999995
 30
0.0
 11
418.3092499999998
 21
164.0208509999995
 31
0.0
210
0.0
220
0.0
230
-1.0
  0
ARC
  5
6D8
330
70
100
AcDbEntity
  8
Visible
 62
     5
100
AcDbCircle
 10
418.8093229999998
 20
151.0213469999995
 30
0.0
 40
0.500073156230121
100
AcDbArc
 50
179.9999999999996
 51
270.0
  0
ARC
  5
6D9
330
70
100
AcDbEntity
  8
Visible
 62
     5
100
AcDbCircle
 10
437.8593229999999
 20
151.0213469999994
 30
0.0
 40
0.5000731562301742
100
AcDbArc
 50
179.9999999999996
 51
270.0
  0
LINE
  5
6DA
330
70
100
AcDbEntity
  8
Visible
 62
     5
100
AcDbLine
 10
450.8590719999999
 20
150.5212739999993
 30
0.0
 11
437.8593229999999
 21
150.5212739999994
 31
0.0
210
0.0
220
0.0
230
-1.0
  0
ARC
  5
6DB
330
70
100
AcDbEntity
  8
Visible
 62
     5
100
AcDbCircle
 10
450.8590719999999
 20
151.0212739999993
 30
0.0
 40
0.499999999999865
100
AcDbArc
 50
270.0
 51
359.9999999999996
  0
LINE
  5
6DC
330
70
100
AcDbEntity
  8
Visible
 62
     5
100
AcDbLine
 10
451.3590719999998
 20
164.0209239999993
 30
0.0
 11
451.3590719999998
 21
151.0212739999993
 31
0.0
210
0.0
220
0.0
230
-1.0
  0
ARC
  5
6DD
330
70
100
AcDbEntity
  8
Visible
 62
     5
100
AcDbCircle
 10
450.8590719999999
 20
164.0209239999993
 30
0.0
 40
0.4999999999999271
100
AcDbArc
 50
359.9999999999996
 51
90.0
  0
LINE
  5
6DE
330
70
100
AcDbEntity
  8
Visible
 62
     5
100
AcDbLine
 10
437.8593229999999
 20
164.5209239999994
 30
0.0
 11
450.8590719999999
 21
164.5209239999993
 31
0.0
210
0.0
220
0.0
230
-1.0
  0
ARC
  5
6DF
330
70
100
AcDbEntity
  8
Visible
 62
     5
100
AcDbCircle
 10
437.8593229999999
 20
164.0208509999994
 30
0.0
 40
0.5000731562301652
100
AcDbArc
 50
90.0
 51
179.9999999999996
  0
LINE
  5
6E0
330
70
100
AcDbEntity
  8
Visible
 62
     5
100
AcDbLine
 10
437.3592499999999
 20
151.0213469999994
 30
0.0
 11
437.3592499999999
 21
164.0208509999994
 31
0.0
210
0.0
220
0.0
230
-1.0
  0
ARC
  5
6E1
330
70
100
AcDbEntity
  8
Visible
 62
     5
100
AcDbCircle
 10
527.0590719999999
 20
151.0212739999988
 30
0.0
 40
0.5000000000003622
100
AcDbArc
 50
270.0
 51
359.9999999999996
  0
LINE
  5
6E2
330
70
100
AcDbEntity
  8
Visible
 62
     5
100
AcDbLine
 10
527.559072
 20
164.0209239999988
 30
0.0
 11
527.5590719999999
 21
151.0212739999988
 31
0.0
210
0.0
220
0.0
230
-1.0
  0
ARC
  5
6E3
330
70
100
AcDbEntity
  8
Visible
 62
     5
100
AcDbCircle
 10
527.059072
 20
164.0209239999988
 30
0.0
 40
0.500000000000549
100
AcDbArc
 50
359.9999999999996
 51
90.0
  0
LINE
  5
6E4
330
70
100
AcDbEntity
  8
Visible
 62
     5
100
AcDbLine
 10
514.0593229999999
 20
164.5209239999989
 30
0.0
 11
527.059072
 21
164.5209239999988
 31
0.0
210
0.0
220
0.0
230
-1.0
  0
ARC
  5
6E5
330
70
100
AcDbEntity
  8
Visible
 62
     5
100
AcDbCircle
 10
514.0593229999999
 20
164.0208509999989
 30
0.0
 40
0.500073156230521
100
AcDbArc
 50
90.0
 51
179.9999999999996
  0
LINE
  5
6E6
330
70
100
AcDbEntity
  8
Visible
 62
     5
100
AcDbLine
 10
513.5592499999999
 20
151.0213469999989
 30
0.0
 11
513.55925
 21
164.0208509999989
 31
0.0
210
0.0
220
0.0
230
-1.0
  0
ARC
  5
6E7
330
70
100
AcDbEntity
  8
Visible
 62
     5
100
AcDbCircle
 10
514.0593229999999
 20
151.0213469999989
 30
0.0
 40
0.5000731562303871
100
AcDbArc
 50
179.9999999999996
 51
270.0
  0
LINE
  5
6E8
330
70
100
AcDbEntity
  8
Visible
 62
     5
100
AcDbLine
 10
527.0590719999999
 20
150.5212739999988
 30
0.0
 11
514.0593229999999
 21
150.5212739999989
 31
0.0
210
0.0
220
0.0
230
-1.0
  0
LINE
  5
6E9
330
70
100
AcDbEntity
  8
Visible
 62
     5
100
AcDbLine
 10
495.009323
 20
164.520923999999
 30
0.0
 11
508.009072
 21
164.5209239999989
 31
0.0
210
0.0
220
0.0
230
-1.0
  0
ARC
  5
6EA
330
70
100
AcDbEntity
  8
Visible
 62
     5
100
AcDbCircle
 10
495.009323
 20
164.020850999999
 30
0.0
 40
0.500073156230076
100
AcDbArc
 50
90.0
 51
179.9999999999996
  0
LINE
  5
6EB
330
70
100
AcDbEntity
  8
Visible
 62
     5
100
AcDbLine
 10
494.5092499999999
 20
151.021346999999
 30
0.0
 11
494.50925
 21
164.020850999999
 31
0.0
210
0.0
220
0.0
230
-1.0
  0
ARC
  5
6EC
330
70
100
AcDbEntity
  8
Visible
 62
     5
100
AcDbCircle
 10
495.0093229999999
 20
151.021346999999
 30
0.0
 40
0.50007315622997
100
AcDbArc
 50
179.9999999999996
 51
270.0
  0
LINE
  5
6ED
330
70
100
AcDbEntity
  8
Visible
 62
     5
100
AcDbLine
 10
508.0090719999999
 20
150.5212739999989
 30
0.0
 11
495.0093229999999
 21
150.521273999999
 31
0.0
210
0.0
220
0.0
230
-1.0
  0
ARC
  5
6EE
330
70
100
AcDbEntity
  8
Visible
 62
     5
100
AcDbCircle
 10
508.0090719999999
 20
151.0212739999989
 30
0.0
 40
0.4999999999998121
100
AcDbArc
 50
270.0
 51
359.9999999999996
  0
LINE
  5
6EF
330
70
100
AcDbEntity
  8
Visible
 62
     5
100
AcDbLine
 10
508.509072
 20
164.0209239999989
 30
0.0
 11
508.5090719999999
 21
151.0212739999989
 31
0.0
210
0.0
220
0.0
230
-1.0
  0
ARC
  5
6F0
330
70
100
AcDbEntity
  8
Visible
 62
     5
100
AcDbCircle
 10
508.009072
 20
164.0209239999989
 30
0.0
 40
0.4999999999998562
100
AcDbArc
 50
359.9999999999996
 51
90.0
  0
LINE
  5
6F4
330
70
100
AcDbEntity
  8
Visible
 62
     5
100
AcDbLine
 10
598.4965720000003
 20
207.6712739999986
 30
0.0
 11
585.4968230000004
 21
207.6712739999987
 31
0.0
210
0.0
220
0.0
230
-1.0
  0
ARC
  5
6F5
330
70
100
AcDbEntity
  8
Visible
 62
     5
100
AcDbCircle
 10
598.4965720000003
 20
208.1712739999987
 30
0.0
 40
0.5000000000003979
100
AcDbArc
 50
270.0
 51
359.9999999999996
  0
LINE
  5
6F6
330
70
100
AcDbEntity
  8
Visible
 62
     5
100
AcDbLine
 10
598.9965720000005
 20
221.1709239999986
 30
0.0
 11
598.9965720000003
 21
208.1712739999987
 31
0.0
210
0.0
220
0.0
230
-1.0
  0
ARC
  5
6F7
330
70
100
AcDbEntity
  8
Visible
 62
     5
100
AcDbCircle
 10
598.4965720000005
 20
221.1709239999986
 30
0.0
 40
0.5000000000004162
100
AcDbArc
 50
359.9999999999996
 51
90.0
  0
LINE
  5
6F8
330
70
100
AcDbEntity
  8
Visible
 62
     5
100
AcDbLine
 10
585.4968230000004
 20
221.6709239999987
 30
0.0
 11
598.4965720000005
 21
221.6709239999986
 31
0.0
210
0.0
220
0.0
230
-1.0
  0
ARC
  5
6F9
330
70
100
AcDbEntity
  8
Visible
 62
     5
100
AcDbCircle
 10
585.4968230000004
 20
221.1708509999986
 30
0.0
 40
0.5000731562302362
100
AcDbArc
 50
90.0
 51
179.9999999999996
  0
LINE
  5
6FA
330
70
100
AcDbEntity
  8
Visible
 62
     5
100
AcDbLine
 10
584.9967500000003
 20
208.1713469999987
 30
0.0
 11
584.9967500000004
 21
221.1708509999987
 31
0.0
210
0.0
220
0.0
230
-1.0
  0
ARC
  5
6FB
330
70
100
AcDbEntity
  8
Visible
 62
     5
100
AcDbCircle
 10
585.4968230000004
 20
208.1713469999987
 30
0.0
 40
0.5000731562304141
100
AcDbArc
 50
179.9999999999996
 51
270.0
  0
ARC
  5
6FC
330
70
100
AcDbEntity
  8
Visible
 62
     5
100
AcDbCircle
 10
617.5465720000004
 20
221.1709239999986
 30
0.0
 40
0.500000000000025
100
AcDbArc
 50
359.9999999999996
 51
90.0
  0
LINE
  5
6FD
330
70
100
AcDbEntity
  8
Visible
 62
     5
100
AcDbLine
 10
604.5469250000004
 20
221.6709239999986
 30
0.0
 11
617.5465720000004
 21
221.6709239999985
 31
0.0
210
0.0
220
0.0
230
-1.0
  0
ARC
  5
6FE
330
70
100
AcDbEntity
  8
Visible
 62
     5
100
AcDbCircle
 10
604.5469250000004
 20
221.1707479999986
 30
0.0
 40
0.500175323726282
100
AcDbArc
 50
90.0
 51
179.9999999999996
  0
LINE
  5
6FF
330
70
100
AcDbEntity
  8
Visible
 62
     5
100
AcDbLine
 10
604.0467500000004
 20
208.1714489999986
 30
0.0
 11
604.0467500000004
 21
221.1707479999986
 31
0.0
210
0.0
220
0.0
230
-1.0
  0
ARC
  5
700
330
70
100
AcDbEntity
  8
Visible
 62
     5
100
AcDbCircle
 10
604.5469250000003
 20
208.1714489999986
 30
0.0
 40
0.5001753237264772
100
AcDbArc
 50
179.9999999999996
 51
270.0
  0
LINE
  5
701
330
70
100
AcDbEntity
  8
Visible
 62
     5
100
AcDbLine
 10
617.5465280000003
 20
207.6712739999985
 30
0.0
 11
604.5469250000003
 21
207.6712739999986
 31
0.0
210
0.0
220
0.0
230
-1.0
  0
ARC
  5
702
330
70
100
AcDbEntity
  8
Visible
 62
     5
100
AcDbCircle
 10
617.5465280000003
 20
208.1713179999985
 30
0.0
 40
0.5000441230018641
100
AcDbArc
 50
270.0
 51
359.9999999999996
  0
LINE
  5
703
330
70
100
AcDbEntity
  8
Visible
 62
     5
100
AcDbLine
 10
618.0465720000004
 20
221.1709239999986
 30
0.0
 11
618.0465720000004
 21
208.1713179999985
 31
0.0
210
0.0
220
0.0
230
-1.0
  0
LINE
  5
745
330
70
100
AcDbEntity
  8
0
  6
Continuous
 62
     5
370
    25
100
AcDbLine
 10
607.5410725000002
 20
168.601474
 30
0.0
 11
614.5400725000002
 21
168.601474
 31
0.0
  0
LINE
  5
746
330
70
100
AcDbEntity
  8
0
  6
Continuous
 62
     5
370
    25
100
AcDbLine
 10
583.7405725000002
 20
168.601474
 30
0.0
 11
590.7395725000002
 21
168.601474
 31
0.0
  0
LINE
  5
747
330
70
100
AcDbEntity
  8
0
  6
Continuous
 62
     5
370
    25
100
AcDbLine
 10
364.6532225000003
 20
149.551274
 30
0.0
 11
371.6522225000002
 21
149.551274
 31
0.0
  0
LINE
  5
748
330
70
100
AcDbEntity
  8
0
  6
Continuous
 62
     5
370
    25
100
AcDbLine
 10
394.2087725000003
 20
164.5205739999999
 30
0.0
 11
394.2087725000003
 21
150.5212739999999
 31
0.0
  0
LINE
  5
749
330
70
100
AcDbEntity
  8
0
  6
Continuous
 62
     5
370
    25
100
AcDbLine
 10
591.8522725000002
 20
164.5205739999999
 30
0.0
 11
591.8522725000002
 21
150.5212739999999
 31
0.0
  0
LINE
  5
74A
330
70
100
AcDbEntity
  8
0
  6
Continuous
 62
     5
370
    25
100
AcDbLine
 10
618.0462725000003
 20
164.5205739999999
 30
0.0
 11
618.0462725000003
 21
150.5212739999999
 31
0.0
  0
LINE
  5
74C
330
70
100
AcDbEntity
  8
0
  6
Continuous
 62
     5
370
    25
100
AcDbLine
 10
340.8531725000003
 20
164.5205739999999
 30
0.0
 11
340.8531725000003
 21
149.551274
 31
0.0
  0
LINE
  5
74D
330
70
100
AcDbEntity
  8
0
  6
Continuous
 62
     5
370
    25
100
AcDbLine
 10
363.2521725000003
 20
164.520674
 30
0.0
 11
349.2531725000002
 21
164.520674
 31
0.0
  0
LINE
  5
74E
330
70
100
AcDbEntity
  8
0
  6
Continuous
 62
     5
370
    25
100
AcDbLine
 10
606.1392725000002
 20
183.5705739999999
 30
0.0
 11
592.1402725000002
 21
183.5705739999999
 31
0.0
  0
LINE
  5
757
330
70
100
AcDbEntity
  8
0
  6
Continuous
 62
     5
370
    25
100
AcDbLine
 10
614.5400725000002
 20
183.5707739999999
 30
0.0
 11
614.5400725000002
 21
168.601474
 31
0.0
  0
LINE
  5
758
330
70
100
AcDbEntity
  8
0
  6
Continuous
 62
     5
370
    25
100
AcDbLine
 10
607.5410725000002
 20
183.5707739999999
 30
0.0
 11
614.5400725000002
 21
183.5707739999999
 31
0.0
  0
LINE
  5
759
330
70
100
AcDbEntity
  8
0
  6
Continuous
 62
     5
370
    25
100
AcDbLine
 10
607.5410725000002
 20
183.5707739999999
 30
0.0
 11
607.5410725000002
 21
168.601474
 31
0.0
  0
LINE
  5
75A
330
70
100
AcDbEntity
  8
0
  6
Continuous
 62
     5
370
    25
100
AcDbLine
 10
590.7395725000002
 20
183.5707739999999
 30
0.0
 11
590.7395725000002
 21
168.601474
 31
0.0
  0
LINE
  5
75B
330
70
100
AcDbEntity
  8
0
  6
Continuous
 62
     5
370
    25
100
AcDbLine
 10
583.7405725000002
 20
183.5707739999999
 30
0.0
 11
590.7395725000002
 21
183.5707739999999
 31
0.0
  0
LINE
  5
75C
330
70
100
AcDbEntity
  8
0
  6
Continuous
 62
     5
370
    25
100
AcDbLine
 10
583.7405725000002
 20
183.5707739999999
 30
0.0
 11
583.7405725000002
 21
168.601474
 31
0.0
  0
LINE
  5
75D
330
70
100
AcDbEntity
  8
0
  6
Continuous
 62
     5
370
    25
100
AcDbLine
 10
371.6522225000002
 20
164.5205739999999
 30
0.0
 11
371.6522225000002
 21
149.551274
 31
0.0
  0
LINE
  5
75E
330
70
100
AcDbEntity
  8
0
  6
Continuous
 62
     5
370
    25
100
AcDbLine
 10
364.6532225000003
 20
164.5205739999999
 30
0.0
 11
371.6522225000002
 21
164.5205739999999
 31
0.0
  0
LINE
  5
75F
330
70
100
AcDbEntity
  8
0
  6
Continuous
 62
     5
370
    25
100
AcDbLine
 10
364.6532225000003
 20
164.5205739999999
 30
0.0
 11
364.6532225000003
 21
149.551274
 31
0.0
  0
LINE
  5
760
330
70
100
AcDbEntity
  8
0
  6
Continuous
 62
     5
370
    25
100
AcDbLine
 10
380.2094725000003
 20
164.5205739999999
 30
0.0
 11
394.2087725000003
 21
164.5205739999999
 31
0.0
  0
LINE
  5
761
330
70
100
AcDbEntity
  8
0
  6
Continuous
 62
     5
370
    25
100
AcDbLine
 10
380.2094725000003
 20
150.5212739999999
 30
0.0
 11
380.2094725000003
 21
164.5205739999999
 31
0.0
  0
LINE
  5
762
330
70
100
AcDbEntity
  8
0
  6
Continuous
 62
     5
370
    25
100
AcDbLine
 10
394.2087725000003
 20
150.5212739999999
 30
0.0
 11
380.2094725000003
 21
150.5212739999999
 31
0.0
  0
LINE
  5
763
330
70
100
AcDbEntity
  8
0
  6
Continuous
 62
     5
370
    25
100
AcDbLine
 10
577.8532725000002
 20
164.5205739999999
 30
0.0
 11
591.8522725000002
 21
164.5205739999999
 31
0.0
  0
LINE
  5
764
330
70
100
AcDbEntity
  8
0
  6
Continuous
 62
     5
370
    25
100
AcDbLine
 10
577.8532725000002
 20
150.5212739999999
 30
0.0
 11
577.8532725000002
 21
164.5205739999999
 31
0.0
  0
LINE
  5
765
330
70
100
AcDbEntity
  8
0
  6
Continuous
 62
     5
370
    25
100
AcDbLine
 10
591.8522725000002
 20
150.5212739999999
 30
0.0
 11
577.8532725000002
 21
150.5212739999999
 31
0.0
  0
LINE
  5
766
330
70
100
AcDbEntity
  8
0
  6
Continuous
 62
     5
370
    25
100
AcDbLine
 10
604.0472725000003
 20
164.5205739999999
 30
0.0
 11
618.0462725000003
 21
164.5205739999999
 31
0.0
  0
LINE
  5
767
330
70
100
AcDbEntity
  8
0
  6
Continuous
 62
     5
370
    25
100
AcDbLine
 10
604.0472725000003
 20
150.5212739999999
 30
0.0
 11
604.0472725000003
 21
164.5205739999999
 31
0.0
  0
LINE
  5
768
330
70
100
AcDbEntity
  8
0
  6
Continuous
 62
     5
370
    25
100
AcDbLine
 10
618.0462725000003
 20
150.5212739999999
 30
0.0
 11
604.0472725000003
 21
150.5212739999999
 31
0.0
  0
LINE
  5
76D
330
70
100
AcDbEntity
  8
0
  6
Continuous
 62
     5
370
    25
100
AcDbLine
 10
340.8531725000003
 20
149.551274
 30
0.0
 11
347.8521725000002
 21
149.551274
 31
0.0
  0
LINE
  5
76E
330
70
100
AcDbEntity
  8
0
  6
Continuous
 62
     5
370
    25
100
AcDbLine
 10
347.8521725000002
 20
164.5205739999999
 30
0.0
 11
347.8521725000002
 21
149.551274
 31
0.0
  0
LINE
  5
76F
330
70
100
AcDbEntity
  8
0
  6
Continuous
 62
     5
370
    25
100
AcDbLine
 10
340.8531725000003
 20
164.5205739999999
 30
0.0
 11
347.8521725000002
 21
164.5205739999999
 31
0.0
  0
LINE
  5
770
330
70
100
AcDbEntity
  8
0
  6
Continuous
 62
     5
370
    25
100
AcDbLine
 10
349.2531725000002
 20
164.520674
 30
0.0
 11
349.2531725000002
 21
150.521374
 31
0.0
  0
LINE
  5
771
330
70
100
AcDbEntity
  8
0
  6
Continuous
 62
     5
370
    25
100
AcDbLine
 10
349.2531725000002
 20
150.521374
 30
0.0
 11
363.2521725000003
 21
150.521374
 31
0.0
  0
LINE
  5
772
330
70
100
AcDbEntity
  8
0
  6
Continuous
 62
     5
370
    25
100
AcDbLine
 10
363.2521725000003
 20
150.521374
 30
0.0
 11
363.2521725000003
 21
164.520674
 31
0.0
  0
LINE
  5
773
330
70
100
AcDbEntity
  8
0
  6
Continuous
 62
     5
370
    25
100
AcDbLine
 10
592.1402725000002
 20
183.5705739999999
 30
0.0
 11
592.1402725000002
 21
169.571274
 31
0.0
  0
LINE
  5
774
330
70
100
AcDbEntity
  8
0
  6
Continuous
 62
     5
370
    25
100
AcDbLine
 10
592.1402725000002
 20
169.571274
 30
0.0
 11
606.1392725000002
 21
169.571274
 31
0.0
  0
LINE
  5
775
330
70
100
AcDbEntity
  8
0
  6
Continuous
 62
     5
370
    25
100
AcDbLine
 10
606.1392725000002
 20
169.571274
 30
0.0
 11
606.1392725000002
 21
183.5705739999999
 31
0.0
  0
LINE
  5
783
330
70
100
AcDbEntity
  8
0
  6
Continuous
 62
     5
370
    25
100
AcDbLine
 10
613.2842725000003
 20
202.620574
 30
0.0
 11
613.2842725000003
 21
188.6212739999999
 31
0.0
  0
LINE
  5
785
330
70
100
AcDbEntity
  8
0
  6
Continuous
 62
     5
370
    25
100
AcDbLine
 10
599.2842725000002
 20
202.620574
 30
0.0
 11
613.2842725000003
 21
202.620574
 31
0.0
  0
LINE
  5
786
330
70
100
AcDbEntity
  8
0
  6
Continuous
 62
     5
370
    25
100
AcDbLine
 10
599.2842725000002
 20
188.6212739999999
 30
0.0
 11
599.2842725000002
 21
202.620574
 31
0.0
  0
LINE
  5
787
330
70
100
AcDbEntity
  8
0
  6
Continuous
 62
     5
370
    25
100
AcDbLine
 10
613.2842725000003
 20
188.6212739999999
 30
0.0
 11
599.2842725000002
 21
188.6212739999999
 31
0.0
  0
ARC
  5
7F0
330
70
100
AcDbEntity
  8
Visible
 62
     5
100
AcDbCircle
 10
-539.0967809999997
 20
133.0789279999998
 30
0.0
 40
0.5
210
0.0
220
0.0
230
-1.0
100
AcDbArc
 50
270.0
 51
0.0
  0
LINE
  5
7F1
330
70
100
AcDbEntity
  8
Visible
 62
     5
100
AcDbLine
 10
539.0967809999997
 20
132.5789279999998
 30
0.0
 11
542.3467809999997
 21
132.5789279999998
 31
0.0
210
0.0
220
0.0
230
-1.0
  0
ARC
  5
7F2
330
70
100
AcDbEntity
  8
Visible
 62
     5
100
AcDbCircle
 10
542.3467809999997
 20
132.0789279999998
 30
0.0
 40
0.5000000000000001
100
AcDbArc
 50
0.0
 51
90.0
  0
LINE
  5
7F3
330
70
100
AcDbEntity
  8
Visible
 62
     5
100
AcDbLine
 10
542.8467809999997
 20
132.0789279999998
 30
0.0
 11
542.8467809999997
 21
130.5789279999998
 31
0.0
210
0.0
220
0.0
230
-1.0
  0
ARC
  5
7F4
330
70
100
AcDbEntity
  8
Visible
 62
     5
100
AcDbCircle
 10
-543.3467809999997
 20
130.5789279999998
 30
0.0
 40
0.5000000000000001
210
0.0
220
0.0
230
-1.0
100
AcDbArc
 50
270.0
 51
0.0
  0
LINE
  5
7F5
330
70
100
AcDbEntity
  8
Visible
 62
     5
100
AcDbLine
 10
590.3420719999997
 20
130.0789279999998
 30
0.0
 11
543.3467809999997
 21
130.0789279999998
 31
0.0
210
0.0
220
0.0
230
-1.0
  0
LINE
  5
7F6
330
70
100
AcDbEntity
  8
Visible
 62
     5
100
AcDbLine
 10
412.0467819999997
 20
130.0789279999998
 30
0.0
 11
365.0514589999998
 21
130.0789279999998
 31
0.0
210
0.0
220
0.0
230
-1.0
  0
ARC
  5
7F7
330
70
100
AcDbEntity
  8
Visible
 62
     5
100
AcDbCircle
 10
-412.0467819999997
 20
130.5789279999998
 30
0.0
 40
0.5000000000000001
210
0.0
220
0.0
230
-1.0
100
AcDbArc
 50
180.0
 51
270.0
  0
LINE
  5
7F8
330
70
100
AcDbEntity
  8
Visible
 62
     5
100
AcDbLine
 10
412.5467819999997
 20
130.5789279999998
 30
0.0
 11
412.5467819999997
 21
132.0789279999998
 31
0.0
210
0.0
220
0.0
230
-1.0
  0
ARC
  5
7F9
330
70
100
AcDbEntity
  8
Visible
 62
     5
100
AcDbCircle
 10
413.0467819999997
 20
132.0789279999998
 30
0.0
 40
0.5000000000000001
100
AcDbArc
 50
90.0
 51
180.0
  0
LINE
  5
7FA
330
70
100
AcDbEntity
  8
Visible
 62
     5
100
AcDbLine
 10
413.0467819999997
 20
132.5789279999998
 30
0.0
 11
416.2967819999996
 21
132.5789279999998
 31
0.0
210
0.0
220
0.0
230
-1.0
  0
ARC
  5
7FB
330
70
100
AcDbEntity
  8
Visible
 62
     5
100
AcDbCircle
 10
-416.2967819999996
 20
133.0789279999998
 30
0.0
 40
0.5000000000000001
210
0.0
220
0.0
230
-1.0
100
AcDbArc
 50
180.0
 51
270.0
  0
LINE
  5
7FC
330
70
100
AcDbEntity
  8
Visible
 62
     5
100
AcDbLine
 10
416.7967819999997
 20
147.7117129999998
 30
0.0
 11
416.7967819999997
 21
133.0789279999998
 31
0.0
210
0.0
220
0.0
230
-1.0
  0
ARC
  5
7FD
330
70
100
AcDbEntity
  8
Visible
 62
     5
100
AcDbCircle
 10
417.2967809999997
 20
147.7117129999998
 30
0.0
 40
0.4999988107428251
100
AcDbArc
 50
90.0
 51
180.0
  0
LINE
  5
7FE
330
70
100
AcDbEntity
  8
Visible
 62
     5
100
AcDbLine
 10
423.7967829999996
 20
148.2117119999998
 30
0.0
 11
417.2967809999997
 21
148.2117119999998
 31
0.0
210
0.0
220
0.0
230
-1.0
  0
ARC
  5
7FF
330
70
100
AcDbEntity
  8
Visible
 62
     5
100
AcDbCircle
 10
423.7967829999996
 20
147.7117129999998
 30
0.0
 40
0.4999988107424261
100
AcDbArc
 50
0.0
 51
90.0
  0
LINE
  5
800
330
70
100
AcDbEntity
  8
Visible
 62
     5
100
AcDbLine
 10
424.2967819999996
 20
133.0789279999998
 30
0.0
 11
424.2967819999996
 21
147.7117129999998
 31
0.0
210
0.0
220
0.0
230
-1.0
  0
ARC
  5
801
330
70
100
AcDbEntity
  8
Visible
 62
     5
100
AcDbCircle
 10
-424.7967819999997
 20
133.0789279999998
 30
0.0
 40
0.5000000000000001
210
0.0
220
0.0
230
-1.0
100
AcDbArc
 50
270.0
 51
0.0
  0
LINE
  5
802
330
70
100
AcDbEntity
  8
Visible
 62
     5
100
AcDbLine
 10
424.7967819999997
 20
132.5789279999998
 30
0.0
 11
428.0467819999997
 21
132.5789279999998
 31
0.0
210
0.0
220
0.0
230
-1.0
  0
ARC
  5
803
330
70
100
AcDbEntity
  8
Visible
 62
     5
100
AcDbCircle
 10
428.0467819999997
 20
132.0789279999998
 30
0.0
 40
0.5000000000000001
100
AcDbArc
 50
0.0
 51
90.0
  0
LINE
  5
804
330
70
100
AcDbEntity
  8
Visible
 62
     5
100
AcDbLine
 10
428.5467819999997
 20
132.0789279999998
 30
0.0
 11
428.5467819999997
 21
129.5789279999998
 31
0.0
210
0.0
220
0.0
230
-1.0
  0
ARC
  5
805
330
70
100
AcDbEntity
  8
Visible
 62
     5
100
AcDbCircle
 10
-429.0467819999997
 20
129.5789279999998
 30
0.0
 40
0.5000000000000001
210
0.0
220
0.0
230
-1.0
100
AcDbArc
 50
270.0
 51
0.0
  0
LINE
  5
806
330
70
100
AcDbEntity
  8
Visible
 62
     5
100
AcDbLine
 10
432.4181869999997
 20
129.0789279999998
 30
0.0
 11
429.0467819999997
 21
129.0789279999998
 31
0.0
210
0.0
220
0.0
230
-1.0
  0
ARC
  5
807
330
70
100
AcDbEntity
  8
Visible
 62
     5
100
AcDbCircle
 10
-432.4181869999997
 20
130.0789279999998
 30
0.0
 40
1.000000000000119
210
0.0
220
0.0
230
-1.0
100
AcDbArc
 50
225.0
 51
270.0
  0
LINE
  5
808
330
70
100
AcDbEntity
  8
Visible
 62
     5
100
AcDbLine
 10
434.0398529999997
 20
130.2863799999998
 30
0.0
 11
433.1252939999997
 21
129.3718209999998
 31
0.0
210
0.0
220
0.0
230
-1.0
  0
ARC
  5
809
330
70
100
AcDbEntity
  8
Visible
 62
     5
100
AcDbCircle
 10
434.7469599999997
 20
129.5792729999998
 30
0.0
 40
1.000000000000009
100
AcDbArc
 50
90.0
 51
134.9999999999999
  0
LINE
  5
80A
330
70
100
AcDbEntity
  8
Visible
 62
     5
100
AcDbLine
 10
469.6967849999997
 20
130.5792729999998
 30
0.0
 11
434.7469599999997
 21
130.5792729999998
 31
0.0
210
0.0
220
0.0
230
-1.0
  0
ARC
  5
80B
330
70
100
AcDbEntity
  8
Visible
 62
     5
100
AcDbCircle
 10
-469.6967849999997
 20
131.5792729999998
 30
0.0
 40
1.000000000000089
210
0.0
220
0.0
230
-1.0
100
AcDbArc
 50
180.0
 51
270.0
  0
LINE
  5
80C
330
70
100
AcDbEntity
  8
Visible
 62
     5
100
AcDbLine
 10
470.6967849999997
 20
144.9709229999998
 30
0.0
 11
470.6967849999997
 21
131.5792729999998
 31
0.0
210
0.0
220
0.0
230
-1.0
  0
ARC
  5
80D
330
70
100
AcDbEntity
  8
Visible
 62
     5
100
AcDbCircle
 10
471.1967849999997
 20
144.9709229999998
 30
0.0
 40
0.5000000000000691
100
AcDbArc
 50
90.0
 51
180.0
  0
LINE
  5
80E
330
70
100
AcDbEntity
  8
Visible
 62
     5
100
AcDbLine
 10
484.2052819999997
 20
145.4709229999998
 30
0.0
 11
471.1967849999997
 21
145.4709229999998
 31
0.0
210
0.0
220
0.0
230
-1.0
  0
ARC
  5
80F
330
70
100
AcDbEntity
  8
Visible
 62
     5
100
AcDbCircle
 10
484.1967809999998
 20
144.9709959999998
 30
0.0
 40
0.4999999999999531
100
AcDbArc
 50
0.0
 51
89.02587599999952
  0
LINE
  5
810
330
70
100
AcDbEntity
  8
Visible
 62
     5
100
AcDbLine
 10
484.6967809999997
 20
131.5792729999998
 30
0.0
 11
484.6967809999997
 21
144.9709959999998
 31
0.0
210
0.0
220
0.0
230
-1.0
  0
ARC
  5
811
330
70
100
AcDbEntity
  8
Visible
 62
     5
100
AcDbCircle
 10
-485.6967809999997
 20
131.5792729999998
 30
0.0
 40
0.9999999999999879
210
0.0
220
0.0
230
-1.0
100
AcDbArc
 50
270.0
 51
0.0
  0
LINE
  5
812
330
70
100
AcDbEntity
  8
Visible
 62
     5
100
AcDbLine
 10
520.6469579999998
 20
130.5792729999998
 30
0.0
 11
485.6967809999997
 21
130.5792729999998
 31
0.0
210
0.0
220
0.0
230
-1.0
  0
ARC
  5
813
330
70
100
AcDbEntity
  8
Visible
 62
     5
100
AcDbCircle
 10
520.6469579999998
 20
129.5792729999998
 30
0.0
 40
0.9999999999999321
100
AcDbArc
 50
45.00000000000002
 51
90.0
  0
LINE
  5
814
330
70
100
AcDbEntity
  8
Visible
 62
     5
100
AcDbLine
 10
522.2686229999997
 20
129.3718209999998
 30
0.0
 11
521.3540639999998
 21
130.2863799999998
 31
0.0
210
0.0
220
0.0
230
-1.0
  0
ARC
  5
815
330
70
100
AcDbEntity
  8
Visible
 62
     5
100
AcDbCircle
 10
-522.9757299999999
 20
130.0789279999998
 30
0.0
 40
1.000000000000049
210
0.0
220
0.0
230
-1.0
100
AcDbArc
 50
270.0
 51
315.0
  0
LINE
  5
816
330
70
100
AcDbEntity
  8
Visible
 62
     5
100
AcDbLine
 10
526.3467809999997
 20
129.0789279999998
 30
0.0
 11
522.9757299999999
 21
129.0789279999998
 31
0.0
210
0.0
220
0.0
230
-1.0
  0
ARC
  5
817
330
70
100
AcDbEntity
  8
Visible
 62
     5
100
AcDbCircle
 10
-526.3467809999997
 20
129.5789279999998
 30
0.0
 40
0.5000000000000001
210
0.0
220
0.0
230
-1.0
100
AcDbArc
 50
180.0
 51
270.0
  0
LINE
  5
818
330
70
100
AcDbEntity
  8
Visible
 62
     5
100
AcDbLine
 10
526.8467809999997
 20
129.5789279999998
 30
0.0
 11
526.8467809999997
 21
132.0789279999998
 31
0.0
210
0.0
220
0.0
230
-1.0
  0
ARC
  5
819
330
70
100
AcDbEntity
  8
Visible
 62
     5
100
AcDbCircle
 10
527.3467809999997
 20
132.0789279999998
 30
0.0
 40
0.5000000000000001
100
AcDbArc
 50
90.0
 51
180.0
  0
LINE
  5
81A
330
70
100
AcDbEntity
  8
Visible
 62
     5
100
AcDbLine
 10
527.3467809999997
 20
132.5789279999998
 30
0.0
 11
530.5967799999998
 21
132.5789279999998
 31
0.0
210
0.0
220
0.0
230
-1.0
  0
ARC
  5
81B
330
70
100
AcDbEntity
  8
Visible
 62
     5
100
AcDbCircle
 10
-530.5967799999998
 20
133.0789279999998
 30
0.0
 40
0.5000000000000001
210
0.0
220
0.0
230
-1.0
100
AcDbArc
 50
180.0
 51
270.0
  0
LINE
  5
81C
330
70
100
AcDbEntity
  8
Visible
 62
     5
100
AcDbLine
 10
531.0967799999998
 20
133.0789279999998
 30
0.0
 11
531.0967799999998
 21
147.7117119999998
 31
0.0
210
0.0
220
0.0
230
-1.0
  0
ARC
  5
81D
330
70
100
AcDbEntity
  8
Visible
 62
     5
100
AcDbCircle
 10
531.5967809999997
 20
147.7117119999998
 30
0.0
 40
0.500000099802023
100
AcDbArc
 50
90.0
 51
180.0
  0
LINE
  5
81E
330
70
100
AcDbEntity
  8
Visible
 62
     5
100
AcDbLine
 10
538.0967809999997
 20
148.2117119999998
 30
0.0
 11
531.5967809999997
 21
148.2117119999998
 31
0.0
210
0.0
220
0.0
230
-1.0
  0
ARC
  5
81F
330
70
100
AcDbEntity
  8
Visible
 62
     5
100
AcDbCircle
 10
538.0967809999997
 20
147.7117119999998
 30
0.0
 40
0.5000000998025379
100
AcDbArc
 50
0.0
 51
90.0
  0
LINE
  5
820
330
70
100
AcDbEntity
  8
Visible
 62
     5
100
AcDbLine
 10
538.5967809999997
 20
133.0789279999998
 30
0.0
 11
538.5967809999997
 21
147.7117119999998
 31
0.0
210
0.0
220
0.0
230
-1.0
  0
LINE
  5
830
330
70
100
AcDbEntity
  8
Visible
 62
     5
100
AcDbLine
 10
619.4217470000011
 20
219.5619259999983
 30
0.0
 11
619.4217469999998
 21
133.5789279999983
 31
0.0
210
0.0
220
0.0
230
-1.0
  0
ARC
  5
831
330
70
100
AcDbEntity
  8
Visible
 62
     5
100
AcDbCircle
 10
619.9217470000011
 20
219.5619259999983
 30
0.0
 40
0.500000000000025
100
AcDbArc
 50
90.0
 51
179.9999999999987
  0
ARC
  5
832
330
70
100
AcDbEntity
  8
Visible
 62
     5
100
AcDbCircle
 10
-619.9217470000011
 20
220.5619259999983
 30
0.0
 40
0.500000000000345
210
0.0
220
0.0
230
-1.0
100
AcDbArc
 50
180.0000000000012
 51
270.0
  0
LINE
  5
833
330
70
100
AcDbEntity
  8
Visible
 62
     5
100
AcDbLine
 10
620.421747000001
 20
222.0619259999982
 30
0.0
 11
620.4217470000011
 21
220.5619259999983
 31
0.0
210
0.0
220
0.0
230
-1.0
  0
ARC
  5
834
330
70
100
AcDbEntity
  8
Visible
 62
     5
100
AcDbCircle
 10
-618.4217470000009
 20
222.0619259999983
 30
0.0
 40
1.999999999999989
210
0.0
220
0.0
230
-1.0
100
AcDbArc
 50
90.0
 51
180.0000000000012
  0
LINE
  5
835
330
70
100
AcDbEntity
  8
Visible
 62
     5
100
AcDbLine
 10
616.921747000001
 20
224.0619259999983
 30
0.0
 11
618.4217470000009
 21
224.0619259999983
 31
0.0
210
0.0
220
0.0
230
-1.0
  0
ARC
  5
836
330
70
100
AcDbEntity
  8
Visible
 62
     5
100
AcDbCircle
 10
-616.921747000001
 20
223.5619259999983
 30
0.0
 40
0.5000000000000031
210
0.0
220
0.0
230
-1.0
100
AcDbArc
 50
0.0000000000012722
 51
90.0
  0
ARC
  5
837
330
70
100
AcDbEntity
  8
Visible
 62
     5
100
AcDbCircle
 10
615.921747000001
 20
223.5619259999984
 30
0.0
 40
0.499999999999954
100
AcDbArc
 50
270.0
 51
359.9999999999988
  0
LINE
  5
838
330
70
100
AcDbEntity
  8
Visible
 62
     5
100
AcDbLine
 10
586.507645000001
 20
223.0619259999988
 30
0.0
 11
615.921747000001
 21
223.0619259999984
 31
0.0
210
0.0
220
0.0
230
-1.0
  0
LINE
  5
839
330
70
100
AcDbEntity
  8
Visible
 62
     5
100
AcDbLine
 10
585.5073390000004
 20
224.0619259999986
 30
0.0
 11
579.4362720000004
 21
224.0619259999986
 31
0.0
210
0.0
220
0.0
230
-1.0
  0
ARC
  5
83A
330
70
100
AcDbEntity
  8
Visible
 62
     5
100
AcDbCircle
 10
-585.5073390000004
 20
223.5619259999985
 30
0.0
 40
0.500000000000025
210
0.0
220
0.0
230
-1.0
100
AcDbArc
 50
90.0
 51
180.0000000000003
  0
ARC
  5
83B
330
70
100
AcDbEntity
  8
Visible
 62
     5
100
AcDbCircle
 10
586.5073390000004
 20
223.5619259999985
 30
0.0
 40
0.4999999999999722
100
AcDbArc
 50
179.9999999999996
 51
270.0
  0
LWPOLYLINE
  5
83C
330
70
100
AcDbEntity
  8
0
 62
     5
100
AcDbPolyline
 90
        8
 70
     1
 43
0.0
 10
426.9826021968031
 20
146.3573714885922
 10
467.9281396081316
 20
146.3573714885922
 42
-0.4142135623730951
 10
468.9281396081317
 20
145.3573714885922
 10
468.9281396081317
 20
134.8654220887999
 42
-0.4142135623730951
 10
467.9281396081316
 20
133.8654220887999
 10
426.9826021968031
 20
133.8654220887999
 42
-0.4142135623730951
 10
425.9826021968031
 20
134.8654220887999
 10
425.9826021968031
 20
145.3573714885922
 42
-0.4142135623730951
  0
LWPOLYLINE
  5
846
330
70
100
AcDbEntity
  8
0
 62
     5
100
AcDbPolyline
 90
        8
 70
     1
 43
0.0
 10
528.4109598031964
 20
146.3573709885922
 10
487.4654223918678
 20
146.3573709885922
 42
0.4142135623730951
 10
486.4654223918678
 20
145.3573709885922
 10
486.4654223918678
 20
134.8654215887999
 42
0.4142135623730951
 10
487.4654223918678
 20
133.8654215887999
 10
528.4109598031964
 20
133.8654215887999
 42
0.4142135623730951
 10
529.4109598031964
 20
134.8654215887999
 10
529.4109598031964
 20
145.3573709885922
 42
0.4142135623730951
  0
LINE
  5
C28
330
70
100
AcDbEntity
  8
0
 62
     5
100
AcDbLine
 10
567.0067959274521
 20
446.550428431278
 30
0.0
 11
567.0067959274521
 21
459.5504284312779
 31
0.0
  0
ARC
  5
C29
330
70
100
AcDbEntity
  8
0
 62
     5
100
AcDbCircle
 10
567.5067959274521
 20
459.5504284312779
 30
0.0
 40
0.5
100
AcDbArc
 50
90.0
 51
180.0
  0
ARC
  5
C2A
330
70
100
AcDbEntity
  8
0
 62
     5
100
AcDbCircle
 10
599.6567959274521
 20
459.5504284312779
 30
0.0
 40
0.5
100
AcDbArc
 50
0.0
 51
90.0
  0
LINE
  5
C2B
330
70
100
AcDbEntity
  8
0
 62
     5
100
AcDbLine
 10
600.1567959274523
 20
459.5504284312779
 30
0.0
 11
600.1567959274523
 21
446.550428431278
 31
0.0
  0
ARC
  5
C2C
330
70
100
AcDbEntity
  8
0
 62
     5
100
AcDbCircle
 10
599.6567959274521
 20
446.550428431278
 30
0.0
 40
0.5
100
AcDbArc
 50
270.0
 51
0.0
  0
LINE
  5
C2D
330
70
100
AcDbEntity
  8
0
 62
     5
100
AcDbLine
 10
567.5067959274521
 20
460.050428431278
 30
0.0
 11
599.6567959274521
 21
460.050428431278
 31
0.0
  0
LINE
  5
C2E
330
70
100
AcDbEntity
  8
0
 62
     5
100
AcDbLine
 10
322.238095927452
 20
421.9504284312779
 30
0.0
 11
340.1005959274521
 21
421.9504284312779
 31
0.0
  0
ARC
  5
C2F
330
70
100
AcDbEntity
  8
0
 62
     5
100
AcDbCircle
 10
340.1005959274521
 20
421.4504284312779
 30
0.0
 40
0.5
100
AcDbArc
 50
0.0
 51
90.0
  0
LINE
  5
C30
330
70
100
AcDbEntity
  8
0
 62
     5
100
AcDbLine
 10
340.6005959274521
 20
421.4504284312779
 30
0.0
 11
340.6005959274521
 21
408.450428431278
 31
0.0
  0
ARC
  5
C31
330
70
100
AcDbEntity
  8
0
 62
     5
100
AcDbCircle
 10
340.1005959274521
 20
408.450428431278
 30
0.0
 40
0.5
100
AcDbArc
 50
270.0
 51
0.0
  0
LINE
  5
C32
330
70
100
AcDbEntity
  8
0
 62
     5
100
AcDbLine
 10
340.1005959274521
 20
407.950428431278
 30
0.0
 11
322.238095927452
 21
407.950428431278
 31
0.0
  0
ARC
  5
C33
330
70
100
AcDbEntity
  8
0
 62
     5
100
AcDbCircle
 10
322.238095927452
 20
408.450428431278
 30
0.0
 40
0.5
100
AcDbArc
 50
180.0
 51
270.0
  0
LINE
  5
C34
330
70
100
AcDbEntity
  8
0
 62
     5
100
AcDbLine
 10
321.7380959274521
 20
408.450428431278
 30
0.0
 11
321.7380959274521
 21
421.4504284312779
 31
0.0
  0
ARC
  5
C35
330
70
100
AcDbEntity
  8
0
 62
     5
100
AcDbCircle
 10
322.238095927452
 20
421.4504284312779
 30
0.0
 40
0.5
100
AcDbArc
 50
90.0
 51
180.0
  0
LINE
  5
C36
330
70
100
AcDbEntity
  8
0
 62
     5
100
AcDbLine
 10
567.5067959274521
 20
446.050428431278
 30
0.0
 11
567.581795927452
 21
446.050428431278
 31
0.0
  0
ARC
  5
C37
330
70
100
AcDbEntity
  8
0
 62
     5
100
AcDbCircle
 10
567.5067959274521
 20
446.550428431278
 30
0.0
 40
0.5
100
AcDbArc
 50
180.0
 51
270.0
  0
LINE
  5
C38
330
70
100
AcDbEntity
  8
0
 62
     5
100
AcDbLine
 10
575.581795927452
 20
446.050428431278
 30
0.0
 11
591.5817959274519
 21
446.050428431278
 31
0.0
  0
LINE
  5
C39
330
70
100
AcDbEntity
  8
0
 62
     5
100
AcDbLine
 10
599.5817959274519
 20
446.050428431278
 30
0.0
 11
599.6567959274521
 21
446.050428431278
 31
0.0
  0
ARC
  5
C3A
330
70
100
AcDbEntity
  8
0
 62
     5
100
AcDbCircle
 10
599.5817959274519
 20
445.550428431278
 30
0.0
 40
0.5
100
AcDbArc
 50
90.0
 51
180.0
  0
ARC
  5
C3B
330
70
100
AcDbEntity
  8
0
 62
     5
100
AcDbCircle
 10
575.581795927452
 20
445.550428431278
 30
0.0
 40
0.5
100
AcDbArc
 50
90.0
 51
180.0
  0
LINE
  5
C3C
330
70
100
AcDbEntity
  8
0
 62
     5
100
AcDbLine
 10
574.581795927452
 20
445.050428431278
 30
0.0
 11
568.581795927452
 21
445.050428431278
 31
0.0
  0
ARC
  5
C3D
330
70
100
AcDbEntity
  8
0
 62
     5
100
AcDbCircle
 10
568.581795927452
 20
445.550428431278
 30
0.0
 40
0.5
100
AcDbArc
 50
180.0
 51
270.0
  0
LINE
  5
C3E
330
70
100
AcDbEntity
  8
0
 62
     5
100
AcDbLine
 10
568.081795927452
 20
445.550428431278
 30
0.0
 11
568.081795927452
 21
445.550428431278
 31
0.0
  0
ARC
  5
C3F
330
70
100
AcDbEntity
  8
0
 62
     5
100
AcDbCircle
 10
567.581795927452
 20
445.550428431278
 30
0.0
 40
0.5
100
AcDbArc
 50
0.0
 51
90.0
  0
LINE
  5
C40
330
70
100
AcDbEntity
  8
0
 62
     5
100
AcDbLine
 10
575.081795927452
 20
445.550428431278
 30
0.0
 11
575.081795927452
 21
445.550428431278
 31
0.0
  0
ARC
  5
C41
330
70
100
AcDbEntity
  8
0
 62
     5
100
AcDbCircle
 10
574.581795927452
 20
445.550428431278
 30
0.0
 40
0.5
100
AcDbArc
 50
270.0
 51
0.0
  0
LINE
  5
C42
330
70
100
AcDbEntity
  8
0
 62
     5
100
AcDbLine
 10
598.5817959274519
 20
445.050428431278
 30
0.0
 11
592.5817959274519
 21
445.050428431278
 31
0.0
  0
ARC
  5
C43
330
70
100
AcDbEntity
  8
0
 62
     5
100
AcDbCircle
 10
592.5817959274519
 20
445.550428431278
 30
0.0
 40
0.5
100
AcDbArc
 50
180.0
 51
270.0
  0
LINE
  5
C44
330
70
100
AcDbEntity
  8
0
 62
     5
100
AcDbLine
 10
599.0817959274523
 20
445.550428431278
 30
0.0
 11
599.0817959274523
 21
445.550428431278
 31
0.0
  0
ARC
  5
C45
330
70
100
AcDbEntity
  8
0
 62
     5
100
AcDbCircle
 10
598.5817959274519
 20
445.550428431278
 30
0.0
 40
0.5
100
AcDbArc
 50
270.0
 51
0.0
  0
LINE
  5
C46
330
70
100
AcDbEntity
  8
0
 62
     5
100
AcDbLine
 10
592.0817959274521
 20
445.550428431278
 30
0.0
 11
592.0817959274521
 21
445.550428431278
 31
0.0
  0
ARC
  5
C47
330
70
100
AcDbEntity
  8
0
 62
     5
100
AcDbCircle
 10
591.5817959274519
 20
445.550428431278
 30
0.0
 40
0.5
100
AcDbArc
 50
0.0
 51
90.0
  0
LWPOLYLINE
  5
C48
330
70
100
AcDbEntity
  8
0
 62
     5
100
AcDbPolyline
 90
        8
 70
     1
 43
0.0
 10
319.8817959274521
 20
460.075428431278
 10
332.9317959274521
 20
460.075428431278
 42
-0.4142135623730951
 10
333.4317959274521
 20
459.575428431278
 10
333.4317959274521
 20
446.525428431278
 42
-0.4142135623730951
 10
332.9317959274521
 20
446.025428431278
 10
319.8817959274521
 20
446.025428431278
 42
-0.4142135623730951
 10
319.3817959274521
 20
446.525428431278
 10
319.3817959274521
 20
459.575428431278
 42
-0.4142135623730951
  0
LWPOLYLINE
  5
C49
330
70
100
AcDbEntity
  8
0
 62
     5
100
AcDbPolyline
 90
        8
 70
     1
 43
0.0
 10
338.9317959274521
 20
460.075428431278
 10
351.9817959274521
 20
460.075428431278
 42
-0.4142135623730951
 10
352.4817959274522
 20
459.575428431278
 10
352.4817959274522
 20
446.525428431278
 42
-0.4142135623730951
 10
351.9817959274521
 20
446.025428431278
 10
338.9317959274521
 20
446.025428431278
 42
-0.4142135623730951
 10
338.4317959274521
 20
446.525428431278
 10
338.4317959274521
 20
459.575428431278
 42
-0.4142135623730951
  0
LWPOLYLINE
  5
C4A
330
70
100
AcDbEntity
  8
0
 62
     5
100
AcDbPolyline
 90
        8
 70
     1
 43
0.0
 10
357.9817959274521
 20
460.075428431278
 10
371.0317959274521
 20
460.075428431278
 42
-0.4142135623730951
 10
371.5317959274521
 20
459.575428431278
 10
371.5317959274521
 20
446.525428431278
 42
-0.4142135623730951
 10
371.0317959274521
 20
446.025428431278
 10
357.9817959274521
 20
446.025428431278
 42
-0.4142135623730951
 10
357.4817959274521
 20
446.525428431278
 10
357.4817959274521
 20
459.575428431278
 42
-0.4142135623730951
  0
LWPOLYLINE
  5
C4B
330
70
100
AcDbEntity
  8
0
 62
     5
100
AcDbPolyline
 90
        8
 70
     1
 43
0.0
 10
377.0317959274522
 20
460.0754284312779
 10
390.0817959274522
 20
460.0754284312779
 42
-0.4142135623730951
 10
390.5817959274522
 20
459.575428431278
 10
390.5817959274522
 20
446.525428431278
 42
-0.4142135623730951
 10
390.0817959274522
 20
446.025428431278
 10
377.0317959274522
 20
446.025428431278
 42
-0.4142135623730951
 10
376.5317959274522
 20
446.525428431278
 10
376.5317959274522
 20
459.575428431278
 42
-0.4142135623730951
  0
LWPOLYLINE
  5
C4C
330
70
100
AcDbEntity
  8
0
 62
     5
100
AcDbPolyline
 90
        8
 70
     1
 43
0.0
 10
396.0817959274521
 20
460.075428431278
 10
409.1317959274519
 20
460.075428431278
 42
-0.4142135623730951
 10
409.631795927452
 20
459.575428431278
 10
409.631795927452
 20
446.525428431278
 42
-0.4142135623730951
 10
409.1317959274519
 20
446.025428431278
 10
396.0817959274521
 20
446.025428431278
 42
-0.4142135623730951
 10
395.5817959274521
 20
446.525428431278
 10
395.5817959274521
 20
459.575428431278
 42
-0.4142135623730951
  0
LWPOLYLINE
  5
C4D
330
70
100
AcDbEntity
  8
0
 62
     5
100
AcDbPolyline
 90
        8
 70
     1
 43
0.0
 10
415.1317959274519
 20
460.075428431278
 10
428.181795927452
 20
460.075428431278
 42
-0.4142135623730951
 10
428.6817959274519
 20
459.575428431278
 10
428.6817959274519
 20
446.525428431278
 42
-0.4142135623730951
 10
428.181795927452
 20
446.025428431278
 10
415.1317959274519
 20
446.025428431278
 42
-0.4142135623730951
 10
414.631795927452
 20
446.525428431278
 10
414.631795927452
 20
459.575428431278
 42
-0.4142135623730951
  0
LWPOLYLINE
  5
C4E
330
70
100
AcDbEntity
  8
0
 62
     5
100
AcDbPolyline
 90
        8
 70
     1
 43
0.0
 10
434.181795927452
 20
460.075428431278
 10
447.2317959274521
 20
460.075428431278
 42
-0.4142135623730951
 10
447.7317959274521
 20
459.575428431278
 10
447.7317959274521
 20
446.525428431278
 42
-0.4142135623730951
 10
447.2317959274521
 20
446.025428431278
 10
434.181795927452
 20
446.025428431278
 42
-0.4142135623730951
 10
433.6817959274521
 20
446.525428431278
 10
433.6817959274521
 20
459.575428431278
 42
-0.4142135623730951
  0
LWPOLYLINE
  5
C4F
330
70
100
AcDbEntity
  8
0
 62
     5
100
AcDbPolyline
 90
        8
 70
     1
 43
0.0
 10
453.231795927452
 20
460.075428431278
 10
466.281795927452
 20
460.075428431278
 42
-0.4142135623730951
 10
466.7817959274519
 20
459.575428431278
 10
466.7817959274519
 20
446.525428431278
 42
-0.4142135623730951
 10
466.281795927452
 20
446.025428431278
 10
453.231795927452
 20
446.025428431278
 42
-0.4142135623730951
 10
452.731795927452
 20
446.525428431278
 10
452.731795927452
 20
459.575428431278
 42
-0.4142135623730951
  0
LWPOLYLINE
  5
C50
330
70
100
AcDbEntity
  8
0
 62
     5
100
AcDbPolyline
 90
        8
 70
     1
 43
0.0
 10
472.2817959274521
 20
460.075428431278
 10
485.3317959274521
 20
460.075428431278
 42
-0.4142135623730951
 10
485.8317959274521
 20
459.575428431278
 10
485.8317959274521
 20
446.525428431278
 42
-0.4142135623730951
 10
485.3317959274521
 20
446.025428431278
 10
472.2817959274521
 20
446.025428431278
 42
-0.4142135623730951
 10
471.7817959274522
 20
446.525428431278
 10
471.7817959274522
 20
459.575428431278
 42
-0.4142135623730951
  0
LWPOLYLINE
  5
C51
330
70
100
AcDbEntity
  8
0
 62
     5
100
AcDbPolyline
 90
        8
 70
     1
 43
0.0
 10
491.3317959274521
 20
460.075428431278
 10
504.381795927452
 20
460.075428431278
 42
-0.4142135623730951
 10
504.8817959274521
 20
459.575428431278
 10
504.8817959274521
 20
446.525428431278
 42
-0.4142135623730951
 10
504.381795927452
 20
446.025428431278
 10
491.3317959274521
 20
446.025428431278
 42
-0.4142135623730951
 10
490.8317959274521
 20
446.525428431278
 10
490.8317959274521
 20
459.575428431278
 42
-0.4142135623730951
  0
LWPOLYLINE
  5
C52
330
70
100
AcDbEntity
  8
0
 62
     5
100
AcDbPolyline
 90
        8
 70
     1
 43
0.0
 10
510.3817959274522
 20
460.075428431278
 10
523.4317959274521
 20
460.075428431278
 42
-0.4142135623730951
 10
523.9317959274521
 20
459.575428431278
 10
523.9317959274521
 20
446.525428431278
 42
-0.4142135623730951
 10
523.4317959274521
 20
446.025428431278
 10
510.3817959274522
 20
446.025428431278
 42
-0.4142135623730951
 10
509.8817959274522
 20
446.525428431278
 10
509.8817959274522
 20
459.575428431278
 42
-0.4142135623730951
  0
LWPOLYLINE
  5
C53
330
70
100
AcDbEntity
  8
0
 62
     5
100
AcDbPolyline
 90
        8
 70
     1
 43
0.0
 10
529.4317959274521
 20
460.0754284312779
 10
542.4817959274523
 20
460.0754284312779
 42
-0.4142135623730951
 10
542.9817959274521
 20
459.575428431278
 10
542.9817959274521
 20
446.525428431278
 42
-0.4142135623730951
 10
542.4817959274523
 20
446.025428431278
 10
529.4317959274521
 20
446.025428431278
 42
-0.4142135623730951
 10
528.9317959274523
 20
446.525428431278
 10
528.9317959274523
 20
459.575428431278
 42
-0.4142135623730951
  0
LWPOLYLINE
  5
C54
330
70
100
AcDbEntity
  8
0
 62
     5
100
AcDbPolyline
 90
        8
 70
     1
 43
0.0
 10
548.4817959274521
 20
460.075428431278
 10
561.5317959274524
 20
460.075428431278
 42
-0.4142135623730951
 10
562.0317959274525
 20
459.575428431278
 10
562.0317959274525
 20
446.525428431278
 42
-0.4142135623730951
 10
561.5317959274524
 20
446.025428431278
 10
548.4817959274521
 20
446.025428431278
 42
-0.4142135623730951
 10
547.9817959274522
 20
446.525428431278
 10
547.9817959274522
 20
459.575428431278
 42
-0.4142135623730951
  0
LWPOLYLINE
  5
C55
330
70
100
AcDbEntity
  8
0
 62
     5
100
AcDbPolyline
 90
        8
 70
     1
 43
0.0
 10
605.6317959274522
 20
460.075428431278
 10
618.6817959274521
 20
460.075428431278
 42
-0.4142135623730951
 10
619.1817959274523
 20
459.575428431278
 10
619.1817959274523
 20
446.525428431278
 42
-0.4142135623730951
 10
618.6817959274521
 20
446.025428431278
 10
605.6317959274522
 20
446.025428431278
 42
-0.4142135623730951
 10
605.1317959274522
 20
446.525428431278
 10
605.1317959274522
 20
459.575428431278
 42
-0.4142135623730951
  0
LWPOLYLINE
  5
C56
330
70
100
AcDbEntity
  8
0
 62
     5
100
AcDbPolyline
 90
        8
 70
     1
 43
0.0
 10
605.6317959274522
 20
441.0254284312781
 10
618.6817959274521
 20
441.0254284312781
 42
-0.4142135623730951
 10
619.1817959274523
 20
440.525428431278
 10
619.1817959274523
 20
427.475428431278
 42
-0.4142135623730951
 10
618.6817959274521
 20
426.975428431278
 10
605.6317959274522
 20
426.975428431278
 42
-0.4142135623730951
 10
605.1317959274522
 20
427.475428431278
 10
605.1317959274522
 20
440.525428431278
 42
-0.4142135623730951
  0
LWPOLYLINE
  5
C57
330
70
100
AcDbEntity
  8
0
 62
     5
100
AcDbPolyline
 90
        8
 70
     1
 43
0.0
 10
558.0067959274522
 20
441.0254284312781
 10
571.0567959274523
 20
441.0254284312781
 42
-0.4142135623730951
 10
571.5567959274522
 20
440.525428431278
 10
571.5567959274522
 20
427.475428431278
 42
-0.4142135623730951
 10
571.0567959274523
 20
426.975428431278
 10
558.0067959274522
 20
426.975428431278
 42
-0.4142135623730951
 10
557.506795927452
 20
427.475428431278
 10
557.506795927452
 20
440.525428431278
 42
-0.4142135623730951
  0
LWPOLYLINE
  5
C58
330
70
100
AcDbEntity
  8
0
 62
     5
100
AcDbPolyline
 90
        8
 70
     1
 43
0.0
 10
538.956795927452
 20
441.0254284312779
 10
552.0067959274522
 20
441.0254284312779
 42
-0.4142135623730951
 10
552.5067959274521
 20
440.525428431278
 10
552.5067959274521
 20
427.475428431278
 42
-0.4142135623730951
 10
552.0067959274522
 20
426.9754284312779
 10
538.956795927452
 20
426.9754284312779
 42
-0.4142135623730951
 10
538.456795927452
 20
427.475428431278
 10
538.456795927452
 20
440.525428431278
 42
-0.4142135623730951
  0
LWPOLYLINE
  5
C59
330
70
100
AcDbEntity
  8
0
 62
     5
100
AcDbPolyline
 90
        8
 70
     1
 43
0.0
 10
519.9067959274523
 20
441.0254284312781
 10
532.9567959274521
 20
441.0254284312781
 42
-0.4142135623730951
 10
533.4567959274523
 20
440.525428431278
 10
533.4567959274523
 20
427.475428431278
 42
-0.4142135623730951
 10
532.9567959274521
 20
426.975428431278
 10
519.9067959274523
 20
426.975428431278
 42
-0.4142135623730951
 10
519.4067959274524
 20
427.475428431278
 10
519.4067959274524
 20
440.525428431278
 42
-0.4142135623730951
  0
LWPOLYLINE
  5
C5A
330
70
100
AcDbEntity
  8
0
 62
     5
100
AcDbPolyline
 90
        8
 70
     1
 43
0.0
 10
500.8567959274522
 20
441.0254284312781
 10
513.9067959274523
 20
441.0254284312781
 42
-0.4142135623730951
 10
514.4067959274523
 20
440.525428431278
 10
514.4067959274523
 20
427.475428431278
 42
-0.4142135623730951
 10
513.9067959274523
 20
426.975428431278
 10
500.8567959274522
 20
426.975428431278
 42
-0.4142135623730951
 10
500.3567959274522
 20
427.475428431278
 10
500.3567959274522
 20
440.525428431278
 42
-0.4142135623730951
  0
LWPOLYLINE
  5
C5B
330
70
100
AcDbEntity
  8
0
 62
     5
100
AcDbPolyline
 90
        8
 70
     1
 43
0.0
 10
481.8067959274521
 20
441.0254284312781
 10
494.8567959274519
 20
441.0254284312781
 42
-0.4142135623730951
 10
495.356795927452
 20
440.525428431278
 10
495.356795927452
 20
427.475428431278
 42
-0.4142135623730951
 10
494.8567959274519
 20
426.975428431278
 10
481.8067959274521
 20
426.975428431278
 42
-0.4142135623730951
 10
481.306795927452
 20
427.475428431278
 10
481.306795927452
 20
440.525428431278
 42
-0.4142135623730951
  0
LWPOLYLINE
  5
C5C
330
70
100
AcDbEntity
  8
0
 62
     5
100
AcDbPolyline
 90
        8
 70
     1
 43
0.0
 10
462.756795927452
 20
441.0254284312781
 10
475.8067959274519
 20
441.0254284312781
 42
-0.4142135623730951
 10
476.306795927452
 20
440.525428431278
 10
476.306795927452
 20
427.475428431278
 42
-0.4142135623730951
 10
475.8067959274519
 20
426.975428431278
 10
462.756795927452
 20
426.975428431278
 42
-0.4142135623730951
 10
462.256795927452
 20
427.475428431278
 10
462.256795927452
 20
440.525428431278
 42
-0.4142135623730951
  0
LWPOLYLINE
  5
C5D
330
70
100
AcDbEntity
  8
0
 62
     5
100
AcDbPolyline
 90
        8
 70
     1
 43
0.0
 10
443.7067959274521
 20
441.0254284312781
 10
456.7567959274519
 20
441.0254284312781
 42
-0.4142135623730951
 10
457.256795927452
 20
440.525428431278
 10
457.256795927452
 20
427.475428431278
 42
-0.4142135623730951
 10
456.7567959274519
 20
426.975428431278
 10
443.7067959274521
 20
426.975428431278
 42
-0.4142135623730951
 10
443.206795927452
 20
427.475428431278
 10
443.206795927452
 20
440.525428431278
 42
-0.4142135623730951
  0
LWPOLYLINE
  5
C5E
330
70
100
AcDbEntity
  8
0
 62
     5
100
AcDbPolyline
 90
        8
 70
     1
 43
0.0
 10
424.656795927452
 20
441.0254284312781
 10
437.7067959274521
 20
441.0254284312781
 42
-0.4142135623730951
 10
438.206795927452
 20
440.525428431278
 10
438.206795927452
 20
427.475428431278
 42
-0.4142135623730951
 10
437.7067959274521
 20
426.975428431278
 10
424.656795927452
 20
426.975428431278
 42
-0.4142135623730951
 10
424.1567959274521
 20
427.475428431278
 10
424.1567959274521
 20
440.525428431278
 42
-0.4142135623730951
  0
LWPOLYLINE
  5
C5F
330
70
100
AcDbEntity
  8
0
 62
     5
100
AcDbPolyline
 90
        8
 70
     1
 43
0.0
 10
405.6067959274519
 20
441.0254284312781
 10
418.6567959274519
 20
441.0254284312781
 42
-0.4142135623730951
 10
419.156795927452
 20
440.525428431278
 10
419.156795927452
 20
427.475428431278
 42
-0.4142135623730951
 10
418.6567959274519
 20
426.975428431278
 10
405.6067959274519
 20
426.975428431278
 42
-0.4142135623730951
 10
405.106795927452
 20
427.475428431278
 10
405.106795927452
 20
440.525428431278
 42
-0.4142135623730951
  0
LWPOLYLINE
  5
C60
330
70
100
AcDbEntity
  8
0
 62
     5
100
AcDbPolyline
 90
        8
 70
     1
 43
0.0
 10
386.5567959274521
 20
441.0254284312781
 10
399.606795927452
 20
441.0254284312781
 42
-0.4142135623730951
 10
400.106795927452
 20
440.525428431278
 10
400.106795927452
 20
427.475428431278
 42
-0.4142135623730951
 10
399.606795927452
 20
426.975428431278
 10
386.5567959274521
 20
426.975428431278
 42
-0.4142135623730951
 10
386.0567959274521
 20
427.475428431278
 10
386.0567959274521
 20
440.525428431278
 42
-0.4142135623730951
  0
LWPOLYLINE
  5
C61
330
70
100
AcDbEntity
  8
0
 62
     5
100
AcDbPolyline
 90
        8
 70
     1
 43
0.0
 10
367.5067959274521
 20
441.0254284312781
 10
380.556795927452
 20
441.0254284312781
 42
-0.4142135623730951
 10
381.056795927452
 20
440.525428431278
 10
381.056795927452
 20
427.475428431278
 42
-0.4142135623730951
 10
380.556795927452
 20
426.975428431278
 10
367.5067959274521
 20
426.975428431278
 42
-0.4142135623730951
 10
367.006795927452
 20
427.475428431278
 10
367.006795927452
 20
440.525428431278
 42
-0.4142135623730951
  0
LWPOLYLINE
  5
C62
330
70
100
AcDbEntity
  8
0
 62
     5
100
AcDbPolyline
 90
        8
 70
     1
 43
0.0
 10
348.456795927452
 20
441.0254284312781
 10
361.506795927452
 20
441.0254284312781
 42
-0.4142135623730951
 10
362.006795927452
 20
440.525428431278
 10
362.006795927452
 20
427.475428431278
 42
-0.4142135623730951
 10
361.506795927452
 20
426.975428431278
 10
348.456795927452
 20
426.975428431278
 42
-0.4142135623730951
 10
347.9567959274519
 20
427.475428431278
 10
347.9567959274519
 20
440.525428431278
 42
-0.4142135623730951
  0
LWPOLYLINE
  5
C63
330
70
100
AcDbEntity
  8
0
 62
     5
100
AcDbPolyline
 90
        8
 70
     1
 43
0.0
 10
324.6442959274519
 20
441.0254284312781
 10
337.694295927452
 20
441.0254284312781
 42
-0.4142135623730951
 10
338.1942959274519
 20
440.525428431278
 10
338.1942959274519
 20
427.475428431278
 42
-0.4142135623730951
 10
337.694295927452
 20
426.975428431278
 10
324.6442959274519
 20
426.975428431278
 42
-0.4142135623730951
 10
324.1442959274519
 20
427.475428431278
 10
324.1442959274519
 20
440.525428431278
 42
-0.4142135623730951
  0
LWPOLYLINE
  5
C64
330
70
100
AcDbEntity
  8
0
 62
     5
100
AcDbPolyline
 90
        8
 70
     1
 43
0.0
 10
353.2192959274521
 20
421.975428431278
 10
366.269295927452
 20
421.975428431278
 42
-0.4142135623730951
 10
366.769295927452
 20
421.475428431278
 10
366.769295927452
 20
408.425428431278
 42
-0.4142135623730951
 10
366.269295927452
 20
407.925428431278
 10
353.2192959274521
 20
407.925428431278
 42
-0.4142135623730951
 10
352.7192959274521
 20
408.425428431278
 10
352.7192959274521
 20
421.475428431278
 42
-0.4142135623730951
  0
LWPOLYLINE
  5
C65
330
70
100
AcDbEntity
  8
0
 62
     5
100
AcDbPolyline
 90
        8
 70
     1
 43
0.0
 10
372.269295927452
 20
421.975428431278
 10
385.319295927452
 20
421.975428431278
 42
-0.4142135623730951
 10
385.8192959274521
 20
421.475428431278
 10
385.8192959274521
 20
408.425428431278
 42
-0.4142135623730951
 10
385.319295927452
 20
407.925428431278
 10
372.269295927452
 20
407.925428431278
 42
-0.4142135623730951
 10
371.769295927452
 20
408.425428431278
 10
371.769295927452
 20
421.475428431278
 42
-0.4142135623730951
  0
LWPOLYLINE
  5
C66
330
70
100
AcDbEntity
  8
0
 62
     5
100
AcDbPolyline
 90
        8
 70
     1
 43
0.0
 10
391.3192959274519
 20
421.975428431278
 10
404.3692959274519
 20
421.975428431278
 42
-0.4142135623730951
 10
404.869295927452
 20
421.475428431278
 10
404.869295927452
 20
408.425428431278
 42
-0.4142135623730951
 10
404.3692959274519
 20
407.925428431278
 10
391.3192959274519
 20
407.925428431278
 42
-0.4142135623730951
 10
390.8192959274519
 20
408.425428431278
 10
390.8192959274519
 20
421.475428431278
 42
-0.4142135623730951
  0
LWPOLYLINE
  5
C67
330
70
100
AcDbEntity
  8
0
 62
     5
100
AcDbPolyline
 90
        8
 70
     1
 43
0.0
 10
410.369295927452
 20
421.975428431278
 10
423.419295927452
 20
421.975428431278
 42
-0.4142135623730951
 10
423.919295927452
 20
421.475428431278
 10
423.919295927452
 20
408.425428431278
 42
-0.4142135623730951
 10
423.419295927452
 20
407.925428431278
 10
410.369295927452
 20
407.925428431278
 42
-0.4142135623730951
 10
409.869295927452
 20
408.425428431278
 10
409.869295927452
 20
421.475428431278
 42
-0.4142135623730951
  0
LWPOLYLINE
  5
C68
330
70
100
AcDbEntity
  8
0
 62
     5
100
AcDbPolyline
 90
        8
 70
     1
 43
0.0
 10
429.419295927452
 20
421.975428431278
 10
442.4692959274518
 20
421.975428431278
 42
-0.4142135623730951
 10
442.9692959274518
 20
421.475428431278
 10
442.9692959274518
 20
408.425428431278
 42
-0.4142135623730951
 10
442.4692959274518
 20
407.925428431278
 10
429.419295927452
 20
407.925428431278
 42
-0.4142135623730951
 10
428.9192959274519
 20
408.425428431278
 10
428.9192959274519
 20
421.475428431278
 42
-0.4142135623730951
  0
LWPOLYLINE
  5
C69
330
70
100
AcDbEntity
  8
0
 62
     5
100
AcDbPolyline
 90
        8
 70
     1
 43
0.0
 10
448.4692959274521
 20
421.9754284312779
 10
461.519295927452
 20
421.9754284312779
 42
-0.4142135623730951
 10
462.0192959274521
 20
421.4754284312779
 10
462.0192959274521
 20
408.425428431278
 42
-0.4142135623730951
 10
461.519295927452
 20
407.925428431278
 10
448.4692959274521
 20
407.925428431278
 42
-0.4142135623730951
 10
447.9692959274521
 20
408.425428431278
 10
447.9692959274521
 20
421.4754284312779
 42
-0.4142135623730951
  0
LWPOLYLINE
  5
C6A
330
70
100
AcDbEntity
  8
0
 62
     5
100
AcDbPolyline
 90
        8
 70
     1
 43
0.0
 10
467.519295927452
 20
421.975428431278
 10
480.5692959274519
 20
421.975428431278
 42
-0.4142135623730951
 10
481.0692959274519
 20
421.475428431278
 10
481.0692959274519
 20
408.425428431278
 42
-0.4142135623730951
 10
480.5692959274519
 20
407.925428431278
 10
467.519295927452
 20
407.925428431278
 42
-0.4142135623730951
 10
467.0192959274519
 20
408.425428431278
 10
467.0192959274519
 20
421.475428431278
 42
-0.4142135623730951
  0
LWPOLYLINE
  5
C6B
330
70
100
AcDbEntity
  8
0
 62
     5
100
AcDbPolyline
 90
        8
 70
     1
 43
0.0
 10
486.569295927452
 20
421.975428431278
 10
499.6192959274521
 20
421.975428431278
 42
-0.4142135623730951
 10
500.1192959274519
 20
421.475428431278
 10
500.1192959274519
 20
408.425428431278
 42
-0.4142135623730951
 10
499.6192959274521
 20
407.925428431278
 10
486.569295927452
 20
407.925428431278
 42
-0.4142135623730951
 10
486.069295927452
 20
408.425428431278
 10
486.069295927452
 20
421.475428431278
 42
-0.4142135623730951
  0
LWPOLYLINE
  5
C6C
330
70
100
AcDbEntity
  8
0
 62
     5
100
AcDbPolyline
 90
        8
 70
     1
 43
0.0
 10
505.6192959274521
 20
421.975428431278
 10
518.669295927452
 20
421.975428431278
 42
-0.4142135623730951
 10
519.169295927452
 20
421.475428431278
 10
519.169295927452
 20
408.425428431278
 42
-0.4142135623730951
 10
518.669295927452
 20
407.925428431278
 10
505.6192959274521
 20
407.925428431278
 42
-0.4142135623730951
 10
505.1192959274521
 20
408.425428431278
 10
505.1192959274521
 20
421.475428431278
 42
-0.4142135623730951
  0
LWPOLYLINE
  5
C6D
330
70
100
AcDbEntity
  8
0
 62
     5
100
AcDbPolyline
 90
        8
 70
     1
 43
0.0
 10
524.6692959274521
 20
421.975428431278
 10
537.7192959274524
 20
421.975428431278
 42
-0.4142135623730951
 10
538.2192959274524
 20
421.475428431278
 10
538.2192959274524
 20
408.425428431278
 42
-0.4142135623730951
 10
537.7192959274524
 20
407.925428431278
 10
524.6692959274521
 20
407.925428431278
 42
-0.4142135623730951
 10
524.1692959274521
 20
408.425428431278
 10
524.1692959274521
 20
421.475428431278
 42
-0.4142135623730951
  0
LWPOLYLINE
  5
C6E
330
70
100
AcDbEntity
  8
0
 62
     5
100
AcDbPolyline
 90
        8
 70
     1
 43
0.0
 10
543.7192959274522
 20
421.975428431278
 10
556.769295927452
 20
421.975428431278
 42
-0.4142135623730951
 10
557.269295927452
 20
421.475428431278
 10
557.269295927452
 20
408.425428431278
 42
-0.4142135623730951
 10
556.769295927452
 20
407.925428431278
 10
543.7192959274522
 20
407.925428431278
 42
-0.4142135623730951
 10
543.2192959274523
 20
408.425428431278
 10
543.2192959274523
 20
421.475428431278
 42
-0.4142135623730951
  0
LWPOLYLINE
  5
C6F
330
70
100
AcDbEntity
  8
0
 62
     5
100
AcDbPolyline
 90
        8
 70
     1
 43
0.0
 10
586.581795927452
 20
402.9254284312779
 10
599.6317959274522
 20
402.9254284312779
 42
-0.4142135623730951
 10
600.1317959274522
 20
402.4254284312779
 10
600.1317959274522
 20
389.3754284312779
 42
-0.4142135623730951
 10
599.6317959274522
 20
388.875428431278
 10
586.581795927452
 20
388.875428431278
 42
-0.4142135623730951
 10
586.081795927452
 20
389.3754284312779
 10
586.081795927452
 20
402.4254284312779
 42
-0.4142135623730951
  0
LWPOLYLINE
  5
C70
330
70
100
AcDbEntity
  8
0
 62
     5
100
AcDbPolyline
 90
        8
 70
     1
 43
0.0
 10
560.3880959274521
 20
402.9254284312779
 10
573.438095927452
 20
402.9254284312779
 42
-0.4142135623730951
 10
573.9380959274519
 20
402.4254284312779
 10
573.9380959274519
 20
389.3754284312779
 42
-0.4142135623730951
 10
573.438095927452
 20
388.875428431278
 10
560.3880959274521
 20
388.875428431278
 42
-0.4142135623730951
 10
559.8880959274521
 20
389.3754284312779
 10
559.8880959274521
 20
402.4254284312779
 42
-0.4142135623730951
  0
LWPOLYLINE
  5
C71
330
70
100
AcDbEntity
  8
0
 62
     5
100
AcDbPolyline
 90
        8
 70
     1
 43
0.0
 10
534.1943959274522
 20
402.9254284312779
 10
547.244395927452
 20
402.9254284312779
 42
-0.4142135623730951
 10
547.744395927452
 20
402.4254284312779
 10
547.744395927452
 20
389.3754284312779
 42
-0.4142135623730951
 10
547.244395927452
 20
388.875428431278
 10
534.1943959274522
 20
388.875428431278
 42
-0.4142135623730951
 10
533.694395927452
 20
389.3754284312779
 10
533.694395927452
 20
402.4254284312779
 42
-0.4142135623730951
  0
LWPOLYLINE
  5
C72
330
70
100
AcDbEntity
  8
0
 62
     5
100
AcDbPolyline
 90
        8
 70
     1
 43
0.0
 10
515.1443959274522
 20
402.9254284312779
 10
528.1943959274522
 20
402.9254284312779
 42
-0.4142135623730951
 10
528.6943959274521
 20
402.4254284312779
 10
528.6943959274521
 20
389.3754284312779
 42
-0.4142135623730951
 10
528.1943959274522
 20
388.875428431278
 10
515.1443959274522
 20
388.875428431278
 42
-0.4142135623730951
 10
514.6443959274521
 20
389.3754284312779
 10
514.6443959274521
 20
402.4254284312779
 42
-0.4142135623730951
  0
LWPOLYLINE
  5
C73
330
70
100
AcDbEntity
  8
0
 62
     5
100
AcDbPolyline
 90
        8
 70
     1
 43
0.0
 10
496.0943959274521
 20
402.9254284312779
 10
509.1443959274521
 20
402.9254284312779
 42
-0.4142135623730951
 10
509.6443959274521
 20
402.4254284312779
 10
509.6443959274521
 20
389.3754284312779
 42
-0.4142135623730951
 10
509.1443959274521
 20
388.875428431278
 10
496.0943959274521
 20
388.875428431278
 42
-0.4142135623730951
 10
495.5943959274521
 20
389.3754284312779
 10
495.5943959274521
 20
402.4254284312779
 42
-0.4142135623730951
  0
LWPOLYLINE
  5
C74
330
70
100
AcDbEntity
  8
0
 62
     5
100
AcDbPolyline
 90
        8
 70
     1
 43
0.0
 10
477.0443959274518
 20
402.9254284312779
 10
490.094395927452
 20
402.9254284312779
 42
-0.4142135623730951
 10
490.5943959274519
 20
402.4254284312779
 10
490.5943959274519
 20
389.3754284312779
 42
-0.4142135623730951
 10
490.094395927452
 20
388.875428431278
 10
477.0443959274518
 20
388.875428431278
 42
-0.4142135623730951
 10
476.5443959274519
 20
389.3754284312779
 10
476.5443959274519
 20
402.4254284312779
 42
-0.4142135623730951
  0
LWPOLYLINE
  5
C75
330
70
100
AcDbEntity
  8
0
 62
     5
100
AcDbPolyline
 90
        8
 70
     1
 43
0.0
 10
457.994395927452
 20
402.9254284312779
 10
471.044395927452
 20
402.9254284312779
 42
-0.4142135623730951
 10
471.5443959274521
 20
402.4254284312779
 10
471.5443959274521
 20
389.3754284312779
 42
-0.4142135623730951
 10
471.044395927452
 20
388.875428431278
 10
457.994395927452
 20
388.875428431278
 42
-0.4142135623730951
 10
457.4943959274521
 20
389.3754284312779
 10
457.4943959274521
 20
402.4254284312779
 42
-0.4142135623730951
  0
LWPOLYLINE
  5
C76
330
70
100
AcDbEntity
  8
0
 62
     5
100
AcDbPolyline
 90
        8
 70
     1
 43
0.0
 10
438.9443959274521
 20
402.925428431278
 10
451.994395927452
 20
402.925428431278
 42
-0.4142135623730951
 10
452.494395927452
 20
402.425428431278
 10
452.494395927452
 20
389.375428431278
 42
-0.4142135623730951
 10
451.994395927452
 20
388.875428431278
 10
438.9443959274521
 20
388.875428431278
 42
-0.4142135623730951
 10
438.4443959274521
 20
389.375428431278
 10
438.4443959274521
 20
402.425428431278
 42
-0.4142135623730951
  0
LWPOLYLINE
  5
C77
330
70
100
AcDbEntity
  8
0
 62
     5
100
AcDbPolyline
 90
        8
 70
     1
 43
0.0
 10
419.894395927452
 20
402.925428431278
 10
432.9443959274518
 20
402.925428431278
 42
-0.4142135623730951
 10
433.4443959274518
 20
402.425428431278
 10
433.4443959274518
 20
389.375428431278
 42
-0.4142135623730951
 10
432.9443959274518
 20
388.875428431278
 10
419.894395927452
 20
388.875428431278
 42
-0.4142135623730951
 10
419.394395927452
 20
389.375428431278
 10
419.394395927452
 20
402.425428431278
 42
-0.4142135623730951
  0
LWPOLYLINE
  5
C78
330
70
100
AcDbEntity
  8
0
 62
     5
100
AcDbPolyline
 90
        8
 70
     1
 43
0.0
 10
400.844395927452
 20
402.9254284312779
 10
413.894395927452
 20
402.9254284312779
 42
-0.4142135623730951
 10
414.394395927452
 20
402.4254284312779
 10
414.394395927452
 20
389.3754284312779
 42
-0.4142135623730951
 10
413.894395927452
 20
388.875428431278
 10
400.844395927452
 20
388.875428431278
 42
-0.4142135623730951
 10
400.3443959274521
 20
389.3754284312779
 10
400.3443959274521
 20
402.4254284312779
 42
-0.4142135623730951
  0
LWPOLYLINE
  5
C79
330
70
100
AcDbEntity
  8
0
 62
     5
100
AcDbPolyline
 90
        8
 70
     1
 43
0.0
 10
381.7943959274522
 20
402.9254284312779
 10
394.8443959274522
 20
402.9254284312779
 42
-0.4142135623730951
 10
395.3443959274522
 20
402.4254284312779
 10
395.3443959274522
 20
389.3754284312779
 42
-0.4142135623730951
 10
394.8443959274522
 20
388.875428431278
 10
381.7943959274522
 20
388.875428431278
 42
-0.4142135623730951
 10
381.2943959274522
 20
389.3754284312779
 10
381.2943959274522
 20
402.4254284312779
 42
-0.4142135623730951
  0
LWPOLYLINE
  5
C7A
330
70
100
AcDbEntity
  8
0
 62
     5
100
AcDbPolyline
 90
        8
 70
     1
 43
0.0
 10
362.7443959274521
 20
402.9254284312779
 10
375.794395927452
 20
402.9254284312779
 42
-0.4142135623730951
 10
376.294395927452
 20
402.4254284312779
 10
376.294395927452
 20
389.3754284312779
 42
-0.4142135623730951
 10
375.794395927452
 20
388.875428431278
 10
362.7443959274521
 20
388.875428431278
 42
-0.4142135623730951
 10
362.244395927452
 20
389.3754284312779
 10
362.244395927452
 20
402.4254284312779
 42
-0.4142135623730951
  0
LWPOLYLINE
  5
C7B
330
70
100
AcDbEntity
  8
0
 62
     5
100
AcDbPolyline
 90
        8
 70
     1
 43
0.0
 10
567.5317959274523
 20
383.875428431278
 10
580.581795927452
 20
383.875428431278
 42
-0.4142135623730951
 10
581.081795927452
 20
383.375428431278
 10
581.081795927452
 20
370.325428431278
 42
-0.4142135623730951
 10
580.581795927452
 20
369.825428431278
 10
567.5317959274523
 20
369.825428431278
 42
-0.4142135623730951
 10
567.0317959274521
 20
370.325428431278
 10
567.0317959274521
 20
383.375428431278
 42
-0.4142135623730951
  0
LWPOLYLINE
  5
C7C
330
70
100
AcDbEntity
  8
0
 62
     5
100
AcDbPolyline
 90
        8
 70
     1
 43
0.0
 10
586.581795927452
 20
383.875428431278
 10
599.6317959274522
 20
383.875428431278
 42
-0.4142135623730951
 10
600.1317959274522
 20
383.375428431278
 10
600.1317959274522
 20
370.325428431278
 42
-0.4142135623730951
 10
599.6317959274522
 20
369.825428431278
 10
586.581795927452
 20
369.825428431278
 42
-0.4142135623730951
 10
586.081795927452
 20
370.325428431278
 10
586.081795927452
 20
383.375428431278
 42
-0.4142135623730951
  0
LWPOLYLINE
  5
C7D
330
70
100
AcDbEntity
  8
0
 62
     5
100
AcDbPolyline
 90
        8
 70
     1
 43
0.0
 10
605.6317959274522
 20
383.875428431278
 10
618.6817959274521
 20
383.875428431278
 42
-0.4142135623730951
 10
619.1817959274523
 20
383.375428431278
 10
619.1817959274523
 20
370.325428431278
 42
-0.4142135623730951
 10
618.6817959274521
 20
369.825428431278
 10
605.6317959274522
 20
369.825428431278
 42
-0.4142135623730951
 10
605.1317959274522
 20
370.325428431278
 10
605.1317959274522
 20
383.375428431278
 42
-0.4142135623730951
  0
LINE
  5
C7E
330
70
100
AcDbEntity
  8
0
 62
     5
100
AcDbLine
 10
344.6005959274521
 20
417.4504284312779
 30
0.0
 11
346.6005959274521
 21
417.4504284312779
 31
0.0
  0
ARC
  5
C7F
330
70
100
AcDbEntity
  8
0
 62
     5
100
AcDbCircle
 10
344.6005959274521
 20
416.9504284312779
 30
0.0
 40
0.5
100
AcDbArc
 50
90.0
 51
180.0
  0
LINE
  5
C80
330
70
100
AcDbEntity
  8
0
 62
     5
100
AcDbLine
 10
347.1005959274521
 20
416.9504284312779
 30
0.0
 11
347.1005959274521
 21
412.9504284312779
 31
0.0
  0
ARC
  5
C81
330
70
100
AcDbEntity
  8
0
 62
     5
100
AcDbCircle
 10
346.6005959274521
 20
416.9504284312779
 30
0.0
 40
0.5
100
AcDbArc
 50
0.0
 51
90.0
  0
LINE
  5
C82
330
70
100
AcDbEntity
  8
0
 62
     5
100
AcDbLine
 10
346.6005959274521
 20
412.4504284312779
 30
0.0
 11
344.6005959274521
 21
412.4504284312779
 31
0.0
  0
ARC
  5
C83
330
70
100
AcDbEntity
  8
0
 62
     5
100
AcDbCircle
 10
346.6005959274521
 20
412.9504284312779
 30
0.0
 40
0.5
100
AcDbArc
 50
270.0
 51
0.0
  0
LINE
  5
C84
330
70
100
AcDbEntity
  8
0
 62
     5
100
AcDbLine
 10
344.1005959274521
 20
412.9504284312779
 30
0.0
 11
344.100595927452
 21
416.9504284312779
 31
0.0
  0
ARC
  5
C85
330
70
100
AcDbEntity
  8
0
 62
     5
100
AcDbCircle
 10
344.6005959274521
 20
412.9504284312779
 30
0.0
 40
0.5
100
AcDbArc
 50
180.0
 51
270.0
  0
LINE
  5
C86
330
70
100
AcDbEntity
  8
0
 62
     5
100
AcDbLine
 10
394.3473959274522
 20
384.3754284312778
 30
0.0
 11
394.3473959274522
 21
371.3754284312778
 31
0.0
  0
ARC
  5
C87
330
70
100
AcDbEntity
  8
0
 62
     5
100
AcDbCircle
 10
394.8473959274521
 20
384.3754284312778
 30
0.0
 40
0.5
100
AcDbArc
 50
90.0
 51
180.0
  0
LINE
  5
C88
330
70
100
AcDbEntity
  8
0
 62
     5
100
AcDbLine
 10
394.8473959274522
 20
370.8754284312778
 30
0.0
 11
405.6067959274519
 21
370.8807322362081
 31
0.0
  0
ARC
  5
C89
330
70
100
AcDbEntity
  8
0
 62
     5
100
AcDbCircle
 10
394.8473959274522
 20
371.3754284312778
 30
0.0
 40
0.5
100
AcDbArc
 50
180.0
 51
270.0
  0
LINE
  5
C8A
330
70
100
AcDbEntity
  8
0
 62
     5
100
AcDbLine
 10
501.3473959274522
 20
384.3754284312778
 30
0.0
 11
501.3473959274522
 21
371.3754284312778
 31
0.0
  0
ARC
  5
C8B
330
70
100
AcDbEntity
  8
0
 62
     5
100
AcDbCircle
 10
500.8473959274519
 20
384.3754284312778
 30
0.0
 40
0.5
100
AcDbArc
 50
0.0
 51
90.0
  0
LINE
  5
C8C
330
70
100
AcDbEntity
  8
0
 62
     5
100
AcDbLine
 10
494.3473959274521
 20
371.3754284312778
 30
0.0
 11
494.3473959274521
 21
384.3754284312778
 31
0.0
  0
ARC
  5
C8D
330
70
100
AcDbEntity
  8
0
 62
     5
100
AcDbCircle
 10
494.8473959274521
 20
384.3754284312778
 30
0.0
 40
0.5
100
AcDbArc
 50
90.0
 51
180.0
  0
LINE
  5
C8E
330
70
100
AcDbEntity
  8
0
 62
     5
100
AcDbLine
 10
494.8473959274521
 20
370.8754284312778
 30
0.0
 11
500.8473959274519
 21
370.8754284312778
 31
0.0
  0
ARC
  5
C8F
330
70
100
AcDbEntity
  8
0
 62
     5
100
AcDbCircle
 10
494.8473959274521
 20
371.3754284312778
 30
0.0
 40
0.5
100
AcDbArc
 50
180.0
 51
270.0
  0
ARC
  5
C90
330
70
100
AcDbEntity
  8
0
 62
     5
100
AcDbCircle
 10
500.8473959274519
 20
371.3754284312778
 30
0.0
 40
0.5
100
AcDbArc
 50
270.0
 51
0.0
  0
LINE
  5
C91
330
70
100
AcDbEntity
  8
0
 62
     5
100
AcDbLine
 10
394.8473959274521
 20
384.8754284312779
 30
0.0
 11
405.6067959274519
 21
384.8807322362081
 31
0.0
  0
LINE
  5
C92
330
70
100
AcDbEntity
  8
0
 62
     5
100
AcDbLine
 10
494.8473959274521
 20
384.8754284312779
 30
0.0
 11
500.8473959274519
 21
384.8754284312779
 31
0.0
  0
LINE
  5
C93
330
70
100
AcDbEntity
  8
0
  6
Continuous
 62
     5
100
AcDbLine
 10
583.7398959274519
 20
421.9504284312779
 30
0.0
 11
583.7398959274519
 21
427.0004284312781
 31
0.0
  0
LINE
  5
C94
330
70
100
AcDbEntity
  8
0
  6
Continuous
 62
     5
100
AcDbLine
 10
597.7398959274512
 20
417.4754284312781
 30
0.0
 11
597.7398959274512
 21
417.4754284312781
 31
0.0
  0
LINE
  5
C95
330
70
100
AcDbEntity
  8
0
  6
Continuous
 62
     5
100
AcDbLine
 10
598.7398959274515
 20
415.4754284312781
 30
0.0
 11
598.7398959274515
 21
409.4754284312781
 31
0.0
  0
ARC
  5
C96
330
70
100
AcDbEntity
  8
0
  6
Continuous
 62
     5
100
AcDbCircle
 10
598.2398959274517
 20
415.4754284312781
 30
0.0
 40
0.5
100
AcDbArc
 50
0.0
 51
90.0
  0
ARC
  5
C97
330
70
100
AcDbEntity
  8
0
  6
Continuous
 62
     5
100
AcDbCircle
 10
598.2398959274517
 20
409.4754284312781
 30
0.0
 40
0.5
100
AcDbArc
 50
270.0
 51
0.0
  0
LINE
  5
C98
330
70
100
AcDbEntity
  8
0
  6
Continuous
 62
     5
100
AcDbLine
 10
598.7398959274515
 20
439.4754284312781
 30
0.0
 11
598.7398959274515
 21
433.4754284312781
 31
0.0
  0
ARC
  5
C99
330
70
100
AcDbEntity
  8
0
  6
Continuous
 62
     5
100
AcDbCircle
 10
598.2398959274517
 20
439.4754284312781
 30
0.0
 40
0.5
100
AcDbArc
 50
0.0
 51
90.0
  0
ARC
  5
C9A
330
70
100
AcDbEntity
  8
0
  6
Continuous
 62
     5
100
AcDbCircle
 10
598.2398959274517
 20
433.4754284312781
 30
0.0
 40
0.5
100
AcDbArc
 50
270.0
 51
0.0
  0
LINE
  5
C9B
330
70
100
AcDbEntity
  8
0
  6
Continuous
 62
     5
100
AcDbLine
 10
596.7005459274524
 20
408.9754284312781
 30
0.0
 11
598.2398959274517
 21
408.9754284312781
 31
0.0
  0
LINE
  5
C9C
330
70
100
AcDbEntity
  8
0
  6
Continuous
 62
     5
100
AcDbLine
 10
598.2398959274517
 20
439.9754284312781
 30
0.0
 11
595.3942959274516
 21
439.9754284312781
 31
0.0
  0
LINE
  5
C9D
330
70
100
AcDbEntity
  8
0
  6
Continuous
 62
     5
100
AcDbLine
 10
595.3942959274516
 20
439.9754284312781
 30
0.0
 11
595.3942959274516
 21
440.5004284312777
 31
0.0
  0
ARC
  5
C9E
330
70
100
AcDbEntity
  8
0
  6
Continuous
 62
     5
100
AcDbCircle
 10
594.8942959274512
 20
440.5004284312777
 30
0.0
 40
0.5
100
AcDbArc
 50
0.0
 51
90.0
  0
LINE
  5
C9F
330
70
100
AcDbEntity
  8
0
  6
Continuous
 62
     5
100
AcDbLine
 10
572.2005459274522
 20
406.9504284312783
 30
0.0
 11
566.2005459274521
 21
406.9504284312783
 31
0.0
  0
ARC
  5
CA0
330
70
100
AcDbEntity
  8
0
  6
Continuous
 62
     5
100
AcDbCircle
 10
566.2005459274521
 20
407.4504284312783
 30
0.0
 40
0.5
100
AcDbArc
 50
180.0
 51
270.0
  0
LINE
  5
CA1
330
70
100
AcDbEntity
  8
0
  6
Continuous
 62
     5
100
AcDbLine
 10
596.2005459274521
 20
406.9504284312783
 30
0.0
 11
590.2005459274521
 21
406.9504284312783
 31
0.0
  0
ARC
  5
CA2
330
70
100
AcDbEntity
  8
0
  6
Continuous
 62
     5
100
AcDbCircle
 10
590.2005459274521
 20
407.4504284312783
 30
0.0
 40
0.5
100
AcDbArc
 50
180.0
 51
270.0
  0
LINE
  5
CA3
330
70
100
AcDbEntity
  8
0
  6
Continuous
 62
     5
100
AcDbLine
 10
562.7442959274524
 20
407.950428431278
 30
0.0
 11
565.7005459274521
 21
407.9504284312783
 31
0.0
  0
LINE
  5
CA4
330
70
100
AcDbEntity
  8
0
  6
Continuous
 62
     5
100
AcDbLine
 10
565.7005459274521
 20
407.9504284312783
 30
0.0
 11
565.7005459274521
 21
407.4504284312783
 31
0.0
  0
LINE
  5
CA5
330
70
100
AcDbEntity
  8
0
  6
Continuous
 62
     5
100
AcDbLine
 10
572.7005459274521
 20
407.4504284312783
 30
0.0
 11
572.7005459274521
 21
407.9504284312783
 31
0.0
  0
ARC
  5
CA6
330
70
100
AcDbEntity
  8
0
  6
Continuous
 62
     5
100
AcDbCircle
 10
572.2005459274522
 20
407.4504284312783
 30
0.0
 40
0.5
100
AcDbArc
 50
270.0
 51
0.0
  0
LINE
  5
CA7
330
70
100
AcDbEntity
  8
0
  6
Continuous
 62
     5
100
AcDbLine
 10
596.7005459274524
 20
407.4504284312783
 30
0.0
 11
596.7005459274524
 21
408.9754284312781
 31
0.0
  0
ARC
  5
CA8
330
70
100
AcDbEntity
  8
0
  6
Continuous
 62
     5
100
AcDbCircle
 10
596.2005459274521
 20
407.4504284312783
 30
0.0
 40
0.5
100
AcDbArc
 50
270.0
 51
0.0
  0
ARC
  5
CA9
330
70
100
AcDbEntity
  8
0
 62
     5
100
AcDbCircle
 10
562.7442959274522
 20
421.4504284312779
 30
0.0
 40
0.500000000000057
100
AcDbArc
 50
89.99999999999349
 51
179.9999999999935
  0
LINE
  5
CAA
330
70
100
AcDbEntity
  8
0
 62
     5
100
AcDbLine
 10
562.2442959274524
 20
421.4504284312779
 30
0.0
 11
562.2442959274524
 21
408.450428431278
 31
0.0
  0
ARC
  5
CAB
330
70
100
AcDbEntity
  8
0
 62
     5
100
AcDbCircle
 10
562.7442959274522
 20
408.450428431278
 30
0.0
 40
0.500000000000057
100
AcDbArc
 50
180.0
 51
270.0000000000065
  0
LINE
  5
CAC
330
70
100
AcDbEntity
  8
0
 62
     5
100
AcDbLine
 10
594.8942959274512
 20
441.0004284312778
 30
0.0
 11
581.794295927452
 21
441.0004284312781
 31
0.0
  0
ARC
  5
CAD
330
70
100
AcDbEntity
  8
0
 62
     5
100
AcDbCircle
 10
581.7942959274517
 20
440.5004284312781
 30
0.0
 40
0.5000000000000428
100
AcDbArc
 50
89.99999999999349
 51
179.9999999999967
  0
LINE
  5
CAE
330
70
100
AcDbEntity
  8
0
 62
     5
100
AcDbLine
 10
581.294295927452
 20
440.5004284312781
 30
0.0
 11
581.294295927452
 21
427.5004284312781
 31
0.0
  0
ARC
  5
CAF
330
70
100
AcDbEntity
  8
0
 62
     5
100
AcDbCircle
 10
581.7942959274517
 20
427.5004284312781
 30
0.0
 40
0.500000000000057
100
AcDbArc
 50
180.0
 51
270.0000000000065
  0
LINE
  5
CB0
330
70
100
AcDbEntity
  8
0
  6
Continuous
 62
     5
100
AcDbLine
 10
562.7442959274524
 20
421.9504284312779
 30
0.0
 11
583.7398959274519
 21
421.9504284312779
 31
0.0
  0
LINE
  5
CB1
330
70
100
AcDbEntity
  8
0
  6
Continuous
 62
     5
100
AcDbLine
 10
588.2005459274521
 20
407.9504284312783
 30
0.0
 11
588.2005459274522
 21
408.9754284312781
 31
0.0
  0
LINE
  5
CB2
330
70
100
AcDbEntity
  8
0
  6
Continuous
 62
     5
100
AcDbLine
 10
588.2005459274522
 20
408.9754284312781
 30
0.0
 11
589.7005459274522
 21
408.9754284312781
 31
0.0
  0
LINE
  5
CB3
330
70
100
AcDbEntity
  8
0
  6
Continuous
 62
     5
100
AcDbLine
 10
589.7005459274522
 20
408.9754284312781
 30
0.0
 11
589.7005459274522
 21
407.4504284312783
 31
0.0
  0
LINE
  5
CB4
330
70
100
AcDbEntity
  8
0
  6
Continuous
 62
     5
100
AcDbLine
 10
597.7398959274512
 20
417.4754284312781
 30
0.0
 11
597.7398959274512
 21
431.4754284312781
 31
0.0
  0
LINE
  5
CB5
330
70
100
AcDbEntity
  8
0
  6
Continuous
 62
     5
100
AcDbLine
 10
597.7398959274512
 20
431.4754284312781
 30
0.0
 11
595.3942959274516
 21
431.4754284312781
 31
0.0
  0
LINE
  5
CB6
330
70
100
AcDbEntity
  8
0
  6
Continuous
 62
     5
100
AcDbLine
 10
595.3942959274516
 20
431.4754284312781
 30
0.0
 11
595.3942959274516
 21
432.9754284312781
 31
0.0
  0
LINE
  5
CB7
330
70
100
AcDbEntity
  8
0
  6
Continuous
 62
     5
100
AcDbLine
 10
597.7398959274512
 20
417.4754284312781
 30
0.0
 11
596.7005459274524
 21
417.4754284312781
 31
0.0
  0
LINE
  5
CB8
330
70
100
AcDbEntity
  8
0
  6
Continuous
 62
     5
100
AcDbLine
 10
596.7005459274524
 20
417.4754284312781
 30
0.0
 11
596.7005459274524
 21
415.9754284312781
 31
0.0
  0
LINE
  5
CB9
330
70
100
AcDbEntity
  8
0
  6
Continuous
 62
     5
100
AcDbLine
 10
581.794295927452
 20
427.000428431278
 30
0.0
 11
583.7398959274519
 21
427.0004284312781
 31
0.0
  0
LINE
  5
CBA
330
70
100
AcDbEntity
  8
0
  6
Continuous
 62
     5
100
AcDbLine
 10
596.7005459274524
 20
415.9754284312781
 30
0.0
 11
598.2398959274517
 21
415.9754284312781
 31
0.0
  0
LINE
  5
CBB
330
70
100
AcDbEntity
  8
0
  6
Continuous
 62
     5
100
AcDbLine
 10
595.3942959274516
 20
432.9754284312781
 30
0.0
 11
598.2398959274517
 21
432.9754284312781
 31
0.0
  0
LINE
  5
CBC
330
70
100
AcDbEntity
  8
0
  6
Continuous
 62
     5
100
AcDbLine
 10
588.2005459274521
 20
407.9504284312783
 30
0.0
 11
572.7005459274521
 21
407.9504284312783
 31
0.0
  0
LWPOLYLINE
  5
CBD
330
70
100
AcDbEntity
  8
0
 62
     5
100
AcDbPolyline
 90
        5
 70
     0
 43
0.0
 10
337.6942959274521
 20
369.8254284312779
 10
322.2630959274523
 20
369.8254284312778
 42
-0.4142135623730951
 10
321.7630959274523
 20
370.3254284312778
 10
321.7630959274523
 20
383.3754284312778
 42
-0.4142135623730951
 10
322.2630959274523
 20
383.8754284312778
  0
LWPOLYLINE
  5
CBE
330
70
100
AcDbEntity
  8
0
 62
     5
100
AcDbPolyline
 90
        5
 70
     0
 43
0.0
 10
361.506795927452
 20
369.8254284312779
 10
346.0755959274522
 20
369.8254284312778
 42
-0.4142135623730951
 10
345.5755959274522
 20
370.3254284312778
 10
345.5755959274522
 20
383.3754284312778
 42
-0.4142135623730951
 10
346.0755959274522
 20
383.8754284312778
  0
LWPOLYLINE
  5
CBF
330
70
100
AcDbEntity
  8
0
 62
     5
100
AcDbPolyline
 90
        5
 70
     0
 43
0.0
 10
385.3192959274521
 20
369.8254284312779
 10
369.8880959274522
 20
369.8254284312778
 42
-0.4142135623730951
 10
369.3880959274522
 20
370.3254284312778
 10
369.3880959274522
 20
383.3754284312778
 42
-0.4142135623730951
 10
369.8880959274522
 20
383.8754284312778
  0
LWPOLYLINE
  5
CC0
330
70
100
AcDbEntity
  8
0
 62
     5
100
AcDbPolyline
 90
        6
 70
     0
 43
0.0
 10
466.2817959274519
 20
369.8254284312779
 10
441.322395927452
 20
369.8254284312778
 42
-0.4142135623730951
 10
440.8223959274521
 20
370.3254284312778
 10
440.8223959274521
 20
383.3754284312778
 42
-0.4142135623730951
 10
441.322395927452
 20
383.8754284312778
 10
466.2817959274519
 20
383.875428431278
  0
LWPOLYLINE
  5
CC1
330
70
100
AcDbEntity
  8
0
 62
     5
100
AcDbPolyline
 90
       10
 70
     0
 43
0.0
 10
520.4067959274519
 20
383.8754284312778
 10
525.8066959274521
 20
383.8754284312778
 42
-0.4142135623730951
 10
526.3066959274521
 20
383.3754284312778
 10
526.3066959274521
 20
370.3254284312778
 42
-0.4142135623730951
 10
525.8066959274521
 20
369.8254284312778
 10
512.7566959274521
 20
369.8254284312778
 42
-0.4142135623730951
 10
512.2566959274521
 20
370.3254284312778
 10
512.2566959274521
 20
383.3754284312778
 42
-0.4142135623730951
 10
512.7566959274521
 20
383.8754284312778
 10
513.406795927452
 20
383.8754284312778
  0
LWPOLYLINE
  5
CC2
330
70
100
AcDbEntity
  8
0
 62
     5
100
AcDbPolyline
 90
        6
 70
     0
 43
0.0
 10
534.1942857674521
 20
383.875428431278
 10
549.6191959274522
 20
383.8754284312778
 42
-0.4142135623730951
 10
550.119195927452
 20
383.3754284312778
 10
550.119195927452
 20
370.3254284312778
 42
-0.4142135623730951
 10
549.6191959274522
 20
369.8254284312778
 10
534.1942857674521
 20
369.8254284312779
  0
ARC
  5
CC3
330
70
100
AcDbEntity
  8
0
 62
     5
100
AcDbCircle
 10
400.8473959274521
 20
371.3754284312778
 30
0.0
 40
0.5
100
AcDbArc
 50
270.0
 51
278.3527801445854
  0
LWPOLYLINE
  5
CC4
330
70
100
AcDbEntity
  8
0
 62
     5
100
AcDbPolyline
 90
        5
 70
     0
 43
0.0
 10
322.2630959274523
 20
383.8754284312778
 10
337.6942959274521
 20
383.875428431278
 42
-0.4142135623730951
 10
338.1942959274521
 20
383.375428431278
 10
338.1942959274521
 20
370.3254284312779
 42
-0.4142135623730951
 10
337.6942959274521
 20
369.8254284312779
  0
LWPOLYLINE
  5
CC5
330
70
100
AcDbEntity
  8
0
 62
     5
100
AcDbPolyline
 90
        5
 70
     0
 43
0.0
 10
346.0755959274522
 20
383.8754284312778
 10
361.506795927452
 20
383.875428431278
 42
-0.4142135623730951
 10
362.0067959274521
 20
383.375428431278
 10
362.0067959274521
 20
370.3254284312779
 42
-0.4142135623730951
 10
361.506795927452
 20
369.8254284312779
  0
LWPOLYLINE
  5
CC6
330
70
100
AcDbEntity
  8
0
 62
     5
100
AcDbPolyline
 90
        5
 70
     0
 43
0.0
 10
369.8880959274522
 20
383.8754284312778
 10
385.3192959274521
 20
383.875428431278
 42
-0.4142135623730951
 10
385.819295927452
 20
383.375428431278
 10
385.819295927452
 20
370.3254284312779
 42
-0.4142135623730951
 10
385.3192959274521
 20
369.8254284312779
  0
LWPOLYLINE
  5
CC7
330
70
100
AcDbEntity
  8
0
 62
     5
100
AcDbPolyline
 90
        4
 70
     0
 43
0.0
 10
466.2817959274519
 20
383.875428431278
 42
-0.4142135623730951
 10
466.7817959274519
 20
383.375428431278
 10
466.7817959274519
 20
370.3254284312779
 42
-0.4142135623730951
 10
466.2817959274519
 20
369.8254284312779
  0
LWPOLYLINE
  5
CC8
330
70
100
AcDbEntity
  8
0
 62
     5
100
AcDbPolyline
 90
        4
 70
     0
 43
0.0
 10
534.1942857674521
 20
369.8254284312779
 42
-0.4142135623730951
 10
533.694285767452
 20
370.3254284312779
 10
533.694285767452
 20
383.375428431278
 42
-0.4142135623730951
 10
534.1942857674521
 20
383.875428431278
  0
ARC
  5
CC9
330
70
100
AcDbEntity
  8
0
 62
     5
100
AcDbCircle
 10
405.6067959274519
 20
371.3807322362081
 30
0.0
 40
0.5
100
AcDbArc
 50
270.0
 51
0.0
  0
LINE
  5
CCA
330
70
100
AcDbEntity
  8
0
 62
     5
100
AcDbLine
 10
406.1067959274519
 20
371.3807322362081
 30
0.0
 11
406.1067959274519
 21
384.3807322362081
 31
0.0
  0
ARC
  5
CCB
330
70
100
AcDbEntity
  8
0
 62
     5
100
AcDbCircle
 10
405.6067959274519
 20
384.3807322362081
 30
0.0
 40
0.5
100
AcDbArc
 50
0.0
 51
90.0
  0
LINE
  5
CCC
330
70
100
AcDbEntity
  8
0
 62
     5
100
AcDbLine
 10
513.406795927452
 20
384.3754284312778
 30
0.0
 11
513.406795927452
 21
383.8754284312778
 31
0.0
  0
ARC
  5
CCD
330
70
100
AcDbEntity
  8
0
 62
     5
100
AcDbCircle
 10
513.906795927452
 20
384.3754284312778
 30
0.0
 40
0.5
100
AcDbArc
 50
90.0
 51
180.0
  0
LINE
  5
CCE
330
70
100
AcDbEntity
  8
0
 62
     5
100
AcDbLine
 10
520.4067959274519
 20
383.8754284312778
 30
0.0
 11
520.4067959274519
 21
384.3754284312778
 31
0.0
  0
ARC
  5
CCF
330
70
100
AcDbEntity
  8
0
 62
     5
100
AcDbCircle
 10
519.9067959274519
 20
384.3754284312778
 30
0.0
 40
0.5
100
AcDbArc
 50
0.0
 51
90.0
  0
LINE
  5
CD0
330
70
100
AcDbEntity
  8
0
 62
     5
100
AcDbLine
 10
513.906795927452
 20
384.8754284312779
 30
0.0
 11
519.9067959274519
 21
384.8754284312779
 31
0.0
  0
LINE
  5
CD1
330
70
100
AcDbEntity
  8
0
 62
     5
100
AcDbLine
 10
321.738095927452
 20
389.4004284312781
 30
0.0
 11
321.738095927452
 21
402.400428431278
 31
0.0
  0
ARC
  5
CD2
330
70
100
AcDbEntity
  8
0
 62
     5
100
AcDbCircle
 10
322.238095927452
 20
402.400428431278
 30
0.0
 40
0.5
100
AcDbArc
 50
90.0
 51
180.0
  0
LINE
  5
CD3
330
70
100
AcDbEntity
  8
0
 62
     5
100
AcDbLine
 10
322.238095927452
 20
402.900428431278
 30
0.0
 11
322.313095927452
 21
402.900428431278
 31
0.0
  0
LINE
  5
CD4
330
70
100
AcDbEntity
  8
0
 62
     5
100
AcDbLine
 10
330.313095927452
 20
402.900428431278
 30
0.0
 11
346.3130959274518
 21
402.900428431278
 31
0.0
  0
LINE
  5
CD5
330
70
100
AcDbEntity
  8
0
 62
     5
100
AcDbLine
 10
354.3130959274519
 20
402.900428431278
 30
0.0
 11
356.769395927452
 21
402.900428431278
 31
0.0
  0
LINE
  5
CD6
330
70
100
AcDbEntity
  8
0
 62
     5
100
AcDbLine
 10
322.238095927452
 20
388.9004284312781
 30
0.0
 11
322.313095927452
 21
388.9004284312778
 31
0.0
  0
ARC
  5
CD7
330
70
100
AcDbEntity
  8
0
 62
     5
100
AcDbCircle
 10
322.238095927452
 20
389.4004284312781
 30
0.0
 40
0.5
100
AcDbArc
 50
180.0
 51
270.0
  0
ARC
  5
CD8
330
70
100
AcDbEntity
  8
0
 62
     5
100
AcDbCircle
 10
354.3130959274519
 20
388.400428431278
 30
0.0
 40
0.5
100
AcDbArc
 50
90.0
 51
180.0
  0
ARC
  5
CD9
330
70
100
AcDbEntity
  8
0
 62
     5
100
AcDbCircle
 10
330.313095927452
 20
388.400428431278
 30
0.0
 40
0.5
100
AcDbArc
 50
90.0
 51
180.0
  0
LINE
  5
CDA
330
70
100
AcDbEntity
  8
0
 62
     5
100
AcDbLine
 10
329.313095927452
 20
387.900428431278
 30
0.0
 11
323.313095927452
 21
387.900428431278
 31
0.0
  0
ARC
  5
CDB
330
70
100
AcDbEntity
  8
0
 62
     5
100
AcDbCircle
 10
323.313095927452
 20
388.400428431278
 30
0.0
 40
0.5
100
AcDbArc
 50
180.0
 51
270.0
  0
LINE
  5
CDC
330
70
100
AcDbEntity
  8
0
 62
     5
100
AcDbLine
 10
322.8130959274519
 20
388.400428431278
 30
0.0
 11
322.8130959274519
 21
388.400428431278
 31
0.0
  0
ARC
  5
CDD
330
70
100
AcDbEntity
  8
0
 62
     5
100
AcDbCircle
 10
322.313095927452
 20
388.400428431278
 30
0.0
 40
0.5
100
AcDbArc
 50
0.0
 51
90.0
  0
LINE
  5
CDE
330
70
100
AcDbEntity
  8
0
 62
     5
100
AcDbLine
 10
329.813095927452
 20
388.400428431278
 30
0.0
 11
329.813095927452
 21
388.400428431278
 31
0.0
  0
ARC
  5
CDF
330
70
100
AcDbEntity
  8
0
 62
     5
100
AcDbCircle
 10
329.313095927452
 20
388.400428431278
 30
0.0
 40
0.5
100
AcDbArc
 50
270.0
 51
0.0
  0
LINE
  5
CE0
330
70
100
AcDbEntity
  8
0
 62
     5
100
AcDbLine
 10
353.3130959274518
 20
387.900428431278
 30
0.0
 11
347.3130959274518
 21
387.900428431278
 31
0.0
  0
ARC
  5
CE1
330
70
100
AcDbEntity
  8
0
 62
     5
100
AcDbCircle
 10
347.3130959274518
 20
388.400428431278
 30
0.0
 40
0.5
100
AcDbArc
 50
180.0
 51
270.0
  0
LINE
  5
CE2
330
70
100
AcDbEntity
  8
0
 62
     5
100
AcDbLine
 10
353.8130959274521
 20
388.400428431278
 30
0.0
 11
353.8130959274521
 21
388.400428431278
 31
0.0
  0
ARC
  5
CE3
330
70
100
AcDbEntity
  8
0
 62
     5
100
AcDbCircle
 10
353.3130959274518
 20
388.400428431278
 30
0.0
 40
0.5
100
AcDbArc
 50
270.0
 51
0.0
  0
LINE
  5
CE4
330
70
100
AcDbEntity
  8
0
 62
     5
100
AcDbLine
 10
346.8130959274519
 20
388.400428431278
 30
0.0
 11
346.8130959274519
 21
388.400428431278
 31
0.0
  0
ARC
  5
CE5
330
70
100
AcDbEntity
  8
0
 62
     5
100
AcDbCircle
 10
346.3130959274518
 20
388.400428431278
 30
0.0
 40
0.5
100
AcDbArc
 50
0.0
 51
90.0
  0
LWPOLYLINE
  5
CE6
330
70
100
AcDbEntity
  8
0
 62
     5
100
AcDbPolyline
 90
        5
 70
     0
 43
0.0
 10
356.769395927452
 20
402.900428431278
 42
-0.4142135623730951
 10
357.2693959274519
 20
402.400428431278
 10
357.2693959274519
 20
389.4004284312781
 42
-0.4142135623730951
 10
356.769395927452
 20
388.9004284312778
 10
354.3130959274519
 20
388.9004284312778
  0
LINE
  5
CE7
330
70
100
AcDbEntity
  8
0
 62
     5
100
AcDbLine
 10
330.313095927452
 20
388.9004284312778
 30
0.0
 11
346.3130959274518
 21
388.9004284312778
 31
0.0
  0
ARC
  5
CE8
330
70
100
AcDbEntity
  8
0
 62
     5
100
AcDbCircle
 10
354.3130959274519
 20
403.4004284312782
 30
0.0
 40
0.5
100
AcDbArc
 50
180.0
 51
270.0
  0
ARC
  5
CE9
330
70
100
AcDbEntity
  8
0
 62
     5
100
AcDbCircle
 10
330.313095927452
 20
403.4004284312782
 30
0.0
 40
0.5
100
AcDbArc
 50
180.0
 51
270.0
  0
LINE
  5
CEA
330
70
100
AcDbEntity
  8
0
 62
     5
100
AcDbLine
 10
329.313095927452
 20
403.900428431278
 30
0.0
 11
323.313095927452
 21
403.900428431278
 31
0.0
  0
ARC
  5
CEB
330
70
100
AcDbEntity
  8
0
 62
     5
100
AcDbCircle
 10
323.313095927452
 20
403.4004284312782
 30
0.0
 40
0.5
100
AcDbArc
 50
90.0
 51
180.0
  0
ARC
  5
CEC
330
70
100
AcDbEntity
  8
0
 62
     5
100
AcDbCircle
 10
322.313095927452
 20
403.4004284312782
 30
0.0
 40
0.5
100
AcDbArc
 50
270.0
 51
0.0
  0
ARC
  5
CED
330
70
100
AcDbEntity
  8
0
 62
     5
100
AcDbCircle
 10
329.313095927452
 20
403.4004284312782
 30
0.0
 40
0.5
100
AcDbArc
 50
0.0
 51
90.0
  0
LINE
  5
CEE
330
70
100
AcDbEntity
  8
0
 62
     5
100
AcDbLine
 10
353.3130959274518
 20
403.900428431278
 30
0.0
 11
347.3130959274518
 21
403.900428431278
 31
0.0
  0
ARC
  5
CEF
330
70
100
AcDbEntity
  8
0
 62
     5
100
AcDbCircle
 10
347.3130959274518
 20
403.4004284312782
 30
0.0
 40
0.5
100
AcDbArc
 50
90.0
 51
180.0
  0
ARC
  5
CF0
330
70
100
AcDbEntity
  8
0
 62
     5
100
AcDbCircle
 10
353.3130959274518
 20
403.4004284312782
 30
0.0
 40
0.5
100
AcDbArc
 50
0.0
 51
90.0
  0
ARC
  5
CF1
330
70
100
AcDbEntity
  8
0
 62
     5
100
AcDbCircle
 10
346.3130959274518
 20
403.4004284312782
 30
0.0
 40
0.5
100
AcDbArc
 50
270.0
 51
0.0
  0
LINE
  5
CF2
330
70
100
AcDbEntity
  8
0
 62
     5
100
AcDbLine
 10
325.8567959274519
 20
462.2504284312778
 30
0.0
 11
465.281795927452
 21
462.250428431278
 31
0.0
  0
ARC
  5
CF3
330
70
100
AcDbEntity
  8
0
 62
     5
100
AcDbCircle
 10
325.8567959274519
 20
464.0004284312778
 30
0.0
 40
1.75
100
AcDbArc
 50
180.0
 51
270.0
  0
LINE
  5
CF4
330
70
100
AcDbEntity
  8
0
 62
     5
100
AcDbLine
 10
473.281795927452
 20
462.250428431278
 30
0.0
 11
612.7067959274524
 21
462.2504284312778
 31
0.0
  0
ARC
  5
CF5
330
70
100
AcDbEntity
  8
0
 62
     5
100
AcDbCircle
 10
473.281795927452
 20
464.0004284312779
 30
0.0
 40
1.75
100
AcDbArc
 50
180.0
 51
270.0
  0
LINE
  5
CF6
330
70
100
AcDbEntity
  8
0
 62
     5
100
AcDbLine
 10
621.3567959274522
 20
460.8635510030063
 30
0.0
 11
621.3567959274522
 21
425.500428431278
 31
0.0
  0
LINE
  5
CF7
330
70
100
AcDbEntity
  8
0
 62
     5
100
AcDbLine
 10
621.3567959274522
 20
385.350428431278
 30
0.0
 11
621.3567959274522
 21
369.5373058595496
 31
0.0
  0
LINE
  5
CF8
330
70
100
AcDbEntity
  8
0
 62
     5
100
AcDbLine
 10
612.7067959274523
 20
368.150428431278
 30
0.0
 11
547.094195927452
 21
368.150428431278
 31
0.0
  0
ARC
  5
CF9
330
70
100
AcDbEntity
  8
0
 62
     5
100
AcDbCircle
 10
547.094195927452
 20
366.4004284312781
 30
0.0
 40
1.75
100
AcDbArc
 50
90.0
 51
180.0
  0
LINE
  5
CFA
330
70
100
AcDbEntity
  8
0
 62
     5
100
AcDbLine
 10
539.094195927452
 20
368.150428431278
 30
0.0
 11
356.6005959274522
 21
368.150428431278
 31
0.0
  0
ARC
  5
CFB
330
70
100
AcDbEntity
  8
0
 62
     5
100
AcDbCircle
 10
356.6005959274522
 20
366.4004284312781
 30
0.0
 40
1.75
100
AcDbArc
 50
90.0
 51
180.0
  0
LINE
  5
CFC
330
70
100
AcDbEntity
  8
0
 62
     5
100
AcDbLine
 10
348.6005959274522
 20
368.150428431278
 30
0.0
 11
318.7067959274521
 21
368.150428431278
 31
0.0
  0
LINE
  5
CFD
330
70
100
AcDbEntity
  8
0
 62
     5
100
AcDbLine
 10
317.206795927452
 20
369.650428431278
 30
0.0
 11
317.206795927452
 21
460.8635510030063
 31
0.0
  0
ARC
  5
CFE
330
70
100
AcDbEntity
  8
0
 62
     5
100
AcDbCircle
 10
318.7067959274521
 20
369.650428431278
 30
0.0
 40
1.5
100
AcDbArc
 50
180.0
 51
270.0
  0
ARC
  5
CFF
330
70
100
AcDbEntity
  8
0
 62
     5
100
AcDbCircle
 10
321.8567959274519
 20
465.550428431278
 30
0.0
 40
2.25
100
AcDbArc
 50
0.0
 51
180.0
  0
LINE
  5
D00
330
70
100
AcDbEntity
  8
0
 62
     5
100
AcDbLine
 10
319.6067959274519
 20
465.550428431278
 30
0.0
 11
319.6067959274519
 21
464.0004284312778
 31
0.0
  0
ARC
  5
D01
330
70
100
AcDbEntity
  8
0
 62
     5
100
AcDbCircle
 10
317.8567959274519
 20
464.0004284312778
 30
0.0
 40
1.75
100
AcDbArc
 50
285.1613686066134
 51
0.0
  0
ARC
  5
D02
330
70
100
AcDbEntity
  8
0
 62
     5
100
AcDbCircle
 10
318.7067959274521
 20
460.8635510030063
 30
0.0
 40
1.5
100
AcDbArc
 50
105.1613686066134
 51
180.0
  0
LINE
  5
D03
330
70
100
AcDbEntity
  8
0
 62
     5
100
AcDbLine
 10
324.1067959274519
 20
465.550428431278
 30
0.0
 11
324.1067959274519
 21
464.0004284312778
 31
0.0
  0
ARC
  5
D04
330
70
100
AcDbEntity
  8
0
 62
     5
100
AcDbCircle
 10
469.281795927452
 20
465.550428431278
 30
0.0
 40
2.25
100
AcDbArc
 50
0.0
 51
180.0
  0
LINE
  5
D05
330
70
100
AcDbEntity
  8
0
 62
     5
100
AcDbLine
 10
467.031795927452
 20
465.550428431278
 30
0.0
 11
467.031795927452
 21
464.0004284312779
 31
0.0
  0
ARC
  5
D06
330
70
100
AcDbEntity
  8
0
 62
     5
100
AcDbCircle
 10
465.281795927452
 20
464.0004284312779
 30
0.0
 40
1.75
100
AcDbArc
 50
270.0
 51
0.0
  0
LINE
  5
D07
330
70
100
AcDbEntity
  8
0
 62
     5
100
AcDbLine
 10
471.531795927452
 20
465.550428431278
 30
0.0
 11
471.531795927452
 21
464.0004284312779
 31
0.0
  0
ARC
  5
D08
330
70
100
AcDbEntity
  8
0
 62
     5
100
AcDbCircle
 10
352.6005959274522
 20
364.350428431278
 30
0.0
 40
2.25
100
AcDbArc
 50
180.0
 51
0.0
  0
LINE
  5
D09
330
70
100
AcDbEntity
  8
0
 62
     5
100
AcDbLine
 10
354.8505959274522
 20
364.350428431278
 30
0.0
 11
354.8505959274522
 21
366.4004284312781
 31
0.0
  0
LINE
  5
D0A
330
70
100
AcDbEntity
  8
0
 62
     5
100
AcDbLine
 10
350.3505959274522
 20
364.350428431278
 30
0.0
 11
350.3505959274522
 21
366.4004284312781
 31
0.0
  0
ARC
  5
D0B
330
70
100
AcDbEntity
  8
0
 62
     5
100
AcDbCircle
 10
348.6005959274522
 20
366.4004284312781
 30
0.0
 40
1.75
100
AcDbArc
 50
0.0
 51
90.0
  0
ARC
  5
D0C
330
70
100
AcDbEntity
  8
0
 62
     5
100
AcDbCircle
 10
543.094195927452
 20
364.350428431278
 30
0.0
 40
2.25
100
AcDbArc
 50
180.0
 51
0.0
  0
LINE
  5
D0D
330
70
100
AcDbEntity
  8
0
 62
     5
100
AcDbLine
 10
545.344195927452
 20
364.350428431278
 30
0.0
 11
545.344195927452
 21
366.4004284312781
 31
0.0
  0
LINE
  5
D0E
330
70
100
AcDbEntity
  8
0
 62
     5
100
AcDbLine
 10
540.844195927452
 20
364.350428431278
 30
0.0
 11
540.844195927452
 21
366.4004284312781
 31
0.0
  0
ARC
  5
D0F
330
70
100
AcDbEntity
  8
0
 62
     5
100
AcDbCircle
 10
539.094195927452
 20
366.4004284312781
 30
0.0
 40
1.75
100
AcDbArc
 50
0.0
 51
90.0
  0
ARC
  5
D10
330
70
100
AcDbEntity
  8
0
 62
     5
100
AcDbCircle
 10
620.7067959274523
 20
366.4004284312781
 30
0.0
 40
1.75
100
AcDbArc
 50
105.1613686066103
 51
180.0
  0
ARC
  5
D11
330
70
100
AcDbEntity
  8
0
 62
     5
100
AcDbCircle
 10
619.8567959274522
 20
369.5373058595496
 30
0.0
 40
1.5
100
AcDbArc
 50
285.1613686066072
 51
0.0
  0
ARC
  5
D12
330
70
100
AcDbEntity
  8
0
 62
     5
100
AcDbCircle
 10
616.7067959274523
 20
364.350428431278
 30
0.0
 40
2.25
100
AcDbArc
 50
180.0
 51
0.0
  0
LINE
  5
D13
330
70
100
AcDbEntity
  8
0
 62
     5
100
AcDbLine
 10
618.9567959274523
 20
364.350428431278
 30
0.0
 11
618.9567959274523
 21
366.4004284312781
 31
0.0
  0
LINE
  5
D14
330
70
100
AcDbEntity
  8
0
 62
     5
100
AcDbLine
 10
614.4567959274523
 20
364.350428431278
 30
0.0
 11
614.4567959274523
 21
366.4004284312781
 31
0.0
  0
ARC
  5
D15
330
70
100
AcDbEntity
  8
0
 62
     5
100
AcDbCircle
 10
612.7067959274523
 20
366.4004284312781
 30
0.0
 40
1.75
100
AcDbArc
 50
0.0
 51
90.0
  0
ARC
  5
D16
330
70
100
AcDbEntity
  8
0
 62
     5
100
AcDbCircle
 10
612.7067959274524
 20
464.0004284312778
 30
0.0
 40
1.75
100
AcDbArc
 50
270.0
 51
0.0
  0
ARC
  5
D17
330
70
100
AcDbEntity
  8
0
 62
     5
100
AcDbCircle
 10
616.7067959274524
 20
465.550428431278
 30
0.0
 40
2.25
100
AcDbArc
 50
0.0
 51
180.0
  0
LINE
  5
D18
330
70
100
AcDbEntity
  8
0
 62
     5
100
AcDbLine
 10
618.9567959274524
 20
465.550428431278
 30
0.0
 11
618.9567959274524
 21
464.0004284312778
 31
0.0
  0
ARC
  5
D19
330
70
100
AcDbEntity
  8
0
 62
     5
100
AcDbCircle
 10
620.7067959274524
 20
464.0004284312778
 30
0.0
 40
1.75
100
AcDbArc
 50
180.0
 51
254.8386313933865
  0
ARC
  5
D1A
330
70
100
AcDbEntity
  8
0
 62
     5
100
AcDbCircle
 10
619.8567959274522
 20
460.8635510030063
 30
0.0
 40
1.5
100
AcDbArc
 50
0.0
 51
74.83863139338656
  0
LINE
  5
D1B
330
70
100
AcDbEntity
  8
0
 62
     5
100
AcDbLine
 10
614.4567959274524
 20
465.550428431278
 30
0.0
 11
614.4567959274524
 21
464.0004284312778
 31
0.0
  0
CIRCLE
  5
D1C
330
70
100
AcDbEntity
  8
0
 62
     5
100
AcDbCircle
 10
321.8567959274519
 20
465.550428431278
 30
0.0
 40
1.05
  0
CIRCLE
  5
D1D
330
70
100
AcDbEntity
  8
0
 62
     5
100
AcDbCircle
 10
469.281795927452
 20
465.550428431278
 30
0.0
 40
1.05
  0
CIRCLE
  5
D1E
330
70
100
AcDbEntity
  8
0
 62
     5
100
AcDbCircle
 10
616.7067959274524
 20
465.550428431278
 30
0.0
 40
1.05
  0
CIRCLE
  5
D1F
330
70
100
AcDbEntity
  8
0
 62
     5
100
AcDbCircle
 10
616.7067959274523
 20
364.350428431278
 30
0.0
 40
1.05
  0
CIRCLE
  5
D20
330
70
100
AcDbEntity
  8
0
 62
     5
100
AcDbCircle
 10
543.094195927452
 20
364.350428431278
 30
0.0
 40
1.05
  0
CIRCLE
  5
D21
330
70
100
AcDbEntity
  8
0
 62
     5
100
AcDbCircle
 10
352.6005959274522
 20
364.350428431278
 30
0.0
 40
1.05
  0
LINE
  5
D22
330
70
100
AcDbEntity
  8
0
 62
     5
100
AcDbLine
 10
621.3567959274522
 20
425.500428431278
 30
0.0
 11
621.3567959274522
 21
385.350428431278
 31
0.0
  0
LWPOLYLINE
  5
D23
330
70
100
AcDbEntity
  8
0
 62
     5
100
AcDbPolyline
 90
        8
 70
     1
 43
0.0
 10
605.6317959274522
 20
421.9754284312781
 10
618.6817959274521
 20
421.9754284312781
 42
-0.4142135623730951
 10
619.1817959274523
 20
421.475428431278
 10
619.1817959274523
 20
408.425428431278
 42
-0.4142135623730951
 10
618.6817959274521
 20
407.9254284312781
 10
605.6317959274522
 20
407.9254284312781
 42
-0.4142135623730951
 10
605.1317959274522
 20
408.425428431278
 10
605.1317959274522
 20
421.475428431278
 42
-0.4142135623730951
  0
LWPOLYLINE
  5
D24
330
70
100
AcDbEntity
  8
0
 62
     5
100
AcDbPolyline
 90
        8
 70
     1
 43
0.0
 10
605.6317959274522
 20
402.9254284312779
 10
618.6817959274521
 20
402.9254284312779
 42
-0.4142135623730951
 10
619.1817959274523
 20
402.4254284312779
 10
619.1817959274523
 20
389.3754284312779
 42
-0.4142135623730951
 10
618.6817959274521
 20
388.875428431278
 10
605.6317959274522
 20
388.875428431278
 42
-0.4142135623730951
 10
605.1317959274522
 20
389.3754284312779
 10
605.1317959274522
 20
402.4254284312779
 42
-0.4142135623730951
  0
LINE
  5
10FE
330
70
100
AcDbEntity
  8
0
100
AcDbLine
 10
585.2606884873368
 20
334.836426154368
 30
0.0
 11
585.2606884873368
 21
322.3054709219734
 31
0.0
  0
LINE
  5
10FF
330
70
100
AcDbEntity
  8
0
100
AcDbLine
 10
618.3106884873366
 20
334.836426154368
 30
0.0
 11
618.3106884873364
 21
322.3054709219732
 31
0.0
  0
ARC
  5
1100
330
70
100
AcDbEntity
  8
0
100
AcDbCircle
 10
617.5606884873366
 20
334.836426154368
 30
0.0
 40
0.75
100
AcDbArc
 50
359.9999999999984
 51
90.0
  0
LWPOLYLINE
  5
1101
330
70
100
AcDbEntity
  8
0
100
AcDbPolyline
 90
        8
 70
     1
 43
0.0
 10
339.9669384873365
 20
296.7364261543681
 42
-0.4142135623730951
 10
340.7419384873365
 20
297.4864261543681
 10
358.0044384873368
 20
297.4864261543681
 42
-0.3912271444749594
 10
358.7794384873368
 20
296.7364261543681
 10
358.7794384873368
 20
284.2364261543682
 42
-0.3912271444749571
 10
358.0044384873368
 20
283.4864261543682
 10
340.7419384873365
 20
283.4864261543685
 42
-0.3912271444749557
 10
339.9669384873365
 20
284.2364261543685
  0
LINE
  5
1102
330
70
100
AcDbEntity
  8
0
  6
Continuous
100
AcDbLine
 10
591.6544384873366
 20
297.4864261543677
 30
0.0
 11
607.1544384873363
 21
297.486426154368
 31
0.0
  0
LINE
  5
1103
330
70
100
AcDbEntity
  8
0
  6
Continuous
100
AcDbLine
 10
348.7669384873368
 20
264.4364261543686
 30
0.0
 11
364.2669384873366
 21
264.4364261543686
 31
0.0
  0
LINE
  5
1104
330
70
100
AcDbEntity
  8
0
  6
Continuous
100
AcDbLine
 10
586.0106884873367
 20
335.586426154368
 30
0.0
 11
617.5606884873366
 21
335.586426154368
 31
0.0
  0
ARC
  5
1105
330
70
100
AcDbEntity
  8
0
100
AcDbCircle
 10
586.0106884873367
 20
334.836426154368
 30
0.0
 40
0.75
100
AcDbArc
 50
90.0
 51
180.0
  0
LINE
  5
1106
330
70
100
AcDbEntity
  8
0
  6
Continuous
100
AcDbLine
 10
594.0356884873365
 20
321.5864261543679
 30
0.0
 11
609.5356884873362
 21
321.5864261543679
 31
0.0
  0
LINE
  5
1107
330
70
100
AcDbEntity
  8
0
  6
Continuous
100
AcDbLine
 10
616.7856884873365
 20
318.5864261543679
 30
0.0
 11
610.7856884873362
 21
318.5864261543679
 31
0.0
  0
ARC
  5
1108
330
70
100
AcDbEntity
  8
0
100
AcDbCircle
 10
610.7856884873362
 20
319.3364261543679
 30
0.0
 40
0.75
100
AcDbArc
 50
180.0
 51
270.0
  0
LINE
  5
1109
330
70
100
AcDbEntity
  8
0
  6
Continuous
100
AcDbLine
 10
586.7856884873372
 20
318.5864261543679
 30
0.0
 11
592.7856884873365
 21
318.5864261543679
 31
0.0
  0
LINE
  5
110A
330
70
100
AcDbEntity
  8
0
100
AcDbLine
 10
593.5356884873365
 20
321.0864261543679
 30
0.0
 11
593.5356884873365
 21
319.3364261543679
 31
0.0
  0
ARC
  5
110B
330
70
100
AcDbEntity
  8
0
100
AcDbCircle
 10
592.7856884873365
 20
319.3364261543679
 30
0.0
 40
0.75
100
AcDbArc
 50
270.0
 51
0.0
  0
ARC
  5
110C
330
70
100
AcDbEntity
  8
0
100
AcDbCircle
 10
594.0356884873365
 20
321.0864261543679
 30
0.0
 40
0.5
100
AcDbArc
 50
90.0
 51
180.0
  0
LINE
  5
110D
330
70
100
AcDbEntity
  8
0
100
AcDbLine
 10
610.0356884873363
 20
321.0864261543679
 30
0.0
 11
610.0356884873363
 21
319.3364261543679
 31
0.0
  0
ARC
  5
110E
330
70
100
AcDbEntity
  8
0
100
AcDbCircle
 10
609.5356884873362
 20
321.0864261543679
 30
0.0
 40
0.5
100
AcDbArc
 50
0.0
 51
90.0
  0
LINE
  5
110F
330
70
100
AcDbEntity
  8
0
100
AcDbLine
 10
586.0356884873372
 20
319.3364261543679
 30
0.0
 11
586.0356884873372
 21
321.311426154368
 31
0.0
  0
ARC
  5
1110
330
70
100
AcDbEntity
  8
0
100
AcDbCircle
 10
586.7856884873372
 20
319.3364261543679
 30
0.0
 40
0.75
100
AcDbArc
 50
180.0
 51
270.0
  0
ARC
  5
1111
330
70
100
AcDbEntity
  8
0
100
AcDbCircle
 10
585.7606884873373
 20
321.311426154368
 30
0.0
 40
0.275
100
AcDbArc
 50
0.0
 51
75.88301942874704
  0
ARC
  5
1112
330
70
100
AcDbEntity
  8
0
100
AcDbCircle
 10
586.0106884873367
 20
322.3054709219734
 30
0.0
 40
0.75
100
AcDbArc
 50
180.0
 51
255.8830194287506
  0
LINE
  5
1113
330
70
100
AcDbEntity
  8
0
100
AcDbLine
 10
617.5356884873365
 20
319.3364261543679
 30
0.0
 11
617.5356884873366
 21
321.311426154368
 31
0.0
  0
ARC
  5
1114
330
70
100
AcDbEntity
  8
0
100
AcDbCircle
 10
616.7856884873365
 20
319.3364261543679
 30
0.0
 40
0.75
100
AcDbArc
 50
270.0
 51
359.9999999999984
  0
ARC
  5
1115
330
70
100
AcDbEntity
  8
0
100
AcDbCircle
 10
617.8106884873366
 20
321.311426154368
 30
0.0
 40
0.275
100
AcDbArc
 50
104.1169805713031
 51
179.9999999999984
  0
ARC
  5
1116
330
70
100
AcDbEntity
  8
0
100
AcDbCircle
 10
617.5606884873364
 20
322.3054709219732
 30
0.0
 40
0.75
100
AcDbArc
 50
284.1169805712968
 51
359.9999999999984
  0
LINE
  5
1117
330
70
100
AcDbEntity
  8
0
100
AcDbLine
 10
334.6106884873364
 20
337.386426154368
 30
0.0
 11
334.6106884873362
 21
312.9786481401333
 31
0.0
  0
LINE
  5
1118
330
70
100
AcDbEntity
  8
0
100
AcDbLine
 10
621.3106884873366
 20
312.978648140133
 30
0.0
 11
621.3106884873366
 21
337.386426154368
 31
0.0
  0
LINE
  5
1119
330
70
100
AcDbEntity
  8
0
100
AcDbLine
 10
334.6106884873361
 20
292.0942041686026
 30
0.0
 11
334.6106884873361
 21
243.5864261543677
 31
0.0
  0
ARC
  5
111A
330
70
100
AcDbEntity
  8
0
100
AcDbCircle
 10
336.1106884873361
 20
243.5864261543677
 30
0.0
 40
1.5
100
AcDbArc
 50
180.0
 51
270.0
  0
LINE
  5
111B
330
70
100
AcDbEntity
  8
0
100
AcDbLine
 10
621.3106884873366
 20
292.0942041686029
 30
0.0
 11
621.3106884873366
 21
243.5864261543677
 31
0.0
  0
ARC
  5
111C
330
70
100
AcDbEntity
  8
0
100
AcDbCircle
 10
619.8106884873366
 20
243.5864261543677
 30
0.0
 40
1.5
100
AcDbArc
 50
270.0
 51
0.0
  0
LINE
  5
111D
330
70
100
AcDbEntity
  8
0
100
AcDbLine
 10
359.1106884873363
 20
242.0864261543678
 30
0.0
 11
336.1106884873361
 21
242.0864261543678
 31
0.0
  0
LINE
  5
111E
330
70
100
AcDbEntity
  8
0
100
AcDbLine
 10
425.8106884873365
 20
242.0864261543678
 30
0.0
 11
463.8856884873328
 21
242.0864261543678
 31
0.0
  0
ARC
  5
111F
330
70
100
AcDbEntity
  8
0
100
AcDbCircle
 10
425.8106884873365
 20
243.5864261543677
 30
0.0
 40
1.5
100
AcDbArc
 50
180.0
 51
270.0
  0
LINE
  5
1120
330
70
100
AcDbEntity
  8
0
100
AcDbLine
 10
492.0356884873492
 20
242.0862664978506
 30
0.0
 11
530.1106884873367
 21
242.0864261543678
 31
0.0
  0
ARC
  5
1121
330
70
100
AcDbEntity
  8
0
100
AcDbCircle
 10
530.1106884873367
 20
243.5864261543677
 30
0.0
 40
1.5
100
AcDbArc
 50
270.0
 51
0.0
  0
LINE
  5
1122
330
70
100
AcDbEntity
  8
0
100
AcDbLine
 10
596.8106884873428
 20
242.0862664978506
 30
0.0
 11
619.8106884873366
 21
242.0864261543677
 31
0.0
  0
ARC
  5
1123
330
70
100
AcDbEntity
  8
0
100
AcDbCircle
 10
336.1106884873363
 20
337.386426154368
 30
0.0
 40
1.5
100
AcDbArc
 50
90.0
 51
180.0
  0
LINE
  5
1124
330
70
100
AcDbEntity
  8
0
100
AcDbLine
 10
463.8856884873328
 20
338.8865858108852
 30
0.0
 11
415.0856884873369
 21
338.8864261543683
 31
0.0
  0
LINE
  5
1125
330
70
100
AcDbEntity
  8
0
100
AcDbLine
 10
492.0356884873402
 20
338.886426154368
 30
0.0
 11
540.8356884873366
 21
338.8864261543684
 31
0.0
  0
LINE
  5
1126
330
70
100
AcDbEntity
  8
0
100
AcDbLine
 10
568.6606884873358
 20
338.8865858108851
 30
0.0
 11
548.435688487337
 21
338.8864261543683
 31
0.0
  0
LINE
  5
1127
330
70
100
AcDbEntity
  8
0
100
AcDbLine
 10
596.8106884873431
 20
338.8864261543679
 30
0.0
 11
619.8106884873366
 21
338.886426154368
 31
0.0
  0
ARC
  5
1128
330
70
100
AcDbEntity
  8
0
100
AcDbCircle
 10
619.8106884873366
 20
337.386426154368
 30
0.0
 40
1.5
100
AcDbArc
 50
0.0
 51
90.0
  0
LINE
  5
1129
330
70
100
AcDbEntity
  8
0
100
AcDbLine
 10
548.435688487337
 20
335.5864261543681
 30
0.0
 11
560.4106884873366
 21
335.5864261543681
 31
0.0
  0
ARC
  5
112A
330
70
100
AcDbEntity
  8
0
100
AcDbCircle
 10
560.4106884873366
 20
334.8364261543681
 30
0.0
 40
0.75
100
AcDbArc
 50
0.0
 51
90.0
  0
LINE
  5
112B
330
70
100
AcDbEntity
  8
0
100
AcDbLine
 10
561.1606884873366
 20
334.8364261543681
 30
0.0
 11
561.1606884873366
 21
322.3364261543681
 31
0.0
  0
ARC
  5
112C
330
70
100
AcDbEntity
  8
0
100
AcDbCircle
 10
560.4106884873366
 20
322.3364261543681
 30
0.0
 40
0.75
100
AcDbArc
 50
270.0
 51
0.0
  0
LINE
  5
112D
330
70
100
AcDbEntity
  8
0
100
AcDbLine
 10
560.4106884873366
 20
321.5864261543681
 30
0.0
 11
547.9106884873366
 21
321.5864261543681
 31
0.0
  0
ARC
  5
112E
330
70
100
AcDbEntity
  8
0
100
AcDbCircle
 10
547.9106884873366
 20
322.3364261543681
 30
0.0
 40
0.75
100
AcDbArc
 50
180.0
 51
270.0
  0
LINE
  5
112F
330
70
100
AcDbEntity
  8
0
100
AcDbLine
 10
547.1606884873366
 20
322.3364261543681
 30
0.0
 11
547.1606884873366
 21
333.4364261543681
 31
0.0
  0
LINE
  5
1130
330
70
100
AcDbEntity
  8
0
100
AcDbLine
 10
540.8356884873369
 20
335.5864261543681
 30
0.0
 11
528.8606884873366
 21
335.586426154368
 31
0.0
  0
LINE
  5
1131
330
70
100
AcDbEntity
  8
0
100
AcDbLine
 10
528.1106884873365
 20
334.836426154368
 30
0.0
 11
528.1106884873365
 21
322.336426154368
 31
0.0
  0
ARC
  5
1132
330
70
100
AcDbEntity
  8
0
100
AcDbCircle
 10
528.8606884873366
 20
334.836426154368
 30
0.0
 40
0.75
100
AcDbArc
 50
90.0
 51
180.0
  0
LINE
  5
1133
330
70
100
AcDbEntity
  8
0
100
AcDbLine
 10
528.8606884873366
 20
321.586426154368
 30
0.0
 11
541.3606884873366
 21
321.586426154368
 31
0.0
  0
ARC
  5
1134
330
70
100
AcDbEntity
  8
0
100
AcDbCircle
 10
528.8606884873366
 20
322.336426154368
 30
0.0
 40
0.75
100
AcDbArc
 50
180.0
 51
270.0
  0
LINE
  5
1135
330
70
100
AcDbEntity
  8
0
100
AcDbLine
 10
542.1106884873365
 20
322.336426154368
 30
0.0
 11
542.1106884873364
 21
333.4364261543681
 31
0.0
  0
ARC
  5
1136
330
70
100
AcDbEntity
  8
0
100
AcDbCircle
 10
541.3606884873366
 20
322.336426154368
 30
0.0
 40
0.75
100
AcDbArc
 50
270.0
 51
0.0
  0
LINE
  5
1137
330
70
100
AcDbEntity
  8
0
100
AcDbLine
 10
415.0856884873369
 20
335.5864261543681
 30
0.0
 11
427.0606884873365
 21
335.5864261543681
 31
0.0
  0
ARC
  5
1138
330
70
100
AcDbEntity
  8
0
100
AcDbCircle
 10
427.0606884873365
 20
334.8364261543681
 30
0.0
 40
0.75
100
AcDbArc
 50
0.0
 51
90.0
  0
LINE
  5
1139
330
70
100
AcDbEntity
  8
0
100
AcDbLine
 10
427.8106884873365
 20
334.8364261543681
 30
0.0
 11
427.8106884873365
 21
322.3364261543681
 31
0.0
  0
ARC
  5
113A
330
70
100
AcDbEntity
  8
0
100
AcDbCircle
 10
427.0606884873365
 20
322.3364261543681
 30
0.0
 40
0.75
100
AcDbArc
 50
270.0
 51
0.0
  0
LINE
  5
113B
330
70
100
AcDbEntity
  8
0
100
AcDbLine
 10
427.0606884873365
 20
321.5864261543681
 30
0.0
 11
414.5606884873366
 21
321.5864261543681
 31
0.0
  0
ARC
  5
113C
330
70
100
AcDbEntity
  8
0
100
AcDbCircle
 10
414.5606884873366
 20
322.3364261543681
 30
0.0
 40
0.75
100
AcDbArc
 50
180.0
 51
270.0
  0
LINE
  5
113D
330
70
100
AcDbEntity
  8
0
100
AcDbLine
 10
413.8106884873366
 20
322.3364261543681
 30
0.0
 11
413.8106884873366
 21
333.4364261543681
 31
0.0
  0
LINE
  5
113E
330
70
100
AcDbEntity
  8
0
100
AcDbLine
 10
407.4856884873367
 20
335.5864261543681
 30
0.0
 11
395.5106884873367
 21
335.586426154368
 31
0.0
  0
ARC
  5
113F
330
70
100
AcDbEntity
  8
0
100
AcDbCircle
 10
395.5106884873367
 20
334.836426154368
 30
0.0
 40
0.75
100
AcDbArc
 50
90.0
 51
180.0
  0
LINE
  5
1140
330
70
100
AcDbEntity
  8
0
100
AcDbLine
 10
394.7606884873366
 20
334.836426154368
 30
0.0
 11
394.7606884873366
 21
322.336426154368
 31
0.0
  0
LINE
  5
1141
330
70
100
AcDbEntity
  8
0
100
AcDbLine
 10
395.5106884873367
 20
321.586426154368
 30
0.0
 11
408.0106884873366
 21
321.586426154368
 31
0.0
  0
ARC
  5
1142
330
70
100
AcDbEntity
  8
0
100
AcDbCircle
 10
395.5106884873367
 20
322.336426154368
 30
0.0
 40
0.75
100
AcDbArc
 50
180.0
 51
270.0
  0
LINE
  5
1143
330
70
100
AcDbEntity
  8
0
100
AcDbLine
 10
408.7606884873366
 20
322.336426154368
 30
0.0
 11
408.7606884873364
 21
333.4364261543681
 31
0.0
  0
ARC
  5
1144
330
70
100
AcDbEntity
  8
0
100
AcDbCircle
 10
408.0106884873366
 20
322.336426154368
 30
0.0
 40
0.75
100
AcDbArc
 50
270.0
 51
0.0000000000016284
  0
ARC
  5
1145
330
70
100
AcDbEntity
  8
0
100
AcDbCircle
 10
403.7606884873438
 20
243.5864261543677
 30
0.0
 40
1.5
100
AcDbArc
 50
270.0
 51
0.0
  0
ARC
  5
1146
330
70
100
AcDbEntity
  8
0
100
AcDbCircle
 10
540.8356884873366
 20
337.3864261543685
 30
0.0
 40
1.5
100
AcDbArc
 50
0.0
 51
90.0
  0
ARC
  5
1147
330
70
100
AcDbEntity
  8
0
100
AcDbCircle
 10
544.6356884873368
 20
335.6864261543683
 30
0.0
 40
2.100000000000109
100
AcDbArc
 50
232.1363536382847
 51
307.8636463617152
  0
ARC
  5
1148
330
70
100
AcDbEntity
  8
0
100
AcDbCircle
 10
546.3849740557894
 20
333.4364261543681
 30
0.0
 40
0.75
100
AcDbArc
 50
90.00000000000651
 51
127.8636463617152
  0
ARC
  5
1149
330
70
100
AcDbEntity
  8
0
100
AcDbCircle
 10
542.8864029188842
 20
333.4364261543681
 30
0.0
 40
0.75
100
AcDbArc
 50
52.13635363828476
 51
90.0
  0
LINE
  5
114A
330
70
100
AcDbEntity
  8
0
100
AcDbLine
 10
546.9356884873369
 20
337.0864261543681
 30
0.0
 11
546.9356884873369
 21
337.3864261543683
 31
0.0
  0
ARC
  5
114B
330
70
100
AcDbEntity
  8
0
100
AcDbCircle
 10
548.435688487337
 20
337.3864261543683
 30
0.0
 40
1.5
100
AcDbArc
 50
90.0
 51
180.0
  0
LINE
  5
114C
330
70
100
AcDbEntity
  8
0
100
AcDbLine
 10
542.3356884873369
 20
337.0864261543681
 30
0.0
 11
542.3356884873369
 21
337.3864261543683
 31
0.0
  0
ARC
  5
114D
330
70
100
AcDbEntity
  8
0
100
AcDbCircle
 10
548.435688487337
 20
337.0864261543681
 30
0.0
 40
1.5
100
AcDbArc
 50
179.9999999999967
 51
270.0
  0
ARC
  5
114E
330
70
100
AcDbEntity
  8
0
100
AcDbCircle
 10
546.4106884873366
 20
333.4364261543681
 30
0.0
 40
0.75
100
AcDbArc
 50
0.0
 51
90.0
  0
ARC
  5
114F
330
70
100
AcDbEntity
  8
0
100
AcDbCircle
 10
540.8356884873369
 20
337.0864261543681
 30
0.0
 40
1.5
100
AcDbArc
 50
270.0
 51
0.0
  0
ARC
  5
1150
330
70
100
AcDbEntity
  8
0
100
AcDbCircle
 10
542.8606884873365
 20
333.4364261543681
 30
0.0
 40
0.75
100
AcDbArc
 50
90.0
 51
180.0
  0
LINE
  5
1151
330
70
100
AcDbEntity
  8
0
100
AcDbLine
 10
542.8606884873365
 20
334.1864261543681
 30
0.0
 11
542.8864029188842
 21
334.1864261543681
 31
0.0
  0
LINE
  5
1152
330
70
100
AcDbEntity
  8
0
100
AcDbLine
 10
546.4106884873366
 20
334.1864261543681
 30
0.0
 11
546.3849740557893
 21
334.1864261543681
 31
0.0
  0
ARC
  5
1153
330
70
100
AcDbEntity
  8
0
100
AcDbCircle
 10
407.4856884873367
 20
337.3864261543685
 30
0.0
 40
1.5
100
AcDbArc
 50
0.0
 51
90.0
  0
ARC
  5
1154
330
70
100
AcDbEntity
  8
0
100
AcDbCircle
 10
411.2856884873368
 20
335.6864261543683
 30
0.0
 40
2.100000000000109
100
AcDbArc
 50
232.1363536382847
 51
307.8636463617152
  0
ARC
  5
1155
330
70
100
AcDbEntity
  8
0
100
AcDbCircle
 10
413.0349740557894
 20
333.4364261543681
 30
0.0
 40
0.75
100
AcDbArc
 50
90.00000000000651
 51
127.8636463617152
  0
ARC
  5
1156
330
70
100
AcDbEntity
  8
0
100
AcDbCircle
 10
409.5364029188841
 20
333.4364261543681
 30
0.0
 40
0.75
100
AcDbArc
 50
52.13635363828476
 51
90.0
  0
LINE
  5
1157
330
70
100
AcDbEntity
  8
0
100
AcDbLine
 10
413.5856884873369
 20
337.0864261543681
 30
0.0
 11
413.5856884873369
 21
337.3864261543683
 31
0.0
  0
ARC
  5
1158
330
70
100
AcDbEntity
  8
0
100
AcDbCircle
 10
415.0856884873369
 20
337.3864261543683
 30
0.0
 40
1.5
100
AcDbArc
 50
90.0
 51
180.0
  0
LINE
  5
1159
330
70
100
AcDbEntity
  8
0
100
AcDbLine
 10
408.9856884873368
 20
337.0864261543681
 30
0.0
 11
408.9856884873368
 21
337.3864261543683
 31
0.0
  0
ARC
  5
115A
330
70
100
AcDbEntity
  8
0
100
AcDbCircle
 10
415.0856884873369
 20
337.0864261543681
 30
0.0
 40
1.5
100
AcDbArc
 50
179.9999999999967
 51
270.0
  0
ARC
  5
115B
330
70
100
AcDbEntity
  8
0
100
AcDbCircle
 10
413.0606884873365
 20
333.4364261543681
 30
0.0
 40
0.75
100
AcDbArc
 50
0.0
 51
90.0
  0
ARC
  5
115C
330
70
100
AcDbEntity
  8
0
100
AcDbCircle
 10
407.4856884873367
 20
337.0864261543681
 30
0.0
 40
1.5
100
AcDbArc
 50
270.0
 51
0.0
  0
ARC
  5
115D
330
70
100
AcDbEntity
  8
0
100
AcDbCircle
 10
409.5106884873364
 20
333.4364261543681
 30
0.0
 40
0.75
100
AcDbArc
 50
90.0
 51
180.0
  0
LINE
  5
115E
330
70
100
AcDbEntity
  8
0
100
AcDbLine
 10
409.5106884873364
 20
334.1864261543681
 30
0.0
 11
409.5364029188841
 21
334.1864261543681
 31
0.0
  0
LINE
  5
115F
330
70
100
AcDbEntity
  8
0
100
AcDbLine
 10
413.0606884873365
 20
334.1864261543681
 30
0.0
 11
413.0349740557893
 21
334.1864261543681
 31
0.0
  0
LINE
  5
1160
330
70
100
AcDbEntity
  8
0
100
AcDbLine
 10
405.2606884873439
 20
245.8864261543679
 30
0.0
 11
405.2606884873439
 21
243.5864261543677
 31
0.0
  0
LINE
  5
1161
330
70
100
AcDbEntity
  8
0
100
AcDbLine
 10
550.6606884873356
 20
245.8864261543673
 30
0.0
 11
550.6606884873355
 21
243.5869249847962
 31
0.0
  0
ARC
  5
1162
330
70
100
AcDbEntity
  8
0
100
AcDbCircle
 10
548.3606884873356
 20
245.8864261543675
 30
0.0
 40
2.299999999999998
100
AcDbArc
 50
359.9999999999951
 51
90.0
  0
ARC
  5
1163
330
70
100
AcDbEntity
  8
0
100
AcDbCircle
 10
552.1606884873356
 20
243.5869249847962
 30
0.0
 40
1.5
100
AcDbArc
 50
180.0
 51
270.0190507509682
  0
ARC
  5
1164
330
70
100
AcDbEntity
  8
0
100
AcDbCircle
 10
338.1106884873362
 20
302.5364261543679
 30
0.0
 40
2.300000000000002
100
AcDbArc
 50
301.9011439248193
 51
58.09885607518063
  0
ARC
  5
1165
330
70
100
AcDbEntity
  8
0
100
AcDbCircle
 10
344.6106884873361
 20
292.0942041686026
 30
0.0
 40
10.0
100
AcDbArc
 50
121.9011439248193
 51
180.0
  0
ARC
  5
1166
330
70
100
AcDbEntity
  8
0
100
AcDbCircle
 10
344.6106884873362
 20
312.9786481401333
 30
0.0
 40
10.0
100
AcDbArc
 50
180.0
 51
238.0988560751806
  0
ARC
  5
1167
330
70
100
AcDbEntity
  8
0
100
AcDbCircle
 10
617.8106884873366
 20
302.5364261543679
 30
0.0
 40
2.300000000000002
100
AcDbArc
 50
121.9011439248221
 51
238.0988560751778
  0
ARC
  5
1168
330
70
100
AcDbEntity
  8
0
100
AcDbCircle
 10
611.3106884873366
 20
292.0942041686029
 30
0.0
 40
10.0
100
AcDbArc
 50
0.0
 51
58.09885607518063
  0
ARC
  5
1169
330
70
100
AcDbEntity
  8
0
100
AcDbCircle
 10
611.3106884873366
 20
312.9786481401329
 30
0.0
 40
10.0
100
AcDbArc
 50
301.9011439248221
 51
0.0
  0
ARC
  5
116A
330
70
100
AcDbEntity
  8
0
100
AcDbCircle
 10
403.2606884873437
 20
238.0864261543677
 30
0.0
 40
1.0
100
AcDbArc
 50
270.0
 51
0.0
  0
ARC
  5
116B
330
70
100
AcDbEntity
  8
0
100
AcDbCircle
 10
343.1106884873363
 20
238.0864261543679
 30
0.0
 40
1.0
100
AcDbArc
 50
180.0
 51
270.0
  0
LINE
  5
116C
330
70
100
AcDbEntity
  8
0
100
AcDbLine
 10
342.1106884873363
 20
238.0864261543679
 30
0.0
 11
342.1106884873363
 21
239.5864261543678
 31
0.0
  0
LINE
  5
116D
330
70
100
AcDbEntity
  8
0
100
AcDbLine
 10
404.2606884873435
 20
238.0864261543677
 30
0.0
 11
404.2606884873435
 21
239.5864261543678
 31
0.0
  0
ARC
  5
116E
330
70
100
AcDbEntity
  8
0
100
AcDbCircle
 10
403.2606884873437
 20
239.5864261543678
 30
0.0
 40
1.0
100
AcDbArc
 50
0.0
 51
90.0
  0
LINE
  5
116F
330
70
100
AcDbEntity
  8
0
100
AcDbLine
 10
403.2606884873437
 20
240.5864261543677
 30
0.0
 11
387.2606884873435
 21
240.5862664978506
 31
0.0
  0
ARC
  5
1170
330
70
100
AcDbEntity
  8
0
100
AcDbCircle
 10
387.2606884873435
 20
241.3362664978506
 30
0.0
 40
0.75
100
AcDbArc
 50
180.0
 51
270.0
  0
LINE
  5
1171
330
70
100
AcDbEntity
  8
0
100
AcDbLine
 10
386.5106884873435
 20
241.3362664978506
 30
0.0
 11
386.5106884873435
 21
241.3362664978506
 31
0.0
  0
LINE
  5
1172
330
70
100
AcDbEntity
  8
0
100
AcDbLine
 10
343.1106884873363
 20
240.5864261543678
 30
0.0
 11
359.1106884873363
 21
240.5864261543678
 31
0.0
  0
ARC
  5
1173
330
70
100
AcDbEntity
  8
0
100
AcDbCircle
 10
359.1106884873363
 20
241.3364261543678
 30
0.0
 40
0.75
100
AcDbArc
 50
270.0
 51
0.0
  0
ARC
  5
1174
330
70
100
AcDbEntity
  8
0
100
AcDbCircle
 10
343.1106884873363
 20
239.5864261543678
 30
0.0
 40
1.0
100
AcDbArc
 50
90.0
 51
180.0
  0
LINE
  5
1175
330
70
100
AcDbEntity
  8
0
100
AcDbLine
 10
359.8606884873363
 20
241.3364261543678
 30
0.0
 11
359.8606884873363
 21
241.3364261543678
 31
0.0
  0
ARC
  5
1176
330
70
100
AcDbEntity
  8
0
100
AcDbCircle
 10
359.1106884873363
 20
241.3364261543678
 30
0.0
 40
0.75
100
AcDbArc
 50
0.0
 51
90.0
  0
ARC
  5
1177
330
70
100
AcDbEntity
  8
0
100
AcDbCircle
 10
387.2606884873435
 20
241.3362664978506
 30
0.0
 40
0.75
100
AcDbArc
 50
90.0
 51
180.0
  0
LINE
  5
1178
330
70
100
AcDbEntity
  8
0
100
AcDbLine
 10
343.1106884873363
 20
237.0864261543677
 30
0.0
 11
358.9028316302543
 21
237.0864261543677
 31
0.0
  0
LINE
  5
1179
330
70
100
AcDbEntity
  8
0
100
AcDbLine
 10
387.2606884873435
 20
242.0862664978506
 30
0.0
 11
403.7606884873438
 21
242.0864261543678
 31
0.0
  0
LINE
  5
117A
330
70
100
AcDbEntity
  8
0
100
AcDbLine
 10
403.2606884873437
 20
237.0864261543677
 30
0.0
 11
387.4685453444257
 21
237.0864261543677
 31
0.0
  0
ARC
  5
117B
330
70
100
AcDbEntity
  8
0
100
AcDbCircle
 10
373.18568848734
 20
214.5864261543676
 30
0.0
 40
25.50000000000011
100
AcDbArc
 50
66.2758308500198
 51
113.7241691499802
  0
ARC
  5
117C
330
70
100
AcDbEntity
  8
0
100
AcDbCircle
 10
387.4685453444257
 20
247.0864261543677
 30
0.0
 40
10.0
100
AcDbArc
 50
246.2758308500204
 51
270.0
  0
ARC
  5
117D
330
70
100
AcDbEntity
  8
0
100
AcDbCircle
 10
358.9028316302544
 20
247.0864261543677
 30
0.0
 40
10.0
100
AcDbArc
 50
270.0
 51
293.7241691499803
  0
ARC
  5
117E
330
70
100
AcDbEntity
  8
0
100
AcDbCircle
 10
508.0356884873403
 20
238.0864261543677
 30
0.0
 40
1.0
100
AcDbArc
 50
270.0
 51
0.0
  0
ARC
  5
117F
330
70
100
AcDbEntity
  8
0
100
AcDbCircle
 10
447.8856884873329
 20
238.0864261543679
 30
0.0
 40
1.0
100
AcDbArc
 50
180.0
 51
270.0
  0
LINE
  5
1180
330
70
100
AcDbEntity
  8
0
100
AcDbLine
 10
446.8856884873328
 20
238.0864261543679
 30
0.0
 11
446.8856884873328
 21
239.5864261543678
 31
0.0
  0
LINE
  5
1181
330
70
100
AcDbEntity
  8
0
100
AcDbLine
 10
509.03568848734
 20
238.0864261543677
 30
0.0
 11
509.03568848734
 21
239.5864261543678
 31
0.0
  0
ARC
  5
1182
330
70
100
AcDbEntity
  8
0
100
AcDbCircle
 10
508.0356884873403
 20
239.5864261543678
 30
0.0
 40
1.0
100
AcDbArc
 50
0.0
 51
90.0
  0
LINE
  5
1183
330
70
100
AcDbEntity
  8
0
100
AcDbLine
 10
508.0356884873403
 20
240.5864261543677
 30
0.0
 11
492.0356884873492
 21
240.5862621915386
 31
0.0
  0
ARC
  5
1184
330
70
100
AcDbEntity
  8
0
100
AcDbCircle
 10
492.0356884873492
 20
241.3362621915386
 30
0.0
 40
0.75
100
AcDbArc
 50
180.0
 51
270.0
  0
LINE
  5
1185
330
70
100
AcDbEntity
  8
0
100
AcDbLine
 10
491.2856884873492
 20
241.3362621915386
 30
0.0
 11
491.2856884873492
 21
241.3362621915386
 31
0.0
  0
LINE
  5
1186
330
70
100
AcDbEntity
  8
0
100
AcDbLine
 10
447.8856884873329
 20
240.5864261543678
 30
0.0
 11
463.8856884873328
 21
240.5864261543678
 31
0.0
  0
ARC
  5
1187
330
70
100
AcDbEntity
  8
0
100
AcDbCircle
 10
463.8856884873328
 20
241.3364261543678
 30
0.0
 40
0.75
100
AcDbArc
 50
270.0
 51
0.0
  0
ARC
  5
1188
330
70
100
AcDbEntity
  8
0
100
AcDbCircle
 10
447.8856884873329
 20
239.5864261543678
 30
0.0
 40
1.0
100
AcDbArc
 50
90.0
 51
180.0
  0
LINE
  5
1189
330
70
100
AcDbEntity
  8
0
100
AcDbLine
 10
464.6356884873329
 20
241.3364261543678
 30
0.0
 11
464.6356884873329
 21
241.3364261543678
 31
0.0
  0
ARC
  5
118A
330
70
100
AcDbEntity
  8
0
100
AcDbCircle
 10
463.8856884873328
 20
241.3364261543678
 30
0.0
 40
0.75
100
AcDbArc
 50
0.0
 51
90.0
  0
ARC
  5
118B
330
70
100
AcDbEntity
  8
0
100
AcDbCircle
 10
492.0356884873492
 20
241.3362621915386
 30
0.0
 40
0.75
100
AcDbArc
 50
90.0
 51
180.0
  0
LINE
  5
118C
330
70
100
AcDbEntity
  8
0
100
AcDbLine
 10
447.8856884873329
 20
237.0864261543677
 30
0.0
 11
463.6778316302509
 21
237.0864261543677
 31
0.0
  0
LINE
  5
118D
330
70
100
AcDbEntity
  8
0
100
AcDbLine
 10
508.0356884873403
 20
237.0864261543677
 30
0.0
 11
492.2435453444222
 21
237.0864261543677
 31
0.0
  0
ARC
  5
118E
330
70
100
AcDbEntity
  8
0
100
AcDbCircle
 10
477.9606884873365
 20
214.5864261543676
 30
0.0
 40
25.50000000000011
100
AcDbArc
 50
66.2758308500198
 51
113.7241691499802
  0
ARC
  5
118F
330
70
100
AcDbEntity
  8
0
100
AcDbCircle
 10
492.2435453444222
 20
247.0864261543677
 30
0.0
 40
10.0
100
AcDbArc
 50
246.2758308500198
 51
270.0
  0
ARC
  5
1190
330
70
100
AcDbEntity
  8
0
100
AcDbCircle
 10
463.6778316302509
 20
247.0864261543677
 30
0.0
 40
10.0
100
AcDbArc
 50
270.0
 51
293.7241691499803
  0
ARC
  5
1191
330
70
100
AcDbEntity
  8
0
100
AcDbCircle
 10
612.8106884873431
 20
238.0864261543677
 30
0.0
 40
1.0
100
AcDbArc
 50
270.0
 51
0.0
  0
ARC
  5
1192
330
70
100
AcDbEntity
  8
0
100
AcDbCircle
 10
552.6606884873356
 20
238.0864261543679
 30
0.0
 40
1.0
100
AcDbArc
 50
180.0
 51
270.0
  0
LINE
  5
1193
330
70
100
AcDbEntity
  8
0
100
AcDbLine
 10
551.6606884873356
 20
238.0864261543679
 30
0.0
 11
551.6606884873356
 21
239.5864261543678
 31
0.0
  0
LINE
  5
1194
330
70
100
AcDbEntity
  8
0
100
AcDbLine
 10
613.8106884873427
 20
238.0864261543677
 30
0.0
 11
613.8106884873427
 21
239.5864261543678
 31
0.0
  0
ARC
  5
1195
330
70
100
AcDbEntity
  8
0
100
AcDbCircle
 10
612.8106884873431
 20
239.5864261543678
 30
0.0
 40
1.0
100
AcDbArc
 50
0.0
 51
90.0
  0
LINE
  5
1196
330
70
100
AcDbEntity
  8
0
100
AcDbLine
 10
612.8106884873431
 20
240.5864261543677
 30
0.0
 11
596.8106884873428
 21
240.5862664978506
 31
0.0
  0
ARC
  5
1197
330
70
100
AcDbEntity
  8
0
100
AcDbCircle
 10
596.8106884873428
 20
241.3362664978506
 30
0.0
 40
0.75
100
AcDbArc
 50
180.0
 51
270.0
  0
LINE
  5
1198
330
70
100
AcDbEntity
  8
0
100
AcDbLine
 10
596.0606884873429
 20
241.3362664978506
 30
0.0
 11
596.0606884873429
 21
241.3362664978506
 31
0.0
  0
LINE
  5
1199
330
70
100
AcDbEntity
  8
0
100
AcDbLine
 10
552.6606884873356
 20
240.5864261543678
 30
0.0
 11
568.6606884873356
 21
240.5864261543678
 31
0.0
  0
ARC
  5
119A
330
70
100
AcDbEntity
  8
0
100
AcDbCircle
 10
568.6606884873356
 20
241.3364261543678
 30
0.0
 40
0.75
100
AcDbArc
 50
270.0
 51
0.0
  0
ARC
  5
119B
330
70
100
AcDbEntity
  8
0
100
AcDbCircle
 10
552.6606884873356
 20
239.5864261543678
 30
0.0
 40
1.0
100
AcDbArc
 50
90.0
 51
180.0
  0
LINE
  5
119C
330
70
100
AcDbEntity
  8
0
100
AcDbLine
 10
569.4106884873356
 20
241.3364261543678
 30
0.0
 11
569.4106884873356
 21
241.3364261543678
 31
0.0
  0
ARC
  5
119D
330
70
100
AcDbEntity
  8
0
100
AcDbCircle
 10
568.6606884873356
 20
241.3364261543678
 30
0.0
 40
0.75
100
AcDbArc
 50
0.0
 51
90.0
  0
ARC
  5
119E
330
70
100
AcDbEntity
  8
0
100
AcDbCircle
 10
596.8106884873428
 20
241.3362664978506
 30
0.0
 40
0.75
100
AcDbArc
 50
90.0
 51
180.0
  0
LINE
  5
119F
330
70
100
AcDbEntity
  8
0
100
AcDbLine
 10
552.6606884873356
 20
237.0864261543677
 30
0.0
 11
568.4528316302536
 21
237.0864261543677
 31
0.0
  0
LINE
  5
11A0
330
70
100
AcDbEntity
  8
0
100
AcDbLine
 10
612.8106884873431
 20
237.0864261543677
 30
0.0
 11
597.018545344425
 21
237.0864261543677
 31
0.0
  0
ARC
  5
11A1
330
70
100
AcDbEntity
  8
0
100
AcDbCircle
 10
582.7356884873393
 20
214.5864261543676
 30
0.0
 40
25.50000000000011
100
AcDbArc
 50
66.27583085002045
 51
113.7241691499795
  0
ARC
  5
11A2
330
70
100
AcDbEntity
  8
0
100
AcDbCircle
 10
597.018545344425
 20
247.0864261543677
 30
0.0
 40
10.0
100
AcDbArc
 50
246.2758308500204
 51
270.0
  0
ARC
  5
11A3
330
70
100
AcDbEntity
  8
0
100
AcDbCircle
 10
568.4528316302536
 20
247.0864261543677
 30
0.0
 40
10.0
100
AcDbArc
 50
270.0
 51
293.7241691499796
  0
LINE
  5
11A4
330
70
100
AcDbEntity
  8
0
100
AcDbLine
 10
552.1611872348205
 20
242.0869250677125
 30
0.0
 11
568.6606884873356
 21
242.0864261543678
 31
0.0
  0
ARC
  5
11A5
330
70
100
AcDbEntity
  8
0
100
AcDbCircle
 10
343.1106884873362
 20
342.886426154368
 30
0.0
 40
1.0
100
AcDbArc
 50
90.0
 51
180.0
  0
ARC
  5
11A6
330
70
100
AcDbEntity
  8
0
100
AcDbCircle
 10
403.2606884873437
 20
342.8864261543679
 30
0.0
 40
1.0
100
AcDbArc
 50
0.0
 51
90.0
  0
LINE
  5
11A7
330
70
100
AcDbEntity
  8
0
100
AcDbLine
 10
404.2606884873436
 20
342.8864261543679
 30
0.0
 11
404.2606884873436
 21
341.3864261543679
 31
0.0
  0
LINE
  5
11A8
330
70
100
AcDbEntity
  8
0
100
AcDbLine
 10
342.1106884873365
 20
342.886426154368
 30
0.0
 11
342.1106884873365
 21
341.3864261543679
 31
0.0
  0
ARC
  5
11A9
330
70
100
AcDbEntity
  8
0
100
AcDbCircle
 10
343.1106884873362
 20
341.3864261543679
 30
0.0
 40
1.0
100
AcDbArc
 50
180.0
 51
270.0
  0
LINE
  5
11AA
330
70
100
AcDbEntity
  8
0
100
AcDbLine
 10
343.1106884873362
 20
340.386426154368
 30
0.0
 11
359.1106884873365
 21
340.3865858108851
 31
0.0
  0
LINE
  5
11AB
330
70
100
AcDbEntity
  8
0
100
AcDbLine
 10
403.2606884873437
 20
340.3864261543679
 30
0.0
 11
387.2606884873437
 21
340.3864261543679
 31
0.0
  0
ARC
  5
11AC
330
70
100
AcDbEntity
  8
0
100
AcDbCircle
 10
403.2606884873437
 20
341.3864261543679
 30
0.0
 40
1.0
100
AcDbArc
 50
270.0
 51
0.0
  0
LINE
  5
11AD
330
70
100
AcDbEntity
  8
0
100
AcDbLine
 10
403.2606884873437
 20
343.886426154368
 30
0.0
 11
387.4685453444257
 21
343.886426154368
 31
0.0
  0
LINE
  5
11AE
330
70
100
AcDbEntity
  8
0
100
AcDbLine
 10
343.1106884873362
 20
343.886426154368
 30
0.0
 11
358.9028316302542
 21
343.886426154368
 31
0.0
  0
ARC
  5
11AF
330
70
100
AcDbEntity
  8
0
100
AcDbCircle
 10
373.1856884873399
 20
366.3864261543681
 30
0.0
 40
25.50000000000011
100
AcDbArc
 50
246.2758308500204
 51
293.7241691499796
  0
ARC
  5
11B0
330
70
100
AcDbEntity
  8
0
100
AcDbCircle
 10
358.9028316302542
 20
333.886426154368
 30
0.0
 40
10.0
100
AcDbArc
 50
66.27583085002045
 51
90.0
  0
ARC
  5
11B1
330
70
100
AcDbEntity
  8
0
100
AcDbCircle
 10
387.4685453444256
 20
333.886426154368
 30
0.0
 40
10.0
100
AcDbArc
 50
90.0
 51
113.7241691499795
  0
ARC
  5
11B2
330
70
100
AcDbEntity
  8
0
100
AcDbCircle
 10
447.8856884873327
 20
342.8864261543681
 30
0.0
 40
1.0
100
AcDbArc
 50
90.0
 51
180.0
  0
ARC
  5
11B3
330
70
100
AcDbEntity
  8
0
100
AcDbCircle
 10
508.0356884873402
 20
342.8864261543679
 30
0.0
 40
1.0
100
AcDbArc
 50
0.0
 51
90.0
  0
LINE
  5
11B4
330
70
100
AcDbEntity
  8
0
100
AcDbLine
 10
509.0356884873401
 20
342.8864261543679
 30
0.0
 11
509.0356884873401
 21
341.3864261543679
 31
0.0
  0
LINE
  5
11B5
330
70
100
AcDbEntity
  8
0
100
AcDbLine
 10
446.8856884873328
 20
342.8864261543681
 30
0.0
 11
446.8856884873328
 21
341.386426154368
 31
0.0
  0
ARC
  5
11B6
330
70
100
AcDbEntity
  8
0
100
AcDbCircle
 10
447.8856884873327
 20
341.386426154368
 30
0.0
 40
1.0
100
AcDbArc
 50
180.0
 51
270.0
  0
LINE
  5
11B7
330
70
100
AcDbEntity
  8
0
100
AcDbLine
 10
447.8856884873327
 20
340.3864261543681
 30
0.0
 11
463.8856884873328
 21
340.3865858108852
 31
0.0
  0
ARC
  5
11B8
330
70
100
AcDbEntity
  8
0
100
AcDbCircle
 10
463.8856884873328
 20
339.6365858108852
 30
0.0
 40
0.75
100
AcDbArc
 50
0.0
 51
90.0
  0
LINE
  5
11B9
330
70
100
AcDbEntity
  8
0
100
AcDbLine
 10
464.6356884873329
 20
339.6365858108852
 30
0.0
 11
464.6356884873329
 21
339.6365858108852
 31
0.0
  0
LINE
  5
11BA
330
70
100
AcDbEntity
  8
0
100
AcDbLine
 10
508.0356884873402
 20
340.3864261543679
 30
0.0
 11
492.0356884873402
 21
340.386426154368
 31
0.0
  0
ARC
  5
11BB
330
70
100
AcDbEntity
  8
0
100
AcDbCircle
 10
492.0356884873402
 20
339.636426154368
 30
0.0
 40
0.75
100
AcDbArc
 50
90.0
 51
180.0
  0
ARC
  5
11BC
330
70
100
AcDbEntity
  8
0
100
AcDbCircle
 10
508.0356884873402
 20
341.3864261543679
 30
0.0
 40
1.0
100
AcDbArc
 50
270.0
 51
0.0
  0
LINE
  5
11BD
330
70
100
AcDbEntity
  8
0
100
AcDbLine
 10
491.2856884873401
 20
339.636426154368
 30
0.0
 11
491.2856884873401
 21
339.636426154368
 31
0.0
  0
ARC
  5
11BE
330
70
100
AcDbEntity
  8
0
100
AcDbCircle
 10
492.0356884873402
 20
339.636426154368
 30
0.0
 40
0.75
100
AcDbArc
 50
180.0
 51
270.0
  0
ARC
  5
11BF
330
70
100
AcDbEntity
  8
0
100
AcDbCircle
 10
463.8856884873328
 20
339.6365858108852
 30
0.0
 40
0.75
100
AcDbArc
 50
270.0
 51
0.0
  0
LINE
  5
11C0
330
70
100
AcDbEntity
  8
0
100
AcDbLine
 10
508.0356884873402
 20
343.8864261543681
 30
0.0
 11
492.243545344422
 21
343.8864261543681
 31
0.0
  0
LINE
  5
11C1
330
70
100
AcDbEntity
  8
0
100
AcDbLine
 10
447.8856884873327
 20
343.8864261543681
 30
0.0
 11
463.6778316302507
 21
343.8864261543681
 31
0.0
  0
ARC
  5
11C2
330
70
100
AcDbEntity
  8
0
100
AcDbCircle
 10
477.9606884873364
 20
366.3864261543682
 30
0.0
 40
25.50000000000011
100
AcDbArc
 50
246.2758308500204
 51
293.7241691499796
  0
ARC
  5
11C3
330
70
100
AcDbEntity
  8
0
100
AcDbCircle
 10
463.6778316302507
 20
333.8864261543681
 30
0.0
 40
10.0
100
AcDbArc
 50
66.27583085002045
 51
90.0
  0
ARC
  5
11C4
330
70
100
AcDbEntity
  8
0
100
AcDbCircle
 10
492.243545344422
 20
333.8864261543681
 30
0.0
 40
10.0
100
AcDbArc
 50
90.0
 51
113.7241691499795
  0
ARC
  5
11C5
330
70
100
AcDbEntity
  8
0
100
AcDbCircle
 10
552.6606884873356
 20
342.886426154368
 30
0.0
 40
1.0
100
AcDbArc
 50
90.0
 51
180.0
  0
ARC
  5
11C6
330
70
100
AcDbEntity
  8
0
100
AcDbCircle
 10
612.8106884873432
 20
342.8864261543679
 30
0.0
 40
1.0
100
AcDbArc
 50
0.0
 51
90.0
  0
LINE
  5
11C7
330
70
100
AcDbEntity
  8
0
100
AcDbLine
 10
613.8106884873431
 20
342.8864261543679
 30
0.0
 11
613.8106884873431
 21
341.3864261543679
 31
0.0
  0
LINE
  5
11C8
330
70
100
AcDbEntity
  8
0
100
AcDbLine
 10
551.6606884873358
 20
342.886426154368
 30
0.0
 11
551.6606884873358
 21
341.3864261543679
 31
0.0
  0
ARC
  5
11C9
330
70
100
AcDbEntity
  8
0
100
AcDbCircle
 10
552.6606884873356
 20
341.3864261543679
 30
0.0
 40
1.0
100
AcDbArc
 50
180.0
 51
270.0
  0
LINE
  5
11CA
330
70
100
AcDbEntity
  8
0
100
AcDbLine
 10
552.6606884873356
 20
340.386426154368
 30
0.0
 11
568.6606884873358
 21
340.3865858108851
 31
0.0
  0
LINE
  5
11CB
330
70
100
AcDbEntity
  8
0
100
AcDbLine
 10
612.8106884873432
 20
340.3864261543679
 30
0.0
 11
596.8106884873431
 21
340.3864261543679
 31
0.0
  0
ARC
  5
11CC
330
70
100
AcDbEntity
  8
0
100
AcDbCircle
 10
612.8106884873432
 20
341.3864261543679
 30
0.0
 40
1.0
100
AcDbArc
 50
270.0
 51
0.0
  0
LINE
  5
11CD
330
70
100
AcDbEntity
  8
0
100
AcDbLine
 10
612.8106884873432
 20
343.886426154368
 30
0.0
 11
597.018545344425
 21
343.886426154368
 31
0.0
  0
LINE
  5
11CE
330
70
100
AcDbEntity
  8
0
100
AcDbLine
 10
552.6606884873356
 20
343.886426154368
 30
0.0
 11
568.4528316302536
 21
343.886426154368
 31
0.0
  0
ARC
  5
11CF
330
70
100
AcDbEntity
  8
0
100
AcDbCircle
 10
582.7356884873393
 20
366.3864261543681
 30
0.0
 40
25.50000000000011
100
AcDbArc
 50
246.2758308500204
 51
293.7241691499796
  0
ARC
  5
11D0
330
70
100
AcDbEntity
  8
0
100
AcDbCircle
 10
568.4528316302536
 20
333.886426154368
 30
0.0
 40
10.0
100
AcDbArc
 50
66.27583085002045
 51
90.0
  0
ARC
  5
11D1
330
70
100
AcDbEntity
  8
0
100
AcDbCircle
 10
597.018545344425
 20
333.886426154368
 30
0.0
 40
10.0
100
AcDbArc
 50
90.0
 51
113.7241691499795
  0
LINE
  5
11D2
330
70
100
AcDbEntity
  8
0
100
AcDbLine
 10
387.2606884873437
 20
338.8864261543679
 30
0.0
 11
407.4856884873367
 21
338.8864261543679
 31
0.0
  0
LINE
  5
11D3
330
70
100
AcDbEntity
  8
0
100
AcDbLine
 10
336.1106884873363
 20
338.886426154368
 30
0.0
 11
359.1106884873365
 21
338.8865858108852
 31
0.0
  0
LINE
  5
11D4
330
70
100
AcDbEntity
  8
0
  6
Continuous
100
AcDbLine
 10
615.1544384873366
 20
299.736426154368
 30
0.0
 11
615.1544384873366
 21
281.236426154368
 31
0.0
  0
ARC
  5
11D5
330
70
100
AcDbEntity
  8
0
  6
Continuous
100
AcDbCircle
 10
614.4044384873366
 20
281.236426154368
 30
0.0
 40
0.75
100
AcDbArc
 50
270.0
 51
0.0
  0
ARC
  5
11D6
330
70
100
AcDbEntity
  8
0
100
AcDbCircle
 10
614.4044384873366
 20
299.736426154368
 30
0.0
 40
0.75
100
AcDbArc
 50
0.0
 51
90.0
  0
LINE
  5
11D7
330
70
100
AcDbEntity
  8
0
  6
Continuous
100
AcDbLine
 10
583.6544384873364
 20
299.736426154368
 30
0.0
 11
583.6544384873374
 21
281.236426154368
 31
0.0
  0
ARC
  5
11D8
330
70
100
AcDbEntity
  8
0
  6
Continuous
100
AcDbCircle
 10
584.4044384873374
 20
281.236426154368
 30
0.0
 40
0.75
100
AcDbArc
 50
180.0000000000032
 51
270.0
  0
ARC
  5
11D9
330
70
100
AcDbEntity
  8
0
100
AcDbCircle
 10
591.6544384873366
 20
297.9864261543678
 30
0.0
 40
0.5
100
AcDbArc
 50
180.0
 51
270.0
  0
LINE
  5
11DA
330
70
100
AcDbEntity
  8
0
  6
Continuous
100
AcDbLine
 10
591.6544384873366
 20
283.486426154368
 30
0.0
 11
607.1544384873363
 21
283.486426154368
 31
0.0
  0
LINE
  5
11DB
330
70
100
AcDbEntity
  8
0
  6
Continuous
100
AcDbLine
 10
584.4044384873363
 20
300.486426154368
 30
0.0
 11
590.4044384873365
 21
300.486426154368
 31
0.0
  0
ARC
  5
11DC
330
70
100
AcDbEntity
  8
0
  6
Continuous
100
AcDbCircle
 10
584.4044384873363
 20
299.736426154368
 30
0.0
 40
0.75
100
AcDbArc
 50
90.0
 51
180.0000000000032
  0
LINE
  5
11DD
330
70
100
AcDbEntity
  8
0
  6
Continuous
100
AcDbLine
 10
614.4044384873366
 20
280.486426154368
 30
0.0
 11
608.4044384873362
 21
280.486426154368
 31
0.0
  0
LINE
  5
11DE
330
70
100
AcDbEntity
  8
0
  6
Continuous
100
AcDbLine
 10
584.4044384873374
 20
280.486426154368
 30
0.0
 11
590.4044384873365
 21
280.486426154368
 31
0.0
  0
ARC
  5
11DF
330
70
100
AcDbEntity
  8
0
100
AcDbCircle
 10
590.4044384873365
 20
281.236426154368
 30
0.0
 40
0.75
100
AcDbArc
 50
270.0
 51
0.0
  0
LINE
  5
11E0
330
70
100
AcDbEntity
  8
0
100
AcDbLine
 10
591.1544384873366
 20
297.9864261543678
 30
0.0
 11
591.1544384873366
 21
299.736426154368
 31
0.0
  0
ARC
  5
11E1
330
70
100
AcDbEntity
  8
0
100
AcDbCircle
 10
590.4044384873365
 20
299.736426154368
 30
0.0
 40
0.75
100
AcDbArc
 50
0.0
 51
90.0
  0
LINE
  5
11E2
330
70
100
AcDbEntity
  8
0
100
AcDbLine
 10
591.1544384873366
 20
282.986426154368
 30
0.0
 11
591.1544384873366
 21
281.236426154368
 31
0.0
  0
ARC
  5
11E3
330
70
100
AcDbEntity
  8
0
100
AcDbCircle
 10
591.6544384873366
 20
282.986426154368
 30
0.0
 40
0.5
100
AcDbArc
 50
90.0
 51
180.0
  0
LINE
  5
11E4
330
70
100
AcDbEntity
  8
0
100
AcDbLine
 10
607.6544384873362
 20
297.986426154368
 30
0.0
 11
607.6544384873362
 21
299.736426154368
 31
0.0
  0
ARC
  5
11E5
330
70
100
AcDbEntity
  8
0
100
AcDbCircle
 10
607.1544384873363
 20
297.986426154368
 30
0.0
 40
0.5
100
AcDbArc
 50
270.0
 51
0.0
  0
LINE
  5
11E6
330
70
100
AcDbEntity
  8
0
100
AcDbLine
 10
607.6544384873362
 20
282.986426154368
 30
0.0
 11
607.6544384873362
 21
281.236426154368
 31
0.0
  0
ARC
  5
11E7
330
70
100
AcDbEntity
  8
0
100
AcDbCircle
 10
608.4044384873362
 20
281.236426154368
 30
0.0
 40
0.75
100
AcDbArc
 50
180.0
 51
270.0
  0
ARC
  5
11E8
330
70
100
AcDbEntity
  8
0
100
AcDbCircle
 10
607.1544384873363
 20
282.986426154368
 30
0.0
 40
0.5
100
AcDbArc
 50
0.0
 51
90.0
  0
LINE
  5
11E9
330
70
100
AcDbEntity
  8
0
100
AcDbLine
 10
608.4044384873362
 20
300.486426154368
 30
0.0
 11
614.4044384873366
 21
300.486426154368
 31
0.0
  0
ARC
  5
11EA
330
70
100
AcDbEntity
  8
0
100
AcDbCircle
 10
608.4044384873362
 20
299.736426154368
 30
0.0
 40
0.75
100
AcDbArc
 50
90.0
 51
180.0
  0
ARC
  5
11EB
330
70
100
AcDbEntity
  8
0
100
AcDbCircle
 10
407.5606884873439
 20
245.8864261543679
 30
0.0
 40
2.299999999999998
100
AcDbArc
 50
90.0
 51
180.0
  0
ARC
  5
11EC
330
70
100
AcDbEntity
  8
0
100
AcDbCircle
 10
359.1106884873365
 20
339.6365858108851
 30
0.0
 40
0.75
100
AcDbArc
 50
0.0
 51
90.0
  0
LINE
  5
11ED
330
70
100
AcDbEntity
  8
0
100
AcDbLine
 10
359.8606884873364
 20
339.6365858108851
 30
0.0
 11
359.8606884873364
 21
339.6365858108851
 31
0.0
  0
ARC
  5
11EE
330
70
100
AcDbEntity
  8
0
100
AcDbCircle
 10
387.2606884873437
 20
339.6364261543679
 30
0.0
 40
0.75
100
AcDbArc
 50
90.0
 51
180.0
  0
LINE
  5
11EF
330
70
100
AcDbEntity
  8
0
100
AcDbLine
 10
386.5106884873437
 20
339.6364261543679
 30
0.0
 11
386.5106884873437
 21
339.6364261543679
 31
0.0
  0
ARC
  5
11F0
330
70
100
AcDbEntity
  8
0
100
AcDbCircle
 10
387.2606884873437
 20
339.6364261543679
 30
0.0
 40
0.75
100
AcDbArc
 50
180.0
 51
270.0
  0
ARC
  5
11F1
330
70
100
AcDbEntity
  8
0
100
AcDbCircle
 10
359.1106884873365
 20
339.6365858108851
 30
0.0
 40
0.75
100
AcDbArc
 50
270.0
 51
0.0
  0
ARC
  5
11F2
330
70
100
AcDbEntity
  8
0
100
AcDbCircle
 10
568.6606884873358
 20
339.6365858108851
 30
0.0
 40
0.75
100
AcDbArc
 50
0.0
 51
90.0
  0
LINE
  5
11F3
330
70
100
AcDbEntity
  8
0
100
AcDbLine
 10
569.4106884873358
 20
339.6365858108851
 30
0.0
 11
569.4106884873358
 21
339.6365858108851
 31
0.0
  0
ARC
  5
11F4
330
70
100
AcDbEntity
  8
0
100
AcDbCircle
 10
596.8106884873431
 20
339.6364261543679
 30
0.0
 40
0.75
100
AcDbArc
 50
90.0
 51
180.0
  0
LINE
  5
11F5
330
70
100
AcDbEntity
  8
0
100
AcDbLine
 10
596.0606884873432
 20
339.6364261543679
 30
0.0
 11
596.0606884873432
 21
339.6364261543679
 31
0.0
  0
ARC
  5
11F6
330
70
100
AcDbEntity
  8
0
100
AcDbCircle
 10
596.8106884873431
 20
339.6364261543679
 30
0.0
 40
0.75
100
AcDbArc
 50
180.0
 51
270.0
  0
ARC
  5
11F7
330
70
100
AcDbEntity
  8
0
100
AcDbCircle
 10
568.6606884873358
 20
339.6365858108851
 30
0.0
 40
0.75
100
AcDbArc
 50
270.0
 51
0.0
  0
LINE
  5
11F8
330
70
100
AcDbEntity
  8
0
  6
Continuous
100
AcDbLine
 10
348.7669384873368
 20
278.4364261543684
 30
0.0
 11
364.2669384873366
 21
278.4364261543686
 31
0.0
  0
LINE
  5
11F9
330
70
100
AcDbEntity
  8
0
  6
Continuous
100
AcDbLine
 10
372.2669384873369
 20
280.6864261543686
 30
0.0
 11
372.2669384873369
 21
262.1864261543686
 31
0.0
  0
ARC
  5
11FA
330
70
100
AcDbEntity
  8
0
  6
Continuous
100
AcDbCircle
 10
371.5169384873369
 20
262.1864261543686
 30
0.0
 40
0.75
100
AcDbArc
 50
270.0
 51
0.0
  0
ARC
  5
11FB
330
70
100
AcDbEntity
  8
0
100
AcDbCircle
 10
371.5169384873369
 20
280.6864261543686
 30
0.0
 40
0.75
100
AcDbArc
 50
0.0
 51
90.0
  0
LINE
  5
11FC
330
70
100
AcDbEntity
  8
0
  6
Continuous
100
AcDbLine
 10
340.7669384873367
 20
280.6864261543686
 30
0.0
 11
340.7669384873377
 21
262.1864261543686
 31
0.0
  0
ARC
  5
11FD
330
70
100
AcDbEntity
  8
0
  6
Continuous
100
AcDbCircle
 10
341.5169384873377
 20
262.1864261543686
 30
0.0
 40
0.75
100
AcDbArc
 50
180.0000000000032
 51
270.0
  0
ARC
  5
11FE
330
70
100
AcDbEntity
  8
0
100
AcDbCircle
 10
348.7669384873368
 20
278.9364261543684
 30
0.0
 40
0.5
100
AcDbArc
 50
180.0
 51
270.0
  0
LINE
  5
11FF
330
70
100
AcDbEntity
  8
0
  6
Continuous
100
AcDbLine
 10
341.5169384873367
 20
281.4364261543687
 30
0.0
 11
347.5169384873368
 21
281.4364261543687
 31
0.0
  0
ARC
  5
1200
330
70
100
AcDbEntity
  8
0
  6
Continuous
100
AcDbCircle
 10
341.5169384873367
 20
280.6864261543686
 30
0.0
 40
0.75
100
AcDbArc
 50
90.0
 51
180.0000000000032
  0
LINE
  5
1201
330
70
100
AcDbEntity
  8
0
  6
Continuous
100
AcDbLine
 10
371.5169384873369
 20
261.4364261543686
 30
0.0
 11
365.5169384873366
 21
261.4364261543686
 31
0.0
  0
LINE
  5
1202
330
70
100
AcDbEntity
  8
0
  6
Continuous
100
AcDbLine
 10
341.5169384873377
 20
261.4364261543686
 30
0.0
 11
347.5169384873368
 21
261.4364261543686
 31
0.0
  0
ARC
  5
1203
330
70
100
AcDbEntity
  8
0
100
AcDbCircle
 10
347.5169384873368
 20
262.1864261543686
 30
0.0
 40
0.75
100
AcDbArc
 50
270.0
 51
0.0
  0
LINE
  5
1204
330
70
100
AcDbEntity
  8
0
100
AcDbLine
 10
348.2669384873368
 20
278.9364261543684
 30
0.0
 11
348.2669384873368
 21
280.6864261543686
 31
0.0
  0
ARC
  5
1205
330
70
100
AcDbEntity
  8
0
100
AcDbCircle
 10
347.5169384873368
 20
280.6864261543686
 30
0.0
 40
0.75
100
AcDbArc
 50
0.0
 51
90.0
  0
LINE
  5
1206
330
70
100
AcDbEntity
  8
0
100
AcDbLine
 10
348.2669384873368
 20
263.9364261543686
 30
0.0
 11
348.2669384873368
 21
262.1864261543686
 31
0.0
  0
ARC
  5
1207
330
70
100
AcDbEntity
  8
0
100
AcDbCircle
 10
348.7669384873368
 20
263.9364261543686
 30
0.0
 40
0.5
100
AcDbArc
 50
90.0
 51
180.0
  0
LINE
  5
1208
330
70
100
AcDbEntity
  8
0
100
AcDbLine
 10
364.7669384873366
 20
278.9364261543686
 30
0.0
 11
364.7669384873366
 21
280.6864261543686
 31
0.0
  0
ARC
  5
1209
330
70
100
AcDbEntity
  8
0
100
AcDbCircle
 10
364.2669384873366
 20
278.9364261543686
 30
0.0
 40
0.5
100
AcDbArc
 50
270.0
 51
0.0
  0
LINE
  5
120A
330
70
100
AcDbEntity
  8
0
100
AcDbLine
 10
364.7669384873366
 20
263.9364261543686
 30
0.0
 11
364.7669384873366
 21
262.1864261543686
 31
0.0
  0
ARC
  5
120B
330
70
100
AcDbEntity
  8
0
100
AcDbCircle
 10
365.5169384873366
 20
262.1864261543686
 30
0.0
 40
0.75
100
AcDbArc
 50
180.0
 51
270.0
  0
ARC
  5
120C
330
70
100
AcDbEntity
  8
0
100
AcDbCircle
 10
364.2669384873366
 20
263.9364261543686
 30
0.0
 40
0.5
100
AcDbArc
 50
0.0
 51
90.0
  0
LINE
  5
120D
330
70
100
AcDbEntity
  8
0
100
AcDbLine
 10
365.5169384873366
 20
281.4364261543687
 30
0.0
 11
371.5169384873369
 21
281.4364261543687
 31
0.0
  0
ARC
  5
120E
330
70
100
AcDbEntity
  8
0
100
AcDbCircle
 10
365.5169384873366
 20
280.6864261543686
 30
0.0
 40
0.75
100
AcDbArc
 50
90.0
 51
180.0
  0
LINE
  5
120F
330
70
100
AcDbEntity
  8
0
100
AcDbLine
 10
424.3106884873364
 20
244.8864261543677
 30
0.0
 11
424.3106884873365
 21
243.5864261543684
 31
0.0
  0
ARC
  5
1210
330
70
100
AcDbEntity
  8
0
100
AcDbCircle
 10
424.8106884873364
 20
244.8864261543677
 30
0.0
 40
0.5
100
AcDbArc
 50
90.0
 51
180.0
  0
ARC
  5
1211
330
70
100
AcDbEntity
  8
0
100
AcDbCircle
 10
423.3106884873365
 20
260.8864261543686
 30
0.0
 40
1.0
100
AcDbArc
 50
0.0
 51
90.0
  0
LINE
  5
1212
330
70
100
AcDbEntity
  8
0
100
AcDbLine
 10
531.6106884873366
 20
244.8864261543676
 30
0.0
 11
531.6106884873366
 21
243.5864261543684
 31
0.0
  0
ARC
  5
1213
330
70
100
AcDbEntity
  8
0
100
AcDbCircle
 10
531.1106884873366
 20
244.8864261543677
 30
0.0
 40
0.5
100
AcDbArc
 50
359.9999999999984
 51
90.0
  0
ARC
  5
1214
330
70
100
AcDbEntity
  8
0
100
AcDbCircle
 10
537.6106884873368
 20
260.8864261543685
 30
0.0
 40
1.0
100
AcDbArc
 50
359.9999999999984
 51
90.0
  0
LINE
  5
1215
330
70
100
AcDbEntity
  8
0
  6
Continuous
100
AcDbLine
 10
532.6106884873365
 20
261.8864261543684
 30
0.0
 11
537.6106884873368
 21
261.8864261543684
 31
0.0
  0
ARC
  5
1216
330
70
100
AcDbEntity
  8
0
100
AcDbCircle
 10
532.6106884873365
 20
260.8864261543685
 30
0.0
 40
1.0
100
AcDbArc
 50
90.0
 51
179.9999999999984
  0
LINE
  5
1217
330
70
100
AcDbEntity
  8
0
  6
Continuous
100
AcDbLine
 10
418.3106884873365
 20
261.8864261543686
 30
0.0
 11
423.3106884873365
 21
261.8864261543686
 31
0.0
  0
ARC
  5
1218
330
70
100
AcDbEntity
  8
0
100
AcDbCircle
 10
418.3106884873365
 20
260.8864261543686
 30
0.0
 40
1.0
100
AcDbArc
 50
90.0
 51
180.0
  0
LINE
  5
1219
330
70
100
AcDbEntity
  8
0
100
AcDbLine
 10
407.5606884873439
 20
248.1864261543685
 30
0.0
 11
413.3106884873369
 21
248.1864261543685
 31
0.0
  0
LINE
  5
121A
330
70
100
AcDbEntity
  8
0
100
AcDbLine
 10
548.3606884873356
 20
248.1864261543681
 30
0.0
 11
542.6106884873365
 21
248.1864261543681
 31
0.0
  0
ARC
  5
121B
330
70
100
AcDbEntity
  8
0
100
AcDbCircle
 10
542.6106884873365
 20
248.6864261543681
 30
0.0
 40
0.5
100
AcDbArc
 50
180.0
 51
270.0
  0
LINE
  5
121C
330
70
100
AcDbEntity
  8
0
100
AcDbLine
 10
424.8106884873364
 20
245.3864261543677
 30
0.0
 11
427.3106884873368
 21
245.3864261543678
 31
0.0
  0
LINE
  5
121D
330
70
100
AcDbEntity
  8
0
100
AcDbLine
 10
427.8106884873368
 20
245.8864261543677
 30
0.0
 11
427.8106884873368
 21
258.8864261543678
 31
0.0
  0
ARC
  5
121E
330
70
100
AcDbEntity
  8
0
100
AcDbCircle
 10
427.3106884873368
 20
258.8864261543678
 30
0.0
 40
0.5
100
AcDbArc
 50
0.0
 51
90.0
  0
ARC
  5
121F
330
70
100
AcDbEntity
  8
0
100
AcDbCircle
 10
427.3106884873368
 20
245.8864261543677
 30
0.0
 40
0.5
100
AcDbArc
 50
270.0
 51
0.0
  0
LINE
  5
1220
330
70
100
AcDbEntity
  8
0
100
AcDbLine
 10
416.8106884873365
 20
259.3864261543678
 30
0.0
 11
414.3106884873368
 21
259.3864261543678
 31
0.0
  0
ARC
  5
1221
330
70
100
AcDbEntity
  8
0
100
AcDbCircle
 10
414.3106884873368
 20
258.8864261543678
 30
0.0
 40
0.5
100
AcDbArc
 50
90.0
 51
180.0
  0
LINE
  5
1222
330
70
100
AcDbEntity
  8
0
100
AcDbLine
 10
413.8106884873368
 20
258.8864261543677
 30
0.0
 11
413.8106884873369
 21
248.6864261543685
 31
0.0
  0
ARC
  5
1223
330
70
100
AcDbEntity
  8
0
100
AcDbCircle
 10
413.3106884873369
 20
248.6864261543685
 30
0.0
 40
0.5
100
AcDbArc
 50
270.0
 51
0.0
  0
LINE
  5
1224
330
70
100
AcDbEntity
  8
0
100
AcDbLine
 10
424.3106884873365
 20
260.8864261543686
 30
0.0
 11
424.3106884873365
 21
259.8864261543678
 31
0.0
  0
LINE
  5
1225
330
70
100
AcDbEntity
  8
0
100
AcDbLine
 10
424.8106884873365
 20
259.3864261543678
 30
0.0
 11
427.3106884873368
 21
259.3864261543678
 31
0.0
  0
ARC
  5
1226
330
70
100
AcDbEntity
  8
0
100
AcDbCircle
 10
424.8106884873365
 20
259.8864261543678
 30
0.0
 40
0.5
100
AcDbArc
 50
180.0
 51
270.0
  0
LINE
  5
1227
330
70
100
AcDbEntity
  8
0
100
AcDbLine
 10
417.3106884873365
 20
260.8864261543686
 30
0.0
 11
417.3106884873365
 21
259.8864261543678
 31
0.0
  0
ARC
  5
1228
330
70
100
AcDbEntity
  8
0
100
AcDbCircle
 10
416.8106884873365
 20
259.8864261543678
 30
0.0
 40
0.5
100
AcDbArc
 50
270.0
 51
0.0
  0
LINE
  5
1229
330
70
100
AcDbEntity
  8
0
100
AcDbLine
 10
541.6106884873365
 20
259.3864261543677
 30
0.0
 11
539.1106884873368
 21
259.3864261543677
 31
0.0
  0
ARC
  5
122A
330
70
100
AcDbEntity
  8
0
100
AcDbCircle
 10
539.1106884873368
 20
259.8864261543677
 30
0.0
 40
0.5
100
AcDbArc
 50
180.0
 51
270.0
  0
LINE
  5
122B
330
70
100
AcDbEntity
  8
0
100
AcDbLine
 10
528.1106884873365
 20
258.8864261543677
 30
0.0
 11
528.1106884873365
 21
245.8864261543677
 31
0.0
  0
ARC
  5
122C
330
70
100
AcDbEntity
  8
0
100
AcDbCircle
 10
528.6106884873365
 20
245.8864261543677
 30
0.0
 40
0.5
100
AcDbArc
 50
180.0
 51
270.0
  0
LINE
  5
122D
330
70
100
AcDbEntity
  8
0
100
AcDbLine
 10
528.6106884873365
 20
245.3864261543677
 30
0.0
 11
531.1106884873366
 21
245.3864261543677
 31
0.0
  0
LINE
  5
122E
330
70
100
AcDbEntity
  8
0
100
AcDbLine
 10
542.1106884873365
 20
248.6864261543681
 30
0.0
 11
542.1106884873365
 21
258.8864261543677
 31
0.0
  0
ARC
  5
122F
330
70
100
AcDbEntity
  8
0
100
AcDbCircle
 10
541.6106884873365
 20
258.8864261543677
 30
0.0
 40
0.5
100
AcDbArc
 50
0.0
 51
90.0
  0
LINE
  5
1230
330
70
100
AcDbEntity
  8
0
100
AcDbLine
 10
538.6106884873368
 20
260.8864261543685
 30
0.0
 11
538.6106884873368
 21
259.8864261543677
 31
0.0
  0
LINE
  5
1231
330
70
100
AcDbEntity
  8
0
100
AcDbLine
 10
531.6106884873366
 20
260.8864261543685
 30
0.0
 11
531.6106884873367
 21
259.8864261543677
 31
0.0
  0
ARC
  5
1232
330
70
100
AcDbEntity
  8
0
100
AcDbCircle
 10
531.1106884873367
 20
259.8864261543677
 30
0.0
 40
0.5
100
AcDbArc
 50
270.0
 51
0.0
  0
LINE
  5
1233
330
70
100
AcDbEntity
  8
0
100
AcDbLine
 10
531.1106884873367
 20
259.3864261543677
 30
0.0
 11
528.6106884873365
 21
259.3864261543677
 31
0.0
  0
ARC
  5
1234
330
70
100
AcDbEntity
  8
0
100
AcDbCircle
 10
528.6106884873365
 20
258.8864261543677
 30
0.0
 40
0.5
100
AcDbArc
 50
90.0
 51
180.0
  0
LINE
  5
1235
330
70
100
AcDbEntity
  8
0
100
AcDbLine
 10
471.5294384873367
 20
260.3864261543677
 30
0.0
 11
460.7669384873368
 21
260.3864261543677
 31
0.0
  0
ARC
  5
1236
330
70
100
AcDbEntity
  8
0
100
AcDbCircle
 10
471.5294384873367
 20
259.8864261543677
 30
0.0
 40
0.5
100
AcDbArc
 50
0.0
 51
90.0
  0
ARC
  5
1237
330
70
100
AcDbEntity
  8
0
100
AcDbCircle
 10
460.7669384873368
 20
259.8864261543677
 30
0.0
 40
0.5
100
AcDbArc
 50
90.0
 51
180.0
  0
LINE
  5
1238
330
70
100
AcDbEntity
  8
0
100
AcDbLine
 10
447.5294384873371
 20
260.3864261543677
 30
0.0
 11
436.7669384873371
 21
260.3864261543677
 31
0.0
  0
ARC
  5
1239
330
70
100
AcDbEntity
  8
0
100
AcDbCircle
 10
447.5294384873371
 20
259.8864261543677
 30
0.0
 40
0.5
100
AcDbArc
 50
0.0
 51
90.0
  0
LINE
  5
123A
330
70
100
AcDbEntity
  8
0
100
AcDbLine
 10
495.1544384873366
 20
260.3864261543701
 30
0.0000000000000995
 11
484.3919384873366
 21
260.3864261543701
 31
0.0000000000000995
  0
ARC
  5
123B
330
70
100
AcDbEntity
  8
0
100
AcDbCircle
 10
495.1544384873366
 20
259.88642615437
 30
0.0000000000000995
 40
0.5
100
AcDbArc
 50
0.0
 51
90.0
  0
ARC
  5
123C
330
70
100
AcDbEntity
  8
0
100
AcDbCircle
 10
484.3919384873366
 20
259.88642615437
 30
-0.000000000003743
 40
0.5
100
AcDbArc
 50
90.0
 51
180.0
  0
LINE
  5
123D
330
70
100
AcDbEntity
  8
0
100
AcDbLine
 10
519.1544384873362
 20
260.38642615437
 30
0.0000000000000995
 11
508.3919384873363
 21
260.38642615437
 31
0.0000000000000995
  0
ARC
  5
123E
330
70
100
AcDbEntity
  8
0
100
AcDbCircle
 10
508.3919384873363
 20
259.88642615437
 30
0.0000000000000995
 40
0.5
100
AcDbArc
 50
90.0
 51
180.0000000000016
  0
LINE
  5
123F
330
70
100
AcDbEntity
  8
0
100
AcDbLine
 10
472.0294384873367
 20
259.8864261543677
 30
0.0
 11
472.0294384873367
 21
259.8864261543677
 31
0.0
  0
LINE
  5
1240
330
70
100
AcDbEntity
  8
0
100
AcDbLine
 10
436.7669384873371
 20
245.3864261543679
 30
0.0000000000000006
 11
519.1544384873362
 21
245.3864261543679
 31
0.0000000000000989
  0
ARC
  5
1241
330
70
100
AcDbEntity
  8
0
100
AcDbCircle
 10
436.7669384873371
 20
245.8864261543679
 30
-0.0000000000001374
 40
0.5
100
AcDbArc
 50
180.0
 51
270.0
  0
LINE
  5
1242
330
70
100
AcDbEntity
  8
0
100
AcDbLine
 10
483.8919384873366
 20
259.88642615437
 30
0.0000000000000498
 11
483.8919384873366
 21
259.8864261543677
 31
0.0000000000000498
  0
LINE
  5
1243
330
70
100
AcDbEntity
  8
0
100
AcDbLine
 10
495.6544384873366
 20
259.88642615437
 30
0.0000000000000995
 11
495.6544384873366
 21
259.88642615437
 31
0.0000000000000995
  0
LINE
  5
1244
330
70
100
AcDbEntity
  8
0
100
AcDbLine
 10
496.1544384873366
 20
259.38642615437
 30
0.0000000000000995
 11
507.3919384873364
 21
259.38642615437
 31
0.0000000000000995
  0
ARC
  5
1245
330
70
100
AcDbEntity
  8
0
100
AcDbCircle
 10
507.3919384873364
 20
259.88642615437
 30
0.0000000000000995
 40
0.5
100
AcDbArc
 50
270.0
 51
0.0
  0
ARC
  5
1246
330
70
100
AcDbEntity
  8
0
100
AcDbCircle
 10
496.1544384873366
 20
259.88642615437
 30
0.0000000000000995
 40
0.5
100
AcDbArc
 50
180.0
 51
270.0
  0
LINE
  5
1247
330
70
100
AcDbEntity
  8
0
100
AcDbLine
 10
507.8919384873364
 20
259.88642615437
 30
0.0000000000000995
 11
507.8919384873364
 21
259.88642615437
 31
0.0000000000000995
  0
LINE
  5
1248
330
70
100
AcDbEntity
  8
0
100
AcDbLine
 10
519.6544384873362
 20
259.88642615437
 30
0.0000000000000995
 11
519.6544384873362
 21
245.8864261543679
 31
0.0000000000000995
  0
ARC
  5
1249
330
70
100
AcDbEntity
  8
0
100
AcDbCircle
 10
519.1544384873362
 20
245.8864261543679
 30
-0.0000000000001374
 40
0.5
100
AcDbArc
 50
270.0
 51
0.0
  0
ARC
  5
124A
330
70
100
AcDbEntity
  8
0
100
AcDbCircle
 10
519.1544384873362
 20
259.88642615437
 30
0.0000000000000995
 40
0.5
100
AcDbArc
 50
0.0
 51
90.0
  0
LINE
  5
124B
330
70
100
AcDbEntity
  8
0
100
AcDbLine
 10
436.2669384873371
 20
259.8864261543677
 30
0.0
 11
436.2669384873371
 21
245.8864261543679
 31
0.0
  0
ARC
  5
124C
330
70
100
AcDbEntity
  8
0
100
AcDbCircle
 10
436.7669384873371
 20
259.8864261543677
 30
0.0
 40
0.5
100
AcDbArc
 50
90.0
 51
180.0
  0
LINE
  5
124D
330
70
100
AcDbEntity
  8
0
100
AcDbLine
 10
448.0294384873371
 20
259.8864261543677
 30
0.0
 11
448.0294384873371
 21
259.8864261543677
 31
0.0
  0
LINE
  5
124E
330
70
100
AcDbEntity
  8
0
100
AcDbLine
 10
448.5294384873371
 20
259.3864261543677
 30
0.0
 11
459.7669384873368
 21
259.3864261543677
 31
0.0
  0
ARC
  5
124F
330
70
100
AcDbEntity
  8
0
100
AcDbCircle
 10
459.7669384873368
 20
259.8864261543677
 30
0.0
 40
0.5
100
AcDbArc
 50
270.0
 51
0.0
  0
ARC
  5
1250
330
70
100
AcDbEntity
  8
0
100
AcDbCircle
 10
448.5294384873371
 20
259.8864261543677
 30
0.0
 40
0.5
100
AcDbArc
 50
180.0
 51
270.0
  0
LINE
  5
1251
330
70
100
AcDbEntity
  8
0
100
AcDbLine
 10
460.2669384873368
 20
259.8864261543677
 30
0.0
 11
460.2669384873368
 21
259.8864261543677
 31
0.0
  0
LINE
  5
1252
330
70
100
AcDbEntity
  8
0
100
AcDbLine
 10
472.5294384873367
 20
259.3864261543677
 30
0.0
 11
483.3919384873366
 21
259.3864261543677
 31
0.0
  0
ARC
  5
1253
330
70
100
AcDbEntity
  8
0
100
AcDbCircle
 10
483.3919384873366
 20
259.8864261543677
 30
-0.000000000003743
 40
0.5
100
AcDbArc
 50
270.0
 51
0.0
  0
ARC
  5
1254
330
70
100
AcDbEntity
  8
0
100
AcDbCircle
 10
472.5294384873367
 20
259.8864261543677
 30
0.0
 40
0.5
100
AcDbArc
 50
180.0
 51
270.0
  0
LWPOLYLINE
  5
1255
330
70
100
AcDbEntity
  8
0
100
AcDbPolyline
 90
        8
 70
     1
 43
0.0
 10
338.3356884873372
 20
321.5614261543665
 10
350.8856884873372
 20
321.5614261543665
 42
0.4142135623730951
 10
351.6356884873372
 20
322.3114261543665
 10
351.6356884873372
 20
334.8614261543665
 42
0.4142135623730951
 10
350.8856884873372
 20
335.6114261543665
 10
338.3356884873372
 20
335.6114261543665
 42
0.4142135623730951
 10
337.5856884873372
 20
334.8614261543665
 10
337.5856884873372
 20
322.3114261543665
 42
0.4142135623730951
  0
LWPOLYLINE
  5
1256
330
70
100
AcDbEntity
  8
0
100
AcDbPolyline
 90
        8
 70
     1
 43
0.0
 10
357.3856884873369
 20
321.5614261543665
 10
369.9356884873369
 20
321.5614261543665
 42
0.4142135623730951
 10
370.685688487337
 20
322.3114261543665
 10
370.685688487337
 20
334.8614261543665
 42
0.4142135623730951
 10
369.9356884873369
 20
335.6114261543665
 10
357.3856884873369
 20
335.6114261543665
 42
0.4142135623730951
 10
356.6356884873369
 20
334.8614261543665
 10
356.6356884873369
 20
322.3114261543665
 42
0.4142135623730951
  0
LWPOLYLINE
  5
1257
330
70
100
AcDbEntity
  8
0
100
AcDbPolyline
 90
        8
 70
     1
 43
0.0
 10
376.4356884873361
 20
321.5614261543665
 10
388.9856884873362
 20
321.5614261543665
 42
0.4142135623730951
 10
389.7356884873362
 20
322.3114261543665
 10
389.7356884873362
 20
334.8614261543665
 42
0.4142135623730951
 10
388.9856884873362
 20
335.6114261543665
 10
376.4356884873361
 20
335.6114261543665
 42
0.4142135623730951
 10
375.6856884873362
 20
334.8614261543665
 10
375.6856884873362
 20
322.3114261543665
 42
0.4142135623730951
  0
LWPOLYLINE
  5
1258
330
70
100
AcDbEntity
  8
0
100
AcDbPolyline
 90
        8
 70
     1
 43
0.0
 10
433.5856884873376
 20
321.5614261543665
 10
446.1356884873376
 20
321.5614261543665
 42
0.4142135623730951
 10
446.8856884873376
 20
322.3114261543665
 10
446.8856884873376
 20
334.8614261543665
 42
0.4142135623730951
 10
446.1356884873376
 20
335.6114261543665
 10
433.5856884873376
 20
335.6114261543665
 42
0.4142135623730951
 10
432.8356884873376
 20
334.8614261543665
 10
432.8356884873376
 20
322.3114261543665
 42
0.4142135623730951
  0
LWPOLYLINE
  5
1259
330
70
100
AcDbEntity
  8
0
100
AcDbPolyline
 90
        8
 70
     1
 43
0.0
 10
452.6356884873369
 20
321.5614261543665
 10
465.1856884873369
 20
321.5614261543665
 42
0.4142135623730951
 10
465.9356884873369
 20
322.3114261543665
 10
465.9356884873369
 20
334.8614261543665
 42
0.4142135623730951
 10
465.1856884873369
 20
335.6114261543665
 10
452.6356884873369
 20
335.6114261543665
 42
0.4142135623730951
 10
451.8856884873369
 20
334.8614261543665
 10
451.8856884873369
 20
322.3114261543665
 42
0.4142135623730951
  0
LWPOLYLINE
  5
125A
330
70
100
AcDbEntity
  8
0
100
AcDbPolyline
 90
        8
 70
     1
 43
0.0
 10
471.6856884873362
 20
321.5614261543665
 10
484.2356884873361
 20
321.5614261543665
 42
0.4142135623730951
 10
484.9856884873362
 20
322.3114261543665
 10
484.9856884873362
 20
334.8614261543665
 42
0.4142135623730951
 10
484.2356884873361
 20
335.6114261543665
 10
471.6856884873362
 20
335.6114261543665
 42
0.4142135623730951
 10
470.9356884873361
 20
334.8614261543665
 10
470.9356884873361
 20
322.3114261543665
 42
0.4142135623730951
  0
LWPOLYLINE
  5
125B
330
70
100
AcDbEntity
  8
0
100
AcDbPolyline
 90
        8
 70
     1
 43
0.0
 10
490.7356884873372
 20
321.561426154366
 10
503.2856884873372
 20
321.561426154366
 42
0.4142135623730951
 10
504.0356884873372
 20
322.311426154366
 10
504.0356884873372
 20
334.861426154366
 42
0.4142135623730951
 10
503.2856884873372
 20
335.611426154366
 10
490.7356884873372
 20
335.611426154366
 42
0.4142135623730951
 10
489.9856884873372
 20
334.861426154366
 10
489.9856884873372
 20
322.311426154366
 42
0.4142135623730951
  0
LWPOLYLINE
  5
125C
330
70
100
AcDbEntity
  8
0
100
AcDbPolyline
 90
        8
 70
     1
 43
0.0
 10
509.7856884873364
 20
321.561426154366
 10
522.3356884873364
 20
321.561426154366
 42
0.4142135623730951
 10
523.0856884873364
 20
322.311426154366
 10
523.0856884873364
 20
334.861426154366
 42
0.4142135623730951
 10
522.3356884873364
 20
335.611426154366
 10
509.7856884873364
 20
335.611426154366
 42
0.4142135623730951
 10
509.0356884873365
 20
334.861426154366
 10
509.0356884873365
 20
322.311426154366
 42
0.4142135623730951
  0
LWPOLYLINE
  5
125D
330
70
100
AcDbEntity
  8
0
100
AcDbPolyline
 90
        8
 70
     1
 43
0.0
 10
566.9356884873367
 20
321.561426154366
 10
579.4856884873367
 20
321.561426154366
 42
0.4142135623730951
 10
580.2356884873367
 20
322.311426154366
 10
580.2356884873367
 20
334.861426154366
 42
0.4142135623730951
 10
579.4856884873367
 20
335.611426154366
 10
566.9356884873367
 20
335.611426154366
 42
0.4142135623730951
 10
566.1856884873367
 20
334.861426154366
 10
566.1856884873367
 20
322.311426154366
 42
0.4142135623730951
  0
LWPOLYLINE
  5
125E
330
70
100
AcDbEntity
  8
0
100
AcDbPolyline
 90
        8
 70
     1
 43
0.0
 10
343.0981884873364
 20
302.5114261543678
 10
355.6481884873364
 20
302.5114261543678
 42
0.4142135623730951
 10
356.3981884873364
 20
303.2614261543678
 10
356.3981884873364
 20
315.8114261543679
 42
0.4142135623730951
 10
355.6481884873364
 20
316.5614261543678
 10
343.0981884873364
 20
316.5614261543678
 42
0.4142135623730951
 10
342.3481884873364
 20
315.8114261543679
 10
342.3481884873364
 20
303.2614261543678
 42
0.4142135623730951
  0
LWPOLYLINE
  5
125F
330
70
100
AcDbEntity
  8
0
100
AcDbPolyline
 90
        8
 70
     1
 43
0.0
 10
366.9106884873366
 20
302.5114261543681
 10
379.4606884873366
 20
302.5114261543681
 42
0.4142135623730951
 10
380.2106884873366
 20
303.2614261543681
 10
380.2106884873366
 20
315.8114261543682
 42
0.4142135623730951
 10
379.4606884873366
 20
316.5614261543682
 10
366.9106884873366
 20
316.5614261543682
 42
0.4142135623730951
 10
366.1606884873366
 20
315.8114261543682
 10
366.1606884873366
 20
303.2614261543681
 42
0.4142135623730951
  0
LWPOLYLINE
  5
1260
330
70
100
AcDbEntity
  8
0
100
AcDbPolyline
 90
        8
 70
     1
 43
0.0
 10
385.9606884873376
 20
302.5114261543681
 10
398.5106884873376
 20
302.5114261543681
 42
0.4142135623730951
 10
399.2606884873376
 20
303.2614261543681
 10
399.2606884873376
 20
315.8114261543682
 42
0.4142135623730951
 10
398.5106884873376
 20
316.5614261543682
 10
385.9606884873376
 20
316.5614261543682
 42
0.4142135623730951
 10
385.2106884873376
 20
315.8114261543682
 10
385.2106884873376
 20
303.2614261543681
 42
0.4142135623730951
  0
LWPOLYLINE
  5
1261
330
70
100
AcDbEntity
  8
0
100
AcDbPolyline
 90
        8
 70
     1
 43
0.0
 10
405.0106884873368
 20
302.5114261543681
 10
417.5606884873369
 20
302.5114261543681
 42
0.4142135623730951
 10
418.3106884873369
 20
303.2614261543681
 10
418.3106884873369
 20
315.8114261543682
 42
0.4142135623730951
 10
417.5606884873369
 20
316.5614261543682
 10
405.0106884873368
 20
316.5614261543682
 42
0.4142135623730951
 10
404.2606884873369
 20
315.8114261543682
 10
404.2606884873369
 20
303.2614261543681
 42
0.4142135623730951
  0
LWPOLYLINE
  5
1262
330
70
100
AcDbEntity
  8
0
100
AcDbPolyline
 90
        8
 70
     1
 43
0.0
 10
424.0606884873361
 20
302.5114261543681
 10
436.6106884873361
 20
302.5114261543681
 42
0.4142135623730951
 10
437.3606884873361
 20
303.2614261543681
 10
437.3606884873361
 20
315.8114261543682
 42
0.4142135623730951
 10
436.6106884873361
 20
316.5614261543682
 10
424.0606884873361
 20
316.5614261543682
 42
0.4142135623730951
 10
423.3106884873361
 20
315.8114261543682
 10
423.3106884873361
 20
303.2614261543681
 42
0.4142135623730951
  0
LWPOLYLINE
  5
1263
330
70
100
AcDbEntity
  8
0
100
AcDbPolyline
 90
        8
 70
     1
 43
0.0
 10
443.1106884873372
 20
302.5114261543681
 10
455.6606884873372
 20
302.5114261543681
 42
0.4142135623730951
 10
456.4106884873372
 20
303.2614261543681
 10
456.4106884873372
 20
315.8114261543682
 42
0.4142135623730951
 10
455.6606884873372
 20
316.5614261543682
 10
443.1106884873372
 20
316.5614261543682
 42
0.4142135623730951
 10
442.3606884873372
 20
315.8114261543682
 10
442.3606884873372
 20
303.2614261543681
 42
0.4142135623730951
  0
LWPOLYLINE
  5
1264
330
70
100
AcDbEntity
  8
0
100
AcDbPolyline
 90
        8
 70
     1
 43
0.0
 10
462.1606884873365
 20
302.5114261543681
 10
474.7106884873365
 20
302.5114261543681
 42
0.4142135623730951
 10
475.4606884873365
 20
303.2614261543681
 10
475.4606884873365
 20
315.8114261543682
 42
0.4142135623730951
 10
474.7106884873365
 20
316.5614261543682
 10
462.1606884873365
 20
316.5614261543682
 42
0.4142135623730951
 10
461.4106884873365
 20
315.8114261543682
 10
461.4106884873365
 20
303.2614261543681
 42
0.4142135623730951
  0
LWPOLYLINE
  5
1265
330
70
100
AcDbEntity
  8
0
100
AcDbPolyline
 90
        8
 70
     1
 43
0.0
 10
481.2106884873377
 20
302.511426154369
 10
493.7606884873376
 20
302.511426154369
 42
0.4142135623730951
 10
494.5106884873377
 20
303.261426154369
 10
494.5106884873377
 20
315.8114261543691
 42
0.4142135623730951
 10
493.7606884873376
 20
316.561426154369
 10
481.2106884873377
 20
316.561426154369
 42
0.4142135623730951
 10
480.4606884873376
 20
315.8114261543691
 10
480.4606884873376
 20
303.261426154369
 42
0.4142135623730951
  0
LWPOLYLINE
  5
1266
330
70
100
AcDbEntity
  8
0
100
AcDbPolyline
 90
        8
 70
     1
 43
0.0
 10
500.2606884873369
 20
302.5114261543681
 10
512.8106884873369
 20
302.5114261543681
 42
0.4142135623730951
 10
513.5606884873369
 20
303.2614261543681
 10
513.5606884873369
 20
315.8114261543682
 42
0.4142135623730951
 10
512.8106884873369
 20
316.5614261543682
 10
500.2606884873369
 20
316.5614261543682
 42
0.4142135623730951
 10
499.5106884873369
 20
315.8114261543682
 10
499.5106884873369
 20
303.2614261543681
 42
0.4142135623730951
  0
LWPOLYLINE
  5
1267
330
70
100
AcDbEntity
  8
0
100
AcDbPolyline
 90
        8
 70
     1
 43
0.0
 10
519.3106884873361
 20
302.5114261543681
 10
531.8606884873362
 20
302.5114261543681
 42
0.4142135623730951
 10
532.6106884873362
 20
303.2614261543681
 10
532.6106884873362
 20
315.8114261543682
 42
0.4142135623730951
 10
531.8606884873362
 20
316.5614261543682
 10
519.3106884873361
 20
316.5614261543682
 42
0.4142135623730951
 10
518.5606884873362
 20
315.8114261543682
 10
518.5606884873362
 20
303.2614261543681
 42
0.4142135623730951
  0
LWPOLYLINE
  5
1268
330
70
100
AcDbEntity
  8
0
100
AcDbPolyline
 90
        8
 70
     1
 43
0.0
 10
538.3606884873363
 20
302.5114261543681
 10
550.9106884873363
 20
302.5114261543681
 42
0.4142135623730951
 10
551.6606884873363
 20
303.2614261543681
 10
551.6606884873363
 20
315.8114261543682
 42
0.4142135623730951
 10
550.9106884873363
 20
316.5614261543682
 10
538.3606884873363
 20
316.5614261543682
 42
0.4142135623730951
 10
537.6106884873363
 20
315.8114261543682
 10
537.6106884873363
 20
303.2614261543681
 42
0.4142135623730951
  0
LWPOLYLINE
  5
1269
330
70
100
AcDbEntity
  8
0
100
AcDbPolyline
 90
        8
 70
     1
 43
0.0
 10
557.4106884873365
 20
302.5114261543681
 10
569.9606884873364
 20
302.5114261543681
 42
0.4142135623730951
 10
570.7106884873365
 20
303.2614261543681
 10
570.7106884873365
 20
315.8114261543682
 42
0.4142135623730951
 10
569.9606884873364
 20
316.5614261543682
 10
557.4106884873365
 20
316.5614261543682
 42
0.4142135623730951
 10
556.6606884873364
 20
315.8114261543682
 10
556.6606884873364
 20
303.2614261543681
 42
0.4142135623730951
  0
LWPOLYLINE
  5
126A
330
70
100
AcDbEntity
  8
0
100
AcDbPolyline
 90
        8
 70
     1
 43
0.0
 10
576.4606884873376
 20
302.5114261543681
 10
589.0106884873376
 20
302.5114261543681
 42
0.4142135623730951
 10
589.7606884873376
 20
303.2614261543681
 10
589.7606884873376
 20
315.8114261543682
 42
0.4142135623730951
 10
589.0106884873376
 20
316.5614261543682
 10
576.4606884873376
 20
316.5614261543682
 42
0.4142135623730951
 10
575.7106884873376
 20
315.8114261543682
 10
575.7106884873376
 20
303.2614261543681
 42
0.4142135623730951
  0
LWPOLYLINE
  5
126B
330
70
100
AcDbEntity
  8
0
100
AcDbPolyline
 90
        8
 70
     1
 43
0.0
 10
600.2731884873376
 20
302.5114139473321
 10
612.8231884873376
 20
302.5114139473321
 42
0.4142135623730951
 10
613.5731884873377
 20
303.2614139473321
 10
613.5731884873377
 20
315.8114139473322
 42
0.4142135623730951
 10
612.8231884873376
 20
316.5614139473321
 10
600.2731884873376
 20
316.5614139473321
 42
0.4142135623730951
 10
599.5231884873376
 20
315.8114139473322
 10
599.5231884873376
 20
303.2614139473321
 42
0.4142135623730951
  0
LWPOLYLINE
  5
126C
330
70
100
AcDbEntity
  8
0
100
AcDbPolyline
 90
        8
 70
     1
 43
0.0
 10
562.1731884873372
 20
283.4614261543634
 10
574.7231884873372
 20
283.4614261543634
 42
0.4142135623730951
 10
575.4731884873373
 20
284.2114261543634
 10
575.4731884873373
 20
296.7614261543634
 42
0.4142135623730951
 10
574.7231884873372
 20
297.5114261543634
 10
562.1731884873372
 20
297.5114261543634
 42
0.4142135623730951
 10
561.4231884873372
 20
296.7614261543634
 10
561.4231884873372
 20
284.2114261543634
 42
0.4142135623730951
  0
LWPOLYLINE
  5
126D
330
70
100
AcDbEntity
  8
0
100
AcDbPolyline
 90
        8
 70
     1
 43
0.0
 10
543.1231884873357
 20
283.4614261543651
 10
555.6731884873357
 20
283.4614261543651
 42
0.4142135623730951
 10
556.4231884873358
 20
284.2114261543651
 10
556.4231884873358
 20
296.7614261543651
 42
0.4142135623730951
 10
555.6731884873357
 20
297.5114261543652
 10
543.1231884873357
 20
297.5114261543652
 42
0.4142135623730951
 10
542.3731884873356
 20
296.7614261543651
 10
542.3731884873356
 20
284.2114261543651
 42
0.4142135623730951
  0
LWPOLYLINE
  5
126E
330
70
100
AcDbEntity
  8
0
100
AcDbPolyline
 90
        8
 70
     1
 43
0.0
 10
524.0731884873368
 20
283.4614261543634
 10
536.623188487337
 20
283.4614261543634
 42
0.4142135623730951
 10
537.3731884873369
 20
284.2114261543634
 10
537.3731884873369
 20
296.7614261543634
 42
0.4142135623730951
 10
536.623188487337
 20
297.5114261543634
 10
524.0731884873368
 20
297.5114261543634
 42
0.4142135623730951
 10
523.3231884873369
 20
296.7614261543634
 10
523.3231884873369
 20
284.2114261543634
 42
0.4142135623730951
  0
LWPOLYLINE
  5
126F
330
70
100
AcDbEntity
  8
0
100
AcDbPolyline
 90
        8
 70
     1
 43
0.0
 10
505.0231884873376
 20
283.4614261543634
 10
517.5731884873377
 20
283.4614261543634
 42
0.4142135623730951
 10
518.3231884873377
 20
284.2114261543634
 10
518.3231884873377
 20
296.7614261543634
 42
0.4142135623730951
 10
517.5731884873377
 20
297.5114261543634
 10
505.0231884873376
 20
297.5114261543634
 42
0.4142135623730951
 10
504.2731884873377
 20
296.7614261543634
 10
504.2731884873377
 20
284.2114261543634
 42
0.4142135623730951
  0
LWPOLYLINE
  5
1270
330
70
100
AcDbEntity
  8
0
100
AcDbPolyline
 90
        8
 70
     1
 43
0.0
 10
485.9731884873365
 20
283.4614261543634
 10
498.5231884873365
 20
283.4614261543634
 42
0.4142135623730951
 10
499.2731884873365
 20
284.2114261543634
 10
499.2731884873365
 20
296.7614261543634
 42
0.4142135623730951
 10
498.5231884873365
 20
297.5114261543634
 10
485.9731884873365
 20
297.5114261543634
 42
0.4142135623730951
 10
485.2231884873365
 20
296.7614261543634
 10
485.2231884873365
 20
284.2114261543634
 42
0.4142135623730951
  0
LWPOLYLINE
  5
1271
330
70
100
AcDbEntity
  8
0
100
AcDbPolyline
 90
        8
 70
     1
 43
0.0
 10
466.9231884873372
 20
283.4614261543634
 10
479.4731884873372
 20
283.4614261543634
 42
0.4142135623730951
 10
480.2231884873371
 20
284.2114261543634
 10
480.2231884873371
 20
296.7614261543634
 42
0.4142135623730951
 10
479.4731884873372
 20
297.5114261543634
 10
466.9231884873372
 20
297.5114261543634
 42
0.4142135623730951
 10
466.1731884873372
 20
296.7614261543634
 10
466.1731884873372
 20
284.2114261543634
 42
0.4142135623730951
  0
LWPOLYLINE
  5
1272
330
70
100
AcDbEntity
  8
0
100
AcDbPolyline
 90
        8
 70
     1
 43
0.0
 10
447.8731884873361
 20
283.4614261543634
 10
460.4231884873361
 20
283.4614261543634
 42
0.4142135623730951
 10
461.1731884873361
 20
284.2114261543634
 10
461.1731884873361
 20
296.7614261543634
 42
0.4142135623730951
 10
460.4231884873361
 20
297.5114261543634
 10
447.8731884873361
 20
297.5114261543634
 42
0.4142135623730951
 10
447.1231884873361
 20
296.7614261543634
 10
447.1231884873361
 20
284.2114261543634
 42
0.4142135623730951
  0
LWPOLYLINE
  5
1273
330
70
100
AcDbEntity
  8
0
100
AcDbPolyline
 90
        8
 70
     1
 43
0.0
 10
428.8231884873369
 20
283.4614261543634
 10
441.3731884873369
 20
283.4614261543634
 42
0.4142135623730951
 10
442.1231884873369
 20
284.2114261543634
 10
442.1231884873369
 20
296.7614261543634
 42
0.4142135623730951
 10
441.3731884873369
 20
297.5114261543634
 10
428.8231884873369
 20
297.5114261543634
 42
0.4142135623730951
 10
428.0731884873369
 20
296.7614261543634
 10
428.0731884873369
 20
284.2114261543634
 42
0.4142135623730951
  0
LWPOLYLINE
  5
1274
330
70
100
AcDbEntity
  8
0
100
AcDbPolyline
 90
        8
 70
     1
 43
0.0
 10
409.7731884873375
 20
283.4614261543634
 10
422.3231884873376
 20
283.4614261543634
 42
0.4142135623730951
 10
423.0731884873376
 20
284.2114261543634
 10
423.0731884873376
 20
296.7614261543634
 42
0.4142135623730951
 10
422.3231884873376
 20
297.5114261543634
 10
409.7731884873375
 20
297.5114261543634
 42
0.4142135623730951
 10
409.0231884873376
 20
296.7614261543634
 10
409.0231884873376
 20
284.2114261543634
 42
0.4142135623730951
  0
LWPOLYLINE
  5
1275
330
70
100
AcDbEntity
  8
0
100
AcDbPolyline
 90
        8
 70
     1
 43
0.0
 10
390.7231884873366
 20
283.4614261543634
 10
403.2731884873365
 20
283.4614261543634
 42
0.4142135623730951
 10
404.0231884873365
 20
284.2114261543634
 10
404.0231884873365
 20
296.7614261543634
 42
0.4142135623730951
 10
403.2731884873365
 20
297.5114261543634
 10
390.7231884873366
 20
297.5114261543634
 42
0.4142135623730951
 10
389.9731884873365
 20
296.7614261543634
 10
389.9731884873365
 20
284.2114261543634
 42
0.4142135623730951
  0
LWPOLYLINE
  5
1276
330
70
100
AcDbEntity
  8
0
100
AcDbPolyline
 90
        8
 70
     1
 43
0.0
 10
371.6731884873373
 20
283.4614261543634
 10
384.2231884873373
 20
283.4614261543634
 42
0.4142135623730951
 10
384.9731884873373
 20
284.2114261543634
 10
384.9731884873373
 20
296.7614261543634
 42
0.4142135623730951
 10
384.2231884873373
 20
297.5114261543634
 10
371.6731884873373
 20
297.5114261543634
 42
0.4142135623730951
 10
370.9231884873373
 20
296.7614261543634
 10
370.9231884873373
 20
284.2114261543634
 42
0.4142135623730951
  0
LWPOLYLINE
  5
1277
330
70
100
AcDbEntity
  8
0
100
AcDbPolyline
 90
        8
 70
     1
 43
0.0
 10
381.1981884873369
 20
264.4114261543659
 10
393.748188487337
 20
264.4114261543659
 42
0.4142135623730951
 10
394.4981884873369
 20
265.1614261543659
 10
394.4981884873369
 20
277.7114261543659
 42
0.4142135623730951
 10
393.748188487337
 20
278.4614261543659
 10
381.1981884873369
 20
278.4614261543659
 42
0.4142135623730951
 10
380.4481884873369
 20
277.7114261543659
 10
380.4481884873369
 20
265.1614261543659
 42
0.4142135623730951
  0
LWPOLYLINE
  5
1278
330
70
100
AcDbEntity
  8
0
100
AcDbPolyline
 90
        8
 70
     1
 43
0.0
 10
400.2481884873366
 20
264.4114261543659
 10
412.7981884873365
 20
264.4114261543659
 42
0.4142135623730951
 10
413.5481884873366
 20
265.1614261543659
 10
413.5481884873366
 20
277.7114261543659
 42
0.4142135623730951
 10
412.7981884873365
 20
278.4614261543659
 10
400.2481884873366
 20
278.4614261543659
 42
0.4142135623730951
 10
399.4981884873366
 20
277.7114261543659
 10
399.4981884873366
 20
265.1614261543659
 42
0.4142135623730951
  0
LWPOLYLINE
  5
1279
330
70
100
AcDbEntity
  8
0
100
AcDbPolyline
 90
        8
 70
     1
 43
0.0
 10
419.2981884873372
 20
264.4114261543659
 10
431.8481884873372
 20
264.4114261543659
 42
0.4142135623730951
 10
432.5981884873372
 20
265.1614261543659
 10
432.5981884873372
 20
277.7114261543659
 42
0.4142135623730951
 10
431.8481884873372
 20
278.4614261543659
 10
419.2981884873372
 20
278.4614261543659
 42
0.4142135623730951
 10
418.5481884873373
 20
277.7114261543659
 10
418.5481884873373
 20
265.1614261543659
 42
0.4142135623730951
  0
LWPOLYLINE
  5
127A
330
70
100
AcDbEntity
  8
0
100
AcDbPolyline
 90
        8
 70
     1
 43
0.0
 10
438.3481884873365
 20
264.4114261543659
 10
450.8981884873365
 20
264.4114261543659
 42
0.4142135623730951
 10
451.6481884873365
 20
265.1614261543659
 10
451.6481884873365
 20
277.7114261543659
 42
0.4142135623730951
 10
450.8981884873365
 20
278.4614261543659
 10
438.3481884873365
 20
278.4614261543659
 42
0.4142135623730951
 10
437.5981884873365
 20
277.7114261543659
 10
437.5981884873365
 20
265.1614261543659
 42
0.4142135623730951
  0
LWPOLYLINE
  5
127B
330
70
100
AcDbEntity
  8
0
100
AcDbPolyline
 90
        8
 70
     1
 43
0.0
 10
457.3981884873377
 20
264.411426154365
 10
469.9481884873376
 20
264.411426154365
 42
0.4142135623730951
 10
470.6981884873377
 20
265.161426154365
 10
470.6981884873377
 20
277.711426154365
 42
0.4142135623730951
 10
469.9481884873376
 20
278.461426154365
 10
457.3981884873377
 20
278.461426154365
 42
0.4142135623730951
 10
456.6481884873376
 20
277.711426154365
 10
456.6481884873376
 20
265.161426154365
 42
0.4142135623730951
  0
LWPOLYLINE
  5
127C
330
70
100
AcDbEntity
  8
0
100
AcDbPolyline
 90
        8
 70
     1
 43
0.0
 10
476.4481884873369
 20
264.411426154365
 10
488.9981884873369
 20
264.411426154365
 42
0.4142135623730951
 10
489.748188487337
 20
265.161426154365
 10
489.748188487337
 20
277.711426154365
 42
0.4142135623730951
 10
488.9981884873369
 20
278.461426154365
 10
476.4481884873369
 20
278.461426154365
 42
0.4142135623730951
 10
475.6981884873369
 20
277.711426154365
 10
475.6981884873369
 20
265.161426154365
 42
0.4142135623730951
  0
LWPOLYLINE
  5
127D
330
70
100
AcDbEntity
  8
0
100
AcDbPolyline
 90
        8
 70
     1
 43
0.0
 10
495.4981884873366
 20
264.411426154365
 10
508.0481884873367
 20
264.411426154365
 42
0.4142135623730951
 10
508.7981884873366
 20
265.161426154365
 10
508.7981884873366
 20
277.711426154365
 42
0.4142135623730951
 10
508.0481884873367
 20
278.461426154365
 10
495.4981884873366
 20
278.461426154365
 42
0.4142135623730951
 10
494.7481884873367
 20
277.711426154365
 10
494.7481884873367
 20
265.161426154365
 42
0.4142135623730951
  0
LWPOLYLINE
  5
127E
330
70
100
AcDbEntity
  8
0
100
AcDbPolyline
 90
        8
 70
     1
 43
0.0
 10
514.5481884873372
 20
264.411426154365
 10
527.0981884873371
 20
264.411426154365
 42
0.4142135623730951
 10
527.8481884873372
 20
265.161426154365
 10
527.8481884873372
 20
277.711426154365
 42
0.4142135623730951
 10
527.0981884873371
 20
278.461426154365
 10
514.5481884873372
 20
278.461426154365
 42
0.4142135623730951
 10
513.7981884873372
 20
277.711426154365
 10
513.7981884873372
 20
265.161426154365
 42
0.4142135623730951
  0
LWPOLYLINE
  5
127F
330
70
100
AcDbEntity
  8
0
100
AcDbPolyline
 90
        8
 70
     1
 43
0.0
 10
533.5981884873366
 20
264.411426154365
 10
546.1481884873365
 20
264.411426154365
 42
0.4142135623730951
 10
546.8981884873366
 20
265.161426154365
 10
546.8981884873366
 20
277.711426154365
 42
0.4142135623730951
 10
546.1481884873365
 20
278.461426154365
 10
533.5981884873366
 20
278.461426154365
 42
0.4142135623730951
 10
532.8481884873366
 20
277.711426154365
 10
532.8481884873366
 20
265.161426154365
 42
0.4142135623730951
  0
LWPOLYLINE
  5
1280
330
70
100
AcDbEntity
  8
0
100
AcDbPolyline
 90
        8
 70
     1
 43
0.0
 10
552.6481884873371
 20
264.411426154364
 10
565.1981884873372
 20
264.411426154364
 42
0.4142135623730951
 10
565.9481884873372
 20
265.161426154364
 10
565.9481884873372
 20
277.711426154364
 42
0.4142135623730951
 10
565.1981884873372
 20
278.461426154364
 10
552.6481884873371
 20
278.461426154364
 42
0.4142135623730951
 10
551.8981884873372
 20
277.711426154364
 10
551.8981884873372
 20
265.161426154364
 42
0.4142135623730951
  0
LWPOLYLINE
  5
1281
330
70
100
AcDbEntity
  8
0
100
AcDbPolyline
 90
        8
 70
     1
 43
0.0
 10
578.8419384873365
 20
264.4114261543681
 10
591.3919384873365
 20
264.4114261543681
 42
0.4142135623730951
 10
592.1419384873366
 20
265.1614261543681
 10
592.1419384873366
 20
277.7114261543681
 42
0.4142135623730951
 10
591.3919384873365
 20
278.4614261543682
 10
578.8419384873365
 20
278.4614261543682
 42
0.4142135623730951
 10
578.0919384873365
 20
277.7114261543681
 10
578.0919384873365
 20
265.1614261543681
 42
0.4142135623730951
  0
LWPOLYLINE
  5
1282
330
70
100
AcDbEntity
  8
0
100
AcDbPolyline
 90
        8
 70
     1
 43
0.0
 10
605.0356884873366
 20
264.4114261543681
 10
617.5856884873367
 20
264.4114261543681
 42
0.4142135623730951
 10
618.3356884873367
 20
265.1614261543681
 10
618.3356884873367
 20
277.7114261543681
 42
0.4142135623730951
 10
617.5856884873367
 20
278.4614261543682
 10
605.0356884873366
 20
278.4614261543682
 42
0.4142135623730951
 10
604.2856884873366
 20
277.7114261543681
 10
604.2856884873366
 20
265.1614261543681
 42
0.4142135623730951
  0
LWPOLYLINE
  5
1283
330
70
100
AcDbEntity
  8
0
100
AcDbPolyline
 90
        8
 70
     1
 43
0.0
 10
600.2731884873368
 20
245.3614261543677
 10
612.8231884873368
 20
245.3614261543677
 42
0.4142135623730951
 10
613.5731884873369
 20
246.1114261543677
 10
613.5731884873369
 20
258.6614261543677
 42
0.4142135623730951
 10
612.8231884873368
 20
259.4114261543677
 10
600.2731884873368
 20
259.4114261543677
 42
0.4142135623730951
 10
599.5231884873368
 20
258.6614261543677
 10
599.5231884873368
 20
246.1114261543677
 42
0.4142135623730951
  0
LWPOLYLINE
  5
1284
330
70
100
AcDbEntity
  8
0
100
AcDbPolyline
 90
        8
 70
     1
 43
0.0
 10
576.4606884873367
 20
245.3614261543678
 10
589.0106884873367
 20
245.3614261543678
 42
0.4142135623730951
 10
589.7606884873368
 20
246.1114261543678
 10
589.7606884873368
 20
258.6614261543679
 42
0.4142135623730951
 10
589.0106884873367
 20
259.4114261543678
 10
576.4606884873367
 20
259.4114261543678
 42
0.4142135623730951
 10
575.7106884873366
 20
258.6614261543679
 10
575.7106884873366
 20
246.1114261543678
 42
0.4142135623730951
  0
LWPOLYLINE
  5
1285
330
70
100
AcDbEntity
  8
0
100
AcDbPolyline
 90
        8
 70
     1
 43
0.0
 10
552.6481884873367
 20
245.3614261543678
 10
565.1981884873366
 20
245.3614261543678
 42
0.4142135623730951
 10
565.9481884873367
 20
246.1114261543678
 10
565.9481884873367
 20
258.6614261543679
 42
0.4142135623730951
 10
565.1981884873366
 20
259.4114261543678
 10
552.6481884873367
 20
259.4114261543678
 42
0.4142135623730951
 10
551.8981884873367
 20
258.6614261543679
 10
551.8981884873367
 20
246.1114261543678
 42
0.4142135623730951
  0
LWPOLYLINE
  5
1286
330
70
100
AcDbEntity
  8
0
100
AcDbPolyline
 90
        8
 70
     1
 43
0.0
 10
343.0981884873365
 20
245.3614261543677
 10
355.6481884873365
 20
245.3614261543677
 42
0.4142135623730951
 10
356.3981884873365
 20
246.1114261543677
 10
356.3981884873365
 20
258.6614261543677
 42
0.4142135623730951
 10
355.6481884873365
 20
259.4114261543677
 10
343.0981884873365
 20
259.4114261543677
 42
0.4142135623730951
 10
342.3481884873365
 20
258.6614261543677
 10
342.3481884873365
 20
246.1114261543677
 42
0.4142135623730951
  0
LWPOLYLINE
  5
1287
330
70
100
AcDbEntity
  8
0
100
AcDbPolyline
 90
        8
 70
     1
 43
0.0
 10
366.9106884873365
 20
245.3614261543678
 10
379.4606884873365
 20
245.3614261543678
 42
0.4142135623730951
 10
380.2106884873365
 20
246.1114261543678
 10
380.2106884873365
 20
258.6614261543679
 42
0.4142135623730951
 10
379.4606884873365
 20
259.4114261543678
 10
366.9106884873365
 20
259.4114261543678
 42
0.4142135623730951
 10
366.1606884873365
 20
258.6614261543679
 10
366.1606884873365
 20
246.1114261543678
 42
0.4142135623730951
  0
LWPOLYLINE
  5
1288
330
70
100
AcDbEntity
  8
0
100
AcDbPolyline
 90
        8
 70
     1
 43
0.0
 10
390.7231884873366
 20
245.3614261543678
 10
403.2731884873365
 20
245.3614261543678
 42
0.4142135623730951
 10
404.0231884873365
 20
246.1114261543678
 10
404.0231884873365
 20
258.6614261543679
 42
0.4142135623730951
 10
403.2731884873365
 20
259.4114261543678
 10
390.7231884873366
 20
259.4114261543678
 42
0.4142135623730951
 10
389.9731884873365
 20
258.6614261543679
 10
389.9731884873365
 20
246.1114261543678
 42
0.4142135623730951
  0
ENDSEC
  0
SECTION
  2
OBJECTS
  0
DICTIONARY
  5
C
330
0
100
AcDbDictionary
281
     1
  3
ACAD_CIP_PREVIOUS_PRODUCT_INFO
350
6A8
  3
ACAD_COLOR
350
63
  3
ACAD_DETAILVIEWSTYLE
350
6A
  3
ACAD_GROUP
350
D
  3
ACAD_LAYOUT
350
62
  3
ACAD_MATERIAL
350
10
  3
ACAD_MLEADERSTYLE
350
66
  3
ACAD_MLINESTYLE
350
5F
  3
ACAD_PLOTSETTINGS
350
61
  3
ACAD_PLOTSTYLENAME
350
E
  3
ACAD_SCALELIST
350
42
  3
ACAD_SECTIONVIEWSTYLE
350
68
  3
ACAD_TABLESTYLE
350
64
  3
ACAD_VISUALSTYLE
350
29
  3
ACDB_RECOMPOSE_DATA
350
12C6
  3
AcDbVariableDictionary
350
691
  0
DICTIONARY
  5
789
330
2
100
AcDbDictionary
280
     1
281
     1
  3
ACAD_LAYERSTATES
360
78A
  0
DICTIONARY
  5
AE
330
70
100
AcDbDictionary
280
     1
281
     1
  3
ACAD_SORTENTS
360
AF
  0
XRECORD
  5
6A8
102
{ACAD_REACTORS
330
C
102
}
330
C
100
AcDbXrecord
280
     1
300
ACD
300
2022
300

  0
DICTIONARY
  5
63
102
{ACAD_REACTORS
330
C
102
}
330
C
100
AcDbDictionary
281
     1
  0
DICTIONARY
  5
6A
102
{ACAD_REACTORS
330
C
102
}
330
C
100
AcDbDictionary
281
     1
  3
Imperial24
350
6B
  3
Metric50
350
6A2
  0
DICTIONARY
  5
D
102
{ACAD_REACTORS
330
C
102
}
330
C
100
AcDbDictionary
281
     1
  0
DICTIONARY
  5
62
102
{ACAD_REACTORS
330
C
102
}
330
C
100
AcDbDictionary
281
     1
  3
Model
350
73
  3
Sheet1
350
6F
  3
Sheet2
350
77
  0
DICTIONARY
  5
10
102
{ACAD_REACTORS
330
C
102
}
330
C
100
AcDbDictionary
281
     1
  3
ByBlock
350
19
  3
ByLayer
350
11
  3
Global
350
21
  0
DICTIONARY
  5
66
102
{ACAD_REACTORS
330
C
102
}
330
C
100
AcDbDictionary
281
     1
  3
Standard
350
67
  0
DICTIONARY
  5
5F
102
{ACAD_REACTORS
330
C
102
}
330
C
100
AcDbDictionary
281
     1
  3
Standard
350
60
  0
DICTIONARY
  5
61
102
{ACAD_REACTORS
330
C
102
}
330
C
100
AcDbDictionary
281
     1
  0
ACDBDICTIONARYWDFLT
  5
E
102
{ACAD_REACTORS
330
C
102
}
330
C
100
AcDbDictionary
281
     1
  3
Normal
350
F
100
AcDbDictionaryWithDefault
340
F
  0
DICTIONARY
  5
42
102
{ACAD_REACTORS
330
C
102
}
330
C
100
AcDbDictionary
281
     1
  3
*A1
350
9E
  3
*A10
350
A0
  3
*A11
350
A1
  3
*A12
350
A2
  3
*A13
350
A3
  3
*A14
350
A4
  3
*A15
350
A5
  3
*A16
350
A6
  3
*A2
350
A7
  3
*A3
350
A8
  3
*A4
350
A9
  3
*A5
350
AA
  3
*A6
350
AB
  3
*A7
350
AC
  3
*A8
350
AD
  3
*A9
350
9F
  3
A0
350
43
  3
A1
350
44
  3
A2
350
45
  3
A3
350
46
  3
A4
350
47
  3
A5
350
48
  3
A6
350
49
  3
A7
350
4A
  3
A8
350
4B
  3
A9
350
4C
  3
B0
350
4D
  3
B1
350
4E
  3
B2
350
4F
  3
B3
350
50
  3
B4
350
51
  3
B5
350
52
  3
B6
350
53
  0
DICTIONARY
  5
68
102
{ACAD_REACTORS
330
C
102
}
330
C
100
AcDbDictionary
281
     1
  3
Imperial24
350
69
  3
Metric50
350
6A1
  0
DICTIONARY
  5
64
102
{ACAD_REACTORS
330
C
102
}
330
C
100
AcDbDictionary
281
     1
  3
Standard
350
65
  0
DICTIONARY
  5
29
102
{ACAD_REACTORS
330
C
102
}
330
C
100
AcDbDictionary
281
     1
  3
2dWireframe
350
2F
  3
Basic
350
2E
  3
Brighten
350
35
  3
ColorChange
350
39
  3
Conceptual
350
32
  3
Dim
350
34
  3
EdgeColorOff
350
41
  3
Facepattern
350
38
  3
Flat
350
2A
  3
FlatWithEdges
350
2B
  3
Gouraud
350
2C
  3
GouraudWithEdges
350
2D
  3
Hidden
350
31
  3
JitterOff
350
3F
  3
Linepattern
350
37
  3
OverhangOff
350
40
  3
Realistic
350
33
  3
Shaded
350
3E
  3
Shaded with edges
350
3D
  3
Shades of Gray
350
3A
  3
Sketchy
350
3B
  3
Thicken
350
36
  3
Wireframe
350
30
  3
X-Ray
350
3C
  0
XRECORD
  5
12C6
102
{ACAD_REACTORS
330
C
102
}
330
C
100
AcDbXrecord
280
     1
 90
        1
330
65
  0
DICTIONARY
  5
691
102
{ACAD_REACTORS
330
C
102
}
330
C
100
AcDbDictionary
281
     1
  3
ANNOALLVISIBLE
350
696
  3
CANNOSCALE
350
697
  3
CMLEADERSTYLE
350
693
  3
CTABLESTYLE
350
692
  3
CVIEWDETAILSTYLE
350
694
  3
CVIEWSECTIONSTYLE
350
695
  0
DICTIONARY
  5
78A
102
{ACAD_REACTORS
330
789
102
}
330
789
100
AcDbDictionary
281
     1
  0
SORTENTSTABLE
  5
AF
102
{ACAD_REACTORS
330
AE
102
}
330
AE
100
AcDbSortentsTable
330
70
331
3F3
  5
3F4
331
3F4
  5
3F5
331
3F5
  5
3F6
331
3F6
  5
3F7
331
3F7
  5
3F8
331
3F8
  5
3F9
331
3F9
  5
3FA
331
3FA
  5
3FB
331
3FB
  5
3FC
331
3FC
  5
3FD
331
3FD
  5
3FE
331
3FE
  5
3FF
331
3FF
  5
441
331
441
  5
442
331
442
  5
443
331
443
  5
444
331
444
  5
445
331
445
  5
446
331
446
  5
447
331
447
  5
448
331
448
  5
449
331
449
  5
44A
331
44A
  5
495
331
495
  5
496
331
496
  5
497
331
497
  5
498
331
498
  5
499
331
499
  5
49A
331
49A
  5
49B
331
49B
  5
49C
331
49C
  5
49D
331
49D
  5
49E
331
49E
  5
49F
331
49F
  5
4A0
331
4A0
  5
4A1
331
4A1
  5
4A2
331
4A2
  5
4A3
331
4A3
  5
4A4
331
4A4
  5
4A5
331
4A5
  5
4A6
331
4A6
  5
4A7
331
4A7
  5
4A8
331
4A8
  5
4A9
331
4A9
  5
4AA
331
4AA
  5
4AB
331
4AB
  5
4AC
331
4AC
  5
4AD
331
4AD
  5
4AE
331
4AE
  5
4AF
331
4AF
  5
4B0
331
4B0
  5
4B1
331
4B1
  5
4B2
331
4B2
  5
4B3
331
4B3
  5
4B4
331
4B4
  5
4B5
331
4B5
  5
4B6
331
4B6
  5
4B7
331
4B7
  5
4B8
331
4B8
  5
4B9
331
4B9
  5
4BA
331
4BA
  5
4BB
331
4BB
  5
4BC
331
4BC
  5
4BD
331
4BD
  5
4BE
331
4BE
  5
4BF
331
4BF
  5
4C0
331
4C0
  5
4C1
331
4C1
  5
4C2
331
4C2
  5
4C3
331
4C3
  5
4C4
331
4C4
  5
4C5
331
4C5
  5
4C6
331
4C6
  5
4C7
331
4C7
  5
4C8
331
4C8
  5
4C9
331
4C9
  5
4CA
331
4CA
  5
4CB
331
4CB
  5
4CC
331
4CC
  5
4CD
331
4CD
  5
4CE
331
4CE
  5
4CF
331
4CF
  5
4D0
331
4D0
  5
4D1
331
4D1
  5
4D2
331
4D2
  5
4D3
331
4D3
  5
4D4
331
4D4
  5
4D5
331
4D5
  5
4D6
331
4D6
  5
4D7
331
4D7
  5
4D8
331
4D8
  5
4D9
331
4D9
  5
4DA
331
4DA
  5
4DB
331
4DB
  5
4DC
331
4DC
  5
4DD
331
4DD
  5
4DE
331
4DE
  5
4DF
331
4DF
  5
4E0
331
4E0
  5
4E1
331
4E1
  5
4E2
331
4E2
  5
4E3
331
4E3
  5
4E4
331
4E4
  5
4E5
331
4E5
  5
4E6
331
4E6
  5
4E7
331
4E7
  5
4E8
331
4E8
  5
4E9
331
4E9
  5
4EA
331
4EA
  5
4EB
331
4EB
  5
4EC
331
4EC
  5
4ED
331
4ED
  5
4EE
331
4EE
  5
4EF
331
4EF
  5
4F0
331
4F0
  5
4F1
331
4F1
  5
4F2
331
4F2
  5
4F3
331
4F3
  5
4F4
331
4F4
  5
50D
331
50D
  5
50E
331
50E
  5
50F
331
50F
  5
510
331
510
  5
511
331
511
  5
512
331
512
  5
513
331
513
  5
514
331
514
  5
515
331
515
  5
516
331
516
  5
517
331
517
  5
518
331
518
  5
519
331
519
  5
51A
331
51A
  5
51B
331
51B
  5
51C
331
51C
  5
51D
331
51D
  5
51E
331
51E
  5
51F
331
51F
  5
520
331
520
  5
521
331
521
  5
522
331
522
  5
523
331
523
  5
524
331
524
  5
525
331
525
  5
526
331
526
  5
527
331
527
  5
528
331
528
  5
529
331
529
  5
52A
331
52A
  5
52B
331
52B
  5
52C
331
52C
  5
52D
331
52D
  5
52E
331
52E
  5
52F
331
52F
  5
530
331
530
  5
531
331
531
  5
532
331
532
  5
533
331
533
  5
534
331
534
  5
535
331
535
  5
536
331
536
  5
537
331
537
  5
538
331
538
  5
539
331
539
  5
53A
331
53A
  5
53B
331
53B
  5
53C
331
53C
  5
53D
331
53D
  5
53E
331
53E
  5
53F
331
53F
  5
540
331
540
  5
541
331
541
  5
542
331
542
  5
543
331
543
  5
544
331
544
  5
545
331
545
  5
546
331
546
  5
547
331
547
  5
548
331
548
  5
549
331
549
  5
54A
331
54A
  5
54B
331
54B
  5
54C
331
54C
  5
54D
331
54D
  5
54E
331
54E
  5
54F
331
54F
  5
550
331
550
  5
551
331
551
  5
552
331
552
  5
553
331
553
  5
554
331
554
  5
555
331
555
  5
556
331
556
  5
557
331
557
  5
558
331
558
  5
559
331
559
  5
55A
331
55A
  5
55B
331
55B
  5
55C
331
55C
  5
55D
331
55D
  5
55E
331
55E
  5
55F
331
55F
  5
560
331
560
  5
561
331
561
  5
562
331
562
  5
563
331
563
  5
564
331
564
  5
565
331
565
  5
566
331
566
  5
567
331
567
  5
568
331
568
  5
569
331
569
  5
56A
331
56A
  5
56B
331
56B
  5
56C
331
56C
  5
56D
331
56D
  5
56E
331
56E
  5
56F
331
56F
  5
570
331
570
  5
571
331
571
  5
572
331
572
  5
573
331
573
  5
574
331
574
  5
575
331
575
  5
576
331
576
  5
577
331
577
  5
578
331
578
  5
579
331
579
  5
57A
331
57A
  5
57B
331
57B
  5
57C
331
57C
  5
57D
331
57D
  5
57E
331
57E
  5
57F
331
57F
  5
580
331
580
  5
581
331
581
  5
582
331
582
  5
583
331
583
  5
584
331
584
  5
585
331
585
  5
586
331
586
  5
587
331
587
  5
588
331
588
  5
589
331
589
  5
58A
331
58A
  5
58B
331
58B
  5
58C
331
58C
  5
58D
331
58D
  5
58E
331
58E
  5
58F
331
58F
  5
590
331
590
  5
591
331
591
  5
592
331
592
  5
593
331
593
  5
594
331
594
  5
595
331
595
  5
596
331
596
  5
597
331
597
  5
598
331
598
  5
599
331
599
  5
59A
331
59A
  5
59B
331
59B
  5
59C
331
59C
  5
59D
331
59D
  5
59E
331
59E
  5
59F
331
59F
  5
5A0
331
5A0
  5
5A1
331
5A1
  5
5A2
331
5A2
  5
5A3
331
5A3
  5
5A4
331
5A4
  5
5A5
331
5A5
  5
5A6
331
5A6
  5
5A7
331
5A7
  5
5A8
331
5A8
  5
5A9
331
5A9
  5
5AA
331
5AA
  5
5AB
331
5AB
  5
5AC
331
5AC
  5
5AD
331
5AD
  5
5AE
331
5AE
  5
5AF
331
5AF
  5
5B0
331
5B0
  5
5B1
331
5B1
  5
5B2
331
5B2
  5
5B3
331
5B3
  5
5B4
331
5B4
  5
5B5
331
5B5
  5
5B6
331
5B6
  5
5B7
331
5B7
  5
5B8
331
5B8
  5
5B9
331
5B9
  5
5BA
331
5BA
  5
5BB
331
5BB
  5
5BC
331
5BC
  5
5BD
331
5BD
  5
5BE
331
5BE
  5
5BF
331
5BF
  5
5C0
331
5C0
  5
5C1
331
5C1
  5
5C2
331
5C2
  5
5C3
331
5C3
  5
5C4
331
5C4
  5
5C5
331
5C5
  5
5C6
331
5C6
  5
5C7
331
5C7
  5
5C8
331
5C8
  5
5C9
331
5C9
  5
5CA
331
5CA
  5
5CB
331
5CB
  5
5CC
331
5CC
  5
5CD
331
5CD
  5
5CE
331
5CE
  5
5CF
331
5CF
  5
5D0
331
5D0
  5
5D1
331
5D1
  5
5D2
331
5D2
  5
5D3
331
5D3
  5
5D4
331
5D4
  5
5D5
331
5D5
  5
5D6
331
5D6
  5
5D7
331
5D7
  5
5D8
331
5D8
  5
5D9
331
5D9
  5
5DA
331
5DA
  5
5DB
331
5DB
  5
5DC
331
5DC
  5
5DD
331
5DD
  5
5DE
331
5DE
  5
5DF
331
5DF
  5
5E0
331
5E0
  5
5E1
331
5E1
  5
5E2
331
5E2
  5
5E3
331
5E3
  5
5E4
331
5E4
  5
5E5
331
5E5
  5
5E6
331
5E6
  5
5E7
331
5E7
  5
5E8
331
5E8
  5
5E9
331
5E9
  5
5EA
331
5EA
  5
5EB
331
5EB
  5
5EC
331
5EC
  5
5ED
331
5ED
  5
5EE
331
5EE
  5
5EF
331
5EF
  5
5F0
331
5F0
  5
5F1
331
5F1
  5
5F2
331
5F2
  5
5F3
331
5F3
  5
5F4
331
5F4
  5
5F8
331
610
  5
611
331
611
  5
612
331
612
  5
613
331
613
  5
614
331
614
  5
615
331
615
  5
616
331
616
  5
617
331
617
  5
619
331
632
  5
633
331
633
  5
634
331
634
  5
635
331
635
  5
636
331
636
  5
637
331
637
  5
638
331
638
  5
639
331
639
  5
63A
331
66A
  5
66B
331
66B
  5
66C
331
66C
  5
66D
331
66D
  5
66E
331
66E
  5
66F
331
66F
  5
670
331
670
  5
671
331
671
  5
672
331
672
  5
673
331
673
  5
674
331
674
  5
675
331
675
  5
676
331
676
  5
677
331
677
  5
678
331
678
  5
679
331
679
  5
68F
331
68F
  5
6B1
331
6B1
  5
6B2
331
6B2
  5
6B3
331
6B3
  5
6B4
331
6B4
  5
6B5
331
6B5
  5
6B6
331
6B6
  5
6B7
331
6B7
  5
6B8
331
6B8
  5
6B9
331
6B9
  5
6BA
331
6BA
  5
6BB
331
6BB
  5
6BC
331
6BC
  5
6BD
331
6BD
  5
6BE
331
6BE
  5
6BF
331
6BF
  5
6C0
331
6C0
  5
6C1
331
6C1
  5
6C2
331
6C2
  5
6C3
331
6C3
  5
6C4
331
6C4
  5
6C5
331
6C5
  5
6C6
331
6C6
  5
6C7
331
6C7
  5
6C8
331
6C8
  5
6C9
331
6C9
  5
6CA
331
6CA
  5
6CB
331
6CB
  5
6CC
331
6CC
  5
6CD
331
6CD
  5
6CE
331
6CE
  5
6CF
331
6CF
  5
6D0
331
6D0
  5
6D1
331
6D1
  5
6D2
331
6D2
  5
6D3
331
6D3
  5
6D4
331
6D4
  5
6D5
331
6D5
  5
6D6
331
6D6
  5
6D7
331
6D7
  5
6D8
331
6D8
  5
6D9
331
6D9
  5
6DA
331
6DA
  5
6DB
331
6DB
  5
6DC
331
6DC
  5
6DD
331
6DD
  5
6DE
331
6DE
  5
6DF
331
6DF
  5
6E0
331
6E0
  5
6E1
331
6E1
  5
6E2
331
6E2
  5
6E3
331
6E3
  5
6E4
331
6E4
  5
6E5
331
6E5
  5
6E6
331
6E6
  5
6E7
331
6E7
  5
6E8
331
6E8
  5
6E9
331
6E9
  5
6EA
331
6EA
  5
6EB
331
6EB
  5
6EC
331
6EC
  5
6ED
331
6ED
  5
6EE
331
6EE
  5
6EF
331
6EF
  5
6F0
331
6F0
  5
6F1
  0
ACDBDETAILVIEWSTYLE
  5
6B
102
{ACAD_XDICTIONARY
360
12FB
102
}
102
{ACAD_REACTORS
330
6A
102
}
330
6A
100
AcDbModelDocViewStyle
 70
     0
  3
Imperial24
290
     0
100
AcDbDetailViewStyle
 70
     0
 71
     0
 90
        3
 71
     1
340
55
 62
   256
 40
0.24
340
0
 62
   256
 40
0.24
300

 40
0.36
280
     3
 71
     2
340
5D
 90
       25
 62
   256
 71
     3
340
55
 62
   256
 40
0.24
 90
        1
 40
0.75
 90
        1
300
%<\AcVar ViewType \f "%tc1">% %<\AcVar ViewDetailId>%\PSCALE %<\AcVar ViewScale \f "%sn">%
 71
     4
340
5D
 90
       25
 62
   256
340
5D
 90
       25
 62
   256
280
     0
  0
ACDBDETAILVIEWSTYLE
  5
6A2
102
{ACAD_XDICTIONARY
360
12FF
102
}
102
{ACAD_REACTORS
330
6A
102
}
330
6A
100
AcDbModelDocViewStyle
 70
     0
  3
Metric50
290
     0
100
AcDbDetailViewStyle
 70
     0
 71
     0
 90
        3
 71
     1
340
55
 62
   256
 40
5.0
340
0
 62
   256
 40
5.0
300

 40
0.0
280
     1
 71
     2
340
5D
 90
       25
 62
   256
 71
     3
340
55
 62
   256
 40
5.0
 90
        0
 40
15.0
 90
        1
300
%<\AcVar ViewDetailId>% (%<\AcVar ViewScale \f "%sn">%)
 71
     4
340
5D
 90
       25
 62
   256
340
5D
 90
       25
 62
   256
280
     0
  0
LAYOUT
  5
73
102
{ACAD_REACTORS
330
62
102
}
330
62
100
AcDbPlotSettings
  1

  2
AutoCAD PDF (High Quality Print).pc3
  4
ISO_full_bleed_A3_(420.00_x_297.00_MM)
  6

 40
0.0
 41
0.0
 42
0.0
 43
0.0
 44
420.0
 45
297.0
 46
0.0
 47
0.0
 48
0.0
 49
0.0
140
0.0
141
0.0
142
1.0
143
1.289981999999999
 70
 11952
 72
     1
 73
     0
 74
     0
  7

 75
     0
147
0.775204
 76
     0
 77
     2
 78
   300
148
80.03687099999998
149
10.218549
100
AcDbLayout
  1
Model
 70
     1
 71
     0
 10
0.0
 20
0.0
 11
12.0
 21
9.0
 12
0.0
 22
0.0
 32
0.0
 14
0.0
 24
0.0
 34
0.0
 15
0.0
 25
0.0
 35
0.0
146
0.0
 13
0.0
 23
0.0
 33
0.0
 16
1.0
 26
0.0
 36
0.0
 17
0.0
 27
1.0
 37
0.0
 76
     0
330
70
331
57
1001
ACAD_PSEXT
1000
AutoCAD PDF (High Quality Print).pc3
1000
DWG To PDF
1000
File
1000

1070
     0
  0
LAYOUT
  5
6F
102
{ACAD_REACTORS
330
62
102
}
330
62
100
AcDbPlotSettings
  1

  2
None
  4

  6

 40
0.0
 41
0.0
 42
0.0
 43
0.0
 44
0.0
 45
0.0
 46
0.0
 47
0.0
 48
0.0
 49
0.0
140
0.0
141
0.0
142
1.0
143
1.0
 70
   688
 72
     0
 73
     0
 74
     5
  7

 75
    16
147
1.0
 76
     0
 77
     2
 78
   300
148
0.0
149
0.0
100
AcDbLayout
  1
Sheet1
 70
     1
 71
     1
 10
0.0
 20
0.0
 11
12.0
 21
9.0
 12
0.0
 22
0.0
 32
0.0
 14
1.000000000000000E+20
 24
1.000000000000000E+20
 34
1.000000000000000E+20
 15
-1.000000000000000E+20
 25
-1.000000000000000E+20
 35
-1.000000000000000E+20
146
0.0
 13
0.0
 23
0.0
 33
0.0
 16
1.0
 26
0.0
 36
0.0
 17
0.0
 27
1.0
 37
0.0
 76
     0
330
6C
  0
LAYOUT
  5
77
102
{ACAD_REACTORS
330
62
102
}
330
62
100
AcDbPlotSettings
  1

  2
None
  4

  6

 40
0.0
 41
0.0
 42
0.0
 43
0.0
 44
0.0
 45
0.0
 46
0.0
 47
0.0
 48
0.0
 49
0.0
140
0.0
141
0.0
142
1.0
143
1.0
 70
   688
 72
     0
 73
     0
 74
     5
  7

 75
    16
147
1.0
 76
     0
 77
     2
 78
   300
148
0.0
149
0.0
100
AcDbLayout
  1
Sheet2
 70
     1
 71
     2
 10
0.0
 20
0.0
 11
12.0
 21
9.0
 12
0.0
 22
0.0
 32
0.0
 14
0.0
 24
0.0
 34
0.0
 15
0.0
 25
0.0
 35
0.0
146
0.0
 13
0.0
 23
0.0
 33
0.0
 16
1.0
 26
0.0
 36
0.0
 17
0.0
 27
1.0
 37
0.0
 76
     0
330
74
  0
MATERIAL
  5
19
102
{ACAD_XDICTIONARY
360
1A
102
}
102
{ACAD_REACTORS
330
10
102
}
330
10
100
AcDbMaterial
  1
ByBlock
 72
     0
 43
0.020833
 43
0.0
 43
0.0
 43
0.0
 43
0.0
 43
0.020833
 43
0.0
 43
0.0
 43
0.0
 43
0.0
 43
1.0
 43
0.0
 43
0.0
 43
0.0
 43
0.0
 43
1.0
 77
     0
 47
0.020833
 47
0.0
 47
0.0
 47
0.0
 47
0.0
 47
0.020833
 47
0.0
 47
0.0
 47
0.0
 47
0.0
 47
1.0
 47
0.0
 47
0.0
 47
0.0
 47
0.0
 47
1.0
171
     0
 49
0.020833
 49
0.0
 49
0.0
 49
0.0
 49
0.0
 49
0.020833
 49
0.0
 49
0.0
 49
0.0
 49
0.0
 49
1.0
 49
0.0
 49
0.0
 49
0.0
 49
0.0
 49
1.0
175
     0
142
0.020833
142
0.0
142
0.0
142
0.0
142
0.0
142
0.020833
142
0.0
142
0.0
142
0.0
142
0.0
142
1.0
142
0.0
142
0.0
142
0.0
142
0.0
142
1.0
179
     0
144
0.020833
144
0.0
144
0.0
144
0.0
144
0.0
144
0.020833
144
0.0
144
0.0
144
0.0
144
0.0
144
1.0
144
0.0
144
0.0
144
0.0
144
0.0
144
1.0
147
0.020833
147
0.0
147
0.0
147
0.0
147
0.0
147
0.020833
147
0.0
147
0.0
147
0.0
147
0.0
147
1.0
147
0.0
147
0.0
147
0.0
147
0.0
147
1.0
  0
MATERIAL
  5
11
102
{ACAD_XDICTIONARY
360
12
102
}
102
{ACAD_REACTORS
330
10
102
}
330
10
100
AcDbMaterial
  1
ByLayer
 72
     0
 43
0.020833
 43
0.0
 43
0.0
 43
0.0
 43
0.0
 43
0.020833
 43
0.0
 43
0.0
 43
0.0
 43
0.0
 43
1.0
 43
0.0
 43
0.0
 43
0.0
 43
0.0
 43
1.0
 77
     0
 47
0.020833
 47
0.0
 47
0.0
 47
0.0
 47
0.0
 47
0.020833
 47
0.0
 47
0.0
 47
0.0
 47
0.0
 47
1.0
 47
0.0
 47
0.0
 47
0.0
 47
0.0
 47
1.0
171
     0
 49
0.020833
 49
0.0
 49
0.0
 49
0.0
 49
0.0
 49
0.020833
 49
0.0
 49
0.0
 49
0.0
 49
0.0
 49
1.0
 49
0.0
 49
0.0
 49
0.0
 49
0.0
 49
1.0
175
     0
142
0.020833
142
0.0
142
0.0
142
0.0
142
0.0
142
0.020833
142
0.0
142
0.0
142
0.0
142
0.0
142
1.0
142
0.0
142
0.0
142
0.0
142
0.0
142
1.0
179
     0
144
0.020833
144
0.0
144
0.0
144
0.0
144
0.0
144
0.020833
144
0.0
144
0.0
144
0.0
144
0.0
144
1.0
144
0.0
144
0.0
144
0.0
144
0.0
144
1.0
147
0.020833
147
0.0
147
0.0
147
0.0
147
0.0
147
0.020833
147
0.0
147
0.0
147
0.0
147
0.0
147
1.0
147
0.0
147
0.0
147
0.0
147
0.0
147
1.0
  0
MATERIAL
  5
21
102
{ACAD_XDICTIONARY
360
22
102
}
102
{ACAD_REACTORS
330
10
102
}
330
10
100
AcDbMaterial
  1
Global
 72
     0
 43
0.020833
 43
0.0
 43
0.0
 43
0.0
 43
0.0
 43
0.020833
 43
0.0
 43
0.0
 43
0.0
 43
0.0
 43
1.0
 43
0.0
 43
0.0
 43
0.0
 43
0.0
 43
1.0
 77
     0
 47
0.020833
 47
0.0
 47
0.0
 47
0.0
 47
0.0
 47
0.020833
 47
0.0
 47
0.0
 47
0.0
 47
0.0
 47
1.0
 47
0.0
 47
0.0
 47
0.0
 47
0.0
 47
1.0
171
     0
 49
0.020833
 49
0.0
 49
0.0
 49
0.0
 49
0.0
 49
0.020833
 49
0.0
 49
0.0
 49
0.0
 49
0.0
 49
1.0
 49
0.0
 49
0.0
 49
0.0
 49
0.0
 49
1.0
175
     0
142
0.020833
142
0.0
142
0.0
142
0.0
142
0.0
142
0.020833
142
0.0
142
0.0
142
0.0
142
0.0
142
1.0
142
0.0
142
0.0
142
0.0
142
0.0
142
1.0
179
     0
144
0.020833
144
0.0
144
0.0
144
0.0
144
0.0
144
0.020833
144
0.0
144
0.0
144
0.0
144
0.0
144
1.0
144
0.0
144
0.0
144
0.0
144
0.0
144
1.0
147
0.020833
147
0.0
147
0.0
147
0.0
147
0.0
147
0.020833
147
0.0
147
0.0
147
0.0
147
0.0
147
1.0
147
0.0
147
0.0
147
0.0
147
0.0
147
1.0
  0
MLEADERSTYLE
  5
67
102
{ACAD_XDICTIONARY
360
12F7
102
}
102
{ACAD_REACTORS
330
66
102
}
330
66
100
AcDbMLeaderStyle
179
     2
170
     2
171
     1
172
     0
 90
        2
 40
0.0
 41
0.0
173
     1
 91
-1056964608
340
5B
 92
       -2
290
     1
 42
0.09
291
     1
 43
0.36
  3
Standard
 44
0.18
300

342
55
174
     1
178
     6
175
     1
176
     0
 93
-1056964608
 45
0.18
292
     0
297
     0
 46
0.18
 94
-1056964608
 47
1.0
 49
1.0
140
1.0
293
     1
141
0.0
294
     1
177
     0
142
1.0
295
     0
296
     0
143
0.125
271
     0
272
     9
273
     9
  0
MLINESTYLE
  5
60
102
{ACAD_REACTORS
330
5F
102
}
330
5F
100
AcDbMlineStyle
  2
STANDARD
 70
     0
  3

 62
   256
 51
90.0
 52
90.0
 71
     0
  0
ACDBPLACEHOLDER
  5
F
102
{ACAD_REACTORS
330
E
102
}
330
E
  0
SCALE
  5
9E
102
{ACAD_REACTORS
330
42
102
}
330
42
100
AcDbScale
 70
     0
300
1:2
140
1.0
141
2.0
290
     0
  0
SCALE
  5
A0
102
{ACAD_REACTORS
330
42
102
}
330
42
100
AcDbScale
 70
     0
300
1:5
140
1.0
141
5.0
290
     0
  0
SCALE
  5
A1
102
{ACAD_REACTORS
330
42
102
}
330
42
100
AcDbScale
 70
     0
300
1:8
140
1.0
141
8.0
290
     0
  0
SCALE
  5
A2
102
{ACAD_REACTORS
330
42
102
}
330
42
100
AcDbScale
 70
     0
300
1:10
140
1.0
141
10.0
290
     0
  0
SCALE
  5
A3
102
{ACAD_REACTORS
330
42
102
}
330
42
100
AcDbScale
 70
     0
300
1:16
140
1.0
141
16.0
290
     0
  0
SCALE
  5
A4
102
{ACAD_REACTORS
330
42
102
}
330
42
100
AcDbScale
 70
     0
300
1:20
140
1.0
141
20.0
290
     0
  0
SCALE
  5
A5
102
{ACAD_REACTORS
330
42
102
}
330
42
100
AcDbScale
 70
     0
300
1:30
140
1.0
141
30.0
290
     0
  0
SCALE
  5
A6
102
{ACAD_REACTORS
330
42
102
}
330
42
100
AcDbScale
 70
     0
300
1:40
140
1.0
141
40.0
290
     0
  0
SCALE
  5
A7
102
{ACAD_REACTORS
330
42
102
}
330
42
100
AcDbScale
 70
     0
300
1:50
140
1.0
141
50.0
290
     0
  0
SCALE
  5
A8
102
{ACAD_REACTORS
330
42
102
}
330
42
100
AcDbScale
 70
     0
300
1:100
140
1.0
141
100.0
290
     0
  0
SCALE
  5
A9
102
{ACAD_REACTORS
330
42
102
}
330
42
100
AcDbScale
 70
     0
300
2:1
140
2.0
141
1.0
290
     0
  0
SCALE
  5
AA
102
{ACAD_REACTORS
330
42
102
}
330
42
100
AcDbScale
 70
     0
300
4:1
140
4.0
141
1.0
290
     0
  0
SCALE
  5
AB
102
{ACAD_REACTORS
330
42
102
}
330
42
100
AcDbScale
 70
     0
300
8:1
140
8.0
141
1.0
290
     0
  0
SCALE
  5
AC
102
{ACAD_REACTORS
330
42
102
}
330
42
100
AcDbScale
 70
     0
300
10:1
140
10.0
141
1.0
290
     0
  0
SCALE
  5
AD
102
{ACAD_REACTORS
330
42
102
}
330
42
100
AcDbScale
 70
     0
300
100:1
140
100.0
141
1.0
290
     0
  0
SCALE
  5
9F
102
{ACAD_REACTORS
330
42
102
}
330
42
100
AcDbScale
 70
     0
300
1:4
140
1.0
141
4.0
290
     0
  0
SCALE
  5
43
102
{ACAD_REACTORS
330
42
102
}
330
42
100
AcDbScale
 70
     0
300
1:1
140
1.0
141
1.0
290
     1
  0
SCALE
  5
44
102
{ACAD_REACTORS
330
42
102
}
330
42
100
AcDbScale
 70
     0
300
1/128" = 1'-0"
140
0.007813
141
12.0
290
     0
  0
SCALE
  5
45
102
{ACAD_REACTORS
330
42
102
}
330
42
100
AcDbScale
 70
     0
300
1/64" = 1'-0"
140
0.015625
141
12.0
290
     0
  0
SCALE
  5
46
102
{ACAD_REACTORS
330
42
102
}
330
42
100
AcDbScale
 70
     0
300
1/32" = 1'-0"
140
0.03125
141
12.0
290
     0
  0
SCALE
  5
47
102
{ACAD_REACTORS
330
42
102
}
330
42
100
AcDbScale
 70
     0
300
1/16" = 1'-0"
140
0.0625
141
12.0
290
     0
  0
SCALE
  5
48
102
{ACAD_REACTORS
330
42
102
}
330
42
100
AcDbScale
 70
     0
300
3/32" = 1'-0"
140
0.09375
141
12.0
290
     0
  0
SCALE
  5
49
102
{ACAD_REACTORS
330
42
102
}
330
42
100
AcDbScale
 70
     0
300
1/8" = 1'-0"
140
0.125
141
12.0
290
     0
  0
SCALE
  5
4A
102
{ACAD_REACTORS
330
42
102
}
330
42
100
AcDbScale
 70
     0
300
3/16" = 1'-0"
140
0.1875
141
12.0
290
     0
  0
SCALE
  5
4B
102
{ACAD_REACTORS
330
42
102
}
330
42
100
AcDbScale
 70
     0
300
1/4" = 1'-0"
140
0.25
141
12.0
290
     0
  0
SCALE
  5
4C
102
{ACAD_REACTORS
330
42
102
}
330
42
100
AcDbScale
 70
     0
300
3/8" = 1'-0"
140
0.375
141
12.0
290
     0
  0
SCALE
  5
4D
102
{ACAD_REACTORS
330
42
102
}
330
42
100
AcDbScale
 70
     0
300
1/2" = 1'-0"
140
0.5
141
12.0
290
     0
  0
SCALE
  5
4E
102
{ACAD_REACTORS
330
42
102
}
330
42
100
AcDbScale
 70
     0
300
3/4" = 1'-0"
140
0.75
141
12.0
290
     0
  0
SCALE
  5
4F
102
{ACAD_REACTORS
330
42
102
}
330
42
100
AcDbScale
 70
     0
300
1" = 1'-0"
140
1.0
141
12.0
290
     0
  0
SCALE
  5
50
102
{ACAD_REACTORS
330
42
102
}
330
42
100
AcDbScale
 70
     0
300
1-1/2" = 1'-0"
140
1.5
141
12.0
290
     0
  0
SCALE
  5
51
102
{ACAD_REACTORS
330
42
102
}
330
42
100
AcDbScale
 70
     0
300
3" = 1'-0"
140
3.0
141
12.0
290
     0
  0
SCALE
  5
52
102
{ACAD_REACTORS
330
42
102
}
330
42
100
AcDbScale
 70
     0
300
6" = 1'-0"
140
6.0
141
12.0
290
     0
  0
SCALE
  5
53
102
{ACAD_REACTORS
330
42
102
}
330
42
100
AcDbScale
 70
     0
300
1'-0" = 1'-0"
140
12.0
141
12.0
290
     0
  0
ACDBSECTIONVIEWSTYLE
  5
69
102
{ACAD_XDICTIONARY
360
12F9
102
}
102
{ACAD_REACTORS
330
68
102
}
330
68
100
AcDbModelDocViewStyle
 70
     0
  3
Imperial24
290
     0
100
AcDbSectionViewStyle
 70
     0
 71
     0
 90
       78
 71
     1
340
55
 62
   256
 40
0.24
340
0
340
0
 62
   256
 40
0.24
300
I, O, Q, S, X, Z
 40
0.48
 90
        3
 40
0.18
 90
        1
 71
     2
340
5D
 90
       25
 62
   256
340
5D
 90
       50
 62
   256
 40
0.24
 40
0.0
 40
0.24
 71
     3
340
55
 62
   256
 40
0.24
 90
        1
 40
0.75
 90
        1
300
%<\AcVar ViewType \f "%tc1">% %<\AcVar ViewSectionStartId>%-%<\AcVar ViewSectionEndId>%\PSCALE %<\AcVar ViewScale \f "%sn">%
 71
     4
 62
   256
 62
   257
300
ANSI31
 40
1.0
 90
        0
290
     0
290
     0
 90
        6
 40
0.0
 40
1.570795999999999
 40
0.261799
 40
1.308996999999999
 40
-0.261799
 40
1.832595999999999
  0
ACDBSECTIONVIEWSTYLE
  5
6A1
102
{ACAD_XDICTIONARY
360
12FD
102
}
102
{ACAD_REACTORS
330
68
102
}
330
68
100
AcDbModelDocViewStyle
 70
     0
  3
Metric50
290
     0
100
AcDbSectionViewStyle
 70
     0
 71
     0
 90
      102
 71
     1
340
55
 62
   256
 40
5.0
340
0
340
0
 62
   256
 40
5.0
300
I, O, Q, S, X, Z
 40
10.0
 90
        0
 40
2.5
 90
        0
 71
     2
340
5D
 90
       25
 62
   256
340
5D
 90
       50
 62
   256
 40
5.0
 40
2.5
 40
5.0
 71
     3
340
55
 62
   256
 40
5.0
 90
        0
 40
15.0
 90
        1
300
%<\AcVar ViewSectionStartId>%-%<\AcVar ViewSectionEndId>% (%<\AcVar ViewScale \f "%sn">%)
 71
     4
 62
   256
 62
   257
300
ANSI31
 40
1.0
 90
        0
290
     0
290
     0
 90
        6
 40
0.0
 40
1.570796326794896
 40
0.2617993877991494
 40
1.308996938995747
 40
-0.2617993877991494
 40
1.832595714594046
  0
TABLESTYLE
  5
65
102
{ACAD_XDICTIONARY
360
698
102
}
102
{ACAD_REACTORS
330
64
102
}
330
64
100
AcDbTableStyle
280
     0
  3
Standard
 70
     0
 71
     0
 40
1.5
 41
1.5
280
     0
281
     0
  7
Standard
140
0.18
170
     2
 62
     0
 63
     7
283
     0
 90
      512
 91
        0
  1

274
    -2
284
     1
 64
     0
275
    -2
285
     1
 65
     0
276
    -2
286
     1
 66
     0
277
    -2
287
     1
 67
     0
278
    -2
288
     1
 68
     0
279
    -2
289
     1
 69
     0
  7
Standard
140
0.25
170
     5
 62
     0
 63
     7
283
     0
 90
      512
 91
        0
  1

274
    -2
284
     1
 64
     0
275
    -2
285
     1
 65
     0
276
    -2
286
     1
 66
     0
277
    -2
287
     1
 67
     0
278
    -2
288
     1
 68
     0
279
    -2
289
     1
 69
     0
  7
Standard
140
0.18
170
     5
 62
     0
 63
     7
283
     0
 90
      512
 91
        0
  1

274
    -2
284
     1
 64
     0
275
    -2
285
     1
 65
     0
276
    -2
286
     1
 66
     0
277
    -2
287
     1
 67
     0
278
    -2
288
     1
 68
     0
279
    -2
289
     1
 69
     0
  0
VISUALSTYLE
  5
2F
102
{ACAD_XDICTIONARY
360
12D1
102
}
102
{ACAD_REACTORS
330
29
102
}
330
29
100
AcDbVisualStyle
  2
2dWireframe
 70
     4
177
     2
291
     0
 71
     0
176
     1
 72
     2
176
     1
 73
     0
176
     1
 90
        0
176
     1
 40
0.6
176
     1
 41
30.0
176
     1
 63
     7
421
 16777215
176
     1
 74
     1
176
     1
 91
        4
176
     1
 64
     7
176
     1
 65
   257
176
     1
 75
     1
176
     1
175
     1
176
     1
 42
1.0
176
     1
 92
        0
176
     1
 66
   257
176
     1
 43
1.0
176
     1
 76
     1
176
     1
 77
     6
176
     1
 78
     2
176
     1
 67
     7
176
     1
 79
     5
176
     1
170
     0
176
     1
171
     0
176
     1
290
     0
176
     1
 93
        1
176
     1
 44
0.0
176
     1
173
     0
176
     1
1001
ACAD
1000
AcDbSavedByObjectVersion
1070
     0
  0
VISUALSTYLE
  5
2E
102
{ACAD_XDICTIONARY
360
12CF
102
}
102
{ACAD_REACTORS
330
29
102
}
330
29
100
AcDbVisualStyle
  2
Basic
 70
     7
177
     2
291
     1
 71
     1
176
     1
 72
     0
176
     1
 73
     1
176
     1
 90
        0
176
     1
 40
0.6
176
     1
 41
30.0
176
     1
 63
     7
421
 16777215
176
     1
 74
     0
176
     1
 91
        4
176
     1
 64
     7
176
     1
 65
   257
176
     1
 75
     1
176
     1
175
     1
176
     1
 42
1.0
176
     1
 92
        8
176
     1
 66
     7
176
     1
 43
1.0
176
     1
 76
     1
176
     1
 77
     6
176
     1
 78
     2
176
     1
 67
     7
176
     1
 79
     5
176
     1
170
     0
176
     1
171
     0
176
     1
290
     0
176
     1
 93
        1
176
     1
 44
0.0
176
     1
173
     0
176
     1
1001
ACAD
1000
AcDbSavedByObjectVersion
1070
     0
  0
VISUALSTYLE
  5
35
102
{ACAD_XDICTIONARY
360
12DD
102
}
102
{ACAD_REACTORS
330
29
102
}
330
29
100
AcDbVisualStyle
  2
Brighten
 70
    12
177
     2
291
     1
 71
     2
176
     1
 72
     2
176
     1
 73
     0
176
     1
 90
        0
176
     1
 40
0.6
176
     1
 41
30.0
176
     1
 63
     7
421
 16777215
176
     1
 74
     1
176
     1
 91
        4
176
     1
 64
     7
176
     1
 65
   257
176
     1
 75
     1
176
     1
175
     1
176
     1
 42
1.0
176
     1
 92
        8
176
     1
 66
     7
176
     1
 43
1.0
176
     1
 76
     1
176
     1
 77
     6
176
     1
 78
     2
176
     1
 67
     7
176
     1
 79
     5
176
     1
170
     0
176
     1
171
     0
176
     1
290
     0
176
     1
 93
        1
176
     1
 44
50.0
176
     1
173
     0
176
     1
1001
ACAD
1000
AcDbSavedByObjectVersion
1070
     0
  0
VISUALSTYLE
  5
39
102
{ACAD_XDICTIONARY
360
12E5
102
}
102
{ACAD_REACTORS
330
29
102
}
330
29
100
AcDbVisualStyle
  2
ColorChange
 70
    16
177
     2
291
     1
 71
     2
176
     1
 72
     2
176
     1
 73
     3
176
     1
 90
        0
176
     1
 40
0.6
176
     1
 41
30.0
176
     1
 63
     8
421
  8421504
176
     1
 74
     1
176
     1
 91
        4
176
     1
 64
     7
176
     1
 65
   257
176
     1
 75
     1
176
     1
175
     1
176
     1
 42
1.0
176
     1
 92
        8
176
     1
 66
     8
424
  8421504
176
     1
 43
1.0
176
     1
 76
     1
176
     1
 77
     6
176
     1
 78
     2
176
     1
 67
     7
176
     1
 79
     5
176
     1
170
     0
176
     1
171
     0
176
     1
290
     0
176
     1
 93
        1
176
     1
 44
0.0
176
     1
173
     0
176
     1
1001
ACAD
1000
AcDbSavedByObjectVersion
1070
     0
  0
VISUALSTYLE
  5
32
102
{ACAD_XDICTIONARY
360
12D7
102
}
102
{ACAD_REACTORS
330
29
102
}
330
29
100
AcDbVisualStyle
  2
Conceptual
 70
     9
177
     2
291
     0
 71
     3
176
     1
 72
     2
176
     1
 73
     0
176
     1
 90
        0
176
     1
 40
0.6
176
     1
 41
30.0
176
     1
 63
     7
421
 16777215
176
     1
 74
     2
176
     1
 91
        2
176
     1
 64
     7
176
     1
 65
   257
176
     1
 75
     1
176
     1
175
     1
176
     1
 42
179.0
176
     1
 92
        8
176
     1
 66
     7
176
     1
 43
1.0
176
     1
 76
     1
176
     1
 77
     6
176
     1
 78
     2
176
     1
 67
     7
176
     1
 79
     3
176
     1
170
     0
176
     1
171
     0
176
     1
290
     0
176
     1
 93
        1
176
     1
 44
0.0
176
     1
173
     0
176
     1
1001
ACAD
1000
AcDbSavedByObjectVersion
1070
     0
  0
VISUALSTYLE
  5
34
102
{ACAD_XDICTIONARY
360
12DB
102
}
102
{ACAD_REACTORS
330
29
102
}
330
29
100
AcDbVisualStyle
  2
Dim
 70
    11
177
     2
291
     1
 71
     2
176
     1
 72
     2
176
     1
 73
     0
176
     1
 90
        0
176
     1
 40
0.6
176
     1
 41
30.0
176
     1
 63
     7
421
 16777215
176
     1
 74
     1
176
     1
 91
        4
176
     1
 64
     7
176
     1
 65
   257
176
     1
 75
     1
176
     1
175
     1
176
     1
 42
1.0
176
     1
 92
        8
176
     1
 66
     7
176
     1
 43
1.0
176
     1
 76
     1
176
     1
 77
     6
176
     1
 78
     2
176
     1
 67
     7
176
     1
 79
     5
176
     1
170
     0
176
     1
171
     0
176
     1
290
     0
176
     1
 93
        1
176
     1
 44
-50.0
176
     1
173
     0
176
     1
1001
ACAD
1000
AcDbSavedByObjectVersion
1070
     0
  0
VISUALSTYLE
  5
41
102
{ACAD_XDICTIONARY
360
12F5
102
}
102
{ACAD_REACTORS
330
29
102
}
330
29
100
AcDbVisualStyle
  2
EdgeColorOff
 70
    22
177
     2
291
     1
 71
     2
176
     0
 72
     2
176
     0
 73
     0
176
     0
 90
        0
176
     0
 40
0.6
176
     0
 41
30.0
176
     0
 63
     7
421
 16777215
176
     0
 74
     1
176
     0
 91
        4
176
     0
 64
     7
176
     0
 65
   257
176
     0
 75
     1
176
     0
175
     1
176
     0
 42
1.0
176
     0
 92
        8
176
     2
 66
     7
176
     0
 43
1.0
176
     0
 76
     1
176
     0
 77
     6
176
     0
 78
     2
176
     0
 67
     7
176
     0
 79
     5
176
     0
170
     0
176
     0
171
     0
176
     0
290
     0
176
     0
 93
        1
176
     0
 44
0.0
176
     0
173
     0
176
     0
1001
ACAD
1000
AcDbSavedByObjectVersion
1070
     0
  0
VISUALSTYLE
  5
38
102
{ACAD_XDICTIONARY
360
12E3
102
}
102
{ACAD_REACTORS
330
29
102
}
330
29
100
AcDbVisualStyle
  2
Facepattern
 70
    15
177
     2
291
     1
 71
     2
176
     1
 72
     2
176
     1
 73
     0
176
     1
 90
        0
176
     1
 40
0.6
176
     1
 41
30.0
176
     1
 63
     7
421
 16777215
176
     1
 74
     1
176
     1
 91
        4
176
     1
 64
     7
176
     1
 65
   257
176
     1
 75
     1
176
     1
175
     1
176
     1
 42
1.0
176
     1
 92
        8
176
     1
 66
     7
176
     1
 43
1.0
176
     1
 76
     1
176
     1
 77
     6
176
     1
 78
     2
176
     1
 67
     7
176
     1
 79
     5
176
     1
170
     0
176
     1
171
     0
176
     1
290
     0
176
     1
 93
        1
176
     1
 44
0.0
176
     1
173
     0
176
     1
1001
ACAD
1000
AcDbSavedByObjectVersion
1070
     0
  0
VISUALSTYLE
  5
2A
102
{ACAD_XDICTIONARY
360
12C7
102
}
102
{ACAD_REACTORS
330
29
102
}
330
29
100
AcDbVisualStyle
  2
Flat
 70
     0
177
     2
291
     1
 71
     2
176
     1
 72
     1
176
     1
 73
     1
176
     1
 90
        2
176
     1
 40
0.6
176
     1
 41
30.0
176
     1
 63
     7
421
 16777215
176
     1
 74
     0
176
     1
 91
        0
176
     1
 64
     7
176
     1
 65
   257
176
     1
 75
     1
176
     1
175
     1
176
     1
 42
1.0
176
     1
 92
        8
176
     1
 66
     7
176
     1
 43
1.0
176
     1
 76
     1
176
     1
 77
     6
176
     1
 78
     2
176
     1
 67
     7
176
     1
 79
     5
176
     1
170
     0
176
     1
171
     0
176
     1
290
     0
176
     1
 93
       13
176
     1
 44
0.0
176
     1
173
     0
176
     1
1001
ACAD
1000
AcDbSavedByObjectVersion
1070
     0
  0
VISUALSTYLE
  5
2B
102
{ACAD_XDICTIONARY
360
12C9
102
}
102
{ACAD_REACTORS
330
29
102
}
330
29
100
AcDbVisualStyle
  2
FlatWithEdges
 70
     1
177
     2
291
     1
 71
     2
176
     1
 72
     1
176
     1
 73
     1
176
     1
 90
        2
176
     1
 40
0.6
176
     1
 41
30.0
176
     1
 63
     7
421
 16777215
176
     1
 74
     1
176
     1
 91
        0
176
     1
 64
     7
176
     1
 65
   257
176
     1
 75
     1
176
     1
175
     1
176
     1
 42
1.0
176
     1
 92
        0
176
     1
 66
   257
176
     1
 43
1.0
176
     1
 76
     1
176
     1
 77
     6
176
     1
 78
     2
176
     1
 67
     7
176
     1
 79
     5
176
     1
170
     0
176
     1
171
     0
176
     1
290
     0
176
     1
 93
       13
176
     1
 44
0.0
176
     1
173
     0
176
     1
1001
ACAD
1000
AcDbSavedByObjectVersion
1070
     0
  0
VISUALSTYLE
  5
2C
102
{ACAD_XDICTIONARY
360
12CB
102
}
102
{ACAD_REACTORS
330
29
102
}
330
29
100
AcDbVisualStyle
  2
Gouraud
 70
     2
177
     2
291
     1
 71
     2
176
     1
 72
     2
176
     1
 73
     1
176
     1
 90
        2
176
     1
 40
0.6
176
     1
 41
30.0
176
     1
 63
     7
421
 16777215
176
     1
 74
     0
176
     1
 91
        0
176
     1
 64
     7
176
     1
 65
   257
176
     1
 75
     1
176
     1
175
     1
176
     1
 42
1.0
176
     1
 92
        0
176
     1
 66
     7
176
     1
 43
1.0
176
     1
 76
     1
176
     1
 77
     6
176
     1
 78
     2
176
     1
 67
     7
176
     1
 79
     5
176
     1
170
     0
176
     1
171
     0
176
     1
290
     0
176
     1
 93
       13
176
     1
 44
0.0
176
     1
173
     0
176
     1
1001
ACAD
1000
AcDbSavedByObjectVersion
1070
     0
  0
VISUALSTYLE
  5
2D
102
{ACAD_XDICTIONARY
360
12CD
102
}
102
{ACAD_REACTORS
330
29
102
}
330
29
100
AcDbVisualStyle
  2
GouraudWithEdges
 70
     3
177
     2
291
     1
 71
     2
176
     1
 72
     2
176
     1
 73
     1
176
     1
 90
        2
176
     1
 40
0.6
176
     1
 41
30.0
176
     1
 63
     7
421
 16777215
176
     1
 74
     1
176
     1
 91
        0
176
     1
 64
     7
176
     1
 65
   257
176
     1
 75
     1
176
     1
175
     1
176
     1
 42
1.0
176
     1
 92
        0
176
     1
 66
   257
176
     1
 43
1.0
176
     1
 76
     1
176
     1
 77
     6
176
     1
 78
     2
176
     1
 67
     7
176
     1
 79
     5
176
     1
170
     0
176
     1
171
     0
176
     1
290
     0
176
     1
 93
       13
176
     1
 44
0.0
176
     1
173
     0
176
     1
1001
ACAD
1000
AcDbSavedByObjectVersion
1070
     0
  0
VISUALSTYLE
  5
31
102
{ACAD_XDICTIONARY
360
12D5
102
}
102
{ACAD_REACTORS
330
29
102
}
330
29
100
AcDbVisualStyle
  2
Hidden
 70
     6
177
     2
291
     0
 71
     1
176
     1
 72
     2
176
     1
 73
     2
176
     1
 90
        0
176
     1
 40
0.6
176
     1
 41
30.0
176
     1
 63
     7
421
 16777215
176
     1
 74
     2
176
     1
 91
        2
176
     1
 64
     7
176
     1
 65
   257
176
     1
 75
     2
176
     1
175
     1
176
     1
 42
40.0
176
     1
 92
        0
176
     1
 66
   257
176
     1
 43
1.0
176
     1
 76
     1
176
     1
 77
     6
176
     1
 78
     2
176
     1
 67
     7
176
     1
 79
     3
176
     1
170
     0
176
     1
171
     0
176
     1
290
     0
176
     1
 93
        1
176
     1
 44
0.0
176
     1
173
     0
176
     1
1001
ACAD
1000
AcDbSavedByObjectVersion
1070
     0
  0
VISUALSTYLE
  5
3F
102
{ACAD_XDICTIONARY
360
12F1
102
}
102
{ACAD_REACTORS
330
29
102
}
330
29
100
AcDbVisualStyle
  2
JitterOff
 70
    20
177
     2
291
     1
 71
     2
176
     0
 72
     2
176
     0
 73
     0
176
     0
 90
        0
176
     0
 40
0.6
176
     0
 41
30.0
176
     0
 63
     7
421
 16777215
176
     0
 74
     1
176
     0
 91
        4
176
     0
 64
     7
176
     0
 65
   257
176
     0
 75
     1
176
     0
175
     1
176
     0
 42
1.0
176
     0
 92
       10
176
     2
 66
     7
176
     0
 43
1.0
176
     0
 76
     1
176
     0
 77
     6
176
     0
 78
     2
176
     0
 67
     7
176
     0
 79
     5
176
     0
170
     0
176
     0
171
     0
176
     0
290
     0
176
     0
 93
        1
176
     0
 44
0.0
176
     0
173
     0
176
     0
1001
ACAD
1000
AcDbSavedByObjectVersion
1070
     0
  0
VISUALSTYLE
  5
37
102
{ACAD_XDICTIONARY
360
12E1
102
}
102
{ACAD_REACTORS
330
29
102
}
330
29
100
AcDbVisualStyle
  2
Linepattern
 70
    14
177
     2
291
     1
 71
     2
176
     1
 72
     2
176
     1
 73
     0
176
     1
 90
        0
176
     1
 40
0.6
176
     1
 41
30.0
176
     1
 63
     7
421
 16777215
176
     1
 74
     1
176
     1
 91
        4
176
     1
 64
     7
176
     1
 65
   257
176
     1
 75
     7
176
     1
175
     7
176
     1
 42
1.0
176
     1
 92
        8
176
     1
 66
     7
176
     1
 43
1.0
176
     1
 76
     1
176
     1
 77
     6
176
     1
 78
     2
176
     1
 67
     7
176
     1
 79
     5
176
     1
170
     0
176
     1
171
     0
176
     1
290
     0
176
     1
 93
        1
176
     1
 44
0.0
176
     1
173
     0
176
     1
1001
ACAD
1000
AcDbSavedByObjectVersion
1070
     0
  0
VISUALSTYLE
  5
40
102
{ACAD_XDICTIONARY
360
12F3
102
}
102
{ACAD_REACTORS
330
29
102
}
330
29
100
AcDbVisualStyle
  2
OverhangOff
 70
    21
177
     2
291
     1
 71
     2
176
     0
 72
     2
176
     0
 73
     0
176
     0
 90
        0
176
     0
 40
0.6
176
     0
 41
30.0
176
     0
 63
     7
421
 16777215
176
     0
 74
     1
176
     0
 91
        4
176
     0
 64
     7
176
     0
 65
   257
176
     0
 75
     1
176
     0
175
     1
176
     0
 42
1.0
176
     0
 92
        9
176
     2
 66
     7
176
     0
 43
1.0
176
     0
 76
     1
176
     0
 77
     6
176
     0
 78
     2
176
     0
 67
     7
176
     0
 79
     5
176
     0
170
     0
176
     0
171
     0
176
     0
290
     0
176
     0
 93
        1
176
     0
 44
0.0
176
     0
173
     0
176
     0
1001
ACAD
1000
AcDbSavedByObjectVersion
1070
     0
  0
VISUALSTYLE
  5
33
102
{ACAD_XDICTIONARY
360
12D9
102
}
102
{ACAD_REACTORS
330
29
102
}
330
29
100
AcDbVisualStyle
  2
Realistic
 70
     8
177
     2
291
     0
 71
     2
176
     1
 72
     3
176
     1
 73
     0
176
     1
 90
        2
176
     1
 40
0.6
176
     1
 41
30.0
176
     1
 63
     7
421
 16777215
176
     1
 74
     0
176
     1
 91
        0
176
     1
 64
     7
176
     1
 65
   257
176
     1
 75
     1
176
     1
175
     1
176
     1
 42
1.0
176
     1
 92
        8
176
     1
 66
   257
176
     1
 43
1.0
176
     1
 76
     1
176
     1
 77
     6
176
     1
 78
     2
176
     1
 67
     7
176
     1
 79
     3
176
     1
170
     0
176
     1
171
     0
176
     1
290
     0
176
     1
 93
       13
176
     1
 44
0.0
176
     1
173
     0
176
     1
1001
ACAD
1000
AcDbSavedByObjectVersion
1070
     0
  0
VISUALSTYLE
  5
3E
102
{ACAD_XDICTIONARY
360
12EF
102
}
102
{ACAD_REACTORS
330
29
102
}
330
29
100
AcDbVisualStyle
  2
Shaded
 70
    27
177
     2
291
     0
 71
     2
176
     1
 72
     2
176
     1
 73
     1
176
     1
 90
        2
176
     1
 40
0.6
176
     1
 41
30.0
176
     1
 63
     7
421
 16777215
176
     1
 74
     0
176
     1
 91
        4
176
     1
 64
     7
176
     1
 65
   257
176
     1
 75
     1
176
     1
175
     1
176
     1
 42
1.0
176
     1
 92
        8
176
     1
 66
   257
176
     1
 43
1.0
176
     1
 76
     1
176
     1
 77
     6
176
     1
 78
     2
176
     1
 67
     8
425
  7895160
176
     1
 79
     3
176
     1
170
     0
176
     1
171
     0
176
     1
290
     0
176
     1
 93
        5
176
     1
 44
0.0
176
     1
173
     0
176
     1
1001
ACAD
1000
AcDbSavedByObjectVersion
1070
     0
  0
VISUALSTYLE
  5
3D
102
{ACAD_XDICTIONARY
360
12ED
102
}
102
{ACAD_REACTORS
330
29
102
}
330
29
100
AcDbVisualStyle
  2
Shaded with edges
 70
    26
177
     2
291
     0
 71
     2
176
     1
 72
     2
176
     1
 73
     1
176
     1
 90
        2
176
     1
 40
0.6
176
     1
 41
30.0
176
     1
 63
     7
421
 16777215
176
     1
 74
     1
176
     1
 91
        2
176
     1
 64
     7
176
     1
 65
   257
176
     1
 75
     2
176
     1
175
     1
176
     1
 42
1.0
176
     1
 92
        8
176
     1
 66
   257
176
     1
 43
1.0
176
     1
 76
     1
176
     1
 77
     6
176
     1
 78
     2
176
     1
 67
     7
176
     1
 79
     3
176
     1
170
     0
176
     1
171
     0
176
     1
290
     0
176
     1
 93
        5
176
     1
 44
0.0
176
     1
173
     0
176
     1
1001
ACAD
1000
AcDbSavedByObjectVersion
1070
     0
  0
VISUALSTYLE
  5
3A
102
{ACAD_XDICTIONARY
360
12E7
102
}
102
{ACAD_REACTORS
330
29
102
}
330
29
100
AcDbVisualStyle
  2
Shades of Gray
 70
    23
177
     2
291
     0
 71
     2
176
     1
 72
     2
176
     1
 73
     3
176
     1
 90
        0
176
     1
 40
0.6
176
     1
 41
30.0
176
     1
 63
     7
421
 16777215
176
     1
 74
     2
176
     1
 91
        2
176
     1
 64
     7
176
     1
 65
     7
176
     1
 75
     1
176
     1
175
     1
176
     1
 42
40.0
176
     1
 92
        8
176
     1
 66
     7
176
     1
 43
1.0
176
     1
 76
     1
176
     1
 77
     6
176
     1
 78
     2
176
     1
 67
     7
176
     1
 79
     3
176
     1
170
     0
176
     1
171
     0
176
     1
290
     0
176
     1
 93
        1
176
     1
 44
0.0
176
     1
173
     0
176
     1
1001
ACAD
1000
AcDbSavedByObjectVersion
1070
     0
  0
VISUALSTYLE
  5
3B
102
{ACAD_XDICTIONARY
360
12E9
102
}
102
{ACAD_REACTORS
330
29
102
}
330
29
100
AcDbVisualStyle
  2
Sketchy
 70
    24
177
     2
291
     0
 71
     1
176
     1
 72
     2
176
     1
 73
     2
176
     1
 90
        0
176
     1
 40
0.6
176
     1
 41
30.0
176
     1
 63
     7
421
 16777215
176
     1
 74
     2
176
     1
 91
        2
176
     1
 64
     7
176
     1
 65
     7
176
     1
 75
     1
176
     1
175
     1
176
     1
 42
40.0
176
     1
 92
       11
176
     1
 66
     7
176
     1
 43
1.0
176
     1
 76
     1
176
     1
 77
     6
176
     1
 78
     2
176
     1
 67
     7
176
     1
 79
     6
176
     1
170
     0
176
     1
171
     0
176
     1
290
     0
176
     1
 93
        1
176
     1
 44
0.0
176
     1
173
     0
176
     1
1001
ACAD
1000
AcDbSavedByObjectVersion
1070
     0
  0
VISUALSTYLE
  5
36
102
{ACAD_XDICTIONARY
360
12DF
102
}
102
{ACAD_REACTORS
330
29
102
}
330
29
100
AcDbVisualStyle
  2
Thicken
 70
    13
177
     2
291
     1
 71
     2
176
     1
 72
     2
176
     1
 73
     0
176
     1
 90
        0
176
     1
 40
0.6
176
     1
 41
30.0
176
     1
 63
     7
421
 16777215
176
     1
 74
     1
176
     1
 91
        4
176
     1
 64
     7
176
     1
 65
   257
176
     1
 75
     1
176
     1
175
     1
176
     1
 42
1.0
176
     1
 92
       12
176
     1
 66
     7
176
     1
 43
1.0
176
     1
 76
     1
176
     1
 77
     6
176
     1
 78
     2
176
     1
 67
     7
176
     1
 79
     5
176
     1
170
     0
176
     1
171
     0
176
     1
290
     0
176
     1
 93
        1
176
     1
 44
0.0
176
     1
173
     0
176
     1
1001
ACAD
1000
AcDbSavedByObjectVersion
1070
     0
  0
VISUALSTYLE
  5
30
102
{ACAD_XDICTIONARY
360
12D3
102
}
102
{ACAD_REACTORS
330
29
102
}
330
29
100
AcDbVisualStyle
  2
Wireframe
 70
     5
177
     2
291
     0
 71
     0
176
     1
 72
     2
176
     1
 73
     0
176
     1
 90
        0
176
     1
 40
0.6
176
     1
 41
30.0
176
     1
 63
     7
421
 16777215
176
     1
 74
     1
176
     1
 91
        4
176
     1
 64
     7
176
     1
 65
   257
176
     1
 75
     1
176
     1
175
     1
176
     1
 42
1.0
176
     1
 92
        0
176
     1
 66
   257
176
     1
 43
1.0
176
     1
 76
     1
176
     1
 77
     6
176
     1
 78
     2
176
     1
 67
     7
176
     1
 79
     3
176
     1
170
     0
176
     1
171
     0
176
     1
290
     0
176
     1
 93
        1
176
     1
 44
0.0
176
     1
173
     0
176
     1
1001
ACAD
1000
AcDbSavedByObjectVersion
1070
     0
  0
VISUALSTYLE
  5
3C
102
{ACAD_XDICTIONARY
360
12EB
102
}
102
{ACAD_REACTORS
330
29
102
}
330
29
100
AcDbVisualStyle
  2
X-Ray
 70
    25
177
     2
291
     0
 71
     2
176
     1
 72
     2
176
     1
 73
     1
176
     1
 90
        1
176
     1
 40
0.5
176
     1
 41
30.0
176
     1
 63
     7
421
 16777215
176
     1
 74
     1
176
     1
 91
        0
176
     1
 64
     7
176
     1
 65
   257
176
     1
 75
     1
176
     1
175
     1
176
     1
 42
1.0
176
     1
 92
        8
176
     1
 66
     7
176
     1
 43
1.0
176
     1
 76
     1
176
     1
 77
     6
176
     1
 78
     2
176
     1
 67
     7
176
     1
 79
     3
176
     1
170
     0
176
     1
171
     0
176
     1
290
     0
176
     1
 93
       13
176
     1
 44
0.0
176
     1
173
     0
176
     1
1001
ACAD
1000
AcDbSavedByObjectVersion
1070
     0
  0
DICTIONARYVAR
  5
696
102
{ACAD_REACTORS
330
691
102
}
330
691
100
DictionaryVariables
280
     0
  1
0
  0
DICTIONARYVAR
  5
697
102
{ACAD_REACTORS
330
691
102
}
330
691
100
DictionaryVariables
280
     0
  1
1:1
  0
DICTIONARYVAR
  5
693
102
{ACAD_REACTORS
330
691
102
}
330
691
100
DictionaryVariables
280
     0
  1
STANDARD
  0
DICTIONARYVAR
  5
692
102
{ACAD_REACTORS
330
691
102
}
330
691
100
DictionaryVariables
280
     0
  1
STANDARD
  0
DICTIONARYVAR
  5
694
102
{ACAD_REACTORS
330
691
102
}
330
691
100
DictionaryVariables
280
     0
  1
Imperial24
  0
DICTIONARYVAR
  5
695
102
{ACAD_REACTORS
330
691
102
}
330
691
100
DictionaryVariables
280
     0
  1
Imperial24
  0
DICTIONARY
  5
12FB
330
6B
100
AcDbDictionary
280
     1
281
     1
  3
ACAD_XREC_ROUNDTRIP
360
12FC
  0
DICTIONARY
  5
12FF
330
6A2
100
AcDbDictionary
280
     1
281
     1
  3
ACAD_XREC_ROUNDTRIP
360
1300
  0
DICTIONARY
  5
1A
330
19
100
AcDbDictionary
280
     1
281
     1
  3
BUMPTILE
360
1C
  3
DIFFUSETILE
360
1B
  3
OPACITYTILE
360
1F
  3
REFLECTIONTILE
360
1E
  3
REFRACTIONTILE
360
20
  3
SPECULARTILE
360
1D
  0
DICTIONARY
  5
12
330
11
100
AcDbDictionary
280
     1
281
     1
  3
BUMPTILE
360
14
  3
DIFFUSETILE
360
13
  3
OPACITYTILE
360
17
  3
REFLECTIONTILE
360
16
  3
REFRACTIONTILE
360
18
  3
SPECULARTILE
360
15
  0
DICTIONARY
  5
22
330
21
100
AcDbDictionary
280
     1
281
     1
  3
BUMPTILE
360
24
  3
DIFFUSETILE
360
23
  3
OPACITYTILE
360
27
  3
REFLECTIONTILE
360
26
  3
REFRACTIONTILE
360
28
  3
SPECULARTILE
360
25
  0
DICTIONARY
  5
12F7
330
67
100
AcDbDictionary
280
     1
281
     1
  3
ACAD_XREC_ROUNDTRIP
360
12F8
  0
DICTIONARY
  5
12F9
330
69
100
AcDbDictionary
280
     1
281
     1
  3
ACAD_XREC_ROUNDTRIP
360
12FA
  0
DICTIONARY
  5
12FD
330
6A1
100
AcDbDictionary
280
     1
281
     1
  3
ACAD_XREC_ROUNDTRIP
360
12FE
  0
DICTIONARY
  5
698
330
65
100
AcDbDictionary
280
     1
281
     1
  3
ACAD_ROUNDTRIP_2008_TABLESTYLE_CELLSTYLEMAP
360
12C5
  0
DICTIONARY
  5
12D1
330
2F
100
AcDbDictionary
280
     1
281
     1
  3
ACAD_XREC_ROUNDTRIP
360
12D2
  0
DICTIONARY
  5
12CF
330
2E
100
AcDbDictionary
280
     1
281
     1
  3
ACAD_XREC_ROUNDTRIP
360
12D0
  0
DICTIONARY
  5
12DD
330
35
100
AcDbDictionary
280
     1
281
     1
  3
ACAD_XREC_ROUNDTRIP
360
12DE
  0
DICTIONARY
  5
12E5
330
39
100
AcDbDictionary
280
     1
281
     1
  3
ACAD_XREC_ROUNDTRIP
360
12E6
  0
DICTIONARY
  5
12D7
330
32
100
AcDbDictionary
280
     1
281
     1
  3
ACAD_XREC_ROUNDTRIP
360
12D8
  0
DICTIONARY
  5
12DB
330
34
100
AcDbDictionary
280
     1
281
     1
  3
ACAD_XREC_ROUNDTRIP
360
12DC
  0
DICTIONARY
  5
12F5
330
41
100
AcDbDictionary
280
     1
281
     1
  3
ACAD_XREC_ROUNDTRIP
360
12F6
  0
DICTIONARY
  5
12E3
330
38
100
AcDbDictionary
280
     1
281
     1
  3
ACAD_XREC_ROUNDTRIP
360
12E4
  0
DICTIONARY
  5
12C7
330
2A
100
AcDbDictionary
280
     1
281
     1
  3
ACAD_XREC_ROUNDTRIP
360
12C8
  0
DICTIONARY
  5
12C9
330
2B
100
AcDbDictionary
280
     1
281
     1
  3
ACAD_XREC_ROUNDTRIP
360
12CA
  0
DICTIONARY
  5
12CB
330
2C
100
AcDbDictionary
280
     1
281
     1
  3
ACAD_XREC_ROUNDTRIP
360
12CC
  0
DICTIONARY
  5
12CD
330
2D
100
AcDbDictionary
280
     1
281
     1
  3
ACAD_XREC_ROUNDTRIP
360
12CE
  0
DICTIONARY
  5
12D5
330
31
100
AcDbDictionary
280
     1
281
     1
  3
ACAD_XREC_ROUNDTRIP
360
12D6
  0
DICTIONARY
  5
12F1
330
3F
100
AcDbDictionary
280
     1
281
     1
  3
ACAD_XREC_ROUNDTRIP
360
12F2
  0
DICTIONARY
  5
12E1
330
37
100
AcDbDictionary
280
     1
281
     1
  3
ACAD_XREC_ROUNDTRIP
360
12E2
  0
DICTIONARY
  5
12F3
330
40
100
AcDbDictionary
280
     1
281
     1
  3
ACAD_XREC_ROUNDTRIP
360
12F4
  0
DICTIONARY
  5
12D9
330
33
100
AcDbDictionary
280
     1
281
     1
  3
ACAD_XREC_ROUNDTRIP
360
12DA
  0
DICTIONARY
  5
12EF
330
3E
100
AcDbDictionary
280
     1
281
     1
  3
ACAD_XREC_ROUNDTRIP
360
12F0
  0
DICTIONARY
  5
12ED
330
3D
100
AcDbDictionary
280
     1
281
     1
  3
ACAD_XREC_ROUNDTRIP
360
12EE
  0
DICTIONARY
  5
12E7
330
3A
100
AcDbDictionary
280
     1
281
     1
  3
ACAD_XREC_ROUNDTRIP
360
12E8
  0
DICTIONARY
  5
12E9
330
3B
100
AcDbDictionary
280
     1
281
     1
  3
ACAD_XREC_ROUNDTRIP
360
12EA
  0
DICTIONARY
  5
12DF
330
36
100
AcDbDictionary
280
     1
281
     1
  3
ACAD_XREC_ROUNDTRIP
360
12E0
  0
DICTIONARY
  5
12D3
330
30
100
AcDbDictionary
280
     1
281
     1
  3
ACAD_XREC_ROUNDTRIP
360
12D4
  0
DICTIONARY
  5
12EB
330
3C
100
AcDbDictionary
280
     1
281
     1
  3
ACAD_XREC_ROUNDTRIP
360
12EC
  0
XRECORD
  5
12FC
102
{ACAD_REACTORS
330
12FB
102
}
330
12FB
100
AcDbXrecord
280
     1
102
DISPLAYNAME
  1
Imperial24
102
FLAGS
 90
        0
  0
XRECORD
  5
1300
102
{ACAD_REACTORS
330
12FF
102
}
330
12FF
100
AcDbXrecord
280
     1
102
DISPLAYNAME
  1
Metric50
102
FLAGS
 90
        0
  0
XRECORD
  5
1C
102
{ACAD_REACTORS
330
1A
102
}
330
1A
100
AcDbXrecord
280
     1
270
     1
271
     1
  0
XRECORD
  5
1B
102
{ACAD_REACTORS
330
1A
102
}
330
1A
100
AcDbXrecord
280
     1
270
     1
271
     1
  0
XRECORD
  5
1F
102
{ACAD_REACTORS
330
1A
102
}
330
1A
100
AcDbXrecord
280
     1
270
     1
271
     1
  0
XRECORD
  5
1E
102
{ACAD_REACTORS
330
1A
102
}
330
1A
100
AcDbXrecord
280
     1
270
     1
271
     1
  0
XRECORD
  5
20
102
{ACAD_REACTORS
330
1A
102
}
330
1A
100
AcDbXrecord
280
     1
270
     1
271
     1
  0
XRECORD
  5
1D
102
{ACAD_REACTORS
330
1A
102
}
330
1A
100
AcDbXrecord
280
     1
270
     1
271
     1
  0
XRECORD
  5
14
102
{ACAD_REACTORS
330
12
102
}
330
12
100
AcDbXrecord
280
     1
270
     1
271
     1
  0
XRECORD
  5
13
102
{ACAD_REACTORS
330
12
102
}
330
12
100
AcDbXrecord
280
     1
270
     1
271
     1
  0
XRECORD
  5
17
102
{ACAD_REACTORS
330
12
102
}
330
12
100
AcDbXrecord
280
     1
270
     1
271
     1
  0
XRECORD
  5
16
102
{ACAD_REACTORS
330
12
102
}
330
12
100
AcDbXrecord
280
     1
270
     1
271
     1
  0
XRECORD
  5
18
102
{ACAD_REACTORS
330
12
102
}
330
12
100
AcDbXrecord
280
     1
270
     1
271
     1
  0
XRECORD
  5
15
102
{ACAD_REACTORS
330
12
102
}
330
12
100
AcDbXrecord
280
     1
270
     1
271
     1
  0
XRECORD
  5
24
102
{ACAD_REACTORS
330
22
102
}
330
22
100
AcDbXrecord
280
     1
270
     1
271
     1
  0
XRECORD
  5
23
102
{ACAD_REACTORS
330
22
102
}
330
22
100
AcDbXrecord
280
     1
270
     1
271
     1
  0
XRECORD
  5
27
102
{ACAD_REACTORS
330
22
102
}
330
22
100
AcDbXrecord
280
     1
270
     1
271
     1
  0
XRECORD
  5
26
102
{ACAD_REACTORS
330
22
102
}
330
22
100
AcDbXrecord
280
     1
270
     1
271
     1
  0
XRECORD
  5
28
102
{ACAD_REACTORS
330
22
102
}
330
22
100
AcDbXrecord
280
     1
270
     1
271
     1
  0
XRECORD
  5
25
102
{ACAD_REACTORS
330
22
102
}
330
22
100
AcDbXrecord
280
     1
270
     1
271
     1
  0
XRECORD
  5
12F8
102
{ACAD_REACTORS
330
12F7
102
}
330
12F7
100
AcDbXrecord
280
     1
102
ACAD_ROUNDTRIP_2012_MLEADER_STYLE
298
     1
  0
XRECORD
  5
12FA
102
{ACAD_REACTORS
330
12F9
102
}
330
12F9
100
AcDbXrecord
280
     1
102
DISPLAYNAME
  1
Imperial24
102
FLAGS
 90
        0
  0
XRECORD
  5
12FE
102
{ACAD_REACTORS
330
12FD
102
}
330
12FD
100
AcDbXrecord
280
     1
102
DISPLAYNAME
  1
Metric50
102
FLAGS
 90
        0
  0
CELLSTYLEMAP
  5
12C5
102
{ACAD_REACTORS
330
698
102
}
330
698
100
AcDbCellStyleMap
 90
        3
300
CELLSTYLE
  1
TABLEFORMAT_BEGIN
 90
        5
170
     1
 91
        0
 92
    32768
 62
   257
 93
        1
300
CONTENTFORMAT
  1
CONTENTFORMAT_BEGIN
 90
        0
 91
        0
 92
      512
 93
        0
300

 40
0.0
140
1.0
 94
        5
 62
     0
340
55
144
0.25
309
CONTENTFORMAT_END
171
     1
301
MARGIN
  1
CELLMARGIN_BEGIN
 40
1.5
 40
1.5
 40
1.5
 40
1.5
 40
0.18
 40
0.18
309
CELLMARGIN_END
 94
        6
 95
        1
302
GRIDFORMAT
  1
GRIDFORMAT_BEGIN
 90
        0
 91
        1
 62
     0
 92
       -2
340
0
 93
        0
 40
0.045
309
GRIDFORMAT_END
 95
        2
302
GRIDFORMAT
  1
GRIDFORMAT_BEGIN
 90
        0
 91
        1
 62
     0
 92
       -2
340
0
 93
        0
 40
0.045
309
GRIDFORMAT_END
 95
        4
302
GRIDFORMAT
  1
GRIDFORMAT_BEGIN
 90
        0
 91
        1
 62
     0
 92
       -2
340
0
 93
        0
 40
0.045
309
GRIDFORMAT_END
 95
        8
302
GRIDFORMAT
  1
GRIDFORMAT_BEGIN
 90
        0
 91
        1
 62
     0
 92
       -2
340
0
 93
        0
 40
0.045
309
GRIDFORMAT_END
 95
       16
302
GRIDFORMAT
  1
GRIDFORMAT_BEGIN
 90
        0
 91
        1
 62
     0
 92
       -2
340
0
 93
        0
 40
0.045
309
GRIDFORMAT_END
 95
       32
302
GRIDFORMAT
  1
GRIDFORMAT_BEGIN
 90
        0
 91
        1
 62
     0
 92
       -2
340
0
 93
        0
 40
0.045
309
GRIDFORMAT_END
309
TABLEFORMAT_END
  1
CELLSTYLE_BEGIN
 90
        1
 91
        1
300
_TITLE
309
CELLSTYLE_END
300
CELLSTYLE
  1
TABLEFORMAT_BEGIN
 90
        5
170
     1
 91
        0
 92
        0
 62
   257
 93
        1
300
CONTENTFORMAT
  1
CONTENTFORMAT_BEGIN
 90
        0
 91
        0
 92
      512
 93
        0
300

 40
0.0
140
1.0
 94
        5
 62
     0
340
55
144
0.18
309
CONTENTFORMAT_END
171
     1
301
MARGIN
  1
CELLMARGIN_BEGIN
 40
1.5
 40
1.5
 40
1.5
 40
1.5
 40
0.18
 40
0.18
309
CELLMARGIN_END
 94
        6
 95
        1
302
GRIDFORMAT
  1
GRIDFORMAT_BEGIN
 90
        0
 91
        1
 62
     0
 92
       -2
340
0
 93
        0
 40
0.045
309
GRIDFORMAT_END
 95
        2
302
GRIDFORMAT
  1
GRIDFORMAT_BEGIN
 90
        0
 91
        1
 62
     0
 92
       -2
340
0
 93
        0
 40
0.045
309
GRIDFORMAT_END
 95
        4
302
GRIDFORMAT
  1
GRIDFORMAT_BEGIN
 90
        0
 91
        1
 62
     0
 92
       -2
340
0
 93
        0
 40
0.045
309
GRIDFORMAT_END
 95
        8
302
GRIDFORMAT
  1
GRIDFORMAT_BEGIN
 90
        0
 91
        1
 62
     0
 92
       -2
340
0
 93
        0
 40
0.045
309
GRIDFORMAT_END
 95
       16
302
GRIDFORMAT
  1
GRIDFORMAT_BEGIN
 90
        0
 91
        1
 62
     0
 92
       -2
340
0
 93
        0
 40
0.045
309
GRIDFORMAT_END
 95
       32
302
GRIDFORMAT
  1
GRIDFORMAT_BEGIN
 90
        0
 91
        1
 62
     0
 92
       -2
340
0
 93
        0
 40
0.045
309
GRIDFORMAT_END
309
TABLEFORMAT_END
  1
CELLSTYLE_BEGIN
 90
        2
 91
        1
300
_HEADER
309
CELLSTYLE_END
300
CELLSTYLE
  1
TABLEFORMAT_BEGIN
 90
        5
170
     1
 91
        0
 92
        0
 62
   257
 93
        1
300
CONTENTFORMAT
  1
CONTENTFORMAT_BEGIN
 90
        0
 91
        0
 92
      512
 93
        0
300

 40
0.0
140
1.0
 94
        2
 62
     0
340
55
144
0.18
309
CONTENTFORMAT_END
171
     1
301
MARGIN
  1
CELLMARGIN_BEGIN
 40
1.5
 40
1.5
 40
1.5
 40
1.5
 40
0.18
 40
0.18
309
CELLMARGIN_END
 94
        6
 95
        1
302
GRIDFORMAT
  1
GRIDFORMAT_BEGIN
 90
        0
 91
        1
 62
     0
 92
       -2
340
0
 93
        0
 40
0.045
309
GRIDFORMAT_END
 95
        2
302
GRIDFORMAT
  1
GRIDFORMAT_BEGIN
 90
        0
 91
        1
 62
     0
 92
       -2
340
0
 93
        0
 40
0.045
309
GRIDFORMAT_END
 95
        4
302
GRIDFORMAT
  1
GRIDFORMAT_BEGIN
 90
        0
 91
        1
 62
     0
 92
       -2
340
0
 93
        0
 40
0.045
309
GRIDFORMAT_END
 95
        8
302
GRIDFORMAT
  1
GRIDFORMAT_BEGIN
 90
        0
 91
        1
 62
     0
 92
       -2
340
0
 93
        0
 40
0.045
309
GRIDFORMAT_END
 95
       16
302
GRIDFORMAT
  1
GRIDFORMAT_BEGIN
 90
        0
 91
        1
 62
     0
 92
       -2
340
0
 93
        0
 40
0.045
309
GRIDFORMAT_END
 95
       32
302
GRIDFORMAT
  1
GRIDFORMAT_BEGIN
 90
        0
 91
        1
 62
     0
 92
       -2
340
0
 93
        0
 40
0.045
309
GRIDFORMAT_END
309
TABLEFORMAT_END
  1
CELLSTYLE_BEGIN
 90
        3
 91
        2
300
_DATA
309
CELLSTYLE_END
  0
XRECORD
  5
12D2
102
{ACAD_REACTORS
330
12D1
102
}
330
12D1
100
AcDbXrecord
280
     1
102
RTVSPost2010Prop28
280
     1
102
RTVSPost2010PropOp28
 70
     1
102
RTVSPost2010Prop29
280
     1
102
RTVSPost2010PropOp29
 70
     1
102
RTVSPost2010Prop30
280
     0
102
RTVSPost2010PropOp30
 70
     1
102
RTVSPost2010Prop31
280
     0
102
RTVSPost2010PropOp31
 70
     1
102
RTVSPost2010Prop32
280
     0
102
RTVSPost2010PropOp32
 70
     1
102
RTVSPost2010Prop33
280
     0
102
RTVSPost2010PropOp33
 70
     1
102
RTVSPost2010Prop34
280
     0
102
RTVSPost2010PropOp34
 70
     1
102
RTVSPost2010Prop35
280
     0
102
RTVSPost2010PropOp35
 70
     1
102
RTVSPost2010Prop36
280
     0
102
RTVSPost2010PropOp36
 70
     1
102
RTVSPost2010Prop37
 90
       50
102
RTVSPost2010PropOp37
 70
     1
102
RTVSPost2010Prop38
140
0.0
102
RTVSPost2010PropOp38
 70
     1
102
RTVSPost2010Prop39
140
1.0
102
RTVSPost2010PropOp39
 70
     1
102
RTVSPost2010Prop40
 90
        0
102
RTVSPost2010PropOp40
 70
     1
102
RTVSPost2010Prop41ColorIndex
 90
       18
102
RTVSPost2010Prop41ColorRGB
 90
-16777216
102
RTVSPost2010PropOp41
 70
     1
102
RTVSPost2010Prop42
 90
       50
102
RTVSPost2010PropOp42
 70
     1
102
RTVSPost2010Prop43
 90
        3
102
RTVSPost2010PropOp43
 70
     1
102
RTVSPost2010Prop44ColorIndex
 90
        5
102
RTVSPost2010Prop44ColorRGB
 90
      255
102
RTVSPost2010PropOp44
 70
     1
102
RTVSPost2010Prop45
280
     0
102
RTVSPost2010PropOp45
 70
     1
102
RTVSPost2010Prop46
 90
       50
102
RTVSPost2010PropOp46
 70
     1
102
RTVSPost2010Prop47
 90
       50
102
RTVSPost2010PropOp47
 70
     1
102
RTVSPost2010Prop48
 90
       50
102
RTVSPost2010PropOp48
 70
     1
102
RTVSPost2010Prop49
280
     0
102
RTVSPost2010PropOp49
 70
     1
102
RTVSPost2010Prop50
 90
       50
102
RTVSPost2010PropOp50
 70
     1
102
RTVSPost2010Prop51ColorIndex
 90
      256
102
RTVSPost2010Prop51ColorRGB
 90
-16777216
102
RTVSPost2010PropOp51
 70
     0
102
RTVSPost2010Prop52
140
1.0
102
RTVSPost2010PropOp52
 70
     0
102
RTVSPost2010Prop53
 90
        2
102
RTVSPost2010PropOp53
 70
     1
102
RTVSPost2010Prop54
  1
strokes_ogs.tif
102
RTVSPost2010PropOp54
 70
     1
102
RTVSPost2010Prop55
280
     0
102
RTVSPost2010PropOp55
 70
     1
102
RTVSPost2010Prop56
140
1.0
102
RTVSPost2010PropOp56
 70
     1
102
RTVSPost2010Prop57
140
1.0
102
RTVSPost2010PropOp57
 70
     1
  0
XRECORD
  5
12D0
102
{ACAD_REACTORS
330
12CF
102
}
330
12CF
100
AcDbXrecord
280
     1
102
RTVSPost2010Prop28
280
     0
102
RTVSPost2010PropOp28
 70
     1
102
RTVSPost2010Prop29
280
     1
102
RTVSPost2010PropOp29
 70
     1
102
RTVSPost2010Prop30
280
     1
102
RTVSPost2010PropOp30
 70
     1
102
RTVSPost2010Prop31
280
     0
102
RTVSPost2010PropOp31
 70
     1
102
RTVSPost2010Prop32
280
     0
102
RTVSPost2010PropOp32
 70
     1
102
RTVSPost2010Prop33
280
     0
102
RTVSPost2010PropOp33
 70
     1
102
RTVSPost2010Prop34
280
     0
102
RTVSPost2010PropOp34
 70
     1
102
RTVSPost2010Prop35
280
     0
102
RTVSPost2010PropOp35
 70
     1
102
RTVSPost2010Prop36
280
     0
102
RTVSPost2010PropOp36
 70
     1
102
RTVSPost2010Prop37
 90
       50
102
RTVSPost2010PropOp37
 70
     1
102
RTVSPost2010Prop38
140
0.0
102
RTVSPost2010PropOp38
 70
     1
102
RTVSPost2010Prop39
140
1.0
102
RTVSPost2010PropOp39
 70
     1
102
RTVSPost2010Prop40
 90
        0
102
RTVSPost2010PropOp40
 70
     1
102
RTVSPost2010Prop41ColorIndex
 90
       18
102
RTVSPost2010Prop41ColorRGB
 90
-16777216
102
RTVSPost2010PropOp41
 70
     1
102
RTVSPost2010Prop42
 90
       50
102
RTVSPost2010PropOp42
 70
     1
102
RTVSPost2010Prop43
 90
        3
102
RTVSPost2010PropOp43
 70
     1
102
RTVSPost2010Prop44ColorIndex
 90
        5
102
RTVSPost2010Prop44ColorRGB
 90
      255
102
RTVSPost2010PropOp44
 70
     1
102
RTVSPost2010Prop45
280
     0
102
RTVSPost2010PropOp45
 70
     1
102
RTVSPost2010Prop46
 90
       50
102
RTVSPost2010PropOp46
 70
     1
102
RTVSPost2010Prop47
 90
       50
102
RTVSPost2010PropOp47
 70
     1
102
RTVSPost2010Prop48
 90
       50
102
RTVSPost2010PropOp48
 70
     1
102
RTVSPost2010Prop49
280
     0
102
RTVSPost2010PropOp49
 70
     1
102
RTVSPost2010Prop50
 90
       50
102
RTVSPost2010PropOp50
 70
     1
102
RTVSPost2010Prop51ColorIndex
 90
      256
102
RTVSPost2010Prop51ColorRGB
 90
-16777216
102
RTVSPost2010PropOp51
 70
     0
102
RTVSPost2010Prop52
140
1.0
102
RTVSPost2010PropOp52
 70
     0
102
RTVSPost2010Prop53
 90
        2
102
RTVSPost2010PropOp53
 70
     1
102
RTVSPost2010Prop54
  1
strokes_ogs.tif
102
RTVSPost2010PropOp54
 70
     1
102
RTVSPost2010Prop55
280
     0
102
RTVSPost2010PropOp55
 70
     1
102
RTVSPost2010Prop56
140
1.0
102
RTVSPost2010PropOp56
 70
     1
102
RTVSPost2010Prop57
140
1.0
102
RTVSPost2010PropOp57
 70
     1
  0
XRECORD
  5
12DE
102
{ACAD_REACTORS
330
12DD
102
}
330
12DD
100
AcDbXrecord
280
     1
102
RTVSPost2010Prop28
280
     0
102
RTVSPost2010PropOp28
 70
     1
102
RTVSPost2010Prop29
280
     1
102
RTVSPost2010PropOp29
 70
     1
102
RTVSPost2010Prop30
280
     1
102
RTVSPost2010PropOp30
 70
     1
102
RTVSPost2010Prop31
280
     0
102
RTVSPost2010PropOp31
 70
     1
102
RTVSPost2010Prop32
280
     0
102
RTVSPost2010PropOp32
 70
     1
102
RTVSPost2010Prop33
280
     0
102
RTVSPost2010PropOp33
 70
     1
102
RTVSPost2010Prop34
280
     0
102
RTVSPost2010PropOp34
 70
     1
102
RTVSPost2010Prop35
280
     0
102
RTVSPost2010PropOp35
 70
     1
102
RTVSPost2010Prop36
280
     0
102
RTVSPost2010PropOp36
 70
     1
102
RTVSPost2010Prop37
 90
       50
102
RTVSPost2010PropOp37
 70
     1
102
RTVSPost2010Prop38
140
0.0
102
RTVSPost2010PropOp38
 70
     1
102
RTVSPost2010Prop39
140
1.0
102
RTVSPost2010PropOp39
 70
     1
102
RTVSPost2010Prop40
 90
        0
102
RTVSPost2010PropOp40
 70
     1
102
RTVSPost2010Prop41ColorIndex
 90
       18
102
RTVSPost2010Prop41ColorRGB
 90
-16777216
102
RTVSPost2010PropOp41
 70
     1
102
RTVSPost2010Prop42
 90
       50
102
RTVSPost2010PropOp42
 70
     1
102
RTVSPost2010Prop43
 90
        3
102
RTVSPost2010PropOp43
 70
     1
102
RTVSPost2010Prop44ColorIndex
 90
        5
102
RTVSPost2010Prop44ColorRGB
 90
      255
102
RTVSPost2010PropOp44
 70
     1
102
RTVSPost2010Prop45
280
     0
102
RTVSPost2010PropOp45
 70
     1
102
RTVSPost2010Prop46
 90
       50
102
RTVSPost2010PropOp46
 70
     1
102
RTVSPost2010Prop47
 90
       50
102
RTVSPost2010PropOp47
 70
     1
102
RTVSPost2010Prop48
 90
       50
102
RTVSPost2010PropOp48
 70
     1
102
RTVSPost2010Prop49
280
     0
102
RTVSPost2010PropOp49
 70
     1
102
RTVSPost2010Prop50
 90
       50
102
RTVSPost2010PropOp50
 70
     1
102
RTVSPost2010Prop51ColorIndex
 90
      256
102
RTVSPost2010Prop51ColorRGB
 90
-16777216
102
RTVSPost2010PropOp51
 70
     0
102
RTVSPost2010Prop52
140
1.0
102
RTVSPost2010PropOp52
 70
     0
102
RTVSPost2010Prop53
 90
        2
102
RTVSPost2010PropOp53
 70
     1
102
RTVSPost2010Prop54
  1
strokes_ogs.tif
102
RTVSPost2010PropOp54
 70
     1
102
RTVSPost2010Prop55
280
     0
102
RTVSPost2010PropOp55
 70
     1
102
RTVSPost2010Prop56
140
1.0
102
RTVSPost2010PropOp56
 70
     1
102
RTVSPost2010Prop57
140
1.0
102
RTVSPost2010PropOp57
 70
     1
  0
XRECORD
  5
12E6
102
{ACAD_REACTORS
330
12E5
102
}
330
12E5
100
AcDbXrecord
280
     1
102
RTVSPost2010Prop28
280
     0
102
RTVSPost2010PropOp28
 70
     1
102
RTVSPost2010Prop29
280
     1
102
RTVSPost2010PropOp29
 70
     1
102
RTVSPost2010Prop30
280
     1
102
RTVSPost2010PropOp30
 70
     1
102
RTVSPost2010Prop31
280
     0
102
RTVSPost2010PropOp31
 70
     1
102
RTVSPost2010Prop32
280
     0
102
RTVSPost2010PropOp32
 70
     1
102
RTVSPost2010Prop33
280
     0
102
RTVSPost2010PropOp33
 70
     1
102
RTVSPost2010Prop34
280
     0
102
RTVSPost2010PropOp34
 70
     1
102
RTVSPost2010Prop35
280
     0
102
RTVSPost2010PropOp35
 70
     1
102
RTVSPost2010Prop36
280
     0
102
RTVSPost2010PropOp36
 70
     1
102
RTVSPost2010Prop37
 90
       50
102
RTVSPost2010PropOp37
 70
     1
102
RTVSPost2010Prop38
140
0.0
102
RTVSPost2010PropOp38
 70
     1
102
RTVSPost2010Prop39
140
1.0
102
RTVSPost2010PropOp39
 70
     1
102
RTVSPost2010Prop40
 90
        0
102
RTVSPost2010PropOp40
 70
     1
102
RTVSPost2010Prop41ColorIndex
 90
       18
102
RTVSPost2010Prop41ColorRGB
 90
-16777216
102
RTVSPost2010PropOp41
 70
     1
102
RTVSPost2010Prop42
 90
       50
102
RTVSPost2010PropOp42
 70
     1
102
RTVSPost2010Prop43
 90
        3
102
RTVSPost2010PropOp43
 70
     1
102
RTVSPost2010Prop44ColorIndex
 90
        5
102
RTVSPost2010Prop44ColorRGB
 90
      255
102
RTVSPost2010PropOp44
 70
     1
102
RTVSPost2010Prop45
280
     0
102
RTVSPost2010PropOp45
 70
     1
102
RTVSPost2010Prop46
 90
       50
102
RTVSPost2010PropOp46
 70
     1
102
RTVSPost2010Prop47
 90
       50
102
RTVSPost2010PropOp47
 70
     1
102
RTVSPost2010Prop48
 90
       50
102
RTVSPost2010PropOp48
 70
     1
102
RTVSPost2010Prop49
280
     0
102
RTVSPost2010PropOp49
 70
     1
102
RTVSPost2010Prop50
 90
       50
102
RTVSPost2010PropOp50
 70
     1
102
RTVSPost2010Prop51ColorIndex
 90
      256
102
RTVSPost2010Prop51ColorRGB
 90
-16777216
102
RTVSPost2010PropOp51
 70
     0
102
RTVSPost2010Prop52
140
1.0
102
RTVSPost2010PropOp52
 70
     0
102
RTVSPost2010Prop53
 90
        2
102
RTVSPost2010PropOp53
 70
     1
102
RTVSPost2010Prop54
  1
strokes_ogs.tif
102
RTVSPost2010PropOp54
 70
     1
102
RTVSPost2010Prop55
280
     0
102
RTVSPost2010PropOp55
 70
     1
102
RTVSPost2010Prop56
140
1.0
102
RTVSPost2010PropOp56
 70
     1
102
RTVSPost2010Prop57
140
1.0
102
RTVSPost2010PropOp57
 70
     1
  0
XRECORD
  5
12D8
102
{ACAD_REACTORS
330
12D7
102
}
330
12D7
100
AcDbXrecord
280
     1
102
RTVSPost2010Prop28
280
     0
102
RTVSPost2010PropOp28
 70
     1
102
RTVSPost2010Prop29
280
     1
102
RTVSPost2010PropOp29
 70
     1
102
RTVSPost2010Prop30
280
     1
102
RTVSPost2010PropOp30
 70
     1
102
RTVSPost2010Prop31
280
     0
102
RTVSPost2010PropOp31
 70
     1
102
RTVSPost2010Prop32
280
     0
102
RTVSPost2010PropOp32
 70
     1
102
RTVSPost2010Prop33
280
     0
102
RTVSPost2010PropOp33
 70
     1
102
RTVSPost2010Prop34
280
     0
102
RTVSPost2010PropOp34
 70
     1
102
RTVSPost2010Prop35
280
     0
102
RTVSPost2010PropOp35
 70
     1
102
RTVSPost2010Prop36
280
     0
102
RTVSPost2010PropOp36
 70
     1
102
RTVSPost2010Prop37
 90
       50
102
RTVSPost2010PropOp37
 70
     1
102
RTVSPost2010Prop38
140
0.0
102
RTVSPost2010PropOp38
 70
     1
102
RTVSPost2010Prop39
140
1.0
102
RTVSPost2010PropOp39
 70
     1
102
RTVSPost2010Prop40
 90
        0
102
RTVSPost2010PropOp40
 70
     1
102
RTVSPost2010Prop41ColorIndex
 90
       18
102
RTVSPost2010Prop41ColorRGB
 90
-16777216
102
RTVSPost2010PropOp41
 70
     1
102
RTVSPost2010Prop42
 90
       50
102
RTVSPost2010PropOp42
 70
     1
102
RTVSPost2010Prop43
 90
        3
102
RTVSPost2010PropOp43
 70
     1
102
RTVSPost2010Prop44ColorIndex
 90
        5
102
RTVSPost2010Prop44ColorRGB
 90
      255
102
RTVSPost2010PropOp44
 70
     1
102
RTVSPost2010Prop45
280
     0
102
RTVSPost2010PropOp45
 70
     1
102
RTVSPost2010Prop46
 90
       50
102
RTVSPost2010PropOp46
 70
     1
102
RTVSPost2010Prop47
 90
       50
102
RTVSPost2010PropOp47
 70
     1
102
RTVSPost2010Prop48
 90
       50
102
RTVSPost2010PropOp48
 70
     1
102
RTVSPost2010Prop49
280
     0
102
RTVSPost2010PropOp49
 70
     1
102
RTVSPost2010Prop50
 90
       50
102
RTVSPost2010PropOp50
 70
     1
102
RTVSPost2010Prop51ColorIndex
 90
      256
102
RTVSPost2010Prop51ColorRGB
 90
-16777216
102
RTVSPost2010PropOp51
 70
     0
102
RTVSPost2010Prop52
140
1.0
102
RTVSPost2010PropOp52
 70
     0
102
RTVSPost2010Prop53
 90
        2
102
RTVSPost2010PropOp53
 70
     1
102
RTVSPost2010Prop54
  1
strokes_ogs.tif
102
RTVSPost2010PropOp54
 70
     1
102
RTVSPost2010Prop55
280
     0
102
RTVSPost2010PropOp55
 70
     1
102
RTVSPost2010Prop56
140
1.0
102
RTVSPost2010PropOp56
 70
     1
102
RTVSPost2010Prop57
140
1.0
102
RTVSPost2010PropOp57
 70
     1
  0
XRECORD
  5
12DC
102
{ACAD_REACTORS
330
12DB
102
}
330
12DB
100
AcDbXrecord
280
     1
102
RTVSPost2010Prop28
280
     0
102
RTVSPost2010PropOp28
 70
     1
102
RTVSPost2010Prop29
280
     1
102
RTVSPost2010PropOp29
 70
     1
102
RTVSPost2010Prop30
280
     1
102
RTVSPost2010PropOp30
 70
     1
102
RTVSPost2010Prop31
280
     0
102
RTVSPost2010PropOp31
 70
     1
102
RTVSPost2010Prop32
280
     0
102
RTVSPost2010PropOp32
 70
     1
102
RTVSPost2010Prop33
280
     0
102
RTVSPost2010PropOp33
 70
     1
102
RTVSPost2010Prop34
280
     0
102
RTVSPost2010PropOp34
 70
     1
102
RTVSPost2010Prop35
280
     0
102
RTVSPost2010PropOp35
 70
     1
102
RTVSPost2010Prop36
280
     0
102
RTVSPost2010PropOp36
 70
     1
102
RTVSPost2010Prop37
 90
       50
102
RTVSPost2010PropOp37
 70
     1
102
RTVSPost2010Prop38
140
0.0
102
RTVSPost2010PropOp38
 70
     1
102
RTVSPost2010Prop39
140
1.0
102
RTVSPost2010PropOp39
 70
     1
102
RTVSPost2010Prop40
 90
        0
102
RTVSPost2010PropOp40
 70
     1
102
RTVSPost2010Prop41ColorIndex
 90
       18
102
RTVSPost2010Prop41ColorRGB
 90
-16777216
102
RTVSPost2010PropOp41
 70
     1
102
RTVSPost2010Prop42
 90
       50
102
RTVSPost2010PropOp42
 70
     1
102
RTVSPost2010Prop43
 90
        3
102
RTVSPost2010PropOp43
 70
     1
102
RTVSPost2010Prop44ColorIndex
 90
        5
102
RTVSPost2010Prop44ColorRGB
 90
      255
102
RTVSPost2010PropOp44
 70
     1
102
RTVSPost2010Prop45
280
     0
102
RTVSPost2010PropOp45
 70
     1
102
RTVSPost2010Prop46
 90
       50
102
RTVSPost2010PropOp46
 70
     1
102
RTVSPost2010Prop47
 90
       50
102
RTVSPost2010PropOp47
 70
     1
102
RTVSPost2010Prop48
 90
       50
102
RTVSPost2010PropOp48
 70
     1
102
RTVSPost2010Prop49
280
     0
102
RTVSPost2010PropOp49
 70
     1
102
RTVSPost2010Prop50
 90
       50
102
RTVSPost2010PropOp50
 70
     1
102
RTVSPost2010Prop51ColorIndex
 90
      256
102
RTVSPost2010Prop51ColorRGB
 90
-16777216
102
RTVSPost2010PropOp51
 70
     0
102
RTVSPost2010Prop52
140
1.0
102
RTVSPost2010PropOp52
 70
     0
102
RTVSPost2010Prop53
 90
        2
102
RTVSPost2010PropOp53
 70
     1
102
RTVSPost2010Prop54
  1
strokes_ogs.tif
102
RTVSPost2010PropOp54
 70
     1
102
RTVSPost2010Prop55
280
     0
102
RTVSPost2010PropOp55
 70
     1
102
RTVSPost2010Prop56
140
1.0
102
RTVSPost2010PropOp56
 70
     1
102
RTVSPost2010Prop57
140
1.0
102
RTVSPost2010PropOp57
 70
     1
  0
XRECORD
  5
12F6
102
{ACAD_REACTORS
330
12F5
102
}
330
12F5
100
AcDbXrecord
280
     1
102
RTVSPost2010Prop28
280
     0
102
RTVSPost2010PropOp28
 70
     0
102
RTVSPost2010Prop29
280
     1
102
RTVSPost2010PropOp29
 70
     0
102
RTVSPost2010Prop30
280
     1
102
RTVSPost2010PropOp30
 70
     0
102
RTVSPost2010Prop31
280
     0
102
RTVSPost2010PropOp31
 70
     0
102
RTVSPost2010Prop32
280
     0
102
RTVSPost2010PropOp32
 70
     0
102
RTVSPost2010Prop33
280
     0
102
RTVSPost2010PropOp33
 70
     0
102
RTVSPost2010Prop34
280
     0
102
RTVSPost2010PropOp34
 70
     0
102
RTVSPost2010Prop35
280
     0
102
RTVSPost2010PropOp35
 70
     0
102
RTVSPost2010Prop36
280
     0
102
RTVSPost2010PropOp36
 70
     0
102
RTVSPost2010Prop37
 90
       50
102
RTVSPost2010PropOp37
 70
     0
102
RTVSPost2010Prop38
140
0.0
102
RTVSPost2010PropOp38
 70
     0
102
RTVSPost2010Prop39
140
1.0
102
RTVSPost2010PropOp39
 70
     0
102
RTVSPost2010Prop40
 90
        0
102
RTVSPost2010PropOp40
 70
     0
102
RTVSPost2010Prop41ColorIndex
 90
       18
102
RTVSPost2010Prop41ColorRGB
 90
-16777216
102
RTVSPost2010PropOp41
 70
     0
102
RTVSPost2010Prop42
 90
       50
102
RTVSPost2010PropOp42
 70
     0
102
RTVSPost2010Prop43
 90
        3
102
RTVSPost2010PropOp43
 70
     0
102
RTVSPost2010Prop44ColorIndex
 90
        5
102
RTVSPost2010Prop44ColorRGB
 90
      255
102
RTVSPost2010PropOp44
 70
     0
102
RTVSPost2010Prop45
280
     0
102
RTVSPost2010PropOp45
 70
     0
102
RTVSPost2010Prop46
 90
       50
102
RTVSPost2010PropOp46
 70
     0
102
RTVSPost2010Prop47
 90
       50
102
RTVSPost2010PropOp47
 70
     0
102
RTVSPost2010Prop48
 90
       50
102
RTVSPost2010PropOp48
 70
     0
102
RTVSPost2010Prop49
280
     0
102
RTVSPost2010PropOp49
 70
     0
102
RTVSPost2010Prop50
 90
       50
102
RTVSPost2010PropOp50
 70
     0
102
RTVSPost2010Prop51ColorIndex
 90
      256
102
RTVSPost2010Prop51ColorRGB
 90
-16777216
102
RTVSPost2010PropOp51
 70
     0
102
RTVSPost2010Prop52
140
1.0
102
RTVSPost2010PropOp52
 70
     0
102
RTVSPost2010Prop53
 90
        2
102
RTVSPost2010PropOp53
 70
     0
102
RTVSPost2010Prop54
  1
strokes_ogs.tif
102
RTVSPost2010PropOp54
 70
     0
102
RTVSPost2010Prop55
280
     0
102
RTVSPost2010PropOp55
 70
     0
102
RTVSPost2010Prop56
140
1.0
102
RTVSPost2010PropOp56
 70
     0
102
RTVSPost2010Prop57
140
1.0
102
RTVSPost2010PropOp57
 70
     0
  0
XRECORD
  5
12E4
102
{ACAD_REACTORS
330
12E3
102
}
330
12E3
100
AcDbXrecord
280
     1
102
RTVSPost2010Prop28
280
     0
102
RTVSPost2010PropOp28
 70
     1
102
RTVSPost2010Prop29
280
     1
102
RTVSPost2010PropOp29
 70
     1
102
RTVSPost2010Prop30
280
     1
102
RTVSPost2010PropOp30
 70
     1
102
RTVSPost2010Prop31
280
     0
102
RTVSPost2010PropOp31
 70
     1
102
RTVSPost2010Prop32
280
     0
102
RTVSPost2010PropOp32
 70
     1
102
RTVSPost2010Prop33
280
     0
102
RTVSPost2010PropOp33
 70
     1
102
RTVSPost2010Prop34
280
     0
102
RTVSPost2010PropOp34
 70
     1
102
RTVSPost2010Prop35
280
     0
102
RTVSPost2010PropOp35
 70
     1
102
RTVSPost2010Prop36
280
     0
102
RTVSPost2010PropOp36
 70
     1
102
RTVSPost2010Prop37
 90
       50
102
RTVSPost2010PropOp37
 70
     1
102
RTVSPost2010Prop38
140
0.0
102
RTVSPost2010PropOp38
 70
     1
102
RTVSPost2010Prop39
140
1.0
102
RTVSPost2010PropOp39
 70
     1
102
RTVSPost2010Prop40
 90
        0
102
RTVSPost2010PropOp40
 70
     1
102
RTVSPost2010Prop41ColorIndex
 90
       18
102
RTVSPost2010Prop41ColorRGB
 90
-16777216
102
RTVSPost2010PropOp41
 70
     1
102
RTVSPost2010Prop42
 90
       50
102
RTVSPost2010PropOp42
 70
     1
102
RTVSPost2010Prop43
 90
        3
102
RTVSPost2010PropOp43
 70
     1
102
RTVSPost2010Prop44ColorIndex
 90
        5
102
RTVSPost2010Prop44ColorRGB
 90
      255
102
RTVSPost2010PropOp44
 70
     1
102
RTVSPost2010Prop45
280
     0
102
RTVSPost2010PropOp45
 70
     1
102
RTVSPost2010Prop46
 90
       50
102
RTVSPost2010PropOp46
 70
     1
102
RTVSPost2010Prop47
 90
       50
102
RTVSPost2010PropOp47
 70
     1
102
RTVSPost2010Prop48
 90
       50
102
RTVSPost2010PropOp48
 70
     1
102
RTVSPost2010Prop49
280
     0
102
RTVSPost2010PropOp49
 70
     1
102
RTVSPost2010Prop50
 90
       50
102
RTVSPost2010PropOp50
 70
     1
102
RTVSPost2010Prop51ColorIndex
 90
      256
102
RTVSPost2010Prop51ColorRGB
 90
-16777216
102
RTVSPost2010PropOp51
 70
     0
102
RTVSPost2010Prop52
140
1.0
102
RTVSPost2010PropOp52
 70
     0
102
RTVSPost2010Prop53
 90
        2
102
RTVSPost2010PropOp53
 70
     1
102
RTVSPost2010Prop54
  1
strokes_ogs.tif
102
RTVSPost2010PropOp54
 70
     1
102
RTVSPost2010Prop55
280
     0
102
RTVSPost2010PropOp55
 70
     1
102
RTVSPost2010Prop56
140
1.0
102
RTVSPost2010PropOp56
 70
     1
102
RTVSPost2010Prop57
140
1.0
102
RTVSPost2010PropOp57
 70
     1
  0
XRECORD
  5
12C8
102
{ACAD_REACTORS
330
12C7
102
}
330
12C7
100
AcDbXrecord
280
     1
102
RTVSPost2010Prop28
280
     0
102
RTVSPost2010PropOp28
 70
     1
102
RTVSPost2010Prop29
280
     1
102
RTVSPost2010PropOp29
 70
     1
102
RTVSPost2010Prop30
280
     1
102
RTVSPost2010PropOp30
 70
     1
102
RTVSPost2010Prop31
280
     0
102
RTVSPost2010PropOp31
 70
     1
102
RTVSPost2010Prop32
280
     0
102
RTVSPost2010PropOp32
 70
     1
102
RTVSPost2010Prop33
280
     0
102
RTVSPost2010PropOp33
 70
     1
102
RTVSPost2010Prop34
280
     0
102
RTVSPost2010PropOp34
 70
     1
102
RTVSPost2010Prop35
280
     0
102
RTVSPost2010PropOp35
 70
     1
102
RTVSPost2010Prop36
280
     0
102
RTVSPost2010PropOp36
 70
     1
102
RTVSPost2010Prop37
 90
       50
102
RTVSPost2010PropOp37
 70
     1
102
RTVSPost2010Prop38
140
0.0
102
RTVSPost2010PropOp38
 70
     1
102
RTVSPost2010Prop39
140
1.0
102
RTVSPost2010PropOp39
 70
     1
102
RTVSPost2010Prop40
 90
        0
102
RTVSPost2010PropOp40
 70
     1
102
RTVSPost2010Prop41ColorIndex
 90
       18
102
RTVSPost2010Prop41ColorRGB
 90
-16777216
102
RTVSPost2010PropOp41
 70
     1
102
RTVSPost2010Prop42
 90
       50
102
RTVSPost2010PropOp42
 70
     1
102
RTVSPost2010Prop43
 90
        3
102
RTVSPost2010PropOp43
 70
     1
102
RTVSPost2010Prop44ColorIndex
 90
        5
102
RTVSPost2010Prop44ColorRGB
 90
      255
102
RTVSPost2010PropOp44
 70
     1
102
RTVSPost2010Prop45
280
     0
102
RTVSPost2010PropOp45
 70
     1
102
RTVSPost2010Prop46
 90
       50
102
RTVSPost2010PropOp46
 70
     1
102
RTVSPost2010Prop47
 90
       50
102
RTVSPost2010PropOp47
 70
     1
102
RTVSPost2010Prop48
 90
       50
102
RTVSPost2010PropOp48
 70
     1
102
RTVSPost2010Prop49
280
     0
102
RTVSPost2010PropOp49
 70
     1
102
RTVSPost2010Prop50
 90
       50
102
RTVSPost2010PropOp50
 70
     1
102
RTVSPost2010Prop51ColorIndex
 90
      256
102
RTVSPost2010Prop51ColorRGB
 90
-16777216
102
RTVSPost2010PropOp51
 70
     0
102
RTVSPost2010Prop52
140
1.0
102
RTVSPost2010PropOp52
 70
     0
102
RTVSPost2010Prop53
 90
        2
102
RTVSPost2010PropOp53
 70
     1
102
RTVSPost2010Prop54
  1
strokes_ogs.tif
102
RTVSPost2010PropOp54
 70
     1
102
RTVSPost2010Prop55
280
     0
102
RTVSPost2010PropOp55
 70
     1
102
RTVSPost2010Prop56
140
1.0
102
RTVSPost2010PropOp56
 70
     1
102
RTVSPost2010Prop57
140
1.0
102
RTVSPost2010PropOp57
 70
     1
  0
XRECORD
  5
12CA
102
{ACAD_REACTORS
330
12C9
102
}
330
12C9
100
AcDbXrecord
280
     1
102
RTVSPost2010Prop28
280
     0
102
RTVSPost2010PropOp28
 70
     1
102
RTVSPost2010Prop29
280
     1
102
RTVSPost2010PropOp29
 70
     1
102
RTVSPost2010Prop30
280
     1
102
RTVSPost2010PropOp30
 70
     1
102
RTVSPost2010Prop31
280
     0
102
RTVSPost2010PropOp31
 70
     1
102
RTVSPost2010Prop32
280
     0
102
RTVSPost2010PropOp32
 70
     1
102
RTVSPost2010Prop33
280
     0
102
RTVSPost2010PropOp33
 70
     1
102
RTVSPost2010Prop34
280
     0
102
RTVSPost2010PropOp34
 70
     1
102
RTVSPost2010Prop35
280
     0
102
RTVSPost2010PropOp35
 70
     1
102
RTVSPost2010Prop36
280
     0
102
RTVSPost2010PropOp36
 70
     1
102
RTVSPost2010Prop37
 90
       50
102
RTVSPost2010PropOp37
 70
     1
102
RTVSPost2010Prop38
140
0.0
102
RTVSPost2010PropOp38
 70
     1
102
RTVSPost2010Prop39
140
1.0
102
RTVSPost2010PropOp39
 70
     1
102
RTVSPost2010Prop40
 90
        0
102
RTVSPost2010PropOp40
 70
     1
102
RTVSPost2010Prop41ColorIndex
 90
       18
102
RTVSPost2010Prop41ColorRGB
 90
-16777216
102
RTVSPost2010PropOp41
 70
     1
102
RTVSPost2010Prop42
 90
       50
102
RTVSPost2010PropOp42
 70
     1
102
RTVSPost2010Prop43
 90
        3
102
RTVSPost2010PropOp43
 70
     1
102
RTVSPost2010Prop44ColorIndex
 90
        5
102
RTVSPost2010Prop44ColorRGB
 90
      255
102
RTVSPost2010PropOp44
 70
     1
102
RTVSPost2010Prop45
280
     0
102
RTVSPost2010PropOp45
 70
     1
102
RTVSPost2010Prop46
 90
       50
102
RTVSPost2010PropOp46
 70
     1
102
RTVSPost2010Prop47
 90
       50
102
RTVSPost2010PropOp47
 70
     1
102
RTVSPost2010Prop48
 90
       50
102
RTVSPost2010PropOp48
 70
     1
102
RTVSPost2010Prop49
280
     0
102
RTVSPost2010PropOp49
 70
     1
102
RTVSPost2010Prop50
 90
       50
102
RTVSPost2010PropOp50
 70
     1
102
RTVSPost2010Prop51ColorIndex
 90
      256
102
RTVSPost2010Prop51ColorRGB
 90
-16777216
102
RTVSPost2010PropOp51
 70
     0
102
RTVSPost2010Prop52
140
1.0
102
RTVSPost2010PropOp52
 70
     0
102
RTVSPost2010Prop53
 90
        2
102
RTVSPost2010PropOp53
 70
     1
102
RTVSPost2010Prop54
  1
strokes_ogs.tif
102
RTVSPost2010PropOp54
 70
     1
102
RTVSPost2010Prop55
280
     0
102
RTVSPost2010PropOp55
 70
     1
102
RTVSPost2010Prop56
140
1.0
102
RTVSPost2010PropOp56
 70
     1
102
RTVSPost2010Prop57
140
1.0
102
RTVSPost2010PropOp57
 70
     1
  0
XRECORD
  5
12CC
102
{ACAD_REACTORS
330
12CB
102
}
330
12CB
100
AcDbXrecord
280
     1
102
RTVSPost2010Prop28
280
     0
102
RTVSPost2010PropOp28
 70
     1
102
RTVSPost2010Prop29
280
     1
102
RTVSPost2010PropOp29
 70
     1
102
RTVSPost2010Prop30
280
     1
102
RTVSPost2010PropOp30
 70
     1
102
RTVSPost2010Prop31
280
     0
102
RTVSPost2010PropOp31
 70
     1
102
RTVSPost2010Prop32
280
     0
102
RTVSPost2010PropOp32
 70
     1
102
RTVSPost2010Prop33
280
     0
102
RTVSPost2010PropOp33
 70
     1
102
RTVSPost2010Prop34
280
     0
102
RTVSPost2010PropOp34
 70
     1
102
RTVSPost2010Prop35
280
     0
102
RTVSPost2010PropOp35
 70
     1
102
RTVSPost2010Prop36
280
     0
102
RTVSPost2010PropOp36
 70
     1
102
RTVSPost2010Prop37
 90
       50
102
RTVSPost2010PropOp37
 70
     1
102
RTVSPost2010Prop38
140
0.0
102
RTVSPost2010PropOp38
 70
     1
102
RTVSPost2010Prop39
140
1.0
102
RTVSPost2010PropOp39
 70
     1
102
RTVSPost2010Prop40
 90
        0
102
RTVSPost2010PropOp40
 70
     1
102
RTVSPost2010Prop41ColorIndex
 90
       18
102
RTVSPost2010Prop41ColorRGB
 90
-16777216
102
RTVSPost2010PropOp41
 70
     1
102
RTVSPost2010Prop42
 90
       50
102
RTVSPost2010PropOp42
 70
     1
102
RTVSPost2010Prop43
 90
        3
102
RTVSPost2010PropOp43
 70
     1
102
RTVSPost2010Prop44ColorIndex
 90
        5
102
RTVSPost2010Prop44ColorRGB
 90
      255
102
RTVSPost2010PropOp44
 70
     1
102
RTVSPost2010Prop45
280
     0
102
RTVSPost2010PropOp45
 70
     1
102
RTVSPost2010Prop46
 90
       50
102
RTVSPost2010PropOp46
 70
     1
102
RTVSPost2010Prop47
 90
       50
102
RTVSPost2010PropOp47
 70
     1
102
RTVSPost2010Prop48
 90
       50
102
RTVSPost2010PropOp48
 70
     1
102
RTVSPost2010Prop49
280
     0
102
RTVSPost2010PropOp49
 70
     1
102
RTVSPost2010Prop50
 90
       50
102
RTVSPost2010PropOp50
 70
     1
102
RTVSPost2010Prop51ColorIndex
 90
      256
102
RTVSPost2010Prop51ColorRGB
 90
-16777216
102
RTVSPost2010PropOp51
 70
     0
102
RTVSPost2010Prop52
140
1.0
102
RTVSPost2010PropOp52
 70
     0
102
RTVSPost2010Prop53
 90
        2
102
RTVSPost2010PropOp53
 70
     1
102
RTVSPost2010Prop54
  1
strokes_ogs.tif
102
RTVSPost2010PropOp54
 70
     1
102
RTVSPost2010Prop55
280
     0
102
RTVSPost2010PropOp55
 70
     1
102
RTVSPost2010Prop56
140
1.0
102
RTVSPost2010PropOp56
 70
     1
102
RTVSPost2010Prop57
140
1.0
102
RTVSPost2010PropOp57
 70
     1
  0
XRECORD
  5
12CE
102
{ACAD_REACTORS
330
12CD
102
}
330
12CD
100
AcDbXrecord
280
     1
102
RTVSPost2010Prop28
280
     0
102
RTVSPost2010PropOp28
 70
     1
102
RTVSPost2010Prop29
280
     1
102
RTVSPost2010PropOp29
 70
     1
102
RTVSPost2010Prop30
280
     1
102
RTVSPost2010PropOp30
 70
     1
102
RTVSPost2010Prop31
280
     0
102
RTVSPost2010PropOp31
 70
     1
102
RTVSPost2010Prop32
280
     0
102
RTVSPost2010PropOp32
 70
     1
102
RTVSPost2010Prop33
280
     0
102
RTVSPost2010PropOp33
 70
     1
102
RTVSPost2010Prop34
280
     0
102
RTVSPost2010PropOp34
 70
     1
102
RTVSPost2010Prop35
280
     0
102
RTVSPost2010PropOp35
 70
     1
102
RTVSPost2010Prop36
280
     0
102
RTVSPost2010PropOp36
 70
     1
102
RTVSPost2010Prop37
 90
       50
102
RTVSPost2010PropOp37
 70
     1
102
RTVSPost2010Prop38
140
0.0
102
RTVSPost2010PropOp38
 70
     1
102
RTVSPost2010Prop39
140
1.0
102
RTVSPost2010PropOp39
 70
     1
102
RTVSPost2010Prop40
 90
        0
102
RTVSPost2010PropOp40
 70
     1
102
RTVSPost2010Prop41ColorIndex
 90
       18
102
RTVSPost2010Prop41ColorRGB
 90
-16777216
102
RTVSPost2010PropOp41
 70
     1
102
RTVSPost2010Prop42
 90
       50
102
RTVSPost2010PropOp42
 70
     1
102
RTVSPost2010Prop43
 90
        3
102
RTVSPost2010PropOp43
 70
     1
102
RTVSPost2010Prop44ColorIndex
 90
        5
102
RTVSPost2010Prop44ColorRGB
 90
      255
102
RTVSPost2010PropOp44
 70
     1
102
RTVSPost2010Prop45
280
     0
102
RTVSPost2010PropOp45
 70
     1
102
RTVSPost2010Prop46
 90
       50
102
RTVSPost2010PropOp46
 70
     1
102
RTVSPost2010Prop47
 90
       50
102
RTVSPost2010PropOp47
 70
     1
102
RTVSPost2010Prop48
 90
       50
102
RTVSPost2010PropOp48
 70
     1
102
RTVSPost2010Prop49
280
     0
102
RTVSPost2010PropOp49
 70
     1
102
RTVSPost2010Prop50
 90
       50
102
RTVSPost2010PropOp50
 70
     1
102
RTVSPost2010Prop51ColorIndex
 90
      256
102
RTVSPost2010Prop51ColorRGB
 90
-16777216
102
RTVSPost2010PropOp51
 70
     0
102
RTVSPost2010Prop52
140
1.0
102
RTVSPost2010PropOp52
 70
     0
102
RTVSPost2010Prop53
 90
        2
102
RTVSPost2010PropOp53
 70
     1
102
RTVSPost2010Prop54
  1
strokes_ogs.tif
102
RTVSPost2010PropOp54
 70
     1
102
RTVSPost2010Prop55
280
     0
102
RTVSPost2010PropOp55
 70
     1
102
RTVSPost2010Prop56
140
1.0
102
RTVSPost2010PropOp56
 70
     1
102
RTVSPost2010Prop57
140
1.0
102
RTVSPost2010PropOp57
 70
     1
  0
XRECORD
  5
12D6
102
{ACAD_REACTORS
330
12D5
102
}
330
12D5
100
AcDbXrecord
280
     1
102
RTVSPost2010Prop28
280
     0
102
RTVSPost2010PropOp28
 70
     1
102
RTVSPost2010Prop29
280
     1
102
RTVSPost2010PropOp29
 70
     1
102
RTVSPost2010Prop30
280
     1
102
RTVSPost2010PropOp30
 70
     1
102
RTVSPost2010Prop31
280
     0
102
RTVSPost2010PropOp31
 70
     1
102
RTVSPost2010Prop32
280
     0
102
RTVSPost2010PropOp32
 70
     1
102
RTVSPost2010Prop33
280
     0
102
RTVSPost2010PropOp33
 70
     1
102
RTVSPost2010Prop34
280
     0
102
RTVSPost2010PropOp34
 70
     1
102
RTVSPost2010Prop35
280
     0
102
RTVSPost2010PropOp35
 70
     1
102
RTVSPost2010Prop36
280
     0
102
RTVSPost2010PropOp36
 70
     1
102
RTVSPost2010Prop37
 90
       50
102
RTVSPost2010PropOp37
 70
     1
102
RTVSPost2010Prop38
140
0.0
102
RTVSPost2010PropOp38
 70
     1
102
RTVSPost2010Prop39
140
1.0
102
RTVSPost2010PropOp39
 70
     1
102
RTVSPost2010Prop40
 90
        0
102
RTVSPost2010PropOp40
 70
     1
102
RTVSPost2010Prop41ColorIndex
 90
       18
102
RTVSPost2010Prop41ColorRGB
 90
-16777216
102
RTVSPost2010PropOp41
 70
     1
102
RTVSPost2010Prop42
 90
       50
102
RTVSPost2010PropOp42
 70
     1
102
RTVSPost2010Prop43
 90
        3
102
RTVSPost2010PropOp43
 70
     1
102
RTVSPost2010Prop44ColorIndex
 90
        5
102
RTVSPost2010Prop44ColorRGB
 90
      255
102
RTVSPost2010PropOp44
 70
     1
102
RTVSPost2010Prop45
280
     0
102
RTVSPost2010PropOp45
 70
     1
102
RTVSPost2010Prop46
 90
       50
102
RTVSPost2010PropOp46
 70
     1
102
RTVSPost2010Prop47
 90
       50
102
RTVSPost2010PropOp47
 70
     1
102
RTVSPost2010Prop48
 90
       50
102
RTVSPost2010PropOp48
 70
     1
102
RTVSPost2010Prop49
280
     0
102
RTVSPost2010PropOp49
 70
     1
102
RTVSPost2010Prop50
 90
       50
102
RTVSPost2010PropOp50
 70
     1
102
RTVSPost2010Prop51ColorIndex
 90
      256
102
RTVSPost2010Prop51ColorRGB
 90
-16777216
102
RTVSPost2010PropOp51
 70
     0
102
RTVSPost2010Prop52
140
1.0
102
RTVSPost2010PropOp52
 70
     0
102
RTVSPost2010Prop53
 90
        2
102
RTVSPost2010PropOp53
 70
     1
102
RTVSPost2010Prop54
  1
strokes_ogs.tif
102
RTVSPost2010PropOp54
 70
     1
102
RTVSPost2010Prop55
280
     0
102
RTVSPost2010PropOp55
 70
     1
102
RTVSPost2010Prop56
140
1.0
102
RTVSPost2010PropOp56
 70
     1
102
RTVSPost2010Prop57
140
1.0
102
RTVSPost2010PropOp57
 70
     1
  0
XRECORD
  5
12F2
102
{ACAD_REACTORS
330
12F1
102
}
330
12F1
100
AcDbXrecord
280
     1
102
RTVSPost2010Prop28
280
     0
102
RTVSPost2010PropOp28
 70
     0
102
RTVSPost2010Prop29
280
     1
102
RTVSPost2010PropOp29
 70
     0
102
RTVSPost2010Prop30
280
     1
102
RTVSPost2010PropOp30
 70
     0
102
RTVSPost2010Prop31
280
     0
102
RTVSPost2010PropOp31
 70
     0
102
RTVSPost2010Prop32
280
     0
102
RTVSPost2010PropOp32
 70
     0
102
RTVSPost2010Prop33
280
     0
102
RTVSPost2010PropOp33
 70
     0
102
RTVSPost2010Prop34
280
     0
102
RTVSPost2010PropOp34
 70
     0
102
RTVSPost2010Prop35
280
     0
102
RTVSPost2010PropOp35
 70
     0
102
RTVSPost2010Prop36
280
     0
102
RTVSPost2010PropOp36
 70
     0
102
RTVSPost2010Prop37
 90
       50
102
RTVSPost2010PropOp37
 70
     0
102
RTVSPost2010Prop38
140
0.0
102
RTVSPost2010PropOp38
 70
     0
102
RTVSPost2010Prop39
140
1.0
102
RTVSPost2010PropOp39
 70
     0
102
RTVSPost2010Prop40
 90
        0
102
RTVSPost2010PropOp40
 70
     0
102
RTVSPost2010Prop41ColorIndex
 90
       18
102
RTVSPost2010Prop41ColorRGB
 90
-16777216
102
RTVSPost2010PropOp41
 70
     0
102
RTVSPost2010Prop42
 90
       50
102
RTVSPost2010PropOp42
 70
     0
102
RTVSPost2010Prop43
 90
        3
102
RTVSPost2010PropOp43
 70
     0
102
RTVSPost2010Prop44ColorIndex
 90
        5
102
RTVSPost2010Prop44ColorRGB
 90
      255
102
RTVSPost2010PropOp44
 70
     0
102
RTVSPost2010Prop45
280
     0
102
RTVSPost2010PropOp45
 70
     0
102
RTVSPost2010Prop46
 90
       50
102
RTVSPost2010PropOp46
 70
     0
102
RTVSPost2010Prop47
 90
       50
102
RTVSPost2010PropOp47
 70
     0
102
RTVSPost2010Prop48
 90
       50
102
RTVSPost2010PropOp48
 70
     0
102
RTVSPost2010Prop49
280
     0
102
RTVSPost2010PropOp49
 70
     0
102
RTVSPost2010Prop50
 90
       50
102
RTVSPost2010PropOp50
 70
     0
102
RTVSPost2010Prop51ColorIndex
 90
      256
102
RTVSPost2010Prop51ColorRGB
 90
-16777216
102
RTVSPost2010PropOp51
 70
     0
102
RTVSPost2010Prop52
140
1.0
102
RTVSPost2010PropOp52
 70
     0
102
RTVSPost2010Prop53
 90
        2
102
RTVSPost2010PropOp53
 70
     0
102
RTVSPost2010Prop54
  1
strokes_ogs.tif
102
RTVSPost2010PropOp54
 70
     0
102
RTVSPost2010Prop55
280
     0
102
RTVSPost2010PropOp55
 70
     0
102
RTVSPost2010Prop56
140
1.0
102
RTVSPost2010PropOp56
 70
     0
102
RTVSPost2010Prop57
140
1.0
102
RTVSPost2010PropOp57
 70
     0
  0
XRECORD
  5
12E2
102
{ACAD_REACTORS
330
12E1
102
}
330
12E1
100
AcDbXrecord
280
     1
102
RTVSPost2010Prop28
280
     0
102
RTVSPost2010PropOp28
 70
     1
102
RTVSPost2010Prop29
280
     1
102
RTVSPost2010PropOp29
 70
     1
102
RTVSPost2010Prop30
280
     1
102
RTVSPost2010PropOp30
 70
     1
102
RTVSPost2010Prop31
280
     0
102
RTVSPost2010PropOp31
 70
     1
102
RTVSPost2010Prop32
280
     0
102
RTVSPost2010PropOp32
 70
     1
102
RTVSPost2010Prop33
280
     0
102
RTVSPost2010PropOp33
 70
     1
102
RTVSPost2010Prop34
280
     0
102
RTVSPost2010PropOp34
 70
     1
102
RTVSPost2010Prop35
280
     0
102
RTVSPost2010PropOp35
 70
     1
102
RTVSPost2010Prop36
280
     0
102
RTVSPost2010PropOp36
 70
     1
102
RTVSPost2010Prop37
 90
       50
102
RTVSPost2010PropOp37
 70
     1
102
RTVSPost2010Prop38
140
0.0
102
RTVSPost2010PropOp38
 70
     1
102
RTVSPost2010Prop39
140
1.0
102
RTVSPost2010PropOp39
 70
     1
102
RTVSPost2010Prop40
 90
        0
102
RTVSPost2010PropOp40
 70
     1
102
RTVSPost2010Prop41ColorIndex
 90
       18
102
RTVSPost2010Prop41ColorRGB
 90
-16777216
102
RTVSPost2010PropOp41
 70
     1
102
RTVSPost2010Prop42
 90
       50
102
RTVSPost2010PropOp42
 70
     1
102
RTVSPost2010Prop43
 90
        3
102
RTVSPost2010PropOp43
 70
     1
102
RTVSPost2010Prop44ColorIndex
 90
        5
102
RTVSPost2010Prop44ColorRGB
 90
      255
102
RTVSPost2010PropOp44
 70
     1
102
RTVSPost2010Prop45
280
     0
102
RTVSPost2010PropOp45
 70
     1
102
RTVSPost2010Prop46
 90
       50
102
RTVSPost2010PropOp46
 70
     1
102
RTVSPost2010Prop47
 90
       50
102
RTVSPost2010PropOp47
 70
     1
102
RTVSPost2010Prop48
 90
       50
102
RTVSPost2010PropOp48
 70
     1
102
RTVSPost2010Prop49
280
     0
102
RTVSPost2010PropOp49
 70
     1
102
RTVSPost2010Prop50
 90
       50
102
RTVSPost2010PropOp50
 70
     1
102
RTVSPost2010Prop51ColorIndex
 90
      256
102
RTVSPost2010Prop51ColorRGB
 90
-16777216
102
RTVSPost2010PropOp51
 70
     0
102
RTVSPost2010Prop52
140
1.0
102
RTVSPost2010PropOp52
 70
     0
102
RTVSPost2010Prop53
 90
        2
102
RTVSPost2010PropOp53
 70
     1
102
RTVSPost2010Prop54
  1
strokes_ogs.tif
102
RTVSPost2010PropOp54
 70
     1
102
RTVSPost2010Prop55
280
     0
102
RTVSPost2010PropOp55
 70
     1
102
RTVSPost2010Prop56
140
1.0
102
RTVSPost2010PropOp56
 70
     1
102
RTVSPost2010Prop57
140
1.0
102
RTVSPost2010PropOp57
 70
     1
  0
XRECORD
  5
12F4
102
{ACAD_REACTORS
330
12F3
102
}
330
12F3
100
AcDbXrecord
280
     1
102
RTVSPost2010Prop28
280
     0
102
RTVSPost2010PropOp28
 70
     0
102
RTVSPost2010Prop29
280
     1
102
RTVSPost2010PropOp29
 70
     0
102
RTVSPost2010Prop30
280
     1
102
RTVSPost2010PropOp30
 70
     0
102
RTVSPost2010Prop31
280
     0
102
RTVSPost2010PropOp31
 70
     0
102
RTVSPost2010Prop32
280
     0
102
RTVSPost2010PropOp32
 70
     0
102
RTVSPost2010Prop33
280
     0
102
RTVSPost2010PropOp33
 70
     0
102
RTVSPost2010Prop34
280
     0
102
RTVSPost2010PropOp34
 70
     0
102
RTVSPost2010Prop35
280
     0
102
RTVSPost2010PropOp35
 70
     0
102
RTVSPost2010Prop36
280
     0
102
RTVSPost2010PropOp36
 70
     0
102
RTVSPost2010Prop37
 90
       50
102
RTVSPost2010PropOp37
 70
     0
102
RTVSPost2010Prop38
140
0.0
102
RTVSPost2010PropOp38
 70
     0
102
RTVSPost2010Prop39
140
1.0
102
RTVSPost2010PropOp39
 70
     0
102
RTVSPost2010Prop40
 90
        0
102
RTVSPost2010PropOp40
 70
     0
102
RTVSPost2010Prop41ColorIndex
 90
       18
102
RTVSPost2010Prop41ColorRGB
 90
-16777216
102
RTVSPost2010PropOp41
 70
     0
102
RTVSPost2010Prop42
 90
       50
102
RTVSPost2010PropOp42
 70
     0
102
RTVSPost2010Prop43
 90
        3
102
RTVSPost2010PropOp43
 70
     0
102
RTVSPost2010Prop44ColorIndex
 90
        5
102
RTVSPost2010Prop44ColorRGB
 90
      255
102
RTVSPost2010PropOp44
 70
     0
102
RTVSPost2010Prop45
280
     0
102
RTVSPost2010PropOp45
 70
     0
102
RTVSPost2010Prop46
 90
       50
102
RTVSPost2010PropOp46
 70
     0
102
RTVSPost2010Prop47
 90
       50
102
RTVSPost2010PropOp47
 70
     0
102
RTVSPost2010Prop48
 90
       50
102
RTVSPost2010PropOp48
 70
     0
102
RTVSPost2010Prop49
280
     0
102
RTVSPost2010PropOp49
 70
     0
102
RTVSPost2010Prop50
 90
       50
102
RTVSPost2010PropOp50
 70
     0
102
RTVSPost2010Prop51ColorIndex
 90
      256
102
RTVSPost2010Prop51ColorRGB
 90
-16777216
102
RTVSPost2010PropOp51
 70
     0
102
RTVSPost2010Prop52
140
1.0
102
RTVSPost2010PropOp52
 70
     0
102
RTVSPost2010Prop53
 90
        2
102
RTVSPost2010PropOp53
 70
     0
102
RTVSPost2010Prop54
  1
strokes_ogs.tif
102
RTVSPost2010PropOp54
 70
     0
102
RTVSPost2010Prop55
280
     0
102
RTVSPost2010PropOp55
 70
     0
102
RTVSPost2010Prop56
140
1.0
102
RTVSPost2010PropOp56
 70
     0
102
RTVSPost2010Prop57
140
1.0
102
RTVSPost2010PropOp57
 70
     0
  0
XRECORD
  5
12DA
102
{ACAD_REACTORS
330
12D9
102
}
330
12D9
100
AcDbXrecord
280
     1
102
RTVSPost2010Prop28
280
     0
102
RTVSPost2010PropOp28
 70
     1
102
RTVSPost2010Prop29
280
     1
102
RTVSPost2010PropOp29
 70
     1
102
RTVSPost2010Prop30
280
     1
102
RTVSPost2010PropOp30
 70
     1
102
RTVSPost2010Prop31
280
     0
102
RTVSPost2010PropOp31
 70
     1
102
RTVSPost2010Prop32
280
     0
102
RTVSPost2010PropOp32
 70
     1
102
RTVSPost2010Prop33
280
     0
102
RTVSPost2010PropOp33
 70
     1
102
RTVSPost2010Prop34
280
     0
102
RTVSPost2010PropOp34
 70
     1
102
RTVSPost2010Prop35
280
     0
102
RTVSPost2010PropOp35
 70
     1
102
RTVSPost2010Prop36
280
     0
102
RTVSPost2010PropOp36
 70
     1
102
RTVSPost2010Prop37
 90
       50
102
RTVSPost2010PropOp37
 70
     1
102
RTVSPost2010Prop38
140
0.0
102
RTVSPost2010PropOp38
 70
     1
102
RTVSPost2010Prop39
140
1.0
102
RTVSPost2010PropOp39
 70
     1
102
RTVSPost2010Prop40
 90
        0
102
RTVSPost2010PropOp40
 70
     1
102
RTVSPost2010Prop41ColorIndex
 90
       18
102
RTVSPost2010Prop41ColorRGB
 90
-16777216
102
RTVSPost2010PropOp41
 70
     1
102
RTVSPost2010Prop42
 90
       50
102
RTVSPost2010PropOp42
 70
     1
102
RTVSPost2010Prop43
 90
        3
102
RTVSPost2010PropOp43
 70
     1
102
RTVSPost2010Prop44ColorIndex
 90
        5
102
RTVSPost2010Prop44ColorRGB
 90
      255
102
RTVSPost2010PropOp44
 70
     1
102
RTVSPost2010Prop45
280
     0
102
RTVSPost2010PropOp45
 70
     1
102
RTVSPost2010Prop46
 90
       50
102
RTVSPost2010PropOp46
 70
     1
102
RTVSPost2010Prop47
 90
       50
102
RTVSPost2010PropOp47
 70
     1
102
RTVSPost2010Prop48
 90
       50
102
RTVSPost2010PropOp48
 70
     1
102
RTVSPost2010Prop49
280
     0
102
RTVSPost2010PropOp49
 70
     1
102
RTVSPost2010Prop50
 90
       50
102
RTVSPost2010PropOp50
 70
     1
102
RTVSPost2010Prop51ColorIndex
 90
      256
102
RTVSPost2010Prop51ColorRGB
 90
-16777216
102
RTVSPost2010PropOp51
 70
     0
102
RTVSPost2010Prop52
140
1.0
102
RTVSPost2010PropOp52
 70
     0
102
RTVSPost2010Prop53
 90
        2
102
RTVSPost2010PropOp53
 70
     1
102
RTVSPost2010Prop54
  1
strokes_ogs.tif
102
RTVSPost2010PropOp54
 70
     1
102
RTVSPost2010Prop55
280
     0
102
RTVSPost2010PropOp55
 70
     1
102
RTVSPost2010Prop56
140
1.0
102
RTVSPost2010PropOp56
 70
     1
102
RTVSPost2010Prop57
140
1.0
102
RTVSPost2010PropOp57
 70
     1
  0
XRECORD
  5
12F0
102
{ACAD_REACTORS
330
12EF
102
}
330
12EF
100
AcDbXrecord
280
     1
102
RTVSPost2010Prop28
280
     0
102
RTVSPost2010PropOp28
 70
     1
102
RTVSPost2010Prop29
280
     1
102
RTVSPost2010PropOp29
 70
     1
102
RTVSPost2010Prop30
280
     1
102
RTVSPost2010PropOp30
 70
     1
102
RTVSPost2010Prop31
280
     0
102
RTVSPost2010PropOp31
 70
     1
102
RTVSPost2010Prop32
280
     0
102
RTVSPost2010PropOp32
 70
     1
102
RTVSPost2010Prop33
280
     0
102
RTVSPost2010PropOp33
 70
     1
102
RTVSPost2010Prop34
280
     0
102
RTVSPost2010PropOp34
 70
     1
102
RTVSPost2010Prop35
280
     0
102
RTVSPost2010PropOp35
 70
     1
102
RTVSPost2010Prop36
280
     0
102
RTVSPost2010PropOp36
 70
     1
102
RTVSPost2010Prop37
 90
       50
102
RTVSPost2010PropOp37
 70
     1
102
RTVSPost2010Prop38
140
0.0
102
RTVSPost2010PropOp38
 70
     1
102
RTVSPost2010Prop39
140
1.0
102
RTVSPost2010PropOp39
 70
     1
102
RTVSPost2010Prop40
 90
        0
102
RTVSPost2010PropOp40
 70
     1
102
RTVSPost2010Prop41ColorIndex
 90
       18
102
RTVSPost2010Prop41ColorRGB
 90
-16777216
102
RTVSPost2010PropOp41
 70
     1
102
RTVSPost2010Prop42
 90
       50
102
RTVSPost2010PropOp42
 70
     1
102
RTVSPost2010Prop43
 90
        3
102
RTVSPost2010PropOp43
 70
     1
102
RTVSPost2010Prop44ColorIndex
 90
        5
102
RTVSPost2010Prop44ColorRGB
 90
      255
102
RTVSPost2010PropOp44
 70
     1
102
RTVSPost2010Prop45
280
     0
102
RTVSPost2010PropOp45
 70
     1
102
RTVSPost2010Prop46
 90
       50
102
RTVSPost2010PropOp46
 70
     1
102
RTVSPost2010Prop47
 90
       50
102
RTVSPost2010PropOp47
 70
     1
102
RTVSPost2010Prop48
 90
       50
102
RTVSPost2010PropOp48
 70
     1
102
RTVSPost2010Prop49
280
     0
102
RTVSPost2010PropOp49
 70
     1
102
RTVSPost2010Prop50
 90
       50
102
RTVSPost2010PropOp50
 70
     1
102
RTVSPost2010Prop51ColorIndex
 90
      256
102
RTVSPost2010Prop51ColorRGB
 90
-16777216
102
RTVSPost2010PropOp51
 70
     0
102
RTVSPost2010Prop52
140
1.0
102
RTVSPost2010PropOp52
 70
     0
102
RTVSPost2010Prop53
 90
        2
102
RTVSPost2010PropOp53
 70
     1
102
RTVSPost2010Prop54
  1
strokes_ogs.tif
102
RTVSPost2010PropOp54
 70
     1
102
RTVSPost2010Prop55
280
     0
102
RTVSPost2010PropOp55
 70
     1
102
RTVSPost2010Prop56
140
1.0
102
RTVSPost2010PropOp56
 70
     1
102
RTVSPost2010Prop57
140
1.0
102
RTVSPost2010PropOp57
 70
     1
  0
XRECORD
  5
12EE
102
{ACAD_REACTORS
330
12ED
102
}
330
12ED
100
AcDbXrecord
280
     1
102
RTVSPost2010Prop28
280
     0
102
RTVSPost2010PropOp28
 70
     1
102
RTVSPost2010Prop29
280
     1
102
RTVSPost2010PropOp29
 70
     1
102
RTVSPost2010Prop30
280
     1
102
RTVSPost2010PropOp30
 70
     1
102
RTVSPost2010Prop31
280
     0
102
RTVSPost2010PropOp31
 70
     1
102
RTVSPost2010Prop32
280
     0
102
RTVSPost2010PropOp32
 70
     1
102
RTVSPost2010Prop33
280
     0
102
RTVSPost2010PropOp33
 70
     1
102
RTVSPost2010Prop34
280
     0
102
RTVSPost2010PropOp34
 70
     1
102
RTVSPost2010Prop35
280
     0
102
RTVSPost2010PropOp35
 70
     1
102
RTVSPost2010Prop36
280
     0
102
RTVSPost2010PropOp36
 70
     1
102
RTVSPost2010Prop37
 90
       50
102
RTVSPost2010PropOp37
 70
     1
102
RTVSPost2010Prop38
140
0.0
102
RTVSPost2010PropOp38
 70
     1
102
RTVSPost2010Prop39
140
1.0
102
RTVSPost2010PropOp39
 70
     1
102
RTVSPost2010Prop40
 90
        0
102
RTVSPost2010PropOp40
 70
     1
102
RTVSPost2010Prop41ColorIndex
 90
       18
102
RTVSPost2010Prop41ColorRGB
 90
-16777216
102
RTVSPost2010PropOp41
 70
     1
102
RTVSPost2010Prop42
 90
       50
102
RTVSPost2010PropOp42
 70
     1
102
RTVSPost2010Prop43
 90
        3
102
RTVSPost2010PropOp43
 70
     1
102
RTVSPost2010Prop44ColorIndex
 90
        5
102
RTVSPost2010Prop44ColorRGB
 90
      255
102
RTVSPost2010PropOp44
 70
     1
102
RTVSPost2010Prop45
280
     0
102
RTVSPost2010PropOp45
 70
     1
102
RTVSPost2010Prop46
 90
       50
102
RTVSPost2010PropOp46
 70
     1
102
RTVSPost2010Prop47
 90
       50
102
RTVSPost2010PropOp47
 70
     1
102
RTVSPost2010Prop48
 90
       50
102
RTVSPost2010PropOp48
 70
     1
102
RTVSPost2010Prop49
280
     0
102
RTVSPost2010PropOp49
 70
     1
102
RTVSPost2010Prop50
 90
       50
102
RTVSPost2010PropOp50
 70
     1
102
RTVSPost2010Prop51ColorIndex
 90
      256
102
RTVSPost2010Prop51ColorRGB
 90
-16777216
102
RTVSPost2010PropOp51
 70
     0
102
RTVSPost2010Prop52
140
1.0
102
RTVSPost2010PropOp52
 70
     0
102
RTVSPost2010Prop53
 90
        2
102
RTVSPost2010PropOp53
 70
     1
102
RTVSPost2010Prop54
  1
strokes_ogs.tif
102
RTVSPost2010PropOp54
 70
     1
102
RTVSPost2010Prop55
280
     0
102
RTVSPost2010PropOp55
 70
     1
102
RTVSPost2010Prop56
140
1.0
102
RTVSPost2010PropOp56
 70
     1
102
RTVSPost2010Prop57
140
1.0
102
RTVSPost2010PropOp57
 70
     1
  0
XRECORD
  5
12E8
102
{ACAD_REACTORS
330
12E7
102
}
330
12E7
100
AcDbXrecord
280
     1
102
RTVSPost2010Prop28
280
     0
102
RTVSPost2010PropOp28
 70
     1
102
RTVSPost2010Prop29
280
     1
102
RTVSPost2010PropOp29
 70
     1
102
RTVSPost2010Prop30
280
     1
102
RTVSPost2010PropOp30
 70
     1
102
RTVSPost2010Prop31
280
     0
102
RTVSPost2010PropOp31
 70
     1
102
RTVSPost2010Prop32
280
     0
102
RTVSPost2010PropOp32
 70
     1
102
RTVSPost2010Prop33
280
     0
102
RTVSPost2010PropOp33
 70
     1
102
RTVSPost2010Prop34
280
     0
102
RTVSPost2010PropOp34
 70
     1
102
RTVSPost2010Prop35
280
     0
102
RTVSPost2010PropOp35
 70
     1
102
RTVSPost2010Prop36
280
     0
102
RTVSPost2010PropOp36
 70
     1
102
RTVSPost2010Prop37
 90
       50
102
RTVSPost2010PropOp37
 70
     1
102
RTVSPost2010Prop38
140
0.0
102
RTVSPost2010PropOp38
 70
     1
102
RTVSPost2010Prop39
140
1.0
102
RTVSPost2010PropOp39
 70
     1
102
RTVSPost2010Prop40
 90
        0
102
RTVSPost2010PropOp40
 70
     1
102
RTVSPost2010Prop41ColorIndex
 90
       18
102
RTVSPost2010Prop41ColorRGB
 90
-16777216
102
RTVSPost2010PropOp41
 70
     1
102
RTVSPost2010Prop42
 90
       50
102
RTVSPost2010PropOp42
 70
     1
102
RTVSPost2010Prop43
 90
        3
102
RTVSPost2010PropOp43
 70
     1
102
RTVSPost2010Prop44ColorIndex
 90
        5
102
RTVSPost2010Prop44ColorRGB
 90
      255
102
RTVSPost2010PropOp44
 70
     1
102
RTVSPost2010Prop45
280
     0
102
RTVSPost2010PropOp45
 70
     1
102
RTVSPost2010Prop46
 90
       50
102
RTVSPost2010PropOp46
 70
     1
102
RTVSPost2010Prop47
 90
       50
102
RTVSPost2010PropOp47
 70
     1
102
RTVSPost2010Prop48
 90
       50
102
RTVSPost2010PropOp48
 70
     1
102
RTVSPost2010Prop49
280
     0
102
RTVSPost2010PropOp49
 70
     1
102
RTVSPost2010Prop50
 90
       50
102
RTVSPost2010PropOp50
 70
     1
102
RTVSPost2010Prop51ColorIndex
 90
      256
102
RTVSPost2010Prop51ColorRGB
 90
-16777216
102
RTVSPost2010PropOp51
 70
     0
102
RTVSPost2010Prop52
140
1.0
102
RTVSPost2010PropOp52
 70
     0
102
RTVSPost2010Prop53
 90
        2
102
RTVSPost2010PropOp53
 70
     1
102
RTVSPost2010Prop54
  1
strokes_ogs.tif
102
RTVSPost2010PropOp54
 70
     1
102
RTVSPost2010Prop55
280
     0
102
RTVSPost2010PropOp55
 70
     1
102
RTVSPost2010Prop56
140
1.0
102
RTVSPost2010PropOp56
 70
     1
102
RTVSPost2010Prop57
140
1.0
102
RTVSPost2010PropOp57
 70
     1
  0
XRECORD
  5
12EA
102
{ACAD_REACTORS
330
12E9
102
}
330
12E9
100
AcDbXrecord
280
     1
102
RTVSPost2010Prop28
280
     0
102
RTVSPost2010PropOp28
 70
     1
102
RTVSPost2010Prop29
280
     1
102
RTVSPost2010PropOp29
 70
     1
102
RTVSPost2010Prop30
280
     1
102
RTVSPost2010PropOp30
 70
     1
102
RTVSPost2010Prop31
280
     0
102
RTVSPost2010PropOp31
 70
     1
102
RTVSPost2010Prop32
280
     0
102
RTVSPost2010PropOp32
 70
     1
102
RTVSPost2010Prop33
280
     0
102
RTVSPost2010PropOp33
 70
     1
102
RTVSPost2010Prop34
280
     0
102
RTVSPost2010PropOp34
 70
     1
102
RTVSPost2010Prop35
280
     0
102
RTVSPost2010PropOp35
 70
     1
102
RTVSPost2010Prop36
280
     0
102
RTVSPost2010PropOp36
 70
     1
102
RTVSPost2010Prop37
 90
       50
102
RTVSPost2010PropOp37
 70
     1
102
RTVSPost2010Prop38
140
0.0
102
RTVSPost2010PropOp38
 70
     1
102
RTVSPost2010Prop39
140
1.0
102
RTVSPost2010PropOp39
 70
     1
102
RTVSPost2010Prop40
 90
        0
102
RTVSPost2010PropOp40
 70
     1
102
RTVSPost2010Prop41ColorIndex
 90
       18
102
RTVSPost2010Prop41ColorRGB
 90
-16777216
102
RTVSPost2010PropOp41
 70
     1
102
RTVSPost2010Prop42
 90
       50
102
RTVSPost2010PropOp42
 70
     1
102
RTVSPost2010Prop43
 90
        3
102
RTVSPost2010PropOp43
 70
     1
102
RTVSPost2010Prop44ColorIndex
 90
        5
102
RTVSPost2010Prop44ColorRGB
 90
      255
102
RTVSPost2010PropOp44
 70
     1
102
RTVSPost2010Prop45
280
     0
102
RTVSPost2010PropOp45
 70
     1
102
RTVSPost2010Prop46
 90
       50
102
RTVSPost2010PropOp46
 70
     1
102
RTVSPost2010Prop47
 90
       50
102
RTVSPost2010PropOp47
 70
     1
102
RTVSPost2010Prop48
 90
       50
102
RTVSPost2010PropOp48
 70
     1
102
RTVSPost2010Prop49
280
     0
102
RTVSPost2010PropOp49
 70
     1
102
RTVSPost2010Prop50
 90
       50
102
RTVSPost2010PropOp50
 70
     1
102
RTVSPost2010Prop51ColorIndex
 90
      256
102
RTVSPost2010Prop51ColorRGB
 90
-16777216
102
RTVSPost2010PropOp51
 70
     0
102
RTVSPost2010Prop52
140
1.0
102
RTVSPost2010PropOp52
 70
     0
102
RTVSPost2010Prop53
 90
        2
102
RTVSPost2010PropOp53
 70
     1
102
RTVSPost2010Prop54
  1
strokes_ogs.tif
102
RTVSPost2010PropOp54
 70
     1
102
RTVSPost2010Prop55
280
     0
102
RTVSPost2010PropOp55
 70
     1
102
RTVSPost2010Prop56
140
1.0
102
RTVSPost2010PropOp56
 70
     1
102
RTVSPost2010Prop57
140
1.0
102
RTVSPost2010PropOp57
 70
     1
  0
XRECORD
  5
12E0
102
{ACAD_REACTORS
330
12DF
102
}
330
12DF
100
AcDbXrecord
280
     1
102
RTVSPost2010Prop28
280
     0
102
RTVSPost2010PropOp28
 70
     1
102
RTVSPost2010Prop29
280
     1
102
RTVSPost2010PropOp29
 70
     1
102
RTVSPost2010Prop30
280
     1
102
RTVSPost2010PropOp30
 70
     1
102
RTVSPost2010Prop31
280
     0
102
RTVSPost2010PropOp31
 70
     1
102
RTVSPost2010Prop32
280
     0
102
RTVSPost2010PropOp32
 70
     1
102
RTVSPost2010Prop33
280
     0
102
RTVSPost2010PropOp33
 70
     1
102
RTVSPost2010Prop34
280
     0
102
RTVSPost2010PropOp34
 70
     1
102
RTVSPost2010Prop35
280
     0
102
RTVSPost2010PropOp35
 70
     1
102
RTVSPost2010Prop36
280
     0
102
RTVSPost2010PropOp36
 70
     1
102
RTVSPost2010Prop37
 90
       50
102
RTVSPost2010PropOp37
 70
     1
102
RTVSPost2010Prop38
140
0.0
102
RTVSPost2010PropOp38
 70
     1
102
RTVSPost2010Prop39
140
1.0
102
RTVSPost2010PropOp39
 70
     1
102
RTVSPost2010Prop40
 90
        0
102
RTVSPost2010PropOp40
 70
     1
102
RTVSPost2010Prop41ColorIndex
 90
       18
102
RTVSPost2010Prop41ColorRGB
 90
-16777216
102
RTVSPost2010PropOp41
 70
     1
102
RTVSPost2010Prop42
 90
       50
102
RTVSPost2010PropOp42
 70
     1
102
RTVSPost2010Prop43
 90
        3
102
RTVSPost2010PropOp43
 70
     1
102
RTVSPost2010Prop44ColorIndex
 90
        5
102
RTVSPost2010Prop44ColorRGB
 90
      255
102
RTVSPost2010PropOp44
 70
     1
102
RTVSPost2010Prop45
280
     0
102
RTVSPost2010PropOp45
 70
     1
102
RTVSPost2010Prop46
 90
       50
102
RTVSPost2010PropOp46
 70
     1
102
RTVSPost2010Prop47
 90
       50
102
RTVSPost2010PropOp47
 70
     1
102
RTVSPost2010Prop48
 90
       50
102
RTVSPost2010PropOp48
 70
     1
102
RTVSPost2010Prop49
280
     0
102
RTVSPost2010PropOp49
 70
     1
102
RTVSPost2010Prop50
 90
       50
102
RTVSPost2010PropOp50
 70
     1
102
RTVSPost2010Prop51ColorIndex
 90
      256
102
RTVSPost2010Prop51ColorRGB
 90
-16777216
102
RTVSPost2010PropOp51
 70
     0
102
RTVSPost2010Prop52
140
1.0
102
RTVSPost2010PropOp52
 70
     0
102
RTVSPost2010Prop53
 90
        2
102
RTVSPost2010PropOp53
 70
     1
102
RTVSPost2010Prop54
  1
strokes_ogs.tif
102
RTVSPost2010PropOp54
 70
     1
102
RTVSPost2010Prop55
280
     0
102
RTVSPost2010PropOp55
 70
     1
102
RTVSPost2010Prop56
140
1.0
102
RTVSPost2010PropOp56
 70
     1
102
RTVSPost2010Prop57
140
1.0
102
RTVSPost2010PropOp57
 70
     1
  0
XRECORD
  5
12D4
102
{ACAD_REACTORS
330
12D3
102
}
330
12D3
100
AcDbXrecord
280
     1
102
RTVSPost2010Prop28
280
     0
102
RTVSPost2010PropOp28
 70
     1
102
RTVSPost2010Prop29
280
     1
102
RTVSPost2010PropOp29
 70
     1
102
RTVSPost2010Prop30
280
     1
102
RTVSPost2010PropOp30
 70
     1
102
RTVSPost2010Prop31
280
     0
102
RTVSPost2010PropOp31
 70
     1
102
RTVSPost2010Prop32
280
     0
102
RTVSPost2010PropOp32
 70
     1
102
RTVSPost2010Prop33
280
     0
102
RTVSPost2010PropOp33
 70
     1
102
RTVSPost2010Prop34
280
     0
102
RTVSPost2010PropOp34
 70
     1
102
RTVSPost2010Prop35
280
     0
102
RTVSPost2010PropOp35
 70
     1
102
RTVSPost2010Prop36
280
     0
102
RTVSPost2010PropOp36
 70
     1
102
RTVSPost2010Prop37
 90
       50
102
RTVSPost2010PropOp37
 70
     1
102
RTVSPost2010Prop38
140
0.0
102
RTVSPost2010PropOp38
 70
     1
102
RTVSPost2010Prop39
140
1.0
102
RTVSPost2010PropOp39
 70
     1
102
RTVSPost2010Prop40
 90
        0
102
RTVSPost2010PropOp40
 70
     1
102
RTVSPost2010Prop41ColorIndex
 90
       18
102
RTVSPost2010Prop41ColorRGB
 90
-16777216
102
RTVSPost2010PropOp41
 70
     1
102
RTVSPost2010Prop42
 90
       50
102
RTVSPost2010PropOp42
 70
     1
102
RTVSPost2010Prop43
 90
        3
102
RTVSPost2010PropOp43
 70
     1
102
RTVSPost2010Prop44ColorIndex
 90
        5
102
RTVSPost2010Prop44ColorRGB
 90
      255
102
RTVSPost2010PropOp44
 70
     1
102
RTVSPost2010Prop45
280
     0
102
RTVSPost2010PropOp45
 70
     1
102
RTVSPost2010Prop46
 90
       50
102
RTVSPost2010PropOp46
 70
     1
102
RTVSPost2010Prop47
 90
       50
102
RTVSPost2010PropOp47
 70
     1
102
RTVSPost2010Prop48
 90
       50
102
RTVSPost2010PropOp48
 70
     1
102
RTVSPost2010Prop49
280
     0
102
RTVSPost2010PropOp49
 70
     1
102
RTVSPost2010Prop50
 90
       50
102
RTVSPost2010PropOp50
 70
     1
102
RTVSPost2010Prop51ColorIndex
 90
      256
102
RTVSPost2010Prop51ColorRGB
 90
-16777216
102
RTVSPost2010PropOp51
 70
     0
102
RTVSPost2010Prop52
140
1.0
102
RTVSPost2010PropOp52
 70
     0
102
RTVSPost2010Prop53
 90
        2
102
RTVSPost2010PropOp53
 70
     1
102
RTVSPost2010Prop54
  1
strokes_ogs.tif
102
RTVSPost2010PropOp54
 70
     1
102
RTVSPost2010Prop55
280
     0
102
RTVSPost2010PropOp55
 70
     1
102
RTVSPost2010Prop56
140
1.0
102
RTVSPost2010PropOp56
 70
     1
102
RTVSPost2010Prop57
140
1.0
102
RTVSPost2010PropOp57
 70
     1
  0
XRECORD
  5
12EC
102
{ACAD_REACTORS
330
12EB
102
}
330
12EB
100
AcDbXrecord
280
     1
102
RTVSPost2010Prop28
280
     0
102
RTVSPost2010PropOp28
 70
     1
102
RTVSPost2010Prop29
280
     1
102
RTVSPost2010PropOp29
 70
     1
102
RTVSPost2010Prop30
280
     1
102
RTVSPost2010PropOp30
 70
     1
102
RTVSPost2010Prop31
280
     0
102
RTVSPost2010PropOp31
 70
     1
102
RTVSPost2010Prop32
280
     0
102
RTVSPost2010PropOp32
 70
     1
102
RTVSPost2010Prop33
280
     0
102
RTVSPost2010PropOp33
 70
     1
102
RTVSPost2010Prop34
280
     0
102
RTVSPost2010PropOp34
 70
     1
102
RTVSPost2010Prop35
280
     0
102
RTVSPost2010PropOp35
 70
     1
102
RTVSPost2010Prop36
280
     0
102
RTVSPost2010PropOp36
 70
     1
102
RTVSPost2010Prop37
 90
       50
102
RTVSPost2010PropOp37
 70
     1
102
RTVSPost2010Prop38
140
0.0
102
RTVSPost2010PropOp38
 70
     1
102
RTVSPost2010Prop39
140
1.0
102
RTVSPost2010PropOp39
 70
     1
102
RTVSPost2010Prop40
 90
        0
102
RTVSPost2010PropOp40
 70
     1
102
RTVSPost2010Prop41ColorIndex
 90
       18
102
RTVSPost2010Prop41ColorRGB
 90
-16777216
102
RTVSPost2010PropOp41
 70
     1
102
RTVSPost2010Prop42
 90
       50
102
RTVSPost2010PropOp42
 70
     1
102
RTVSPost2010Prop43
 90
        3
102
RTVSPost2010PropOp43
 70
     1
102
RTVSPost2010Prop44ColorIndex
 90
        5
102
RTVSPost2010Prop44ColorRGB
 90
      255
102
RTVSPost2010PropOp44
 70
     1
102
RTVSPost2010Prop45
280
     0
102
RTVSPost2010PropOp45
 70
     1
102
RTVSPost2010Prop46
 90
       50
102
RTVSPost2010PropOp46
 70
     1
102
RTVSPost2010Prop47
 90
       50
102
RTVSPost2010PropOp47
 70
     1
102
RTVSPost2010Prop48
 90
       50
102
RTVSPost2010PropOp48
 70
     1
102
RTVSPost2010Prop49
280
     0
102
RTVSPost2010PropOp49
 70
     1
102
RTVSPost2010Prop50
 90
       50
102
RTVSPost2010PropOp50
 70
     1
102
RTVSPost2010Prop51ColorIndex
 90
      256
102
RTVSPost2010Prop51ColorRGB
 90
-16777216
102
RTVSPost2010PropOp51
 70
     0
102
RTVSPost2010Prop52
140
1.0
102
RTVSPost2010PropOp52
 70
     0
102
RTVSPost2010Prop53
 90
        2
102
RTVSPost2010PropOp53
 70
     1
102
RTVSPost2010Prop54
  1
strokes_ogs.tif
102
RTVSPost2010PropOp54
 70
     1
102
RTVSPost2010Prop55
280
     0
102
RTVSPost2010PropOp55
 70
     1
102
RTVSPost2010Prop56
140
1.0
102
RTVSPost2010PropOp56
 70
     1
102
RTVSPost2010Prop57
140
1.0
102
RTVSPost2010PropOp57
 70
     1
  0
ENDSEC
  0
EOF
