ISO-10303-21;
HEADER;
/* Generated by software containing ST-Developer
 * from STEP Tools, Inc. (www.steptools.com) 
 */

FILE_DESCRIPTION(
/* description */ (''),
/* implementation_level */ '2;1');

FILE_NAME(
/* name */ 'Plate sofle.step',
/* time_stamp */ '2025-05-05T19:05:17+07:00',
/* author */ (''),
/* organization */ (''),
/* preprocessor_version */ 'ST-DEVELOPER v20.1',
/* originating_system */ 'Autodesk Translation Framework v14.4.0.0',
/* authorisation */ '');

FILE_SCHEMA (('AUTOMOTIVE_DESIGN { 1 0 10303 214 3 1 1 }'));
ENDSEC;

DATA;
#10=MECHANICAL_DESIGN_GEOMETRIC_PRESENTATION_REPRESENTATION('',(#13,#14),
#11158);
#11=SHAPE_REPRESENTATION_RELATIONSHIP('SRR','None',#11165,#12);
#12=ADVANCED_BREP_SHAPE_REPRESENTATION('',(#15,#16),#11157);
#13=STYLED_ITEM('',(#11174),#15);
#14=STYLED_ITEM('',(#11174),#16);
#15=MANIFOLD_SOLID_BREP('Body3',#7137);
#16=MANIFOLD_SOLID_BREP('Body26',#7138);
#17=CYLINDRICAL_SURFACE('',#7171,2.);
#18=CYLINDRICAL_SURFACE('',#7174,2.);
#19=CYLINDRICAL_SURFACE('',#7176,2.);
#20=CYLINDRICAL_SURFACE('',#7179,2.);
#21=CYLINDRICAL_SURFACE('',#7182,2.);
#22=CYLINDRICAL_SURFACE('',#7185,2.);
#23=CYLINDRICAL_SURFACE('',#7349,2.);
#24=CYLINDRICAL_SURFACE('',#7352,2.);
#25=CYLINDRICAL_SURFACE('',#7354,2.);
#26=CYLINDRICAL_SURFACE('',#7357,2.);
#27=CYLINDRICAL_SURFACE('',#7360,2.);
#28=CYLINDRICAL_SURFACE('',#7363,2.);
#29=FACE_BOUND('',#517,.T.);
#30=FACE_BOUND('',#518,.T.);
#31=FACE_BOUND('',#519,.T.);
#32=FACE_BOUND('',#520,.T.);
#33=FACE_BOUND('',#521,.T.);
#34=FACE_BOUND('',#522,.T.);
#35=FACE_BOUND('',#523,.T.);
#36=FACE_BOUND('',#524,.T.);
#37=FACE_BOUND('',#525,.T.);
#38=FACE_BOUND('',#526,.T.);
#39=FACE_BOUND('',#527,.T.);
#40=FACE_BOUND('',#528,.T.);
#41=FACE_BOUND('',#529,.T.);
#42=FACE_BOUND('',#530,.T.);
#43=FACE_BOUND('',#531,.T.);
#44=FACE_BOUND('',#532,.T.);
#45=FACE_BOUND('',#533,.T.);
#46=FACE_BOUND('',#534,.T.);
#47=FACE_BOUND('',#535,.T.);
#48=FACE_BOUND('',#536,.T.);
#49=FACE_BOUND('',#537,.T.);
#50=FACE_BOUND('',#538,.T.);
#51=FACE_BOUND('',#539,.T.);
#52=FACE_BOUND('',#540,.T.);
#53=FACE_BOUND('',#541,.T.);
#54=FACE_BOUND('',#542,.T.);
#55=FACE_BOUND('',#543,.T.);
#56=FACE_BOUND('',#544,.T.);
#57=FACE_BOUND('',#545,.T.);
#58=FACE_BOUND('',#546,.T.);
#59=FACE_BOUND('',#570,.T.);
#60=FACE_BOUND('',#571,.T.);
#61=FACE_BOUND('',#572,.T.);
#62=FACE_BOUND('',#573,.T.);
#63=FACE_BOUND('',#574,.T.);
#64=FACE_BOUND('',#575,.T.);
#65=FACE_BOUND('',#576,.T.);
#66=FACE_BOUND('',#577,.T.);
#67=FACE_BOUND('',#578,.T.);
#68=FACE_BOUND('',#579,.T.);
#69=FACE_BOUND('',#580,.T.);
#70=FACE_BOUND('',#581,.T.);
#71=FACE_BOUND('',#582,.T.);
#72=FACE_BOUND('',#583,.T.);
#73=FACE_BOUND('',#584,.T.);
#74=FACE_BOUND('',#585,.T.);
#75=FACE_BOUND('',#586,.T.);
#76=FACE_BOUND('',#587,.T.);
#77=FACE_BOUND('',#588,.T.);
#78=FACE_BOUND('',#589,.T.);
#79=FACE_BOUND('',#590,.T.);
#80=FACE_BOUND('',#591,.T.);
#81=FACE_BOUND('',#592,.T.);
#82=FACE_BOUND('',#593,.T.);
#83=FACE_BOUND('',#594,.T.);
#84=FACE_BOUND('',#595,.T.);
#85=FACE_BOUND('',#596,.T.);
#86=FACE_BOUND('',#597,.T.);
#87=FACE_BOUND('',#598,.T.);
#88=FACE_BOUND('',#599,.T.);
#89=FACE_BOUND('',#743,.T.);
#90=FACE_BOUND('',#744,.T.);
#91=FACE_BOUND('',#745,.T.);
#92=FACE_BOUND('',#746,.T.);
#93=FACE_BOUND('',#747,.T.);
#94=FACE_BOUND('',#748,.T.);
#95=FACE_BOUND('',#749,.T.);
#96=FACE_BOUND('',#750,.T.);
#97=FACE_BOUND('',#751,.T.);
#98=FACE_BOUND('',#752,.T.);
#99=FACE_BOUND('',#753,.T.);
#100=FACE_BOUND('',#754,.T.);
#101=FACE_BOUND('',#755,.T.);
#102=FACE_BOUND('',#756,.T.);
#103=FACE_BOUND('',#757,.T.);
#104=FACE_BOUND('',#758,.T.);
#105=FACE_BOUND('',#759,.T.);
#106=FACE_BOUND('',#760,.T.);
#107=FACE_BOUND('',#761,.T.);
#108=FACE_BOUND('',#762,.T.);
#109=FACE_BOUND('',#763,.T.);
#110=FACE_BOUND('',#764,.T.);
#111=FACE_BOUND('',#765,.T.);
#112=FACE_BOUND('',#766,.T.);
#113=FACE_BOUND('',#767,.T.);
#114=FACE_BOUND('',#768,.T.);
#115=FACE_BOUND('',#769,.T.);
#116=FACE_BOUND('',#770,.T.);
#117=FACE_BOUND('',#771,.T.);
#118=FACE_BOUND('',#772,.T.);
#119=FACE_BOUND('',#796,.T.);
#120=FACE_BOUND('',#797,.T.);
#121=FACE_BOUND('',#798,.T.);
#122=FACE_BOUND('',#799,.T.);
#123=FACE_BOUND('',#800,.T.);
#124=FACE_BOUND('',#801,.T.);
#125=FACE_BOUND('',#802,.T.);
#126=FACE_BOUND('',#803,.T.);
#127=FACE_BOUND('',#804,.T.);
#128=FACE_BOUND('',#805,.T.);
#129=FACE_BOUND('',#806,.T.);
#130=FACE_BOUND('',#807,.T.);
#131=FACE_BOUND('',#808,.T.);
#132=FACE_BOUND('',#809,.T.);
#133=FACE_BOUND('',#810,.T.);
#134=FACE_BOUND('',#811,.T.);
#135=FACE_BOUND('',#812,.T.);
#136=FACE_BOUND('',#813,.T.);
#137=FACE_BOUND('',#814,.T.);
#138=FACE_BOUND('',#815,.T.);
#139=FACE_BOUND('',#816,.T.);
#140=FACE_BOUND('',#817,.T.);
#141=FACE_BOUND('',#818,.T.);
#142=FACE_BOUND('',#819,.T.);
#143=FACE_BOUND('',#820,.T.);
#144=FACE_BOUND('',#821,.T.);
#145=FACE_BOUND('',#822,.T.);
#146=FACE_BOUND('',#823,.T.);
#147=FACE_BOUND('',#824,.T.);
#148=FACE_BOUND('',#825,.T.);
#149=CIRCLE('',#7164,2.);
#150=CIRCLE('',#7165,2.);
#151=CIRCLE('',#7166,2.);
#152=CIRCLE('',#7167,2.);
#153=CIRCLE('',#7168,2.);
#154=CIRCLE('',#7169,2.);
#155=CIRCLE('',#7172,2.);
#156=CIRCLE('',#7175,2.);
#157=CIRCLE('',#7177,2.);
#158=CIRCLE('',#7180,2.);
#159=CIRCLE('',#7183,2.);
#160=CIRCLE('',#7186,2.);
#161=CIRCLE('',#7342,2.);
#162=CIRCLE('',#7343,2.);
#163=CIRCLE('',#7344,2.);
#164=CIRCLE('',#7345,2.);
#165=CIRCLE('',#7346,2.);
#166=CIRCLE('',#7347,2.);
#167=CIRCLE('',#7350,2.);
#168=CIRCLE('',#7353,2.);
#169=CIRCLE('',#7355,2.);
#170=CIRCLE('',#7358,2.);
#171=CIRCLE('',#7361,2.);
#172=CIRCLE('',#7364,2.);
#173=FACE_OUTER_BOUND('',#505,.T.);
#174=FACE_OUTER_BOUND('',#506,.T.);
#175=FACE_OUTER_BOUND('',#507,.T.);
#176=FACE_OUTER_BOUND('',#508,.T.);
#177=FACE_OUTER_BOUND('',#509,.T.);
#178=FACE_OUTER_BOUND('',#510,.T.);
#179=FACE_OUTER_BOUND('',#511,.T.);
#180=FACE_OUTER_BOUND('',#512,.T.);
#181=FACE_OUTER_BOUND('',#513,.T.);
#182=FACE_OUTER_BOUND('',#514,.T.);
#183=FACE_OUTER_BOUND('',#515,.T.);
#184=FACE_OUTER_BOUND('',#516,.T.);
#185=FACE_OUTER_BOUND('',#547,.T.);
#186=FACE_OUTER_BOUND('',#548,.T.);
#187=FACE_OUTER_BOUND('',#549,.T.);
#188=FACE_OUTER_BOUND('',#550,.T.);
#189=FACE_OUTER_BOUND('',#551,.T.);
#190=FACE_OUTER_BOUND('',#552,.T.);
#191=FACE_OUTER_BOUND('',#553,.T.);
#192=FACE_OUTER_BOUND('',#554,.T.);
#193=FACE_OUTER_BOUND('',#555,.T.);
#194=FACE_OUTER_BOUND('',#556,.T.);
#195=FACE_OUTER_BOUND('',#557,.T.);
#196=FACE_OUTER_BOUND('',#558,.T.);
#197=FACE_OUTER_BOUND('',#559,.T.);
#198=FACE_OUTER_BOUND('',#560,.T.);
#199=FACE_OUTER_BOUND('',#561,.T.);
#200=FACE_OUTER_BOUND('',#562,.T.);
#201=FACE_OUTER_BOUND('',#563,.T.);
#202=FACE_OUTER_BOUND('',#564,.T.);
#203=FACE_OUTER_BOUND('',#565,.T.);
#204=FACE_OUTER_BOUND('',#566,.T.);
#205=FACE_OUTER_BOUND('',#567,.T.);
#206=FACE_OUTER_BOUND('',#568,.T.);
#207=FACE_OUTER_BOUND('',#569,.T.);
#208=FACE_OUTER_BOUND('',#600,.T.);
#209=FACE_OUTER_BOUND('',#601,.T.);
#210=FACE_OUTER_BOUND('',#602,.T.);
#211=FACE_OUTER_BOUND('',#603,.T.);
#212=FACE_OUTER_BOUND('',#604,.T.);
#213=FACE_OUTER_BOUND('',#605,.T.);
#214=FACE_OUTER_BOUND('',#606,.T.);
#215=FACE_OUTER_BOUND('',#607,.T.);
#216=FACE_OUTER_BOUND('',#608,.T.);
#217=FACE_OUTER_BOUND('',#609,.T.);
#218=FACE_OUTER_BOUND('',#610,.T.);
#219=FACE_OUTER_BOUND('',#611,.T.);
#220=FACE_OUTER_BOUND('',#612,.T.);
#221=FACE_OUTER_BOUND('',#613,.T.);
#222=FACE_OUTER_BOUND('',#614,.T.);
#223=FACE_OUTER_BOUND('',#615,.T.);
#224=FACE_OUTER_BOUND('',#616,.T.);
#225=FACE_OUTER_BOUND('',#617,.T.);
#226=FACE_OUTER_BOUND('',#618,.T.);
#227=FACE_OUTER_BOUND('',#619,.T.);
#228=FACE_OUTER_BOUND('',#620,.T.);
#229=FACE_OUTER_BOUND('',#621,.T.);
#230=FACE_OUTER_BOUND('',#622,.T.);
#231=FACE_OUTER_BOUND('',#623,.T.);
#232=FACE_OUTER_BOUND('',#624,.T.);
#233=FACE_OUTER_BOUND('',#625,.T.);
#234=FACE_OUTER_BOUND('',#626,.T.);
#235=FACE_OUTER_BOUND('',#627,.T.);
#236=FACE_OUTER_BOUND('',#628,.T.);
#237=FACE_OUTER_BOUND('',#629,.T.);
#238=FACE_OUTER_BOUND('',#630,.T.);
#239=FACE_OUTER_BOUND('',#631,.T.);
#240=FACE_OUTER_BOUND('',#632,.T.);
#241=FACE_OUTER_BOUND('',#633,.T.);
#242=FACE_OUTER_BOUND('',#634,.T.);
#243=FACE_OUTER_BOUND('',#635,.T.);
#244=FACE_OUTER_BOUND('',#636,.T.);
#245=FACE_OUTER_BOUND('',#637,.T.);
#246=FACE_OUTER_BOUND('',#638,.T.);
#247=FACE_OUTER_BOUND('',#639,.T.);
#248=FACE_OUTER_BOUND('',#640,.T.);
#249=FACE_OUTER_BOUND('',#641,.T.);
#250=FACE_OUTER_BOUND('',#642,.T.);
#251=FACE_OUTER_BOUND('',#643,.T.);
#252=FACE_OUTER_BOUND('',#644,.T.);
#253=FACE_OUTER_BOUND('',#645,.T.);
#254=FACE_OUTER_BOUND('',#646,.T.);
#255=FACE_OUTER_BOUND('',#647,.T.);
#256=FACE_OUTER_BOUND('',#648,.T.);
#257=FACE_OUTER_BOUND('',#649,.T.);
#258=FACE_OUTER_BOUND('',#650,.T.);
#259=FACE_OUTER_BOUND('',#651,.T.);
#260=FACE_OUTER_BOUND('',#652,.T.);
#261=FACE_OUTER_BOUND('',#653,.T.);
#262=FACE_OUTER_BOUND('',#654,.T.);
#263=FACE_OUTER_BOUND('',#655,.T.);
#264=FACE_OUTER_BOUND('',#656,.T.);
#265=FACE_OUTER_BOUND('',#657,.T.);
#266=FACE_OUTER_BOUND('',#658,.T.);
#267=FACE_OUTER_BOUND('',#659,.T.);
#268=FACE_OUTER_BOUND('',#660,.T.);
#269=FACE_OUTER_BOUND('',#661,.T.);
#270=FACE_OUTER_BOUND('',#662,.T.);
#271=FACE_OUTER_BOUND('',#663,.T.);
#272=FACE_OUTER_BOUND('',#664,.T.);
#273=FACE_OUTER_BOUND('',#665,.T.);
#274=FACE_OUTER_BOUND('',#666,.T.);
#275=FACE_OUTER_BOUND('',#667,.T.);
#276=FACE_OUTER_BOUND('',#668,.T.);
#277=FACE_OUTER_BOUND('',#669,.T.);
#278=FACE_OUTER_BOUND('',#670,.T.);
#279=FACE_OUTER_BOUND('',#671,.T.);
#280=FACE_OUTER_BOUND('',#672,.T.);
#281=FACE_OUTER_BOUND('',#673,.T.);
#282=FACE_OUTER_BOUND('',#674,.T.);
#283=FACE_OUTER_BOUND('',#675,.T.);
#284=FACE_OUTER_BOUND('',#676,.T.);
#285=FACE_OUTER_BOUND('',#677,.T.);
#286=FACE_OUTER_BOUND('',#678,.T.);
#287=FACE_OUTER_BOUND('',#679,.T.);
#288=FACE_OUTER_BOUND('',#680,.T.);
#289=FACE_OUTER_BOUND('',#681,.T.);
#290=FACE_OUTER_BOUND('',#682,.T.);
#291=FACE_OUTER_BOUND('',#683,.T.);
#292=FACE_OUTER_BOUND('',#684,.T.);
#293=FACE_OUTER_BOUND('',#685,.T.);
#294=FACE_OUTER_BOUND('',#686,.T.);
#295=FACE_OUTER_BOUND('',#687,.T.);
#296=FACE_OUTER_BOUND('',#688,.T.);
#297=FACE_OUTER_BOUND('',#689,.T.);
#298=FACE_OUTER_BOUND('',#690,.T.);
#299=FACE_OUTER_BOUND('',#691,.T.);
#300=FACE_OUTER_BOUND('',#692,.T.);
#301=FACE_OUTER_BOUND('',#693,.T.);
#302=FACE_OUTER_BOUND('',#694,.T.);
#303=FACE_OUTER_BOUND('',#695,.T.);
#304=FACE_OUTER_BOUND('',#696,.T.);
#305=FACE_OUTER_BOUND('',#697,.T.);
#306=FACE_OUTER_BOUND('',#698,.T.);
#307=FACE_OUTER_BOUND('',#699,.T.);
#308=FACE_OUTER_BOUND('',#700,.T.);
#309=FACE_OUTER_BOUND('',#701,.T.);
#310=FACE_OUTER_BOUND('',#702,.T.);
#311=FACE_OUTER_BOUND('',#703,.T.);
#312=FACE_OUTER_BOUND('',#704,.T.);
#313=FACE_OUTER_BOUND('',#705,.T.);
#314=FACE_OUTER_BOUND('',#706,.T.);
#315=FACE_OUTER_BOUND('',#707,.T.);
#316=FACE_OUTER_BOUND('',#708,.T.);
#317=FACE_OUTER_BOUND('',#709,.T.);
#318=FACE_OUTER_BOUND('',#710,.T.);
#319=FACE_OUTER_BOUND('',#711,.T.);
#320=FACE_OUTER_BOUND('',#712,.T.);
#321=FACE_OUTER_BOUND('',#713,.T.);
#322=FACE_OUTER_BOUND('',#714,.T.);
#323=FACE_OUTER_BOUND('',#715,.T.);
#324=FACE_OUTER_BOUND('',#716,.T.);
#325=FACE_OUTER_BOUND('',#717,.T.);
#326=FACE_OUTER_BOUND('',#718,.T.);
#327=FACE_OUTER_BOUND('',#719,.T.);
#328=FACE_OUTER_BOUND('',#720,.T.);
#329=FACE_OUTER_BOUND('',#721,.T.);
#330=FACE_OUTER_BOUND('',#722,.T.);
#331=FACE_OUTER_BOUND('',#723,.T.);
#332=FACE_OUTER_BOUND('',#724,.T.);
#333=FACE_OUTER_BOUND('',#725,.T.);
#334=FACE_OUTER_BOUND('',#726,.T.);
#335=FACE_OUTER_BOUND('',#727,.T.);
#336=FACE_OUTER_BOUND('',#728,.T.);
#337=FACE_OUTER_BOUND('',#729,.T.);
#338=FACE_OUTER_BOUND('',#730,.T.);
#339=FACE_OUTER_BOUND('',#731,.T.);
#340=FACE_OUTER_BOUND('',#732,.T.);
#341=FACE_OUTER_BOUND('',#733,.T.);
#342=FACE_OUTER_BOUND('',#734,.T.);
#343=FACE_OUTER_BOUND('',#735,.T.);
#344=FACE_OUTER_BOUND('',#736,.T.);
#345=FACE_OUTER_BOUND('',#737,.T.);
#346=FACE_OUTER_BOUND('',#738,.T.);
#347=FACE_OUTER_BOUND('',#739,.T.);
#348=FACE_OUTER_BOUND('',#740,.T.);
#349=FACE_OUTER_BOUND('',#741,.T.);
#350=FACE_OUTER_BOUND('',#742,.T.);
#351=FACE_OUTER_BOUND('',#773,.T.);
#352=FACE_OUTER_BOUND('',#774,.T.);
#353=FACE_OUTER_BOUND('',#775,.T.);
#354=FACE_OUTER_BOUND('',#776,.T.);
#355=FACE_OUTER_BOUND('',#777,.T.);
#356=FACE_OUTER_BOUND('',#778,.T.);
#357=FACE_OUTER_BOUND('',#779,.T.);
#358=FACE_OUTER_BOUND('',#780,.T.);
#359=FACE_OUTER_BOUND('',#781,.T.);
#360=FACE_OUTER_BOUND('',#782,.T.);
#361=FACE_OUTER_BOUND('',#783,.T.);
#362=FACE_OUTER_BOUND('',#784,.T.);
#363=FACE_OUTER_BOUND('',#785,.T.);
#364=FACE_OUTER_BOUND('',#786,.T.);
#365=FACE_OUTER_BOUND('',#787,.T.);
#366=FACE_OUTER_BOUND('',#788,.T.);
#367=FACE_OUTER_BOUND('',#789,.T.);
#368=FACE_OUTER_BOUND('',#790,.T.);
#369=FACE_OUTER_BOUND('',#791,.T.);
#370=FACE_OUTER_BOUND('',#792,.T.);
#371=FACE_OUTER_BOUND('',#793,.T.);
#372=FACE_OUTER_BOUND('',#794,.T.);
#373=FACE_OUTER_BOUND('',#795,.T.);
#374=FACE_OUTER_BOUND('',#826,.T.);
#375=FACE_OUTER_BOUND('',#827,.T.);
#376=FACE_OUTER_BOUND('',#828,.T.);
#377=FACE_OUTER_BOUND('',#829,.T.);
#378=FACE_OUTER_BOUND('',#830,.T.);
#379=FACE_OUTER_BOUND('',#831,.T.);
#380=FACE_OUTER_BOUND('',#832,.T.);
#381=FACE_OUTER_BOUND('',#833,.T.);
#382=FACE_OUTER_BOUND('',#834,.T.);
#383=FACE_OUTER_BOUND('',#835,.T.);
#384=FACE_OUTER_BOUND('',#836,.T.);
#385=FACE_OUTER_BOUND('',#837,.T.);
#386=FACE_OUTER_BOUND('',#838,.T.);
#387=FACE_OUTER_BOUND('',#839,.T.);
#388=FACE_OUTER_BOUND('',#840,.T.);
#389=FACE_OUTER_BOUND('',#841,.T.);
#390=FACE_OUTER_BOUND('',#842,.T.);
#391=FACE_OUTER_BOUND('',#843,.T.);
#392=FACE_OUTER_BOUND('',#844,.T.);
#393=FACE_OUTER_BOUND('',#845,.T.);
#394=FACE_OUTER_BOUND('',#846,.T.);
#395=FACE_OUTER_BOUND('',#847,.T.);
#396=FACE_OUTER_BOUND('',#848,.T.);
#397=FACE_OUTER_BOUND('',#849,.T.);
#398=FACE_OUTER_BOUND('',#850,.T.);
#399=FACE_OUTER_BOUND('',#851,.T.);
#400=FACE_OUTER_BOUND('',#852,.T.);
#401=FACE_OUTER_BOUND('',#853,.T.);
#402=FACE_OUTER_BOUND('',#854,.T.);
#403=FACE_OUTER_BOUND('',#855,.T.);
#404=FACE_OUTER_BOUND('',#856,.T.);
#405=FACE_OUTER_BOUND('',#857,.T.);
#406=FACE_OUTER_BOUND('',#858,.T.);
#407=FACE_OUTER_BOUND('',#859,.T.);
#408=FACE_OUTER_BOUND('',#860,.T.);
#409=FACE_OUTER_BOUND('',#861,.T.);
#410=FACE_OUTER_BOUND('',#862,.T.);
#411=FACE_OUTER_BOUND('',#863,.T.);
#412=FACE_OUTER_BOUND('',#864,.T.);
#413=FACE_OUTER_BOUND('',#865,.T.);
#414=FACE_OUTER_BOUND('',#866,.T.);
#415=FACE_OUTER_BOUND('',#867,.T.);
#416=FACE_OUTER_BOUND('',#868,.T.);
#417=FACE_OUTER_BOUND('',#869,.T.);
#418=FACE_OUTER_BOUND('',#870,.T.);
#419=FACE_OUTER_BOUND('',#871,.T.);
#420=FACE_OUTER_BOUND('',#872,.T.);
#421=FACE_OUTER_BOUND('',#873,.T.);
#422=FACE_OUTER_BOUND('',#874,.T.);
#423=FACE_OUTER_BOUND('',#875,.T.);
#424=FACE_OUTER_BOUND('',#876,.T.);
#425=FACE_OUTER_BOUND('',#877,.T.);
#426=FACE_OUTER_BOUND('',#878,.T.);
#427=FACE_OUTER_BOUND('',#879,.T.);
#428=FACE_OUTER_BOUND('',#880,.T.);
#429=FACE_OUTER_BOUND('',#881,.T.);
#430=FACE_OUTER_BOUND('',#882,.T.);
#431=FACE_OUTER_BOUND('',#883,.T.);
#432=FACE_OUTER_BOUND('',#884,.T.);
#433=FACE_OUTER_BOUND('',#885,.T.);
#434=FACE_OUTER_BOUND('',#886,.T.);
#435=FACE_OUTER_BOUND('',#887,.T.);
#436=FACE_OUTER_BOUND('',#888,.T.);
#437=FACE_OUTER_BOUND('',#889,.T.);
#438=FACE_OUTER_BOUND('',#890,.T.);
#439=FACE_OUTER_BOUND('',#891,.T.);
#440=FACE_OUTER_BOUND('',#892,.T.);
#441=FACE_OUTER_BOUND('',#893,.T.);
#442=FACE_OUTER_BOUND('',#894,.T.);
#443=FACE_OUTER_BOUND('',#895,.T.);
#444=FACE_OUTER_BOUND('',#896,.T.);
#445=FACE_OUTER_BOUND('',#897,.T.);
#446=FACE_OUTER_BOUND('',#898,.T.);
#447=FACE_OUTER_BOUND('',#899,.T.);
#448=FACE_OUTER_BOUND('',#900,.T.);
#449=FACE_OUTER_BOUND('',#901,.T.);
#450=FACE_OUTER_BOUND('',#902,.T.);
#451=FACE_OUTER_BOUND('',#903,.T.);
#452=FACE_OUTER_BOUND('',#904,.T.);
#453=FACE_OUTER_BOUND('',#905,.T.);
#454=FACE_OUTER_BOUND('',#906,.T.);
#455=FACE_OUTER_BOUND('',#907,.T.);
#456=FACE_OUTER_BOUND('',#908,.T.);
#457=FACE_OUTER_BOUND('',#909,.T.);
#458=FACE_OUTER_BOUND('',#910,.T.);
#459=FACE_OUTER_BOUND('',#911,.T.);
#460=FACE_OUTER_BOUND('',#912,.T.);
#461=FACE_OUTER_BOUND('',#913,.T.);
#462=FACE_OUTER_BOUND('',#914,.T.);
#463=FACE_OUTER_BOUND('',#915,.T.);
#464=FACE_OUTER_BOUND('',#916,.T.);
#465=FACE_OUTER_BOUND('',#917,.T.);
#466=FACE_OUTER_BOUND('',#918,.T.);
#467=FACE_OUTER_BOUND('',#919,.T.);
#468=FACE_OUTER_BOUND('',#920,.T.);
#469=FACE_OUTER_BOUND('',#921,.T.);
#470=FACE_OUTER_BOUND('',#922,.T.);
#471=FACE_OUTER_BOUND('',#923,.T.);
#472=FACE_OUTER_BOUND('',#924,.T.);
#473=FACE_OUTER_BOUND('',#925,.T.);
#474=FACE_OUTER_BOUND('',#926,.T.);
#475=FACE_OUTER_BOUND('',#927,.T.);
#476=FACE_OUTER_BOUND('',#928,.T.);
#477=FACE_OUTER_BOUND('',#929,.T.);
#478=FACE_OUTER_BOUND('',#930,.T.);
#479=FACE_OUTER_BOUND('',#931,.T.);
#480=FACE_OUTER_BOUND('',#932,.T.);
#481=FACE_OUTER_BOUND('',#933,.T.);
#482=FACE_OUTER_BOUND('',#934,.T.);
#483=FACE_OUTER_BOUND('',#935,.T.);
#484=FACE_OUTER_BOUND('',#936,.T.);
#485=FACE_OUTER_BOUND('',#937,.T.);
#486=FACE_OUTER_BOUND('',#938,.T.);
#487=FACE_OUTER_BOUND('',#939,.T.);
#488=FACE_OUTER_BOUND('',#940,.T.);
#489=FACE_OUTER_BOUND('',#941,.T.);
#490=FACE_OUTER_BOUND('',#942,.T.);
#491=FACE_OUTER_BOUND('',#943,.T.);
#492=FACE_OUTER_BOUND('',#944,.T.);
#493=FACE_OUTER_BOUND('',#945,.T.);
#494=FACE_OUTER_BOUND('',#946,.T.);
#495=FACE_OUTER_BOUND('',#947,.T.);
#496=FACE_OUTER_BOUND('',#948,.T.);
#497=FACE_OUTER_BOUND('',#949,.T.);
#498=FACE_OUTER_BOUND('',#950,.T.);
#499=FACE_OUTER_BOUND('',#951,.T.);
#500=FACE_OUTER_BOUND('',#952,.T.);
#501=FACE_OUTER_BOUND('',#953,.T.);
#502=FACE_OUTER_BOUND('',#954,.T.);
#503=FACE_OUTER_BOUND('',#955,.T.);
#504=FACE_OUTER_BOUND('',#956,.T.);
#505=EDGE_LOOP('',(#4517,#4518,#4519,#4520));
#506=EDGE_LOOP('',(#4521,#4522,#4523,#4524));
#507=EDGE_LOOP('',(#4525,#4526,#4527,#4528));
#508=EDGE_LOOP('',(#4529,#4530,#4531,#4532));
#509=EDGE_LOOP('',(#4533,#4534,#4535,#4536));
#510=EDGE_LOOP('',(#4537,#4538,#4539,#4540));
#511=EDGE_LOOP('',(#4541,#4542,#4543,#4544));
#512=EDGE_LOOP('',(#4545,#4546,#4547,#4548));
#513=EDGE_LOOP('',(#4549,#4550,#4551,#4552));
#514=EDGE_LOOP('',(#4553,#4554,#4555,#4556));
#515=EDGE_LOOP('',(#4557,#4558,#4559,#4560));
#516=EDGE_LOOP('',(#4561,#4562,#4563,#4564,#4565,#4566,#4567,#4568,#4569,
#4570,#4571,#4572,#4573,#4574,#4575,#4576,#4577,#4578,#4579,#4580,#4581,
#4582,#4583,#4584,#4585,#4586,#4587,#4588,#4589,#4590,#4591,#4592,#4593,
#4594,#4595,#4596,#4597,#4598,#4599,#4600,#4601,#4602,#4603,#4604));
#517=EDGE_LOOP('',(#4605,#4606,#4607,#4608));
#518=EDGE_LOOP('',(#4609,#4610,#4611,#4612));
#519=EDGE_LOOP('',(#4613,#4614,#4615,#4616));
#520=EDGE_LOOP('',(#4617,#4618,#4619,#4620));
#521=EDGE_LOOP('',(#4621,#4622,#4623,#4624));
#522=EDGE_LOOP('',(#4625,#4626,#4627,#4628));
#523=EDGE_LOOP('',(#4629,#4630,#4631,#4632));
#524=EDGE_LOOP('',(#4633,#4634,#4635,#4636));
#525=EDGE_LOOP('',(#4637,#4638,#4639,#4640));
#526=EDGE_LOOP('',(#4641,#4642,#4643,#4644));
#527=EDGE_LOOP('',(#4645,#4646,#4647,#4648));
#528=EDGE_LOOP('',(#4649,#4650,#4651,#4652));
#529=EDGE_LOOP('',(#4653,#4654,#4655,#4656));
#530=EDGE_LOOP('',(#4657,#4658,#4659,#4660));
#531=EDGE_LOOP('',(#4661,#4662,#4663,#4664));
#532=EDGE_LOOP('',(#4665,#4666,#4667,#4668));
#533=EDGE_LOOP('',(#4669,#4670,#4671,#4672));
#534=EDGE_LOOP('',(#4673,#4674,#4675,#4676));
#535=EDGE_LOOP('',(#4677,#4678,#4679,#4680));
#536=EDGE_LOOP('',(#4681,#4682,#4683,#4684));
#537=EDGE_LOOP('',(#4685,#4686,#4687,#4688));
#538=EDGE_LOOP('',(#4689,#4690,#4691,#4692));
#539=EDGE_LOOP('',(#4693,#4694,#4695,#4696));
#540=EDGE_LOOP('',(#4697,#4698,#4699,#4700));
#541=EDGE_LOOP('',(#4701,#4702,#4703,#4704));
#542=EDGE_LOOP('',(#4705,#4706,#4707,#4708));
#543=EDGE_LOOP('',(#4709,#4710,#4711,#4712));
#544=EDGE_LOOP('',(#4713,#4714,#4715,#4716));
#545=EDGE_LOOP('',(#4717,#4718,#4719,#4720));
#546=EDGE_LOOP('',(#4721,#4722,#4723,#4724));
#547=EDGE_LOOP('',(#4725,#4726,#4727,#4728));
#548=EDGE_LOOP('',(#4729,#4730,#4731,#4732));
#549=EDGE_LOOP('',(#4733,#4734,#4735,#4736));
#550=EDGE_LOOP('',(#4737,#4738,#4739,#4740));
#551=EDGE_LOOP('',(#4741,#4742,#4743,#4744));
#552=EDGE_LOOP('',(#4745,#4746,#4747,#4748));
#553=EDGE_LOOP('',(#4749,#4750,#4751,#4752));
#554=EDGE_LOOP('',(#4753,#4754,#4755,#4756));
#555=EDGE_LOOP('',(#4757,#4758,#4759,#4760));
#556=EDGE_LOOP('',(#4761,#4762,#4763,#4764));
#557=EDGE_LOOP('',(#4765,#4766,#4767,#4768));
#558=EDGE_LOOP('',(#4769,#4770,#4771,#4772));
#559=EDGE_LOOP('',(#4773,#4774,#4775,#4776));
#560=EDGE_LOOP('',(#4777,#4778,#4779,#4780));
#561=EDGE_LOOP('',(#4781,#4782,#4783,#4784));
#562=EDGE_LOOP('',(#4785,#4786,#4787,#4788));
#563=EDGE_LOOP('',(#4789,#4790,#4791,#4792));
#564=EDGE_LOOP('',(#4793,#4794,#4795,#4796));
#565=EDGE_LOOP('',(#4797,#4798,#4799,#4800));
#566=EDGE_LOOP('',(#4801,#4802,#4803,#4804));
#567=EDGE_LOOP('',(#4805,#4806,#4807,#4808));
#568=EDGE_LOOP('',(#4809,#4810,#4811,#4812));
#569=EDGE_LOOP('',(#4813,#4814,#4815,#4816,#4817,#4818,#4819,#4820,#4821,
#4822,#4823,#4824,#4825,#4826,#4827,#4828,#4829,#4830,#4831,#4832,#4833,
#4834,#4835,#4836,#4837,#4838,#4839,#4840,#4841,#4842,#4843,#4844,#4845,
#4846,#4847,#4848,#4849,#4850,#4851,#4852,#4853,#4854,#4855,#4856));
#570=EDGE_LOOP('',(#4857,#4858,#4859,#4860));
#571=EDGE_LOOP('',(#4861,#4862,#4863,#4864));
#572=EDGE_LOOP('',(#4865,#4866,#4867,#4868));
#573=EDGE_LOOP('',(#4869,#4870,#4871,#4872));
#574=EDGE_LOOP('',(#4873,#4874,#4875,#4876));
#575=EDGE_LOOP('',(#4877,#4878,#4879,#4880));
#576=EDGE_LOOP('',(#4881,#4882,#4883,#4884));
#577=EDGE_LOOP('',(#4885,#4886,#4887,#4888));
#578=EDGE_LOOP('',(#4889,#4890,#4891,#4892));
#579=EDGE_LOOP('',(#4893,#4894,#4895,#4896));
#580=EDGE_LOOP('',(#4897,#4898,#4899,#4900));
#581=EDGE_LOOP('',(#4901,#4902,#4903,#4904));
#582=EDGE_LOOP('',(#4905,#4906,#4907,#4908));
#583=EDGE_LOOP('',(#4909,#4910,#4911,#4912));
#584=EDGE_LOOP('',(#4913,#4914,#4915,#4916));
#585=EDGE_LOOP('',(#4917,#4918,#4919,#4920));
#586=EDGE_LOOP('',(#4921,#4922,#4923,#4924));
#587=EDGE_LOOP('',(#4925,#4926,#4927,#4928));
#588=EDGE_LOOP('',(#4929,#4930,#4931,#4932));
#589=EDGE_LOOP('',(#4933,#4934,#4935,#4936));
#590=EDGE_LOOP('',(#4937,#4938,#4939,#4940));
#591=EDGE_LOOP('',(#4941,#4942,#4943,#4944));
#592=EDGE_LOOP('',(#4945,#4946,#4947,#4948));
#593=EDGE_LOOP('',(#4949,#4950,#4951,#4952));
#594=EDGE_LOOP('',(#4953,#4954,#4955,#4956));
#595=EDGE_LOOP('',(#4957,#4958,#4959,#4960));
#596=EDGE_LOOP('',(#4961,#4962,#4963,#4964));
#597=EDGE_LOOP('',(#4965,#4966,#4967,#4968));
#598=EDGE_LOOP('',(#4969,#4970,#4971,#4972));
#599=EDGE_LOOP('',(#4973,#4974,#4975,#4976));
#600=EDGE_LOOP('',(#4977,#4978,#4979,#4980));
#601=EDGE_LOOP('',(#4981,#4982,#4983,#4984));
#602=EDGE_LOOP('',(#4985,#4986,#4987,#4988));
#603=EDGE_LOOP('',(#4989,#4990,#4991,#4992));
#604=EDGE_LOOP('',(#4993,#4994,#4995,#4996));
#605=EDGE_LOOP('',(#4997,#4998,#4999,#5000));
#606=EDGE_LOOP('',(#5001,#5002,#5003,#5004));
#607=EDGE_LOOP('',(#5005,#5006,#5007,#5008));
#608=EDGE_LOOP('',(#5009,#5010,#5011,#5012));
#609=EDGE_LOOP('',(#5013,#5014,#5015,#5016));
#610=EDGE_LOOP('',(#5017,#5018,#5019,#5020));
#611=EDGE_LOOP('',(#5021,#5022,#5023,#5024));
#612=EDGE_LOOP('',(#5025,#5026,#5027,#5028));
#613=EDGE_LOOP('',(#5029,#5030,#5031,#5032));
#614=EDGE_LOOP('',(#5033,#5034,#5035,#5036));
#615=EDGE_LOOP('',(#5037,#5038,#5039,#5040));
#616=EDGE_LOOP('',(#5041,#5042,#5043,#5044));
#617=EDGE_LOOP('',(#5045,#5046,#5047,#5048));
#618=EDGE_LOOP('',(#5049,#5050,#5051,#5052));
#619=EDGE_LOOP('',(#5053,#5054,#5055,#5056));
#620=EDGE_LOOP('',(#5057,#5058,#5059,#5060));
#621=EDGE_LOOP('',(#5061,#5062,#5063,#5064));
#622=EDGE_LOOP('',(#5065,#5066,#5067,#5068));
#623=EDGE_LOOP('',(#5069,#5070,#5071,#5072));
#624=EDGE_LOOP('',(#5073,#5074,#5075,#5076));
#625=EDGE_LOOP('',(#5077,#5078,#5079,#5080));
#626=EDGE_LOOP('',(#5081,#5082,#5083,#5084));
#627=EDGE_LOOP('',(#5085,#5086,#5087,#5088));
#628=EDGE_LOOP('',(#5089,#5090,#5091,#5092));
#629=EDGE_LOOP('',(#5093,#5094,#5095,#5096));
#630=EDGE_LOOP('',(#5097,#5098,#5099,#5100));
#631=EDGE_LOOP('',(#5101,#5102,#5103,#5104));
#632=EDGE_LOOP('',(#5105,#5106,#5107,#5108));
#633=EDGE_LOOP('',(#5109,#5110,#5111,#5112));
#634=EDGE_LOOP('',(#5113,#5114,#5115,#5116));
#635=EDGE_LOOP('',(#5117,#5118,#5119,#5120));
#636=EDGE_LOOP('',(#5121,#5122,#5123,#5124));
#637=EDGE_LOOP('',(#5125,#5126,#5127,#5128));
#638=EDGE_LOOP('',(#5129,#5130,#5131,#5132));
#639=EDGE_LOOP('',(#5133,#5134,#5135,#5136));
#640=EDGE_LOOP('',(#5137,#5138,#5139,#5140));
#641=EDGE_LOOP('',(#5141,#5142,#5143,#5144));
#642=EDGE_LOOP('',(#5145,#5146,#5147,#5148));
#643=EDGE_LOOP('',(#5149,#5150,#5151,#5152));
#644=EDGE_LOOP('',(#5153,#5154,#5155,#5156));
#645=EDGE_LOOP('',(#5157,#5158,#5159,#5160));
#646=EDGE_LOOP('',(#5161,#5162,#5163,#5164));
#647=EDGE_LOOP('',(#5165,#5166,#5167,#5168));
#648=EDGE_LOOP('',(#5169,#5170,#5171,#5172));
#649=EDGE_LOOP('',(#5173,#5174,#5175,#5176));
#650=EDGE_LOOP('',(#5177,#5178,#5179,#5180));
#651=EDGE_LOOP('',(#5181,#5182,#5183,#5184));
#652=EDGE_LOOP('',(#5185,#5186,#5187,#5188));
#653=EDGE_LOOP('',(#5189,#5190,#5191,#5192));
#654=EDGE_LOOP('',(#5193,#5194,#5195,#5196));
#655=EDGE_LOOP('',(#5197,#5198,#5199,#5200));
#656=EDGE_LOOP('',(#5201,#5202,#5203,#5204));
#657=EDGE_LOOP('',(#5205,#5206,#5207,#5208));
#658=EDGE_LOOP('',(#5209,#5210,#5211,#5212));
#659=EDGE_LOOP('',(#5213,#5214,#5215,#5216));
#660=EDGE_LOOP('',(#5217,#5218,#5219,#5220));
#661=EDGE_LOOP('',(#5221,#5222,#5223,#5224));
#662=EDGE_LOOP('',(#5225,#5226,#5227,#5228));
#663=EDGE_LOOP('',(#5229,#5230,#5231,#5232));
#664=EDGE_LOOP('',(#5233,#5234,#5235,#5236));
#665=EDGE_LOOP('',(#5237,#5238,#5239,#5240));
#666=EDGE_LOOP('',(#5241,#5242,#5243,#5244));
#667=EDGE_LOOP('',(#5245,#5246,#5247,#5248));
#668=EDGE_LOOP('',(#5249,#5250,#5251,#5252));
#669=EDGE_LOOP('',(#5253,#5254,#5255,#5256));
#670=EDGE_LOOP('',(#5257,#5258,#5259,#5260));
#671=EDGE_LOOP('',(#5261,#5262,#5263,#5264));
#672=EDGE_LOOP('',(#5265,#5266,#5267,#5268));
#673=EDGE_LOOP('',(#5269,#5270,#5271,#5272));
#674=EDGE_LOOP('',(#5273,#5274,#5275,#5276));
#675=EDGE_LOOP('',(#5277,#5278,#5279,#5280));
#676=EDGE_LOOP('',(#5281,#5282,#5283,#5284));
#677=EDGE_LOOP('',(#5285,#5286,#5287,#5288));
#678=EDGE_LOOP('',(#5289,#5290,#5291,#5292));
#679=EDGE_LOOP('',(#5293,#5294,#5295,#5296));
#680=EDGE_LOOP('',(#5297,#5298,#5299,#5300));
#681=EDGE_LOOP('',(#5301,#5302,#5303,#5304));
#682=EDGE_LOOP('',(#5305,#5306,#5307,#5308));
#683=EDGE_LOOP('',(#5309,#5310,#5311,#5312));
#684=EDGE_LOOP('',(#5313,#5314,#5315,#5316));
#685=EDGE_LOOP('',(#5317,#5318,#5319,#5320));
#686=EDGE_LOOP('',(#5321,#5322,#5323,#5324));
#687=EDGE_LOOP('',(#5325,#5326,#5327,#5328));
#688=EDGE_LOOP('',(#5329,#5330,#5331,#5332));
#689=EDGE_LOOP('',(#5333,#5334,#5335,#5336));
#690=EDGE_LOOP('',(#5337,#5338,#5339,#5340));
#691=EDGE_LOOP('',(#5341,#5342,#5343,#5344));
#692=EDGE_LOOP('',(#5345,#5346,#5347,#5348));
#693=EDGE_LOOP('',(#5349,#5350,#5351,#5352));
#694=EDGE_LOOP('',(#5353,#5354,#5355,#5356));
#695=EDGE_LOOP('',(#5357,#5358,#5359,#5360));
#696=EDGE_LOOP('',(#5361,#5362,#5363,#5364));
#697=EDGE_LOOP('',(#5365,#5366,#5367,#5368));
#698=EDGE_LOOP('',(#5369,#5370,#5371,#5372));
#699=EDGE_LOOP('',(#5373,#5374,#5375,#5376));
#700=EDGE_LOOP('',(#5377,#5378,#5379,#5380));
#701=EDGE_LOOP('',(#5381,#5382,#5383,#5384));
#702=EDGE_LOOP('',(#5385,#5386,#5387,#5388));
#703=EDGE_LOOP('',(#5389,#5390,#5391,#5392));
#704=EDGE_LOOP('',(#5393,#5394,#5395,#5396));
#705=EDGE_LOOP('',(#5397,#5398,#5399,#5400));
#706=EDGE_LOOP('',(#5401,#5402,#5403,#5404));
#707=EDGE_LOOP('',(#5405,#5406,#5407,#5408));
#708=EDGE_LOOP('',(#5409,#5410,#5411,#5412));
#709=EDGE_LOOP('',(#5413,#5414,#5415,#5416));
#710=EDGE_LOOP('',(#5417,#5418,#5419,#5420));
#711=EDGE_LOOP('',(#5421,#5422,#5423,#5424));
#712=EDGE_LOOP('',(#5425,#5426,#5427,#5428));
#713=EDGE_LOOP('',(#5429,#5430,#5431,#5432));
#714=EDGE_LOOP('',(#5433,#5434,#5435,#5436));
#715=EDGE_LOOP('',(#5437,#5438,#5439,#5440));
#716=EDGE_LOOP('',(#5441,#5442,#5443,#5444));
#717=EDGE_LOOP('',(#5445,#5446,#5447,#5448));
#718=EDGE_LOOP('',(#5449,#5450,#5451,#5452));
#719=EDGE_LOOP('',(#5453,#5454,#5455,#5456));
#720=EDGE_LOOP('',(#5457,#5458,#5459,#5460));
#721=EDGE_LOOP('',(#5461,#5462,#5463,#5464));
#722=EDGE_LOOP('',(#5465,#5466,#5467,#5468));
#723=EDGE_LOOP('',(#5469,#5470,#5471,#5472));
#724=EDGE_LOOP('',(#5473,#5474,#5475,#5476));
#725=EDGE_LOOP('',(#5477,#5478,#5479,#5480));
#726=EDGE_LOOP('',(#5481,#5482,#5483,#5484));
#727=EDGE_LOOP('',(#5485,#5486,#5487,#5488));
#728=EDGE_LOOP('',(#5489,#5490,#5491,#5492));
#729=EDGE_LOOP('',(#5493,#5494,#5495,#5496));
#730=EDGE_LOOP('',(#5497,#5498,#5499,#5500));
#731=EDGE_LOOP('',(#5501,#5502,#5503,#5504));
#732=EDGE_LOOP('',(#5505,#5506,#5507,#5508));
#733=EDGE_LOOP('',(#5509,#5510,#5511,#5512));
#734=EDGE_LOOP('',(#5513,#5514,#5515,#5516));
#735=EDGE_LOOP('',(#5517,#5518,#5519,#5520));
#736=EDGE_LOOP('',(#5521,#5522,#5523,#5524));
#737=EDGE_LOOP('',(#5525,#5526,#5527,#5528));
#738=EDGE_LOOP('',(#5529,#5530,#5531,#5532));
#739=EDGE_LOOP('',(#5533,#5534,#5535,#5536));
#740=EDGE_LOOP('',(#5537,#5538,#5539,#5540));
#741=EDGE_LOOP('',(#5541,#5542,#5543,#5544));
#742=EDGE_LOOP('',(#5545,#5546,#5547,#5548,#5549,#5550,#5551,#5552,#5553,
#5554,#5555,#5556,#5557,#5558,#5559,#5560,#5561,#5562,#5563,#5564,#5565,
#5566,#5567,#5568,#5569,#5570,#5571,#5572,#5573,#5574,#5575,#5576,#5577,
#5578,#5579,#5580,#5581,#5582,#5583,#5584,#5585,#5586,#5587,#5588));
#743=EDGE_LOOP('',(#5589,#5590,#5591,#5592));
#744=EDGE_LOOP('',(#5593,#5594,#5595,#5596));
#745=EDGE_LOOP('',(#5597,#5598,#5599,#5600));
#746=EDGE_LOOP('',(#5601,#5602,#5603,#5604));
#747=EDGE_LOOP('',(#5605,#5606,#5607,#5608));
#748=EDGE_LOOP('',(#5609,#5610,#5611,#5612));
#749=EDGE_LOOP('',(#5613,#5614,#5615,#5616));
#750=EDGE_LOOP('',(#5617,#5618,#5619,#5620));
#751=EDGE_LOOP('',(#5621,#5622,#5623,#5624));
#752=EDGE_LOOP('',(#5625,#5626,#5627,#5628));
#753=EDGE_LOOP('',(#5629,#5630,#5631,#5632));
#754=EDGE_LOOP('',(#5633,#5634,#5635,#5636));
#755=EDGE_LOOP('',(#5637,#5638,#5639,#5640));
#756=EDGE_LOOP('',(#5641,#5642,#5643,#5644));
#757=EDGE_LOOP('',(#5645,#5646,#5647,#5648));
#758=EDGE_LOOP('',(#5649,#5650,#5651,#5652));
#759=EDGE_LOOP('',(#5653,#5654,#5655,#5656));
#760=EDGE_LOOP('',(#5657,#5658,#5659,#5660));
#761=EDGE_LOOP('',(#5661,#5662,#5663,#5664));
#762=EDGE_LOOP('',(#5665,#5666,#5667,#5668));
#763=EDGE_LOOP('',(#5669,#5670,#5671,#5672));
#764=EDGE_LOOP('',(#5673,#5674,#5675,#5676));
#765=EDGE_LOOP('',(#5677,#5678,#5679,#5680));
#766=EDGE_LOOP('',(#5681,#5682,#5683,#5684));
#767=EDGE_LOOP('',(#5685,#5686,#5687,#5688));
#768=EDGE_LOOP('',(#5689,#5690,#5691,#5692));
#769=EDGE_LOOP('',(#5693,#5694,#5695,#5696));
#770=EDGE_LOOP('',(#5697,#5698,#5699,#5700));
#771=EDGE_LOOP('',(#5701,#5702,#5703,#5704));
#772=EDGE_LOOP('',(#5705,#5706,#5707,#5708));
#773=EDGE_LOOP('',(#5709,#5710,#5711,#5712));
#774=EDGE_LOOP('',(#5713,#5714,#5715,#5716));
#775=EDGE_LOOP('',(#5717,#5718,#5719,#5720));
#776=EDGE_LOOP('',(#5721,#5722,#5723,#5724));
#777=EDGE_LOOP('',(#5725,#5726,#5727,#5728));
#778=EDGE_LOOP('',(#5729,#5730,#5731,#5732));
#779=EDGE_LOOP('',(#5733,#5734,#5735,#5736));
#780=EDGE_LOOP('',(#5737,#5738,#5739,#5740));
#781=EDGE_LOOP('',(#5741,#5742,#5743,#5744));
#782=EDGE_LOOP('',(#5745,#5746,#5747,#5748));
#783=EDGE_LOOP('',(#5749,#5750,#5751,#5752));
#784=EDGE_LOOP('',(#5753,#5754,#5755,#5756));
#785=EDGE_LOOP('',(#5757,#5758,#5759,#5760));
#786=EDGE_LOOP('',(#5761,#5762,#5763,#5764));
#787=EDGE_LOOP('',(#5765,#5766,#5767,#5768));
#788=EDGE_LOOP('',(#5769,#5770,#5771,#5772));
#789=EDGE_LOOP('',(#5773,#5774,#5775,#5776));
#790=EDGE_LOOP('',(#5777,#5778,#5779,#5780));
#791=EDGE_LOOP('',(#5781,#5782,#5783,#5784));
#792=EDGE_LOOP('',(#5785,#5786,#5787,#5788));
#793=EDGE_LOOP('',(#5789,#5790,#5791,#5792));
#794=EDGE_LOOP('',(#5793,#5794,#5795,#5796));
#795=EDGE_LOOP('',(#5797,#5798,#5799,#5800,#5801,#5802,#5803,#5804,#5805,
#5806,#5807,#5808,#5809,#5810,#5811,#5812,#5813,#5814,#5815,#5816,#5817,
#5818,#5819,#5820,#5821,#5822,#5823,#5824,#5825,#5826,#5827,#5828,#5829,
#5830,#5831,#5832,#5833,#5834,#5835,#5836,#5837,#5838,#5839,#5840));
#796=EDGE_LOOP('',(#5841,#5842,#5843,#5844));
#797=EDGE_LOOP('',(#5845,#5846,#5847,#5848));
#798=EDGE_LOOP('',(#5849,#5850,#5851,#5852));
#799=EDGE_LOOP('',(#5853,#5854,#5855,#5856));
#800=EDGE_LOOP('',(#5857,#5858,#5859,#5860));
#801=EDGE_LOOP('',(#5861,#5862,#5863,#5864));
#802=EDGE_LOOP('',(#5865,#5866,#5867,#5868));
#803=EDGE_LOOP('',(#5869,#5870,#5871,#5872));
#804=EDGE_LOOP('',(#5873,#5874,#5875,#5876));
#805=EDGE_LOOP('',(#5877,#5878,#5879,#5880));
#806=EDGE_LOOP('',(#5881,#5882,#5883,#5884));
#807=EDGE_LOOP('',(#5885,#5886,#5887,#5888));
#808=EDGE_LOOP('',(#5889,#5890,#5891,#5892));
#809=EDGE_LOOP('',(#5893,#5894,#5895,#5896));
#810=EDGE_LOOP('',(#5897,#5898,#5899,#5900));
#811=EDGE_LOOP('',(#5901,#5902,#5903,#5904));
#812=EDGE_LOOP('',(#5905,#5906,#5907,#5908));
#813=EDGE_LOOP('',(#5909,#5910,#5911,#5912));
#814=EDGE_LOOP('',(#5913,#5914,#5915,#5916));
#815=EDGE_LOOP('',(#5917,#5918,#5919,#5920));
#816=EDGE_LOOP('',(#5921,#5922,#5923,#5924));
#817=EDGE_LOOP('',(#5925,#5926,#5927,#5928));
#818=EDGE_LOOP('',(#5929,#5930,#5931,#5932));
#819=EDGE_LOOP('',(#5933,#5934,#5935,#5936));
#820=EDGE_LOOP('',(#5937,#5938,#5939,#5940));
#821=EDGE_LOOP('',(#5941,#5942,#5943,#5944));
#822=EDGE_LOOP('',(#5945,#5946,#5947,#5948));
#823=EDGE_LOOP('',(#5949,#5950,#5951,#5952));
#824=EDGE_LOOP('',(#5953,#5954,#5955,#5956));
#825=EDGE_LOOP('',(#5957,#5958,#5959,#5960));
#826=EDGE_LOOP('',(#5961,#5962,#5963,#5964));
#827=EDGE_LOOP('',(#5965,#5966,#5967,#5968));
#828=EDGE_LOOP('',(#5969,#5970,#5971,#5972));
#829=EDGE_LOOP('',(#5973,#5974,#5975,#5976));
#830=EDGE_LOOP('',(#5977,#5978,#5979,#5980));
#831=EDGE_LOOP('',(#5981,#5982,#5983,#5984));
#832=EDGE_LOOP('',(#5985,#5986,#5987,#5988));
#833=EDGE_LOOP('',(#5989,#5990,#5991,#5992));
#834=EDGE_LOOP('',(#5993,#5994,#5995,#5996));
#835=EDGE_LOOP('',(#5997,#5998,#5999,#6000));
#836=EDGE_LOOP('',(#6001,#6002,#6003,#6004));
#837=EDGE_LOOP('',(#6005,#6006,#6007,#6008));
#838=EDGE_LOOP('',(#6009,#6010,#6011,#6012));
#839=EDGE_LOOP('',(#6013,#6014,#6015,#6016));
#840=EDGE_LOOP('',(#6017,#6018,#6019,#6020));
#841=EDGE_LOOP('',(#6021,#6022,#6023,#6024));
#842=EDGE_LOOP('',(#6025,#6026,#6027,#6028));
#843=EDGE_LOOP('',(#6029,#6030,#6031,#6032));
#844=EDGE_LOOP('',(#6033,#6034,#6035,#6036));
#845=EDGE_LOOP('',(#6037,#6038,#6039,#6040));
#846=EDGE_LOOP('',(#6041,#6042,#6043,#6044));
#847=EDGE_LOOP('',(#6045,#6046,#6047,#6048));
#848=EDGE_LOOP('',(#6049,#6050,#6051,#6052));
#849=EDGE_LOOP('',(#6053,#6054,#6055,#6056));
#850=EDGE_LOOP('',(#6057,#6058,#6059,#6060));
#851=EDGE_LOOP('',(#6061,#6062,#6063,#6064));
#852=EDGE_LOOP('',(#6065,#6066,#6067,#6068));
#853=EDGE_LOOP('',(#6069,#6070,#6071,#6072));
#854=EDGE_LOOP('',(#6073,#6074,#6075,#6076));
#855=EDGE_LOOP('',(#6077,#6078,#6079,#6080));
#856=EDGE_LOOP('',(#6081,#6082,#6083,#6084));
#857=EDGE_LOOP('',(#6085,#6086,#6087,#6088));
#858=EDGE_LOOP('',(#6089,#6090,#6091,#6092));
#859=EDGE_LOOP('',(#6093,#6094,#6095,#6096));
#860=EDGE_LOOP('',(#6097,#6098,#6099,#6100));
#861=EDGE_LOOP('',(#6101,#6102,#6103,#6104));
#862=EDGE_LOOP('',(#6105,#6106,#6107,#6108));
#863=EDGE_LOOP('',(#6109,#6110,#6111,#6112));
#864=EDGE_LOOP('',(#6113,#6114,#6115,#6116));
#865=EDGE_LOOP('',(#6117,#6118,#6119,#6120));
#866=EDGE_LOOP('',(#6121,#6122,#6123,#6124));
#867=EDGE_LOOP('',(#6125,#6126,#6127,#6128));
#868=EDGE_LOOP('',(#6129,#6130,#6131,#6132));
#869=EDGE_LOOP('',(#6133,#6134,#6135,#6136));
#870=EDGE_LOOP('',(#6137,#6138,#6139,#6140));
#871=EDGE_LOOP('',(#6141,#6142,#6143,#6144));
#872=EDGE_LOOP('',(#6145,#6146,#6147,#6148));
#873=EDGE_LOOP('',(#6149,#6150,#6151,#6152));
#874=EDGE_LOOP('',(#6153,#6154,#6155,#6156));
#875=EDGE_LOOP('',(#6157,#6158,#6159,#6160));
#876=EDGE_LOOP('',(#6161,#6162,#6163,#6164));
#877=EDGE_LOOP('',(#6165,#6166,#6167,#6168));
#878=EDGE_LOOP('',(#6169,#6170,#6171,#6172));
#879=EDGE_LOOP('',(#6173,#6174,#6175,#6176));
#880=EDGE_LOOP('',(#6177,#6178,#6179,#6180));
#881=EDGE_LOOP('',(#6181,#6182,#6183,#6184));
#882=EDGE_LOOP('',(#6185,#6186,#6187,#6188));
#883=EDGE_LOOP('',(#6189,#6190,#6191,#6192));
#884=EDGE_LOOP('',(#6193,#6194,#6195,#6196));
#885=EDGE_LOOP('',(#6197,#6198,#6199,#6200));
#886=EDGE_LOOP('',(#6201,#6202,#6203,#6204));
#887=EDGE_LOOP('',(#6205,#6206,#6207,#6208));
#888=EDGE_LOOP('',(#6209,#6210,#6211,#6212));
#889=EDGE_LOOP('',(#6213,#6214,#6215,#6216));
#890=EDGE_LOOP('',(#6217,#6218,#6219,#6220));
#891=EDGE_LOOP('',(#6221,#6222,#6223,#6224));
#892=EDGE_LOOP('',(#6225,#6226,#6227,#6228));
#893=EDGE_LOOP('',(#6229,#6230,#6231,#6232));
#894=EDGE_LOOP('',(#6233,#6234,#6235,#6236));
#895=EDGE_LOOP('',(#6237,#6238,#6239,#6240));
#896=EDGE_LOOP('',(#6241,#6242,#6243,#6244));
#897=EDGE_LOOP('',(#6245,#6246,#6247,#6248));
#898=EDGE_LOOP('',(#6249,#6250,#6251,#6252));
#899=EDGE_LOOP('',(#6253,#6254,#6255,#6256));
#900=EDGE_LOOP('',(#6257,#6258,#6259,#6260));
#901=EDGE_LOOP('',(#6261,#6262,#6263,#6264));
#902=EDGE_LOOP('',(#6265,#6266,#6267,#6268));
#903=EDGE_LOOP('',(#6269,#6270,#6271,#6272));
#904=EDGE_LOOP('',(#6273,#6274,#6275,#6276));
#905=EDGE_LOOP('',(#6277,#6278,#6279,#6280));
#906=EDGE_LOOP('',(#6281,#6282,#6283,#6284));
#907=EDGE_LOOP('',(#6285,#6286,#6287,#6288));
#908=EDGE_LOOP('',(#6289,#6290,#6291,#6292));
#909=EDGE_LOOP('',(#6293,#6294,#6295,#6296));
#910=EDGE_LOOP('',(#6297,#6298,#6299,#6300));
#911=EDGE_LOOP('',(#6301,#6302,#6303,#6304));
#912=EDGE_LOOP('',(#6305,#6306,#6307,#6308));
#913=EDGE_LOOP('',(#6309,#6310,#6311,#6312));
#914=EDGE_LOOP('',(#6313,#6314,#6315,#6316));
#915=EDGE_LOOP('',(#6317,#6318,#6319,#6320));
#916=EDGE_LOOP('',(#6321,#6322,#6323,#6324));
#917=EDGE_LOOP('',(#6325,#6326,#6327,#6328));
#918=EDGE_LOOP('',(#6329,#6330,#6331,#6332));
#919=EDGE_LOOP('',(#6333,#6334,#6335,#6336));
#920=EDGE_LOOP('',(#6337,#6338,#6339,#6340));
#921=EDGE_LOOP('',(#6341,#6342,#6343,#6344));
#922=EDGE_LOOP('',(#6345,#6346,#6347,#6348));
#923=EDGE_LOOP('',(#6349,#6350,#6351,#6352));
#924=EDGE_LOOP('',(#6353,#6354,#6355,#6356));
#925=EDGE_LOOP('',(#6357,#6358,#6359,#6360));
#926=EDGE_LOOP('',(#6361,#6362,#6363,#6364));
#927=EDGE_LOOP('',(#6365,#6366,#6367,#6368));
#928=EDGE_LOOP('',(#6369,#6370,#6371,#6372));
#929=EDGE_LOOP('',(#6373,#6374,#6375,#6376));
#930=EDGE_LOOP('',(#6377,#6378,#6379,#6380));
#931=EDGE_LOOP('',(#6381,#6382,#6383,#6384));
#932=EDGE_LOOP('',(#6385,#6386,#6387,#6388));
#933=EDGE_LOOP('',(#6389,#6390,#6391,#6392));
#934=EDGE_LOOP('',(#6393,#6394,#6395,#6396));
#935=EDGE_LOOP('',(#6397,#6398,#6399,#6400));
#936=EDGE_LOOP('',(#6401,#6402,#6403,#6404));
#937=EDGE_LOOP('',(#6405,#6406,#6407,#6408));
#938=EDGE_LOOP('',(#6409,#6410,#6411,#6412));
#939=EDGE_LOOP('',(#6413,#6414,#6415,#6416));
#940=EDGE_LOOP('',(#6417,#6418,#6419,#6420));
#941=EDGE_LOOP('',(#6421,#6422,#6423,#6424));
#942=EDGE_LOOP('',(#6425,#6426,#6427,#6428));
#943=EDGE_LOOP('',(#6429,#6430,#6431,#6432));
#944=EDGE_LOOP('',(#6433,#6434,#6435,#6436));
#945=EDGE_LOOP('',(#6437,#6438,#6439,#6440));
#946=EDGE_LOOP('',(#6441,#6442,#6443,#6444));
#947=EDGE_LOOP('',(#6445,#6446,#6447,#6448));
#948=EDGE_LOOP('',(#6449,#6450,#6451,#6452));
#949=EDGE_LOOP('',(#6453,#6454,#6455,#6456));
#950=EDGE_LOOP('',(#6457,#6458,#6459,#6460));
#951=EDGE_LOOP('',(#6461,#6462,#6463,#6464));
#952=EDGE_LOOP('',(#6465,#6466,#6467,#6468));
#953=EDGE_LOOP('',(#6469,#6470,#6471,#6472));
#954=EDGE_LOOP('',(#6473,#6474,#6475,#6476));
#955=EDGE_LOOP('',(#6477,#6478,#6479,#6480));
#956=EDGE_LOOP('',(#6481,#6482,#6483,#6484));
#957=LINE('',#9186,#1917);
#958=LINE('',#9188,#1918);
#959=LINE('',#9190,#1919);
#960=LINE('',#9191,#1920);
#961=LINE('',#9194,#1921);
#962=LINE('',#9196,#1922);
#963=LINE('',#9197,#1923);
#964=LINE('',#9200,#1924);
#965=LINE('',#9202,#1925);
#966=LINE('',#9203,#1926);
#967=LINE('',#9207,#1927);
#968=LINE('',#9209,#1928);
#969=LINE('',#9211,#1929);
#970=LINE('',#9212,#1930);
#971=LINE('',#9215,#1931);
#972=LINE('',#9217,#1932);
#973=LINE('',#9218,#1933);
#974=LINE('',#9221,#1934);
#975=LINE('',#9223,#1935);
#976=LINE('',#9224,#1936);
#977=LINE('',#9228,#1937);
#978=LINE('',#9230,#1938);
#979=LINE('',#9232,#1939);
#980=LINE('',#9233,#1940);
#981=LINE('',#9236,#1941);
#982=LINE('',#9238,#1942);
#983=LINE('',#9239,#1943);
#984=LINE('',#9242,#1944);
#985=LINE('',#9244,#1945);
#986=LINE('',#9245,#1946);
#987=LINE('',#9248,#1947);
#988=LINE('',#9250,#1948);
#989=LINE('',#9251,#1949);
#990=LINE('',#9254,#1950);
#991=LINE('',#9256,#1951);
#992=LINE('',#9257,#1952);
#993=LINE('',#9262,#1953);
#994=LINE('',#9264,#1954);
#995=LINE('',#9266,#1955);
#996=LINE('',#9268,#1956);
#997=LINE('',#9270,#1957);
#998=LINE('',#9272,#1958);
#999=LINE('',#9274,#1959);
#1000=LINE('',#9276,#1960);
#1001=LINE('',#9278,#1961);
#1002=LINE('',#9280,#1962);
#1003=LINE('',#9283,#1963);
#1004=LINE('',#9285,#1964);
#1005=LINE('',#9289,#1965);
#1006=LINE('',#9291,#1966);
#1007=LINE('',#9293,#1967);
#1008=LINE('',#9295,#1968);
#1009=LINE('',#9297,#1969);
#1010=LINE('',#9300,#1970);
#1011=LINE('',#9304,#1971);
#1012=LINE('',#9306,#1972);
#1013=LINE('',#9308,#1973);
#1014=LINE('',#9310,#1974);
#1015=LINE('',#9312,#1975);
#1016=LINE('',#9314,#1976);
#1017=LINE('',#9316,#1977);
#1018=LINE('',#9318,#1978);
#1019=LINE('',#9321,#1979);
#1020=LINE('',#9324,#1980);
#1021=LINE('',#9326,#1981);
#1022=LINE('',#9328,#1982);
#1023=LINE('',#9329,#1983);
#1024=LINE('',#9332,#1984);
#1025=LINE('',#9334,#1985);
#1026=LINE('',#9336,#1986);
#1027=LINE('',#9337,#1987);
#1028=LINE('',#9340,#1988);
#1029=LINE('',#9342,#1989);
#1030=LINE('',#9344,#1990);
#1031=LINE('',#9345,#1991);
#1032=LINE('',#9348,#1992);
#1033=LINE('',#9350,#1993);
#1034=LINE('',#9352,#1994);
#1035=LINE('',#9353,#1995);
#1036=LINE('',#9356,#1996);
#1037=LINE('',#9358,#1997);
#1038=LINE('',#9360,#1998);
#1039=LINE('',#9361,#1999);
#1040=LINE('',#9364,#2000);
#1041=LINE('',#9366,#2001);
#1042=LINE('',#9368,#2002);
#1043=LINE('',#9369,#2003);
#1044=LINE('',#9372,#2004);
#1045=LINE('',#9374,#2005);
#1046=LINE('',#9376,#2006);
#1047=LINE('',#9377,#2007);
#1048=LINE('',#9380,#2008);
#1049=LINE('',#9382,#2009);
#1050=LINE('',#9384,#2010);
#1051=LINE('',#9385,#2011);
#1052=LINE('',#9388,#2012);
#1053=LINE('',#9390,#2013);
#1054=LINE('',#9392,#2014);
#1055=LINE('',#9393,#2015);
#1056=LINE('',#9396,#2016);
#1057=LINE('',#9398,#2017);
#1058=LINE('',#9400,#2018);
#1059=LINE('',#9401,#2019);
#1060=LINE('',#9404,#2020);
#1061=LINE('',#9406,#2021);
#1062=LINE('',#9408,#2022);
#1063=LINE('',#9409,#2023);
#1064=LINE('',#9412,#2024);
#1065=LINE('',#9414,#2025);
#1066=LINE('',#9416,#2026);
#1067=LINE('',#9417,#2027);
#1068=LINE('',#9420,#2028);
#1069=LINE('',#9422,#2029);
#1070=LINE('',#9424,#2030);
#1071=LINE('',#9425,#2031);
#1072=LINE('',#9428,#2032);
#1073=LINE('',#9430,#2033);
#1074=LINE('',#9432,#2034);
#1075=LINE('',#9433,#2035);
#1076=LINE('',#9436,#2036);
#1077=LINE('',#9438,#2037);
#1078=LINE('',#9440,#2038);
#1079=LINE('',#9441,#2039);
#1080=LINE('',#9444,#2040);
#1081=LINE('',#9446,#2041);
#1082=LINE('',#9448,#2042);
#1083=LINE('',#9449,#2043);
#1084=LINE('',#9452,#2044);
#1085=LINE('',#9454,#2045);
#1086=LINE('',#9456,#2046);
#1087=LINE('',#9457,#2047);
#1088=LINE('',#9460,#2048);
#1089=LINE('',#9462,#2049);
#1090=LINE('',#9464,#2050);
#1091=LINE('',#9465,#2051);
#1092=LINE('',#9468,#2052);
#1093=LINE('',#9470,#2053);
#1094=LINE('',#9472,#2054);
#1095=LINE('',#9473,#2055);
#1096=LINE('',#9476,#2056);
#1097=LINE('',#9478,#2057);
#1098=LINE('',#9480,#2058);
#1099=LINE('',#9481,#2059);
#1100=LINE('',#9484,#2060);
#1101=LINE('',#9486,#2061);
#1102=LINE('',#9488,#2062);
#1103=LINE('',#9489,#2063);
#1104=LINE('',#9492,#2064);
#1105=LINE('',#9494,#2065);
#1106=LINE('',#9496,#2066);
#1107=LINE('',#9497,#2067);
#1108=LINE('',#9500,#2068);
#1109=LINE('',#9502,#2069);
#1110=LINE('',#9504,#2070);
#1111=LINE('',#9505,#2071);
#1112=LINE('',#9508,#2072);
#1113=LINE('',#9510,#2073);
#1114=LINE('',#9512,#2074);
#1115=LINE('',#9513,#2075);
#1116=LINE('',#9516,#2076);
#1117=LINE('',#9518,#2077);
#1118=LINE('',#9520,#2078);
#1119=LINE('',#9521,#2079);
#1120=LINE('',#9524,#2080);
#1121=LINE('',#9526,#2081);
#1122=LINE('',#9528,#2082);
#1123=LINE('',#9529,#2083);
#1124=LINE('',#9532,#2084);
#1125=LINE('',#9534,#2085);
#1126=LINE('',#9536,#2086);
#1127=LINE('',#9537,#2087);
#1128=LINE('',#9540,#2088);
#1129=LINE('',#9542,#2089);
#1130=LINE('',#9544,#2090);
#1131=LINE('',#9545,#2091);
#1132=LINE('',#9548,#2092);
#1133=LINE('',#9550,#2093);
#1134=LINE('',#9552,#2094);
#1135=LINE('',#9553,#2095);
#1136=LINE('',#9556,#2096);
#1137=LINE('',#9558,#2097);
#1138=LINE('',#9560,#2098);
#1139=LINE('',#9561,#2099);
#1140=LINE('',#9564,#2100);
#1141=LINE('',#9565,#2101);
#1142=LINE('',#9570,#2102);
#1143=LINE('',#9571,#2103);
#1144=LINE('',#9573,#2104);
#1145=LINE('',#9577,#2105);
#1146=LINE('',#9581,#2106);
#1147=LINE('',#9584,#2107);
#1148=LINE('',#9585,#2108);
#1149=LINE('',#9589,#2109);
#1150=LINE('',#9592,#2110);
#1151=LINE('',#9593,#2111);
#1152=LINE('',#9597,#2112);
#1153=LINE('',#9600,#2113);
#1154=LINE('',#9601,#2114);
#1155=LINE('',#9604,#2115);
#1156=LINE('',#9608,#2116);
#1157=LINE('',#9609,#2117);
#1158=LINE('',#9612,#2118);
#1159=LINE('',#9613,#2119);
#1160=LINE('',#9616,#2120);
#1161=LINE('',#9617,#2121);
#1162=LINE('',#9620,#2122);
#1163=LINE('',#9621,#2123);
#1164=LINE('',#9624,#2124);
#1165=LINE('',#9625,#2125);
#1166=LINE('',#9628,#2126);
#1167=LINE('',#9629,#2127);
#1168=LINE('',#9632,#2128);
#1169=LINE('',#9633,#2129);
#1170=LINE('',#9636,#2130);
#1171=LINE('',#9638,#2131);
#1172=LINE('',#9639,#2132);
#1173=LINE('',#9642,#2133);
#1174=LINE('',#9644,#2134);
#1175=LINE('',#9645,#2135);
#1176=LINE('',#9647,#2136);
#1177=LINE('',#9649,#2137);
#1178=LINE('',#9652,#2138);
#1179=LINE('',#9654,#2139);
#1180=LINE('',#9656,#2140);
#1181=LINE('',#9657,#2141);
#1182=LINE('',#9658,#2142);
#1183=LINE('',#9660,#2143);
#1184=LINE('',#9662,#2144);
#1185=LINE('',#9664,#2145);
#1186=LINE('',#9666,#2146);
#1187=LINE('',#9668,#2147);
#1188=LINE('',#9669,#2148);
#1189=LINE('',#9672,#2149);
#1190=LINE('',#9674,#2150);
#1191=LINE('',#9676,#2151);
#1192=LINE('',#9677,#2152);
#1193=LINE('',#9680,#2153);
#1194=LINE('',#9682,#2154);
#1195=LINE('',#9684,#2155);
#1196=LINE('',#9685,#2156);
#1197=LINE('',#9688,#2157);
#1198=LINE('',#9690,#2158);
#1199=LINE('',#9692,#2159);
#1200=LINE('',#9693,#2160);
#1201=LINE('',#9696,#2161);
#1202=LINE('',#9698,#2162);
#1203=LINE('',#9700,#2163);
#1204=LINE('',#9701,#2164);
#1205=LINE('',#9704,#2165);
#1206=LINE('',#9706,#2166);
#1207=LINE('',#9708,#2167);
#1208=LINE('',#9709,#2168);
#1209=LINE('',#9712,#2169);
#1210=LINE('',#9714,#2170);
#1211=LINE('',#9716,#2171);
#1212=LINE('',#9717,#2172);
#1213=LINE('',#9720,#2173);
#1214=LINE('',#9722,#2174);
#1215=LINE('',#9724,#2175);
#1216=LINE('',#9725,#2176);
#1217=LINE('',#9728,#2177);
#1218=LINE('',#9730,#2178);
#1219=LINE('',#9732,#2179);
#1220=LINE('',#9733,#2180);
#1221=LINE('',#9736,#2181);
#1222=LINE('',#9738,#2182);
#1223=LINE('',#9740,#2183);
#1224=LINE('',#9741,#2184);
#1225=LINE('',#9744,#2185);
#1226=LINE('',#9746,#2186);
#1227=LINE('',#9748,#2187);
#1228=LINE('',#9749,#2188);
#1229=LINE('',#9752,#2189);
#1230=LINE('',#9754,#2190);
#1231=LINE('',#9756,#2191);
#1232=LINE('',#9757,#2192);
#1233=LINE('',#9760,#2193);
#1234=LINE('',#9762,#2194);
#1235=LINE('',#9764,#2195);
#1236=LINE('',#9765,#2196);
#1237=LINE('',#9768,#2197);
#1238=LINE('',#9770,#2198);
#1239=LINE('',#9772,#2199);
#1240=LINE('',#9773,#2200);
#1241=LINE('',#9776,#2201);
#1242=LINE('',#9778,#2202);
#1243=LINE('',#9780,#2203);
#1244=LINE('',#9781,#2204);
#1245=LINE('',#9784,#2205);
#1246=LINE('',#9786,#2206);
#1247=LINE('',#9788,#2207);
#1248=LINE('',#9789,#2208);
#1249=LINE('',#9792,#2209);
#1250=LINE('',#9794,#2210);
#1251=LINE('',#9796,#2211);
#1252=LINE('',#9797,#2212);
#1253=LINE('',#9800,#2213);
#1254=LINE('',#9802,#2214);
#1255=LINE('',#9804,#2215);
#1256=LINE('',#9805,#2216);
#1257=LINE('',#9808,#2217);
#1258=LINE('',#9810,#2218);
#1259=LINE('',#9812,#2219);
#1260=LINE('',#9813,#2220);
#1261=LINE('',#9816,#2221);
#1262=LINE('',#9818,#2222);
#1263=LINE('',#9820,#2223);
#1264=LINE('',#9821,#2224);
#1265=LINE('',#9824,#2225);
#1266=LINE('',#9826,#2226);
#1267=LINE('',#9828,#2227);
#1268=LINE('',#9829,#2228);
#1269=LINE('',#9832,#2229);
#1270=LINE('',#9834,#2230);
#1271=LINE('',#9836,#2231);
#1272=LINE('',#9837,#2232);
#1273=LINE('',#9840,#2233);
#1274=LINE('',#9842,#2234);
#1275=LINE('',#9844,#2235);
#1276=LINE('',#9845,#2236);
#1277=LINE('',#9848,#2237);
#1278=LINE('',#9850,#2238);
#1279=LINE('',#9852,#2239);
#1280=LINE('',#9853,#2240);
#1281=LINE('',#9856,#2241);
#1282=LINE('',#9858,#2242);
#1283=LINE('',#9860,#2243);
#1284=LINE('',#9861,#2244);
#1285=LINE('',#9864,#2245);
#1286=LINE('',#9866,#2246);
#1287=LINE('',#9868,#2247);
#1288=LINE('',#9869,#2248);
#1289=LINE('',#9872,#2249);
#1290=LINE('',#9874,#2250);
#1291=LINE('',#9876,#2251);
#1292=LINE('',#9877,#2252);
#1293=LINE('',#9880,#2253);
#1294=LINE('',#9882,#2254);
#1295=LINE('',#9884,#2255);
#1296=LINE('',#9885,#2256);
#1297=LINE('',#9888,#2257);
#1298=LINE('',#9890,#2258);
#1299=LINE('',#9892,#2259);
#1300=LINE('',#9893,#2260);
#1301=LINE('',#9896,#2261);
#1302=LINE('',#9898,#2262);
#1303=LINE('',#9900,#2263);
#1304=LINE('',#9901,#2264);
#1305=LINE('',#9904,#2265);
#1306=LINE('',#9906,#2266);
#1307=LINE('',#9908,#2267);
#1308=LINE('',#9909,#2268);
#1309=LINE('',#9911,#2269);
#1310=LINE('',#9912,#2270);
#1311=LINE('',#9914,#2271);
#1312=LINE('',#9916,#2272);
#1313=LINE('',#9919,#2273);
#1314=LINE('',#9920,#2274);
#1315=LINE('',#9922,#2275);
#1316=LINE('',#9924,#2276);
#1317=LINE('',#9927,#2277);
#1318=LINE('',#9928,#2278);
#1319=LINE('',#9930,#2279);
#1320=LINE('',#9932,#2280);
#1321=LINE('',#9935,#2281);
#1322=LINE('',#9936,#2282);
#1323=LINE('',#9938,#2283);
#1324=LINE('',#9940,#2284);
#1325=LINE('',#9943,#2285);
#1326=LINE('',#9944,#2286);
#1327=LINE('',#9946,#2287);
#1328=LINE('',#9948,#2288);
#1329=LINE('',#9951,#2289);
#1330=LINE('',#9952,#2290);
#1331=LINE('',#9954,#2291);
#1332=LINE('',#9956,#2292);
#1333=LINE('',#9959,#2293);
#1334=LINE('',#9960,#2294);
#1335=LINE('',#9962,#2295);
#1336=LINE('',#9964,#2296);
#1337=LINE('',#9967,#2297);
#1338=LINE('',#9968,#2298);
#1339=LINE('',#9970,#2299);
#1340=LINE('',#9972,#2300);
#1341=LINE('',#9975,#2301);
#1342=LINE('',#9976,#2302);
#1343=LINE('',#9978,#2303);
#1344=LINE('',#9980,#2304);
#1345=LINE('',#9983,#2305);
#1346=LINE('',#9984,#2306);
#1347=LINE('',#9986,#2307);
#1348=LINE('',#9988,#2308);
#1349=LINE('',#9991,#2309);
#1350=LINE('',#9992,#2310);
#1351=LINE('',#9994,#2311);
#1352=LINE('',#9996,#2312);
#1353=LINE('',#9999,#2313);
#1354=LINE('',#10000,#2314);
#1355=LINE('',#10002,#2315);
#1356=LINE('',#10004,#2316);
#1357=LINE('',#10007,#2317);
#1358=LINE('',#10008,#2318);
#1359=LINE('',#10010,#2319);
#1360=LINE('',#10012,#2320);
#1361=LINE('',#10015,#2321);
#1362=LINE('',#10016,#2322);
#1363=LINE('',#10018,#2323);
#1364=LINE('',#10020,#2324);
#1365=LINE('',#10023,#2325);
#1366=LINE('',#10024,#2326);
#1367=LINE('',#10026,#2327);
#1368=LINE('',#10028,#2328);
#1369=LINE('',#10031,#2329);
#1370=LINE('',#10032,#2330);
#1371=LINE('',#10034,#2331);
#1372=LINE('',#10036,#2332);
#1373=LINE('',#10039,#2333);
#1374=LINE('',#10040,#2334);
#1375=LINE('',#10042,#2335);
#1376=LINE('',#10044,#2336);
#1377=LINE('',#10047,#2337);
#1378=LINE('',#10048,#2338);
#1379=LINE('',#10050,#2339);
#1380=LINE('',#10052,#2340);
#1381=LINE('',#10055,#2341);
#1382=LINE('',#10056,#2342);
#1383=LINE('',#10058,#2343);
#1384=LINE('',#10060,#2344);
#1385=LINE('',#10063,#2345);
#1386=LINE('',#10064,#2346);
#1387=LINE('',#10066,#2347);
#1388=LINE('',#10068,#2348);
#1389=LINE('',#10071,#2349);
#1390=LINE('',#10072,#2350);
#1391=LINE('',#10074,#2351);
#1392=LINE('',#10076,#2352);
#1393=LINE('',#10079,#2353);
#1394=LINE('',#10080,#2354);
#1395=LINE('',#10082,#2355);
#1396=LINE('',#10084,#2356);
#1397=LINE('',#10087,#2357);
#1398=LINE('',#10088,#2358);
#1399=LINE('',#10090,#2359);
#1400=LINE('',#10092,#2360);
#1401=LINE('',#10095,#2361);
#1402=LINE('',#10096,#2362);
#1403=LINE('',#10098,#2363);
#1404=LINE('',#10100,#2364);
#1405=LINE('',#10103,#2365);
#1406=LINE('',#10104,#2366);
#1407=LINE('',#10106,#2367);
#1408=LINE('',#10108,#2368);
#1409=LINE('',#10111,#2369);
#1410=LINE('',#10112,#2370);
#1411=LINE('',#10114,#2371);
#1412=LINE('',#10116,#2372);
#1413=LINE('',#10119,#2373);
#1414=LINE('',#10120,#2374);
#1415=LINE('',#10122,#2375);
#1416=LINE('',#10124,#2376);
#1417=LINE('',#10127,#2377);
#1418=LINE('',#10128,#2378);
#1419=LINE('',#10130,#2379);
#1420=LINE('',#10132,#2380);
#1421=LINE('',#10135,#2381);
#1422=LINE('',#10136,#2382);
#1423=LINE('',#10138,#2383);
#1424=LINE('',#10140,#2384);
#1425=LINE('',#10143,#2385);
#1426=LINE('',#10144,#2386);
#1427=LINE('',#10146,#2387);
#1428=LINE('',#10148,#2388);
#1429=LINE('',#10151,#2389);
#1430=LINE('',#10152,#2390);
#1431=LINE('',#10155,#2391);
#1432=LINE('',#10157,#2392);
#1433=LINE('',#10159,#2393);
#1434=LINE('',#10161,#2394);
#1435=LINE('',#10163,#2395);
#1436=LINE('',#10167,#2396);
#1437=LINE('',#10172,#2397);
#1438=LINE('',#10174,#2398);
#1439=LINE('',#10176,#2399);
#1440=LINE('',#10177,#2400);
#1441=LINE('',#10180,#2401);
#1442=LINE('',#10182,#2402);
#1443=LINE('',#10183,#2403);
#1444=LINE('',#10186,#2404);
#1445=LINE('',#10188,#2405);
#1446=LINE('',#10189,#2406);
#1447=LINE('',#10193,#2407);
#1448=LINE('',#10195,#2408);
#1449=LINE('',#10197,#2409);
#1450=LINE('',#10198,#2410);
#1451=LINE('',#10201,#2411);
#1452=LINE('',#10203,#2412);
#1453=LINE('',#10204,#2413);
#1454=LINE('',#10207,#2414);
#1455=LINE('',#10209,#2415);
#1456=LINE('',#10210,#2416);
#1457=LINE('',#10214,#2417);
#1458=LINE('',#10216,#2418);
#1459=LINE('',#10218,#2419);
#1460=LINE('',#10219,#2420);
#1461=LINE('',#10222,#2421);
#1462=LINE('',#10224,#2422);
#1463=LINE('',#10225,#2423);
#1464=LINE('',#10228,#2424);
#1465=LINE('',#10230,#2425);
#1466=LINE('',#10231,#2426);
#1467=LINE('',#10234,#2427);
#1468=LINE('',#10236,#2428);
#1469=LINE('',#10237,#2429);
#1470=LINE('',#10240,#2430);
#1471=LINE('',#10242,#2431);
#1472=LINE('',#10243,#2432);
#1473=LINE('',#10248,#2433);
#1474=LINE('',#10250,#2434);
#1475=LINE('',#10252,#2435);
#1476=LINE('',#10254,#2436);
#1477=LINE('',#10256,#2437);
#1478=LINE('',#10258,#2438);
#1479=LINE('',#10260,#2439);
#1480=LINE('',#10262,#2440);
#1481=LINE('',#10264,#2441);
#1482=LINE('',#10266,#2442);
#1483=LINE('',#10269,#2443);
#1484=LINE('',#10271,#2444);
#1485=LINE('',#10275,#2445);
#1486=LINE('',#10277,#2446);
#1487=LINE('',#10279,#2447);
#1488=LINE('',#10281,#2448);
#1489=LINE('',#10283,#2449);
#1490=LINE('',#10286,#2450);
#1491=LINE('',#10290,#2451);
#1492=LINE('',#10292,#2452);
#1493=LINE('',#10294,#2453);
#1494=LINE('',#10296,#2454);
#1495=LINE('',#10298,#2455);
#1496=LINE('',#10300,#2456);
#1497=LINE('',#10302,#2457);
#1498=LINE('',#10304,#2458);
#1499=LINE('',#10307,#2459);
#1500=LINE('',#10310,#2460);
#1501=LINE('',#10312,#2461);
#1502=LINE('',#10314,#2462);
#1503=LINE('',#10315,#2463);
#1504=LINE('',#10318,#2464);
#1505=LINE('',#10320,#2465);
#1506=LINE('',#10322,#2466);
#1507=LINE('',#10323,#2467);
#1508=LINE('',#10326,#2468);
#1509=LINE('',#10328,#2469);
#1510=LINE('',#10330,#2470);
#1511=LINE('',#10331,#2471);
#1512=LINE('',#10334,#2472);
#1513=LINE('',#10336,#2473);
#1514=LINE('',#10338,#2474);
#1515=LINE('',#10339,#2475);
#1516=LINE('',#10342,#2476);
#1517=LINE('',#10344,#2477);
#1518=LINE('',#10346,#2478);
#1519=LINE('',#10347,#2479);
#1520=LINE('',#10350,#2480);
#1521=LINE('',#10352,#2481);
#1522=LINE('',#10354,#2482);
#1523=LINE('',#10355,#2483);
#1524=LINE('',#10358,#2484);
#1525=LINE('',#10360,#2485);
#1526=LINE('',#10362,#2486);
#1527=LINE('',#10363,#2487);
#1528=LINE('',#10366,#2488);
#1529=LINE('',#10368,#2489);
#1530=LINE('',#10370,#2490);
#1531=LINE('',#10371,#2491);
#1532=LINE('',#10374,#2492);
#1533=LINE('',#10376,#2493);
#1534=LINE('',#10378,#2494);
#1535=LINE('',#10379,#2495);
#1536=LINE('',#10382,#2496);
#1537=LINE('',#10384,#2497);
#1538=LINE('',#10386,#2498);
#1539=LINE('',#10387,#2499);
#1540=LINE('',#10390,#2500);
#1541=LINE('',#10392,#2501);
#1542=LINE('',#10394,#2502);
#1543=LINE('',#10395,#2503);
#1544=LINE('',#10398,#2504);
#1545=LINE('',#10400,#2505);
#1546=LINE('',#10402,#2506);
#1547=LINE('',#10403,#2507);
#1548=LINE('',#10406,#2508);
#1549=LINE('',#10408,#2509);
#1550=LINE('',#10410,#2510);
#1551=LINE('',#10411,#2511);
#1552=LINE('',#10414,#2512);
#1553=LINE('',#10416,#2513);
#1554=LINE('',#10418,#2514);
#1555=LINE('',#10419,#2515);
#1556=LINE('',#10422,#2516);
#1557=LINE('',#10424,#2517);
#1558=LINE('',#10426,#2518);
#1559=LINE('',#10427,#2519);
#1560=LINE('',#10430,#2520);
#1561=LINE('',#10432,#2521);
#1562=LINE('',#10434,#2522);
#1563=LINE('',#10435,#2523);
#1564=LINE('',#10438,#2524);
#1565=LINE('',#10440,#2525);
#1566=LINE('',#10442,#2526);
#1567=LINE('',#10443,#2527);
#1568=LINE('',#10446,#2528);
#1569=LINE('',#10448,#2529);
#1570=LINE('',#10450,#2530);
#1571=LINE('',#10451,#2531);
#1572=LINE('',#10454,#2532);
#1573=LINE('',#10456,#2533);
#1574=LINE('',#10458,#2534);
#1575=LINE('',#10459,#2535);
#1576=LINE('',#10462,#2536);
#1577=LINE('',#10464,#2537);
#1578=LINE('',#10466,#2538);
#1579=LINE('',#10467,#2539);
#1580=LINE('',#10470,#2540);
#1581=LINE('',#10472,#2541);
#1582=LINE('',#10474,#2542);
#1583=LINE('',#10475,#2543);
#1584=LINE('',#10478,#2544);
#1585=LINE('',#10480,#2545);
#1586=LINE('',#10482,#2546);
#1587=LINE('',#10483,#2547);
#1588=LINE('',#10486,#2548);
#1589=LINE('',#10488,#2549);
#1590=LINE('',#10490,#2550);
#1591=LINE('',#10491,#2551);
#1592=LINE('',#10494,#2552);
#1593=LINE('',#10496,#2553);
#1594=LINE('',#10498,#2554);
#1595=LINE('',#10499,#2555);
#1596=LINE('',#10502,#2556);
#1597=LINE('',#10504,#2557);
#1598=LINE('',#10506,#2558);
#1599=LINE('',#10507,#2559);
#1600=LINE('',#10510,#2560);
#1601=LINE('',#10512,#2561);
#1602=LINE('',#10514,#2562);
#1603=LINE('',#10515,#2563);
#1604=LINE('',#10518,#2564);
#1605=LINE('',#10520,#2565);
#1606=LINE('',#10522,#2566);
#1607=LINE('',#10523,#2567);
#1608=LINE('',#10526,#2568);
#1609=LINE('',#10528,#2569);
#1610=LINE('',#10530,#2570);
#1611=LINE('',#10531,#2571);
#1612=LINE('',#10534,#2572);
#1613=LINE('',#10536,#2573);
#1614=LINE('',#10538,#2574);
#1615=LINE('',#10539,#2575);
#1616=LINE('',#10542,#2576);
#1617=LINE('',#10544,#2577);
#1618=LINE('',#10546,#2578);
#1619=LINE('',#10547,#2579);
#1620=LINE('',#10550,#2580);
#1621=LINE('',#10551,#2581);
#1622=LINE('',#10556,#2582);
#1623=LINE('',#10557,#2583);
#1624=LINE('',#10559,#2584);
#1625=LINE('',#10563,#2585);
#1626=LINE('',#10567,#2586);
#1627=LINE('',#10570,#2587);
#1628=LINE('',#10571,#2588);
#1629=LINE('',#10574,#2589);
#1630=LINE('',#10578,#2590);
#1631=LINE('',#10579,#2591);
#1632=LINE('',#10583,#2592);
#1633=LINE('',#10586,#2593);
#1634=LINE('',#10587,#2594);
#1635=LINE('',#10591,#2595);
#1636=LINE('',#10594,#2596);
#1637=LINE('',#10595,#2597);
#1638=LINE('',#10598,#2598);
#1639=LINE('',#10599,#2599);
#1640=LINE('',#10602,#2600);
#1641=LINE('',#10603,#2601);
#1642=LINE('',#10606,#2602);
#1643=LINE('',#10607,#2603);
#1644=LINE('',#10610,#2604);
#1645=LINE('',#10611,#2605);
#1646=LINE('',#10614,#2606);
#1647=LINE('',#10615,#2607);
#1648=LINE('',#10618,#2608);
#1649=LINE('',#10619,#2609);
#1650=LINE('',#10622,#2610);
#1651=LINE('',#10623,#2611);
#1652=LINE('',#10626,#2612);
#1653=LINE('',#10628,#2613);
#1654=LINE('',#10629,#2614);
#1655=LINE('',#10632,#2615);
#1656=LINE('',#10633,#2616);
#1657=LINE('',#10635,#2617);
#1658=LINE('',#10638,#2618);
#1659=LINE('',#10640,#2619);
#1660=LINE('',#10642,#2620);
#1661=LINE('',#10643,#2621);
#1662=LINE('',#10644,#2622);
#1663=LINE('',#10646,#2623);
#1664=LINE('',#10648,#2624);
#1665=LINE('',#10650,#2625);
#1666=LINE('',#10652,#2626);
#1667=LINE('',#10654,#2627);
#1668=LINE('',#10655,#2628);
#1669=LINE('',#10658,#2629);
#1670=LINE('',#10660,#2630);
#1671=LINE('',#10662,#2631);
#1672=LINE('',#10663,#2632);
#1673=LINE('',#10666,#2633);
#1674=LINE('',#10668,#2634);
#1675=LINE('',#10670,#2635);
#1676=LINE('',#10671,#2636);
#1677=LINE('',#10674,#2637);
#1678=LINE('',#10676,#2638);
#1679=LINE('',#10678,#2639);
#1680=LINE('',#10679,#2640);
#1681=LINE('',#10682,#2641);
#1682=LINE('',#10684,#2642);
#1683=LINE('',#10686,#2643);
#1684=LINE('',#10687,#2644);
#1685=LINE('',#10690,#2645);
#1686=LINE('',#10692,#2646);
#1687=LINE('',#10694,#2647);
#1688=LINE('',#10695,#2648);
#1689=LINE('',#10698,#2649);
#1690=LINE('',#10700,#2650);
#1691=LINE('',#10702,#2651);
#1692=LINE('',#10703,#2652);
#1693=LINE('',#10706,#2653);
#1694=LINE('',#10708,#2654);
#1695=LINE('',#10710,#2655);
#1696=LINE('',#10711,#2656);
#1697=LINE('',#10714,#2657);
#1698=LINE('',#10716,#2658);
#1699=LINE('',#10718,#2659);
#1700=LINE('',#10719,#2660);
#1701=LINE('',#10722,#2661);
#1702=LINE('',#10724,#2662);
#1703=LINE('',#10726,#2663);
#1704=LINE('',#10727,#2664);
#1705=LINE('',#10730,#2665);
#1706=LINE('',#10732,#2666);
#1707=LINE('',#10734,#2667);
#1708=LINE('',#10735,#2668);
#1709=LINE('',#10738,#2669);
#1710=LINE('',#10740,#2670);
#1711=LINE('',#10742,#2671);
#1712=LINE('',#10743,#2672);
#1713=LINE('',#10746,#2673);
#1714=LINE('',#10748,#2674);
#1715=LINE('',#10750,#2675);
#1716=LINE('',#10751,#2676);
#1717=LINE('',#10754,#2677);
#1718=LINE('',#10756,#2678);
#1719=LINE('',#10758,#2679);
#1720=LINE('',#10759,#2680);
#1721=LINE('',#10762,#2681);
#1722=LINE('',#10764,#2682);
#1723=LINE('',#10766,#2683);
#1724=LINE('',#10767,#2684);
#1725=LINE('',#10770,#2685);
#1726=LINE('',#10772,#2686);
#1727=LINE('',#10774,#2687);
#1728=LINE('',#10775,#2688);
#1729=LINE('',#10778,#2689);
#1730=LINE('',#10780,#2690);
#1731=LINE('',#10782,#2691);
#1732=LINE('',#10783,#2692);
#1733=LINE('',#10786,#2693);
#1734=LINE('',#10788,#2694);
#1735=LINE('',#10790,#2695);
#1736=LINE('',#10791,#2696);
#1737=LINE('',#10794,#2697);
#1738=LINE('',#10796,#2698);
#1739=LINE('',#10798,#2699);
#1740=LINE('',#10799,#2700);
#1741=LINE('',#10802,#2701);
#1742=LINE('',#10804,#2702);
#1743=LINE('',#10806,#2703);
#1744=LINE('',#10807,#2704);
#1745=LINE('',#10810,#2705);
#1746=LINE('',#10812,#2706);
#1747=LINE('',#10814,#2707);
#1748=LINE('',#10815,#2708);
#1749=LINE('',#10818,#2709);
#1750=LINE('',#10820,#2710);
#1751=LINE('',#10822,#2711);
#1752=LINE('',#10823,#2712);
#1753=LINE('',#10826,#2713);
#1754=LINE('',#10828,#2714);
#1755=LINE('',#10830,#2715);
#1756=LINE('',#10831,#2716);
#1757=LINE('',#10834,#2717);
#1758=LINE('',#10836,#2718);
#1759=LINE('',#10838,#2719);
#1760=LINE('',#10839,#2720);
#1761=LINE('',#10842,#2721);
#1762=LINE('',#10844,#2722);
#1763=LINE('',#10846,#2723);
#1764=LINE('',#10847,#2724);
#1765=LINE('',#10850,#2725);
#1766=LINE('',#10852,#2726);
#1767=LINE('',#10854,#2727);
#1768=LINE('',#10855,#2728);
#1769=LINE('',#10858,#2729);
#1770=LINE('',#10860,#2730);
#1771=LINE('',#10862,#2731);
#1772=LINE('',#10863,#2732);
#1773=LINE('',#10866,#2733);
#1774=LINE('',#10868,#2734);
#1775=LINE('',#10870,#2735);
#1776=LINE('',#10871,#2736);
#1777=LINE('',#10874,#2737);
#1778=LINE('',#10876,#2738);
#1779=LINE('',#10878,#2739);
#1780=LINE('',#10879,#2740);
#1781=LINE('',#10882,#2741);
#1782=LINE('',#10884,#2742);
#1783=LINE('',#10886,#2743);
#1784=LINE('',#10887,#2744);
#1785=LINE('',#10890,#2745);
#1786=LINE('',#10892,#2746);
#1787=LINE('',#10894,#2747);
#1788=LINE('',#10895,#2748);
#1789=LINE('',#10897,#2749);
#1790=LINE('',#10898,#2750);
#1791=LINE('',#10900,#2751);
#1792=LINE('',#10902,#2752);
#1793=LINE('',#10905,#2753);
#1794=LINE('',#10906,#2754);
#1795=LINE('',#10908,#2755);
#1796=LINE('',#10910,#2756);
#1797=LINE('',#10913,#2757);
#1798=LINE('',#10914,#2758);
#1799=LINE('',#10916,#2759);
#1800=LINE('',#10918,#2760);
#1801=LINE('',#10921,#2761);
#1802=LINE('',#10922,#2762);
#1803=LINE('',#10924,#2763);
#1804=LINE('',#10926,#2764);
#1805=LINE('',#10929,#2765);
#1806=LINE('',#10930,#2766);
#1807=LINE('',#10932,#2767);
#1808=LINE('',#10934,#2768);
#1809=LINE('',#10937,#2769);
#1810=LINE('',#10938,#2770);
#1811=LINE('',#10940,#2771);
#1812=LINE('',#10942,#2772);
#1813=LINE('',#10945,#2773);
#1814=LINE('',#10946,#2774);
#1815=LINE('',#10948,#2775);
#1816=LINE('',#10950,#2776);
#1817=LINE('',#10953,#2777);
#1818=LINE('',#10954,#2778);
#1819=LINE('',#10956,#2779);
#1820=LINE('',#10958,#2780);
#1821=LINE('',#10961,#2781);
#1822=LINE('',#10962,#2782);
#1823=LINE('',#10964,#2783);
#1824=LINE('',#10966,#2784);
#1825=LINE('',#10969,#2785);
#1826=LINE('',#10970,#2786);
#1827=LINE('',#10972,#2787);
#1828=LINE('',#10974,#2788);
#1829=LINE('',#10977,#2789);
#1830=LINE('',#10978,#2790);
#1831=LINE('',#10980,#2791);
#1832=LINE('',#10982,#2792);
#1833=LINE('',#10985,#2793);
#1834=LINE('',#10986,#2794);
#1835=LINE('',#10988,#2795);
#1836=LINE('',#10990,#2796);
#1837=LINE('',#10993,#2797);
#1838=LINE('',#10994,#2798);
#1839=LINE('',#10996,#2799);
#1840=LINE('',#10998,#2800);
#1841=LINE('',#11001,#2801);
#1842=LINE('',#11002,#2802);
#1843=LINE('',#11004,#2803);
#1844=LINE('',#11006,#2804);
#1845=LINE('',#11009,#2805);
#1846=LINE('',#11010,#2806);
#1847=LINE('',#11012,#2807);
#1848=LINE('',#11014,#2808);
#1849=LINE('',#11017,#2809);
#1850=LINE('',#11018,#2810);
#1851=LINE('',#11020,#2811);
#1852=LINE('',#11022,#2812);
#1853=LINE('',#11025,#2813);
#1854=LINE('',#11026,#2814);
#1855=LINE('',#11028,#2815);
#1856=LINE('',#11030,#2816);
#1857=LINE('',#11033,#2817);
#1858=LINE('',#11034,#2818);
#1859=LINE('',#11036,#2819);
#1860=LINE('',#11038,#2820);
#1861=LINE('',#11041,#2821);
#1862=LINE('',#11042,#2822);
#1863=LINE('',#11044,#2823);
#1864=LINE('',#11046,#2824);
#1865=LINE('',#11049,#2825);
#1866=LINE('',#11050,#2826);
#1867=LINE('',#11052,#2827);
#1868=LINE('',#11054,#2828);
#1869=LINE('',#11057,#2829);
#1870=LINE('',#11058,#2830);
#1871=LINE('',#11060,#2831);
#1872=LINE('',#11062,#2832);
#1873=LINE('',#11065,#2833);
#1874=LINE('',#11066,#2834);
#1875=LINE('',#11068,#2835);
#1876=LINE('',#11070,#2836);
#1877=LINE('',#11073,#2837);
#1878=LINE('',#11074,#2838);
#1879=LINE('',#11076,#2839);
#1880=LINE('',#11078,#2840);
#1881=LINE('',#11081,#2841);
#1882=LINE('',#11082,#2842);
#1883=LINE('',#11084,#2843);
#1884=LINE('',#11086,#2844);
#1885=LINE('',#11089,#2845);
#1886=LINE('',#11090,#2846);
#1887=LINE('',#11092,#2847);
#1888=LINE('',#11094,#2848);
#1889=LINE('',#11097,#2849);
#1890=LINE('',#11098,#2850);
#1891=LINE('',#11100,#2851);
#1892=LINE('',#11102,#2852);
#1893=LINE('',#11105,#2853);
#1894=LINE('',#11106,#2854);
#1895=LINE('',#11108,#2855);
#1896=LINE('',#11110,#2856);
#1897=LINE('',#11113,#2857);
#1898=LINE('',#11114,#2858);
#1899=LINE('',#11116,#2859);
#1900=LINE('',#11118,#2860);
#1901=LINE('',#11121,#2861);
#1902=LINE('',#11122,#2862);
#1903=LINE('',#11124,#2863);
#1904=LINE('',#11126,#2864);
#1905=LINE('',#11129,#2865);
#1906=LINE('',#11130,#2866);
#1907=LINE('',#11132,#2867);
#1908=LINE('',#11134,#2868);
#1909=LINE('',#11137,#2869);
#1910=LINE('',#11138,#2870);
#1911=LINE('',#11141,#2871);
#1912=LINE('',#11143,#2872);
#1913=LINE('',#11145,#2873);
#1914=LINE('',#11147,#2874);
#1915=LINE('',#11149,#2875);
#1916=LINE('',#11153,#2876);
#1917=VECTOR('',#7512,10.);
#1918=VECTOR('',#7513,10.);
#1919=VECTOR('',#7514,10.);
#1920=VECTOR('',#7515,10.);
#1921=VECTOR('',#7518,10.);
#1922=VECTOR('',#7519,10.);
#1923=VECTOR('',#7520,10.);
#1924=VECTOR('',#7523,10.);
#1925=VECTOR('',#7524,10.);
#1926=VECTOR('',#7525,10.);
#1927=VECTOR('',#7528,10.);
#1928=VECTOR('',#7529,10.);
#1929=VECTOR('',#7530,10.);
#1930=VECTOR('',#7531,10.);
#1931=VECTOR('',#7534,10.);
#1932=VECTOR('',#7535,10.);
#1933=VECTOR('',#7536,10.);
#1934=VECTOR('',#7539,10.);
#1935=VECTOR('',#7540,10.);
#1936=VECTOR('',#7541,10.);
#1937=VECTOR('',#7544,10.);
#1938=VECTOR('',#7545,10.);
#1939=VECTOR('',#7546,10.);
#1940=VECTOR('',#7547,10.);
#1941=VECTOR('',#7550,10.);
#1942=VECTOR('',#7551,10.);
#1943=VECTOR('',#7552,10.);
#1944=VECTOR('',#7555,10.);
#1945=VECTOR('',#7556,10.);
#1946=VECTOR('',#7557,10.);
#1947=VECTOR('',#7560,10.);
#1948=VECTOR('',#7561,10.);
#1949=VECTOR('',#7562,10.);
#1950=VECTOR('',#7565,10.);
#1951=VECTOR('',#7566,10.);
#1952=VECTOR('',#7567,10.);
#1953=VECTOR('',#7572,10.);
#1954=VECTOR('',#7573,10.);
#1955=VECTOR('',#7574,10.);
#1956=VECTOR('',#7575,10.);
#1957=VECTOR('',#7576,10.);
#1958=VECTOR('',#7577,10.);
#1959=VECTOR('',#7578,10.);
#1960=VECTOR('',#7579,10.);
#1961=VECTOR('',#7580,10.);
#1962=VECTOR('',#7581,10.);
#1963=VECTOR('',#7584,10.);
#1964=VECTOR('',#7585,10.);
#1965=VECTOR('',#7588,10.);
#1966=VECTOR('',#7589,10.);
#1967=VECTOR('',#7590,10.);
#1968=VECTOR('',#7591,10.);
#1969=VECTOR('',#7592,10.);
#1970=VECTOR('',#7595,10.);
#1971=VECTOR('',#7598,10.);
#1972=VECTOR('',#7599,10.);
#1973=VECTOR('',#7600,10.);
#1974=VECTOR('',#7601,10.);
#1975=VECTOR('',#7602,10.);
#1976=VECTOR('',#7603,10.);
#1977=VECTOR('',#7604,10.);
#1978=VECTOR('',#7605,10.);
#1979=VECTOR('',#7608,10.);
#1980=VECTOR('',#7609,10.);
#1981=VECTOR('',#7610,10.);
#1982=VECTOR('',#7611,10.);
#1983=VECTOR('',#7612,10.);
#1984=VECTOR('',#7613,10.);
#1985=VECTOR('',#7614,10.);
#1986=VECTOR('',#7615,10.);
#1987=VECTOR('',#7616,10.);
#1988=VECTOR('',#7617,10.);
#1989=VECTOR('',#7618,10.);
#1990=VECTOR('',#7619,10.);
#1991=VECTOR('',#7620,10.);
#1992=VECTOR('',#7621,10.);
#1993=VECTOR('',#7622,10.);
#1994=VECTOR('',#7623,10.);
#1995=VECTOR('',#7624,10.);
#1996=VECTOR('',#7625,10.);
#1997=VECTOR('',#7626,10.);
#1998=VECTOR('',#7627,10.);
#1999=VECTOR('',#7628,10.);
#2000=VECTOR('',#7629,10.);
#2001=VECTOR('',#7630,10.);
#2002=VECTOR('',#7631,10.);
#2003=VECTOR('',#7632,10.);
#2004=VECTOR('',#7633,10.);
#2005=VECTOR('',#7634,10.);
#2006=VECTOR('',#7635,10.);
#2007=VECTOR('',#7636,10.);
#2008=VECTOR('',#7637,10.);
#2009=VECTOR('',#7638,10.);
#2010=VECTOR('',#7639,10.);
#2011=VECTOR('',#7640,10.);
#2012=VECTOR('',#7641,10.);
#2013=VECTOR('',#7642,10.);
#2014=VECTOR('',#7643,10.);
#2015=VECTOR('',#7644,10.);
#2016=VECTOR('',#7645,10.);
#2017=VECTOR('',#7646,10.);
#2018=VECTOR('',#7647,10.);
#2019=VECTOR('',#7648,10.);
#2020=VECTOR('',#7649,10.);
#2021=VECTOR('',#7650,10.);
#2022=VECTOR('',#7651,10.);
#2023=VECTOR('',#7652,10.);
#2024=VECTOR('',#7653,10.);
#2025=VECTOR('',#7654,10.);
#2026=VECTOR('',#7655,10.);
#2027=VECTOR('',#7656,10.);
#2028=VECTOR('',#7657,10.);
#2029=VECTOR('',#7658,10.);
#2030=VECTOR('',#7659,10.);
#2031=VECTOR('',#7660,10.);
#2032=VECTOR('',#7661,10.);
#2033=VECTOR('',#7662,10.);
#2034=VECTOR('',#7663,10.);
#2035=VECTOR('',#7664,10.);
#2036=VECTOR('',#7665,10.);
#2037=VECTOR('',#7666,10.);
#2038=VECTOR('',#7667,10.);
#2039=VECTOR('',#7668,10.);
#2040=VECTOR('',#7669,10.);
#2041=VECTOR('',#7670,10.);
#2042=VECTOR('',#7671,10.);
#2043=VECTOR('',#7672,10.);
#2044=VECTOR('',#7673,10.);
#2045=VECTOR('',#7674,10.);
#2046=VECTOR('',#7675,10.);
#2047=VECTOR('',#7676,10.);
#2048=VECTOR('',#7677,10.);
#2049=VECTOR('',#7678,10.);
#2050=VECTOR('',#7679,10.);
#2051=VECTOR('',#7680,10.);
#2052=VECTOR('',#7681,10.);
#2053=VECTOR('',#7682,10.);
#2054=VECTOR('',#7683,10.);
#2055=VECTOR('',#7684,10.);
#2056=VECTOR('',#7685,10.);
#2057=VECTOR('',#7686,10.);
#2058=VECTOR('',#7687,10.);
#2059=VECTOR('',#7688,10.);
#2060=VECTOR('',#7689,10.);
#2061=VECTOR('',#7690,10.);
#2062=VECTOR('',#7691,10.);
#2063=VECTOR('',#7692,10.);
#2064=VECTOR('',#7693,10.);
#2065=VECTOR('',#7694,10.);
#2066=VECTOR('',#7695,10.);
#2067=VECTOR('',#7696,10.);
#2068=VECTOR('',#7697,10.);
#2069=VECTOR('',#7698,10.);
#2070=VECTOR('',#7699,10.);
#2071=VECTOR('',#7700,10.);
#2072=VECTOR('',#7701,10.);
#2073=VECTOR('',#7702,10.);
#2074=VECTOR('',#7703,10.);
#2075=VECTOR('',#7704,10.);
#2076=VECTOR('',#7705,10.);
#2077=VECTOR('',#7706,10.);
#2078=VECTOR('',#7707,10.);
#2079=VECTOR('',#7708,10.);
#2080=VECTOR('',#7709,10.);
#2081=VECTOR('',#7710,10.);
#2082=VECTOR('',#7711,10.);
#2083=VECTOR('',#7712,10.);
#2084=VECTOR('',#7713,10.);
#2085=VECTOR('',#7714,10.);
#2086=VECTOR('',#7715,10.);
#2087=VECTOR('',#7716,10.);
#2088=VECTOR('',#7717,10.);
#2089=VECTOR('',#7718,10.);
#2090=VECTOR('',#7719,10.);
#2091=VECTOR('',#7720,10.);
#2092=VECTOR('',#7721,10.);
#2093=VECTOR('',#7722,10.);
#2094=VECTOR('',#7723,10.);
#2095=VECTOR('',#7724,10.);
#2096=VECTOR('',#7725,10.);
#2097=VECTOR('',#7726,10.);
#2098=VECTOR('',#7727,10.);
#2099=VECTOR('',#7728,10.);
#2100=VECTOR('',#7731,10.);
#2101=VECTOR('',#7732,10.);
#2102=VECTOR('',#7737,10.);
#2103=VECTOR('',#7738,10.);
#2104=VECTOR('',#7741,10.);
#2105=VECTOR('',#7746,10.);
#2106=VECTOR('',#7751,10.);
#2107=VECTOR('',#7754,10.);
#2108=VECTOR('',#7755,10.);
#2109=VECTOR('',#7760,10.);
#2110=VECTOR('',#7763,10.);
#2111=VECTOR('',#7764,10.);
#2112=VECTOR('',#7769,10.);
#2113=VECTOR('',#7772,10.);
#2114=VECTOR('',#7773,10.);
#2115=VECTOR('',#7776,10.);
#2116=VECTOR('',#7781,10.);
#2117=VECTOR('',#7782,10.);
#2118=VECTOR('',#7785,10.);
#2119=VECTOR('',#7786,10.);
#2120=VECTOR('',#7789,10.);
#2121=VECTOR('',#7790,10.);
#2122=VECTOR('',#7793,10.);
#2123=VECTOR('',#7794,10.);
#2124=VECTOR('',#7797,10.);
#2125=VECTOR('',#7798,10.);
#2126=VECTOR('',#7801,10.);
#2127=VECTOR('',#7802,10.);
#2128=VECTOR('',#7805,10.);
#2129=VECTOR('',#7806,10.);
#2130=VECTOR('',#7809,10.);
#2131=VECTOR('',#7810,10.);
#2132=VECTOR('',#7811,10.);
#2133=VECTOR('',#7814,10.);
#2134=VECTOR('',#7815,10.);
#2135=VECTOR('',#7816,10.);
#2136=VECTOR('',#7819,10.);
#2137=VECTOR('',#7822,10.);
#2138=VECTOR('',#7825,10.);
#2139=VECTOR('',#7826,10.);
#2140=VECTOR('',#7827,10.);
#2141=VECTOR('',#7828,10.);
#2142=VECTOR('',#7829,10.);
#2143=VECTOR('',#7830,10.);
#2144=VECTOR('',#7831,10.);
#2145=VECTOR('',#7832,10.);
#2146=VECTOR('',#7833,10.);
#2147=VECTOR('',#7834,10.);
#2148=VECTOR('',#7835,10.);
#2149=VECTOR('',#7836,10.);
#2150=VECTOR('',#7837,10.);
#2151=VECTOR('',#7838,10.);
#2152=VECTOR('',#7839,10.);
#2153=VECTOR('',#7840,10.);
#2154=VECTOR('',#7841,10.);
#2155=VECTOR('',#7842,10.);
#2156=VECTOR('',#7843,10.);
#2157=VECTOR('',#7844,10.);
#2158=VECTOR('',#7845,10.);
#2159=VECTOR('',#7846,10.);
#2160=VECTOR('',#7847,10.);
#2161=VECTOR('',#7848,10.);
#2162=VECTOR('',#7849,10.);
#2163=VECTOR('',#7850,10.);
#2164=VECTOR('',#7851,10.);
#2165=VECTOR('',#7852,10.);
#2166=VECTOR('',#7853,10.);
#2167=VECTOR('',#7854,10.);
#2168=VECTOR('',#7855,10.);
#2169=VECTOR('',#7856,10.);
#2170=VECTOR('',#7857,10.);
#2171=VECTOR('',#7858,10.);
#2172=VECTOR('',#7859,10.);
#2173=VECTOR('',#7860,10.);
#2174=VECTOR('',#7861,10.);
#2175=VECTOR('',#7862,10.);
#2176=VECTOR('',#7863,10.);
#2177=VECTOR('',#7864,10.);
#2178=VECTOR('',#7865,10.);
#2179=VECTOR('',#7866,10.);
#2180=VECTOR('',#7867,10.);
#2181=VECTOR('',#7868,10.);
#2182=VECTOR('',#7869,10.);
#2183=VECTOR('',#7870,10.);
#2184=VECTOR('',#7871,10.);
#2185=VECTOR('',#7872,10.);
#2186=VECTOR('',#7873,10.);
#2187=VECTOR('',#7874,10.);
#2188=VECTOR('',#7875,10.);
#2189=VECTOR('',#7876,10.);
#2190=VECTOR('',#7877,10.);
#2191=VECTOR('',#7878,10.);
#2192=VECTOR('',#7879,10.);
#2193=VECTOR('',#7880,10.);
#2194=VECTOR('',#7881,10.);
#2195=VECTOR('',#7882,10.);
#2196=VECTOR('',#7883,10.);
#2197=VECTOR('',#7884,10.);
#2198=VECTOR('',#7885,10.);
#2199=VECTOR('',#7886,10.);
#2200=VECTOR('',#7887,10.);
#2201=VECTOR('',#7888,10.);
#2202=VECTOR('',#7889,10.);
#2203=VECTOR('',#7890,10.);
#2204=VECTOR('',#7891,10.);
#2205=VECTOR('',#7892,10.);
#2206=VECTOR('',#7893,10.);
#2207=VECTOR('',#7894,10.);
#2208=VECTOR('',#7895,10.);
#2209=VECTOR('',#7896,10.);
#2210=VECTOR('',#7897,10.);
#2211=VECTOR('',#7898,10.);
#2212=VECTOR('',#7899,10.);
#2213=VECTOR('',#7900,10.);
#2214=VECTOR('',#7901,10.);
#2215=VECTOR('',#7902,10.);
#2216=VECTOR('',#7903,10.);
#2217=VECTOR('',#7904,10.);
#2218=VECTOR('',#7905,10.);
#2219=VECTOR('',#7906,10.);
#2220=VECTOR('',#7907,10.);
#2221=VECTOR('',#7908,10.);
#2222=VECTOR('',#7909,10.);
#2223=VECTOR('',#7910,10.);
#2224=VECTOR('',#7911,10.);
#2225=VECTOR('',#7912,10.);
#2226=VECTOR('',#7913,10.);
#2227=VECTOR('',#7914,10.);
#2228=VECTOR('',#7915,10.);
#2229=VECTOR('',#7916,10.);
#2230=VECTOR('',#7917,10.);
#2231=VECTOR('',#7918,10.);
#2232=VECTOR('',#7919,10.);
#2233=VECTOR('',#7920,10.);
#2234=VECTOR('',#7921,10.);
#2235=VECTOR('',#7922,10.);
#2236=VECTOR('',#7923,10.);
#2237=VECTOR('',#7924,10.);
#2238=VECTOR('',#7925,10.);
#2239=VECTOR('',#7926,10.);
#2240=VECTOR('',#7927,10.);
#2241=VECTOR('',#7928,10.);
#2242=VECTOR('',#7929,10.);
#2243=VECTOR('',#7930,10.);
#2244=VECTOR('',#7931,10.);
#2245=VECTOR('',#7932,10.);
#2246=VECTOR('',#7933,10.);
#2247=VECTOR('',#7934,10.);
#2248=VECTOR('',#7935,10.);
#2249=VECTOR('',#7936,10.);
#2250=VECTOR('',#7937,10.);
#2251=VECTOR('',#7938,10.);
#2252=VECTOR('',#7939,10.);
#2253=VECTOR('',#7940,10.);
#2254=VECTOR('',#7941,10.);
#2255=VECTOR('',#7942,10.);
#2256=VECTOR('',#7943,10.);
#2257=VECTOR('',#7944,10.);
#2258=VECTOR('',#7945,10.);
#2259=VECTOR('',#7946,10.);
#2260=VECTOR('',#7947,10.);
#2261=VECTOR('',#7948,10.);
#2262=VECTOR('',#7949,10.);
#2263=VECTOR('',#7950,10.);
#2264=VECTOR('',#7951,10.);
#2265=VECTOR('',#7952,10.);
#2266=VECTOR('',#7953,10.);
#2267=VECTOR('',#7954,10.);
#2268=VECTOR('',#7955,10.);
#2269=VECTOR('',#7958,10.);
#2270=VECTOR('',#7959,10.);
#2271=VECTOR('',#7962,10.);
#2272=VECTOR('',#7965,10.);
#2273=VECTOR('',#7970,10.);
#2274=VECTOR('',#7971,10.);
#2275=VECTOR('',#7974,10.);
#2276=VECTOR('',#7977,10.);
#2277=VECTOR('',#7982,10.);
#2278=VECTOR('',#7983,10.);
#2279=VECTOR('',#7986,10.);
#2280=VECTOR('',#7989,10.);
#2281=VECTOR('',#7994,10.);
#2282=VECTOR('',#7995,10.);
#2283=VECTOR('',#7998,10.);
#2284=VECTOR('',#8001,10.);
#2285=VECTOR('',#8006,10.);
#2286=VECTOR('',#8007,10.);
#2287=VECTOR('',#8010,10.);
#2288=VECTOR('',#8013,10.);
#2289=VECTOR('',#8018,10.);
#2290=VECTOR('',#8019,10.);
#2291=VECTOR('',#8022,10.);
#2292=VECTOR('',#8025,10.);
#2293=VECTOR('',#8030,10.);
#2294=VECTOR('',#8031,10.);
#2295=VECTOR('',#8034,10.);
#2296=VECTOR('',#8037,10.);
#2297=VECTOR('',#8042,10.);
#2298=VECTOR('',#8043,10.);
#2299=VECTOR('',#8046,10.);
#2300=VECTOR('',#8049,10.);
#2301=VECTOR('',#8054,10.);
#2302=VECTOR('',#8055,10.);
#2303=VECTOR('',#8058,10.);
#2304=VECTOR('',#8061,10.);
#2305=VECTOR('',#8066,10.);
#2306=VECTOR('',#8067,10.);
#2307=VECTOR('',#8070,10.);
#2308=VECTOR('',#8073,10.);
#2309=VECTOR('',#8078,10.);
#2310=VECTOR('',#8079,10.);
#2311=VECTOR('',#8082,10.);
#2312=VECTOR('',#8085,10.);
#2313=VECTOR('',#8090,10.);
#2314=VECTOR('',#8091,10.);
#2315=VECTOR('',#8094,10.);
#2316=VECTOR('',#8097,10.);
#2317=VECTOR('',#8102,10.);
#2318=VECTOR('',#8103,10.);
#2319=VECTOR('',#8106,10.);
#2320=VECTOR('',#8109,10.);
#2321=VECTOR('',#8114,10.);
#2322=VECTOR('',#8115,10.);
#2323=VECTOR('',#8118,10.);
#2324=VECTOR('',#8121,10.);
#2325=VECTOR('',#8126,10.);
#2326=VECTOR('',#8127,10.);
#2327=VECTOR('',#8130,10.);
#2328=VECTOR('',#8133,10.);
#2329=VECTOR('',#8138,10.);
#2330=VECTOR('',#8139,10.);
#2331=VECTOR('',#8142,10.);
#2332=VECTOR('',#8145,10.);
#2333=VECTOR('',#8150,10.);
#2334=VECTOR('',#8151,10.);
#2335=VECTOR('',#8154,10.);
#2336=VECTOR('',#8157,10.);
#2337=VECTOR('',#8162,10.);
#2338=VECTOR('',#8163,10.);
#2339=VECTOR('',#8166,10.);
#2340=VECTOR('',#8169,10.);
#2341=VECTOR('',#8174,10.);
#2342=VECTOR('',#8175,10.);
#2343=VECTOR('',#8178,10.);
#2344=VECTOR('',#8181,10.);
#2345=VECTOR('',#8186,10.);
#2346=VECTOR('',#8187,10.);
#2347=VECTOR('',#8190,10.);
#2348=VECTOR('',#8193,10.);
#2349=VECTOR('',#8198,10.);
#2350=VECTOR('',#8199,10.);
#2351=VECTOR('',#8202,10.);
#2352=VECTOR('',#8205,10.);
#2353=VECTOR('',#8210,10.);
#2354=VECTOR('',#8211,10.);
#2355=VECTOR('',#8214,10.);
#2356=VECTOR('',#8217,10.);
#2357=VECTOR('',#8222,10.);
#2358=VECTOR('',#8223,10.);
#2359=VECTOR('',#8226,10.);
#2360=VECTOR('',#8229,10.);
#2361=VECTOR('',#8234,10.);
#2362=VECTOR('',#8235,10.);
#2363=VECTOR('',#8238,10.);
#2364=VECTOR('',#8241,10.);
#2365=VECTOR('',#8246,10.);
#2366=VECTOR('',#8247,10.);
#2367=VECTOR('',#8250,10.);
#2368=VECTOR('',#8253,10.);
#2369=VECTOR('',#8258,10.);
#2370=VECTOR('',#8259,10.);
#2371=VECTOR('',#8262,10.);
#2372=VECTOR('',#8265,10.);
#2373=VECTOR('',#8270,10.);
#2374=VECTOR('',#8271,10.);
#2375=VECTOR('',#8274,10.);
#2376=VECTOR('',#8277,10.);
#2377=VECTOR('',#8282,10.);
#2378=VECTOR('',#8283,10.);
#2379=VECTOR('',#8286,10.);
#2380=VECTOR('',#8289,10.);
#2381=VECTOR('',#8294,10.);
#2382=VECTOR('',#8295,10.);
#2383=VECTOR('',#8298,10.);
#2384=VECTOR('',#8301,10.);
#2385=VECTOR('',#8306,10.);
#2386=VECTOR('',#8307,10.);
#2387=VECTOR('',#8310,10.);
#2388=VECTOR('',#8313,10.);
#2389=VECTOR('',#8318,10.);
#2390=VECTOR('',#8319,10.);
#2391=VECTOR('',#8324,10.);
#2392=VECTOR('',#8327,10.);
#2393=VECTOR('',#8330,10.);
#2394=VECTOR('',#8333,10.);
#2395=VECTOR('',#8336,10.);
#2396=VECTOR('',#8343,10.);
#2397=VECTOR('',#8348,10.);
#2398=VECTOR('',#8349,10.);
#2399=VECTOR('',#8350,10.);
#2400=VECTOR('',#8351,10.);
#2401=VECTOR('',#8354,10.);
#2402=VECTOR('',#8355,10.);
#2403=VECTOR('',#8356,10.);
#2404=VECTOR('',#8359,10.);
#2405=VECTOR('',#8360,10.);
#2406=VECTOR('',#8361,10.);
#2407=VECTOR('',#8364,10.);
#2408=VECTOR('',#8365,10.);
#2409=VECTOR('',#8366,10.);
#2410=VECTOR('',#8367,10.);
#2411=VECTOR('',#8370,10.);
#2412=VECTOR('',#8371,10.);
#2413=VECTOR('',#8372,10.);
#2414=VECTOR('',#8375,10.);
#2415=VECTOR('',#8376,10.);
#2416=VECTOR('',#8377,10.);
#2417=VECTOR('',#8380,10.);
#2418=VECTOR('',#8381,10.);
#2419=VECTOR('',#8382,10.);
#2420=VECTOR('',#8383,10.);
#2421=VECTOR('',#8386,10.);
#2422=VECTOR('',#8387,10.);
#2423=VECTOR('',#8388,10.);
#2424=VECTOR('',#8391,10.);
#2425=VECTOR('',#8392,10.);
#2426=VECTOR('',#8393,10.);
#2427=VECTOR('',#8396,10.);
#2428=VECTOR('',#8397,10.);
#2429=VECTOR('',#8398,10.);
#2430=VECTOR('',#8401,10.);
#2431=VECTOR('',#8402,10.);
#2432=VECTOR('',#8403,10.);
#2433=VECTOR('',#8408,10.);
#2434=VECTOR('',#8409,10.);
#2435=VECTOR('',#8410,10.);
#2436=VECTOR('',#8411,10.);
#2437=VECTOR('',#8412,10.);
#2438=VECTOR('',#8413,10.);
#2439=VECTOR('',#8414,10.);
#2440=VECTOR('',#8415,10.);
#2441=VECTOR('',#8416,10.);
#2442=VECTOR('',#8417,10.);
#2443=VECTOR('',#8420,10.);
#2444=VECTOR('',#8421,10.);
#2445=VECTOR('',#8424,10.);
#2446=VECTOR('',#8425,10.);
#2447=VECTOR('',#8426,10.);
#2448=VECTOR('',#8427,10.);
#2449=VECTOR('',#8428,10.);
#2450=VECTOR('',#8431,10.);
#2451=VECTOR('',#8434,10.);
#2452=VECTOR('',#8435,10.);
#2453=VECTOR('',#8436,10.);
#2454=VECTOR('',#8437,10.);
#2455=VECTOR('',#8438,10.);
#2456=VECTOR('',#8439,10.);
#2457=VECTOR('',#8440,10.);
#2458=VECTOR('',#8441,10.);
#2459=VECTOR('',#8444,10.);
#2460=VECTOR('',#8445,10.);
#2461=VECTOR('',#8446,10.);
#2462=VECTOR('',#8447,10.);
#2463=VECTOR('',#8448,10.);
#2464=VECTOR('',#8449,10.);
#2465=VECTOR('',#8450,10.);
#2466=VECTOR('',#8451,10.);
#2467=VECTOR('',#8452,10.);
#2468=VECTOR('',#8453,10.);
#2469=VECTOR('',#8454,10.);
#2470=VECTOR('',#8455,10.);
#2471=VECTOR('',#8456,10.);
#2472=VECTOR('',#8457,10.);
#2473=VECTOR('',#8458,10.);
#2474=VECTOR('',#8459,10.);
#2475=VECTOR('',#8460,10.);
#2476=VECTOR('',#8461,10.);
#2477=VECTOR('',#8462,10.);
#2478=VECTOR('',#8463,10.);
#2479=VECTOR('',#8464,10.);
#2480=VECTOR('',#8465,10.);
#2481=VECTOR('',#8466,10.);
#2482=VECTOR('',#8467,10.);
#2483=VECTOR('',#8468,10.);
#2484=VECTOR('',#8469,10.);
#2485=VECTOR('',#8470,10.);
#2486=VECTOR('',#8471,10.);
#2487=VECTOR('',#8472,10.);
#2488=VECTOR('',#8473,10.);
#2489=VECTOR('',#8474,10.);
#2490=VECTOR('',#8475,10.);
#2491=VECTOR('',#8476,10.);
#2492=VECTOR('',#8477,10.);
#2493=VECTOR('',#8478,10.);
#2494=VECTOR('',#8479,10.);
#2495=VECTOR('',#8480,10.);
#2496=VECTOR('',#8481,10.);
#2497=VECTOR('',#8482,10.);
#2498=VECTOR('',#8483,10.);
#2499=VECTOR('',#8484,10.);
#2500=VECTOR('',#8485,10.);
#2501=VECTOR('',#8486,10.);
#2502=VECTOR('',#8487,10.);
#2503=VECTOR('',#8488,10.);
#2504=VECTOR('',#8489,10.);
#2505=VECTOR('',#8490,10.);
#2506=VECTOR('',#8491,10.);
#2507=VECTOR('',#8492,10.);
#2508=VECTOR('',#8493,10.);
#2509=VECTOR('',#8494,10.);
#2510=VECTOR('',#8495,10.);
#2511=VECTOR('',#8496,10.);
#2512=VECTOR('',#8497,10.);
#2513=VECTOR('',#8498,10.);
#2514=VECTOR('',#8499,10.);
#2515=VECTOR('',#8500,10.);
#2516=VECTOR('',#8501,10.);
#2517=VECTOR('',#8502,10.);
#2518=VECTOR('',#8503,10.);
#2519=VECTOR('',#8504,10.);
#2520=VECTOR('',#8505,10.);
#2521=VECTOR('',#8506,10.);
#2522=VECTOR('',#8507,10.);
#2523=VECTOR('',#8508,10.);
#2524=VECTOR('',#8509,10.);
#2525=VECTOR('',#8510,10.);
#2526=VECTOR('',#8511,10.);
#2527=VECTOR('',#8512,10.);
#2528=VECTOR('',#8513,10.);
#2529=VECTOR('',#8514,10.);
#2530=VECTOR('',#8515,10.);
#2531=VECTOR('',#8516,10.);
#2532=VECTOR('',#8517,10.);
#2533=VECTOR('',#8518,10.);
#2534=VECTOR('',#8519,10.);
#2535=VECTOR('',#8520,10.);
#2536=VECTOR('',#8521,10.);
#2537=VECTOR('',#8522,10.);
#2538=VECTOR('',#8523,10.);
#2539=VECTOR('',#8524,10.);
#2540=VECTOR('',#8525,10.);
#2541=VECTOR('',#8526,10.);
#2542=VECTOR('',#8527,10.);
#2543=VECTOR('',#8528,10.);
#2544=VECTOR('',#8529,10.);
#2545=VECTOR('',#8530,10.);
#2546=VECTOR('',#8531,10.);
#2547=VECTOR('',#8532,10.);
#2548=VECTOR('',#8533,10.);
#2549=VECTOR('',#8534,10.);
#2550=VECTOR('',#8535,10.);
#2551=VECTOR('',#8536,10.);
#2552=VECTOR('',#8537,10.);
#2553=VECTOR('',#8538,10.);
#2554=VECTOR('',#8539,10.);
#2555=VECTOR('',#8540,10.);
#2556=VECTOR('',#8541,10.);
#2557=VECTOR('',#8542,10.);
#2558=VECTOR('',#8543,10.);
#2559=VECTOR('',#8544,10.);
#2560=VECTOR('',#8545,10.);
#2561=VECTOR('',#8546,10.);
#2562=VECTOR('',#8547,10.);
#2563=VECTOR('',#8548,10.);
#2564=VECTOR('',#8549,10.);
#2565=VECTOR('',#8550,10.);
#2566=VECTOR('',#8551,10.);
#2567=VECTOR('',#8552,10.);
#2568=VECTOR('',#8553,10.);
#2569=VECTOR('',#8554,10.);
#2570=VECTOR('',#8555,10.);
#2571=VECTOR('',#8556,10.);
#2572=VECTOR('',#8557,10.);
#2573=VECTOR('',#8558,10.);
#2574=VECTOR('',#8559,10.);
#2575=VECTOR('',#8560,10.);
#2576=VECTOR('',#8561,10.);
#2577=VECTOR('',#8562,10.);
#2578=VECTOR('',#8563,10.);
#2579=VECTOR('',#8564,10.);
#2580=VECTOR('',#8567,10.);
#2581=VECTOR('',#8568,10.);
#2582=VECTOR('',#8573,10.);
#2583=VECTOR('',#8574,10.);
#2584=VECTOR('',#8577,10.);
#2585=VECTOR('',#8582,10.);
#2586=VECTOR('',#8587,10.);
#2587=VECTOR('',#8590,10.);
#2588=VECTOR('',#8591,10.);
#2589=VECTOR('',#8594,10.);
#2590=VECTOR('',#8599,10.);
#2591=VECTOR('',#8600,10.);
#2592=VECTOR('',#8605,10.);
#2593=VECTOR('',#8608,10.);
#2594=VECTOR('',#8609,10.);
#2595=VECTOR('',#8614,10.);
#2596=VECTOR('',#8617,10.);
#2597=VECTOR('',#8618,10.);
#2598=VECTOR('',#8621,10.);
#2599=VECTOR('',#8622,10.);
#2600=VECTOR('',#8625,10.);
#2601=VECTOR('',#8626,10.);
#2602=VECTOR('',#8629,10.);
#2603=VECTOR('',#8630,10.);
#2604=VECTOR('',#8633,10.);
#2605=VECTOR('',#8634,10.);
#2606=VECTOR('',#8637,10.);
#2607=VECTOR('',#8638,10.);
#2608=VECTOR('',#8641,10.);
#2609=VECTOR('',#8642,10.);
#2610=VECTOR('',#8645,10.);
#2611=VECTOR('',#8646,10.);
#2612=VECTOR('',#8649,10.);
#2613=VECTOR('',#8650,10.);
#2614=VECTOR('',#8651,10.);
#2615=VECTOR('',#8654,10.);
#2616=VECTOR('',#8655,10.);
#2617=VECTOR('',#8658,10.);
#2618=VECTOR('',#8661,10.);
#2619=VECTOR('',#8662,10.);
#2620=VECTOR('',#8663,10.);
#2621=VECTOR('',#8664,10.);
#2622=VECTOR('',#8665,10.);
#2623=VECTOR('',#8666,10.);
#2624=VECTOR('',#8667,10.);
#2625=VECTOR('',#8668,10.);
#2626=VECTOR('',#8669,10.);
#2627=VECTOR('',#8670,10.);
#2628=VECTOR('',#8671,10.);
#2629=VECTOR('',#8672,10.);
#2630=VECTOR('',#8673,10.);
#2631=VECTOR('',#8674,10.);
#2632=VECTOR('',#8675,10.);
#2633=VECTOR('',#8676,10.);
#2634=VECTOR('',#8677,10.);
#2635=VECTOR('',#8678,10.);
#2636=VECTOR('',#8679,10.);
#2637=VECTOR('',#8680,10.);
#2638=VECTOR('',#8681,10.);
#2639=VECTOR('',#8682,10.);
#2640=VECTOR('',#8683,10.);
#2641=VECTOR('',#8684,10.);
#2642=VECTOR('',#8685,10.);
#2643=VECTOR('',#8686,10.);
#2644=VECTOR('',#8687,10.);
#2645=VECTOR('',#8688,10.);
#2646=VECTOR('',#8689,10.);
#2647=VECTOR('',#8690,10.);
#2648=VECTOR('',#8691,10.);
#2649=VECTOR('',#8692,10.);
#2650=VECTOR('',#8693,10.);
#2651=VECTOR('',#8694,10.);
#2652=VECTOR('',#8695,10.);
#2653=VECTOR('',#8696,10.);
#2654=VECTOR('',#8697,10.);
#2655=VECTOR('',#8698,10.);
#2656=VECTOR('',#8699,10.);
#2657=VECTOR('',#8700,10.);
#2658=VECTOR('',#8701,10.);
#2659=VECTOR('',#8702,10.);
#2660=VECTOR('',#8703,10.);
#2661=VECTOR('',#8704,10.);
#2662=VECTOR('',#8705,10.);
#2663=VECTOR('',#8706,10.);
#2664=VECTOR('',#8707,10.);
#2665=VECTOR('',#8708,10.);
#2666=VECTOR('',#8709,10.);
#2667=VECTOR('',#8710,10.);
#2668=VECTOR('',#8711,10.);
#2669=VECTOR('',#8712,10.);
#2670=VECTOR('',#8713,10.);
#2671=VECTOR('',#8714,10.);
#2672=VECTOR('',#8715,10.);
#2673=VECTOR('',#8716,10.);
#2674=VECTOR('',#8717,10.);
#2675=VECTOR('',#8718,10.);
#2676=VECTOR('',#8719,10.);
#2677=VECTOR('',#8720,10.);
#2678=VECTOR('',#8721,10.);
#2679=VECTOR('',#8722,10.);
#2680=VECTOR('',#8723,10.);
#2681=VECTOR('',#8724,10.);
#2682=VECTOR('',#8725,10.);
#2683=VECTOR('',#8726,10.);
#2684=VECTOR('',#8727,10.);
#2685=VECTOR('',#8728,10.);
#2686=VECTOR('',#8729,10.);
#2687=VECTOR('',#8730,10.);
#2688=VECTOR('',#8731,10.);
#2689=VECTOR('',#8732,10.);
#2690=VECTOR('',#8733,10.);
#2691=VECTOR('',#8734,10.);
#2692=VECTOR('',#8735,10.);
#2693=VECTOR('',#8736,10.);
#2694=VECTOR('',#8737,10.);
#2695=VECTOR('',#8738,10.);
#2696=VECTOR('',#8739,10.);
#2697=VECTOR('',#8740,10.);
#2698=VECTOR('',#8741,10.);
#2699=VECTOR('',#8742,10.);
#2700=VECTOR('',#8743,10.);
#2701=VECTOR('',#8744,10.);
#2702=VECTOR('',#8745,10.);
#2703=VECTOR('',#8746,10.);
#2704=VECTOR('',#8747,10.);
#2705=VECTOR('',#8748,10.);
#2706=VECTOR('',#8749,10.);
#2707=VECTOR('',#8750,10.);
#2708=VECTOR('',#8751,10.);
#2709=VECTOR('',#8752,10.);
#2710=VECTOR('',#8753,10.);
#2711=VECTOR('',#8754,10.);
#2712=VECTOR('',#8755,10.);
#2713=VECTOR('',#8756,10.);
#2714=VECTOR('',#8757,10.);
#2715=VECTOR('',#8758,10.);
#2716=VECTOR('',#8759,10.);
#2717=VECTOR('',#8760,10.);
#2718=VECTOR('',#8761,10.);
#2719=VECTOR('',#8762,10.);
#2720=VECTOR('',#8763,10.);
#2721=VECTOR('',#8764,10.);
#2722=VECTOR('',#8765,10.);
#2723=VECTOR('',#8766,10.);
#2724=VECTOR('',#8767,10.);
#2725=VECTOR('',#8768,10.);
#2726=VECTOR('',#8769,10.);
#2727=VECTOR('',#8770,10.);
#2728=VECTOR('',#8771,10.);
#2729=VECTOR('',#8772,10.);
#2730=VECTOR('',#8773,10.);
#2731=VECTOR('',#8774,10.);
#2732=VECTOR('',#8775,10.);
#2733=VECTOR('',#8776,10.);
#2734=VECTOR('',#8777,10.);
#2735=VECTOR('',#8778,10.);
#2736=VECTOR('',#8779,10.);
#2737=VECTOR('',#8780,10.);
#2738=VECTOR('',#8781,10.);
#2739=VECTOR('',#8782,10.);
#2740=VECTOR('',#8783,10.);
#2741=VECTOR('',#8784,10.);
#2742=VECTOR('',#8785,10.);
#2743=VECTOR('',#8786,10.);
#2744=VECTOR('',#8787,10.);
#2745=VECTOR('',#8788,10.);
#2746=VECTOR('',#8789,10.);
#2747=VECTOR('',#8790,10.);
#2748=VECTOR('',#8791,10.);
#2749=VECTOR('',#8794,10.);
#2750=VECTOR('',#8795,10.);
#2751=VECTOR('',#8798,10.);
#2752=VECTOR('',#8801,10.);
#2753=VECTOR('',#8806,10.);
#2754=VECTOR('',#8807,10.);
#2755=VECTOR('',#8810,10.);
#2756=VECTOR('',#8813,10.);
#2757=VECTOR('',#8818,10.);
#2758=VECTOR('',#8819,10.);
#2759=VECTOR('',#8822,10.);
#2760=VECTOR('',#8825,10.);
#2761=VECTOR('',#8830,10.);
#2762=VECTOR('',#8831,10.);
#2763=VECTOR('',#8834,10.);
#2764=VECTOR('',#8837,10.);
#2765=VECTOR('',#8842,10.);
#2766=VECTOR('',#8843,10.);
#2767=VECTOR('',#8846,10.);
#2768=VECTOR('',#8849,10.);
#2769=VECTOR('',#8854,10.);
#2770=VECTOR('',#8855,10.);
#2771=VECTOR('',#8858,10.);
#2772=VECTOR('',#8861,10.);
#2773=VECTOR('',#8866,10.);
#2774=VECTOR('',#8867,10.);
#2775=VECTOR('',#8870,10.);
#2776=VECTOR('',#8873,10.);
#2777=VECTOR('',#8878,10.);
#2778=VECTOR('',#8879,10.);
#2779=VECTOR('',#8882,10.);
#2780=VECTOR('',#8885,10.);
#2781=VECTOR('',#8890,10.);
#2782=VECTOR('',#8891,10.);
#2783=VECTOR('',#8894,10.);
#2784=VECTOR('',#8897,10.);
#2785=VECTOR('',#8902,10.);
#2786=VECTOR('',#8903,10.);
#2787=VECTOR('',#8906,10.);
#2788=VECTOR('',#8909,10.);
#2789=VECTOR('',#8914,10.);
#2790=VECTOR('',#8915,10.);
#2791=VECTOR('',#8918,10.);
#2792=VECTOR('',#8921,10.);
#2793=VECTOR('',#8926,10.);
#2794=VECTOR('',#8927,10.);
#2795=VECTOR('',#8930,10.);
#2796=VECTOR('',#8933,10.);
#2797=VECTOR('',#8938,10.);
#2798=VECTOR('',#8939,10.);
#2799=VECTOR('',#8942,10.);
#2800=VECTOR('',#8945,10.);
#2801=VECTOR('',#8950,10.);
#2802=VECTOR('',#8951,10.);
#2803=VECTOR('',#8954,10.);
#2804=VECTOR('',#8957,10.);
#2805=VECTOR('',#8962,10.);
#2806=VECTOR('',#8963,10.);
#2807=VECTOR('',#8966,10.);
#2808=VECTOR('',#8969,10.);
#2809=VECTOR('',#8974,10.);
#2810=VECTOR('',#8975,10.);
#2811=VECTOR('',#8978,10.);
#2812=VECTOR('',#8981,10.);
#2813=VECTOR('',#8986,10.);
#2814=VECTOR('',#8987,10.);
#2815=VECTOR('',#8990,10.);
#2816=VECTOR('',#8993,10.);
#2817=VECTOR('',#8998,10.);
#2818=VECTOR('',#8999,10.);
#2819=VECTOR('',#9002,10.);
#2820=VECTOR('',#9005,10.);
#2821=VECTOR('',#9010,10.);
#2822=VECTOR('',#9011,10.);
#2823=VECTOR('',#9014,10.);
#2824=VECTOR('',#9017,10.);
#2825=VECTOR('',#9022,10.);
#2826=VECTOR('',#9023,10.);
#2827=VECTOR('',#9026,10.);
#2828=VECTOR('',#9029,10.);
#2829=VECTOR('',#9034,10.);
#2830=VECTOR('',#9035,10.);
#2831=VECTOR('',#9038,10.);
#2832=VECTOR('',#9041,10.);
#2833=VECTOR('',#9046,10.);
#2834=VECTOR('',#9047,10.);
#2835=VECTOR('',#9050,10.);
#2836=VECTOR('',#9053,10.);
#2837=VECTOR('',#9058,10.);
#2838=VECTOR('',#9059,10.);
#2839=VECTOR('',#9062,10.);
#2840=VECTOR('',#9065,10.);
#2841=VECTOR('',#9070,10.);
#2842=VECTOR('',#9071,10.);
#2843=VECTOR('',#9074,10.);
#2844=VECTOR('',#9077,10.);
#2845=VECTOR('',#9082,10.);
#2846=VECTOR('',#9083,10.);
#2847=VECTOR('',#9086,10.);
#2848=VECTOR('',#9089,10.);
#2849=VECTOR('',#9094,10.);
#2850=VECTOR('',#9095,10.);
#2851=VECTOR('',#9098,10.);
#2852=VECTOR('',#9101,10.);
#2853=VECTOR('',#9106,10.);
#2854=VECTOR('',#9107,10.);
#2855=VECTOR('',#9110,10.);
#2856=VECTOR('',#9113,10.);
#2857=VECTOR('',#9118,10.);
#2858=VECTOR('',#9119,10.);
#2859=VECTOR('',#9122,10.);
#2860=VECTOR('',#9125,10.);
#2861=VECTOR('',#9130,10.);
#2862=VECTOR('',#9131,10.);
#2863=VECTOR('',#9134,10.);
#2864=VECTOR('',#9137,10.);
#2865=VECTOR('',#9142,10.);
#2866=VECTOR('',#9143,10.);
#2867=VECTOR('',#9146,10.);
#2868=VECTOR('',#9149,10.);
#2869=VECTOR('',#9154,10.);
#2870=VECTOR('',#9155,10.);
#2871=VECTOR('',#9160,10.);
#2872=VECTOR('',#9163,10.);
#2873=VECTOR('',#9166,10.);
#2874=VECTOR('',#9169,10.);
#2875=VECTOR('',#9172,10.);
#2876=VECTOR('',#9179,10.);
#2877=VERTEX_POINT('',#9184);
#2878=VERTEX_POINT('',#9185);
#2879=VERTEX_POINT('',#9187);
#2880=VERTEX_POINT('',#9189);
#2881=VERTEX_POINT('',#9193);
#2882=VERTEX_POINT('',#9195);
#2883=VERTEX_POINT('',#9199);
#2884=VERTEX_POINT('',#9201);
#2885=VERTEX_POINT('',#9205);
#2886=VERTEX_POINT('',#9206);
#2887=VERTEX_POINT('',#9208);
#2888=VERTEX_POINT('',#9210);
#2889=VERTEX_POINT('',#9214);
#2890=VERTEX_POINT('',#9216);
#2891=VERTEX_POINT('',#9220);
#2892=VERTEX_POINT('',#9222);
#2893=VERTEX_POINT('',#9226);
#2894=VERTEX_POINT('',#9227);
#2895=VERTEX_POINT('',#9229);
#2896=VERTEX_POINT('',#9231);
#2897=VERTEX_POINT('',#9235);
#2898=VERTEX_POINT('',#9237);
#2899=VERTEX_POINT('',#9241);
#2900=VERTEX_POINT('',#9243);
#2901=VERTEX_POINT('',#9247);
#2902=VERTEX_POINT('',#9249);
#2903=VERTEX_POINT('',#9253);
#2904=VERTEX_POINT('',#9255);
#2905=VERTEX_POINT('',#9259);
#2906=VERTEX_POINT('',#9261);
#2907=VERTEX_POINT('',#9263);
#2908=VERTEX_POINT('',#9265);
#2909=VERTEX_POINT('',#9267);
#2910=VERTEX_POINT('',#9269);
#2911=VERTEX_POINT('',#9271);
#2912=VERTEX_POINT('',#9273);
#2913=VERTEX_POINT('',#9275);
#2914=VERTEX_POINT('',#9277);
#2915=VERTEX_POINT('',#9279);
#2916=VERTEX_POINT('',#9281);
#2917=VERTEX_POINT('',#9284);
#2918=VERTEX_POINT('',#9286);
#2919=VERTEX_POINT('',#9288);
#2920=VERTEX_POINT('',#9290);
#2921=VERTEX_POINT('',#9292);
#2922=VERTEX_POINT('',#9294);
#2923=VERTEX_POINT('',#9296);
#2924=VERTEX_POINT('',#9298);
#2925=VERTEX_POINT('',#9301);
#2926=VERTEX_POINT('',#9303);
#2927=VERTEX_POINT('',#9305);
#2928=VERTEX_POINT('',#9307);
#2929=VERTEX_POINT('',#9309);
#2930=VERTEX_POINT('',#9311);
#2931=VERTEX_POINT('',#9313);
#2932=VERTEX_POINT('',#9315);
#2933=VERTEX_POINT('',#9317);
#2934=VERTEX_POINT('',#9319);
#2935=VERTEX_POINT('',#9322);
#2936=VERTEX_POINT('',#9323);
#2937=VERTEX_POINT('',#9325);
#2938=VERTEX_POINT('',#9327);
#2939=VERTEX_POINT('',#9330);
#2940=VERTEX_POINT('',#9331);
#2941=VERTEX_POINT('',#9333);
#2942=VERTEX_POINT('',#9335);
#2943=VERTEX_POINT('',#9338);
#2944=VERTEX_POINT('',#9339);
#2945=VERTEX_POINT('',#9341);
#2946=VERTEX_POINT('',#9343);
#2947=VERTEX_POINT('',#9346);
#2948=VERTEX_POINT('',#9347);
#2949=VERTEX_POINT('',#9349);
#2950=VERTEX_POINT('',#9351);
#2951=VERTEX_POINT('',#9354);
#2952=VERTEX_POINT('',#9355);
#2953=VERTEX_POINT('',#9357);
#2954=VERTEX_POINT('',#9359);
#2955=VERTEX_POINT('',#9362);
#2956=VERTEX_POINT('',#9363);
#2957=VERTEX_POINT('',#9365);
#2958=VERTEX_POINT('',#9367);
#2959=VERTEX_POINT('',#9370);
#2960=VERTEX_POINT('',#9371);
#2961=VERTEX_POINT('',#9373);
#2962=VERTEX_POINT('',#9375);
#2963=VERTEX_POINT('',#9378);
#2964=VERTEX_POINT('',#9379);
#2965=VERTEX_POINT('',#9381);
#2966=VERTEX_POINT('',#9383);
#2967=VERTEX_POINT('',#9386);
#2968=VERTEX_POINT('',#9387);
#2969=VERTEX_POINT('',#9389);
#2970=VERTEX_POINT('',#9391);
#2971=VERTEX_POINT('',#9394);
#2972=VERTEX_POINT('',#9395);
#2973=VERTEX_POINT('',#9397);
#2974=VERTEX_POINT('',#9399);
#2975=VERTEX_POINT('',#9402);
#2976=VERTEX_POINT('',#9403);
#2977=VERTEX_POINT('',#9405);
#2978=VERTEX_POINT('',#9407);
#2979=VERTEX_POINT('',#9410);
#2980=VERTEX_POINT('',#9411);
#2981=VERTEX_POINT('',#9413);
#2982=VERTEX_POINT('',#9415);
#2983=VERTEX_POINT('',#9418);
#2984=VERTEX_POINT('',#9419);
#2985=VERTEX_POINT('',#9421);
#2986=VERTEX_POINT('',#9423);
#2987=VERTEX_POINT('',#9426);
#2988=VERTEX_POINT('',#9427);
#2989=VERTEX_POINT('',#9429);
#2990=VERTEX_POINT('',#9431);
#2991=VERTEX_POINT('',#9434);
#2992=VERTEX_POINT('',#9435);
#2993=VERTEX_POINT('',#9437);
#2994=VERTEX_POINT('',#9439);
#2995=VERTEX_POINT('',#9442);
#2996=VERTEX_POINT('',#9443);
#2997=VERTEX_POINT('',#9445);
#2998=VERTEX_POINT('',#9447);
#2999=VERTEX_POINT('',#9450);
#3000=VERTEX_POINT('',#9451);
#3001=VERTEX_POINT('',#9453);
#3002=VERTEX_POINT('',#9455);
#3003=VERTEX_POINT('',#9458);
#3004=VERTEX_POINT('',#9459);
#3005=VERTEX_POINT('',#9461);
#3006=VERTEX_POINT('',#9463);
#3007=VERTEX_POINT('',#9466);
#3008=VERTEX_POINT('',#9467);
#3009=VERTEX_POINT('',#9469);
#3010=VERTEX_POINT('',#9471);
#3011=VERTEX_POINT('',#9474);
#3012=VERTEX_POINT('',#9475);
#3013=VERTEX_POINT('',#9477);
#3014=VERTEX_POINT('',#9479);
#3015=VERTEX_POINT('',#9482);
#3016=VERTEX_POINT('',#9483);
#3017=VERTEX_POINT('',#9485);
#3018=VERTEX_POINT('',#9487);
#3019=VERTEX_POINT('',#9490);
#3020=VERTEX_POINT('',#9491);
#3021=VERTEX_POINT('',#9493);
#3022=VERTEX_POINT('',#9495);
#3023=VERTEX_POINT('',#9498);
#3024=VERTEX_POINT('',#9499);
#3025=VERTEX_POINT('',#9501);
#3026=VERTEX_POINT('',#9503);
#3027=VERTEX_POINT('',#9506);
#3028=VERTEX_POINT('',#9507);
#3029=VERTEX_POINT('',#9509);
#3030=VERTEX_POINT('',#9511);
#3031=VERTEX_POINT('',#9514);
#3032=VERTEX_POINT('',#9515);
#3033=VERTEX_POINT('',#9517);
#3034=VERTEX_POINT('',#9519);
#3035=VERTEX_POINT('',#9522);
#3036=VERTEX_POINT('',#9523);
#3037=VERTEX_POINT('',#9525);
#3038=VERTEX_POINT('',#9527);
#3039=VERTEX_POINT('',#9530);
#3040=VERTEX_POINT('',#9531);
#3041=VERTEX_POINT('',#9533);
#3042=VERTEX_POINT('',#9535);
#3043=VERTEX_POINT('',#9538);
#3044=VERTEX_POINT('',#9539);
#3045=VERTEX_POINT('',#9541);
#3046=VERTEX_POINT('',#9543);
#3047=VERTEX_POINT('',#9546);
#3048=VERTEX_POINT('',#9547);
#3049=VERTEX_POINT('',#9549);
#3050=VERTEX_POINT('',#9551);
#3051=VERTEX_POINT('',#9554);
#3052=VERTEX_POINT('',#9555);
#3053=VERTEX_POINT('',#9557);
#3054=VERTEX_POINT('',#9559);
#3055=VERTEX_POINT('',#9563);
#3056=VERTEX_POINT('',#9567);
#3057=VERTEX_POINT('',#9568);
#3058=VERTEX_POINT('',#9575);
#3059=VERTEX_POINT('',#9579);
#3060=VERTEX_POINT('',#9583);
#3061=VERTEX_POINT('',#9587);
#3062=VERTEX_POINT('',#9591);
#3063=VERTEX_POINT('',#9595);
#3064=VERTEX_POINT('',#9599);
#3065=VERTEX_POINT('',#9603);
#3066=VERTEX_POINT('',#9607);
#3067=VERTEX_POINT('',#9611);
#3068=VERTEX_POINT('',#9615);
#3069=VERTEX_POINT('',#9619);
#3070=VERTEX_POINT('',#9623);
#3071=VERTEX_POINT('',#9627);
#3072=VERTEX_POINT('',#9631);
#3073=VERTEX_POINT('',#9635);
#3074=VERTEX_POINT('',#9637);
#3075=VERTEX_POINT('',#9641);
#3076=VERTEX_POINT('',#9643);
#3077=VERTEX_POINT('',#9651);
#3078=VERTEX_POINT('',#9653);
#3079=VERTEX_POINT('',#9655);
#3080=VERTEX_POINT('',#9659);
#3081=VERTEX_POINT('',#9661);
#3082=VERTEX_POINT('',#9663);
#3083=VERTEX_POINT('',#9665);
#3084=VERTEX_POINT('',#9667);
#3085=VERTEX_POINT('',#9670);
#3086=VERTEX_POINT('',#9671);
#3087=VERTEX_POINT('',#9673);
#3088=VERTEX_POINT('',#9675);
#3089=VERTEX_POINT('',#9678);
#3090=VERTEX_POINT('',#9679);
#3091=VERTEX_POINT('',#9681);
#3092=VERTEX_POINT('',#9683);
#3093=VERTEX_POINT('',#9686);
#3094=VERTEX_POINT('',#9687);
#3095=VERTEX_POINT('',#9689);
#3096=VERTEX_POINT('',#9691);
#3097=VERTEX_POINT('',#9694);
#3098=VERTEX_POINT('',#9695);
#3099=VERTEX_POINT('',#9697);
#3100=VERTEX_POINT('',#9699);
#3101=VERTEX_POINT('',#9702);
#3102=VERTEX_POINT('',#9703);
#3103=VERTEX_POINT('',#9705);
#3104=VERTEX_POINT('',#9707);
#3105=VERTEX_POINT('',#9710);
#3106=VERTEX_POINT('',#9711);
#3107=VERTEX_POINT('',#9713);
#3108=VERTEX_POINT('',#9715);
#3109=VERTEX_POINT('',#9718);
#3110=VERTEX_POINT('',#9719);
#3111=VERTEX_POINT('',#9721);
#3112=VERTEX_POINT('',#9723);
#3113=VERTEX_POINT('',#9726);
#3114=VERTEX_POINT('',#9727);
#3115=VERTEX_POINT('',#9729);
#3116=VERTEX_POINT('',#9731);
#3117=VERTEX_POINT('',#9734);
#3118=VERTEX_POINT('',#9735);
#3119=VERTEX_POINT('',#9737);
#3120=VERTEX_POINT('',#9739);
#3121=VERTEX_POINT('',#9742);
#3122=VERTEX_POINT('',#9743);
#3123=VERTEX_POINT('',#9745);
#3124=VERTEX_POINT('',#9747);
#3125=VERTEX_POINT('',#9750);
#3126=VERTEX_POINT('',#9751);
#3127=VERTEX_POINT('',#9753);
#3128=VERTEX_POINT('',#9755);
#3129=VERTEX_POINT('',#9758);
#3130=VERTEX_POINT('',#9759);
#3131=VERTEX_POINT('',#9761);
#3132=VERTEX_POINT('',#9763);
#3133=VERTEX_POINT('',#9766);
#3134=VERTEX_POINT('',#9767);
#3135=VERTEX_POINT('',#9769);
#3136=VERTEX_POINT('',#9771);
#3137=VERTEX_POINT('',#9774);
#3138=VERTEX_POINT('',#9775);
#3139=VERTEX_POINT('',#9777);
#3140=VERTEX_POINT('',#9779);
#3141=VERTEX_POINT('',#9782);
#3142=VERTEX_POINT('',#9783);
#3143=VERTEX_POINT('',#9785);
#3144=VERTEX_POINT('',#9787);
#3145=VERTEX_POINT('',#9790);
#3146=VERTEX_POINT('',#9791);
#3147=VERTEX_POINT('',#9793);
#3148=VERTEX_POINT('',#9795);
#3149=VERTEX_POINT('',#9798);
#3150=VERTEX_POINT('',#9799);
#3151=VERTEX_POINT('',#9801);
#3152=VERTEX_POINT('',#9803);
#3153=VERTEX_POINT('',#9806);
#3154=VERTEX_POINT('',#9807);
#3155=VERTEX_POINT('',#9809);
#3156=VERTEX_POINT('',#9811);
#3157=VERTEX_POINT('',#9814);
#3158=VERTEX_POINT('',#9815);
#3159=VERTEX_POINT('',#9817);
#3160=VERTEX_POINT('',#9819);
#3161=VERTEX_POINT('',#9822);
#3162=VERTEX_POINT('',#9823);
#3163=VERTEX_POINT('',#9825);
#3164=VERTEX_POINT('',#9827);
#3165=VERTEX_POINT('',#9830);
#3166=VERTEX_POINT('',#9831);
#3167=VERTEX_POINT('',#9833);
#3168=VERTEX_POINT('',#9835);
#3169=VERTEX_POINT('',#9838);
#3170=VERTEX_POINT('',#9839);
#3171=VERTEX_POINT('',#9841);
#3172=VERTEX_POINT('',#9843);
#3173=VERTEX_POINT('',#9846);
#3174=VERTEX_POINT('',#9847);
#3175=VERTEX_POINT('',#9849);
#3176=VERTEX_POINT('',#9851);
#3177=VERTEX_POINT('',#9854);
#3178=VERTEX_POINT('',#9855);
#3179=VERTEX_POINT('',#9857);
#3180=VERTEX_POINT('',#9859);
#3181=VERTEX_POINT('',#9862);
#3182=VERTEX_POINT('',#9863);
#3183=VERTEX_POINT('',#9865);
#3184=VERTEX_POINT('',#9867);
#3185=VERTEX_POINT('',#9870);
#3186=VERTEX_POINT('',#9871);
#3187=VERTEX_POINT('',#9873);
#3188=VERTEX_POINT('',#9875);
#3189=VERTEX_POINT('',#9878);
#3190=VERTEX_POINT('',#9879);
#3191=VERTEX_POINT('',#9881);
#3192=VERTEX_POINT('',#9883);
#3193=VERTEX_POINT('',#9886);
#3194=VERTEX_POINT('',#9887);
#3195=VERTEX_POINT('',#9889);
#3196=VERTEX_POINT('',#9891);
#3197=VERTEX_POINT('',#9894);
#3198=VERTEX_POINT('',#9895);
#3199=VERTEX_POINT('',#9897);
#3200=VERTEX_POINT('',#9899);
#3201=VERTEX_POINT('',#9902);
#3202=VERTEX_POINT('',#9903);
#3203=VERTEX_POINT('',#9905);
#3204=VERTEX_POINT('',#9907);
#3205=VERTEX_POINT('',#10170);
#3206=VERTEX_POINT('',#10171);
#3207=VERTEX_POINT('',#10173);
#3208=VERTEX_POINT('',#10175);
#3209=VERTEX_POINT('',#10179);
#3210=VERTEX_POINT('',#10181);
#3211=VERTEX_POINT('',#10185);
#3212=VERTEX_POINT('',#10187);
#3213=VERTEX_POINT('',#10191);
#3214=VERTEX_POINT('',#10192);
#3215=VERTEX_POINT('',#10194);
#3216=VERTEX_POINT('',#10196);
#3217=VERTEX_POINT('',#10200);
#3218=VERTEX_POINT('',#10202);
#3219=VERTEX_POINT('',#10206);
#3220=VERTEX_POINT('',#10208);
#3221=VERTEX_POINT('',#10212);
#3222=VERTEX_POINT('',#10213);
#3223=VERTEX_POINT('',#10215);
#3224=VERTEX_POINT('',#10217);
#3225=VERTEX_POINT('',#10221);
#3226=VERTEX_POINT('',#10223);
#3227=VERTEX_POINT('',#10227);
#3228=VERTEX_POINT('',#10229);
#3229=VERTEX_POINT('',#10233);
#3230=VERTEX_POINT('',#10235);
#3231=VERTEX_POINT('',#10239);
#3232=VERTEX_POINT('',#10241);
#3233=VERTEX_POINT('',#10245);
#3234=VERTEX_POINT('',#10247);
#3235=VERTEX_POINT('',#10249);
#3236=VERTEX_POINT('',#10251);
#3237=VERTEX_POINT('',#10253);
#3238=VERTEX_POINT('',#10255);
#3239=VERTEX_POINT('',#10257);
#3240=VERTEX_POINT('',#10259);
#3241=VERTEX_POINT('',#10261);
#3242=VERTEX_POINT('',#10263);
#3243=VERTEX_POINT('',#10265);
#3244=VERTEX_POINT('',#10267);
#3245=VERTEX_POINT('',#10270);
#3246=VERTEX_POINT('',#10272);
#3247=VERTEX_POINT('',#10274);
#3248=VERTEX_POINT('',#10276);
#3249=VERTEX_POINT('',#10278);
#3250=VERTEX_POINT('',#10280);
#3251=VERTEX_POINT('',#10282);
#3252=VERTEX_POINT('',#10284);
#3253=VERTEX_POINT('',#10287);
#3254=VERTEX_POINT('',#10289);
#3255=VERTEX_POINT('',#10291);
#3256=VERTEX_POINT('',#10293);
#3257=VERTEX_POINT('',#10295);
#3258=VERTEX_POINT('',#10297);
#3259=VERTEX_POINT('',#10299);
#3260=VERTEX_POINT('',#10301);
#3261=VERTEX_POINT('',#10303);
#3262=VERTEX_POINT('',#10305);
#3263=VERTEX_POINT('',#10308);
#3264=VERTEX_POINT('',#10309);
#3265=VERTEX_POINT('',#10311);
#3266=VERTEX_POINT('',#10313);
#3267=VERTEX_POINT('',#10316);
#3268=VERTEX_POINT('',#10317);
#3269=VERTEX_POINT('',#10319);
#3270=VERTEX_POINT('',#10321);
#3271=VERTEX_POINT('',#10324);
#3272=VERTEX_POINT('',#10325);
#3273=VERTEX_POINT('',#10327);
#3274=VERTEX_POINT('',#10329);
#3275=VERTEX_POINT('',#10332);
#3276=VERTEX_POINT('',#10333);
#3277=VERTEX_POINT('',#10335);
#3278=VERTEX_POINT('',#10337);
#3279=VERTEX_POINT('',#10340);
#3280=VERTEX_POINT('',#10341);
#3281=VERTEX_POINT('',#10343);
#3282=VERTEX_POINT('',#10345);
#3283=VERTEX_POINT('',#10348);
#3284=VERTEX_POINT('',#10349);
#3285=VERTEX_POINT('',#10351);
#3286=VERTEX_POINT('',#10353);
#3287=VERTEX_POINT('',#10356);
#3288=VERTEX_POINT('',#10357);
#3289=VERTEX_POINT('',#10359);
#3290=VERTEX_POINT('',#10361);
#3291=VERTEX_POINT('',#10364);
#3292=VERTEX_POINT('',#10365);
#3293=VERTEX_POINT('',#10367);
#3294=VERTEX_POINT('',#10369);
#3295=VERTEX_POINT('',#10372);
#3296=VERTEX_POINT('',#10373);
#3297=VERTEX_POINT('',#10375);
#3298=VERTEX_POINT('',#10377);
#3299=VERTEX_POINT('',#10380);
#3300=VERTEX_POINT('',#10381);
#3301=VERTEX_POINT('',#10383);
#3302=VERTEX_POINT('',#10385);
#3303=VERTEX_POINT('',#10388);
#3304=VERTEX_POINT('',#10389);
#3305=VERTEX_POINT('',#10391);
#3306=VERTEX_POINT('',#10393);
#3307=VERTEX_POINT('',#10396);
#3308=VERTEX_POINT('',#10397);
#3309=VERTEX_POINT('',#10399);
#3310=VERTEX_POINT('',#10401);
#3311=VERTEX_POINT('',#10404);
#3312=VERTEX_POINT('',#10405);
#3313=VERTEX_POINT('',#10407);
#3314=VERTEX_POINT('',#10409);
#3315=VERTEX_POINT('',#10412);
#3316=VERTEX_POINT('',#10413);
#3317=VERTEX_POINT('',#10415);
#3318=VERTEX_POINT('',#10417);
#3319=VERTEX_POINT('',#10420);
#3320=VERTEX_POINT('',#10421);
#3321=VERTEX_POINT('',#10423);
#3322=VERTEX_POINT('',#10425);
#3323=VERTEX_POINT('',#10428);
#3324=VERTEX_POINT('',#10429);
#3325=VERTEX_POINT('',#10431);
#3326=VERTEX_POINT('',#10433);
#3327=VERTEX_POINT('',#10436);
#3328=VERTEX_POINT('',#10437);
#3329=VERTEX_POINT('',#10439);
#3330=VERTEX_POINT('',#10441);
#3331=VERTEX_POINT('',#10444);
#3332=VERTEX_POINT('',#10445);
#3333=VERTEX_POINT('',#10447);
#3334=VERTEX_POINT('',#10449);
#3335=VERTEX_POINT('',#10452);
#3336=VERTEX_POINT('',#10453);
#3337=VERTEX_POINT('',#10455);
#3338=VERTEX_POINT('',#10457);
#3339=VERTEX_POINT('',#10460);
#3340=VERTEX_POINT('',#10461);
#3341=VERTEX_POINT('',#10463);
#3342=VERTEX_POINT('',#10465);
#3343=VERTEX_POINT('',#10468);
#3344=VERTEX_POINT('',#10469);
#3345=VERTEX_POINT('',#10471);
#3346=VERTEX_POINT('',#10473);
#3347=VERTEX_POINT('',#10476);
#3348=VERTEX_POINT('',#10477);
#3349=VERTEX_POINT('',#10479);
#3350=VERTEX_POINT('',#10481);
#3351=VERTEX_POINT('',#10484);
#3352=VERTEX_POINT('',#10485);
#3353=VERTEX_POINT('',#10487);
#3354=VERTEX_POINT('',#10489);
#3355=VERTEX_POINT('',#10492);
#3356=VERTEX_POINT('',#10493);
#3357=VERTEX_POINT('',#10495);
#3358=VERTEX_POINT('',#10497);
#3359=VERTEX_POINT('',#10500);
#3360=VERTEX_POINT('',#10501);
#3361=VERTEX_POINT('',#10503);
#3362=VERTEX_POINT('',#10505);
#3363=VERTEX_POINT('',#10508);
#3364=VERTEX_POINT('',#10509);
#3365=VERTEX_POINT('',#10511);
#3366=VERTEX_POINT('',#10513);
#3367=VERTEX_POINT('',#10516);
#3368=VERTEX_POINT('',#10517);
#3369=VERTEX_POINT('',#10519);
#3370=VERTEX_POINT('',#10521);
#3371=VERTEX_POINT('',#10524);
#3372=VERTEX_POINT('',#10525);
#3373=VERTEX_POINT('',#10527);
#3374=VERTEX_POINT('',#10529);
#3375=VERTEX_POINT('',#10532);
#3376=VERTEX_POINT('',#10533);
#3377=VERTEX_POINT('',#10535);
#3378=VERTEX_POINT('',#10537);
#3379=VERTEX_POINT('',#10540);
#3380=VERTEX_POINT('',#10541);
#3381=VERTEX_POINT('',#10543);
#3382=VERTEX_POINT('',#10545);
#3383=VERTEX_POINT('',#10549);
#3384=VERTEX_POINT('',#10553);
#3385=VERTEX_POINT('',#10554);
#3386=VERTEX_POINT('',#10561);
#3387=VERTEX_POINT('',#10565);
#3388=VERTEX_POINT('',#10569);
#3389=VERTEX_POINT('',#10573);
#3390=VERTEX_POINT('',#10577);
#3391=VERTEX_POINT('',#10581);
#3392=VERTEX_POINT('',#10585);
#3393=VERTEX_POINT('',#10589);
#3394=VERTEX_POINT('',#10593);
#3395=VERTEX_POINT('',#10597);
#3396=VERTEX_POINT('',#10601);
#3397=VERTEX_POINT('',#10605);
#3398=VERTEX_POINT('',#10609);
#3399=VERTEX_POINT('',#10613);
#3400=VERTEX_POINT('',#10617);
#3401=VERTEX_POINT('',#10621);
#3402=VERTEX_POINT('',#10625);
#3403=VERTEX_POINT('',#10627);
#3404=VERTEX_POINT('',#10631);
#3405=VERTEX_POINT('',#10637);
#3406=VERTEX_POINT('',#10639);
#3407=VERTEX_POINT('',#10641);
#3408=VERTEX_POINT('',#10645);
#3409=VERTEX_POINT('',#10647);
#3410=VERTEX_POINT('',#10649);
#3411=VERTEX_POINT('',#10651);
#3412=VERTEX_POINT('',#10653);
#3413=VERTEX_POINT('',#10656);
#3414=VERTEX_POINT('',#10657);
#3415=VERTEX_POINT('',#10659);
#3416=VERTEX_POINT('',#10661);
#3417=VERTEX_POINT('',#10664);
#3418=VERTEX_POINT('',#10665);
#3419=VERTEX_POINT('',#10667);
#3420=VERTEX_POINT('',#10669);
#3421=VERTEX_POINT('',#10672);
#3422=VERTEX_POINT('',#10673);
#3423=VERTEX_POINT('',#10675);
#3424=VERTEX_POINT('',#10677);
#3425=VERTEX_POINT('',#10680);
#3426=VERTEX_POINT('',#10681);
#3427=VERTEX_POINT('',#10683);
#3428=VERTEX_POINT('',#10685);
#3429=VERTEX_POINT('',#10688);
#3430=VERTEX_POINT('',#10689);
#3431=VERTEX_POINT('',#10691);
#3432=VERTEX_POINT('',#10693);
#3433=VERTEX_POINT('',#10696);
#3434=VERTEX_POINT('',#10697);
#3435=VERTEX_POINT('',#10699);
#3436=VERTEX_POINT('',#10701);
#3437=VERTEX_POINT('',#10704);
#3438=VERTEX_POINT('',#10705);
#3439=VERTEX_POINT('',#10707);
#3440=VERTEX_POINT('',#10709);
#3441=VERTEX_POINT('',#10712);
#3442=VERTEX_POINT('',#10713);
#3443=VERTEX_POINT('',#10715);
#3444=VERTEX_POINT('',#10717);
#3445=VERTEX_POINT('',#10720);
#3446=VERTEX_POINT('',#10721);
#3447=VERTEX_POINT('',#10723);
#3448=VERTEX_POINT('',#10725);
#3449=VERTEX_POINT('',#10728);
#3450=VERTEX_POINT('',#10729);
#3451=VERTEX_POINT('',#10731);
#3452=VERTEX_POINT('',#10733);
#3453=VERTEX_POINT('',#10736);
#3454=VERTEX_POINT('',#10737);
#3455=VERTEX_POINT('',#10739);
#3456=VERTEX_POINT('',#10741);
#3457=VERTEX_POINT('',#10744);
#3458=VERTEX_POINT('',#10745);
#3459=VERTEX_POINT('',#10747);
#3460=VERTEX_POINT('',#10749);
#3461=VERTEX_POINT('',#10752);
#3462=VERTEX_POINT('',#10753);
#3463=VERTEX_POINT('',#10755);
#3464=VERTEX_POINT('',#10757);
#3465=VERTEX_POINT('',#10760);
#3466=VERTEX_POINT('',#10761);
#3467=VERTEX_POINT('',#10763);
#3468=VERTEX_POINT('',#10765);
#3469=VERTEX_POINT('',#10768);
#3470=VERTEX_POINT('',#10769);
#3471=VERTEX_POINT('',#10771);
#3472=VERTEX_POINT('',#10773);
#3473=VERTEX_POINT('',#10776);
#3474=VERTEX_POINT('',#10777);
#3475=VERTEX_POINT('',#10779);
#3476=VERTEX_POINT('',#10781);
#3477=VERTEX_POINT('',#10784);
#3478=VERTEX_POINT('',#10785);
#3479=VERTEX_POINT('',#10787);
#3480=VERTEX_POINT('',#10789);
#3481=VERTEX_POINT('',#10792);
#3482=VERTEX_POINT('',#10793);
#3483=VERTEX_POINT('',#10795);
#3484=VERTEX_POINT('',#10797);
#3485=VERTEX_POINT('',#10800);
#3486=VERTEX_POINT('',#10801);
#3487=VERTEX_POINT('',#10803);
#3488=VERTEX_POINT('',#10805);
#3489=VERTEX_POINT('',#10808);
#3490=VERTEX_POINT('',#10809);
#3491=VERTEX_POINT('',#10811);
#3492=VERTEX_POINT('',#10813);
#3493=VERTEX_POINT('',#10816);
#3494=VERTEX_POINT('',#10817);
#3495=VERTEX_POINT('',#10819);
#3496=VERTEX_POINT('',#10821);
#3497=VERTEX_POINT('',#10824);
#3498=VERTEX_POINT('',#10825);
#3499=VERTEX_POINT('',#10827);
#3500=VERTEX_POINT('',#10829);
#3501=VERTEX_POINT('',#10832);
#3502=VERTEX_POINT('',#10833);
#3503=VERTEX_POINT('',#10835);
#3504=VERTEX_POINT('',#10837);
#3505=VERTEX_POINT('',#10840);
#3506=VERTEX_POINT('',#10841);
#3507=VERTEX_POINT('',#10843);
#3508=VERTEX_POINT('',#10845);
#3509=VERTEX_POINT('',#10848);
#3510=VERTEX_POINT('',#10849);
#3511=VERTEX_POINT('',#10851);
#3512=VERTEX_POINT('',#10853);
#3513=VERTEX_POINT('',#10856);
#3514=VERTEX_POINT('',#10857);
#3515=VERTEX_POINT('',#10859);
#3516=VERTEX_POINT('',#10861);
#3517=VERTEX_POINT('',#10864);
#3518=VERTEX_POINT('',#10865);
#3519=VERTEX_POINT('',#10867);
#3520=VERTEX_POINT('',#10869);
#3521=VERTEX_POINT('',#10872);
#3522=VERTEX_POINT('',#10873);
#3523=VERTEX_POINT('',#10875);
#3524=VERTEX_POINT('',#10877);
#3525=VERTEX_POINT('',#10880);
#3526=VERTEX_POINT('',#10881);
#3527=VERTEX_POINT('',#10883);
#3528=VERTEX_POINT('',#10885);
#3529=VERTEX_POINT('',#10888);
#3530=VERTEX_POINT('',#10889);
#3531=VERTEX_POINT('',#10891);
#3532=VERTEX_POINT('',#10893);
#3533=EDGE_CURVE('',#2877,#2878,#957,.T.);
#3534=EDGE_CURVE('',#2879,#2877,#958,.T.);
#3535=EDGE_CURVE('',#2880,#2879,#959,.T.);
#3536=EDGE_CURVE('',#2880,#2878,#960,.T.);
#3537=EDGE_CURVE('',#2878,#2881,#961,.F.);
#3538=EDGE_CURVE('',#2882,#2880,#962,.F.);
#3539=EDGE_CURVE('',#2882,#2881,#963,.F.);
#3540=EDGE_CURVE('',#2881,#2883,#964,.T.);
#3541=EDGE_CURVE('',#2884,#2882,#965,.T.);
#3542=EDGE_CURVE('',#2883,#2884,#966,.T.);
#3543=EDGE_CURVE('',#2885,#2886,#967,.T.);
#3544=EDGE_CURVE('',#2887,#2885,#968,.T.);
#3545=EDGE_CURVE('',#2888,#2887,#969,.T.);
#3546=EDGE_CURVE('',#2888,#2886,#970,.T.);
#3547=EDGE_CURVE('',#2886,#2889,#971,.F.);
#3548=EDGE_CURVE('',#2890,#2888,#972,.F.);
#3549=EDGE_CURVE('',#2890,#2889,#973,.F.);
#3550=EDGE_CURVE('',#2889,#2891,#974,.T.);
#3551=EDGE_CURVE('',#2892,#2890,#975,.T.);
#3552=EDGE_CURVE('',#2891,#2892,#976,.T.);
#3553=EDGE_CURVE('',#2893,#2894,#977,.T.);
#3554=EDGE_CURVE('',#2895,#2893,#978,.T.);
#3555=EDGE_CURVE('',#2896,#2895,#979,.T.);
#3556=EDGE_CURVE('',#2896,#2894,#980,.T.);
#3557=EDGE_CURVE('',#2894,#2897,#981,.F.);
#3558=EDGE_CURVE('',#2898,#2896,#982,.F.);
#3559=EDGE_CURVE('',#2898,#2897,#983,.F.);
#3560=EDGE_CURVE('',#2897,#2899,#984,.T.);
#3561=EDGE_CURVE('',#2900,#2898,#985,.T.);
#3562=EDGE_CURVE('',#2899,#2900,#986,.T.);
#3563=EDGE_CURVE('',#2901,#2877,#987,.T.);
#3564=EDGE_CURVE('',#2902,#2901,#988,.T.);
#3565=EDGE_CURVE('',#2879,#2902,#989,.T.);
#3566=EDGE_CURVE('',#2903,#2885,#990,.F.);
#3567=EDGE_CURVE('',#2904,#2903,#991,.T.);
#3568=EDGE_CURVE('',#2887,#2904,#992,.T.);
#3569=EDGE_CURVE('',#2905,#2902,#149,.T.);
#3570=EDGE_CURVE('',#2905,#2906,#993,.T.);
#3571=EDGE_CURVE('',#2907,#2906,#994,.F.);
#3572=EDGE_CURVE('',#2908,#2907,#995,.F.);
#3573=EDGE_CURVE('',#2909,#2908,#996,.F.);
#3574=EDGE_CURVE('',#2910,#2909,#997,.F.);
#3575=EDGE_CURVE('',#2911,#2910,#998,.F.);
#3576=EDGE_CURVE('',#2912,#2911,#999,.F.);
#3577=EDGE_CURVE('',#2913,#2912,#1000,.F.);
#3578=EDGE_CURVE('',#2914,#2913,#1001,.F.);
#3579=EDGE_CURVE('',#2914,#2915,#1002,.T.);
#3580=EDGE_CURVE('',#2916,#2915,#150,.T.);
#3581=EDGE_CURVE('',#2916,#2900,#1003,.T.);
#3582=EDGE_CURVE('',#2895,#2917,#1004,.T.);
#3583=EDGE_CURVE('',#2918,#2917,#151,.T.);
#3584=EDGE_CURVE('',#2918,#2919,#1005,.T.);
#3585=EDGE_CURVE('',#2920,#2919,#1006,.F.);
#3586=EDGE_CURVE('',#2921,#2920,#1007,.F.);
#3587=EDGE_CURVE('',#2922,#2921,#1008,.F.);
#3588=EDGE_CURVE('',#2922,#2923,#1009,.T.);
#3589=EDGE_CURVE('',#2924,#2923,#152,.T.);
#3590=EDGE_CURVE('',#2924,#2892,#1010,.T.);
#3591=EDGE_CURVE('',#2925,#2904,#153,.T.);
#3592=EDGE_CURVE('',#2925,#2926,#1011,.T.);
#3593=EDGE_CURVE('',#2927,#2926,#1012,.F.);
#3594=EDGE_CURVE('',#2928,#2927,#1013,.F.);
#3595=EDGE_CURVE('',#2929,#2928,#1014,.F.);
#3596=EDGE_CURVE('',#2930,#2929,#1015,.F.);
#3597=EDGE_CURVE('',#2931,#2930,#1016,.F.);
#3598=EDGE_CURVE('',#2932,#2931,#1017,.F.);
#3599=EDGE_CURVE('',#2932,#2933,#1018,.T.);
#3600=EDGE_CURVE('',#2934,#2933,#154,.T.);
#3601=EDGE_CURVE('',#2934,#2884,#1019,.T.);
#3602=EDGE_CURVE('',#2935,#2936,#1020,.T.);
#3603=EDGE_CURVE('',#2937,#2935,#1021,.T.);
#3604=EDGE_CURVE('',#2938,#2937,#1022,.T.);
#3605=EDGE_CURVE('',#2936,#2938,#1023,.T.);
#3606=EDGE_CURVE('',#2939,#2940,#1024,.T.);
#3607=EDGE_CURVE('',#2941,#2939,#1025,.T.);
#3608=EDGE_CURVE('',#2942,#2941,#1026,.T.);
#3609=EDGE_CURVE('',#2940,#2942,#1027,.T.);
#3610=EDGE_CURVE('',#2943,#2944,#1028,.T.);
#3611=EDGE_CURVE('',#2945,#2943,#1029,.T.);
#3612=EDGE_CURVE('',#2946,#2945,#1030,.T.);
#3613=EDGE_CURVE('',#2944,#2946,#1031,.T.);
#3614=EDGE_CURVE('',#2947,#2948,#1032,.T.);
#3615=EDGE_CURVE('',#2949,#2947,#1033,.T.);
#3616=EDGE_CURVE('',#2950,#2949,#1034,.T.);
#3617=EDGE_CURVE('',#2948,#2950,#1035,.T.);
#3618=EDGE_CURVE('',#2951,#2952,#1036,.T.);
#3619=EDGE_CURVE('',#2953,#2951,#1037,.T.);
#3620=EDGE_CURVE('',#2954,#2953,#1038,.T.);
#3621=EDGE_CURVE('',#2952,#2954,#1039,.T.);
#3622=EDGE_CURVE('',#2955,#2956,#1040,.T.);
#3623=EDGE_CURVE('',#2957,#2955,#1041,.T.);
#3624=EDGE_CURVE('',#2958,#2957,#1042,.T.);
#3625=EDGE_CURVE('',#2956,#2958,#1043,.T.);
#3626=EDGE_CURVE('',#2959,#2960,#1044,.T.);
#3627=EDGE_CURVE('',#2961,#2959,#1045,.T.);
#3628=EDGE_CURVE('',#2962,#2961,#1046,.T.);
#3629=EDGE_CURVE('',#2960,#2962,#1047,.T.);
#3630=EDGE_CURVE('',#2963,#2964,#1048,.T.);
#3631=EDGE_CURVE('',#2965,#2963,#1049,.T.);
#3632=EDGE_CURVE('',#2966,#2965,#1050,.T.);
#3633=EDGE_CURVE('',#2964,#2966,#1051,.T.);
#3634=EDGE_CURVE('',#2967,#2968,#1052,.T.);
#3635=EDGE_CURVE('',#2969,#2967,#1053,.T.);
#3636=EDGE_CURVE('',#2970,#2969,#1054,.T.);
#3637=EDGE_CURVE('',#2968,#2970,#1055,.T.);
#3638=EDGE_CURVE('',#2971,#2972,#1056,.T.);
#3639=EDGE_CURVE('',#2973,#2971,#1057,.T.);
#3640=EDGE_CURVE('',#2974,#2973,#1058,.T.);
#3641=EDGE_CURVE('',#2972,#2974,#1059,.T.);
#3642=EDGE_CURVE('',#2975,#2976,#1060,.T.);
#3643=EDGE_CURVE('',#2977,#2975,#1061,.T.);
#3644=EDGE_CURVE('',#2978,#2977,#1062,.T.);
#3645=EDGE_CURVE('',#2976,#2978,#1063,.T.);
#3646=EDGE_CURVE('',#2979,#2980,#1064,.T.);
#3647=EDGE_CURVE('',#2981,#2979,#1065,.T.);
#3648=EDGE_CURVE('',#2982,#2981,#1066,.T.);
#3649=EDGE_CURVE('',#2980,#2982,#1067,.T.);
#3650=EDGE_CURVE('',#2983,#2984,#1068,.T.);
#3651=EDGE_CURVE('',#2985,#2983,#1069,.T.);
#3652=EDGE_CURVE('',#2986,#2985,#1070,.T.);
#3653=EDGE_CURVE('',#2984,#2986,#1071,.T.);
#3654=EDGE_CURVE('',#2987,#2988,#1072,.T.);
#3655=EDGE_CURVE('',#2989,#2987,#1073,.T.);
#3656=EDGE_CURVE('',#2990,#2989,#1074,.T.);
#3657=EDGE_CURVE('',#2988,#2990,#1075,.T.);
#3658=EDGE_CURVE('',#2991,#2992,#1076,.T.);
#3659=EDGE_CURVE('',#2993,#2991,#1077,.T.);
#3660=EDGE_CURVE('',#2994,#2993,#1078,.T.);
#3661=EDGE_CURVE('',#2992,#2994,#1079,.T.);
#3662=EDGE_CURVE('',#2995,#2996,#1080,.T.);
#3663=EDGE_CURVE('',#2997,#2995,#1081,.T.);
#3664=EDGE_CURVE('',#2998,#2997,#1082,.T.);
#3665=EDGE_CURVE('',#2996,#2998,#1083,.T.);
#3666=EDGE_CURVE('',#2999,#3000,#1084,.T.);
#3667=EDGE_CURVE('',#3001,#2999,#1085,.T.);
#3668=EDGE_CURVE('',#3002,#3001,#1086,.T.);
#3669=EDGE_CURVE('',#3000,#3002,#1087,.T.);
#3670=EDGE_CURVE('',#3003,#3004,#1088,.T.);
#3671=EDGE_CURVE('',#3005,#3003,#1089,.T.);
#3672=EDGE_CURVE('',#3006,#3005,#1090,.T.);
#3673=EDGE_CURVE('',#3004,#3006,#1091,.T.);
#3674=EDGE_CURVE('',#3007,#3008,#1092,.T.);
#3675=EDGE_CURVE('',#3009,#3007,#1093,.T.);
#3676=EDGE_CURVE('',#3010,#3009,#1094,.T.);
#3677=EDGE_CURVE('',#3008,#3010,#1095,.T.);
#3678=EDGE_CURVE('',#3011,#3012,#1096,.T.);
#3679=EDGE_CURVE('',#3013,#3011,#1097,.T.);
#3680=EDGE_CURVE('',#3014,#3013,#1098,.T.);
#3681=EDGE_CURVE('',#3012,#3014,#1099,.T.);
#3682=EDGE_CURVE('',#3015,#3016,#1100,.T.);
#3683=EDGE_CURVE('',#3017,#3015,#1101,.T.);
#3684=EDGE_CURVE('',#3018,#3017,#1102,.T.);
#3685=EDGE_CURVE('',#3016,#3018,#1103,.T.);
#3686=EDGE_CURVE('',#3019,#3020,#1104,.T.);
#3687=EDGE_CURVE('',#3021,#3019,#1105,.T.);
#3688=EDGE_CURVE('',#3022,#3021,#1106,.T.);
#3689=EDGE_CURVE('',#3020,#3022,#1107,.T.);
#3690=EDGE_CURVE('',#3023,#3024,#1108,.T.);
#3691=EDGE_CURVE('',#3025,#3023,#1109,.T.);
#3692=EDGE_CURVE('',#3026,#3025,#1110,.T.);
#3693=EDGE_CURVE('',#3024,#3026,#1111,.T.);
#3694=EDGE_CURVE('',#3027,#3028,#1112,.T.);
#3695=EDGE_CURVE('',#3029,#3027,#1113,.T.);
#3696=EDGE_CURVE('',#3030,#3029,#1114,.T.);
#3697=EDGE_CURVE('',#3028,#3030,#1115,.T.);
#3698=EDGE_CURVE('',#3031,#3032,#1116,.T.);
#3699=EDGE_CURVE('',#3033,#3031,#1117,.T.);
#3700=EDGE_CURVE('',#3034,#3033,#1118,.T.);
#3701=EDGE_CURVE('',#3032,#3034,#1119,.T.);
#3702=EDGE_CURVE('',#3035,#3036,#1120,.T.);
#3703=EDGE_CURVE('',#3037,#3035,#1121,.T.);
#3704=EDGE_CURVE('',#3038,#3037,#1122,.T.);
#3705=EDGE_CURVE('',#3036,#3038,#1123,.T.);
#3706=EDGE_CURVE('',#3039,#3040,#1124,.T.);
#3707=EDGE_CURVE('',#3041,#3039,#1125,.T.);
#3708=EDGE_CURVE('',#3042,#3041,#1126,.T.);
#3709=EDGE_CURVE('',#3040,#3042,#1127,.T.);
#3710=EDGE_CURVE('',#3043,#3044,#1128,.T.);
#3711=EDGE_CURVE('',#3045,#3043,#1129,.T.);
#3712=EDGE_CURVE('',#3046,#3045,#1130,.T.);
#3713=EDGE_CURVE('',#3044,#3046,#1131,.T.);
#3714=EDGE_CURVE('',#3047,#3048,#1132,.T.);
#3715=EDGE_CURVE('',#3049,#3047,#1133,.T.);
#3716=EDGE_CURVE('',#3050,#3049,#1134,.T.);
#3717=EDGE_CURVE('',#3048,#3050,#1135,.T.);
#3718=EDGE_CURVE('',#3051,#3052,#1136,.T.);
#3719=EDGE_CURVE('',#3053,#3051,#1137,.T.);
#3720=EDGE_CURVE('',#3054,#3053,#1138,.T.);
#3721=EDGE_CURVE('',#3052,#3054,#1139,.T.);
#3722=EDGE_CURVE('',#3055,#2893,#1140,.T.);
#3723=EDGE_CURVE('',#2917,#3055,#1141,.T.);
#3724=EDGE_CURVE('',#3056,#3057,#155,.T.);
#3725=EDGE_CURVE('',#3057,#2916,#1142,.T.);
#3726=EDGE_CURVE('',#2915,#3056,#1143,.T.);
#3727=EDGE_CURVE('',#2899,#3057,#1144,.T.);
#3728=EDGE_CURVE('',#3055,#3058,#156,.T.);
#3729=EDGE_CURVE('',#3058,#2918,#1145,.T.);
#3730=EDGE_CURVE('',#2901,#3059,#157,.T.);
#3731=EDGE_CURVE('',#3059,#2905,#1146,.T.);
#3732=EDGE_CURVE('',#3060,#2934,#1147,.T.);
#3733=EDGE_CURVE('',#2883,#3060,#1148,.T.);
#3734=EDGE_CURVE('',#3061,#3060,#158,.T.);
#3735=EDGE_CURVE('',#2933,#3061,#1149,.T.);
#3736=EDGE_CURVE('',#3062,#2932,#1150,.F.);
#3737=EDGE_CURVE('',#3061,#3062,#1151,.T.);
#3738=EDGE_CURVE('',#2903,#3063,#159,.T.);
#3739=EDGE_CURVE('',#3063,#2925,#1152,.T.);
#3740=EDGE_CURVE('',#3064,#2924,#1153,.T.);
#3741=EDGE_CURVE('',#2891,#3064,#1154,.F.);
#3742=EDGE_CURVE('',#2923,#3065,#1155,.T.);
#3743=EDGE_CURVE('',#3065,#3064,#160,.T.);
#3744=EDGE_CURVE('',#3066,#3059,#1156,.T.);
#3745=EDGE_CURVE('',#2906,#3066,#1157,.F.);
#3746=EDGE_CURVE('',#3067,#3066,#1158,.T.);
#3747=EDGE_CURVE('',#2907,#3067,#1159,.T.);
#3748=EDGE_CURVE('',#2931,#3068,#1160,.T.);
#3749=EDGE_CURVE('',#3062,#3068,#1161,.T.);
#3750=EDGE_CURVE('',#3069,#2914,#1162,.F.);
#3751=EDGE_CURVE('',#3056,#3069,#1163,.T.);
#3752=EDGE_CURVE('',#3070,#3058,#1164,.T.);
#3753=EDGE_CURVE('',#2919,#3070,#1165,.F.);
#3754=EDGE_CURVE('',#3071,#3070,#1166,.T.);
#3755=EDGE_CURVE('',#2920,#3071,#1167,.F.);
#3756=EDGE_CURVE('',#2913,#3072,#1168,.T.);
#3757=EDGE_CURVE('',#3069,#3072,#1169,.T.);
#3758=EDGE_CURVE('',#3073,#2926,#1170,.T.);
#3759=EDGE_CURVE('',#3074,#3073,#1171,.T.);
#3760=EDGE_CURVE('',#2927,#3074,#1172,.F.);
#3761=EDGE_CURVE('',#2922,#3075,#1173,.T.);
#3762=EDGE_CURVE('',#2921,#3076,#1174,.F.);
#3763=EDGE_CURVE('',#3075,#3076,#1175,.T.);
#3764=EDGE_CURVE('',#3065,#3075,#1176,.F.);
#3765=EDGE_CURVE('',#3073,#3063,#1177,.F.);
#3766=EDGE_CURVE('',#3068,#3077,#1178,.T.);
#3767=EDGE_CURVE('',#3077,#3078,#1179,.T.);
#3768=EDGE_CURVE('',#3078,#3079,#1180,.T.);
#3769=EDGE_CURVE('',#3079,#3074,#1181,.T.);
#3770=EDGE_CURVE('',#3076,#3071,#1182,.T.);
#3771=EDGE_CURVE('',#3072,#3080,#1183,.T.);
#3772=EDGE_CURVE('',#3080,#3081,#1184,.T.);
#3773=EDGE_CURVE('',#3081,#3082,#1185,.T.);
#3774=EDGE_CURVE('',#3082,#3083,#1186,.T.);
#3775=EDGE_CURVE('',#3083,#3084,#1187,.T.);
#3776=EDGE_CURVE('',#3084,#3067,#1188,.T.);
#3777=EDGE_CURVE('',#3085,#3086,#1189,.T.);
#3778=EDGE_CURVE('',#3086,#3087,#1190,.T.);
#3779=EDGE_CURVE('',#3087,#3088,#1191,.T.);
#3780=EDGE_CURVE('',#3088,#3085,#1192,.T.);
#3781=EDGE_CURVE('',#3089,#3090,#1193,.T.);
#3782=EDGE_CURVE('',#3090,#3091,#1194,.T.);
#3783=EDGE_CURVE('',#3091,#3092,#1195,.T.);
#3784=EDGE_CURVE('',#3092,#3089,#1196,.T.);
#3785=EDGE_CURVE('',#3093,#3094,#1197,.T.);
#3786=EDGE_CURVE('',#3094,#3095,#1198,.T.);
#3787=EDGE_CURVE('',#3095,#3096,#1199,.T.);
#3788=EDGE_CURVE('',#3096,#3093,#1200,.T.);
#3789=EDGE_CURVE('',#3097,#3098,#1201,.T.);
#3790=EDGE_CURVE('',#3098,#3099,#1202,.T.);
#3791=EDGE_CURVE('',#3099,#3100,#1203,.T.);
#3792=EDGE_CURVE('',#3100,#3097,#1204,.T.);
#3793=EDGE_CURVE('',#3101,#3102,#1205,.T.);
#3794=EDGE_CURVE('',#3102,#3103,#1206,.T.);
#3795=EDGE_CURVE('',#3103,#3104,#1207,.T.);
#3796=EDGE_CURVE('',#3104,#3101,#1208,.T.);
#3797=EDGE_CURVE('',#3105,#3106,#1209,.T.);
#3798=EDGE_CURVE('',#3106,#3107,#1210,.T.);
#3799=EDGE_CURVE('',#3107,#3108,#1211,.T.);
#3800=EDGE_CURVE('',#3108,#3105,#1212,.T.);
#3801=EDGE_CURVE('',#3109,#3110,#1213,.T.);
#3802=EDGE_CURVE('',#3110,#3111,#1214,.T.);
#3803=EDGE_CURVE('',#3111,#3112,#1215,.T.);
#3804=EDGE_CURVE('',#3112,#3109,#1216,.T.);
#3805=EDGE_CURVE('',#3113,#3114,#1217,.T.);
#3806=EDGE_CURVE('',#3114,#3115,#1218,.T.);
#3807=EDGE_CURVE('',#3115,#3116,#1219,.T.);
#3808=EDGE_CURVE('',#3116,#3113,#1220,.T.);
#3809=EDGE_CURVE('',#3117,#3118,#1221,.T.);
#3810=EDGE_CURVE('',#3118,#3119,#1222,.T.);
#3811=EDGE_CURVE('',#3119,#3120,#1223,.T.);
#3812=EDGE_CURVE('',#3120,#3117,#1224,.T.);
#3813=EDGE_CURVE('',#3121,#3122,#1225,.T.);
#3814=EDGE_CURVE('',#3122,#3123,#1226,.T.);
#3815=EDGE_CURVE('',#3123,#3124,#1227,.T.);
#3816=EDGE_CURVE('',#3124,#3121,#1228,.T.);
#3817=EDGE_CURVE('',#3125,#3126,#1229,.T.);
#3818=EDGE_CURVE('',#3126,#3127,#1230,.T.);
#3819=EDGE_CURVE('',#3127,#3128,#1231,.T.);
#3820=EDGE_CURVE('',#3128,#3125,#1232,.T.);
#3821=EDGE_CURVE('',#3129,#3130,#1233,.T.);
#3822=EDGE_CURVE('',#3130,#3131,#1234,.T.);
#3823=EDGE_CURVE('',#3131,#3132,#1235,.T.);
#3824=EDGE_CURVE('',#3132,#3129,#1236,.T.);
#3825=EDGE_CURVE('',#3133,#3134,#1237,.T.);
#3826=EDGE_CURVE('',#3134,#3135,#1238,.T.);
#3827=EDGE_CURVE('',#3135,#3136,#1239,.T.);
#3828=EDGE_CURVE('',#3136,#3133,#1240,.T.);
#3829=EDGE_CURVE('',#3137,#3138,#1241,.T.);
#3830=EDGE_CURVE('',#3138,#3139,#1242,.T.);
#3831=EDGE_CURVE('',#3139,#3140,#1243,.T.);
#3832=EDGE_CURVE('',#3140,#3137,#1244,.T.);
#3833=EDGE_CURVE('',#3141,#3142,#1245,.T.);
#3834=EDGE_CURVE('',#3142,#3143,#1246,.T.);
#3835=EDGE_CURVE('',#3143,#3144,#1247,.T.);
#3836=EDGE_CURVE('',#3144,#3141,#1248,.T.);
#3837=EDGE_CURVE('',#3145,#3146,#1249,.T.);
#3838=EDGE_CURVE('',#3146,#3147,#1250,.T.);
#3839=EDGE_CURVE('',#3147,#3148,#1251,.T.);
#3840=EDGE_CURVE('',#3148,#3145,#1252,.T.);
#3841=EDGE_CURVE('',#3149,#3150,#1253,.T.);
#3842=EDGE_CURVE('',#3150,#3151,#1254,.T.);
#3843=EDGE_CURVE('',#3151,#3152,#1255,.T.);
#3844=EDGE_CURVE('',#3152,#3149,#1256,.T.);
#3845=EDGE_CURVE('',#3153,#3154,#1257,.T.);
#3846=EDGE_CURVE('',#3154,#3155,#1258,.T.);
#3847=EDGE_CURVE('',#3155,#3156,#1259,.T.);
#3848=EDGE_CURVE('',#3156,#3153,#1260,.T.);
#3849=EDGE_CURVE('',#3157,#3158,#1261,.T.);
#3850=EDGE_CURVE('',#3158,#3159,#1262,.T.);
#3851=EDGE_CURVE('',#3159,#3160,#1263,.T.);
#3852=EDGE_CURVE('',#3160,#3157,#1264,.T.);
#3853=EDGE_CURVE('',#3161,#3162,#1265,.T.);
#3854=EDGE_CURVE('',#3162,#3163,#1266,.T.);
#3855=EDGE_CURVE('',#3163,#3164,#1267,.T.);
#3856=EDGE_CURVE('',#3164,#3161,#1268,.T.);
#3857=EDGE_CURVE('',#3165,#3166,#1269,.T.);
#3858=EDGE_CURVE('',#3166,#3167,#1270,.T.);
#3859=EDGE_CURVE('',#3167,#3168,#1271,.T.);
#3860=EDGE_CURVE('',#3168,#3165,#1272,.T.);
#3861=EDGE_CURVE('',#3169,#3170,#1273,.T.);
#3862=EDGE_CURVE('',#3170,#3171,#1274,.T.);
#3863=EDGE_CURVE('',#3171,#3172,#1275,.T.);
#3864=EDGE_CURVE('',#3172,#3169,#1276,.T.);
#3865=EDGE_CURVE('',#3173,#3174,#1277,.T.);
#3866=EDGE_CURVE('',#3174,#3175,#1278,.T.);
#3867=EDGE_CURVE('',#3175,#3176,#1279,.T.);
#3868=EDGE_CURVE('',#3176,#3173,#1280,.T.);
#3869=EDGE_CURVE('',#3177,#3178,#1281,.T.);
#3870=EDGE_CURVE('',#3178,#3179,#1282,.T.);
#3871=EDGE_CURVE('',#3179,#3180,#1283,.T.);
#3872=EDGE_CURVE('',#3180,#3177,#1284,.T.);
#3873=EDGE_CURVE('',#3181,#3182,#1285,.T.);
#3874=EDGE_CURVE('',#3182,#3183,#1286,.T.);
#3875=EDGE_CURVE('',#3183,#3184,#1287,.T.);
#3876=EDGE_CURVE('',#3184,#3181,#1288,.T.);
#3877=EDGE_CURVE('',#3185,#3186,#1289,.T.);
#3878=EDGE_CURVE('',#3186,#3187,#1290,.T.);
#3879=EDGE_CURVE('',#3187,#3188,#1291,.T.);
#3880=EDGE_CURVE('',#3188,#3185,#1292,.T.);
#3881=EDGE_CURVE('',#3189,#3190,#1293,.T.);
#3882=EDGE_CURVE('',#3190,#3191,#1294,.T.);
#3883=EDGE_CURVE('',#3191,#3192,#1295,.T.);
#3884=EDGE_CURVE('',#3192,#3189,#1296,.T.);
#3885=EDGE_CURVE('',#3193,#3194,#1297,.T.);
#3886=EDGE_CURVE('',#3194,#3195,#1298,.T.);
#3887=EDGE_CURVE('',#3195,#3196,#1299,.T.);
#3888=EDGE_CURVE('',#3196,#3193,#1300,.T.);
#3889=EDGE_CURVE('',#3197,#3198,#1301,.T.);
#3890=EDGE_CURVE('',#3198,#3199,#1302,.T.);
#3891=EDGE_CURVE('',#3199,#3200,#1303,.T.);
#3892=EDGE_CURVE('',#3200,#3197,#1304,.T.);
#3893=EDGE_CURVE('',#3201,#3202,#1305,.T.);
#3894=EDGE_CURVE('',#3202,#3203,#1306,.T.);
#3895=EDGE_CURVE('',#3203,#3204,#1307,.T.);
#3896=EDGE_CURVE('',#3204,#3201,#1308,.T.);
#3897=EDGE_CURVE('',#2935,#3085,#1309,.T.);
#3898=EDGE_CURVE('',#2937,#3088,#1310,.T.);
#3899=EDGE_CURVE('',#2938,#3087,#1311,.T.);
#3900=EDGE_CURVE('',#2936,#3086,#1312,.T.);
#3901=EDGE_CURVE('',#2939,#3089,#1313,.T.);
#3902=EDGE_CURVE('',#2941,#3092,#1314,.T.);
#3903=EDGE_CURVE('',#2942,#3091,#1315,.T.);
#3904=EDGE_CURVE('',#2940,#3090,#1316,.T.);
#3905=EDGE_CURVE('',#2943,#3093,#1317,.T.);
#3906=EDGE_CURVE('',#2945,#3096,#1318,.T.);
#3907=EDGE_CURVE('',#2946,#3095,#1319,.T.);
#3908=EDGE_CURVE('',#2944,#3094,#1320,.T.);
#3909=EDGE_CURVE('',#2947,#3097,#1321,.T.);
#3910=EDGE_CURVE('',#2949,#3100,#1322,.T.);
#3911=EDGE_CURVE('',#2950,#3099,#1323,.T.);
#3912=EDGE_CURVE('',#2948,#3098,#1324,.T.);
#3913=EDGE_CURVE('',#2951,#3101,#1325,.T.);
#3914=EDGE_CURVE('',#2953,#3104,#1326,.T.);
#3915=EDGE_CURVE('',#2954,#3103,#1327,.T.);
#3916=EDGE_CURVE('',#2952,#3102,#1328,.T.);
#3917=EDGE_CURVE('',#2955,#3105,#1329,.T.);
#3918=EDGE_CURVE('',#2957,#3108,#1330,.T.);
#3919=EDGE_CURVE('',#2958,#3107,#1331,.T.);
#3920=EDGE_CURVE('',#2956,#3106,#1332,.T.);
#3921=EDGE_CURVE('',#2959,#3109,#1333,.T.);
#3922=EDGE_CURVE('',#2961,#3112,#1334,.T.);
#3923=EDGE_CURVE('',#2962,#3111,#1335,.T.);
#3924=EDGE_CURVE('',#2960,#3110,#1336,.T.);
#3925=EDGE_CURVE('',#2963,#3113,#1337,.T.);
#3926=EDGE_CURVE('',#2965,#3116,#1338,.T.);
#3927=EDGE_CURVE('',#2966,#3115,#1339,.T.);
#3928=EDGE_CURVE('',#2964,#3114,#1340,.T.);
#3929=EDGE_CURVE('',#2967,#3117,#1341,.T.);
#3930=EDGE_CURVE('',#2969,#3120,#1342,.T.);
#3931=EDGE_CURVE('',#2970,#3119,#1343,.T.);
#3932=EDGE_CURVE('',#2968,#3118,#1344,.T.);
#3933=EDGE_CURVE('',#2971,#3121,#1345,.T.);
#3934=EDGE_CURVE('',#2973,#3124,#1346,.T.);
#3935=EDGE_CURVE('',#2974,#3123,#1347,.T.);
#3936=EDGE_CURVE('',#2972,#3122,#1348,.T.);
#3937=EDGE_CURVE('',#2975,#3125,#1349,.T.);
#3938=EDGE_CURVE('',#2977,#3128,#1350,.T.);
#3939=EDGE_CURVE('',#2978,#3127,#1351,.T.);
#3940=EDGE_CURVE('',#2976,#3126,#1352,.T.);
#3941=EDGE_CURVE('',#2979,#3129,#1353,.T.);
#3942=EDGE_CURVE('',#2981,#3132,#1354,.T.);
#3943=EDGE_CURVE('',#2982,#3131,#1355,.T.);
#3944=EDGE_CURVE('',#2980,#3130,#1356,.T.);
#3945=EDGE_CURVE('',#2983,#3133,#1357,.T.);
#3946=EDGE_CURVE('',#2985,#3136,#1358,.T.);
#3947=EDGE_CURVE('',#2986,#3135,#1359,.T.);
#3948=EDGE_CURVE('',#2984,#3134,#1360,.T.);
#3949=EDGE_CURVE('',#2987,#3137,#1361,.T.);
#3950=EDGE_CURVE('',#2989,#3140,#1362,.T.);
#3951=EDGE_CURVE('',#2990,#3139,#1363,.T.);
#3952=EDGE_CURVE('',#2988,#3138,#1364,.T.);
#3953=EDGE_CURVE('',#2991,#3141,#1365,.T.);
#3954=EDGE_CURVE('',#2993,#3144,#1366,.T.);
#3955=EDGE_CURVE('',#2994,#3143,#1367,.T.);
#3956=EDGE_CURVE('',#2992,#3142,#1368,.T.);
#3957=EDGE_CURVE('',#2995,#3145,#1369,.T.);
#3958=EDGE_CURVE('',#2997,#3148,#1370,.T.);
#3959=EDGE_CURVE('',#2998,#3147,#1371,.T.);
#3960=EDGE_CURVE('',#2996,#3146,#1372,.T.);
#3961=EDGE_CURVE('',#2999,#3149,#1373,.T.);
#3962=EDGE_CURVE('',#3001,#3152,#1374,.T.);
#3963=EDGE_CURVE('',#3002,#3151,#1375,.T.);
#3964=EDGE_CURVE('',#3000,#3150,#1376,.T.);
#3965=EDGE_CURVE('',#3003,#3153,#1377,.T.);
#3966=EDGE_CURVE('',#3005,#3156,#1378,.T.);
#3967=EDGE_CURVE('',#3006,#3155,#1379,.T.);
#3968=EDGE_CURVE('',#3004,#3154,#1380,.T.);
#3969=EDGE_CURVE('',#3007,#3157,#1381,.T.);
#3970=EDGE_CURVE('',#3009,#3160,#1382,.T.);
#3971=EDGE_CURVE('',#3010,#3159,#1383,.T.);
#3972=EDGE_CURVE('',#3008,#3158,#1384,.T.);
#3973=EDGE_CURVE('',#3011,#3161,#1385,.T.);
#3974=EDGE_CURVE('',#3013,#3164,#1386,.T.);
#3975=EDGE_CURVE('',#3014,#3163,#1387,.T.);
#3976=EDGE_CURVE('',#3012,#3162,#1388,.T.);
#3977=EDGE_CURVE('',#3015,#3165,#1389,.T.);
#3978=EDGE_CURVE('',#3017,#3168,#1390,.T.);
#3979=EDGE_CURVE('',#3018,#3167,#1391,.T.);
#3980=EDGE_CURVE('',#3016,#3166,#1392,.T.);
#3981=EDGE_CURVE('',#3019,#3169,#1393,.T.);
#3982=EDGE_CURVE('',#3021,#3172,#1394,.T.);
#3983=EDGE_CURVE('',#3022,#3171,#1395,.T.);
#3984=EDGE_CURVE('',#3020,#3170,#1396,.T.);
#3985=EDGE_CURVE('',#3023,#3173,#1397,.T.);
#3986=EDGE_CURVE('',#3025,#3176,#1398,.T.);
#3987=EDGE_CURVE('',#3026,#3175,#1399,.T.);
#3988=EDGE_CURVE('',#3024,#3174,#1400,.T.);
#3989=EDGE_CURVE('',#3027,#3177,#1401,.T.);
#3990=EDGE_CURVE('',#3029,#3180,#1402,.T.);
#3991=EDGE_CURVE('',#3030,#3179,#1403,.T.);
#3992=EDGE_CURVE('',#3028,#3178,#1404,.T.);
#3993=EDGE_CURVE('',#3031,#3181,#1405,.T.);
#3994=EDGE_CURVE('',#3033,#3184,#1406,.T.);
#3995=EDGE_CURVE('',#3034,#3183,#1407,.T.);
#3996=EDGE_CURVE('',#3032,#3182,#1408,.T.);
#3997=EDGE_CURVE('',#3035,#3185,#1409,.T.);
#3998=EDGE_CURVE('',#3037,#3188,#1410,.T.);
#3999=EDGE_CURVE('',#3038,#3187,#1411,.T.);
#4000=EDGE_CURVE('',#3036,#3186,#1412,.T.);
#4001=EDGE_CURVE('',#3039,#3189,#1413,.T.);
#4002=EDGE_CURVE('',#3041,#3192,#1414,.T.);
#4003=EDGE_CURVE('',#3042,#3191,#1415,.T.);
#4004=EDGE_CURVE('',#3040,#3190,#1416,.T.);
#4005=EDGE_CURVE('',#3043,#3193,#1417,.T.);
#4006=EDGE_CURVE('',#3045,#3196,#1418,.T.);
#4007=EDGE_CURVE('',#3046,#3195,#1419,.T.);
#4008=EDGE_CURVE('',#3044,#3194,#1420,.T.);
#4009=EDGE_CURVE('',#3047,#3197,#1421,.T.);
#4010=EDGE_CURVE('',#3049,#3200,#1422,.T.);
#4011=EDGE_CURVE('',#3050,#3199,#1423,.T.);
#4012=EDGE_CURVE('',#3048,#3198,#1424,.T.);
#4013=EDGE_CURVE('',#3051,#3201,#1425,.T.);
#4014=EDGE_CURVE('',#3053,#3204,#1426,.T.);
#4015=EDGE_CURVE('',#3054,#3203,#1427,.T.);
#4016=EDGE_CURVE('',#3052,#3202,#1428,.T.);
#4017=EDGE_CURVE('',#2929,#3078,#1429,.F.);
#4018=EDGE_CURVE('',#2930,#3077,#1430,.F.);
#4019=EDGE_CURVE('',#2908,#3084,#1431,.F.);
#4020=EDGE_CURVE('',#2909,#3083,#1432,.T.);
#4021=EDGE_CURVE('',#2910,#3082,#1433,.F.);
#4022=EDGE_CURVE('',#2911,#3081,#1434,.F.);
#4023=EDGE_CURVE('',#2912,#3080,#1435,.F.);
#4024=EDGE_CURVE('',#2928,#3079,#1436,.T.);
#4025=EDGE_CURVE('',#3205,#3206,#1437,.F.);
#4026=EDGE_CURVE('',#3205,#3207,#1438,.F.);
#4027=EDGE_CURVE('',#3208,#3207,#1439,.F.);
#4028=EDGE_CURVE('',#3206,#3208,#1440,.T.);
#4029=EDGE_CURVE('',#3209,#3205,#1441,.T.);
#4030=EDGE_CURVE('',#3210,#3209,#1442,.T.);
#4031=EDGE_CURVE('',#3207,#3210,#1443,.T.);
#4032=EDGE_CURVE('',#3206,#3211,#1444,.T.);
#4033=EDGE_CURVE('',#3212,#3208,#1445,.T.);
#4034=EDGE_CURVE('',#3211,#3212,#1446,.T.);
#4035=EDGE_CURVE('',#3213,#3214,#1447,.F.);
#4036=EDGE_CURVE('',#3213,#3215,#1448,.F.);
#4037=EDGE_CURVE('',#3216,#3215,#1449,.F.);
#4038=EDGE_CURVE('',#3214,#3216,#1450,.T.);
#4039=EDGE_CURVE('',#3217,#3213,#1451,.T.);
#4040=EDGE_CURVE('',#3218,#3217,#1452,.T.);
#4041=EDGE_CURVE('',#3215,#3218,#1453,.T.);
#4042=EDGE_CURVE('',#3214,#3219,#1454,.T.);
#4043=EDGE_CURVE('',#3220,#3216,#1455,.T.);
#4044=EDGE_CURVE('',#3219,#3220,#1456,.T.);
#4045=EDGE_CURVE('',#3221,#3222,#1457,.F.);
#4046=EDGE_CURVE('',#3221,#3223,#1458,.F.);
#4047=EDGE_CURVE('',#3224,#3223,#1459,.F.);
#4048=EDGE_CURVE('',#3222,#3224,#1460,.T.);
#4049=EDGE_CURVE('',#3225,#3221,#1461,.T.);
#4050=EDGE_CURVE('',#3226,#3225,#1462,.T.);
#4051=EDGE_CURVE('',#3223,#3226,#1463,.T.);
#4052=EDGE_CURVE('',#3222,#3227,#1464,.T.);
#4053=EDGE_CURVE('',#3228,#3224,#1465,.T.);
#4054=EDGE_CURVE('',#3227,#3228,#1466,.T.);
#4055=EDGE_CURVE('',#3229,#3209,#1467,.T.);
#4056=EDGE_CURVE('',#3230,#3229,#1468,.T.);
#4057=EDGE_CURVE('',#3210,#3230,#1469,.T.);
#4058=EDGE_CURVE('',#3231,#3217,#1470,.F.);
#4059=EDGE_CURVE('',#3232,#3231,#1471,.T.);
#4060=EDGE_CURVE('',#3218,#3232,#1472,.T.);
#4061=EDGE_CURVE('',#3233,#3230,#161,.T.);
#4062=EDGE_CURVE('',#3233,#3234,#1473,.T.);
#4063=EDGE_CURVE('',#3235,#3234,#1474,.F.);
#4064=EDGE_CURVE('',#3236,#3235,#1475,.F.);
#4065=EDGE_CURVE('',#3237,#3236,#1476,.F.);
#4066=EDGE_CURVE('',#3238,#3237,#1477,.F.);
#4067=EDGE_CURVE('',#3239,#3238,#1478,.F.);
#4068=EDGE_CURVE('',#3240,#3239,#1479,.F.);
#4069=EDGE_CURVE('',#3241,#3240,#1480,.F.);
#4070=EDGE_CURVE('',#3242,#3241,#1481,.F.);
#4071=EDGE_CURVE('',#3242,#3243,#1482,.T.);
#4072=EDGE_CURVE('',#3244,#3243,#162,.T.);
#4073=EDGE_CURVE('',#3244,#3228,#1483,.T.);
#4074=EDGE_CURVE('',#3226,#3245,#1484,.T.);
#4075=EDGE_CURVE('',#3246,#3245,#163,.T.);
#4076=EDGE_CURVE('',#3246,#3247,#1485,.T.);
#4077=EDGE_CURVE('',#3248,#3247,#1486,.F.);
#4078=EDGE_CURVE('',#3249,#3248,#1487,.F.);
#4079=EDGE_CURVE('',#3250,#3249,#1488,.F.);
#4080=EDGE_CURVE('',#3250,#3251,#1489,.T.);
#4081=EDGE_CURVE('',#3252,#3251,#164,.T.);
#4082=EDGE_CURVE('',#3252,#3220,#1490,.T.);
#4083=EDGE_CURVE('',#3253,#3232,#165,.T.);
#4084=EDGE_CURVE('',#3253,#3254,#1491,.T.);
#4085=EDGE_CURVE('',#3255,#3254,#1492,.F.);
#4086=EDGE_CURVE('',#3256,#3255,#1493,.F.);
#4087=EDGE_CURVE('',#3257,#3256,#1494,.F.);
#4088=EDGE_CURVE('',#3258,#3257,#1495,.F.);
#4089=EDGE_CURVE('',#3259,#3258,#1496,.F.);
#4090=EDGE_CURVE('',#3260,#3259,#1497,.F.);
#4091=EDGE_CURVE('',#3260,#3261,#1498,.T.);
#4092=EDGE_CURVE('',#3262,#3261,#166,.T.);
#4093=EDGE_CURVE('',#3262,#3212,#1499,.T.);
#4094=EDGE_CURVE('',#3263,#3264,#1500,.T.);
#4095=EDGE_CURVE('',#3265,#3263,#1501,.T.);
#4096=EDGE_CURVE('',#3266,#3265,#1502,.T.);
#4097=EDGE_CURVE('',#3264,#3266,#1503,.T.);
#4098=EDGE_CURVE('',#3267,#3268,#1504,.T.);
#4099=EDGE_CURVE('',#3269,#3267,#1505,.T.);
#4100=EDGE_CURVE('',#3270,#3269,#1506,.T.);
#4101=EDGE_CURVE('',#3268,#3270,#1507,.T.);
#4102=EDGE_CURVE('',#3271,#3272,#1508,.T.);
#4103=EDGE_CURVE('',#3273,#3271,#1509,.T.);
#4104=EDGE_CURVE('',#3274,#3273,#1510,.T.);
#4105=EDGE_CURVE('',#3272,#3274,#1511,.T.);
#4106=EDGE_CURVE('',#3275,#3276,#1512,.T.);
#4107=EDGE_CURVE('',#3277,#3275,#1513,.T.);
#4108=EDGE_CURVE('',#3278,#3277,#1514,.T.);
#4109=EDGE_CURVE('',#3276,#3278,#1515,.T.);
#4110=EDGE_CURVE('',#3279,#3280,#1516,.T.);
#4111=EDGE_CURVE('',#3281,#3279,#1517,.T.);
#4112=EDGE_CURVE('',#3282,#3281,#1518,.T.);
#4113=EDGE_CURVE('',#3280,#3282,#1519,.T.);
#4114=EDGE_CURVE('',#3283,#3284,#1520,.T.);
#4115=EDGE_CURVE('',#3285,#3283,#1521,.T.);
#4116=EDGE_CURVE('',#3286,#3285,#1522,.T.);
#4117=EDGE_CURVE('',#3284,#3286,#1523,.T.);
#4118=EDGE_CURVE('',#3287,#3288,#1524,.T.);
#4119=EDGE_CURVE('',#3289,#3287,#1525,.T.);
#4120=EDGE_CURVE('',#3290,#3289,#1526,.T.);
#4121=EDGE_CURVE('',#3288,#3290,#1527,.T.);
#4122=EDGE_CURVE('',#3291,#3292,#1528,.T.);
#4123=EDGE_CURVE('',#3293,#3291,#1529,.T.);
#4124=EDGE_CURVE('',#3294,#3293,#1530,.T.);
#4125=EDGE_CURVE('',#3292,#3294,#1531,.T.);
#4126=EDGE_CURVE('',#3295,#3296,#1532,.T.);
#4127=EDGE_CURVE('',#3297,#3295,#1533,.T.);
#4128=EDGE_CURVE('',#3298,#3297,#1534,.T.);
#4129=EDGE_CURVE('',#3296,#3298,#1535,.T.);
#4130=EDGE_CURVE('',#3299,#3300,#1536,.T.);
#4131=EDGE_CURVE('',#3301,#3299,#1537,.T.);
#4132=EDGE_CURVE('',#3302,#3301,#1538,.T.);
#4133=EDGE_CURVE('',#3300,#3302,#1539,.T.);
#4134=EDGE_CURVE('',#3303,#3304,#1540,.T.);
#4135=EDGE_CURVE('',#3305,#3303,#1541,.T.);
#4136=EDGE_CURVE('',#3306,#3305,#1542,.T.);
#4137=EDGE_CURVE('',#3304,#3306,#1543,.T.);
#4138=EDGE_CURVE('',#3307,#3308,#1544,.T.);
#4139=EDGE_CURVE('',#3309,#3307,#1545,.T.);
#4140=EDGE_CURVE('',#3310,#3309,#1546,.T.);
#4141=EDGE_CURVE('',#3308,#3310,#1547,.T.);
#4142=EDGE_CURVE('',#3311,#3312,#1548,.T.);
#4143=EDGE_CURVE('',#3313,#3311,#1549,.T.);
#4144=EDGE_CURVE('',#3314,#3313,#1550,.T.);
#4145=EDGE_CURVE('',#3312,#3314,#1551,.T.);
#4146=EDGE_CURVE('',#3315,#3316,#1552,.T.);
#4147=EDGE_CURVE('',#3317,#3315,#1553,.T.);
#4148=EDGE_CURVE('',#3318,#3317,#1554,.T.);
#4149=EDGE_CURVE('',#3316,#3318,#1555,.T.);
#4150=EDGE_CURVE('',#3319,#3320,#1556,.T.);
#4151=EDGE_CURVE('',#3321,#3319,#1557,.T.);
#4152=EDGE_CURVE('',#3322,#3321,#1558,.T.);
#4153=EDGE_CURVE('',#3320,#3322,#1559,.T.);
#4154=EDGE_CURVE('',#3323,#3324,#1560,.T.);
#4155=EDGE_CURVE('',#3325,#3323,#1561,.T.);
#4156=EDGE_CURVE('',#3326,#3325,#1562,.T.);
#4157=EDGE_CURVE('',#3324,#3326,#1563,.T.);
#4158=EDGE_CURVE('',#3327,#3328,#1564,.T.);
#4159=EDGE_CURVE('',#3329,#3327,#1565,.T.);
#4160=EDGE_CURVE('',#3330,#3329,#1566,.T.);
#4161=EDGE_CURVE('',#3328,#3330,#1567,.T.);
#4162=EDGE_CURVE('',#3331,#3332,#1568,.T.);
#4163=EDGE_CURVE('',#3333,#3331,#1569,.T.);
#4164=EDGE_CURVE('',#3334,#3333,#1570,.T.);
#4165=EDGE_CURVE('',#3332,#3334,#1571,.T.);
#4166=EDGE_CURVE('',#3335,#3336,#1572,.T.);
#4167=EDGE_CURVE('',#3337,#3335,#1573,.T.);
#4168=EDGE_CURVE('',#3338,#3337,#1574,.T.);
#4169=EDGE_CURVE('',#3336,#3338,#1575,.T.);
#4170=EDGE_CURVE('',#3339,#3340,#1576,.T.);
#4171=EDGE_CURVE('',#3341,#3339,#1577,.T.);
#4172=EDGE_CURVE('',#3342,#3341,#1578,.T.);
#4173=EDGE_CURVE('',#3340,#3342,#1579,.T.);
#4174=EDGE_CURVE('',#3343,#3344,#1580,.T.);
#4175=EDGE_CURVE('',#3345,#3343,#1581,.T.);
#4176=EDGE_CURVE('',#3346,#3345,#1582,.T.);
#4177=EDGE_CURVE('',#3344,#3346,#1583,.T.);
#4178=EDGE_CURVE('',#3347,#3348,#1584,.T.);
#4179=EDGE_CURVE('',#3349,#3347,#1585,.T.);
#4180=EDGE_CURVE('',#3350,#3349,#1586,.T.);
#4181=EDGE_CURVE('',#3348,#3350,#1587,.T.);
#4182=EDGE_CURVE('',#3351,#3352,#1588,.T.);
#4183=EDGE_CURVE('',#3353,#3351,#1589,.T.);
#4184=EDGE_CURVE('',#3354,#3353,#1590,.T.);
#4185=EDGE_CURVE('',#3352,#3354,#1591,.T.);
#4186=EDGE_CURVE('',#3355,#3356,#1592,.T.);
#4187=EDGE_CURVE('',#3357,#3355,#1593,.T.);
#4188=EDGE_CURVE('',#3358,#3357,#1594,.T.);
#4189=EDGE_CURVE('',#3356,#3358,#1595,.T.);
#4190=EDGE_CURVE('',#3359,#3360,#1596,.T.);
#4191=EDGE_CURVE('',#3361,#3359,#1597,.T.);
#4192=EDGE_CURVE('',#3362,#3361,#1598,.T.);
#4193=EDGE_CURVE('',#3360,#3362,#1599,.T.);
#4194=EDGE_CURVE('',#3363,#3364,#1600,.T.);
#4195=EDGE_CURVE('',#3365,#3363,#1601,.T.);
#4196=EDGE_CURVE('',#3366,#3365,#1602,.T.);
#4197=EDGE_CURVE('',#3364,#3366,#1603,.T.);
#4198=EDGE_CURVE('',#3367,#3368,#1604,.T.);
#4199=EDGE_CURVE('',#3369,#3367,#1605,.T.);
#4200=EDGE_CURVE('',#3370,#3369,#1606,.T.);
#4201=EDGE_CURVE('',#3368,#3370,#1607,.T.);
#4202=EDGE_CURVE('',#3371,#3372,#1608,.T.);
#4203=EDGE_CURVE('',#3373,#3371,#1609,.T.);
#4204=EDGE_CURVE('',#3374,#3373,#1610,.T.);
#4205=EDGE_CURVE('',#3372,#3374,#1611,.T.);
#4206=EDGE_CURVE('',#3375,#3376,#1612,.T.);
#4207=EDGE_CURVE('',#3377,#3375,#1613,.T.);
#4208=EDGE_CURVE('',#3378,#3377,#1614,.T.);
#4209=EDGE_CURVE('',#3376,#3378,#1615,.T.);
#4210=EDGE_CURVE('',#3379,#3380,#1616,.T.);
#4211=EDGE_CURVE('',#3381,#3379,#1617,.T.);
#4212=EDGE_CURVE('',#3382,#3381,#1618,.T.);
#4213=EDGE_CURVE('',#3380,#3382,#1619,.T.);
#4214=EDGE_CURVE('',#3383,#3225,#1620,.T.);
#4215=EDGE_CURVE('',#3245,#3383,#1621,.T.);
#4216=EDGE_CURVE('',#3384,#3385,#167,.T.);
#4217=EDGE_CURVE('',#3385,#3262,#1622,.T.);
#4218=EDGE_CURVE('',#3261,#3384,#1623,.T.);
#4219=EDGE_CURVE('',#3211,#3385,#1624,.T.);
#4220=EDGE_CURVE('',#3229,#3386,#168,.T.);
#4221=EDGE_CURVE('',#3386,#3233,#1625,.T.);
#4222=EDGE_CURVE('',#3231,#3387,#169,.T.);
#4223=EDGE_CURVE('',#3387,#3253,#1626,.T.);
#4224=EDGE_CURVE('',#3388,#3252,#1627,.T.);
#4225=EDGE_CURVE('',#3219,#3388,#1628,.F.);
#4226=EDGE_CURVE('',#3251,#3389,#1629,.T.);
#4227=EDGE_CURVE('',#3389,#3388,#170,.T.);
#4228=EDGE_CURVE('',#3250,#3390,#1630,.T.);
#4229=EDGE_CURVE('',#3389,#3390,#1631,.F.);
#4230=EDGE_CURVE('',#3383,#3391,#171,.T.);
#4231=EDGE_CURVE('',#3391,#3246,#1632,.T.);
#4232=EDGE_CURVE('',#3392,#3244,#1633,.T.);
#4233=EDGE_CURVE('',#3227,#3392,#1634,.T.);
#4234=EDGE_CURVE('',#3393,#3392,#172,.T.);
#4235=EDGE_CURVE('',#3243,#3393,#1635,.T.);
#4236=EDGE_CURVE('',#3394,#3386,#1636,.T.);
#4237=EDGE_CURVE('',#3234,#3394,#1637,.F.);
#4238=EDGE_CURVE('',#3395,#3260,#1638,.F.);
#4239=EDGE_CURVE('',#3384,#3395,#1639,.T.);
#4240=EDGE_CURVE('',#3396,#3394,#1640,.T.);
#4241=EDGE_CURVE('',#3235,#3396,#1641,.T.);
#4242=EDGE_CURVE('',#3259,#3397,#1642,.T.);
#4243=EDGE_CURVE('',#3395,#3397,#1643,.T.);
#4244=EDGE_CURVE('',#3398,#3242,#1644,.F.);
#4245=EDGE_CURVE('',#3393,#3398,#1645,.T.);
#4246=EDGE_CURVE('',#3399,#3391,#1646,.T.);
#4247=EDGE_CURVE('',#3247,#3399,#1647,.F.);
#4248=EDGE_CURVE('',#3400,#3399,#1648,.T.);
#4249=EDGE_CURVE('',#3248,#3400,#1649,.F.);
#4250=EDGE_CURVE('',#3241,#3401,#1650,.F.);
#4251=EDGE_CURVE('',#3398,#3401,#1651,.T.);
#4252=EDGE_CURVE('',#3402,#3254,#1652,.T.);
#4253=EDGE_CURVE('',#3403,#3402,#1653,.T.);
#4254=EDGE_CURVE('',#3255,#3403,#1654,.F.);
#4255=EDGE_CURVE('',#3249,#3404,#1655,.F.);
#4256=EDGE_CURVE('',#3390,#3404,#1656,.T.);
#4257=EDGE_CURVE('',#3402,#3387,#1657,.F.);
#4258=EDGE_CURVE('',#3397,#3405,#1658,.T.);
#4259=EDGE_CURVE('',#3405,#3406,#1659,.T.);
#4260=EDGE_CURVE('',#3406,#3407,#1660,.T.);
#4261=EDGE_CURVE('',#3407,#3403,#1661,.T.);
#4262=EDGE_CURVE('',#3404,#3400,#1662,.T.);
#4263=EDGE_CURVE('',#3401,#3408,#1663,.T.);
#4264=EDGE_CURVE('',#3408,#3409,#1664,.T.);
#4265=EDGE_CURVE('',#3409,#3410,#1665,.T.);
#4266=EDGE_CURVE('',#3410,#3411,#1666,.T.);
#4267=EDGE_CURVE('',#3411,#3412,#1667,.T.);
#4268=EDGE_CURVE('',#3412,#3396,#1668,.T.);
#4269=EDGE_CURVE('',#3413,#3414,#1669,.T.);
#4270=EDGE_CURVE('',#3414,#3415,#1670,.T.);
#4271=EDGE_CURVE('',#3415,#3416,#1671,.T.);
#4272=EDGE_CURVE('',#3416,#3413,#1672,.T.);
#4273=EDGE_CURVE('',#3417,#3418,#1673,.T.);
#4274=EDGE_CURVE('',#3418,#3419,#1674,.T.);
#4275=EDGE_CURVE('',#3419,#3420,#1675,.T.);
#4276=EDGE_CURVE('',#3420,#3417,#1676,.T.);
#4277=EDGE_CURVE('',#3421,#3422,#1677,.T.);
#4278=EDGE_CURVE('',#3422,#3423,#1678,.T.);
#4279=EDGE_CURVE('',#3423,#3424,#1679,.T.);
#4280=EDGE_CURVE('',#3424,#3421,#1680,.T.);
#4281=EDGE_CURVE('',#3425,#3426,#1681,.T.);
#4282=EDGE_CURVE('',#3426,#3427,#1682,.T.);
#4283=EDGE_CURVE('',#3427,#3428,#1683,.T.);
#4284=EDGE_CURVE('',#3428,#3425,#1684,.T.);
#4285=EDGE_CURVE('',#3429,#3430,#1685,.T.);
#4286=EDGE_CURVE('',#3430,#3431,#1686,.T.);
#4287=EDGE_CURVE('',#3431,#3432,#1687,.T.);
#4288=EDGE_CURVE('',#3432,#3429,#1688,.T.);
#4289=EDGE_CURVE('',#3433,#3434,#1689,.T.);
#4290=EDGE_CURVE('',#3434,#3435,#1690,.T.);
#4291=EDGE_CURVE('',#3435,#3436,#1691,.T.);
#4292=EDGE_CURVE('',#3436,#3433,#1692,.T.);
#4293=EDGE_CURVE('',#3437,#3438,#1693,.T.);
#4294=EDGE_CURVE('',#3438,#3439,#1694,.T.);
#4295=EDGE_CURVE('',#3439,#3440,#1695,.T.);
#4296=EDGE_CURVE('',#3440,#3437,#1696,.T.);
#4297=EDGE_CURVE('',#3441,#3442,#1697,.T.);
#4298=EDGE_CURVE('',#3442,#3443,#1698,.T.);
#4299=EDGE_CURVE('',#3443,#3444,#1699,.T.);
#4300=EDGE_CURVE('',#3444,#3441,#1700,.T.);
#4301=EDGE_CURVE('',#3445,#3446,#1701,.T.);
#4302=EDGE_CURVE('',#3446,#3447,#1702,.T.);
#4303=EDGE_CURVE('',#3447,#3448,#1703,.T.);
#4304=EDGE_CURVE('',#3448,#3445,#1704,.T.);
#4305=EDGE_CURVE('',#3449,#3450,#1705,.T.);
#4306=EDGE_CURVE('',#3450,#3451,#1706,.T.);
#4307=EDGE_CURVE('',#3451,#3452,#1707,.T.);
#4308=EDGE_CURVE('',#3452,#3449,#1708,.T.);
#4309=EDGE_CURVE('',#3453,#3454,#1709,.T.);
#4310=EDGE_CURVE('',#3454,#3455,#1710,.T.);
#4311=EDGE_CURVE('',#3455,#3456,#1711,.T.);
#4312=EDGE_CURVE('',#3456,#3453,#1712,.T.);
#4313=EDGE_CURVE('',#3457,#3458,#1713,.T.);
#4314=EDGE_CURVE('',#3458,#3459,#1714,.T.);
#4315=EDGE_CURVE('',#3459,#3460,#1715,.T.);
#4316=EDGE_CURVE('',#3460,#3457,#1716,.T.);
#4317=EDGE_CURVE('',#3461,#3462,#1717,.T.);
#4318=EDGE_CURVE('',#3462,#3463,#1718,.T.);
#4319=EDGE_CURVE('',#3463,#3464,#1719,.T.);
#4320=EDGE_CURVE('',#3464,#3461,#1720,.T.);
#4321=EDGE_CURVE('',#3465,#3466,#1721,.T.);
#4322=EDGE_CURVE('',#3466,#3467,#1722,.T.);
#4323=EDGE_CURVE('',#3467,#3468,#1723,.T.);
#4324=EDGE_CURVE('',#3468,#3465,#1724,.T.);
#4325=EDGE_CURVE('',#3469,#3470,#1725,.T.);
#4326=EDGE_CURVE('',#3470,#3471,#1726,.T.);
#4327=EDGE_CURVE('',#3471,#3472,#1727,.T.);
#4328=EDGE_CURVE('',#3472,#3469,#1728,.T.);
#4329=EDGE_CURVE('',#3473,#3474,#1729,.T.);
#4330=EDGE_CURVE('',#3474,#3475,#1730,.T.);
#4331=EDGE_CURVE('',#3475,#3476,#1731,.T.);
#4332=EDGE_CURVE('',#3476,#3473,#1732,.T.);
#4333=EDGE_CURVE('',#3477,#3478,#1733,.T.);
#4334=EDGE_CURVE('',#3478,#3479,#1734,.T.);
#4335=EDGE_CURVE('',#3479,#3480,#1735,.T.);
#4336=EDGE_CURVE('',#3480,#3477,#1736,.T.);
#4337=EDGE_CURVE('',#3481,#3482,#1737,.T.);
#4338=EDGE_CURVE('',#3482,#3483,#1738,.T.);
#4339=EDGE_CURVE('',#3483,#3484,#1739,.T.);
#4340=EDGE_CURVE('',#3484,#3481,#1740,.T.);
#4341=EDGE_CURVE('',#3485,#3486,#1741,.T.);
#4342=EDGE_CURVE('',#3486,#3487,#1742,.T.);
#4343=EDGE_CURVE('',#3487,#3488,#1743,.T.);
#4344=EDGE_CURVE('',#3488,#3485,#1744,.T.);
#4345=EDGE_CURVE('',#3489,#3490,#1745,.T.);
#4346=EDGE_CURVE('',#3490,#3491,#1746,.T.);
#4347=EDGE_CURVE('',#3491,#3492,#1747,.T.);
#4348=EDGE_CURVE('',#3492,#3489,#1748,.T.);
#4349=EDGE_CURVE('',#3493,#3494,#1749,.T.);
#4350=EDGE_CURVE('',#3494,#3495,#1750,.T.);
#4351=EDGE_CURVE('',#3495,#3496,#1751,.T.);
#4352=EDGE_CURVE('',#3496,#3493,#1752,.T.);
#4353=EDGE_CURVE('',#3497,#3498,#1753,.T.);
#4354=EDGE_CURVE('',#3498,#3499,#1754,.T.);
#4355=EDGE_CURVE('',#3499,#3500,#1755,.T.);
#4356=EDGE_CURVE('',#3500,#3497,#1756,.T.);
#4357=EDGE_CURVE('',#3501,#3502,#1757,.T.);
#4358=EDGE_CURVE('',#3502,#3503,#1758,.T.);
#4359=EDGE_CURVE('',#3503,#3504,#1759,.T.);
#4360=EDGE_CURVE('',#3504,#3501,#1760,.T.);
#4361=EDGE_CURVE('',#3505,#3506,#1761,.T.);
#4362=EDGE_CURVE('',#3506,#3507,#1762,.T.);
#4363=EDGE_CURVE('',#3507,#3508,#1763,.T.);
#4364=EDGE_CURVE('',#3508,#3505,#1764,.T.);
#4365=EDGE_CURVE('',#3509,#3510,#1765,.T.);
#4366=EDGE_CURVE('',#3510,#3511,#1766,.T.);
#4367=EDGE_CURVE('',#3511,#3512,#1767,.T.);
#4368=EDGE_CURVE('',#3512,#3509,#1768,.T.);
#4369=EDGE_CURVE('',#3513,#3514,#1769,.T.);
#4370=EDGE_CURVE('',#3514,#3515,#1770,.T.);
#4371=EDGE_CURVE('',#3515,#3516,#1771,.T.);
#4372=EDGE_CURVE('',#3516,#3513,#1772,.T.);
#4373=EDGE_CURVE('',#3517,#3518,#1773,.T.);
#4374=EDGE_CURVE('',#3518,#3519,#1774,.T.);
#4375=EDGE_CURVE('',#3519,#3520,#1775,.T.);
#4376=EDGE_CURVE('',#3520,#3517,#1776,.T.);
#4377=EDGE_CURVE('',#3521,#3522,#1777,.T.);
#4378=EDGE_CURVE('',#3522,#3523,#1778,.T.);
#4379=EDGE_CURVE('',#3523,#3524,#1779,.T.);
#4380=EDGE_CURVE('',#3524,#3521,#1780,.T.);
#4381=EDGE_CURVE('',#3525,#3526,#1781,.T.);
#4382=EDGE_CURVE('',#3526,#3527,#1782,.T.);
#4383=EDGE_CURVE('',#3527,#3528,#1783,.T.);
#4384=EDGE_CURVE('',#3528,#3525,#1784,.T.);
#4385=EDGE_CURVE('',#3529,#3530,#1785,.T.);
#4386=EDGE_CURVE('',#3530,#3531,#1786,.T.);
#4387=EDGE_CURVE('',#3531,#3532,#1787,.T.);
#4388=EDGE_CURVE('',#3532,#3529,#1788,.T.);
#4389=EDGE_CURVE('',#3263,#3413,#1789,.T.);
#4390=EDGE_CURVE('',#3265,#3416,#1790,.T.);
#4391=EDGE_CURVE('',#3266,#3415,#1791,.T.);
#4392=EDGE_CURVE('',#3264,#3414,#1792,.T.);
#4393=EDGE_CURVE('',#3267,#3417,#1793,.T.);
#4394=EDGE_CURVE('',#3269,#3420,#1794,.T.);
#4395=EDGE_CURVE('',#3270,#3419,#1795,.T.);
#4396=EDGE_CURVE('',#3268,#3418,#1796,.T.);
#4397=EDGE_CURVE('',#3271,#3421,#1797,.T.);
#4398=EDGE_CURVE('',#3273,#3424,#1798,.T.);
#4399=EDGE_CURVE('',#3274,#3423,#1799,.T.);
#4400=EDGE_CURVE('',#3272,#3422,#1800,.T.);
#4401=EDGE_CURVE('',#3275,#3425,#1801,.T.);
#4402=EDGE_CURVE('',#3277,#3428,#1802,.T.);
#4403=EDGE_CURVE('',#3278,#3427,#1803,.T.);
#4404=EDGE_CURVE('',#3276,#3426,#1804,.T.);
#4405=EDGE_CURVE('',#3279,#3429,#1805,.T.);
#4406=EDGE_CURVE('',#3281,#3432,#1806,.T.);
#4407=EDGE_CURVE('',#3282,#3431,#1807,.T.);
#4408=EDGE_CURVE('',#3280,#3430,#1808,.T.);
#4409=EDGE_CURVE('',#3283,#3433,#1809,.T.);
#4410=EDGE_CURVE('',#3285,#3436,#1810,.T.);
#4411=EDGE_CURVE('',#3286,#3435,#1811,.T.);
#4412=EDGE_CURVE('',#3284,#3434,#1812,.T.);
#4413=EDGE_CURVE('',#3287,#3437,#1813,.T.);
#4414=EDGE_CURVE('',#3289,#3440,#1814,.T.);
#4415=EDGE_CURVE('',#3290,#3439,#1815,.T.);
#4416=EDGE_CURVE('',#3288,#3438,#1816,.T.);
#4417=EDGE_CURVE('',#3291,#3441,#1817,.T.);
#4418=EDGE_CURVE('',#3293,#3444,#1818,.T.);
#4419=EDGE_CURVE('',#3294,#3443,#1819,.T.);
#4420=EDGE_CURVE('',#3292,#3442,#1820,.T.);
#4421=EDGE_CURVE('',#3295,#3445,#1821,.T.);
#4422=EDGE_CURVE('',#3297,#3448,#1822,.T.);
#4423=EDGE_CURVE('',#3298,#3447,#1823,.T.);
#4424=EDGE_CURVE('',#3296,#3446,#1824,.T.);
#4425=EDGE_CURVE('',#3299,#3449,#1825,.T.);
#4426=EDGE_CURVE('',#3301,#3452,#1826,.T.);
#4427=EDGE_CURVE('',#3302,#3451,#1827,.T.);
#4428=EDGE_CURVE('',#3300,#3450,#1828,.T.);
#4429=EDGE_CURVE('',#3303,#3453,#1829,.T.);
#4430=EDGE_CURVE('',#3305,#3456,#1830,.T.);
#4431=EDGE_CURVE('',#3306,#3455,#1831,.T.);
#4432=EDGE_CURVE('',#3304,#3454,#1832,.T.);
#4433=EDGE_CURVE('',#3307,#3457,#1833,.T.);
#4434=EDGE_CURVE('',#3309,#3460,#1834,.T.);
#4435=EDGE_CURVE('',#3310,#3459,#1835,.T.);
#4436=EDGE_CURVE('',#3308,#3458,#1836,.T.);
#4437=EDGE_CURVE('',#3311,#3461,#1837,.T.);
#4438=EDGE_CURVE('',#3313,#3464,#1838,.T.);
#4439=EDGE_CURVE('',#3314,#3463,#1839,.T.);
#4440=EDGE_CURVE('',#3312,#3462,#1840,.T.);
#4441=EDGE_CURVE('',#3315,#3465,#1841,.T.);
#4442=EDGE_CURVE('',#3317,#3468,#1842,.T.);
#4443=EDGE_CURVE('',#3318,#3467,#1843,.T.);
#4444=EDGE_CURVE('',#3316,#3466,#1844,.T.);
#4445=EDGE_CURVE('',#3319,#3469,#1845,.T.);
#4446=EDGE_CURVE('',#3321,#3472,#1846,.T.);
#4447=EDGE_CURVE('',#3322,#3471,#1847,.T.);
#4448=EDGE_CURVE('',#3320,#3470,#1848,.T.);
#4449=EDGE_CURVE('',#3323,#3473,#1849,.T.);
#4450=EDGE_CURVE('',#3325,#3476,#1850,.T.);
#4451=EDGE_CURVE('',#3326,#3475,#1851,.T.);
#4452=EDGE_CURVE('',#3324,#3474,#1852,.T.);
#4453=EDGE_CURVE('',#3327,#3477,#1853,.T.);
#4454=EDGE_CURVE('',#3329,#3480,#1854,.T.);
#4455=EDGE_CURVE('',#3330,#3479,#1855,.T.);
#4456=EDGE_CURVE('',#3328,#3478,#1856,.T.);
#4457=EDGE_CURVE('',#3331,#3481,#1857,.T.);
#4458=EDGE_CURVE('',#3333,#3484,#1858,.T.);
#4459=EDGE_CURVE('',#3334,#3483,#1859,.T.);
#4460=EDGE_CURVE('',#3332,#3482,#1860,.T.);
#4461=EDGE_CURVE('',#3335,#3485,#1861,.T.);
#4462=EDGE_CURVE('',#3337,#3488,#1862,.T.);
#4463=EDGE_CURVE('',#3338,#3487,#1863,.T.);
#4464=EDGE_CURVE('',#3336,#3486,#1864,.T.);
#4465=EDGE_CURVE('',#3339,#3489,#1865,.T.);
#4466=EDGE_CURVE('',#3341,#3492,#1866,.T.);
#4467=EDGE_CURVE('',#3342,#3491,#1867,.T.);
#4468=EDGE_CURVE('',#3340,#3490,#1868,.T.);
#4469=EDGE_CURVE('',#3343,#3493,#1869,.T.);
#4470=EDGE_CURVE('',#3345,#3496,#1870,.T.);
#4471=EDGE_CURVE('',#3346,#3495,#1871,.T.);
#4472=EDGE_CURVE('',#3344,#3494,#1872,.T.);
#4473=EDGE_CURVE('',#3347,#3497,#1873,.T.);
#4474=EDGE_CURVE('',#3349,#3500,#1874,.T.);
#4475=EDGE_CURVE('',#3350,#3499,#1875,.T.);
#4476=EDGE_CURVE('',#3348,#3498,#1876,.T.);
#4477=EDGE_CURVE('',#3351,#3501,#1877,.T.);
#4478=EDGE_CURVE('',#3353,#3504,#1878,.T.);
#4479=EDGE_CURVE('',#3354,#3503,#1879,.T.);
#4480=EDGE_CURVE('',#3352,#3502,#1880,.T.);
#4481=EDGE_CURVE('',#3355,#3505,#1881,.T.);
#4482=EDGE_CURVE('',#3357,#3508,#1882,.T.);
#4483=EDGE_CURVE('',#3358,#3507,#1883,.T.);
#4484=EDGE_CURVE('',#3356,#3506,#1884,.T.);
#4485=EDGE_CURVE('',#3359,#3509,#1885,.T.);
#4486=EDGE_CURVE('',#3361,#3512,#1886,.T.);
#4487=EDGE_CURVE('',#3362,#3511,#1887,.T.);
#4488=EDGE_CURVE('',#3360,#3510,#1888,.T.);
#4489=EDGE_CURVE('',#3363,#3513,#1889,.T.);
#4490=EDGE_CURVE('',#3365,#3516,#1890,.T.);
#4491=EDGE_CURVE('',#3366,#3515,#1891,.T.);
#4492=EDGE_CURVE('',#3364,#3514,#1892,.T.);
#4493=EDGE_CURVE('',#3367,#3517,#1893,.T.);
#4494=EDGE_CURVE('',#3369,#3520,#1894,.T.);
#4495=EDGE_CURVE('',#3370,#3519,#1895,.T.);
#4496=EDGE_CURVE('',#3368,#3518,#1896,.T.);
#4497=EDGE_CURVE('',#3371,#3521,#1897,.T.);
#4498=EDGE_CURVE('',#3373,#3524,#1898,.T.);
#4499=EDGE_CURVE('',#3374,#3523,#1899,.T.);
#4500=EDGE_CURVE('',#3372,#3522,#1900,.T.);
#4501=EDGE_CURVE('',#3375,#3525,#1901,.T.);
#4502=EDGE_CURVE('',#3377,#3528,#1902,.T.);
#4503=EDGE_CURVE('',#3378,#3527,#1903,.T.);
#4504=EDGE_CURVE('',#3376,#3526,#1904,.T.);
#4505=EDGE_CURVE('',#3379,#3529,#1905,.T.);
#4506=EDGE_CURVE('',#3381,#3532,#1906,.T.);
#4507=EDGE_CURVE('',#3382,#3531,#1907,.T.);
#4508=EDGE_CURVE('',#3380,#3530,#1908,.T.);
#4509=EDGE_CURVE('',#3257,#3406,#1909,.F.);
#4510=EDGE_CURVE('',#3258,#3405,#1910,.F.);
#4511=EDGE_CURVE('',#3236,#3412,#1911,.F.);
#4512=EDGE_CURVE('',#3237,#3411,#1912,.T.);
#4513=EDGE_CURVE('',#3238,#3410,#1913,.F.);
#4514=EDGE_CURVE('',#3239,#3409,#1914,.F.);
#4515=EDGE_CURVE('',#3240,#3408,#1915,.F.);
#4516=EDGE_CURVE('',#3256,#3407,#1916,.T.);
#4517=ORIENTED_EDGE('',*,*,#3533,.F.);
#4518=ORIENTED_EDGE('',*,*,#3534,.F.);
#4519=ORIENTED_EDGE('',*,*,#3535,.F.);
#4520=ORIENTED_EDGE('',*,*,#3536,.T.);
#4521=ORIENTED_EDGE('',*,*,#3537,.F.);
#4522=ORIENTED_EDGE('',*,*,#3536,.F.);
#4523=ORIENTED_EDGE('',*,*,#3538,.F.);
#4524=ORIENTED_EDGE('',*,*,#3539,.T.);
#4525=ORIENTED_EDGE('',*,*,#3540,.F.);
#4526=ORIENTED_EDGE('',*,*,#3539,.F.);
#4527=ORIENTED_EDGE('',*,*,#3541,.F.);
#4528=ORIENTED_EDGE('',*,*,#3542,.F.);
#4529=ORIENTED_EDGE('',*,*,#3543,.F.);
#4530=ORIENTED_EDGE('',*,*,#3544,.F.);
#4531=ORIENTED_EDGE('',*,*,#3545,.F.);
#4532=ORIENTED_EDGE('',*,*,#3546,.T.);
#4533=ORIENTED_EDGE('',*,*,#3547,.F.);
#4534=ORIENTED_EDGE('',*,*,#3546,.F.);
#4535=ORIENTED_EDGE('',*,*,#3548,.F.);
#4536=ORIENTED_EDGE('',*,*,#3549,.T.);
#4537=ORIENTED_EDGE('',*,*,#3550,.F.);
#4538=ORIENTED_EDGE('',*,*,#3549,.F.);
#4539=ORIENTED_EDGE('',*,*,#3551,.F.);
#4540=ORIENTED_EDGE('',*,*,#3552,.F.);
#4541=ORIENTED_EDGE('',*,*,#3553,.F.);
#4542=ORIENTED_EDGE('',*,*,#3554,.F.);
#4543=ORIENTED_EDGE('',*,*,#3555,.F.);
#4544=ORIENTED_EDGE('',*,*,#3556,.T.);
#4545=ORIENTED_EDGE('',*,*,#3557,.F.);
#4546=ORIENTED_EDGE('',*,*,#3556,.F.);
#4547=ORIENTED_EDGE('',*,*,#3558,.F.);
#4548=ORIENTED_EDGE('',*,*,#3559,.T.);
#4549=ORIENTED_EDGE('',*,*,#3560,.F.);
#4550=ORIENTED_EDGE('',*,*,#3559,.F.);
#4551=ORIENTED_EDGE('',*,*,#3561,.F.);
#4552=ORIENTED_EDGE('',*,*,#3562,.F.);
#4553=ORIENTED_EDGE('',*,*,#3534,.T.);
#4554=ORIENTED_EDGE('',*,*,#3563,.F.);
#4555=ORIENTED_EDGE('',*,*,#3564,.F.);
#4556=ORIENTED_EDGE('',*,*,#3565,.F.);
#4557=ORIENTED_EDGE('',*,*,#3544,.T.);
#4558=ORIENTED_EDGE('',*,*,#3566,.F.);
#4559=ORIENTED_EDGE('',*,*,#3567,.F.);
#4560=ORIENTED_EDGE('',*,*,#3568,.F.);
#4561=ORIENTED_EDGE('',*,*,#3541,.T.);
#4562=ORIENTED_EDGE('',*,*,#3538,.T.);
#4563=ORIENTED_EDGE('',*,*,#3535,.T.);
#4564=ORIENTED_EDGE('',*,*,#3565,.T.);
#4565=ORIENTED_EDGE('',*,*,#3569,.F.);
#4566=ORIENTED_EDGE('',*,*,#3570,.T.);
#4567=ORIENTED_EDGE('',*,*,#3571,.F.);
#4568=ORIENTED_EDGE('',*,*,#3572,.F.);
#4569=ORIENTED_EDGE('',*,*,#3573,.F.);
#4570=ORIENTED_EDGE('',*,*,#3574,.F.);
#4571=ORIENTED_EDGE('',*,*,#3575,.F.);
#4572=ORIENTED_EDGE('',*,*,#3576,.F.);
#4573=ORIENTED_EDGE('',*,*,#3577,.F.);
#4574=ORIENTED_EDGE('',*,*,#3578,.F.);
#4575=ORIENTED_EDGE('',*,*,#3579,.T.);
#4576=ORIENTED_EDGE('',*,*,#3580,.F.);
#4577=ORIENTED_EDGE('',*,*,#3581,.T.);
#4578=ORIENTED_EDGE('',*,*,#3561,.T.);
#4579=ORIENTED_EDGE('',*,*,#3558,.T.);
#4580=ORIENTED_EDGE('',*,*,#3555,.T.);
#4581=ORIENTED_EDGE('',*,*,#3582,.T.);
#4582=ORIENTED_EDGE('',*,*,#3583,.F.);
#4583=ORIENTED_EDGE('',*,*,#3584,.T.);
#4584=ORIENTED_EDGE('',*,*,#3585,.F.);
#4585=ORIENTED_EDGE('',*,*,#3586,.F.);
#4586=ORIENTED_EDGE('',*,*,#3587,.F.);
#4587=ORIENTED_EDGE('',*,*,#3588,.T.);
#4588=ORIENTED_EDGE('',*,*,#3589,.F.);
#4589=ORIENTED_EDGE('',*,*,#3590,.T.);
#4590=ORIENTED_EDGE('',*,*,#3551,.T.);
#4591=ORIENTED_EDGE('',*,*,#3548,.T.);
#4592=ORIENTED_EDGE('',*,*,#3545,.T.);
#4593=ORIENTED_EDGE('',*,*,#3568,.T.);
#4594=ORIENTED_EDGE('',*,*,#3591,.F.);
#4595=ORIENTED_EDGE('',*,*,#3592,.T.);
#4596=ORIENTED_EDGE('',*,*,#3593,.F.);
#4597=ORIENTED_EDGE('',*,*,#3594,.F.);
#4598=ORIENTED_EDGE('',*,*,#3595,.F.);
#4599=ORIENTED_EDGE('',*,*,#3596,.F.);
#4600=ORIENTED_EDGE('',*,*,#3597,.F.);
#4601=ORIENTED_EDGE('',*,*,#3598,.F.);
#4602=ORIENTED_EDGE('',*,*,#3599,.T.);
#4603=ORIENTED_EDGE('',*,*,#3600,.F.);
#4604=ORIENTED_EDGE('',*,*,#3601,.T.);
#4605=ORIENTED_EDGE('',*,*,#3602,.F.);
#4606=ORIENTED_EDGE('',*,*,#3603,.F.);
#4607=ORIENTED_EDGE('',*,*,#3604,.F.);
#4608=ORIENTED_EDGE('',*,*,#3605,.F.);
#4609=ORIENTED_EDGE('',*,*,#3606,.F.);
#4610=ORIENTED_EDGE('',*,*,#3607,.F.);
#4611=ORIENTED_EDGE('',*,*,#3608,.F.);
#4612=ORIENTED_EDGE('',*,*,#3609,.F.);
#4613=ORIENTED_EDGE('',*,*,#3610,.F.);
#4614=ORIENTED_EDGE('',*,*,#3611,.F.);
#4615=ORIENTED_EDGE('',*,*,#3612,.F.);
#4616=ORIENTED_EDGE('',*,*,#3613,.F.);
#4617=ORIENTED_EDGE('',*,*,#3614,.F.);
#4618=ORIENTED_EDGE('',*,*,#3615,.F.);
#4619=ORIENTED_EDGE('',*,*,#3616,.F.);
#4620=ORIENTED_EDGE('',*,*,#3617,.F.);
#4621=ORIENTED_EDGE('',*,*,#3618,.F.);
#4622=ORIENTED_EDGE('',*,*,#3619,.F.);
#4623=ORIENTED_EDGE('',*,*,#3620,.F.);
#4624=ORIENTED_EDGE('',*,*,#3621,.F.);
#4625=ORIENTED_EDGE('',*,*,#3622,.F.);
#4626=ORIENTED_EDGE('',*,*,#3623,.F.);
#4627=ORIENTED_EDGE('',*,*,#3624,.F.);
#4628=ORIENTED_EDGE('',*,*,#3625,.F.);
#4629=ORIENTED_EDGE('',*,*,#3626,.F.);
#4630=ORIENTED_EDGE('',*,*,#3627,.F.);
#4631=ORIENTED_EDGE('',*,*,#3628,.F.);
#4632=ORIENTED_EDGE('',*,*,#3629,.F.);
#4633=ORIENTED_EDGE('',*,*,#3630,.F.);
#4634=ORIENTED_EDGE('',*,*,#3631,.F.);
#4635=ORIENTED_EDGE('',*,*,#3632,.F.);
#4636=ORIENTED_EDGE('',*,*,#3633,.F.);
#4637=ORIENTED_EDGE('',*,*,#3634,.F.);
#4638=ORIENTED_EDGE('',*,*,#3635,.F.);
#4639=ORIENTED_EDGE('',*,*,#3636,.F.);
#4640=ORIENTED_EDGE('',*,*,#3637,.F.);
#4641=ORIENTED_EDGE('',*,*,#3638,.F.);
#4642=ORIENTED_EDGE('',*,*,#3639,.F.);
#4643=ORIENTED_EDGE('',*,*,#3640,.F.);
#4644=ORIENTED_EDGE('',*,*,#3641,.F.);
#4645=ORIENTED_EDGE('',*,*,#3642,.F.);
#4646=ORIENTED_EDGE('',*,*,#3643,.F.);
#4647=ORIENTED_EDGE('',*,*,#3644,.F.);
#4648=ORIENTED_EDGE('',*,*,#3645,.F.);
#4649=ORIENTED_EDGE('',*,*,#3646,.F.);
#4650=ORIENTED_EDGE('',*,*,#3647,.F.);
#4651=ORIENTED_EDGE('',*,*,#3648,.F.);
#4652=ORIENTED_EDGE('',*,*,#3649,.F.);
#4653=ORIENTED_EDGE('',*,*,#3650,.F.);
#4654=ORIENTED_EDGE('',*,*,#3651,.F.);
#4655=ORIENTED_EDGE('',*,*,#3652,.F.);
#4656=ORIENTED_EDGE('',*,*,#3653,.F.);
#4657=ORIENTED_EDGE('',*,*,#3654,.F.);
#4658=ORIENTED_EDGE('',*,*,#3655,.F.);
#4659=ORIENTED_EDGE('',*,*,#3656,.F.);
#4660=ORIENTED_EDGE('',*,*,#3657,.F.);
#4661=ORIENTED_EDGE('',*,*,#3658,.F.);
#4662=ORIENTED_EDGE('',*,*,#3659,.F.);
#4663=ORIENTED_EDGE('',*,*,#3660,.F.);
#4664=ORIENTED_EDGE('',*,*,#3661,.F.);
#4665=ORIENTED_EDGE('',*,*,#3662,.F.);
#4666=ORIENTED_EDGE('',*,*,#3663,.F.);
#4667=ORIENTED_EDGE('',*,*,#3664,.F.);
#4668=ORIENTED_EDGE('',*,*,#3665,.F.);
#4669=ORIENTED_EDGE('',*,*,#3666,.F.);
#4670=ORIENTED_EDGE('',*,*,#3667,.F.);
#4671=ORIENTED_EDGE('',*,*,#3668,.F.);
#4672=ORIENTED_EDGE('',*,*,#3669,.F.);
#4673=ORIENTED_EDGE('',*,*,#3670,.F.);
#4674=ORIENTED_EDGE('',*,*,#3671,.F.);
#4675=ORIENTED_EDGE('',*,*,#3672,.F.);
#4676=ORIENTED_EDGE('',*,*,#3673,.F.);
#4677=ORIENTED_EDGE('',*,*,#3674,.F.);
#4678=ORIENTED_EDGE('',*,*,#3675,.F.);
#4679=ORIENTED_EDGE('',*,*,#3676,.F.);
#4680=ORIENTED_EDGE('',*,*,#3677,.F.);
#4681=ORIENTED_EDGE('',*,*,#3678,.F.);
#4682=ORIENTED_EDGE('',*,*,#3679,.F.);
#4683=ORIENTED_EDGE('',*,*,#3680,.F.);
#4684=ORIENTED_EDGE('',*,*,#3681,.F.);
#4685=ORIENTED_EDGE('',*,*,#3682,.F.);
#4686=ORIENTED_EDGE('',*,*,#3683,.F.);
#4687=ORIENTED_EDGE('',*,*,#3684,.F.);
#4688=ORIENTED_EDGE('',*,*,#3685,.F.);
#4689=ORIENTED_EDGE('',*,*,#3686,.F.);
#4690=ORIENTED_EDGE('',*,*,#3687,.F.);
#4691=ORIENTED_EDGE('',*,*,#3688,.F.);
#4692=ORIENTED_EDGE('',*,*,#3689,.F.);
#4693=ORIENTED_EDGE('',*,*,#3690,.F.);
#4694=ORIENTED_EDGE('',*,*,#3691,.F.);
#4695=ORIENTED_EDGE('',*,*,#3692,.F.);
#4696=ORIENTED_EDGE('',*,*,#3693,.F.);
#4697=ORIENTED_EDGE('',*,*,#3694,.F.);
#4698=ORIENTED_EDGE('',*,*,#3695,.F.);
#4699=ORIENTED_EDGE('',*,*,#3696,.F.);
#4700=ORIENTED_EDGE('',*,*,#3697,.F.);
#4701=ORIENTED_EDGE('',*,*,#3698,.F.);
#4702=ORIENTED_EDGE('',*,*,#3699,.F.);
#4703=ORIENTED_EDGE('',*,*,#3700,.F.);
#4704=ORIENTED_EDGE('',*,*,#3701,.F.);
#4705=ORIENTED_EDGE('',*,*,#3702,.F.);
#4706=ORIENTED_EDGE('',*,*,#3703,.F.);
#4707=ORIENTED_EDGE('',*,*,#3704,.F.);
#4708=ORIENTED_EDGE('',*,*,#3705,.F.);
#4709=ORIENTED_EDGE('',*,*,#3706,.F.);
#4710=ORIENTED_EDGE('',*,*,#3707,.F.);
#4711=ORIENTED_EDGE('',*,*,#3708,.F.);
#4712=ORIENTED_EDGE('',*,*,#3709,.F.);
#4713=ORIENTED_EDGE('',*,*,#3710,.F.);
#4714=ORIENTED_EDGE('',*,*,#3711,.F.);
#4715=ORIENTED_EDGE('',*,*,#3712,.F.);
#4716=ORIENTED_EDGE('',*,*,#3713,.F.);
#4717=ORIENTED_EDGE('',*,*,#3714,.F.);
#4718=ORIENTED_EDGE('',*,*,#3715,.F.);
#4719=ORIENTED_EDGE('',*,*,#3716,.F.);
#4720=ORIENTED_EDGE('',*,*,#3717,.F.);
#4721=ORIENTED_EDGE('',*,*,#3718,.F.);
#4722=ORIENTED_EDGE('',*,*,#3719,.F.);
#4723=ORIENTED_EDGE('',*,*,#3720,.F.);
#4724=ORIENTED_EDGE('',*,*,#3721,.F.);
#4725=ORIENTED_EDGE('',*,*,#3554,.T.);
#4726=ORIENTED_EDGE('',*,*,#3722,.F.);
#4727=ORIENTED_EDGE('',*,*,#3723,.F.);
#4728=ORIENTED_EDGE('',*,*,#3582,.F.);
#4729=ORIENTED_EDGE('',*,*,#3724,.T.);
#4730=ORIENTED_EDGE('',*,*,#3725,.T.);
#4731=ORIENTED_EDGE('',*,*,#3580,.T.);
#4732=ORIENTED_EDGE('',*,*,#3726,.T.);
#4733=ORIENTED_EDGE('',*,*,#3562,.T.);
#4734=ORIENTED_EDGE('',*,*,#3581,.F.);
#4735=ORIENTED_EDGE('',*,*,#3725,.F.);
#4736=ORIENTED_EDGE('',*,*,#3727,.F.);
#4737=ORIENTED_EDGE('',*,*,#3728,.T.);
#4738=ORIENTED_EDGE('',*,*,#3729,.T.);
#4739=ORIENTED_EDGE('',*,*,#3583,.T.);
#4740=ORIENTED_EDGE('',*,*,#3723,.T.);
#4741=ORIENTED_EDGE('',*,*,#3730,.T.);
#4742=ORIENTED_EDGE('',*,*,#3731,.T.);
#4743=ORIENTED_EDGE('',*,*,#3569,.T.);
#4744=ORIENTED_EDGE('',*,*,#3564,.T.);
#4745=ORIENTED_EDGE('',*,*,#3542,.T.);
#4746=ORIENTED_EDGE('',*,*,#3601,.F.);
#4747=ORIENTED_EDGE('',*,*,#3732,.F.);
#4748=ORIENTED_EDGE('',*,*,#3733,.F.);
#4749=ORIENTED_EDGE('',*,*,#3734,.T.);
#4750=ORIENTED_EDGE('',*,*,#3732,.T.);
#4751=ORIENTED_EDGE('',*,*,#3600,.T.);
#4752=ORIENTED_EDGE('',*,*,#3735,.T.);
#4753=ORIENTED_EDGE('',*,*,#3735,.F.);
#4754=ORIENTED_EDGE('',*,*,#3599,.F.);
#4755=ORIENTED_EDGE('',*,*,#3736,.F.);
#4756=ORIENTED_EDGE('',*,*,#3737,.F.);
#4757=ORIENTED_EDGE('',*,*,#3591,.T.);
#4758=ORIENTED_EDGE('',*,*,#3567,.T.);
#4759=ORIENTED_EDGE('',*,*,#3738,.T.);
#4760=ORIENTED_EDGE('',*,*,#3739,.T.);
#4761=ORIENTED_EDGE('',*,*,#3552,.T.);
#4762=ORIENTED_EDGE('',*,*,#3590,.F.);
#4763=ORIENTED_EDGE('',*,*,#3740,.F.);
#4764=ORIENTED_EDGE('',*,*,#3741,.F.);
#4765=ORIENTED_EDGE('',*,*,#3589,.T.);
#4766=ORIENTED_EDGE('',*,*,#3742,.T.);
#4767=ORIENTED_EDGE('',*,*,#3743,.T.);
#4768=ORIENTED_EDGE('',*,*,#3740,.T.);
#4769=ORIENTED_EDGE('',*,*,#3731,.F.);
#4770=ORIENTED_EDGE('',*,*,#3744,.F.);
#4771=ORIENTED_EDGE('',*,*,#3745,.F.);
#4772=ORIENTED_EDGE('',*,*,#3570,.F.);
#4773=ORIENTED_EDGE('',*,*,#3745,.T.);
#4774=ORIENTED_EDGE('',*,*,#3746,.F.);
#4775=ORIENTED_EDGE('',*,*,#3747,.F.);
#4776=ORIENTED_EDGE('',*,*,#3571,.T.);
#4777=ORIENTED_EDGE('',*,*,#3736,.T.);
#4778=ORIENTED_EDGE('',*,*,#3598,.T.);
#4779=ORIENTED_EDGE('',*,*,#3748,.T.);
#4780=ORIENTED_EDGE('',*,*,#3749,.F.);
#4781=ORIENTED_EDGE('',*,*,#3726,.F.);
#4782=ORIENTED_EDGE('',*,*,#3579,.F.);
#4783=ORIENTED_EDGE('',*,*,#3750,.F.);
#4784=ORIENTED_EDGE('',*,*,#3751,.F.);
#4785=ORIENTED_EDGE('',*,*,#3729,.F.);
#4786=ORIENTED_EDGE('',*,*,#3752,.F.);
#4787=ORIENTED_EDGE('',*,*,#3753,.F.);
#4788=ORIENTED_EDGE('',*,*,#3584,.F.);
#4789=ORIENTED_EDGE('',*,*,#3753,.T.);
#4790=ORIENTED_EDGE('',*,*,#3754,.F.);
#4791=ORIENTED_EDGE('',*,*,#3755,.F.);
#4792=ORIENTED_EDGE('',*,*,#3585,.T.);
#4793=ORIENTED_EDGE('',*,*,#3750,.T.);
#4794=ORIENTED_EDGE('',*,*,#3578,.T.);
#4795=ORIENTED_EDGE('',*,*,#3756,.T.);
#4796=ORIENTED_EDGE('',*,*,#3757,.F.);
#4797=ORIENTED_EDGE('',*,*,#3758,.F.);
#4798=ORIENTED_EDGE('',*,*,#3759,.F.);
#4799=ORIENTED_EDGE('',*,*,#3760,.F.);
#4800=ORIENTED_EDGE('',*,*,#3593,.T.);
#4801=ORIENTED_EDGE('',*,*,#3761,.F.);
#4802=ORIENTED_EDGE('',*,*,#3587,.T.);
#4803=ORIENTED_EDGE('',*,*,#3762,.T.);
#4804=ORIENTED_EDGE('',*,*,#3763,.F.);
#4805=ORIENTED_EDGE('',*,*,#3742,.F.);
#4806=ORIENTED_EDGE('',*,*,#3588,.F.);
#4807=ORIENTED_EDGE('',*,*,#3761,.T.);
#4808=ORIENTED_EDGE('',*,*,#3764,.F.);
#4809=ORIENTED_EDGE('',*,*,#3739,.F.);
#4810=ORIENTED_EDGE('',*,*,#3765,.F.);
#4811=ORIENTED_EDGE('',*,*,#3758,.T.);
#4812=ORIENTED_EDGE('',*,*,#3592,.F.);
#4813=ORIENTED_EDGE('',*,*,#3540,.T.);
#4814=ORIENTED_EDGE('',*,*,#3733,.T.);
#4815=ORIENTED_EDGE('',*,*,#3734,.F.);
#4816=ORIENTED_EDGE('',*,*,#3737,.T.);
#4817=ORIENTED_EDGE('',*,*,#3749,.T.);
#4818=ORIENTED_EDGE('',*,*,#3766,.T.);
#4819=ORIENTED_EDGE('',*,*,#3767,.T.);
#4820=ORIENTED_EDGE('',*,*,#3768,.T.);
#4821=ORIENTED_EDGE('',*,*,#3769,.T.);
#4822=ORIENTED_EDGE('',*,*,#3759,.T.);
#4823=ORIENTED_EDGE('',*,*,#3765,.T.);
#4824=ORIENTED_EDGE('',*,*,#3738,.F.);
#4825=ORIENTED_EDGE('',*,*,#3566,.T.);
#4826=ORIENTED_EDGE('',*,*,#3543,.T.);
#4827=ORIENTED_EDGE('',*,*,#3547,.T.);
#4828=ORIENTED_EDGE('',*,*,#3550,.T.);
#4829=ORIENTED_EDGE('',*,*,#3741,.T.);
#4830=ORIENTED_EDGE('',*,*,#3743,.F.);
#4831=ORIENTED_EDGE('',*,*,#3764,.T.);
#4832=ORIENTED_EDGE('',*,*,#3763,.T.);
#4833=ORIENTED_EDGE('',*,*,#3770,.T.);
#4834=ORIENTED_EDGE('',*,*,#3754,.T.);
#4835=ORIENTED_EDGE('',*,*,#3752,.T.);
#4836=ORIENTED_EDGE('',*,*,#3728,.F.);
#4837=ORIENTED_EDGE('',*,*,#3722,.T.);
#4838=ORIENTED_EDGE('',*,*,#3553,.T.);
#4839=ORIENTED_EDGE('',*,*,#3557,.T.);
#4840=ORIENTED_EDGE('',*,*,#3560,.T.);
#4841=ORIENTED_EDGE('',*,*,#3727,.T.);
#4842=ORIENTED_EDGE('',*,*,#3724,.F.);
#4843=ORIENTED_EDGE('',*,*,#3751,.T.);
#4844=ORIENTED_EDGE('',*,*,#3757,.T.);
#4845=ORIENTED_EDGE('',*,*,#3771,.T.);
#4846=ORIENTED_EDGE('',*,*,#3772,.T.);
#4847=ORIENTED_EDGE('',*,*,#3773,.T.);
#4848=ORIENTED_EDGE('',*,*,#3774,.T.);
#4849=ORIENTED_EDGE('',*,*,#3775,.T.);
#4850=ORIENTED_EDGE('',*,*,#3776,.T.);
#4851=ORIENTED_EDGE('',*,*,#3746,.T.);
#4852=ORIENTED_EDGE('',*,*,#3744,.T.);
#4853=ORIENTED_EDGE('',*,*,#3730,.F.);
#4854=ORIENTED_EDGE('',*,*,#3563,.T.);
#4855=ORIENTED_EDGE('',*,*,#3533,.T.);
#4856=ORIENTED_EDGE('',*,*,#3537,.T.);
#4857=ORIENTED_EDGE('',*,*,#3777,.T.);
#4858=ORIENTED_EDGE('',*,*,#3778,.T.);
#4859=ORIENTED_EDGE('',*,*,#3779,.T.);
#4860=ORIENTED_EDGE('',*,*,#3780,.T.);
#4861=ORIENTED_EDGE('',*,*,#3781,.T.);
#4862=ORIENTED_EDGE('',*,*,#3782,.T.);
#4863=ORIENTED_EDGE('',*,*,#3783,.T.);
#4864=ORIENTED_EDGE('',*,*,#3784,.T.);
#4865=ORIENTED_EDGE('',*,*,#3785,.T.);
#4866=ORIENTED_EDGE('',*,*,#3786,.T.);
#4867=ORIENTED_EDGE('',*,*,#3787,.T.);
#4868=ORIENTED_EDGE('',*,*,#3788,.T.);
#4869=ORIENTED_EDGE('',*,*,#3789,.T.);
#4870=ORIENTED_EDGE('',*,*,#3790,.T.);
#4871=ORIENTED_EDGE('',*,*,#3791,.T.);
#4872=ORIENTED_EDGE('',*,*,#3792,.T.);
#4873=ORIENTED_EDGE('',*,*,#3793,.T.);
#4874=ORIENTED_EDGE('',*,*,#3794,.T.);
#4875=ORIENTED_EDGE('',*,*,#3795,.T.);
#4876=ORIENTED_EDGE('',*,*,#3796,.T.);
#4877=ORIENTED_EDGE('',*,*,#3797,.T.);
#4878=ORIENTED_EDGE('',*,*,#3798,.T.);
#4879=ORIENTED_EDGE('',*,*,#3799,.T.);
#4880=ORIENTED_EDGE('',*,*,#3800,.T.);
#4881=ORIENTED_EDGE('',*,*,#3801,.T.);
#4882=ORIENTED_EDGE('',*,*,#3802,.T.);
#4883=ORIENTED_EDGE('',*,*,#3803,.T.);
#4884=ORIENTED_EDGE('',*,*,#3804,.T.);
#4885=ORIENTED_EDGE('',*,*,#3805,.T.);
#4886=ORIENTED_EDGE('',*,*,#3806,.T.);
#4887=ORIENTED_EDGE('',*,*,#3807,.T.);
#4888=ORIENTED_EDGE('',*,*,#3808,.T.);
#4889=ORIENTED_EDGE('',*,*,#3809,.T.);
#4890=ORIENTED_EDGE('',*,*,#3810,.T.);
#4891=ORIENTED_EDGE('',*,*,#3811,.T.);
#4892=ORIENTED_EDGE('',*,*,#3812,.T.);
#4893=ORIENTED_EDGE('',*,*,#3813,.T.);
#4894=ORIENTED_EDGE('',*,*,#3814,.T.);
#4895=ORIENTED_EDGE('',*,*,#3815,.T.);
#4896=ORIENTED_EDGE('',*,*,#3816,.T.);
#4897=ORIENTED_EDGE('',*,*,#3817,.T.);
#4898=ORIENTED_EDGE('',*,*,#3818,.T.);
#4899=ORIENTED_EDGE('',*,*,#3819,.T.);
#4900=ORIENTED_EDGE('',*,*,#3820,.T.);
#4901=ORIENTED_EDGE('',*,*,#3821,.T.);
#4902=ORIENTED_EDGE('',*,*,#3822,.T.);
#4903=ORIENTED_EDGE('',*,*,#3823,.T.);
#4904=ORIENTED_EDGE('',*,*,#3824,.T.);
#4905=ORIENTED_EDGE('',*,*,#3825,.T.);
#4906=ORIENTED_EDGE('',*,*,#3826,.T.);
#4907=ORIENTED_EDGE('',*,*,#3827,.T.);
#4908=ORIENTED_EDGE('',*,*,#3828,.T.);
#4909=ORIENTED_EDGE('',*,*,#3829,.T.);
#4910=ORIENTED_EDGE('',*,*,#3830,.T.);
#4911=ORIENTED_EDGE('',*,*,#3831,.T.);
#4912=ORIENTED_EDGE('',*,*,#3832,.T.);
#4913=ORIENTED_EDGE('',*,*,#3833,.T.);
#4914=ORIENTED_EDGE('',*,*,#3834,.T.);
#4915=ORIENTED_EDGE('',*,*,#3835,.T.);
#4916=ORIENTED_EDGE('',*,*,#3836,.T.);
#4917=ORIENTED_EDGE('',*,*,#3837,.T.);
#4918=ORIENTED_EDGE('',*,*,#3838,.T.);
#4919=ORIENTED_EDGE('',*,*,#3839,.T.);
#4920=ORIENTED_EDGE('',*,*,#3840,.T.);
#4921=ORIENTED_EDGE('',*,*,#3841,.T.);
#4922=ORIENTED_EDGE('',*,*,#3842,.T.);
#4923=ORIENTED_EDGE('',*,*,#3843,.T.);
#4924=ORIENTED_EDGE('',*,*,#3844,.T.);
#4925=ORIENTED_EDGE('',*,*,#3845,.T.);
#4926=ORIENTED_EDGE('',*,*,#3846,.T.);
#4927=ORIENTED_EDGE('',*,*,#3847,.T.);
#4928=ORIENTED_EDGE('',*,*,#3848,.T.);
#4929=ORIENTED_EDGE('',*,*,#3849,.T.);
#4930=ORIENTED_EDGE('',*,*,#3850,.T.);
#4931=ORIENTED_EDGE('',*,*,#3851,.T.);
#4932=ORIENTED_EDGE('',*,*,#3852,.T.);
#4933=ORIENTED_EDGE('',*,*,#3853,.T.);
#4934=ORIENTED_EDGE('',*,*,#3854,.T.);
#4935=ORIENTED_EDGE('',*,*,#3855,.T.);
#4936=ORIENTED_EDGE('',*,*,#3856,.T.);
#4937=ORIENTED_EDGE('',*,*,#3857,.T.);
#4938=ORIENTED_EDGE('',*,*,#3858,.T.);
#4939=ORIENTED_EDGE('',*,*,#3859,.T.);
#4940=ORIENTED_EDGE('',*,*,#3860,.T.);
#4941=ORIENTED_EDGE('',*,*,#3861,.T.);
#4942=ORIENTED_EDGE('',*,*,#3862,.T.);
#4943=ORIENTED_EDGE('',*,*,#3863,.T.);
#4944=ORIENTED_EDGE('',*,*,#3864,.T.);
#4945=ORIENTED_EDGE('',*,*,#3865,.T.);
#4946=ORIENTED_EDGE('',*,*,#3866,.T.);
#4947=ORIENTED_EDGE('',*,*,#3867,.T.);
#4948=ORIENTED_EDGE('',*,*,#3868,.T.);
#4949=ORIENTED_EDGE('',*,*,#3869,.T.);
#4950=ORIENTED_EDGE('',*,*,#3870,.T.);
#4951=ORIENTED_EDGE('',*,*,#3871,.T.);
#4952=ORIENTED_EDGE('',*,*,#3872,.T.);
#4953=ORIENTED_EDGE('',*,*,#3873,.T.);
#4954=ORIENTED_EDGE('',*,*,#3874,.T.);
#4955=ORIENTED_EDGE('',*,*,#3875,.T.);
#4956=ORIENTED_EDGE('',*,*,#3876,.T.);
#4957=ORIENTED_EDGE('',*,*,#3877,.T.);
#4958=ORIENTED_EDGE('',*,*,#3878,.T.);
#4959=ORIENTED_EDGE('',*,*,#3879,.T.);
#4960=ORIENTED_EDGE('',*,*,#3880,.T.);
#4961=ORIENTED_EDGE('',*,*,#3881,.T.);
#4962=ORIENTED_EDGE('',*,*,#3882,.T.);
#4963=ORIENTED_EDGE('',*,*,#3883,.T.);
#4964=ORIENTED_EDGE('',*,*,#3884,.T.);
#4965=ORIENTED_EDGE('',*,*,#3885,.T.);
#4966=ORIENTED_EDGE('',*,*,#3886,.T.);
#4967=ORIENTED_EDGE('',*,*,#3887,.T.);
#4968=ORIENTED_EDGE('',*,*,#3888,.T.);
#4969=ORIENTED_EDGE('',*,*,#3889,.T.);
#4970=ORIENTED_EDGE('',*,*,#3890,.T.);
#4971=ORIENTED_EDGE('',*,*,#3891,.T.);
#4972=ORIENTED_EDGE('',*,*,#3892,.T.);
#4973=ORIENTED_EDGE('',*,*,#3893,.T.);
#4974=ORIENTED_EDGE('',*,*,#3894,.T.);
#4975=ORIENTED_EDGE('',*,*,#3895,.T.);
#4976=ORIENTED_EDGE('',*,*,#3896,.T.);
#4977=ORIENTED_EDGE('',*,*,#3603,.T.);
#4978=ORIENTED_EDGE('',*,*,#3897,.T.);
#4979=ORIENTED_EDGE('',*,*,#3780,.F.);
#4980=ORIENTED_EDGE('',*,*,#3898,.F.);
#4981=ORIENTED_EDGE('',*,*,#3604,.T.);
#4982=ORIENTED_EDGE('',*,*,#3898,.T.);
#4983=ORIENTED_EDGE('',*,*,#3779,.F.);
#4984=ORIENTED_EDGE('',*,*,#3899,.F.);
#4985=ORIENTED_EDGE('',*,*,#3605,.T.);
#4986=ORIENTED_EDGE('',*,*,#3899,.T.);
#4987=ORIENTED_EDGE('',*,*,#3778,.F.);
#4988=ORIENTED_EDGE('',*,*,#3900,.F.);
#4989=ORIENTED_EDGE('',*,*,#3602,.T.);
#4990=ORIENTED_EDGE('',*,*,#3900,.T.);
#4991=ORIENTED_EDGE('',*,*,#3777,.F.);
#4992=ORIENTED_EDGE('',*,*,#3897,.F.);
#4993=ORIENTED_EDGE('',*,*,#3607,.T.);
#4994=ORIENTED_EDGE('',*,*,#3901,.T.);
#4995=ORIENTED_EDGE('',*,*,#3784,.F.);
#4996=ORIENTED_EDGE('',*,*,#3902,.F.);
#4997=ORIENTED_EDGE('',*,*,#3608,.T.);
#4998=ORIENTED_EDGE('',*,*,#3902,.T.);
#4999=ORIENTED_EDGE('',*,*,#3783,.F.);
#5000=ORIENTED_EDGE('',*,*,#3903,.F.);
#5001=ORIENTED_EDGE('',*,*,#3609,.T.);
#5002=ORIENTED_EDGE('',*,*,#3903,.T.);
#5003=ORIENTED_EDGE('',*,*,#3782,.F.);
#5004=ORIENTED_EDGE('',*,*,#3904,.F.);
#5005=ORIENTED_EDGE('',*,*,#3606,.T.);
#5006=ORIENTED_EDGE('',*,*,#3904,.T.);
#5007=ORIENTED_EDGE('',*,*,#3781,.F.);
#5008=ORIENTED_EDGE('',*,*,#3901,.F.);
#5009=ORIENTED_EDGE('',*,*,#3611,.T.);
#5010=ORIENTED_EDGE('',*,*,#3905,.T.);
#5011=ORIENTED_EDGE('',*,*,#3788,.F.);
#5012=ORIENTED_EDGE('',*,*,#3906,.F.);
#5013=ORIENTED_EDGE('',*,*,#3612,.T.);
#5014=ORIENTED_EDGE('',*,*,#3906,.T.);
#5015=ORIENTED_EDGE('',*,*,#3787,.F.);
#5016=ORIENTED_EDGE('',*,*,#3907,.F.);
#5017=ORIENTED_EDGE('',*,*,#3613,.T.);
#5018=ORIENTED_EDGE('',*,*,#3907,.T.);
#5019=ORIENTED_EDGE('',*,*,#3786,.F.);
#5020=ORIENTED_EDGE('',*,*,#3908,.F.);
#5021=ORIENTED_EDGE('',*,*,#3610,.T.);
#5022=ORIENTED_EDGE('',*,*,#3908,.T.);
#5023=ORIENTED_EDGE('',*,*,#3785,.F.);
#5024=ORIENTED_EDGE('',*,*,#3905,.F.);
#5025=ORIENTED_EDGE('',*,*,#3615,.T.);
#5026=ORIENTED_EDGE('',*,*,#3909,.T.);
#5027=ORIENTED_EDGE('',*,*,#3792,.F.);
#5028=ORIENTED_EDGE('',*,*,#3910,.F.);
#5029=ORIENTED_EDGE('',*,*,#3616,.T.);
#5030=ORIENTED_EDGE('',*,*,#3910,.T.);
#5031=ORIENTED_EDGE('',*,*,#3791,.F.);
#5032=ORIENTED_EDGE('',*,*,#3911,.F.);
#5033=ORIENTED_EDGE('',*,*,#3617,.T.);
#5034=ORIENTED_EDGE('',*,*,#3911,.T.);
#5035=ORIENTED_EDGE('',*,*,#3790,.F.);
#5036=ORIENTED_EDGE('',*,*,#3912,.F.);
#5037=ORIENTED_EDGE('',*,*,#3614,.T.);
#5038=ORIENTED_EDGE('',*,*,#3912,.T.);
#5039=ORIENTED_EDGE('',*,*,#3789,.F.);
#5040=ORIENTED_EDGE('',*,*,#3909,.F.);
#5041=ORIENTED_EDGE('',*,*,#3619,.T.);
#5042=ORIENTED_EDGE('',*,*,#3913,.T.);
#5043=ORIENTED_EDGE('',*,*,#3796,.F.);
#5044=ORIENTED_EDGE('',*,*,#3914,.F.);
#5045=ORIENTED_EDGE('',*,*,#3620,.T.);
#5046=ORIENTED_EDGE('',*,*,#3914,.T.);
#5047=ORIENTED_EDGE('',*,*,#3795,.F.);
#5048=ORIENTED_EDGE('',*,*,#3915,.F.);
#5049=ORIENTED_EDGE('',*,*,#3621,.T.);
#5050=ORIENTED_EDGE('',*,*,#3915,.T.);
#5051=ORIENTED_EDGE('',*,*,#3794,.F.);
#5052=ORIENTED_EDGE('',*,*,#3916,.F.);
#5053=ORIENTED_EDGE('',*,*,#3618,.T.);
#5054=ORIENTED_EDGE('',*,*,#3916,.T.);
#5055=ORIENTED_EDGE('',*,*,#3793,.F.);
#5056=ORIENTED_EDGE('',*,*,#3913,.F.);
#5057=ORIENTED_EDGE('',*,*,#3623,.T.);
#5058=ORIENTED_EDGE('',*,*,#3917,.T.);
#5059=ORIENTED_EDGE('',*,*,#3800,.F.);
#5060=ORIENTED_EDGE('',*,*,#3918,.F.);
#5061=ORIENTED_EDGE('',*,*,#3624,.T.);
#5062=ORIENTED_EDGE('',*,*,#3918,.T.);
#5063=ORIENTED_EDGE('',*,*,#3799,.F.);
#5064=ORIENTED_EDGE('',*,*,#3919,.F.);
#5065=ORIENTED_EDGE('',*,*,#3625,.T.);
#5066=ORIENTED_EDGE('',*,*,#3919,.T.);
#5067=ORIENTED_EDGE('',*,*,#3798,.F.);
#5068=ORIENTED_EDGE('',*,*,#3920,.F.);
#5069=ORIENTED_EDGE('',*,*,#3622,.T.);
#5070=ORIENTED_EDGE('',*,*,#3920,.T.);
#5071=ORIENTED_EDGE('',*,*,#3797,.F.);
#5072=ORIENTED_EDGE('',*,*,#3917,.F.);
#5073=ORIENTED_EDGE('',*,*,#3627,.T.);
#5074=ORIENTED_EDGE('',*,*,#3921,.T.);
#5075=ORIENTED_EDGE('',*,*,#3804,.F.);
#5076=ORIENTED_EDGE('',*,*,#3922,.F.);
#5077=ORIENTED_EDGE('',*,*,#3628,.T.);
#5078=ORIENTED_EDGE('',*,*,#3922,.T.);
#5079=ORIENTED_EDGE('',*,*,#3803,.F.);
#5080=ORIENTED_EDGE('',*,*,#3923,.F.);
#5081=ORIENTED_EDGE('',*,*,#3629,.T.);
#5082=ORIENTED_EDGE('',*,*,#3923,.T.);
#5083=ORIENTED_EDGE('',*,*,#3802,.F.);
#5084=ORIENTED_EDGE('',*,*,#3924,.F.);
#5085=ORIENTED_EDGE('',*,*,#3626,.T.);
#5086=ORIENTED_EDGE('',*,*,#3924,.T.);
#5087=ORIENTED_EDGE('',*,*,#3801,.F.);
#5088=ORIENTED_EDGE('',*,*,#3921,.F.);
#5089=ORIENTED_EDGE('',*,*,#3631,.T.);
#5090=ORIENTED_EDGE('',*,*,#3925,.T.);
#5091=ORIENTED_EDGE('',*,*,#3808,.F.);
#5092=ORIENTED_EDGE('',*,*,#3926,.F.);
#5093=ORIENTED_EDGE('',*,*,#3632,.T.);
#5094=ORIENTED_EDGE('',*,*,#3926,.T.);
#5095=ORIENTED_EDGE('',*,*,#3807,.F.);
#5096=ORIENTED_EDGE('',*,*,#3927,.F.);
#5097=ORIENTED_EDGE('',*,*,#3633,.T.);
#5098=ORIENTED_EDGE('',*,*,#3927,.T.);
#5099=ORIENTED_EDGE('',*,*,#3806,.F.);
#5100=ORIENTED_EDGE('',*,*,#3928,.F.);
#5101=ORIENTED_EDGE('',*,*,#3630,.T.);
#5102=ORIENTED_EDGE('',*,*,#3928,.T.);
#5103=ORIENTED_EDGE('',*,*,#3805,.F.);
#5104=ORIENTED_EDGE('',*,*,#3925,.F.);
#5105=ORIENTED_EDGE('',*,*,#3635,.T.);
#5106=ORIENTED_EDGE('',*,*,#3929,.T.);
#5107=ORIENTED_EDGE('',*,*,#3812,.F.);
#5108=ORIENTED_EDGE('',*,*,#3930,.F.);
#5109=ORIENTED_EDGE('',*,*,#3636,.T.);
#5110=ORIENTED_EDGE('',*,*,#3930,.T.);
#5111=ORIENTED_EDGE('',*,*,#3811,.F.);
#5112=ORIENTED_EDGE('',*,*,#3931,.F.);
#5113=ORIENTED_EDGE('',*,*,#3637,.T.);
#5114=ORIENTED_EDGE('',*,*,#3931,.T.);
#5115=ORIENTED_EDGE('',*,*,#3810,.F.);
#5116=ORIENTED_EDGE('',*,*,#3932,.F.);
#5117=ORIENTED_EDGE('',*,*,#3634,.T.);
#5118=ORIENTED_EDGE('',*,*,#3932,.T.);
#5119=ORIENTED_EDGE('',*,*,#3809,.F.);
#5120=ORIENTED_EDGE('',*,*,#3929,.F.);
#5121=ORIENTED_EDGE('',*,*,#3639,.T.);
#5122=ORIENTED_EDGE('',*,*,#3933,.T.);
#5123=ORIENTED_EDGE('',*,*,#3816,.F.);
#5124=ORIENTED_EDGE('',*,*,#3934,.F.);
#5125=ORIENTED_EDGE('',*,*,#3640,.T.);
#5126=ORIENTED_EDGE('',*,*,#3934,.T.);
#5127=ORIENTED_EDGE('',*,*,#3815,.F.);
#5128=ORIENTED_EDGE('',*,*,#3935,.F.);
#5129=ORIENTED_EDGE('',*,*,#3641,.T.);
#5130=ORIENTED_EDGE('',*,*,#3935,.T.);
#5131=ORIENTED_EDGE('',*,*,#3814,.F.);
#5132=ORIENTED_EDGE('',*,*,#3936,.F.);
#5133=ORIENTED_EDGE('',*,*,#3638,.T.);
#5134=ORIENTED_EDGE('',*,*,#3936,.T.);
#5135=ORIENTED_EDGE('',*,*,#3813,.F.);
#5136=ORIENTED_EDGE('',*,*,#3933,.F.);
#5137=ORIENTED_EDGE('',*,*,#3643,.T.);
#5138=ORIENTED_EDGE('',*,*,#3937,.T.);
#5139=ORIENTED_EDGE('',*,*,#3820,.F.);
#5140=ORIENTED_EDGE('',*,*,#3938,.F.);
#5141=ORIENTED_EDGE('',*,*,#3644,.T.);
#5142=ORIENTED_EDGE('',*,*,#3938,.T.);
#5143=ORIENTED_EDGE('',*,*,#3819,.F.);
#5144=ORIENTED_EDGE('',*,*,#3939,.F.);
#5145=ORIENTED_EDGE('',*,*,#3645,.T.);
#5146=ORIENTED_EDGE('',*,*,#3939,.T.);
#5147=ORIENTED_EDGE('',*,*,#3818,.F.);
#5148=ORIENTED_EDGE('',*,*,#3940,.F.);
#5149=ORIENTED_EDGE('',*,*,#3642,.T.);
#5150=ORIENTED_EDGE('',*,*,#3940,.T.);
#5151=ORIENTED_EDGE('',*,*,#3817,.F.);
#5152=ORIENTED_EDGE('',*,*,#3937,.F.);
#5153=ORIENTED_EDGE('',*,*,#3647,.T.);
#5154=ORIENTED_EDGE('',*,*,#3941,.T.);
#5155=ORIENTED_EDGE('',*,*,#3824,.F.);
#5156=ORIENTED_EDGE('',*,*,#3942,.F.);
#5157=ORIENTED_EDGE('',*,*,#3648,.T.);
#5158=ORIENTED_EDGE('',*,*,#3942,.T.);
#5159=ORIENTED_EDGE('',*,*,#3823,.F.);
#5160=ORIENTED_EDGE('',*,*,#3943,.F.);
#5161=ORIENTED_EDGE('',*,*,#3649,.T.);
#5162=ORIENTED_EDGE('',*,*,#3943,.T.);
#5163=ORIENTED_EDGE('',*,*,#3822,.F.);
#5164=ORIENTED_EDGE('',*,*,#3944,.F.);
#5165=ORIENTED_EDGE('',*,*,#3646,.T.);
#5166=ORIENTED_EDGE('',*,*,#3944,.T.);
#5167=ORIENTED_EDGE('',*,*,#3821,.F.);
#5168=ORIENTED_EDGE('',*,*,#3941,.F.);
#5169=ORIENTED_EDGE('',*,*,#3651,.T.);
#5170=ORIENTED_EDGE('',*,*,#3945,.T.);
#5171=ORIENTED_EDGE('',*,*,#3828,.F.);
#5172=ORIENTED_EDGE('',*,*,#3946,.F.);
#5173=ORIENTED_EDGE('',*,*,#3652,.T.);
#5174=ORIENTED_EDGE('',*,*,#3946,.T.);
#5175=ORIENTED_EDGE('',*,*,#3827,.F.);
#5176=ORIENTED_EDGE('',*,*,#3947,.F.);
#5177=ORIENTED_EDGE('',*,*,#3653,.T.);
#5178=ORIENTED_EDGE('',*,*,#3947,.T.);
#5179=ORIENTED_EDGE('',*,*,#3826,.F.);
#5180=ORIENTED_EDGE('',*,*,#3948,.F.);
#5181=ORIENTED_EDGE('',*,*,#3650,.T.);
#5182=ORIENTED_EDGE('',*,*,#3948,.T.);
#5183=ORIENTED_EDGE('',*,*,#3825,.F.);
#5184=ORIENTED_EDGE('',*,*,#3945,.F.);
#5185=ORIENTED_EDGE('',*,*,#3655,.T.);
#5186=ORIENTED_EDGE('',*,*,#3949,.T.);
#5187=ORIENTED_EDGE('',*,*,#3832,.F.);
#5188=ORIENTED_EDGE('',*,*,#3950,.F.);
#5189=ORIENTED_EDGE('',*,*,#3656,.T.);
#5190=ORIENTED_EDGE('',*,*,#3950,.T.);
#5191=ORIENTED_EDGE('',*,*,#3831,.F.);
#5192=ORIENTED_EDGE('',*,*,#3951,.F.);
#5193=ORIENTED_EDGE('',*,*,#3657,.T.);
#5194=ORIENTED_EDGE('',*,*,#3951,.T.);
#5195=ORIENTED_EDGE('',*,*,#3830,.F.);
#5196=ORIENTED_EDGE('',*,*,#3952,.F.);
#5197=ORIENTED_EDGE('',*,*,#3654,.T.);
#5198=ORIENTED_EDGE('',*,*,#3952,.T.);
#5199=ORIENTED_EDGE('',*,*,#3829,.F.);
#5200=ORIENTED_EDGE('',*,*,#3949,.F.);
#5201=ORIENTED_EDGE('',*,*,#3659,.T.);
#5202=ORIENTED_EDGE('',*,*,#3953,.T.);
#5203=ORIENTED_EDGE('',*,*,#3836,.F.);
#5204=ORIENTED_EDGE('',*,*,#3954,.F.);
#5205=ORIENTED_EDGE('',*,*,#3660,.T.);
#5206=ORIENTED_EDGE('',*,*,#3954,.T.);
#5207=ORIENTED_EDGE('',*,*,#3835,.F.);
#5208=ORIENTED_EDGE('',*,*,#3955,.F.);
#5209=ORIENTED_EDGE('',*,*,#3661,.T.);
#5210=ORIENTED_EDGE('',*,*,#3955,.T.);
#5211=ORIENTED_EDGE('',*,*,#3834,.F.);
#5212=ORIENTED_EDGE('',*,*,#3956,.F.);
#5213=ORIENTED_EDGE('',*,*,#3658,.T.);
#5214=ORIENTED_EDGE('',*,*,#3956,.T.);
#5215=ORIENTED_EDGE('',*,*,#3833,.F.);
#5216=ORIENTED_EDGE('',*,*,#3953,.F.);
#5217=ORIENTED_EDGE('',*,*,#3663,.T.);
#5218=ORIENTED_EDGE('',*,*,#3957,.T.);
#5219=ORIENTED_EDGE('',*,*,#3840,.F.);
#5220=ORIENTED_EDGE('',*,*,#3958,.F.);
#5221=ORIENTED_EDGE('',*,*,#3664,.T.);
#5222=ORIENTED_EDGE('',*,*,#3958,.T.);
#5223=ORIENTED_EDGE('',*,*,#3839,.F.);
#5224=ORIENTED_EDGE('',*,*,#3959,.F.);
#5225=ORIENTED_EDGE('',*,*,#3665,.T.);
#5226=ORIENTED_EDGE('',*,*,#3959,.T.);
#5227=ORIENTED_EDGE('',*,*,#3838,.F.);
#5228=ORIENTED_EDGE('',*,*,#3960,.F.);
#5229=ORIENTED_EDGE('',*,*,#3662,.T.);
#5230=ORIENTED_EDGE('',*,*,#3960,.T.);
#5231=ORIENTED_EDGE('',*,*,#3837,.F.);
#5232=ORIENTED_EDGE('',*,*,#3957,.F.);
#5233=ORIENTED_EDGE('',*,*,#3667,.T.);
#5234=ORIENTED_EDGE('',*,*,#3961,.T.);
#5235=ORIENTED_EDGE('',*,*,#3844,.F.);
#5236=ORIENTED_EDGE('',*,*,#3962,.F.);
#5237=ORIENTED_EDGE('',*,*,#3668,.T.);
#5238=ORIENTED_EDGE('',*,*,#3962,.T.);
#5239=ORIENTED_EDGE('',*,*,#3843,.F.);
#5240=ORIENTED_EDGE('',*,*,#3963,.F.);
#5241=ORIENTED_EDGE('',*,*,#3669,.T.);
#5242=ORIENTED_EDGE('',*,*,#3963,.T.);
#5243=ORIENTED_EDGE('',*,*,#3842,.F.);
#5244=ORIENTED_EDGE('',*,*,#3964,.F.);
#5245=ORIENTED_EDGE('',*,*,#3666,.T.);
#5246=ORIENTED_EDGE('',*,*,#3964,.T.);
#5247=ORIENTED_EDGE('',*,*,#3841,.F.);
#5248=ORIENTED_EDGE('',*,*,#3961,.F.);
#5249=ORIENTED_EDGE('',*,*,#3671,.T.);
#5250=ORIENTED_EDGE('',*,*,#3965,.T.);
#5251=ORIENTED_EDGE('',*,*,#3848,.F.);
#5252=ORIENTED_EDGE('',*,*,#3966,.F.);
#5253=ORIENTED_EDGE('',*,*,#3672,.T.);
#5254=ORIENTED_EDGE('',*,*,#3966,.T.);
#5255=ORIENTED_EDGE('',*,*,#3847,.F.);
#5256=ORIENTED_EDGE('',*,*,#3967,.F.);
#5257=ORIENTED_EDGE('',*,*,#3673,.T.);
#5258=ORIENTED_EDGE('',*,*,#3967,.T.);
#5259=ORIENTED_EDGE('',*,*,#3846,.F.);
#5260=ORIENTED_EDGE('',*,*,#3968,.F.);
#5261=ORIENTED_EDGE('',*,*,#3670,.T.);
#5262=ORIENTED_EDGE('',*,*,#3968,.T.);
#5263=ORIENTED_EDGE('',*,*,#3845,.F.);
#5264=ORIENTED_EDGE('',*,*,#3965,.F.);
#5265=ORIENTED_EDGE('',*,*,#3675,.T.);
#5266=ORIENTED_EDGE('',*,*,#3969,.T.);
#5267=ORIENTED_EDGE('',*,*,#3852,.F.);
#5268=ORIENTED_EDGE('',*,*,#3970,.F.);
#5269=ORIENTED_EDGE('',*,*,#3676,.T.);
#5270=ORIENTED_EDGE('',*,*,#3970,.T.);
#5271=ORIENTED_EDGE('',*,*,#3851,.F.);
#5272=ORIENTED_EDGE('',*,*,#3971,.F.);
#5273=ORIENTED_EDGE('',*,*,#3677,.T.);
#5274=ORIENTED_EDGE('',*,*,#3971,.T.);
#5275=ORIENTED_EDGE('',*,*,#3850,.F.);
#5276=ORIENTED_EDGE('',*,*,#3972,.F.);
#5277=ORIENTED_EDGE('',*,*,#3674,.T.);
#5278=ORIENTED_EDGE('',*,*,#3972,.T.);
#5279=ORIENTED_EDGE('',*,*,#3849,.F.);
#5280=ORIENTED_EDGE('',*,*,#3969,.F.);
#5281=ORIENTED_EDGE('',*,*,#3679,.T.);
#5282=ORIENTED_EDGE('',*,*,#3973,.T.);
#5283=ORIENTED_EDGE('',*,*,#3856,.F.);
#5284=ORIENTED_EDGE('',*,*,#3974,.F.);
#5285=ORIENTED_EDGE('',*,*,#3680,.T.);
#5286=ORIENTED_EDGE('',*,*,#3974,.T.);
#5287=ORIENTED_EDGE('',*,*,#3855,.F.);
#5288=ORIENTED_EDGE('',*,*,#3975,.F.);
#5289=ORIENTED_EDGE('',*,*,#3681,.T.);
#5290=ORIENTED_EDGE('',*,*,#3975,.T.);
#5291=ORIENTED_EDGE('',*,*,#3854,.F.);
#5292=ORIENTED_EDGE('',*,*,#3976,.F.);
#5293=ORIENTED_EDGE('',*,*,#3678,.T.);
#5294=ORIENTED_EDGE('',*,*,#3976,.T.);
#5295=ORIENTED_EDGE('',*,*,#3853,.F.);
#5296=ORIENTED_EDGE('',*,*,#3973,.F.);
#5297=ORIENTED_EDGE('',*,*,#3683,.T.);
#5298=ORIENTED_EDGE('',*,*,#3977,.T.);
#5299=ORIENTED_EDGE('',*,*,#3860,.F.);
#5300=ORIENTED_EDGE('',*,*,#3978,.F.);
#5301=ORIENTED_EDGE('',*,*,#3684,.T.);
#5302=ORIENTED_EDGE('',*,*,#3978,.T.);
#5303=ORIENTED_EDGE('',*,*,#3859,.F.);
#5304=ORIENTED_EDGE('',*,*,#3979,.F.);
#5305=ORIENTED_EDGE('',*,*,#3685,.T.);
#5306=ORIENTED_EDGE('',*,*,#3979,.T.);
#5307=ORIENTED_EDGE('',*,*,#3858,.F.);
#5308=ORIENTED_EDGE('',*,*,#3980,.F.);
#5309=ORIENTED_EDGE('',*,*,#3682,.T.);
#5310=ORIENTED_EDGE('',*,*,#3980,.T.);
#5311=ORIENTED_EDGE('',*,*,#3857,.F.);
#5312=ORIENTED_EDGE('',*,*,#3977,.F.);
#5313=ORIENTED_EDGE('',*,*,#3687,.T.);
#5314=ORIENTED_EDGE('',*,*,#3981,.T.);
#5315=ORIENTED_EDGE('',*,*,#3864,.F.);
#5316=ORIENTED_EDGE('',*,*,#3982,.F.);
#5317=ORIENTED_EDGE('',*,*,#3688,.T.);
#5318=ORIENTED_EDGE('',*,*,#3982,.T.);
#5319=ORIENTED_EDGE('',*,*,#3863,.F.);
#5320=ORIENTED_EDGE('',*,*,#3983,.F.);
#5321=ORIENTED_EDGE('',*,*,#3689,.T.);
#5322=ORIENTED_EDGE('',*,*,#3983,.T.);
#5323=ORIENTED_EDGE('',*,*,#3862,.F.);
#5324=ORIENTED_EDGE('',*,*,#3984,.F.);
#5325=ORIENTED_EDGE('',*,*,#3686,.T.);
#5326=ORIENTED_EDGE('',*,*,#3984,.T.);
#5327=ORIENTED_EDGE('',*,*,#3861,.F.);
#5328=ORIENTED_EDGE('',*,*,#3981,.F.);
#5329=ORIENTED_EDGE('',*,*,#3691,.T.);
#5330=ORIENTED_EDGE('',*,*,#3985,.T.);
#5331=ORIENTED_EDGE('',*,*,#3868,.F.);
#5332=ORIENTED_EDGE('',*,*,#3986,.F.);
#5333=ORIENTED_EDGE('',*,*,#3692,.T.);
#5334=ORIENTED_EDGE('',*,*,#3986,.T.);
#5335=ORIENTED_EDGE('',*,*,#3867,.F.);
#5336=ORIENTED_EDGE('',*,*,#3987,.F.);
#5337=ORIENTED_EDGE('',*,*,#3693,.T.);
#5338=ORIENTED_EDGE('',*,*,#3987,.T.);
#5339=ORIENTED_EDGE('',*,*,#3866,.F.);
#5340=ORIENTED_EDGE('',*,*,#3988,.F.);
#5341=ORIENTED_EDGE('',*,*,#3690,.T.);
#5342=ORIENTED_EDGE('',*,*,#3988,.T.);
#5343=ORIENTED_EDGE('',*,*,#3865,.F.);
#5344=ORIENTED_EDGE('',*,*,#3985,.F.);
#5345=ORIENTED_EDGE('',*,*,#3695,.T.);
#5346=ORIENTED_EDGE('',*,*,#3989,.T.);
#5347=ORIENTED_EDGE('',*,*,#3872,.F.);
#5348=ORIENTED_EDGE('',*,*,#3990,.F.);
#5349=ORIENTED_EDGE('',*,*,#3696,.T.);
#5350=ORIENTED_EDGE('',*,*,#3990,.T.);
#5351=ORIENTED_EDGE('',*,*,#3871,.F.);
#5352=ORIENTED_EDGE('',*,*,#3991,.F.);
#5353=ORIENTED_EDGE('',*,*,#3697,.T.);
#5354=ORIENTED_EDGE('',*,*,#3991,.T.);
#5355=ORIENTED_EDGE('',*,*,#3870,.F.);
#5356=ORIENTED_EDGE('',*,*,#3992,.F.);
#5357=ORIENTED_EDGE('',*,*,#3694,.T.);
#5358=ORIENTED_EDGE('',*,*,#3992,.T.);
#5359=ORIENTED_EDGE('',*,*,#3869,.F.);
#5360=ORIENTED_EDGE('',*,*,#3989,.F.);
#5361=ORIENTED_EDGE('',*,*,#3699,.T.);
#5362=ORIENTED_EDGE('',*,*,#3993,.T.);
#5363=ORIENTED_EDGE('',*,*,#3876,.F.);
#5364=ORIENTED_EDGE('',*,*,#3994,.F.);
#5365=ORIENTED_EDGE('',*,*,#3700,.T.);
#5366=ORIENTED_EDGE('',*,*,#3994,.T.);
#5367=ORIENTED_EDGE('',*,*,#3875,.F.);
#5368=ORIENTED_EDGE('',*,*,#3995,.F.);
#5369=ORIENTED_EDGE('',*,*,#3701,.T.);
#5370=ORIENTED_EDGE('',*,*,#3995,.T.);
#5371=ORIENTED_EDGE('',*,*,#3874,.F.);
#5372=ORIENTED_EDGE('',*,*,#3996,.F.);
#5373=ORIENTED_EDGE('',*,*,#3698,.T.);
#5374=ORIENTED_EDGE('',*,*,#3996,.T.);
#5375=ORIENTED_EDGE('',*,*,#3873,.F.);
#5376=ORIENTED_EDGE('',*,*,#3993,.F.);
#5377=ORIENTED_EDGE('',*,*,#3703,.T.);
#5378=ORIENTED_EDGE('',*,*,#3997,.T.);
#5379=ORIENTED_EDGE('',*,*,#3880,.F.);
#5380=ORIENTED_EDGE('',*,*,#3998,.F.);
#5381=ORIENTED_EDGE('',*,*,#3704,.T.);
#5382=ORIENTED_EDGE('',*,*,#3998,.T.);
#5383=ORIENTED_EDGE('',*,*,#3879,.F.);
#5384=ORIENTED_EDGE('',*,*,#3999,.F.);
#5385=ORIENTED_EDGE('',*,*,#3705,.T.);
#5386=ORIENTED_EDGE('',*,*,#3999,.T.);
#5387=ORIENTED_EDGE('',*,*,#3878,.F.);
#5388=ORIENTED_EDGE('',*,*,#4000,.F.);
#5389=ORIENTED_EDGE('',*,*,#3702,.T.);
#5390=ORIENTED_EDGE('',*,*,#4000,.T.);
#5391=ORIENTED_EDGE('',*,*,#3877,.F.);
#5392=ORIENTED_EDGE('',*,*,#3997,.F.);
#5393=ORIENTED_EDGE('',*,*,#3707,.T.);
#5394=ORIENTED_EDGE('',*,*,#4001,.T.);
#5395=ORIENTED_EDGE('',*,*,#3884,.F.);
#5396=ORIENTED_EDGE('',*,*,#4002,.F.);
#5397=ORIENTED_EDGE('',*,*,#3708,.T.);
#5398=ORIENTED_EDGE('',*,*,#4002,.T.);
#5399=ORIENTED_EDGE('',*,*,#3883,.F.);
#5400=ORIENTED_EDGE('',*,*,#4003,.F.);
#5401=ORIENTED_EDGE('',*,*,#3709,.T.);
#5402=ORIENTED_EDGE('',*,*,#4003,.T.);
#5403=ORIENTED_EDGE('',*,*,#3882,.F.);
#5404=ORIENTED_EDGE('',*,*,#4004,.F.);
#5405=ORIENTED_EDGE('',*,*,#3706,.T.);
#5406=ORIENTED_EDGE('',*,*,#4004,.T.);
#5407=ORIENTED_EDGE('',*,*,#3881,.F.);
#5408=ORIENTED_EDGE('',*,*,#4001,.F.);
#5409=ORIENTED_EDGE('',*,*,#3711,.T.);
#5410=ORIENTED_EDGE('',*,*,#4005,.T.);
#5411=ORIENTED_EDGE('',*,*,#3888,.F.);
#5412=ORIENTED_EDGE('',*,*,#4006,.F.);
#5413=ORIENTED_EDGE('',*,*,#3712,.T.);
#5414=ORIENTED_EDGE('',*,*,#4006,.T.);
#5415=ORIENTED_EDGE('',*,*,#3887,.F.);
#5416=ORIENTED_EDGE('',*,*,#4007,.F.);
#5417=ORIENTED_EDGE('',*,*,#3713,.T.);
#5418=ORIENTED_EDGE('',*,*,#4007,.T.);
#5419=ORIENTED_EDGE('',*,*,#3886,.F.);
#5420=ORIENTED_EDGE('',*,*,#4008,.F.);
#5421=ORIENTED_EDGE('',*,*,#3710,.T.);
#5422=ORIENTED_EDGE('',*,*,#4008,.T.);
#5423=ORIENTED_EDGE('',*,*,#3885,.F.);
#5424=ORIENTED_EDGE('',*,*,#4005,.F.);
#5425=ORIENTED_EDGE('',*,*,#3715,.T.);
#5426=ORIENTED_EDGE('',*,*,#4009,.T.);
#5427=ORIENTED_EDGE('',*,*,#3892,.F.);
#5428=ORIENTED_EDGE('',*,*,#4010,.F.);
#5429=ORIENTED_EDGE('',*,*,#3716,.T.);
#5430=ORIENTED_EDGE('',*,*,#4010,.T.);
#5431=ORIENTED_EDGE('',*,*,#3891,.F.);
#5432=ORIENTED_EDGE('',*,*,#4011,.F.);
#5433=ORIENTED_EDGE('',*,*,#3717,.T.);
#5434=ORIENTED_EDGE('',*,*,#4011,.T.);
#5435=ORIENTED_EDGE('',*,*,#3890,.F.);
#5436=ORIENTED_EDGE('',*,*,#4012,.F.);
#5437=ORIENTED_EDGE('',*,*,#3714,.T.);
#5438=ORIENTED_EDGE('',*,*,#4012,.T.);
#5439=ORIENTED_EDGE('',*,*,#3889,.F.);
#5440=ORIENTED_EDGE('',*,*,#4009,.F.);
#5441=ORIENTED_EDGE('',*,*,#3719,.T.);
#5442=ORIENTED_EDGE('',*,*,#4013,.T.);
#5443=ORIENTED_EDGE('',*,*,#3896,.F.);
#5444=ORIENTED_EDGE('',*,*,#4014,.F.);
#5445=ORIENTED_EDGE('',*,*,#3720,.T.);
#5446=ORIENTED_EDGE('',*,*,#4014,.T.);
#5447=ORIENTED_EDGE('',*,*,#3895,.F.);
#5448=ORIENTED_EDGE('',*,*,#4015,.F.);
#5449=ORIENTED_EDGE('',*,*,#3721,.T.);
#5450=ORIENTED_EDGE('',*,*,#4015,.T.);
#5451=ORIENTED_EDGE('',*,*,#3894,.F.);
#5452=ORIENTED_EDGE('',*,*,#4016,.F.);
#5453=ORIENTED_EDGE('',*,*,#3718,.T.);
#5454=ORIENTED_EDGE('',*,*,#4016,.T.);
#5455=ORIENTED_EDGE('',*,*,#3893,.F.);
#5456=ORIENTED_EDGE('',*,*,#4013,.F.);
#5457=ORIENTED_EDGE('',*,*,#3596,.T.);
#5458=ORIENTED_EDGE('',*,*,#4017,.T.);
#5459=ORIENTED_EDGE('',*,*,#3767,.F.);
#5460=ORIENTED_EDGE('',*,*,#4018,.F.);
#5461=ORIENTED_EDGE('',*,*,#3597,.T.);
#5462=ORIENTED_EDGE('',*,*,#4018,.T.);
#5463=ORIENTED_EDGE('',*,*,#3766,.F.);
#5464=ORIENTED_EDGE('',*,*,#3748,.F.);
#5465=ORIENTED_EDGE('',*,*,#3572,.T.);
#5466=ORIENTED_EDGE('',*,*,#3747,.T.);
#5467=ORIENTED_EDGE('',*,*,#3776,.F.);
#5468=ORIENTED_EDGE('',*,*,#4019,.F.);
#5469=ORIENTED_EDGE('',*,*,#3573,.T.);
#5470=ORIENTED_EDGE('',*,*,#4019,.T.);
#5471=ORIENTED_EDGE('',*,*,#3775,.F.);
#5472=ORIENTED_EDGE('',*,*,#4020,.F.);
#5473=ORIENTED_EDGE('',*,*,#3574,.T.);
#5474=ORIENTED_EDGE('',*,*,#4020,.T.);
#5475=ORIENTED_EDGE('',*,*,#3774,.F.);
#5476=ORIENTED_EDGE('',*,*,#4021,.F.);
#5477=ORIENTED_EDGE('',*,*,#3575,.T.);
#5478=ORIENTED_EDGE('',*,*,#4021,.T.);
#5479=ORIENTED_EDGE('',*,*,#3773,.F.);
#5480=ORIENTED_EDGE('',*,*,#4022,.F.);
#5481=ORIENTED_EDGE('',*,*,#3576,.T.);
#5482=ORIENTED_EDGE('',*,*,#4022,.T.);
#5483=ORIENTED_EDGE('',*,*,#3772,.F.);
#5484=ORIENTED_EDGE('',*,*,#4023,.F.);
#5485=ORIENTED_EDGE('',*,*,#3577,.T.);
#5486=ORIENTED_EDGE('',*,*,#4023,.T.);
#5487=ORIENTED_EDGE('',*,*,#3771,.F.);
#5488=ORIENTED_EDGE('',*,*,#3756,.F.);
#5489=ORIENTED_EDGE('',*,*,#3586,.T.);
#5490=ORIENTED_EDGE('',*,*,#3755,.T.);
#5491=ORIENTED_EDGE('',*,*,#3770,.F.);
#5492=ORIENTED_EDGE('',*,*,#3762,.F.);
#5493=ORIENTED_EDGE('',*,*,#3594,.T.);
#5494=ORIENTED_EDGE('',*,*,#3760,.T.);
#5495=ORIENTED_EDGE('',*,*,#3769,.F.);
#5496=ORIENTED_EDGE('',*,*,#4024,.F.);
#5497=ORIENTED_EDGE('',*,*,#3595,.T.);
#5498=ORIENTED_EDGE('',*,*,#4024,.T.);
#5499=ORIENTED_EDGE('',*,*,#3768,.F.);
#5500=ORIENTED_EDGE('',*,*,#4017,.F.);
#5501=ORIENTED_EDGE('',*,*,#4025,.F.);
#5502=ORIENTED_EDGE('',*,*,#4026,.T.);
#5503=ORIENTED_EDGE('',*,*,#4027,.F.);
#5504=ORIENTED_EDGE('',*,*,#4028,.F.);
#5505=ORIENTED_EDGE('',*,*,#4029,.F.);
#5506=ORIENTED_EDGE('',*,*,#4030,.F.);
#5507=ORIENTED_EDGE('',*,*,#4031,.F.);
#5508=ORIENTED_EDGE('',*,*,#4026,.F.);
#5509=ORIENTED_EDGE('',*,*,#4032,.F.);
#5510=ORIENTED_EDGE('',*,*,#4028,.T.);
#5511=ORIENTED_EDGE('',*,*,#4033,.F.);
#5512=ORIENTED_EDGE('',*,*,#4034,.F.);
#5513=ORIENTED_EDGE('',*,*,#4035,.F.);
#5514=ORIENTED_EDGE('',*,*,#4036,.T.);
#5515=ORIENTED_EDGE('',*,*,#4037,.F.);
#5516=ORIENTED_EDGE('',*,*,#4038,.F.);
#5517=ORIENTED_EDGE('',*,*,#4039,.F.);
#5518=ORIENTED_EDGE('',*,*,#4040,.F.);
#5519=ORIENTED_EDGE('',*,*,#4041,.F.);
#5520=ORIENTED_EDGE('',*,*,#4036,.F.);
#5521=ORIENTED_EDGE('',*,*,#4042,.F.);
#5522=ORIENTED_EDGE('',*,*,#4038,.T.);
#5523=ORIENTED_EDGE('',*,*,#4043,.F.);
#5524=ORIENTED_EDGE('',*,*,#4044,.F.);
#5525=ORIENTED_EDGE('',*,*,#4045,.F.);
#5526=ORIENTED_EDGE('',*,*,#4046,.T.);
#5527=ORIENTED_EDGE('',*,*,#4047,.F.);
#5528=ORIENTED_EDGE('',*,*,#4048,.F.);
#5529=ORIENTED_EDGE('',*,*,#4049,.F.);
#5530=ORIENTED_EDGE('',*,*,#4050,.F.);
#5531=ORIENTED_EDGE('',*,*,#4051,.F.);
#5532=ORIENTED_EDGE('',*,*,#4046,.F.);
#5533=ORIENTED_EDGE('',*,*,#4052,.F.);
#5534=ORIENTED_EDGE('',*,*,#4048,.T.);
#5535=ORIENTED_EDGE('',*,*,#4053,.F.);
#5536=ORIENTED_EDGE('',*,*,#4054,.F.);
#5537=ORIENTED_EDGE('',*,*,#4030,.T.);
#5538=ORIENTED_EDGE('',*,*,#4055,.F.);
#5539=ORIENTED_EDGE('',*,*,#4056,.F.);
#5540=ORIENTED_EDGE('',*,*,#4057,.F.);
#5541=ORIENTED_EDGE('',*,*,#4040,.T.);
#5542=ORIENTED_EDGE('',*,*,#4058,.F.);
#5543=ORIENTED_EDGE('',*,*,#4059,.F.);
#5544=ORIENTED_EDGE('',*,*,#4060,.F.);
#5545=ORIENTED_EDGE('',*,*,#4033,.T.);
#5546=ORIENTED_EDGE('',*,*,#4027,.T.);
#5547=ORIENTED_EDGE('',*,*,#4031,.T.);
#5548=ORIENTED_EDGE('',*,*,#4057,.T.);
#5549=ORIENTED_EDGE('',*,*,#4061,.F.);
#5550=ORIENTED_EDGE('',*,*,#4062,.T.);
#5551=ORIENTED_EDGE('',*,*,#4063,.F.);
#5552=ORIENTED_EDGE('',*,*,#4064,.F.);
#5553=ORIENTED_EDGE('',*,*,#4065,.F.);
#5554=ORIENTED_EDGE('',*,*,#4066,.F.);
#5555=ORIENTED_EDGE('',*,*,#4067,.F.);
#5556=ORIENTED_EDGE('',*,*,#4068,.F.);
#5557=ORIENTED_EDGE('',*,*,#4069,.F.);
#5558=ORIENTED_EDGE('',*,*,#4070,.F.);
#5559=ORIENTED_EDGE('',*,*,#4071,.T.);
#5560=ORIENTED_EDGE('',*,*,#4072,.F.);
#5561=ORIENTED_EDGE('',*,*,#4073,.T.);
#5562=ORIENTED_EDGE('',*,*,#4053,.T.);
#5563=ORIENTED_EDGE('',*,*,#4047,.T.);
#5564=ORIENTED_EDGE('',*,*,#4051,.T.);
#5565=ORIENTED_EDGE('',*,*,#4074,.T.);
#5566=ORIENTED_EDGE('',*,*,#4075,.F.);
#5567=ORIENTED_EDGE('',*,*,#4076,.T.);
#5568=ORIENTED_EDGE('',*,*,#4077,.F.);
#5569=ORIENTED_EDGE('',*,*,#4078,.F.);
#5570=ORIENTED_EDGE('',*,*,#4079,.F.);
#5571=ORIENTED_EDGE('',*,*,#4080,.T.);
#5572=ORIENTED_EDGE('',*,*,#4081,.F.);
#5573=ORIENTED_EDGE('',*,*,#4082,.T.);
#5574=ORIENTED_EDGE('',*,*,#4043,.T.);
#5575=ORIENTED_EDGE('',*,*,#4037,.T.);
#5576=ORIENTED_EDGE('',*,*,#4041,.T.);
#5577=ORIENTED_EDGE('',*,*,#4060,.T.);
#5578=ORIENTED_EDGE('',*,*,#4083,.F.);
#5579=ORIENTED_EDGE('',*,*,#4084,.T.);
#5580=ORIENTED_EDGE('',*,*,#4085,.F.);
#5581=ORIENTED_EDGE('',*,*,#4086,.F.);
#5582=ORIENTED_EDGE('',*,*,#4087,.F.);
#5583=ORIENTED_EDGE('',*,*,#4088,.F.);
#5584=ORIENTED_EDGE('',*,*,#4089,.F.);
#5585=ORIENTED_EDGE('',*,*,#4090,.F.);
#5586=ORIENTED_EDGE('',*,*,#4091,.T.);
#5587=ORIENTED_EDGE('',*,*,#4092,.F.);
#5588=ORIENTED_EDGE('',*,*,#4093,.T.);
#5589=ORIENTED_EDGE('',*,*,#4094,.F.);
#5590=ORIENTED_EDGE('',*,*,#4095,.F.);
#5591=ORIENTED_EDGE('',*,*,#4096,.F.);
#5592=ORIENTED_EDGE('',*,*,#4097,.F.);
#5593=ORIENTED_EDGE('',*,*,#4098,.F.);
#5594=ORIENTED_EDGE('',*,*,#4099,.F.);
#5595=ORIENTED_EDGE('',*,*,#4100,.F.);
#5596=ORIENTED_EDGE('',*,*,#4101,.F.);
#5597=ORIENTED_EDGE('',*,*,#4102,.F.);
#5598=ORIENTED_EDGE('',*,*,#4103,.F.);
#5599=ORIENTED_EDGE('',*,*,#4104,.F.);
#5600=ORIENTED_EDGE('',*,*,#4105,.F.);
#5601=ORIENTED_EDGE('',*,*,#4106,.F.);
#5602=ORIENTED_EDGE('',*,*,#4107,.F.);
#5603=ORIENTED_EDGE('',*,*,#4108,.F.);
#5604=ORIENTED_EDGE('',*,*,#4109,.F.);
#5605=ORIENTED_EDGE('',*,*,#4110,.F.);
#5606=ORIENTED_EDGE('',*,*,#4111,.F.);
#5607=ORIENTED_EDGE('',*,*,#4112,.F.);
#5608=ORIENTED_EDGE('',*,*,#4113,.F.);
#5609=ORIENTED_EDGE('',*,*,#4114,.F.);
#5610=ORIENTED_EDGE('',*,*,#4115,.F.);
#5611=ORIENTED_EDGE('',*,*,#4116,.F.);
#5612=ORIENTED_EDGE('',*,*,#4117,.F.);
#5613=ORIENTED_EDGE('',*,*,#4118,.F.);
#5614=ORIENTED_EDGE('',*,*,#4119,.F.);
#5615=ORIENTED_EDGE('',*,*,#4120,.F.);
#5616=ORIENTED_EDGE('',*,*,#4121,.F.);
#5617=ORIENTED_EDGE('',*,*,#4122,.F.);
#5618=ORIENTED_EDGE('',*,*,#4123,.F.);
#5619=ORIENTED_EDGE('',*,*,#4124,.F.);
#5620=ORIENTED_EDGE('',*,*,#4125,.F.);
#5621=ORIENTED_EDGE('',*,*,#4126,.F.);
#5622=ORIENTED_EDGE('',*,*,#4127,.F.);
#5623=ORIENTED_EDGE('',*,*,#4128,.F.);
#5624=ORIENTED_EDGE('',*,*,#4129,.F.);
#5625=ORIENTED_EDGE('',*,*,#4130,.F.);
#5626=ORIENTED_EDGE('',*,*,#4131,.F.);
#5627=ORIENTED_EDGE('',*,*,#4132,.F.);
#5628=ORIENTED_EDGE('',*,*,#4133,.F.);
#5629=ORIENTED_EDGE('',*,*,#4134,.F.);
#5630=ORIENTED_EDGE('',*,*,#4135,.F.);
#5631=ORIENTED_EDGE('',*,*,#4136,.F.);
#5632=ORIENTED_EDGE('',*,*,#4137,.F.);
#5633=ORIENTED_EDGE('',*,*,#4138,.F.);
#5634=ORIENTED_EDGE('',*,*,#4139,.F.);
#5635=ORIENTED_EDGE('',*,*,#4140,.F.);
#5636=ORIENTED_EDGE('',*,*,#4141,.F.);
#5637=ORIENTED_EDGE('',*,*,#4142,.F.);
#5638=ORIENTED_EDGE('',*,*,#4143,.F.);
#5639=ORIENTED_EDGE('',*,*,#4144,.F.);
#5640=ORIENTED_EDGE('',*,*,#4145,.F.);
#5641=ORIENTED_EDGE('',*,*,#4146,.F.);
#5642=ORIENTED_EDGE('',*,*,#4147,.F.);
#5643=ORIENTED_EDGE('',*,*,#4148,.F.);
#5644=ORIENTED_EDGE('',*,*,#4149,.F.);
#5645=ORIENTED_EDGE('',*,*,#4150,.F.);
#5646=ORIENTED_EDGE('',*,*,#4151,.F.);
#5647=ORIENTED_EDGE('',*,*,#4152,.F.);
#5648=ORIENTED_EDGE('',*,*,#4153,.F.);
#5649=ORIENTED_EDGE('',*,*,#4154,.F.);
#5650=ORIENTED_EDGE('',*,*,#4155,.F.);
#5651=ORIENTED_EDGE('',*,*,#4156,.F.);
#5652=ORIENTED_EDGE('',*,*,#4157,.F.);
#5653=ORIENTED_EDGE('',*,*,#4158,.F.);
#5654=ORIENTED_EDGE('',*,*,#4159,.F.);
#5655=ORIENTED_EDGE('',*,*,#4160,.F.);
#5656=ORIENTED_EDGE('',*,*,#4161,.F.);
#5657=ORIENTED_EDGE('',*,*,#4162,.F.);
#5658=ORIENTED_EDGE('',*,*,#4163,.F.);
#5659=ORIENTED_EDGE('',*,*,#4164,.F.);
#5660=ORIENTED_EDGE('',*,*,#4165,.F.);
#5661=ORIENTED_EDGE('',*,*,#4166,.F.);
#5662=ORIENTED_EDGE('',*,*,#4167,.F.);
#5663=ORIENTED_EDGE('',*,*,#4168,.F.);
#5664=ORIENTED_EDGE('',*,*,#4169,.F.);
#5665=ORIENTED_EDGE('',*,*,#4170,.F.);
#5666=ORIENTED_EDGE('',*,*,#4171,.F.);
#5667=ORIENTED_EDGE('',*,*,#4172,.F.);
#5668=ORIENTED_EDGE('',*,*,#4173,.F.);
#5669=ORIENTED_EDGE('',*,*,#4174,.F.);
#5670=ORIENTED_EDGE('',*,*,#4175,.F.);
#5671=ORIENTED_EDGE('',*,*,#4176,.F.);
#5672=ORIENTED_EDGE('',*,*,#4177,.F.);
#5673=ORIENTED_EDGE('',*,*,#4178,.F.);
#5674=ORIENTED_EDGE('',*,*,#4179,.F.);
#5675=ORIENTED_EDGE('',*,*,#4180,.F.);
#5676=ORIENTED_EDGE('',*,*,#4181,.F.);
#5677=ORIENTED_EDGE('',*,*,#4182,.F.);
#5678=ORIENTED_EDGE('',*,*,#4183,.F.);
#5679=ORIENTED_EDGE('',*,*,#4184,.F.);
#5680=ORIENTED_EDGE('',*,*,#4185,.F.);
#5681=ORIENTED_EDGE('',*,*,#4186,.F.);
#5682=ORIENTED_EDGE('',*,*,#4187,.F.);
#5683=ORIENTED_EDGE('',*,*,#4188,.F.);
#5684=ORIENTED_EDGE('',*,*,#4189,.F.);
#5685=ORIENTED_EDGE('',*,*,#4190,.F.);
#5686=ORIENTED_EDGE('',*,*,#4191,.F.);
#5687=ORIENTED_EDGE('',*,*,#4192,.F.);
#5688=ORIENTED_EDGE('',*,*,#4193,.F.);
#5689=ORIENTED_EDGE('',*,*,#4194,.F.);
#5690=ORIENTED_EDGE('',*,*,#4195,.F.);
#5691=ORIENTED_EDGE('',*,*,#4196,.F.);
#5692=ORIENTED_EDGE('',*,*,#4197,.F.);
#5693=ORIENTED_EDGE('',*,*,#4198,.F.);
#5694=ORIENTED_EDGE('',*,*,#4199,.F.);
#5695=ORIENTED_EDGE('',*,*,#4200,.F.);
#5696=ORIENTED_EDGE('',*,*,#4201,.F.);
#5697=ORIENTED_EDGE('',*,*,#4202,.F.);
#5698=ORIENTED_EDGE('',*,*,#4203,.F.);
#5699=ORIENTED_EDGE('',*,*,#4204,.F.);
#5700=ORIENTED_EDGE('',*,*,#4205,.F.);
#5701=ORIENTED_EDGE('',*,*,#4206,.F.);
#5702=ORIENTED_EDGE('',*,*,#4207,.F.);
#5703=ORIENTED_EDGE('',*,*,#4208,.F.);
#5704=ORIENTED_EDGE('',*,*,#4209,.F.);
#5705=ORIENTED_EDGE('',*,*,#4210,.F.);
#5706=ORIENTED_EDGE('',*,*,#4211,.F.);
#5707=ORIENTED_EDGE('',*,*,#4212,.F.);
#5708=ORIENTED_EDGE('',*,*,#4213,.F.);
#5709=ORIENTED_EDGE('',*,*,#4050,.T.);
#5710=ORIENTED_EDGE('',*,*,#4214,.F.);
#5711=ORIENTED_EDGE('',*,*,#4215,.F.);
#5712=ORIENTED_EDGE('',*,*,#4074,.F.);
#5713=ORIENTED_EDGE('',*,*,#4216,.T.);
#5714=ORIENTED_EDGE('',*,*,#4217,.T.);
#5715=ORIENTED_EDGE('',*,*,#4092,.T.);
#5716=ORIENTED_EDGE('',*,*,#4218,.T.);
#5717=ORIENTED_EDGE('',*,*,#4034,.T.);
#5718=ORIENTED_EDGE('',*,*,#4093,.F.);
#5719=ORIENTED_EDGE('',*,*,#4217,.F.);
#5720=ORIENTED_EDGE('',*,*,#4219,.F.);
#5721=ORIENTED_EDGE('',*,*,#4220,.T.);
#5722=ORIENTED_EDGE('',*,*,#4221,.T.);
#5723=ORIENTED_EDGE('',*,*,#4061,.T.);
#5724=ORIENTED_EDGE('',*,*,#4056,.T.);
#5725=ORIENTED_EDGE('',*,*,#4083,.T.);
#5726=ORIENTED_EDGE('',*,*,#4059,.T.);
#5727=ORIENTED_EDGE('',*,*,#4222,.T.);
#5728=ORIENTED_EDGE('',*,*,#4223,.T.);
#5729=ORIENTED_EDGE('',*,*,#4044,.T.);
#5730=ORIENTED_EDGE('',*,*,#4082,.F.);
#5731=ORIENTED_EDGE('',*,*,#4224,.F.);
#5732=ORIENTED_EDGE('',*,*,#4225,.F.);
#5733=ORIENTED_EDGE('',*,*,#4081,.T.);
#5734=ORIENTED_EDGE('',*,*,#4226,.T.);
#5735=ORIENTED_EDGE('',*,*,#4227,.T.);
#5736=ORIENTED_EDGE('',*,*,#4224,.T.);
#5737=ORIENTED_EDGE('',*,*,#4226,.F.);
#5738=ORIENTED_EDGE('',*,*,#4080,.F.);
#5739=ORIENTED_EDGE('',*,*,#4228,.T.);
#5740=ORIENTED_EDGE('',*,*,#4229,.F.);
#5741=ORIENTED_EDGE('',*,*,#4230,.T.);
#5742=ORIENTED_EDGE('',*,*,#4231,.T.);
#5743=ORIENTED_EDGE('',*,*,#4075,.T.);
#5744=ORIENTED_EDGE('',*,*,#4215,.T.);
#5745=ORIENTED_EDGE('',*,*,#4054,.T.);
#5746=ORIENTED_EDGE('',*,*,#4073,.F.);
#5747=ORIENTED_EDGE('',*,*,#4232,.F.);
#5748=ORIENTED_EDGE('',*,*,#4233,.F.);
#5749=ORIENTED_EDGE('',*,*,#4234,.T.);
#5750=ORIENTED_EDGE('',*,*,#4232,.T.);
#5751=ORIENTED_EDGE('',*,*,#4072,.T.);
#5752=ORIENTED_EDGE('',*,*,#4235,.T.);
#5753=ORIENTED_EDGE('',*,*,#4221,.F.);
#5754=ORIENTED_EDGE('',*,*,#4236,.F.);
#5755=ORIENTED_EDGE('',*,*,#4237,.F.);
#5756=ORIENTED_EDGE('',*,*,#4062,.F.);
#5757=ORIENTED_EDGE('',*,*,#4218,.F.);
#5758=ORIENTED_EDGE('',*,*,#4091,.F.);
#5759=ORIENTED_EDGE('',*,*,#4238,.F.);
#5760=ORIENTED_EDGE('',*,*,#4239,.F.);
#5761=ORIENTED_EDGE('',*,*,#4237,.T.);
#5762=ORIENTED_EDGE('',*,*,#4240,.F.);
#5763=ORIENTED_EDGE('',*,*,#4241,.F.);
#5764=ORIENTED_EDGE('',*,*,#4063,.T.);
#5765=ORIENTED_EDGE('',*,*,#4238,.T.);
#5766=ORIENTED_EDGE('',*,*,#4090,.T.);
#5767=ORIENTED_EDGE('',*,*,#4242,.T.);
#5768=ORIENTED_EDGE('',*,*,#4243,.F.);
#5769=ORIENTED_EDGE('',*,*,#4235,.F.);
#5770=ORIENTED_EDGE('',*,*,#4071,.F.);
#5771=ORIENTED_EDGE('',*,*,#4244,.F.);
#5772=ORIENTED_EDGE('',*,*,#4245,.F.);
#5773=ORIENTED_EDGE('',*,*,#4231,.F.);
#5774=ORIENTED_EDGE('',*,*,#4246,.F.);
#5775=ORIENTED_EDGE('',*,*,#4247,.F.);
#5776=ORIENTED_EDGE('',*,*,#4076,.F.);
#5777=ORIENTED_EDGE('',*,*,#4247,.T.);
#5778=ORIENTED_EDGE('',*,*,#4248,.F.);
#5779=ORIENTED_EDGE('',*,*,#4249,.F.);
#5780=ORIENTED_EDGE('',*,*,#4077,.T.);
#5781=ORIENTED_EDGE('',*,*,#4244,.T.);
#5782=ORIENTED_EDGE('',*,*,#4070,.T.);
#5783=ORIENTED_EDGE('',*,*,#4250,.T.);
#5784=ORIENTED_EDGE('',*,*,#4251,.F.);
#5785=ORIENTED_EDGE('',*,*,#4252,.F.);
#5786=ORIENTED_EDGE('',*,*,#4253,.F.);
#5787=ORIENTED_EDGE('',*,*,#4254,.F.);
#5788=ORIENTED_EDGE('',*,*,#4085,.T.);
#5789=ORIENTED_EDGE('',*,*,#4228,.F.);
#5790=ORIENTED_EDGE('',*,*,#4079,.T.);
#5791=ORIENTED_EDGE('',*,*,#4255,.T.);
#5792=ORIENTED_EDGE('',*,*,#4256,.F.);
#5793=ORIENTED_EDGE('',*,*,#4223,.F.);
#5794=ORIENTED_EDGE('',*,*,#4257,.F.);
#5795=ORIENTED_EDGE('',*,*,#4252,.T.);
#5796=ORIENTED_EDGE('',*,*,#4084,.F.);
#5797=ORIENTED_EDGE('',*,*,#4032,.T.);
#5798=ORIENTED_EDGE('',*,*,#4219,.T.);
#5799=ORIENTED_EDGE('',*,*,#4216,.F.);
#5800=ORIENTED_EDGE('',*,*,#4239,.T.);
#5801=ORIENTED_EDGE('',*,*,#4243,.T.);
#5802=ORIENTED_EDGE('',*,*,#4258,.T.);
#5803=ORIENTED_EDGE('',*,*,#4259,.T.);
#5804=ORIENTED_EDGE('',*,*,#4260,.T.);
#5805=ORIENTED_EDGE('',*,*,#4261,.T.);
#5806=ORIENTED_EDGE('',*,*,#4253,.T.);
#5807=ORIENTED_EDGE('',*,*,#4257,.T.);
#5808=ORIENTED_EDGE('',*,*,#4222,.F.);
#5809=ORIENTED_EDGE('',*,*,#4058,.T.);
#5810=ORIENTED_EDGE('',*,*,#4039,.T.);
#5811=ORIENTED_EDGE('',*,*,#4035,.T.);
#5812=ORIENTED_EDGE('',*,*,#4042,.T.);
#5813=ORIENTED_EDGE('',*,*,#4225,.T.);
#5814=ORIENTED_EDGE('',*,*,#4227,.F.);
#5815=ORIENTED_EDGE('',*,*,#4229,.T.);
#5816=ORIENTED_EDGE('',*,*,#4256,.T.);
#5817=ORIENTED_EDGE('',*,*,#4262,.T.);
#5818=ORIENTED_EDGE('',*,*,#4248,.T.);
#5819=ORIENTED_EDGE('',*,*,#4246,.T.);
#5820=ORIENTED_EDGE('',*,*,#4230,.F.);
#5821=ORIENTED_EDGE('',*,*,#4214,.T.);
#5822=ORIENTED_EDGE('',*,*,#4049,.T.);
#5823=ORIENTED_EDGE('',*,*,#4045,.T.);
#5824=ORIENTED_EDGE('',*,*,#4052,.T.);
#5825=ORIENTED_EDGE('',*,*,#4233,.T.);
#5826=ORIENTED_EDGE('',*,*,#4234,.F.);
#5827=ORIENTED_EDGE('',*,*,#4245,.T.);
#5828=ORIENTED_EDGE('',*,*,#4251,.T.);
#5829=ORIENTED_EDGE('',*,*,#4263,.T.);
#5830=ORIENTED_EDGE('',*,*,#4264,.T.);
#5831=ORIENTED_EDGE('',*,*,#4265,.T.);
#5832=ORIENTED_EDGE('',*,*,#4266,.T.);
#5833=ORIENTED_EDGE('',*,*,#4267,.T.);
#5834=ORIENTED_EDGE('',*,*,#4268,.T.);
#5835=ORIENTED_EDGE('',*,*,#4240,.T.);
#5836=ORIENTED_EDGE('',*,*,#4236,.T.);
#5837=ORIENTED_EDGE('',*,*,#4220,.F.);
#5838=ORIENTED_EDGE('',*,*,#4055,.T.);
#5839=ORIENTED_EDGE('',*,*,#4029,.T.);
#5840=ORIENTED_EDGE('',*,*,#4025,.T.);
#5841=ORIENTED_EDGE('',*,*,#4269,.T.);
#5842=ORIENTED_EDGE('',*,*,#4270,.T.);
#5843=ORIENTED_EDGE('',*,*,#4271,.T.);
#5844=ORIENTED_EDGE('',*,*,#4272,.T.);
#5845=ORIENTED_EDGE('',*,*,#4273,.T.);
#5846=ORIENTED_EDGE('',*,*,#4274,.T.);
#5847=ORIENTED_EDGE('',*,*,#4275,.T.);
#5848=ORIENTED_EDGE('',*,*,#4276,.T.);
#5849=ORIENTED_EDGE('',*,*,#4277,.T.);
#5850=ORIENTED_EDGE('',*,*,#4278,.T.);
#5851=ORIENTED_EDGE('',*,*,#4279,.T.);
#5852=ORIENTED_EDGE('',*,*,#4280,.T.);
#5853=ORIENTED_EDGE('',*,*,#4281,.T.);
#5854=ORIENTED_EDGE('',*,*,#4282,.T.);
#5855=ORIENTED_EDGE('',*,*,#4283,.T.);
#5856=ORIENTED_EDGE('',*,*,#4284,.T.);
#5857=ORIENTED_EDGE('',*,*,#4285,.T.);
#5858=ORIENTED_EDGE('',*,*,#4286,.T.);
#5859=ORIENTED_EDGE('',*,*,#4287,.T.);
#5860=ORIENTED_EDGE('',*,*,#4288,.T.);
#5861=ORIENTED_EDGE('',*,*,#4289,.T.);
#5862=ORIENTED_EDGE('',*,*,#4290,.T.);
#5863=ORIENTED_EDGE('',*,*,#4291,.T.);
#5864=ORIENTED_EDGE('',*,*,#4292,.T.);
#5865=ORIENTED_EDGE('',*,*,#4293,.T.);
#5866=ORIENTED_EDGE('',*,*,#4294,.T.);
#5867=ORIENTED_EDGE('',*,*,#4295,.T.);
#5868=ORIENTED_EDGE('',*,*,#4296,.T.);
#5869=ORIENTED_EDGE('',*,*,#4297,.T.);
#5870=ORIENTED_EDGE('',*,*,#4298,.T.);
#5871=ORIENTED_EDGE('',*,*,#4299,.T.);
#5872=ORIENTED_EDGE('',*,*,#4300,.T.);
#5873=ORIENTED_EDGE('',*,*,#4301,.T.);
#5874=ORIENTED_EDGE('',*,*,#4302,.T.);
#5875=ORIENTED_EDGE('',*,*,#4303,.T.);
#5876=ORIENTED_EDGE('',*,*,#4304,.T.);
#5877=ORIENTED_EDGE('',*,*,#4305,.T.);
#5878=ORIENTED_EDGE('',*,*,#4306,.T.);
#5879=ORIENTED_EDGE('',*,*,#4307,.T.);
#5880=ORIENTED_EDGE('',*,*,#4308,.T.);
#5881=ORIENTED_EDGE('',*,*,#4309,.T.);
#5882=ORIENTED_EDGE('',*,*,#4310,.T.);
#5883=ORIENTED_EDGE('',*,*,#4311,.T.);
#5884=ORIENTED_EDGE('',*,*,#4312,.T.);
#5885=ORIENTED_EDGE('',*,*,#4313,.T.);
#5886=ORIENTED_EDGE('',*,*,#4314,.T.);
#5887=ORIENTED_EDGE('',*,*,#4315,.T.);
#5888=ORIENTED_EDGE('',*,*,#4316,.T.);
#5889=ORIENTED_EDGE('',*,*,#4317,.T.);
#5890=ORIENTED_EDGE('',*,*,#4318,.T.);
#5891=ORIENTED_EDGE('',*,*,#4319,.T.);
#5892=ORIENTED_EDGE('',*,*,#4320,.T.);
#5893=ORIENTED_EDGE('',*,*,#4321,.T.);
#5894=ORIENTED_EDGE('',*,*,#4322,.T.);
#5895=ORIENTED_EDGE('',*,*,#4323,.T.);
#5896=ORIENTED_EDGE('',*,*,#4324,.T.);
#5897=ORIENTED_EDGE('',*,*,#4325,.T.);
#5898=ORIENTED_EDGE('',*,*,#4326,.T.);
#5899=ORIENTED_EDGE('',*,*,#4327,.T.);
#5900=ORIENTED_EDGE('',*,*,#4328,.T.);
#5901=ORIENTED_EDGE('',*,*,#4329,.T.);
#5902=ORIENTED_EDGE('',*,*,#4330,.T.);
#5903=ORIENTED_EDGE('',*,*,#4331,.T.);
#5904=ORIENTED_EDGE('',*,*,#4332,.T.);
#5905=ORIENTED_EDGE('',*,*,#4333,.T.);
#5906=ORIENTED_EDGE('',*,*,#4334,.T.);
#5907=ORIENTED_EDGE('',*,*,#4335,.T.);
#5908=ORIENTED_EDGE('',*,*,#4336,.T.);
#5909=ORIENTED_EDGE('',*,*,#4337,.T.);
#5910=ORIENTED_EDGE('',*,*,#4338,.T.);
#5911=ORIENTED_EDGE('',*,*,#4339,.T.);
#5912=ORIENTED_EDGE('',*,*,#4340,.T.);
#5913=ORIENTED_EDGE('',*,*,#4341,.T.);
#5914=ORIENTED_EDGE('',*,*,#4342,.T.);
#5915=ORIENTED_EDGE('',*,*,#4343,.T.);
#5916=ORIENTED_EDGE('',*,*,#4344,.T.);
#5917=ORIENTED_EDGE('',*,*,#4345,.T.);
#5918=ORIENTED_EDGE('',*,*,#4346,.T.);
#5919=ORIENTED_EDGE('',*,*,#4347,.T.);
#5920=ORIENTED_EDGE('',*,*,#4348,.T.);
#5921=ORIENTED_EDGE('',*,*,#4349,.T.);
#5922=ORIENTED_EDGE('',*,*,#4350,.T.);
#5923=ORIENTED_EDGE('',*,*,#4351,.T.);
#5924=ORIENTED_EDGE('',*,*,#4352,.T.);
#5925=ORIENTED_EDGE('',*,*,#4353,.T.);
#5926=ORIENTED_EDGE('',*,*,#4354,.T.);
#5927=ORIENTED_EDGE('',*,*,#4355,.T.);
#5928=ORIENTED_EDGE('',*,*,#4356,.T.);
#5929=ORIENTED_EDGE('',*,*,#4357,.T.);
#5930=ORIENTED_EDGE('',*,*,#4358,.T.);
#5931=ORIENTED_EDGE('',*,*,#4359,.T.);
#5932=ORIENTED_EDGE('',*,*,#4360,.T.);
#5933=ORIENTED_EDGE('',*,*,#4361,.T.);
#5934=ORIENTED_EDGE('',*,*,#4362,.T.);
#5935=ORIENTED_EDGE('',*,*,#4363,.T.);
#5936=ORIENTED_EDGE('',*,*,#4364,.T.);
#5937=ORIENTED_EDGE('',*,*,#4365,.T.);
#5938=ORIENTED_EDGE('',*,*,#4366,.T.);
#5939=ORIENTED_EDGE('',*,*,#4367,.T.);
#5940=ORIENTED_EDGE('',*,*,#4368,.T.);
#5941=ORIENTED_EDGE('',*,*,#4369,.T.);
#5942=ORIENTED_EDGE('',*,*,#4370,.T.);
#5943=ORIENTED_EDGE('',*,*,#4371,.T.);
#5944=ORIENTED_EDGE('',*,*,#4372,.T.);
#5945=ORIENTED_EDGE('',*,*,#4373,.T.);
#5946=ORIENTED_EDGE('',*,*,#4374,.T.);
#5947=ORIENTED_EDGE('',*,*,#4375,.T.);
#5948=ORIENTED_EDGE('',*,*,#4376,.T.);
#5949=ORIENTED_EDGE('',*,*,#4377,.T.);
#5950=ORIENTED_EDGE('',*,*,#4378,.T.);
#5951=ORIENTED_EDGE('',*,*,#4379,.T.);
#5952=ORIENTED_EDGE('',*,*,#4380,.T.);
#5953=ORIENTED_EDGE('',*,*,#4381,.T.);
#5954=ORIENTED_EDGE('',*,*,#4382,.T.);
#5955=ORIENTED_EDGE('',*,*,#4383,.T.);
#5956=ORIENTED_EDGE('',*,*,#4384,.T.);
#5957=ORIENTED_EDGE('',*,*,#4385,.T.);
#5958=ORIENTED_EDGE('',*,*,#4386,.T.);
#5959=ORIENTED_EDGE('',*,*,#4387,.T.);
#5960=ORIENTED_EDGE('',*,*,#4388,.T.);
#5961=ORIENTED_EDGE('',*,*,#4095,.T.);
#5962=ORIENTED_EDGE('',*,*,#4389,.T.);
#5963=ORIENTED_EDGE('',*,*,#4272,.F.);
#5964=ORIENTED_EDGE('',*,*,#4390,.F.);
#5965=ORIENTED_EDGE('',*,*,#4096,.T.);
#5966=ORIENTED_EDGE('',*,*,#4390,.T.);
#5967=ORIENTED_EDGE('',*,*,#4271,.F.);
#5968=ORIENTED_EDGE('',*,*,#4391,.F.);
#5969=ORIENTED_EDGE('',*,*,#4097,.T.);
#5970=ORIENTED_EDGE('',*,*,#4391,.T.);
#5971=ORIENTED_EDGE('',*,*,#4270,.F.);
#5972=ORIENTED_EDGE('',*,*,#4392,.F.);
#5973=ORIENTED_EDGE('',*,*,#4094,.T.);
#5974=ORIENTED_EDGE('',*,*,#4392,.T.);
#5975=ORIENTED_EDGE('',*,*,#4269,.F.);
#5976=ORIENTED_EDGE('',*,*,#4389,.F.);
#5977=ORIENTED_EDGE('',*,*,#4099,.T.);
#5978=ORIENTED_EDGE('',*,*,#4393,.T.);
#5979=ORIENTED_EDGE('',*,*,#4276,.F.);
#5980=ORIENTED_EDGE('',*,*,#4394,.F.);
#5981=ORIENTED_EDGE('',*,*,#4100,.T.);
#5982=ORIENTED_EDGE('',*,*,#4394,.T.);
#5983=ORIENTED_EDGE('',*,*,#4275,.F.);
#5984=ORIENTED_EDGE('',*,*,#4395,.F.);
#5985=ORIENTED_EDGE('',*,*,#4101,.T.);
#5986=ORIENTED_EDGE('',*,*,#4395,.T.);
#5987=ORIENTED_EDGE('',*,*,#4274,.F.);
#5988=ORIENTED_EDGE('',*,*,#4396,.F.);
#5989=ORIENTED_EDGE('',*,*,#4098,.T.);
#5990=ORIENTED_EDGE('',*,*,#4396,.T.);
#5991=ORIENTED_EDGE('',*,*,#4273,.F.);
#5992=ORIENTED_EDGE('',*,*,#4393,.F.);
#5993=ORIENTED_EDGE('',*,*,#4103,.T.);
#5994=ORIENTED_EDGE('',*,*,#4397,.T.);
#5995=ORIENTED_EDGE('',*,*,#4280,.F.);
#5996=ORIENTED_EDGE('',*,*,#4398,.F.);
#5997=ORIENTED_EDGE('',*,*,#4104,.T.);
#5998=ORIENTED_EDGE('',*,*,#4398,.T.);
#5999=ORIENTED_EDGE('',*,*,#4279,.F.);
#6000=ORIENTED_EDGE('',*,*,#4399,.F.);
#6001=ORIENTED_EDGE('',*,*,#4105,.T.);
#6002=ORIENTED_EDGE('',*,*,#4399,.T.);
#6003=ORIENTED_EDGE('',*,*,#4278,.F.);
#6004=ORIENTED_EDGE('',*,*,#4400,.F.);
#6005=ORIENTED_EDGE('',*,*,#4102,.T.);
#6006=ORIENTED_EDGE('',*,*,#4400,.T.);
#6007=ORIENTED_EDGE('',*,*,#4277,.F.);
#6008=ORIENTED_EDGE('',*,*,#4397,.F.);
#6009=ORIENTED_EDGE('',*,*,#4107,.T.);
#6010=ORIENTED_EDGE('',*,*,#4401,.T.);
#6011=ORIENTED_EDGE('',*,*,#4284,.F.);
#6012=ORIENTED_EDGE('',*,*,#4402,.F.);
#6013=ORIENTED_EDGE('',*,*,#4108,.T.);
#6014=ORIENTED_EDGE('',*,*,#4402,.T.);
#6015=ORIENTED_EDGE('',*,*,#4283,.F.);
#6016=ORIENTED_EDGE('',*,*,#4403,.F.);
#6017=ORIENTED_EDGE('',*,*,#4109,.T.);
#6018=ORIENTED_EDGE('',*,*,#4403,.T.);
#6019=ORIENTED_EDGE('',*,*,#4282,.F.);
#6020=ORIENTED_EDGE('',*,*,#4404,.F.);
#6021=ORIENTED_EDGE('',*,*,#4106,.T.);
#6022=ORIENTED_EDGE('',*,*,#4404,.T.);
#6023=ORIENTED_EDGE('',*,*,#4281,.F.);
#6024=ORIENTED_EDGE('',*,*,#4401,.F.);
#6025=ORIENTED_EDGE('',*,*,#4111,.T.);
#6026=ORIENTED_EDGE('',*,*,#4405,.T.);
#6027=ORIENTED_EDGE('',*,*,#4288,.F.);
#6028=ORIENTED_EDGE('',*,*,#4406,.F.);
#6029=ORIENTED_EDGE('',*,*,#4112,.T.);
#6030=ORIENTED_EDGE('',*,*,#4406,.T.);
#6031=ORIENTED_EDGE('',*,*,#4287,.F.);
#6032=ORIENTED_EDGE('',*,*,#4407,.F.);
#6033=ORIENTED_EDGE('',*,*,#4113,.T.);
#6034=ORIENTED_EDGE('',*,*,#4407,.T.);
#6035=ORIENTED_EDGE('',*,*,#4286,.F.);
#6036=ORIENTED_EDGE('',*,*,#4408,.F.);
#6037=ORIENTED_EDGE('',*,*,#4110,.T.);
#6038=ORIENTED_EDGE('',*,*,#4408,.T.);
#6039=ORIENTED_EDGE('',*,*,#4285,.F.);
#6040=ORIENTED_EDGE('',*,*,#4405,.F.);
#6041=ORIENTED_EDGE('',*,*,#4115,.T.);
#6042=ORIENTED_EDGE('',*,*,#4409,.T.);
#6043=ORIENTED_EDGE('',*,*,#4292,.F.);
#6044=ORIENTED_EDGE('',*,*,#4410,.F.);
#6045=ORIENTED_EDGE('',*,*,#4116,.T.);
#6046=ORIENTED_EDGE('',*,*,#4410,.T.);
#6047=ORIENTED_EDGE('',*,*,#4291,.F.);
#6048=ORIENTED_EDGE('',*,*,#4411,.F.);
#6049=ORIENTED_EDGE('',*,*,#4117,.T.);
#6050=ORIENTED_EDGE('',*,*,#4411,.T.);
#6051=ORIENTED_EDGE('',*,*,#4290,.F.);
#6052=ORIENTED_EDGE('',*,*,#4412,.F.);
#6053=ORIENTED_EDGE('',*,*,#4114,.T.);
#6054=ORIENTED_EDGE('',*,*,#4412,.T.);
#6055=ORIENTED_EDGE('',*,*,#4289,.F.);
#6056=ORIENTED_EDGE('',*,*,#4409,.F.);
#6057=ORIENTED_EDGE('',*,*,#4119,.T.);
#6058=ORIENTED_EDGE('',*,*,#4413,.T.);
#6059=ORIENTED_EDGE('',*,*,#4296,.F.);
#6060=ORIENTED_EDGE('',*,*,#4414,.F.);
#6061=ORIENTED_EDGE('',*,*,#4120,.T.);
#6062=ORIENTED_EDGE('',*,*,#4414,.T.);
#6063=ORIENTED_EDGE('',*,*,#4295,.F.);
#6064=ORIENTED_EDGE('',*,*,#4415,.F.);
#6065=ORIENTED_EDGE('',*,*,#4121,.T.);
#6066=ORIENTED_EDGE('',*,*,#4415,.T.);
#6067=ORIENTED_EDGE('',*,*,#4294,.F.);
#6068=ORIENTED_EDGE('',*,*,#4416,.F.);
#6069=ORIENTED_EDGE('',*,*,#4118,.T.);
#6070=ORIENTED_EDGE('',*,*,#4416,.T.);
#6071=ORIENTED_EDGE('',*,*,#4293,.F.);
#6072=ORIENTED_EDGE('',*,*,#4413,.F.);
#6073=ORIENTED_EDGE('',*,*,#4123,.T.);
#6074=ORIENTED_EDGE('',*,*,#4417,.T.);
#6075=ORIENTED_EDGE('',*,*,#4300,.F.);
#6076=ORIENTED_EDGE('',*,*,#4418,.F.);
#6077=ORIENTED_EDGE('',*,*,#4124,.T.);
#6078=ORIENTED_EDGE('',*,*,#4418,.T.);
#6079=ORIENTED_EDGE('',*,*,#4299,.F.);
#6080=ORIENTED_EDGE('',*,*,#4419,.F.);
#6081=ORIENTED_EDGE('',*,*,#4125,.T.);
#6082=ORIENTED_EDGE('',*,*,#4419,.T.);
#6083=ORIENTED_EDGE('',*,*,#4298,.F.);
#6084=ORIENTED_EDGE('',*,*,#4420,.F.);
#6085=ORIENTED_EDGE('',*,*,#4122,.T.);
#6086=ORIENTED_EDGE('',*,*,#4420,.T.);
#6087=ORIENTED_EDGE('',*,*,#4297,.F.);
#6088=ORIENTED_EDGE('',*,*,#4417,.F.);
#6089=ORIENTED_EDGE('',*,*,#4127,.T.);
#6090=ORIENTED_EDGE('',*,*,#4421,.T.);
#6091=ORIENTED_EDGE('',*,*,#4304,.F.);
#6092=ORIENTED_EDGE('',*,*,#4422,.F.);
#6093=ORIENTED_EDGE('',*,*,#4128,.T.);
#6094=ORIENTED_EDGE('',*,*,#4422,.T.);
#6095=ORIENTED_EDGE('',*,*,#4303,.F.);
#6096=ORIENTED_EDGE('',*,*,#4423,.F.);
#6097=ORIENTED_EDGE('',*,*,#4129,.T.);
#6098=ORIENTED_EDGE('',*,*,#4423,.T.);
#6099=ORIENTED_EDGE('',*,*,#4302,.F.);
#6100=ORIENTED_EDGE('',*,*,#4424,.F.);
#6101=ORIENTED_EDGE('',*,*,#4126,.T.);
#6102=ORIENTED_EDGE('',*,*,#4424,.T.);
#6103=ORIENTED_EDGE('',*,*,#4301,.F.);
#6104=ORIENTED_EDGE('',*,*,#4421,.F.);
#6105=ORIENTED_EDGE('',*,*,#4131,.T.);
#6106=ORIENTED_EDGE('',*,*,#4425,.T.);
#6107=ORIENTED_EDGE('',*,*,#4308,.F.);
#6108=ORIENTED_EDGE('',*,*,#4426,.F.);
#6109=ORIENTED_EDGE('',*,*,#4132,.T.);
#6110=ORIENTED_EDGE('',*,*,#4426,.T.);
#6111=ORIENTED_EDGE('',*,*,#4307,.F.);
#6112=ORIENTED_EDGE('',*,*,#4427,.F.);
#6113=ORIENTED_EDGE('',*,*,#4133,.T.);
#6114=ORIENTED_EDGE('',*,*,#4427,.T.);
#6115=ORIENTED_EDGE('',*,*,#4306,.F.);
#6116=ORIENTED_EDGE('',*,*,#4428,.F.);
#6117=ORIENTED_EDGE('',*,*,#4130,.T.);
#6118=ORIENTED_EDGE('',*,*,#4428,.T.);
#6119=ORIENTED_EDGE('',*,*,#4305,.F.);
#6120=ORIENTED_EDGE('',*,*,#4425,.F.);
#6121=ORIENTED_EDGE('',*,*,#4135,.T.);
#6122=ORIENTED_EDGE('',*,*,#4429,.T.);
#6123=ORIENTED_EDGE('',*,*,#4312,.F.);
#6124=ORIENTED_EDGE('',*,*,#4430,.F.);
#6125=ORIENTED_EDGE('',*,*,#4136,.T.);
#6126=ORIENTED_EDGE('',*,*,#4430,.T.);
#6127=ORIENTED_EDGE('',*,*,#4311,.F.);
#6128=ORIENTED_EDGE('',*,*,#4431,.F.);
#6129=ORIENTED_EDGE('',*,*,#4137,.T.);
#6130=ORIENTED_EDGE('',*,*,#4431,.T.);
#6131=ORIENTED_EDGE('',*,*,#4310,.F.);
#6132=ORIENTED_EDGE('',*,*,#4432,.F.);
#6133=ORIENTED_EDGE('',*,*,#4134,.T.);
#6134=ORIENTED_EDGE('',*,*,#4432,.T.);
#6135=ORIENTED_EDGE('',*,*,#4309,.F.);
#6136=ORIENTED_EDGE('',*,*,#4429,.F.);
#6137=ORIENTED_EDGE('',*,*,#4139,.T.);
#6138=ORIENTED_EDGE('',*,*,#4433,.T.);
#6139=ORIENTED_EDGE('',*,*,#4316,.F.);
#6140=ORIENTED_EDGE('',*,*,#4434,.F.);
#6141=ORIENTED_EDGE('',*,*,#4140,.T.);
#6142=ORIENTED_EDGE('',*,*,#4434,.T.);
#6143=ORIENTED_EDGE('',*,*,#4315,.F.);
#6144=ORIENTED_EDGE('',*,*,#4435,.F.);
#6145=ORIENTED_EDGE('',*,*,#4141,.T.);
#6146=ORIENTED_EDGE('',*,*,#4435,.T.);
#6147=ORIENTED_EDGE('',*,*,#4314,.F.);
#6148=ORIENTED_EDGE('',*,*,#4436,.F.);
#6149=ORIENTED_EDGE('',*,*,#4138,.T.);
#6150=ORIENTED_EDGE('',*,*,#4436,.T.);
#6151=ORIENTED_EDGE('',*,*,#4313,.F.);
#6152=ORIENTED_EDGE('',*,*,#4433,.F.);
#6153=ORIENTED_EDGE('',*,*,#4143,.T.);
#6154=ORIENTED_EDGE('',*,*,#4437,.T.);
#6155=ORIENTED_EDGE('',*,*,#4320,.F.);
#6156=ORIENTED_EDGE('',*,*,#4438,.F.);
#6157=ORIENTED_EDGE('',*,*,#4144,.T.);
#6158=ORIENTED_EDGE('',*,*,#4438,.T.);
#6159=ORIENTED_EDGE('',*,*,#4319,.F.);
#6160=ORIENTED_EDGE('',*,*,#4439,.F.);
#6161=ORIENTED_EDGE('',*,*,#4145,.T.);
#6162=ORIENTED_EDGE('',*,*,#4439,.T.);
#6163=ORIENTED_EDGE('',*,*,#4318,.F.);
#6164=ORIENTED_EDGE('',*,*,#4440,.F.);
#6165=ORIENTED_EDGE('',*,*,#4142,.T.);
#6166=ORIENTED_EDGE('',*,*,#4440,.T.);
#6167=ORIENTED_EDGE('',*,*,#4317,.F.);
#6168=ORIENTED_EDGE('',*,*,#4437,.F.);
#6169=ORIENTED_EDGE('',*,*,#4147,.T.);
#6170=ORIENTED_EDGE('',*,*,#4441,.T.);
#6171=ORIENTED_EDGE('',*,*,#4324,.F.);
#6172=ORIENTED_EDGE('',*,*,#4442,.F.);
#6173=ORIENTED_EDGE('',*,*,#4148,.T.);
#6174=ORIENTED_EDGE('',*,*,#4442,.T.);
#6175=ORIENTED_EDGE('',*,*,#4323,.F.);
#6176=ORIENTED_EDGE('',*,*,#4443,.F.);
#6177=ORIENTED_EDGE('',*,*,#4149,.T.);
#6178=ORIENTED_EDGE('',*,*,#4443,.T.);
#6179=ORIENTED_EDGE('',*,*,#4322,.F.);
#6180=ORIENTED_EDGE('',*,*,#4444,.F.);
#6181=ORIENTED_EDGE('',*,*,#4146,.T.);
#6182=ORIENTED_EDGE('',*,*,#4444,.T.);
#6183=ORIENTED_EDGE('',*,*,#4321,.F.);
#6184=ORIENTED_EDGE('',*,*,#4441,.F.);
#6185=ORIENTED_EDGE('',*,*,#4151,.T.);
#6186=ORIENTED_EDGE('',*,*,#4445,.T.);
#6187=ORIENTED_EDGE('',*,*,#4328,.F.);
#6188=ORIENTED_EDGE('',*,*,#4446,.F.);
#6189=ORIENTED_EDGE('',*,*,#4152,.T.);
#6190=ORIENTED_EDGE('',*,*,#4446,.T.);
#6191=ORIENTED_EDGE('',*,*,#4327,.F.);
#6192=ORIENTED_EDGE('',*,*,#4447,.F.);
#6193=ORIENTED_EDGE('',*,*,#4153,.T.);
#6194=ORIENTED_EDGE('',*,*,#4447,.T.);
#6195=ORIENTED_EDGE('',*,*,#4326,.F.);
#6196=ORIENTED_EDGE('',*,*,#4448,.F.);
#6197=ORIENTED_EDGE('',*,*,#4150,.T.);
#6198=ORIENTED_EDGE('',*,*,#4448,.T.);
#6199=ORIENTED_EDGE('',*,*,#4325,.F.);
#6200=ORIENTED_EDGE('',*,*,#4445,.F.);
#6201=ORIENTED_EDGE('',*,*,#4155,.T.);
#6202=ORIENTED_EDGE('',*,*,#4449,.T.);
#6203=ORIENTED_EDGE('',*,*,#4332,.F.);
#6204=ORIENTED_EDGE('',*,*,#4450,.F.);
#6205=ORIENTED_EDGE('',*,*,#4156,.T.);
#6206=ORIENTED_EDGE('',*,*,#4450,.T.);
#6207=ORIENTED_EDGE('',*,*,#4331,.F.);
#6208=ORIENTED_EDGE('',*,*,#4451,.F.);
#6209=ORIENTED_EDGE('',*,*,#4157,.T.);
#6210=ORIENTED_EDGE('',*,*,#4451,.T.);
#6211=ORIENTED_EDGE('',*,*,#4330,.F.);
#6212=ORIENTED_EDGE('',*,*,#4452,.F.);
#6213=ORIENTED_EDGE('',*,*,#4154,.T.);
#6214=ORIENTED_EDGE('',*,*,#4452,.T.);
#6215=ORIENTED_EDGE('',*,*,#4329,.F.);
#6216=ORIENTED_EDGE('',*,*,#4449,.F.);
#6217=ORIENTED_EDGE('',*,*,#4159,.T.);
#6218=ORIENTED_EDGE('',*,*,#4453,.T.);
#6219=ORIENTED_EDGE('',*,*,#4336,.F.);
#6220=ORIENTED_EDGE('',*,*,#4454,.F.);
#6221=ORIENTED_EDGE('',*,*,#4160,.T.);
#6222=ORIENTED_EDGE('',*,*,#4454,.T.);
#6223=ORIENTED_EDGE('',*,*,#4335,.F.);
#6224=ORIENTED_EDGE('',*,*,#4455,.F.);
#6225=ORIENTED_EDGE('',*,*,#4161,.T.);
#6226=ORIENTED_EDGE('',*,*,#4455,.T.);
#6227=ORIENTED_EDGE('',*,*,#4334,.F.);
#6228=ORIENTED_EDGE('',*,*,#4456,.F.);
#6229=ORIENTED_EDGE('',*,*,#4158,.T.);
#6230=ORIENTED_EDGE('',*,*,#4456,.T.);
#6231=ORIENTED_EDGE('',*,*,#4333,.F.);
#6232=ORIENTED_EDGE('',*,*,#4453,.F.);
#6233=ORIENTED_EDGE('',*,*,#4163,.T.);
#6234=ORIENTED_EDGE('',*,*,#4457,.T.);
#6235=ORIENTED_EDGE('',*,*,#4340,.F.);
#6236=ORIENTED_EDGE('',*,*,#4458,.F.);
#6237=ORIENTED_EDGE('',*,*,#4164,.T.);
#6238=ORIENTED_EDGE('',*,*,#4458,.T.);
#6239=ORIENTED_EDGE('',*,*,#4339,.F.);
#6240=ORIENTED_EDGE('',*,*,#4459,.F.);
#6241=ORIENTED_EDGE('',*,*,#4165,.T.);
#6242=ORIENTED_EDGE('',*,*,#4459,.T.);
#6243=ORIENTED_EDGE('',*,*,#4338,.F.);
#6244=ORIENTED_EDGE('',*,*,#4460,.F.);
#6245=ORIENTED_EDGE('',*,*,#4162,.T.);
#6246=ORIENTED_EDGE('',*,*,#4460,.T.);
#6247=ORIENTED_EDGE('',*,*,#4337,.F.);
#6248=ORIENTED_EDGE('',*,*,#4457,.F.);
#6249=ORIENTED_EDGE('',*,*,#4167,.T.);
#6250=ORIENTED_EDGE('',*,*,#4461,.T.);
#6251=ORIENTED_EDGE('',*,*,#4344,.F.);
#6252=ORIENTED_EDGE('',*,*,#4462,.F.);
#6253=ORIENTED_EDGE('',*,*,#4168,.T.);
#6254=ORIENTED_EDGE('',*,*,#4462,.T.);
#6255=ORIENTED_EDGE('',*,*,#4343,.F.);
#6256=ORIENTED_EDGE('',*,*,#4463,.F.);
#6257=ORIENTED_EDGE('',*,*,#4169,.T.);
#6258=ORIENTED_EDGE('',*,*,#4463,.T.);
#6259=ORIENTED_EDGE('',*,*,#4342,.F.);
#6260=ORIENTED_EDGE('',*,*,#4464,.F.);
#6261=ORIENTED_EDGE('',*,*,#4166,.T.);
#6262=ORIENTED_EDGE('',*,*,#4464,.T.);
#6263=ORIENTED_EDGE('',*,*,#4341,.F.);
#6264=ORIENTED_EDGE('',*,*,#4461,.F.);
#6265=ORIENTED_EDGE('',*,*,#4171,.T.);
#6266=ORIENTED_EDGE('',*,*,#4465,.T.);
#6267=ORIENTED_EDGE('',*,*,#4348,.F.);
#6268=ORIENTED_EDGE('',*,*,#4466,.F.);
#6269=ORIENTED_EDGE('',*,*,#4172,.T.);
#6270=ORIENTED_EDGE('',*,*,#4466,.T.);
#6271=ORIENTED_EDGE('',*,*,#4347,.F.);
#6272=ORIENTED_EDGE('',*,*,#4467,.F.);
#6273=ORIENTED_EDGE('',*,*,#4173,.T.);
#6274=ORIENTED_EDGE('',*,*,#4467,.T.);
#6275=ORIENTED_EDGE('',*,*,#4346,.F.);
#6276=ORIENTED_EDGE('',*,*,#4468,.F.);
#6277=ORIENTED_EDGE('',*,*,#4170,.T.);
#6278=ORIENTED_EDGE('',*,*,#4468,.T.);
#6279=ORIENTED_EDGE('',*,*,#4345,.F.);
#6280=ORIENTED_EDGE('',*,*,#4465,.F.);
#6281=ORIENTED_EDGE('',*,*,#4175,.T.);
#6282=ORIENTED_EDGE('',*,*,#4469,.T.);
#6283=ORIENTED_EDGE('',*,*,#4352,.F.);
#6284=ORIENTED_EDGE('',*,*,#4470,.F.);
#6285=ORIENTED_EDGE('',*,*,#4176,.T.);
#6286=ORIENTED_EDGE('',*,*,#4470,.T.);
#6287=ORIENTED_EDGE('',*,*,#4351,.F.);
#6288=ORIENTED_EDGE('',*,*,#4471,.F.);
#6289=ORIENTED_EDGE('',*,*,#4177,.T.);
#6290=ORIENTED_EDGE('',*,*,#4471,.T.);
#6291=ORIENTED_EDGE('',*,*,#4350,.F.);
#6292=ORIENTED_EDGE('',*,*,#4472,.F.);
#6293=ORIENTED_EDGE('',*,*,#4174,.T.);
#6294=ORIENTED_EDGE('',*,*,#4472,.T.);
#6295=ORIENTED_EDGE('',*,*,#4349,.F.);
#6296=ORIENTED_EDGE('',*,*,#4469,.F.);
#6297=ORIENTED_EDGE('',*,*,#4179,.T.);
#6298=ORIENTED_EDGE('',*,*,#4473,.T.);
#6299=ORIENTED_EDGE('',*,*,#4356,.F.);
#6300=ORIENTED_EDGE('',*,*,#4474,.F.);
#6301=ORIENTED_EDGE('',*,*,#4180,.T.);
#6302=ORIENTED_EDGE('',*,*,#4474,.T.);
#6303=ORIENTED_EDGE('',*,*,#4355,.F.);
#6304=ORIENTED_EDGE('',*,*,#4475,.F.);
#6305=ORIENTED_EDGE('',*,*,#4181,.T.);
#6306=ORIENTED_EDGE('',*,*,#4475,.T.);
#6307=ORIENTED_EDGE('',*,*,#4354,.F.);
#6308=ORIENTED_EDGE('',*,*,#4476,.F.);
#6309=ORIENTED_EDGE('',*,*,#4178,.T.);
#6310=ORIENTED_EDGE('',*,*,#4476,.T.);
#6311=ORIENTED_EDGE('',*,*,#4353,.F.);
#6312=ORIENTED_EDGE('',*,*,#4473,.F.);
#6313=ORIENTED_EDGE('',*,*,#4183,.T.);
#6314=ORIENTED_EDGE('',*,*,#4477,.T.);
#6315=ORIENTED_EDGE('',*,*,#4360,.F.);
#6316=ORIENTED_EDGE('',*,*,#4478,.F.);
#6317=ORIENTED_EDGE('',*,*,#4184,.T.);
#6318=ORIENTED_EDGE('',*,*,#4478,.T.);
#6319=ORIENTED_EDGE('',*,*,#4359,.F.);
#6320=ORIENTED_EDGE('',*,*,#4479,.F.);
#6321=ORIENTED_EDGE('',*,*,#4185,.T.);
#6322=ORIENTED_EDGE('',*,*,#4479,.T.);
#6323=ORIENTED_EDGE('',*,*,#4358,.F.);
#6324=ORIENTED_EDGE('',*,*,#4480,.F.);
#6325=ORIENTED_EDGE('',*,*,#4182,.T.);
#6326=ORIENTED_EDGE('',*,*,#4480,.T.);
#6327=ORIENTED_EDGE('',*,*,#4357,.F.);
#6328=ORIENTED_EDGE('',*,*,#4477,.F.);
#6329=ORIENTED_EDGE('',*,*,#4187,.T.);
#6330=ORIENTED_EDGE('',*,*,#4481,.T.);
#6331=ORIENTED_EDGE('',*,*,#4364,.F.);
#6332=ORIENTED_EDGE('',*,*,#4482,.F.);
#6333=ORIENTED_EDGE('',*,*,#4188,.T.);
#6334=ORIENTED_EDGE('',*,*,#4482,.T.);
#6335=ORIENTED_EDGE('',*,*,#4363,.F.);
#6336=ORIENTED_EDGE('',*,*,#4483,.F.);
#6337=ORIENTED_EDGE('',*,*,#4189,.T.);
#6338=ORIENTED_EDGE('',*,*,#4483,.T.);
#6339=ORIENTED_EDGE('',*,*,#4362,.F.);
#6340=ORIENTED_EDGE('',*,*,#4484,.F.);
#6341=ORIENTED_EDGE('',*,*,#4186,.T.);
#6342=ORIENTED_EDGE('',*,*,#4484,.T.);
#6343=ORIENTED_EDGE('',*,*,#4361,.F.);
#6344=ORIENTED_EDGE('',*,*,#4481,.F.);
#6345=ORIENTED_EDGE('',*,*,#4191,.T.);
#6346=ORIENTED_EDGE('',*,*,#4485,.T.);
#6347=ORIENTED_EDGE('',*,*,#4368,.F.);
#6348=ORIENTED_EDGE('',*,*,#4486,.F.);
#6349=ORIENTED_EDGE('',*,*,#4192,.T.);
#6350=ORIENTED_EDGE('',*,*,#4486,.T.);
#6351=ORIENTED_EDGE('',*,*,#4367,.F.);
#6352=ORIENTED_EDGE('',*,*,#4487,.F.);
#6353=ORIENTED_EDGE('',*,*,#4193,.T.);
#6354=ORIENTED_EDGE('',*,*,#4487,.T.);
#6355=ORIENTED_EDGE('',*,*,#4366,.F.);
#6356=ORIENTED_EDGE('',*,*,#4488,.F.);
#6357=ORIENTED_EDGE('',*,*,#4190,.T.);
#6358=ORIENTED_EDGE('',*,*,#4488,.T.);
#6359=ORIENTED_EDGE('',*,*,#4365,.F.);
#6360=ORIENTED_EDGE('',*,*,#4485,.F.);
#6361=ORIENTED_EDGE('',*,*,#4195,.T.);
#6362=ORIENTED_EDGE('',*,*,#4489,.T.);
#6363=ORIENTED_EDGE('',*,*,#4372,.F.);
#6364=ORIENTED_EDGE('',*,*,#4490,.F.);
#6365=ORIENTED_EDGE('',*,*,#4196,.T.);
#6366=ORIENTED_EDGE('',*,*,#4490,.T.);
#6367=ORIENTED_EDGE('',*,*,#4371,.F.);
#6368=ORIENTED_EDGE('',*,*,#4491,.F.);
#6369=ORIENTED_EDGE('',*,*,#4197,.T.);
#6370=ORIENTED_EDGE('',*,*,#4491,.T.);
#6371=ORIENTED_EDGE('',*,*,#4370,.F.);
#6372=ORIENTED_EDGE('',*,*,#4492,.F.);
#6373=ORIENTED_EDGE('',*,*,#4194,.T.);
#6374=ORIENTED_EDGE('',*,*,#4492,.T.);
#6375=ORIENTED_EDGE('',*,*,#4369,.F.);
#6376=ORIENTED_EDGE('',*,*,#4489,.F.);
#6377=ORIENTED_EDGE('',*,*,#4199,.T.);
#6378=ORIENTED_EDGE('',*,*,#4493,.T.);
#6379=ORIENTED_EDGE('',*,*,#4376,.F.);
#6380=ORIENTED_EDGE('',*,*,#4494,.F.);
#6381=ORIENTED_EDGE('',*,*,#4200,.T.);
#6382=ORIENTED_EDGE('',*,*,#4494,.T.);
#6383=ORIENTED_EDGE('',*,*,#4375,.F.);
#6384=ORIENTED_EDGE('',*,*,#4495,.F.);
#6385=ORIENTED_EDGE('',*,*,#4201,.T.);
#6386=ORIENTED_EDGE('',*,*,#4495,.T.);
#6387=ORIENTED_EDGE('',*,*,#4374,.F.);
#6388=ORIENTED_EDGE('',*,*,#4496,.F.);
#6389=ORIENTED_EDGE('',*,*,#4198,.T.);
#6390=ORIENTED_EDGE('',*,*,#4496,.T.);
#6391=ORIENTED_EDGE('',*,*,#4373,.F.);
#6392=ORIENTED_EDGE('',*,*,#4493,.F.);
#6393=ORIENTED_EDGE('',*,*,#4203,.T.);
#6394=ORIENTED_EDGE('',*,*,#4497,.T.);
#6395=ORIENTED_EDGE('',*,*,#4380,.F.);
#6396=ORIENTED_EDGE('',*,*,#4498,.F.);
#6397=ORIENTED_EDGE('',*,*,#4204,.T.);
#6398=ORIENTED_EDGE('',*,*,#4498,.T.);
#6399=ORIENTED_EDGE('',*,*,#4379,.F.);
#6400=ORIENTED_EDGE('',*,*,#4499,.F.);
#6401=ORIENTED_EDGE('',*,*,#4205,.T.);
#6402=ORIENTED_EDGE('',*,*,#4499,.T.);
#6403=ORIENTED_EDGE('',*,*,#4378,.F.);
#6404=ORIENTED_EDGE('',*,*,#4500,.F.);
#6405=ORIENTED_EDGE('',*,*,#4202,.T.);
#6406=ORIENTED_EDGE('',*,*,#4500,.T.);
#6407=ORIENTED_EDGE('',*,*,#4377,.F.);
#6408=ORIENTED_EDGE('',*,*,#4497,.F.);
#6409=ORIENTED_EDGE('',*,*,#4207,.T.);
#6410=ORIENTED_EDGE('',*,*,#4501,.T.);
#6411=ORIENTED_EDGE('',*,*,#4384,.F.);
#6412=ORIENTED_EDGE('',*,*,#4502,.F.);
#6413=ORIENTED_EDGE('',*,*,#4208,.T.);
#6414=ORIENTED_EDGE('',*,*,#4502,.T.);
#6415=ORIENTED_EDGE('',*,*,#4383,.F.);
#6416=ORIENTED_EDGE('',*,*,#4503,.F.);
#6417=ORIENTED_EDGE('',*,*,#4209,.T.);
#6418=ORIENTED_EDGE('',*,*,#4503,.T.);
#6419=ORIENTED_EDGE('',*,*,#4382,.F.);
#6420=ORIENTED_EDGE('',*,*,#4504,.F.);
#6421=ORIENTED_EDGE('',*,*,#4206,.T.);
#6422=ORIENTED_EDGE('',*,*,#4504,.T.);
#6423=ORIENTED_EDGE('',*,*,#4381,.F.);
#6424=ORIENTED_EDGE('',*,*,#4501,.F.);
#6425=ORIENTED_EDGE('',*,*,#4211,.T.);
#6426=ORIENTED_EDGE('',*,*,#4505,.T.);
#6427=ORIENTED_EDGE('',*,*,#4388,.F.);
#6428=ORIENTED_EDGE('',*,*,#4506,.F.);
#6429=ORIENTED_EDGE('',*,*,#4212,.T.);
#6430=ORIENTED_EDGE('',*,*,#4506,.T.);
#6431=ORIENTED_EDGE('',*,*,#4387,.F.);
#6432=ORIENTED_EDGE('',*,*,#4507,.F.);
#6433=ORIENTED_EDGE('',*,*,#4213,.T.);
#6434=ORIENTED_EDGE('',*,*,#4507,.T.);
#6435=ORIENTED_EDGE('',*,*,#4386,.F.);
#6436=ORIENTED_EDGE('',*,*,#4508,.F.);
#6437=ORIENTED_EDGE('',*,*,#4210,.T.);
#6438=ORIENTED_EDGE('',*,*,#4508,.T.);
#6439=ORIENTED_EDGE('',*,*,#4385,.F.);
#6440=ORIENTED_EDGE('',*,*,#4505,.F.);
#6441=ORIENTED_EDGE('',*,*,#4088,.T.);
#6442=ORIENTED_EDGE('',*,*,#4509,.T.);
#6443=ORIENTED_EDGE('',*,*,#4259,.F.);
#6444=ORIENTED_EDGE('',*,*,#4510,.F.);
#6445=ORIENTED_EDGE('',*,*,#4089,.T.);
#6446=ORIENTED_EDGE('',*,*,#4510,.T.);
#6447=ORIENTED_EDGE('',*,*,#4258,.F.);
#6448=ORIENTED_EDGE('',*,*,#4242,.F.);
#6449=ORIENTED_EDGE('',*,*,#4064,.T.);
#6450=ORIENTED_EDGE('',*,*,#4241,.T.);
#6451=ORIENTED_EDGE('',*,*,#4268,.F.);
#6452=ORIENTED_EDGE('',*,*,#4511,.F.);
#6453=ORIENTED_EDGE('',*,*,#4065,.T.);
#6454=ORIENTED_EDGE('',*,*,#4511,.T.);
#6455=ORIENTED_EDGE('',*,*,#4267,.F.);
#6456=ORIENTED_EDGE('',*,*,#4512,.F.);
#6457=ORIENTED_EDGE('',*,*,#4066,.T.);
#6458=ORIENTED_EDGE('',*,*,#4512,.T.);
#6459=ORIENTED_EDGE('',*,*,#4266,.F.);
#6460=ORIENTED_EDGE('',*,*,#4513,.F.);
#6461=ORIENTED_EDGE('',*,*,#4067,.T.);
#6462=ORIENTED_EDGE('',*,*,#4513,.T.);
#6463=ORIENTED_EDGE('',*,*,#4265,.F.);
#6464=ORIENTED_EDGE('',*,*,#4514,.F.);
#6465=ORIENTED_EDGE('',*,*,#4068,.T.);
#6466=ORIENTED_EDGE('',*,*,#4514,.T.);
#6467=ORIENTED_EDGE('',*,*,#4264,.F.);
#6468=ORIENTED_EDGE('',*,*,#4515,.F.);
#6469=ORIENTED_EDGE('',*,*,#4069,.T.);
#6470=ORIENTED_EDGE('',*,*,#4515,.T.);
#6471=ORIENTED_EDGE('',*,*,#4263,.F.);
#6472=ORIENTED_EDGE('',*,*,#4250,.F.);
#6473=ORIENTED_EDGE('',*,*,#4078,.T.);
#6474=ORIENTED_EDGE('',*,*,#4249,.T.);
#6475=ORIENTED_EDGE('',*,*,#4262,.F.);
#6476=ORIENTED_EDGE('',*,*,#4255,.F.);
#6477=ORIENTED_EDGE('',*,*,#4086,.T.);
#6478=ORIENTED_EDGE('',*,*,#4254,.T.);
#6479=ORIENTED_EDGE('',*,*,#4261,.F.);
#6480=ORIENTED_EDGE('',*,*,#4516,.F.);
#6481=ORIENTED_EDGE('',*,*,#4087,.T.);
#6482=ORIENTED_EDGE('',*,*,#4516,.T.);
#6483=ORIENTED_EDGE('',*,*,#4260,.F.);
#6484=ORIENTED_EDGE('',*,*,#4509,.F.);
#6485=PLANE('',#7152);
#6486=PLANE('',#7153);
#6487=PLANE('',#7154);
#6488=PLANE('',#7155);
#6489=PLANE('',#7156);
#6490=PLANE('',#7157);
#6491=PLANE('',#7158);
#6492=PLANE('',#7159);
#6493=PLANE('',#7160);
#6494=PLANE('',#7161);
#6495=PLANE('',#7162);
#6496=PLANE('',#7163);
#6497=PLANE('',#7170);
#6498=PLANE('',#7173);
#6499=PLANE('',#7178);
#6500=PLANE('',#7181);
#6501=PLANE('',#7184);
#6502=PLANE('',#7187);
#6503=PLANE('',#7188);
#6504=PLANE('',#7189);
#6505=PLANE('',#7190);
#6506=PLANE('',#7191);
#6507=PLANE('',#7192);
#6508=PLANE('',#7193);
#6509=PLANE('',#7194);
#6510=PLANE('',#7195);
#6511=PLANE('',#7196);
#6512=PLANE('',#7197);
#6513=PLANE('',#7198);
#6514=PLANE('',#7199);
#6515=PLANE('',#7200);
#6516=PLANE('',#7201);
#6517=PLANE('',#7202);
#6518=PLANE('',#7203);
#6519=PLANE('',#7204);
#6520=PLANE('',#7205);
#6521=PLANE('',#7206);
#6522=PLANE('',#7207);
#6523=PLANE('',#7208);
#6524=PLANE('',#7209);
#6525=PLANE('',#7210);
#6526=PLANE('',#7211);
#6527=PLANE('',#7212);
#6528=PLANE('',#7213);
#6529=PLANE('',#7214);
#6530=PLANE('',#7215);
#6531=PLANE('',#7216);
#6532=PLANE('',#7217);
#6533=PLANE('',#7218);
#6534=PLANE('',#7219);
#6535=PLANE('',#7220);
#6536=PLANE('',#7221);
#6537=PLANE('',#7222);
#6538=PLANE('',#7223);
#6539=PLANE('',#7224);
#6540=PLANE('',#7225);
#6541=PLANE('',#7226);
#6542=PLANE('',#7227);
#6543=PLANE('',#7228);
#6544=PLANE('',#7229);
#6545=PLANE('',#7230);
#6546=PLANE('',#7231);
#6547=PLANE('',#7232);
#6548=PLANE('',#7233);
#6549=PLANE('',#7234);
#6550=PLANE('',#7235);
#6551=PLANE('',#7236);
#6552=PLANE('',#7237);
#6553=PLANE('',#7238);
#6554=PLANE('',#7239);
#6555=PLANE('',#7240);
#6556=PLANE('',#7241);
#6557=PLANE('',#7242);
#6558=PLANE('',#7243);
#6559=PLANE('',#7244);
#6560=PLANE('',#7245);
#6561=PLANE('',#7246);
#6562=PLANE('',#7247);
#6563=PLANE('',#7248);
#6564=PLANE('',#7249);
#6565=PLANE('',#7250);
#6566=PLANE('',#7251);
#6567=PLANE('',#7252);
#6568=PLANE('',#7253);
#6569=PLANE('',#7254);
#6570=PLANE('',#7255);
#6571=PLANE('',#7256);
#6572=PLANE('',#7257);
#6573=PLANE('',#7258);
#6574=PLANE('',#7259);
#6575=PLANE('',#7260);
#6576=PLANE('',#7261);
#6577=PLANE('',#7262);
#6578=PLANE('',#7263);
#6579=PLANE('',#7264);
#6580=PLANE('',#7265);
#6581=PLANE('',#7266);
#6582=PLANE('',#7267);
#6583=PLANE('',#7268);
#6584=PLANE('',#7269);
#6585=PLANE('',#7270);
#6586=PLANE('',#7271);
#6587=PLANE('',#7272);
#6588=PLANE('',#7273);
#6589=PLANE('',#7274);
#6590=PLANE('',#7275);
#6591=PLANE('',#7276);
#6592=PLANE('',#7277);
#6593=PLANE('',#7278);
#6594=PLANE('',#7279);
#6595=PLANE('',#7280);
#6596=PLANE('',#7281);
#6597=PLANE('',#7282);
#6598=PLANE('',#7283);
#6599=PLANE('',#7284);
#6600=PLANE('',#7285);
#6601=PLANE('',#7286);
#6602=PLANE('',#7287);
#6603=PLANE('',#7288);
#6604=PLANE('',#7289);
#6605=PLANE('',#7290);
#6606=PLANE('',#7291);
#6607=PLANE('',#7292);
#6608=PLANE('',#7293);
#6609=PLANE('',#7294);
#6610=PLANE('',#7295);
#6611=PLANE('',#7296);
#6612=PLANE('',#7297);
#6613=PLANE('',#7298);
#6614=PLANE('',#7299);
#6615=PLANE('',#7300);
#6616=PLANE('',#7301);
#6617=PLANE('',#7302);
#6618=PLANE('',#7303);
#6619=PLANE('',#7304);
#6620=PLANE('',#7305);
#6621=PLANE('',#7306);
#6622=PLANE('',#7307);
#6623=PLANE('',#7308);
#6624=PLANE('',#7309);
#6625=PLANE('',#7310);
#6626=PLANE('',#7311);
#6627=PLANE('',#7312);
#6628=PLANE('',#7313);
#6629=PLANE('',#7314);
#6630=PLANE('',#7315);
#6631=PLANE('',#7316);
#6632=PLANE('',#7317);
#6633=PLANE('',#7318);
#6634=PLANE('',#7319);
#6635=PLANE('',#7320);
#6636=PLANE('',#7321);
#6637=PLANE('',#7322);
#6638=PLANE('',#7323);
#6639=PLANE('',#7324);
#6640=PLANE('',#7325);
#6641=PLANE('',#7326);
#6642=PLANE('',#7327);
#6643=PLANE('',#7328);
#6644=PLANE('',#7329);
#6645=PLANE('',#7330);
#6646=PLANE('',#7331);
#6647=PLANE('',#7332);
#6648=PLANE('',#7333);
#6649=PLANE('',#7334);
#6650=PLANE('',#7335);
#6651=PLANE('',#7336);
#6652=PLANE('',#7337);
#6653=PLANE('',#7338);
#6654=PLANE('',#7339);
#6655=PLANE('',#7340);
#6656=PLANE('',#7341);
#6657=PLANE('',#7348);
#6658=PLANE('',#7351);
#6659=PLANE('',#7356);
#6660=PLANE('',#7359);
#6661=PLANE('',#7362);
#6662=PLANE('',#7365);
#6663=PLANE('',#7366);
#6664=PLANE('',#7367);
#6665=PLANE('',#7368);
#6666=PLANE('',#7369);
#6667=PLANE('',#7370);
#6668=PLANE('',#7371);
#6669=PLANE('',#7372);
#6670=PLANE('',#7373);
#6671=PLANE('',#7374);
#6672=PLANE('',#7375);
#6673=PLANE('',#7376);
#6674=PLANE('',#7377);
#6675=PLANE('',#7378);
#6676=PLANE('',#7379);
#6677=PLANE('',#7380);
#6678=PLANE('',#7381);
#6679=PLANE('',#7382);
#6680=PLANE('',#7383);
#6681=PLANE('',#7384);
#6682=PLANE('',#7385);
#6683=PLANE('',#7386);
#6684=PLANE('',#7387);
#6685=PLANE('',#7388);
#6686=PLANE('',#7389);
#6687=PLANE('',#7390);
#6688=PLANE('',#7391);
#6689=PLANE('',#7392);
#6690=PLANE('',#7393);
#6691=PLANE('',#7394);
#6692=PLANE('',#7395);
#6693=PLANE('',#7396);
#6694=PLANE('',#7397);
#6695=PLANE('',#7398);
#6696=PLANE('',#7399);
#6697=PLANE('',#7400);
#6698=PLANE('',#7401);
#6699=PLANE('',#7402);
#6700=PLANE('',#7403);
#6701=PLANE('',#7404);
#6702=PLANE('',#7405);
#6703=PLANE('',#7406);
#6704=PLANE('',#7407);
#6705=PLANE('',#7408);
#6706=PLANE('',#7409);
#6707=PLANE('',#7410);
#6708=PLANE('',#7411);
#6709=PLANE('',#7412);
#6710=PLANE('',#7413);
#6711=PLANE('',#7414);
#6712=PLANE('',#7415);
#6713=PLANE('',#7416);
#6714=PLANE('',#7417);
#6715=PLANE('',#7418);
#6716=PLANE('',#7419);
#6717=PLANE('',#7420);
#6718=PLANE('',#7421);
#6719=PLANE('',#7422);
#6720=PLANE('',#7423);
#6721=PLANE('',#7424);
#6722=PLANE('',#7425);
#6723=PLANE('',#7426);
#6724=PLANE('',#7427);
#6725=PLANE('',#7428);
#6726=PLANE('',#7429);
#6727=PLANE('',#7430);
#6728=PLANE('',#7431);
#6729=PLANE('',#7432);
#6730=PLANE('',#7433);
#6731=PLANE('',#7434);
#6732=PLANE('',#7435);
#6733=PLANE('',#7436);
#6734=PLANE('',#7437);
#6735=PLANE('',#7438);
#6736=PLANE('',#7439);
#6737=PLANE('',#7440);
#6738=PLANE('',#7441);
#6739=PLANE('',#7442);
#6740=PLANE('',#7443);
#6741=PLANE('',#7444);
#6742=PLANE('',#7445);
#6743=PLANE('',#7446);
#6744=PLANE('',#7447);
#6745=PLANE('',#7448);
#6746=PLANE('',#7449);
#6747=PLANE('',#7450);
#6748=PLANE('',#7451);
#6749=PLANE('',#7452);
#6750=PLANE('',#7453);
#6751=PLANE('',#7454);
#6752=PLANE('',#7455);
#6753=PLANE('',#7456);
#6754=PLANE('',#7457);
#6755=PLANE('',#7458);
#6756=PLANE('',#7459);
#6757=PLANE('',#7460);
#6758=PLANE('',#7461);
#6759=PLANE('',#7462);
#6760=PLANE('',#7463);
#6761=PLANE('',#7464);
#6762=PLANE('',#7465);
#6763=PLANE('',#7466);
#6764=PLANE('',#7467);
#6765=PLANE('',#7468);
#6766=PLANE('',#7469);
#6767=PLANE('',#7470);
#6768=PLANE('',#7471);
#6769=PLANE('',#7472);
#6770=PLANE('',#7473);
#6771=PLANE('',#7474);
#6772=PLANE('',#7475);
#6773=PLANE('',#7476);
#6774=PLANE('',#7477);
#6775=PLANE('',#7478);
#6776=PLANE('',#7479);
#6777=PLANE('',#7480);
#6778=PLANE('',#7481);
#6779=PLANE('',#7482);
#6780=PLANE('',#7483);
#6781=PLANE('',#7484);
#6782=PLANE('',#7485);
#6783=PLANE('',#7486);
#6784=PLANE('',#7487);
#6785=PLANE('',#7488);
#6786=PLANE('',#7489);
#6787=PLANE('',#7490);
#6788=PLANE('',#7491);
#6789=PLANE('',#7492);
#6790=PLANE('',#7493);
#6791=PLANE('',#7494);
#6792=PLANE('',#7495);
#6793=PLANE('',#7496);
#6794=PLANE('',#7497);
#6795=PLANE('',#7498);
#6796=PLANE('',#7499);
#6797=PLANE('',#7500);
#6798=PLANE('',#7501);
#6799=PLANE('',#7502);
#6800=PLANE('',#7503);
#6801=PLANE('',#7504);
#6802=PLANE('',#7505);
#6803=PLANE('',#7506);
#6804=PLANE('',#7507);
#6805=ADVANCED_FACE('',(#173),#6485,.F.);
#6806=ADVANCED_FACE('',(#174),#6486,.F.);
#6807=ADVANCED_FACE('',(#175),#6487,.F.);
#6808=ADVANCED_FACE('',(#176),#6488,.F.);
#6809=ADVANCED_FACE('',(#177),#6489,.F.);
#6810=ADVANCED_FACE('',(#178),#6490,.F.);
#6811=ADVANCED_FACE('',(#179),#6491,.F.);
#6812=ADVANCED_FACE('',(#180),#6492,.F.);
#6813=ADVANCED_FACE('',(#181),#6493,.F.);
#6814=ADVANCED_FACE('',(#182),#6494,.T.);
#6815=ADVANCED_FACE('',(#183),#6495,.T.);
#6816=ADVANCED_FACE('',(#184,#29,#30,#31,#32,#33,#34,#35,#36,#37,#38,#39,
#40,#41,#42,#43,#44,#45,#46,#47,#48,#49,#50,#51,#52,#53,#54,#55,#56,#57,
#58),#6496,.F.);
#6817=ADVANCED_FACE('',(#185),#6497,.T.);
#6818=ADVANCED_FACE('',(#186),#17,.T.);
#6819=ADVANCED_FACE('',(#187),#6498,.T.);
#6820=ADVANCED_FACE('',(#188),#18,.T.);
#6821=ADVANCED_FACE('',(#189),#19,.T.);
#6822=ADVANCED_FACE('',(#190),#6499,.T.);
#6823=ADVANCED_FACE('',(#191),#20,.T.);
#6824=ADVANCED_FACE('',(#192),#6500,.T.);
#6825=ADVANCED_FACE('',(#193),#21,.T.);
#6826=ADVANCED_FACE('',(#194),#6501,.T.);
#6827=ADVANCED_FACE('',(#195),#22,.T.);
#6828=ADVANCED_FACE('',(#196),#6502,.T.);
#6829=ADVANCED_FACE('',(#197),#6503,.T.);
#6830=ADVANCED_FACE('',(#198),#6504,.T.);
#6831=ADVANCED_FACE('',(#199),#6505,.T.);
#6832=ADVANCED_FACE('',(#200),#6506,.T.);
#6833=ADVANCED_FACE('',(#201),#6507,.T.);
#6834=ADVANCED_FACE('',(#202),#6508,.T.);
#6835=ADVANCED_FACE('',(#203),#6509,.T.);
#6836=ADVANCED_FACE('',(#204),#6510,.T.);
#6837=ADVANCED_FACE('',(#205),#6511,.T.);
#6838=ADVANCED_FACE('',(#206),#6512,.T.);
#6839=ADVANCED_FACE('',(#207,#59,#60,#61,#62,#63,#64,#65,#66,#67,#68,#69,
#70,#71,#72,#73,#74,#75,#76,#77,#78,#79,#80,#81,#82,#83,#84,#85,#86,#87,
#88),#6513,.F.);
#6840=ADVANCED_FACE('',(#208),#6514,.T.);
#6841=ADVANCED_FACE('',(#209),#6515,.T.);
#6842=ADVANCED_FACE('',(#210),#6516,.T.);
#6843=ADVANCED_FACE('',(#211),#6517,.T.);
#6844=ADVANCED_FACE('',(#212),#6518,.T.);
#6845=ADVANCED_FACE('',(#213),#6519,.T.);
#6846=ADVANCED_FACE('',(#214),#6520,.T.);
#6847=ADVANCED_FACE('',(#215),#6521,.T.);
#6848=ADVANCED_FACE('',(#216),#6522,.T.);
#6849=ADVANCED_FACE('',(#217),#6523,.T.);
#6850=ADVANCED_FACE('',(#218),#6524,.T.);
#6851=ADVANCED_FACE('',(#219),#6525,.T.);
#6852=ADVANCED_FACE('',(#220),#6526,.T.);
#6853=ADVANCED_FACE('',(#221),#6527,.T.);
#6854=ADVANCED_FACE('',(#222),#6528,.T.);
#6855=ADVANCED_FACE('',(#223),#6529,.T.);
#6856=ADVANCED_FACE('',(#224),#6530,.T.);
#6857=ADVANCED_FACE('',(#225),#6531,.T.);
#6858=ADVANCED_FACE('',(#226),#6532,.T.);
#6859=ADVANCED_FACE('',(#227),#6533,.T.);
#6860=ADVANCED_FACE('',(#228),#6534,.T.);
#6861=ADVANCED_FACE('',(#229),#6535,.T.);
#6862=ADVANCED_FACE('',(#230),#6536,.T.);
#6863=ADVANCED_FACE('',(#231),#6537,.T.);
#6864=ADVANCED_FACE('',(#232),#6538,.T.);
#6865=ADVANCED_FACE('',(#233),#6539,.T.);
#6866=ADVANCED_FACE('',(#234),#6540,.T.);
#6867=ADVANCED_FACE('',(#235),#6541,.T.);
#6868=ADVANCED_FACE('',(#236),#6542,.T.);
#6869=ADVANCED_FACE('',(#237),#6543,.T.);
#6870=ADVANCED_FACE('',(#238),#6544,.T.);
#6871=ADVANCED_FACE('',(#239),#6545,.T.);
#6872=ADVANCED_FACE('',(#240),#6546,.T.);
#6873=ADVANCED_FACE('',(#241),#6547,.T.);
#6874=ADVANCED_FACE('',(#242),#6548,.T.);
#6875=ADVANCED_FACE('',(#243),#6549,.T.);
#6876=ADVANCED_FACE('',(#244),#6550,.T.);
#6877=ADVANCED_FACE('',(#245),#6551,.T.);
#6878=ADVANCED_FACE('',(#246),#6552,.T.);
#6879=ADVANCED_FACE('',(#247),#6553,.T.);
#6880=ADVANCED_FACE('',(#248),#6554,.T.);
#6881=ADVANCED_FACE('',(#249),#6555,.T.);
#6882=ADVANCED_FACE('',(#250),#6556,.T.);
#6883=ADVANCED_FACE('',(#251),#6557,.T.);
#6884=ADVANCED_FACE('',(#252),#6558,.T.);
#6885=ADVANCED_FACE('',(#253),#6559,.T.);
#6886=ADVANCED_FACE('',(#254),#6560,.T.);
#6887=ADVANCED_FACE('',(#255),#6561,.T.);
#6888=ADVANCED_FACE('',(#256),#6562,.T.);
#6889=ADVANCED_FACE('',(#257),#6563,.T.);
#6890=ADVANCED_FACE('',(#258),#6564,.T.);
#6891=ADVANCED_FACE('',(#259),#6565,.T.);
#6892=ADVANCED_FACE('',(#260),#6566,.T.);
#6893=ADVANCED_FACE('',(#261),#6567,.T.);
#6894=ADVANCED_FACE('',(#262),#6568,.T.);
#6895=ADVANCED_FACE('',(#263),#6569,.T.);
#6896=ADVANCED_FACE('',(#264),#6570,.T.);
#6897=ADVANCED_FACE('',(#265),#6571,.T.);
#6898=ADVANCED_FACE('',(#266),#6572,.T.);
#6899=ADVANCED_FACE('',(#267),#6573,.T.);
#6900=ADVANCED_FACE('',(#268),#6574,.T.);
#6901=ADVANCED_FACE('',(#269),#6575,.T.);
#6902=ADVANCED_FACE('',(#270),#6576,.T.);
#6903=ADVANCED_FACE('',(#271),#6577,.T.);
#6904=ADVANCED_FACE('',(#272),#6578,.T.);
#6905=ADVANCED_FACE('',(#273),#6579,.T.);
#6906=ADVANCED_FACE('',(#274),#6580,.T.);
#6907=ADVANCED_FACE('',(#275),#6581,.T.);
#6908=ADVANCED_FACE('',(#276),#6582,.T.);
#6909=ADVANCED_FACE('',(#277),#6583,.T.);
#6910=ADVANCED_FACE('',(#278),#6584,.T.);
#6911=ADVANCED_FACE('',(#279),#6585,.T.);
#6912=ADVANCED_FACE('',(#280),#6586,.T.);
#6913=ADVANCED_FACE('',(#281),#6587,.T.);
#6914=ADVANCED_FACE('',(#282),#6588,.T.);
#6915=ADVANCED_FACE('',(#283),#6589,.T.);
#6916=ADVANCED_FACE('',(#284),#6590,.T.);
#6917=ADVANCED_FACE('',(#285),#6591,.T.);
#6918=ADVANCED_FACE('',(#286),#6592,.T.);
#6919=ADVANCED_FACE('',(#287),#6593,.T.);
#6920=ADVANCED_FACE('',(#288),#6594,.T.);
#6921=ADVANCED_FACE('',(#289),#6595,.T.);
#6922=ADVANCED_FACE('',(#290),#6596,.T.);
#6923=ADVANCED_FACE('',(#291),#6597,.T.);
#6924=ADVANCED_FACE('',(#292),#6598,.T.);
#6925=ADVANCED_FACE('',(#293),#6599,.T.);
#6926=ADVANCED_FACE('',(#294),#6600,.T.);
#6927=ADVANCED_FACE('',(#295),#6601,.T.);
#6928=ADVANCED_FACE('',(#296),#6602,.T.);
#6929=ADVANCED_FACE('',(#297),#6603,.T.);
#6930=ADVANCED_FACE('',(#298),#6604,.T.);
#6931=ADVANCED_FACE('',(#299),#6605,.T.);
#6932=ADVANCED_FACE('',(#300),#6606,.T.);
#6933=ADVANCED_FACE('',(#301),#6607,.T.);
#6934=ADVANCED_FACE('',(#302),#6608,.T.);
#6935=ADVANCED_FACE('',(#303),#6609,.T.);
#6936=ADVANCED_FACE('',(#304),#6610,.T.);
#6937=ADVANCED_FACE('',(#305),#6611,.T.);
#6938=ADVANCED_FACE('',(#306),#6612,.T.);
#6939=ADVANCED_FACE('',(#307),#6613,.T.);
#6940=ADVANCED_FACE('',(#308),#6614,.T.);
#6941=ADVANCED_FACE('',(#309),#6615,.T.);
#6942=ADVANCED_FACE('',(#310),#6616,.T.);
#6943=ADVANCED_FACE('',(#311),#6617,.T.);
#6944=ADVANCED_FACE('',(#312),#6618,.T.);
#6945=ADVANCED_FACE('',(#313),#6619,.T.);
#6946=ADVANCED_FACE('',(#314),#6620,.T.);
#6947=ADVANCED_FACE('',(#315),#6621,.T.);
#6948=ADVANCED_FACE('',(#316),#6622,.T.);
#6949=ADVANCED_FACE('',(#317),#6623,.T.);
#6950=ADVANCED_FACE('',(#318),#6624,.T.);
#6951=ADVANCED_FACE('',(#319),#6625,.T.);
#6952=ADVANCED_FACE('',(#320),#6626,.T.);
#6953=ADVANCED_FACE('',(#321),#6627,.T.);
#6954=ADVANCED_FACE('',(#322),#6628,.T.);
#6955=ADVANCED_FACE('',(#323),#6629,.T.);
#6956=ADVANCED_FACE('',(#324),#6630,.T.);
#6957=ADVANCED_FACE('',(#325),#6631,.T.);
#6958=ADVANCED_FACE('',(#326),#6632,.T.);
#6959=ADVANCED_FACE('',(#327),#6633,.T.);
#6960=ADVANCED_FACE('',(#328),#6634,.T.);
#6961=ADVANCED_FACE('',(#329),#6635,.T.);
#6962=ADVANCED_FACE('',(#330),#6636,.T.);
#6963=ADVANCED_FACE('',(#331),#6637,.T.);
#6964=ADVANCED_FACE('',(#332),#6638,.T.);
#6965=ADVANCED_FACE('',(#333),#6639,.T.);
#6966=ADVANCED_FACE('',(#334),#6640,.T.);
#6967=ADVANCED_FACE('',(#335),#6641,.T.);
#6968=ADVANCED_FACE('',(#336),#6642,.T.);
#6969=ADVANCED_FACE('',(#337),#6643,.T.);
#6970=ADVANCED_FACE('',(#338),#6644,.T.);
#6971=ADVANCED_FACE('',(#339),#6645,.F.);
#6972=ADVANCED_FACE('',(#340),#6646,.F.);
#6973=ADVANCED_FACE('',(#341),#6647,.F.);
#6974=ADVANCED_FACE('',(#342),#6648,.F.);
#6975=ADVANCED_FACE('',(#343),#6649,.F.);
#6976=ADVANCED_FACE('',(#344),#6650,.F.);
#6977=ADVANCED_FACE('',(#345),#6651,.F.);
#6978=ADVANCED_FACE('',(#346),#6652,.F.);
#6979=ADVANCED_FACE('',(#347),#6653,.F.);
#6980=ADVANCED_FACE('',(#348),#6654,.T.);
#6981=ADVANCED_FACE('',(#349),#6655,.T.);
#6982=ADVANCED_FACE('',(#350,#89,#90,#91,#92,#93,#94,#95,#96,#97,#98,#99,
#100,#101,#102,#103,#104,#105,#106,#107,#108,#109,#110,#111,#112,#113,#114,
#115,#116,#117,#118),#6656,.F.);
#6983=ADVANCED_FACE('',(#351),#6657,.T.);
#6984=ADVANCED_FACE('',(#352),#23,.T.);
#6985=ADVANCED_FACE('',(#353),#6658,.T.);
#6986=ADVANCED_FACE('',(#354),#24,.T.);
#6987=ADVANCED_FACE('',(#355),#25,.T.);
#6988=ADVANCED_FACE('',(#356),#6659,.T.);
#6989=ADVANCED_FACE('',(#357),#26,.T.);
#6990=ADVANCED_FACE('',(#358),#6660,.T.);
#6991=ADVANCED_FACE('',(#359),#27,.T.);
#6992=ADVANCED_FACE('',(#360),#6661,.T.);
#6993=ADVANCED_FACE('',(#361),#28,.T.);
#6994=ADVANCED_FACE('',(#362),#6662,.T.);
#6995=ADVANCED_FACE('',(#363),#6663,.T.);
#6996=ADVANCED_FACE('',(#364),#6664,.T.);
#6997=ADVANCED_FACE('',(#365),#6665,.T.);
#6998=ADVANCED_FACE('',(#366),#6666,.T.);
#6999=ADVANCED_FACE('',(#367),#6667,.T.);
#7000=ADVANCED_FACE('',(#368),#6668,.T.);
#7001=ADVANCED_FACE('',(#369),#6669,.T.);
#7002=ADVANCED_FACE('',(#370),#6670,.T.);
#7003=ADVANCED_FACE('',(#371),#6671,.T.);
#7004=ADVANCED_FACE('',(#372),#6672,.T.);
#7005=ADVANCED_FACE('',(#373,#119,#120,#121,#122,#123,#124,#125,#126,#127,
#128,#129,#130,#131,#132,#133,#134,#135,#136,#137,#138,#139,#140,#141,#142,
#143,#144,#145,#146,#147,#148),#6673,.F.);
#7006=ADVANCED_FACE('',(#374),#6674,.T.);
#7007=ADVANCED_FACE('',(#375),#6675,.T.);
#7008=ADVANCED_FACE('',(#376),#6676,.T.);
#7009=ADVANCED_FACE('',(#377),#6677,.T.);
#7010=ADVANCED_FACE('',(#378),#6678,.T.);
#7011=ADVANCED_FACE('',(#379),#6679,.T.);
#7012=ADVANCED_FACE('',(#380),#6680,.T.);
#7013=ADVANCED_FACE('',(#381),#6681,.T.);
#7014=ADVANCED_FACE('',(#382),#6682,.T.);
#7015=ADVANCED_FACE('',(#383),#6683,.T.);
#7016=ADVANCED_FACE('',(#384),#6684,.T.);
#7017=ADVANCED_FACE('',(#385),#6685,.T.);
#7018=ADVANCED_FACE('',(#386),#6686,.T.);
#7019=ADVANCED_FACE('',(#387),#6687,.T.);
#7020=ADVANCED_FACE('',(#388),#6688,.T.);
#7021=ADVANCED_FACE('',(#389),#6689,.T.);
#7022=ADVANCED_FACE('',(#390),#6690,.T.);
#7023=ADVANCED_FACE('',(#391),#6691,.T.);
#7024=ADVANCED_FACE('',(#392),#6692,.T.);
#7025=ADVANCED_FACE('',(#393),#6693,.T.);
#7026=ADVANCED_FACE('',(#394),#6694,.T.);
#7027=ADVANCED_FACE('',(#395),#6695,.T.);
#7028=ADVANCED_FACE('',(#396),#6696,.T.);
#7029=ADVANCED_FACE('',(#397),#6697,.T.);
#7030=ADVANCED_FACE('',(#398),#6698,.T.);
#7031=ADVANCED_FACE('',(#399),#6699,.T.);
#7032=ADVANCED_FACE('',(#400),#6700,.T.);
#7033=ADVANCED_FACE('',(#401),#6701,.T.);
#7034=ADVANCED_FACE('',(#402),#6702,.T.);
#7035=ADVANCED_FACE('',(#403),#6703,.T.);
#7036=ADVANCED_FACE('',(#404),#6704,.T.);
#7037=ADVANCED_FACE('',(#405),#6705,.T.);
#7038=ADVANCED_FACE('',(#406),#6706,.T.);
#7039=ADVANCED_FACE('',(#407),#6707,.T.);
#7040=ADVANCED_FACE('',(#408),#6708,.T.);
#7041=ADVANCED_FACE('',(#409),#6709,.T.);
#7042=ADVANCED_FACE('',(#410),#6710,.T.);
#7043=ADVANCED_FACE('',(#411),#6711,.T.);
#7044=ADVANCED_FACE('',(#412),#6712,.T.);
#7045=ADVANCED_FACE('',(#413),#6713,.T.);
#7046=ADVANCED_FACE('',(#414),#6714,.T.);
#7047=ADVANCED_FACE('',(#415),#6715,.T.);
#7048=ADVANCED_FACE('',(#416),#6716,.T.);
#7049=ADVANCED_FACE('',(#417),#6717,.T.);
#7050=ADVANCED_FACE('',(#418),#6718,.T.);
#7051=ADVANCED_FACE('',(#419),#6719,.T.);
#7052=ADVANCED_FACE('',(#420),#6720,.T.);
#7053=ADVANCED_FACE('',(#421),#6721,.T.);
#7054=ADVANCED_FACE('',(#422),#6722,.T.);
#7055=ADVANCED_FACE('',(#423),#6723,.T.);
#7056=ADVANCED_FACE('',(#424),#6724,.T.);
#7057=ADVANCED_FACE('',(#425),#6725,.T.);
#7058=ADVANCED_FACE('',(#426),#6726,.T.);
#7059=ADVANCED_FACE('',(#427),#6727,.T.);
#7060=ADVANCED_FACE('',(#428),#6728,.T.);
#7061=ADVANCED_FACE('',(#429),#6729,.T.);
#7062=ADVANCED_FACE('',(#430),#6730,.T.);
#7063=ADVANCED_FACE('',(#431),#6731,.T.);
#7064=ADVANCED_FACE('',(#432),#6732,.T.);
#7065=ADVANCED_FACE('',(#433),#6733,.T.);
#7066=ADVANCED_FACE('',(#434),#6734,.T.);
#7067=ADVANCED_FACE('',(#435),#6735,.T.);
#7068=ADVANCED_FACE('',(#436),#6736,.T.);
#7069=ADVANCED_FACE('',(#437),#6737,.T.);
#7070=ADVANCED_FACE('',(#438),#6738,.T.);
#7071=ADVANCED_FACE('',(#439),#6739,.T.);
#7072=ADVANCED_FACE('',(#440),#6740,.T.);
#7073=ADVANCED_FACE('',(#441),#6741,.T.);
#7074=ADVANCED_FACE('',(#442),#6742,.T.);
#7075=ADVANCED_FACE('',(#443),#6743,.T.);
#7076=ADVANCED_FACE('',(#444),#6744,.T.);
#7077=ADVANCED_FACE('',(#445),#6745,.T.);
#7078=ADVANCED_FACE('',(#446),#6746,.T.);
#7079=ADVANCED_FACE('',(#447),#6747,.T.);
#7080=ADVANCED_FACE('',(#448),#6748,.T.);
#7081=ADVANCED_FACE('',(#449),#6749,.T.);
#7082=ADVANCED_FACE('',(#450),#6750,.T.);
#7083=ADVANCED_FACE('',(#451),#6751,.T.);
#7084=ADVANCED_FACE('',(#452),#6752,.T.);
#7085=ADVANCED_FACE('',(#453),#6753,.T.);
#7086=ADVANCED_FACE('',(#454),#6754,.T.);
#7087=ADVANCED_FACE('',(#455),#6755,.T.);
#7088=ADVANCED_FACE('',(#456),#6756,.T.);
#7089=ADVANCED_FACE('',(#457),#6757,.T.);
#7090=ADVANCED_FACE('',(#458),#6758,.T.);
#7091=ADVANCED_FACE('',(#459),#6759,.T.);
#7092=ADVANCED_FACE('',(#460),#6760,.T.);
#7093=ADVANCED_FACE('',(#461),#6761,.T.);
#7094=ADVANCED_FACE('',(#462),#6762,.T.);
#7095=ADVANCED_FACE('',(#463),#6763,.T.);
#7096=ADVANCED_FACE('',(#464),#6764,.T.);
#7097=ADVANCED_FACE('',(#465),#6765,.T.);
#7098=ADVANCED_FACE('',(#466),#6766,.T.);
#7099=ADVANCED_FACE('',(#467),#6767,.T.);
#7100=ADVANCED_FACE('',(#468),#6768,.T.);
#7101=ADVANCED_FACE('',(#469),#6769,.T.);
#7102=ADVANCED_FACE('',(#470),#6770,.T.);
#7103=ADVANCED_FACE('',(#471),#6771,.T.);
#7104=ADVANCED_FACE('',(#472),#6772,.T.);
#7105=ADVANCED_FACE('',(#473),#6773,.T.);
#7106=ADVANCED_FACE('',(#474),#6774,.T.);
#7107=ADVANCED_FACE('',(#475),#6775,.T.);
#7108=ADVANCED_FACE('',(#476),#6776,.T.);
#7109=ADVANCED_FACE('',(#477),#6777,.T.);
#7110=ADVANCED_FACE('',(#478),#6778,.T.);
#7111=ADVANCED_FACE('',(#479),#6779,.T.);
#7112=ADVANCED_FACE('',(#480),#6780,.T.);
#7113=ADVANCED_FACE('',(#481),#6781,.T.);
#7114=ADVANCED_FACE('',(#482),#6782,.T.);
#7115=ADVANCED_FACE('',(#483),#6783,.T.);
#7116=ADVANCED_FACE('',(#484),#6784,.T.);
#7117=ADVANCED_FACE('',(#485),#6785,.T.);
#7118=ADVANCED_FACE('',(#486),#6786,.T.);
#7119=ADVANCED_FACE('',(#487),#6787,.T.);
#7120=ADVANCED_FACE('',(#488),#6788,.T.);
#7121=ADVANCED_FACE('',(#489),#6789,.T.);
#7122=ADVANCED_FACE('',(#490),#6790,.T.);
#7123=ADVANCED_FACE('',(#491),#6791,.T.);
#7124=ADVANCED_FACE('',(#492),#6792,.T.);
#7125=ADVANCED_FACE('',(#493),#6793,.T.);
#7126=ADVANCED_FACE('',(#494),#6794,.T.);
#7127=ADVANCED_FACE('',(#495),#6795,.T.);
#7128=ADVANCED_FACE('',(#496),#6796,.T.);
#7129=ADVANCED_FACE('',(#497),#6797,.T.);
#7130=ADVANCED_FACE('',(#498),#6798,.T.);
#7131=ADVANCED_FACE('',(#499),#6799,.T.);
#7132=ADVANCED_FACE('',(#500),#6800,.T.);
#7133=ADVANCED_FACE('',(#501),#6801,.T.);
#7134=ADVANCED_FACE('',(#502),#6802,.T.);
#7135=ADVANCED_FACE('',(#503),#6803,.T.);
#7136=ADVANCED_FACE('',(#504),#6804,.T.);
#7137=CLOSED_SHELL('',(#6805,#6806,#6807,#6808,#6809,#6810,#6811,#6812,
#6813,#6814,#6815,#6816,#6817,#6818,#6819,#6820,#6821,#6822,#6823,#6824,
#6825,#6826,#6827,#6828,#6829,#6830,#6831,#6832,#6833,#6834,#6835,#6836,
#6837,#6838,#6839,#6840,#6841,#6842,#6843,#6844,#6845,#6846,#6847,#6848,
#6849,#6850,#6851,#6852,#6853,#6854,#6855,#6856,#6857,#6858,#6859,#6860,
#6861,#6862,#6863,#6864,#6865,#6866,#6867,#6868,#6869,#6870,#6871,#6872,
#6873,#6874,#6875,#6876,#6877,#6878,#6879,#6880,#6881,#6882,#6883,#6884,
#6885,#6886,#6887,#6888,#6889,#6890,#6891,#6892,#6893,#6894,#6895,#6896,
#6897,#6898,#6899,#6900,#6901,#6902,#6903,#6904,#6905,#6906,#6907,#6908,
#6909,#6910,#6911,#6912,#6913,#6914,#6915,#6916,#6917,#6918,#6919,#6920,
#6921,#6922,#6923,#6924,#6925,#6926,#6927,#6928,#6929,#6930,#6931,#6932,
#6933,#6934,#6935,#6936,#6937,#6938,#6939,#6940,#6941,#6942,#6943,#6944,
#6945,#6946,#6947,#6948,#6949,#6950,#6951,#6952,#6953,#6954,#6955,#6956,
#6957,#6958,#6959,#6960,#6961,#6962,#6963,#6964,#6965,#6966,#6967,#6968,
#6969,#6970));
#7138=CLOSED_SHELL('',(#6971,#6972,#6973,#6974,#6975,#6976,#6977,#6978,
#6979,#6980,#6981,#6982,#6983,#6984,#6985,#6986,#6987,#6988,#6989,#6990,
#6991,#6992,#6993,#6994,#6995,#6996,#6997,#6998,#6999,#7000,#7001,#7002,
#7003,#7004,#7005,#7006,#7007,#7008,#7009,#7010,#7011,#7012,#7013,#7014,
#7015,#7016,#7017,#7018,#7019,#7020,#7021,#7022,#7023,#7024,#7025,#7026,
#7027,#7028,#7029,#7030,#7031,#7032,#7033,#7034,#7035,#7036,#7037,#7038,
#7039,#7040,#7041,#7042,#7043,#7044,#7045,#7046,#7047,#7048,#7049,#7050,
#7051,#7052,#7053,#7054,#7055,#7056,#7057,#7058,#7059,#7060,#7061,#7062,
#7063,#7064,#7065,#7066,#7067,#7068,#7069,#7070,#7071,#7072,#7073,#7074,
#7075,#7076,#7077,#7078,#7079,#7080,#7081,#7082,#7083,#7084,#7085,#7086,
#7087,#7088,#7089,#7090,#7091,#7092,#7093,#7094,#7095,#7096,#7097,#7098,
#7099,#7100,#7101,#7102,#7103,#7104,#7105,#7106,#7107,#7108,#7109,#7110,
#7111,#7112,#7113,#7114,#7115,#7116,#7117,#7118,#7119,#7120,#7121,#7122,
#7123,#7124,#7125,#7126,#7127,#7128,#7129,#7130,#7131,#7132,#7133,#7134,
#7135,#7136));
#7139=DERIVED_UNIT_ELEMENT(#7141,1.);
#7140=DERIVED_UNIT_ELEMENT(#11160,-3.);
#7141=(
MASS_UNIT()
NAMED_UNIT(*)
SI_UNIT(.KILO.,.GRAM.)
);
#7142=DERIVED_UNIT((#7139,#7140));
#7143=MEASURE_REPRESENTATION_ITEM('density measure',
POSITIVE_RATIO_MEASURE(7850.),#7142);
#7144=PROPERTY_DEFINITION_REPRESENTATION(#7149,#7146);
#7145=PROPERTY_DEFINITION_REPRESENTATION(#7150,#7147);
#7146=REPRESENTATION('material name',(#7148),#11157);
#7147=REPRESENTATION('density',(#7143),#11157);
#7148=DESCRIPTIVE_REPRESENTATION_ITEM('Steel','Steel');
#7149=PROPERTY_DEFINITION('material property','material name',#11167);
#7150=PROPERTY_DEFINITION('material property','density of part',#11167);
#7151=AXIS2_PLACEMENT_3D('',#9182,#7508,#7509);
#7152=AXIS2_PLACEMENT_3D('',#9183,#7510,#7511);
#7153=AXIS2_PLACEMENT_3D('',#9192,#7516,#7517);
#7154=AXIS2_PLACEMENT_3D('',#9198,#7521,#7522);
#7155=AXIS2_PLACEMENT_3D('',#9204,#7526,#7527);
#7156=AXIS2_PLACEMENT_3D('',#9213,#7532,#7533);
#7157=AXIS2_PLACEMENT_3D('',#9219,#7537,#7538);
#7158=AXIS2_PLACEMENT_3D('',#9225,#7542,#7543);
#7159=AXIS2_PLACEMENT_3D('',#9234,#7548,#7549);
#7160=AXIS2_PLACEMENT_3D('',#9240,#7553,#7554);
#7161=AXIS2_PLACEMENT_3D('',#9246,#7558,#7559);
#7162=AXIS2_PLACEMENT_3D('',#9252,#7563,#7564);
#7163=AXIS2_PLACEMENT_3D('',#9258,#7568,#7569);
#7164=AXIS2_PLACEMENT_3D('',#9260,#7570,#7571);
#7165=AXIS2_PLACEMENT_3D('',#9282,#7582,#7583);
#7166=AXIS2_PLACEMENT_3D('',#9287,#7586,#7587);
#7167=AXIS2_PLACEMENT_3D('',#9299,#7593,#7594);
#7168=AXIS2_PLACEMENT_3D('',#9302,#7596,#7597);
#7169=AXIS2_PLACEMENT_3D('',#9320,#7606,#7607);
#7170=AXIS2_PLACEMENT_3D('',#9562,#7729,#7730);
#7171=AXIS2_PLACEMENT_3D('',#9566,#7733,#7734);
#7172=AXIS2_PLACEMENT_3D('',#9569,#7735,#7736);
#7173=AXIS2_PLACEMENT_3D('',#9572,#7739,#7740);
#7174=AXIS2_PLACEMENT_3D('',#9574,#7742,#7743);
#7175=AXIS2_PLACEMENT_3D('',#9576,#7744,#7745);
#7176=AXIS2_PLACEMENT_3D('',#9578,#7747,#7748);
#7177=AXIS2_PLACEMENT_3D('',#9580,#7749,#7750);
#7178=AXIS2_PLACEMENT_3D('',#9582,#7752,#7753);
#7179=AXIS2_PLACEMENT_3D('',#9586,#7756,#7757);
#7180=AXIS2_PLACEMENT_3D('',#9588,#7758,#7759);
#7181=AXIS2_PLACEMENT_3D('',#9590,#7761,#7762);
#7182=AXIS2_PLACEMENT_3D('',#9594,#7765,#7766);
#7183=AXIS2_PLACEMENT_3D('',#9596,#7767,#7768);
#7184=AXIS2_PLACEMENT_3D('',#9598,#7770,#7771);
#7185=AXIS2_PLACEMENT_3D('',#9602,#7774,#7775);
#7186=AXIS2_PLACEMENT_3D('',#9605,#7777,#7778);
#7187=AXIS2_PLACEMENT_3D('',#9606,#7779,#7780);
#7188=AXIS2_PLACEMENT_3D('',#9610,#7783,#7784);
#7189=AXIS2_PLACEMENT_3D('',#9614,#7787,#7788);
#7190=AXIS2_PLACEMENT_3D('',#9618,#7791,#7792);
#7191=AXIS2_PLACEMENT_3D('',#9622,#7795,#7796);
#7192=AXIS2_PLACEMENT_3D('',#9626,#7799,#7800);
#7193=AXIS2_PLACEMENT_3D('',#9630,#7803,#7804);
#7194=AXIS2_PLACEMENT_3D('',#9634,#7807,#7808);
#7195=AXIS2_PLACEMENT_3D('',#9640,#7812,#7813);
#7196=AXIS2_PLACEMENT_3D('',#9646,#7817,#7818);
#7197=AXIS2_PLACEMENT_3D('',#9648,#7820,#7821);
#7198=AXIS2_PLACEMENT_3D('',#9650,#7823,#7824);
#7199=AXIS2_PLACEMENT_3D('',#9910,#7956,#7957);
#7200=AXIS2_PLACEMENT_3D('',#9913,#7960,#7961);
#7201=AXIS2_PLACEMENT_3D('',#9915,#7963,#7964);
#7202=AXIS2_PLACEMENT_3D('',#9917,#7966,#7967);
#7203=AXIS2_PLACEMENT_3D('',#9918,#7968,#7969);
#7204=AXIS2_PLACEMENT_3D('',#9921,#7972,#7973);
#7205=AXIS2_PLACEMENT_3D('',#9923,#7975,#7976);
#7206=AXIS2_PLACEMENT_3D('',#9925,#7978,#7979);
#7207=AXIS2_PLACEMENT_3D('',#9926,#7980,#7981);
#7208=AXIS2_PLACEMENT_3D('',#9929,#7984,#7985);
#7209=AXIS2_PLACEMENT_3D('',#9931,#7987,#7988);
#7210=AXIS2_PLACEMENT_3D('',#9933,#7990,#7991);
#7211=AXIS2_PLACEMENT_3D('',#9934,#7992,#7993);
#7212=AXIS2_PLACEMENT_3D('',#9937,#7996,#7997);
#7213=AXIS2_PLACEMENT_3D('',#9939,#7999,#8000);
#7214=AXIS2_PLACEMENT_3D('',#9941,#8002,#8003);
#7215=AXIS2_PLACEMENT_3D('',#9942,#8004,#8005);
#7216=AXIS2_PLACEMENT_3D('',#9945,#8008,#8009);
#7217=AXIS2_PLACEMENT_3D('',#9947,#8011,#8012);
#7218=AXIS2_PLACEMENT_3D('',#9949,#8014,#8015);
#7219=AXIS2_PLACEMENT_3D('',#9950,#8016,#8017);
#7220=AXIS2_PLACEMENT_3D('',#9953,#8020,#8021);
#7221=AXIS2_PLACEMENT_3D('',#9955,#8023,#8024);
#7222=AXIS2_PLACEMENT_3D('',#9957,#8026,#8027);
#7223=AXIS2_PLACEMENT_3D('',#9958,#8028,#8029);
#7224=AXIS2_PLACEMENT_3D('',#9961,#8032,#8033);
#7225=AXIS2_PLACEMENT_3D('',#9963,#8035,#8036);
#7226=AXIS2_PLACEMENT_3D('',#9965,#8038,#8039);
#7227=AXIS2_PLACEMENT_3D('',#9966,#8040,#8041);
#7228=AXIS2_PLACEMENT_3D('',#9969,#8044,#8045);
#7229=AXIS2_PLACEMENT_3D('',#9971,#8047,#8048);
#7230=AXIS2_PLACEMENT_3D('',#9973,#8050,#8051);
#7231=AXIS2_PLACEMENT_3D('',#9974,#8052,#8053);
#7232=AXIS2_PLACEMENT_3D('',#9977,#8056,#8057);
#7233=AXIS2_PLACEMENT_3D('',#9979,#8059,#8060);
#7234=AXIS2_PLACEMENT_3D('',#9981,#8062,#8063);
#7235=AXIS2_PLACEMENT_3D('',#9982,#8064,#8065);
#7236=AXIS2_PLACEMENT_3D('',#9985,#8068,#8069);
#7237=AXIS2_PLACEMENT_3D('',#9987,#8071,#8072);
#7238=AXIS2_PLACEMENT_3D('',#9989,#8074,#8075);
#7239=AXIS2_PLACEMENT_3D('',#9990,#8076,#8077);
#7240=AXIS2_PLACEMENT_3D('',#9993,#8080,#8081);
#7241=AXIS2_PLACEMENT_3D('',#9995,#8083,#8084);
#7242=AXIS2_PLACEMENT_3D('',#9997,#8086,#8087);
#7243=AXIS2_PLACEMENT_3D('',#9998,#8088,#8089);
#7244=AXIS2_PLACEMENT_3D('',#10001,#8092,#8093);
#7245=AXIS2_PLACEMENT_3D('',#10003,#8095,#8096);
#7246=AXIS2_PLACEMENT_3D('',#10005,#8098,#8099);
#7247=AXIS2_PLACEMENT_3D('',#10006,#8100,#8101);
#7248=AXIS2_PLACEMENT_3D('',#10009,#8104,#8105);
#7249=AXIS2_PLACEMENT_3D('',#10011,#8107,#8108);
#7250=AXIS2_PLACEMENT_3D('',#10013,#8110,#8111);
#7251=AXIS2_PLACEMENT_3D('',#10014,#8112,#8113);
#7252=AXIS2_PLACEMENT_3D('',#10017,#8116,#8117);
#7253=AXIS2_PLACEMENT_3D('',#10019,#8119,#8120);
#7254=AXIS2_PLACEMENT_3D('',#10021,#8122,#8123);
#7255=AXIS2_PLACEMENT_3D('',#10022,#8124,#8125);
#7256=AXIS2_PLACEMENT_3D('',#10025,#8128,#8129);
#7257=AXIS2_PLACEMENT_3D('',#10027,#8131,#8132);
#7258=AXIS2_PLACEMENT_3D('',#10029,#8134,#8135);
#7259=AXIS2_PLACEMENT_3D('',#10030,#8136,#8137);
#7260=AXIS2_PLACEMENT_3D('',#10033,#8140,#8141);
#7261=AXIS2_PLACEMENT_3D('',#10035,#8143,#8144);
#7262=AXIS2_PLACEMENT_3D('',#10037,#8146,#8147);
#7263=AXIS2_PLACEMENT_3D('',#10038,#8148,#8149);
#7264=AXIS2_PLACEMENT_3D('',#10041,#8152,#8153);
#7265=AXIS2_PLACEMENT_3D('',#10043,#8155,#8156);
#7266=AXIS2_PLACEMENT_3D('',#10045,#8158,#8159);
#7267=AXIS2_PLACEMENT_3D('',#10046,#8160,#8161);
#7268=AXIS2_PLACEMENT_3D('',#10049,#8164,#8165);
#7269=AXIS2_PLACEMENT_3D('',#10051,#8167,#8168);
#7270=AXIS2_PLACEMENT_3D('',#10053,#8170,#8171);
#7271=AXIS2_PLACEMENT_3D('',#10054,#8172,#8173);
#7272=AXIS2_PLACEMENT_3D('',#10057,#8176,#8177);
#7273=AXIS2_PLACEMENT_3D('',#10059,#8179,#8180);
#7274=AXIS2_PLACEMENT_3D('',#10061,#8182,#8183);
#7275=AXIS2_PLACEMENT_3D('',#10062,#8184,#8185);
#7276=AXIS2_PLACEMENT_3D('',#10065,#8188,#8189);
#7277=AXIS2_PLACEMENT_3D('',#10067,#8191,#8192);
#7278=AXIS2_PLACEMENT_3D('',#10069,#8194,#8195);
#7279=AXIS2_PLACEMENT_3D('',#10070,#8196,#8197);
#7280=AXIS2_PLACEMENT_3D('',#10073,#8200,#8201);
#7281=AXIS2_PLACEMENT_3D('',#10075,#8203,#8204);
#7282=AXIS2_PLACEMENT_3D('',#10077,#8206,#8207);
#7283=AXIS2_PLACEMENT_3D('',#10078,#8208,#8209);
#7284=AXIS2_PLACEMENT_3D('',#10081,#8212,#8213);
#7285=AXIS2_PLACEMENT_3D('',#10083,#8215,#8216);
#7286=AXIS2_PLACEMENT_3D('',#10085,#8218,#8219);
#7287=AXIS2_PLACEMENT_3D('',#10086,#8220,#8221);
#7288=AXIS2_PLACEMENT_3D('',#10089,#8224,#8225);
#7289=AXIS2_PLACEMENT_3D('',#10091,#8227,#8228);
#7290=AXIS2_PLACEMENT_3D('',#10093,#8230,#8231);
#7291=AXIS2_PLACEMENT_3D('',#10094,#8232,#8233);
#7292=AXIS2_PLACEMENT_3D('',#10097,#8236,#8237);
#7293=AXIS2_PLACEMENT_3D('',#10099,#8239,#8240);
#7294=AXIS2_PLACEMENT_3D('',#10101,#8242,#8243);
#7295=AXIS2_PLACEMENT_3D('',#10102,#8244,#8245);
#7296=AXIS2_PLACEMENT_3D('',#10105,#8248,#8249);
#7297=AXIS2_PLACEMENT_3D('',#10107,#8251,#8252);
#7298=AXIS2_PLACEMENT_3D('',#10109,#8254,#8255);
#7299=AXIS2_PLACEMENT_3D('',#10110,#8256,#8257);
#7300=AXIS2_PLACEMENT_3D('',#10113,#8260,#8261);
#7301=AXIS2_PLACEMENT_3D('',#10115,#8263,#8264);
#7302=AXIS2_PLACEMENT_3D('',#10117,#8266,#8267);
#7303=AXIS2_PLACEMENT_3D('',#10118,#8268,#8269);
#7304=AXIS2_PLACEMENT_3D('',#10121,#8272,#8273);
#7305=AXIS2_PLACEMENT_3D('',#10123,#8275,#8276);
#7306=AXIS2_PLACEMENT_3D('',#10125,#8278,#8279);
#7307=AXIS2_PLACEMENT_3D('',#10126,#8280,#8281);
#7308=AXIS2_PLACEMENT_3D('',#10129,#8284,#8285);
#7309=AXIS2_PLACEMENT_3D('',#10131,#8287,#8288);
#7310=AXIS2_PLACEMENT_3D('',#10133,#8290,#8291);
#7311=AXIS2_PLACEMENT_3D('',#10134,#8292,#8293);
#7312=AXIS2_PLACEMENT_3D('',#10137,#8296,#8297);
#7313=AXIS2_PLACEMENT_3D('',#10139,#8299,#8300);
#7314=AXIS2_PLACEMENT_3D('',#10141,#8302,#8303);
#7315=AXIS2_PLACEMENT_3D('',#10142,#8304,#8305);
#7316=AXIS2_PLACEMENT_3D('',#10145,#8308,#8309);
#7317=AXIS2_PLACEMENT_3D('',#10147,#8311,#8312);
#7318=AXIS2_PLACEMENT_3D('',#10149,#8314,#8315);
#7319=AXIS2_PLACEMENT_3D('',#10150,#8316,#8317);
#7320=AXIS2_PLACEMENT_3D('',#10153,#8320,#8321);
#7321=AXIS2_PLACEMENT_3D('',#10154,#8322,#8323);
#7322=AXIS2_PLACEMENT_3D('',#10156,#8325,#8326);
#7323=AXIS2_PLACEMENT_3D('',#10158,#8328,#8329);
#7324=AXIS2_PLACEMENT_3D('',#10160,#8331,#8332);
#7325=AXIS2_PLACEMENT_3D('',#10162,#8334,#8335);
#7326=AXIS2_PLACEMENT_3D('',#10164,#8337,#8338);
#7327=AXIS2_PLACEMENT_3D('',#10165,#8339,#8340);
#7328=AXIS2_PLACEMENT_3D('',#10166,#8341,#8342);
#7329=AXIS2_PLACEMENT_3D('',#10168,#8344,#8345);
#7330=AXIS2_PLACEMENT_3D('',#10169,#8346,#8347);
#7331=AXIS2_PLACEMENT_3D('',#10178,#8352,#8353);
#7332=AXIS2_PLACEMENT_3D('',#10184,#8357,#8358);
#7333=AXIS2_PLACEMENT_3D('',#10190,#8362,#8363);
#7334=AXIS2_PLACEMENT_3D('',#10199,#8368,#8369);
#7335=AXIS2_PLACEMENT_3D('',#10205,#8373,#8374);
#7336=AXIS2_PLACEMENT_3D('',#10211,#8378,#8379);
#7337=AXIS2_PLACEMENT_3D('',#10220,#8384,#8385);
#7338=AXIS2_PLACEMENT_3D('',#10226,#8389,#8390);
#7339=AXIS2_PLACEMENT_3D('',#10232,#8394,#8395);
#7340=AXIS2_PLACEMENT_3D('',#10238,#8399,#8400);
#7341=AXIS2_PLACEMENT_3D('',#10244,#8404,#8405);
#7342=AXIS2_PLACEMENT_3D('',#10246,#8406,#8407);
#7343=AXIS2_PLACEMENT_3D('',#10268,#8418,#8419);
#7344=AXIS2_PLACEMENT_3D('',#10273,#8422,#8423);
#7345=AXIS2_PLACEMENT_3D('',#10285,#8429,#8430);
#7346=AXIS2_PLACEMENT_3D('',#10288,#8432,#8433);
#7347=AXIS2_PLACEMENT_3D('',#10306,#8442,#8443);
#7348=AXIS2_PLACEMENT_3D('',#10548,#8565,#8566);
#7349=AXIS2_PLACEMENT_3D('',#10552,#8569,#8570);
#7350=AXIS2_PLACEMENT_3D('',#10555,#8571,#8572);
#7351=AXIS2_PLACEMENT_3D('',#10558,#8575,#8576);
#7352=AXIS2_PLACEMENT_3D('',#10560,#8578,#8579);
#7353=AXIS2_PLACEMENT_3D('',#10562,#8580,#8581);
#7354=AXIS2_PLACEMENT_3D('',#10564,#8583,#8584);
#7355=AXIS2_PLACEMENT_3D('',#10566,#8585,#8586);
#7356=AXIS2_PLACEMENT_3D('',#10568,#8588,#8589);
#7357=AXIS2_PLACEMENT_3D('',#10572,#8592,#8593);
#7358=AXIS2_PLACEMENT_3D('',#10575,#8595,#8596);
#7359=AXIS2_PLACEMENT_3D('',#10576,#8597,#8598);
#7360=AXIS2_PLACEMENT_3D('',#10580,#8601,#8602);
#7361=AXIS2_PLACEMENT_3D('',#10582,#8603,#8604);
#7362=AXIS2_PLACEMENT_3D('',#10584,#8606,#8607);
#7363=AXIS2_PLACEMENT_3D('',#10588,#8610,#8611);
#7364=AXIS2_PLACEMENT_3D('',#10590,#8612,#8613);
#7365=AXIS2_PLACEMENT_3D('',#10592,#8615,#8616);
#7366=AXIS2_PLACEMENT_3D('',#10596,#8619,#8620);
#7367=AXIS2_PLACEMENT_3D('',#10600,#8623,#8624);
#7368=AXIS2_PLACEMENT_3D('',#10604,#8627,#8628);
#7369=AXIS2_PLACEMENT_3D('',#10608,#8631,#8632);
#7370=AXIS2_PLACEMENT_3D('',#10612,#8635,#8636);
#7371=AXIS2_PLACEMENT_3D('',#10616,#8639,#8640);
#7372=AXIS2_PLACEMENT_3D('',#10620,#8643,#8644);
#7373=AXIS2_PLACEMENT_3D('',#10624,#8647,#8648);
#7374=AXIS2_PLACEMENT_3D('',#10630,#8652,#8653);
#7375=AXIS2_PLACEMENT_3D('',#10634,#8656,#8657);
#7376=AXIS2_PLACEMENT_3D('',#10636,#8659,#8660);
#7377=AXIS2_PLACEMENT_3D('',#10896,#8792,#8793);
#7378=AXIS2_PLACEMENT_3D('',#10899,#8796,#8797);
#7379=AXIS2_PLACEMENT_3D('',#10901,#8799,#8800);
#7380=AXIS2_PLACEMENT_3D('',#10903,#8802,#8803);
#7381=AXIS2_PLACEMENT_3D('',#10904,#8804,#8805);
#7382=AXIS2_PLACEMENT_3D('',#10907,#8808,#8809);
#7383=AXIS2_PLACEMENT_3D('',#10909,#8811,#8812);
#7384=AXIS2_PLACEMENT_3D('',#10911,#8814,#8815);
#7385=AXIS2_PLACEMENT_3D('',#10912,#8816,#8817);
#7386=AXIS2_PLACEMENT_3D('',#10915,#8820,#8821);
#7387=AXIS2_PLACEMENT_3D('',#10917,#8823,#8824);
#7388=AXIS2_PLACEMENT_3D('',#10919,#8826,#8827);
#7389=AXIS2_PLACEMENT_3D('',#10920,#8828,#8829);
#7390=AXIS2_PLACEMENT_3D('',#10923,#8832,#8833);
#7391=AXIS2_PLACEMENT_3D('',#10925,#8835,#8836);
#7392=AXIS2_PLACEMENT_3D('',#10927,#8838,#8839);
#7393=AXIS2_PLACEMENT_3D('',#10928,#8840,#8841);
#7394=AXIS2_PLACEMENT_3D('',#10931,#8844,#8845);
#7395=AXIS2_PLACEMENT_3D('',#10933,#8847,#8848);
#7396=AXIS2_PLACEMENT_3D('',#10935,#8850,#8851);
#7397=AXIS2_PLACEMENT_3D('',#10936,#8852,#8853);
#7398=AXIS2_PLACEMENT_3D('',#10939,#8856,#8857);
#7399=AXIS2_PLACEMENT_3D('',#10941,#8859,#8860);
#7400=AXIS2_PLACEMENT_3D('',#10943,#8862,#8863);
#7401=AXIS2_PLACEMENT_3D('',#10944,#8864,#8865);
#7402=AXIS2_PLACEMENT_3D('',#10947,#8868,#8869);
#7403=AXIS2_PLACEMENT_3D('',#10949,#8871,#8872);
#7404=AXIS2_PLACEMENT_3D('',#10951,#8874,#8875);
#7405=AXIS2_PLACEMENT_3D('',#10952,#8876,#8877);
#7406=AXIS2_PLACEMENT_3D('',#10955,#8880,#8881);
#7407=AXIS2_PLACEMENT_3D('',#10957,#8883,#8884);
#7408=AXIS2_PLACEMENT_3D('',#10959,#8886,#8887);
#7409=AXIS2_PLACEMENT_3D('',#10960,#8888,#8889);
#7410=AXIS2_PLACEMENT_3D('',#10963,#8892,#8893);
#7411=AXIS2_PLACEMENT_3D('',#10965,#8895,#8896);
#7412=AXIS2_PLACEMENT_3D('',#10967,#8898,#8899);
#7413=AXIS2_PLACEMENT_3D('',#10968,#8900,#8901);
#7414=AXIS2_PLACEMENT_3D('',#10971,#8904,#8905);
#7415=AXIS2_PLACEMENT_3D('',#10973,#8907,#8908);
#7416=AXIS2_PLACEMENT_3D('',#10975,#8910,#8911);
#7417=AXIS2_PLACEMENT_3D('',#10976,#8912,#8913);
#7418=AXIS2_PLACEMENT_3D('',#10979,#8916,#8917);
#7419=AXIS2_PLACEMENT_3D('',#10981,#8919,#8920);
#7420=AXIS2_PLACEMENT_3D('',#10983,#8922,#8923);
#7421=AXIS2_PLACEMENT_3D('',#10984,#8924,#8925);
#7422=AXIS2_PLACEMENT_3D('',#10987,#8928,#8929);
#7423=AXIS2_PLACEMENT_3D('',#10989,#8931,#8932);
#7424=AXIS2_PLACEMENT_3D('',#10991,#8934,#8935);
#7425=AXIS2_PLACEMENT_3D('',#10992,#8936,#8937);
#7426=AXIS2_PLACEMENT_3D('',#10995,#8940,#8941);
#7427=AXIS2_PLACEMENT_3D('',#10997,#8943,#8944);
#7428=AXIS2_PLACEMENT_3D('',#10999,#8946,#8947);
#7429=AXIS2_PLACEMENT_3D('',#11000,#8948,#8949);
#7430=AXIS2_PLACEMENT_3D('',#11003,#8952,#8953);
#7431=AXIS2_PLACEMENT_3D('',#11005,#8955,#8956);
#7432=AXIS2_PLACEMENT_3D('',#11007,#8958,#8959);
#7433=AXIS2_PLACEMENT_3D('',#11008,#8960,#8961);
#7434=AXIS2_PLACEMENT_3D('',#11011,#8964,#8965);
#7435=AXIS2_PLACEMENT_3D('',#11013,#8967,#8968);
#7436=AXIS2_PLACEMENT_3D('',#11015,#8970,#8971);
#7437=AXIS2_PLACEMENT_3D('',#11016,#8972,#8973);
#7438=AXIS2_PLACEMENT_3D('',#11019,#8976,#8977);
#7439=AXIS2_PLACEMENT_3D('',#11021,#8979,#8980);
#7440=AXIS2_PLACEMENT_3D('',#11023,#8982,#8983);
#7441=AXIS2_PLACEMENT_3D('',#11024,#8984,#8985);
#7442=AXIS2_PLACEMENT_3D('',#11027,#8988,#8989);
#7443=AXIS2_PLACEMENT_3D('',#11029,#8991,#8992);
#7444=AXIS2_PLACEMENT_3D('',#11031,#8994,#8995);
#7445=AXIS2_PLACEMENT_3D('',#11032,#8996,#8997);
#7446=AXIS2_PLACEMENT_3D('',#11035,#9000,#9001);
#7447=AXIS2_PLACEMENT_3D('',#11037,#9003,#9004);
#7448=AXIS2_PLACEMENT_3D('',#11039,#9006,#9007);
#7449=AXIS2_PLACEMENT_3D('',#11040,#9008,#9009);
#7450=AXIS2_PLACEMENT_3D('',#11043,#9012,#9013);
#7451=AXIS2_PLACEMENT_3D('',#11045,#9015,#9016);
#7452=AXIS2_PLACEMENT_3D('',#11047,#9018,#9019);
#7453=AXIS2_PLACEMENT_3D('',#11048,#9020,#9021);
#7454=AXIS2_PLACEMENT_3D('',#11051,#9024,#9025);
#7455=AXIS2_PLACEMENT_3D('',#11053,#9027,#9028);
#7456=AXIS2_PLACEMENT_3D('',#11055,#9030,#9031);
#7457=AXIS2_PLACEMENT_3D('',#11056,#9032,#9033);
#7458=AXIS2_PLACEMENT_3D('',#11059,#9036,#9037);
#7459=AXIS2_PLACEMENT_3D('',#11061,#9039,#9040);
#7460=AXIS2_PLACEMENT_3D('',#11063,#9042,#9043);
#7461=AXIS2_PLACEMENT_3D('',#11064,#9044,#9045);
#7462=AXIS2_PLACEMENT_3D('',#11067,#9048,#9049);
#7463=AXIS2_PLACEMENT_3D('',#11069,#9051,#9052);
#7464=AXIS2_PLACEMENT_3D('',#11071,#9054,#9055);
#7465=AXIS2_PLACEMENT_3D('',#11072,#9056,#9057);
#7466=AXIS2_PLACEMENT_3D('',#11075,#9060,#9061);
#7467=AXIS2_PLACEMENT_3D('',#11077,#9063,#9064);
#7468=AXIS2_PLACEMENT_3D('',#11079,#9066,#9067);
#7469=AXIS2_PLACEMENT_3D('',#11080,#9068,#9069);
#7470=AXIS2_PLACEMENT_3D('',#11083,#9072,#9073);
#7471=AXIS2_PLACEMENT_3D('',#11085,#9075,#9076);
#7472=AXIS2_PLACEMENT_3D('',#11087,#9078,#9079);
#7473=AXIS2_PLACEMENT_3D('',#11088,#9080,#9081);
#7474=AXIS2_PLACEMENT_3D('',#11091,#9084,#9085);
#7475=AXIS2_PLACEMENT_3D('',#11093,#9087,#9088);
#7476=AXIS2_PLACEMENT_3D('',#11095,#9090,#9091);
#7477=AXIS2_PLACEMENT_3D('',#11096,#9092,#9093);
#7478=AXIS2_PLACEMENT_3D('',#11099,#9096,#9097);
#7479=AXIS2_PLACEMENT_3D('',#11101,#9099,#9100);
#7480=AXIS2_PLACEMENT_3D('',#11103,#9102,#9103);
#7481=AXIS2_PLACEMENT_3D('',#11104,#9104,#9105);
#7482=AXIS2_PLACEMENT_3D('',#11107,#9108,#9109);
#7483=AXIS2_PLACEMENT_3D('',#11109,#9111,#9112);
#7484=AXIS2_PLACEMENT_3D('',#11111,#9114,#9115);
#7485=AXIS2_PLACEMENT_3D('',#11112,#9116,#9117);
#7486=AXIS2_PLACEMENT_3D('',#11115,#9120,#9121);
#7487=AXIS2_PLACEMENT_3D('',#11117,#9123,#9124);
#7488=AXIS2_PLACEMENT_3D('',#11119,#9126,#9127);
#7489=AXIS2_PLACEMENT_3D('',#11120,#9128,#9129);
#7490=AXIS2_PLACEMENT_3D('',#11123,#9132,#9133);
#7491=AXIS2_PLACEMENT_3D('',#11125,#9135,#9136);
#7492=AXIS2_PLACEMENT_3D('',#11127,#9138,#9139);
#7493=AXIS2_PLACEMENT_3D('',#11128,#9140,#9141);
#7494=AXIS2_PLACEMENT_3D('',#11131,#9144,#9145);
#7495=AXIS2_PLACEMENT_3D('',#11133,#9147,#9148);
#7496=AXIS2_PLACEMENT_3D('',#11135,#9150,#9151);
#7497=AXIS2_PLACEMENT_3D('',#11136,#9152,#9153);
#7498=AXIS2_PLACEMENT_3D('',#11139,#9156,#9157);
#7499=AXIS2_PLACEMENT_3D('',#11140,#9158,#9159);
#7500=AXIS2_PLACEMENT_3D('',#11142,#9161,#9162);
#7501=AXIS2_PLACEMENT_3D('',#11144,#9164,#9165);
#7502=AXIS2_PLACEMENT_3D('',#11146,#9167,#9168);
#7503=AXIS2_PLACEMENT_3D('',#11148,#9170,#9171);
#7504=AXIS2_PLACEMENT_3D('',#11150,#9173,#9174);
#7505=AXIS2_PLACEMENT_3D('',#11151,#9175,#9176);
#7506=AXIS2_PLACEMENT_3D('',#11152,#9177,#9178);
#7507=AXIS2_PLACEMENT_3D('',#11154,#9180,#9181);
#7508=DIRECTION('axis',(0.,0.,1.));
#7509=DIRECTION('refdir',(1.,0.,0.));
#7510=DIRECTION('center_axis',(-1.,0.,0.));
#7511=DIRECTION('ref_axis',(0.,-1.,0.));
#7512=DIRECTION('',(0.,1.,0.));
#7513=DIRECTION('',(0.,0.,1.));
#7514=DIRECTION('',(0.,-1.,0.));
#7515=DIRECTION('',(0.,0.,1.));
#7516=DIRECTION('center_axis',(0.,1.,0.));
#7517=DIRECTION('ref_axis',(-1.,0.,0.));
#7518=DIRECTION('',(-1.,0.,0.));
#7519=DIRECTION('',(1.,0.,0.));
#7520=DIRECTION('',(0.,0.,-1.));
#7521=DIRECTION('center_axis',(1.,0.,0.));
#7522=DIRECTION('ref_axis',(0.,1.,0.));
#7523=DIRECTION('',(0.,-1.,0.));
#7524=DIRECTION('',(0.,1.,0.));
#7525=DIRECTION('',(0.,0.,-1.));
#7526=DIRECTION('center_axis',(0.,-1.,0.));
#7527=DIRECTION('ref_axis',(1.,0.,0.));
#7528=DIRECTION('',(-1.,0.,0.));
#7529=DIRECTION('',(0.,0.,1.));
#7530=DIRECTION('',(1.,0.,0.));
#7531=DIRECTION('',(0.,0.,1.));
#7532=DIRECTION('center_axis',(-1.,0.,0.));
#7533=DIRECTION('ref_axis',(0.,-1.,0.));
#7534=DIRECTION('',(0.,-1.,0.));
#7535=DIRECTION('',(0.,1.,0.));
#7536=DIRECTION('',(0.,0.,-1.));
#7537=DIRECTION('center_axis',(0.,1.,0.));
#7538=DIRECTION('ref_axis',(-1.,0.,0.));
#7539=DIRECTION('',(1.,0.,0.));
#7540=DIRECTION('',(-1.,0.,0.));
#7541=DIRECTION('',(0.,0.,-1.));
#7542=DIRECTION('center_axis',(1.,0.,0.));
#7543=DIRECTION('ref_axis',(0.,1.,0.));
#7544=DIRECTION('',(0.,-1.,0.));
#7545=DIRECTION('',(0.,0.,1.));
#7546=DIRECTION('',(0.,1.,0.));
#7547=DIRECTION('',(0.,0.,1.));
#7548=DIRECTION('center_axis',(0.,-1.,0.));
#7549=DIRECTION('ref_axis',(1.,0.,0.));
#7550=DIRECTION('',(1.,0.,0.));
#7551=DIRECTION('',(-1.,0.,0.));
#7552=DIRECTION('',(0.,0.,-1.));
#7553=DIRECTION('center_axis',(-1.,0.,0.));
#7554=DIRECTION('ref_axis',(0.,-1.,0.));
#7555=DIRECTION('',(0.,1.,0.));
#7556=DIRECTION('',(0.,-1.,0.));
#7557=DIRECTION('',(0.,0.,-1.));
#7558=DIRECTION('center_axis',(0.,-1.,0.));
#7559=DIRECTION('ref_axis',(1.,0.,0.));
#7560=DIRECTION('',(1.,0.,0.));
#7561=DIRECTION('',(0.,0.,1.));
#7562=DIRECTION('',(-1.,0.,0.));
#7563=DIRECTION('center_axis',(1.,0.,0.));
#7564=DIRECTION('ref_axis',(0.,-1.,0.));
#7565=DIRECTION('',(0.,-1.,0.));
#7566=DIRECTION('',(0.,0.,1.));
#7567=DIRECTION('',(0.,-1.,0.));
#7568=DIRECTION('center_axis',(0.,0.,1.));
#7569=DIRECTION('ref_axis',(1.,0.,0.));
#7570=DIRECTION('center_axis',(0.,0.,1.));
#7571=DIRECTION('ref_axis',(-0.707106781186535,-0.70710678118656,0.));
#7572=DIRECTION('',(0.,1.,0.));
#7573=DIRECTION('',(-1.,0.,0.));
#7574=DIRECTION('',(-0.928383215038472,-0.37162428073907,0.));
#7575=DIRECTION('',(-0.499934151341742,0.866063418187266,0.));
#7576=DIRECTION('',(-0.424857129358392,0.905260415368609,0.));
#7577=DIRECTION('',(0.00160380171115013,0.999998713909209,0.));
#7578=DIRECTION('',(1.,0.,0.));
#7579=DIRECTION('',(0.,1.,0.));
#7580=DIRECTION('',(0.999999999999384,-1.11006122208094E-6,0.));
#7581=DIRECTION('',(0.,1.,0.));
#7582=DIRECTION('center_axis',(0.,0.,1.));
#7583=DIRECTION('ref_axis',(-0.707106781186573,0.707106781186523,0.));
#7584=DIRECTION('',(1.,0.,0.));
#7585=DIRECTION('',(1.,0.,0.));
#7586=DIRECTION('center_axis',(0.,0.,1.));
#7587=DIRECTION('ref_axis',(0.707106781186522,0.707106781186573,0.));
#7588=DIRECTION('',(0.,-1.,0.));
#7589=DIRECTION('',(0.999999999999384,-1.11006122208094E-6,0.));
#7590=DIRECTION('',(0.987113943399576,-0.160018944960087,0.));
#7591=DIRECTION('',(0.000355772062959283,-0.999999936713118,0.));
#7592=DIRECTION('',(1.,0.,0.));
#7593=DIRECTION('center_axis',(0.,0.,1.));
#7594=DIRECTION('ref_axis',(0.707106781186573,0.707106781186523,0.));
#7595=DIRECTION('',(0.,-1.,0.));
#7596=DIRECTION('center_axis',(0.,0.,1.));
#7597=DIRECTION('ref_axis',(0.707106781186522,-0.707106781186573,0.));
#7598=DIRECTION('',(-1.,0.,0.));
#7599=DIRECTION('',(0.000355772062959283,-0.999999936713118,0.));
#7600=DIRECTION('',(-0.996779252133198,-0.0801942798258285,0.));
#7601=DIRECTION('',(-0.520050328602033,-0.854135619044726,0.));
#7602=DIRECTION('',(-1.,0.,0.));
#7603=DIRECTION('',(-0.963516014277772,0.267650686960216,0.));
#7604=DIRECTION('',(-1.,0.,0.));
#7605=DIRECTION('',(0.,-1.,0.));
#7606=DIRECTION('center_axis',(0.,0.,1.));
#7607=DIRECTION('ref_axis',(0.707106781186573,-0.707106781186523,0.));
#7608=DIRECTION('',(-1.,0.,0.));
#7609=DIRECTION('',(0.,1.,0.));
#7610=DIRECTION('',(-1.,0.,0.));
#7611=DIRECTION('',(0.,-1.,0.));
#7612=DIRECTION('',(1.,0.,0.));
#7613=DIRECTION('',(0.499963239038848,-0.866046626694997,0.));
#7614=DIRECTION('',(0.866046626695,0.499963239038843,0.));
#7615=DIRECTION('',(-0.50004179788038,0.866001270422023,0.));
#7616=DIRECTION('',(-0.866125171684847,-0.499827157099226,0.));
#7617=DIRECTION('',(0.,1.,0.));
#7618=DIRECTION('',(-1.,0.,0.));
#7619=DIRECTION('',(0.,-1.,0.));
#7620=DIRECTION('',(1.,0.,0.));
#7621=DIRECTION('',(0.,-1.,0.));
#7622=DIRECTION('',(1.,0.,0.));
#7623=DIRECTION('',(0.,1.,0.));
#7624=DIRECTION('',(-1.,0.,0.));
#7625=DIRECTION('',(0.,-1.,0.));
#7626=DIRECTION('',(1.,0.,0.));
#7627=DIRECTION('',(0.,1.,0.));
#7628=DIRECTION('',(-1.,0.,0.));
#7629=DIRECTION('',(0.,-1.,0.));
#7630=DIRECTION('',(1.,0.,0.));
#7631=DIRECTION('',(0.,1.,0.));
#7632=DIRECTION('',(-1.,0.,0.));
#7633=DIRECTION('',(0.,-1.,0.));
#7634=DIRECTION('',(1.,0.,0.));
#7635=DIRECTION('',(0.,1.,0.));
#7636=DIRECTION('',(-1.,0.,0.));
#7637=DIRECTION('',(-1.,0.,0.));
#7638=DIRECTION('',(0.,-1.,0.));
#7639=DIRECTION('',(1.,0.,0.));
#7640=DIRECTION('',(0.,1.,0.));
#7641=DIRECTION('',(0.,1.,0.));
#7642=DIRECTION('',(-1.,0.,0.));
#7643=DIRECTION('',(0.,-1.,0.));
#7644=DIRECTION('',(1.,0.,0.));
#7645=DIRECTION('',(1.,0.,0.));
#7646=DIRECTION('',(0.,1.,0.));
#7647=DIRECTION('',(-1.,0.,0.));
#7648=DIRECTION('',(0.,-1.,0.));
#7649=DIRECTION('',(0.,-1.,0.));
#7650=DIRECTION('',(1.,0.,0.));
#7651=DIRECTION('',(0.,1.,0.));
#7652=DIRECTION('',(-1.,0.,0.));
#7653=DIRECTION('',(0.,-1.,0.));
#7654=DIRECTION('',(1.,0.,0.));
#7655=DIRECTION('',(0.,1.,0.));
#7656=DIRECTION('',(-1.,0.,0.));
#7657=DIRECTION('',(0.,1.,0.));
#7658=DIRECTION('',(-1.,0.,0.));
#7659=DIRECTION('',(0.,-1.,0.));
#7660=DIRECTION('',(1.,0.,0.));
#7661=DIRECTION('',(0.,1.,0.));
#7662=DIRECTION('',(-1.,0.,0.));
#7663=DIRECTION('',(0.,-1.,0.));
#7664=DIRECTION('',(1.,0.,0.));
#7665=DIRECTION('',(-1.,0.,0.));
#7666=DIRECTION('',(0.,-1.,0.));
#7667=DIRECTION('',(1.,0.,0.));
#7668=DIRECTION('',(0.,1.,0.));
#7669=DIRECTION('',(0.,1.,0.));
#7670=DIRECTION('',(-1.,0.,0.));
#7671=DIRECTION('',(0.,-1.,0.));
#7672=DIRECTION('',(1.,0.,0.));
#7673=DIRECTION('',(0.,1.,0.));
#7674=DIRECTION('',(-1.,0.,0.));
#7675=DIRECTION('',(0.,-1.,0.));
#7676=DIRECTION('',(1.,0.,0.));
#7677=DIRECTION('',(-1.,0.,0.));
#7678=DIRECTION('',(0.,-1.,0.));
#7679=DIRECTION('',(1.,0.,0.));
#7680=DIRECTION('',(0.,1.,0.));
#7681=DIRECTION('',(-1.,0.,0.));
#7682=DIRECTION('',(0.,-1.,0.));
#7683=DIRECTION('',(1.,0.,0.));
#7684=DIRECTION('',(0.,1.,0.));
#7685=DIRECTION('',(-1.,0.,0.));
#7686=DIRECTION('',(0.,-1.,0.));
#7687=DIRECTION('',(1.,0.,0.));
#7688=DIRECTION('',(0.,1.,0.));
#7689=DIRECTION('',(0.,-1.,0.));
#7690=DIRECTION('',(1.,0.,0.));
#7691=DIRECTION('',(0.,1.,0.));
#7692=DIRECTION('',(-1.,0.,0.));
#7693=DIRECTION('',(0.,-1.,0.));
#7694=DIRECTION('',(1.,0.,0.));
#7695=DIRECTION('',(0.,1.,0.));
#7696=DIRECTION('',(-1.,0.,0.));
#7697=DIRECTION('',(1.,0.,0.));
#7698=DIRECTION('',(0.,1.,0.));
#7699=DIRECTION('',(-1.,0.,0.));
#7700=DIRECTION('',(0.,-1.,0.));
#7701=DIRECTION('',(0.,1.,0.));
#7702=DIRECTION('',(-1.,0.,0.));
#7703=DIRECTION('',(0.,-1.,0.));
#7704=DIRECTION('',(1.,0.,0.));
#7705=DIRECTION('',(0.,-1.,0.));
#7706=DIRECTION('',(1.,0.,0.));
#7707=DIRECTION('',(0.,1.,0.));
#7708=DIRECTION('',(-1.,0.,0.));
#7709=DIRECTION('',(0.,-1.,0.));
#7710=DIRECTION('',(1.,0.,0.));
#7711=DIRECTION('',(0.,1.,0.));
#7712=DIRECTION('',(-1.,0.,0.));
#7713=DIRECTION('',(0.,1.,0.));
#7714=DIRECTION('',(-1.,0.,0.));
#7715=DIRECTION('',(0.,-1.,0.));
#7716=DIRECTION('',(1.,0.,0.));
#7717=DIRECTION('',(-1.,0.,0.));
#7718=DIRECTION('',(0.,-1.,0.));
#7719=DIRECTION('',(1.,0.,0.));
#7720=DIRECTION('',(0.,1.,0.));
#7721=DIRECTION('',(0.,-1.,0.));
#7722=DIRECTION('',(1.,0.,0.));
#7723=DIRECTION('',(0.,1.,0.));
#7724=DIRECTION('',(-1.,0.,0.));
#7725=DIRECTION('',(0.258724028947307,-0.965951280782459,0.));
#7726=DIRECTION('',(0.96590597048319,0.258893136612246,0.));
#7727=DIRECTION('',(-0.258723993244255,0.965951290345298,0.));
#7728=DIRECTION('',(-0.965905934760136,-0.258893269891568,0.));
#7729=DIRECTION('center_axis',(0.,1.,0.));
#7730=DIRECTION('ref_axis',(-1.,0.,0.));
#7731=DIRECTION('',(-1.,0.,0.));
#7732=DIRECTION('',(0.,0.,1.));
#7733=DIRECTION('center_axis',(0.,0.,1.));
#7734=DIRECTION('ref_axis',(-0.707106781186573,0.707106781186523,0.));
#7735=DIRECTION('center_axis',(0.,0.,-1.));
#7736=DIRECTION('ref_axis',(-0.707106781186573,0.707106781186523,0.));
#7737=DIRECTION('',(0.,0.,-1.));
#7738=DIRECTION('',(0.,0.,1.));
#7739=DIRECTION('center_axis',(0.,1.,0.));
#7740=DIRECTION('ref_axis',(-1.,0.,0.));
#7741=DIRECTION('',(-1.,0.,0.));
#7742=DIRECTION('center_axis',(0.,0.,1.));
#7743=DIRECTION('ref_axis',(0.707106781186522,0.707106781186573,0.));
#7744=DIRECTION('center_axis',(0.,0.,-1.));
#7745=DIRECTION('ref_axis',(0.707106781186522,0.707106781186573,0.));
#7746=DIRECTION('',(0.,0.,-1.));
#7747=DIRECTION('center_axis',(0.,0.,1.));
#7748=DIRECTION('ref_axis',(-0.707106781186535,-0.70710678118656,0.));
#7749=DIRECTION('center_axis',(0.,0.,-1.));
#7750=DIRECTION('ref_axis',(-0.707106781186535,-0.70710678118656,0.));
#7751=DIRECTION('',(0.,0.,-1.));
#7752=DIRECTION('center_axis',(0.,-1.,0.));
#7753=DIRECTION('ref_axis',(1.,0.,0.));
#7754=DIRECTION('',(0.,0.,-1.));
#7755=DIRECTION('',(1.,0.,0.));
#7756=DIRECTION('center_axis',(0.,0.,1.));
#7757=DIRECTION('ref_axis',(0.707106781186573,-0.707106781186523,0.));
#7758=DIRECTION('center_axis',(0.,0.,-1.));
#7759=DIRECTION('ref_axis',(0.707106781186573,-0.707106781186523,0.));
#7760=DIRECTION('',(0.,0.,1.));
#7761=DIRECTION('center_axis',(1.,0.,0.));
#7762=DIRECTION('ref_axis',(0.,1.,0.));
#7763=DIRECTION('',(0.,0.,1.));
#7764=DIRECTION('',(0.,1.,0.));
#7765=DIRECTION('center_axis',(0.,0.,-1.));
#7766=DIRECTION('ref_axis',(0.707106781186522,-0.707106781186573,0.));
#7767=DIRECTION('center_axis',(0.,0.,-1.));
#7768=DIRECTION('ref_axis',(0.707106781186522,-0.707106781186573,0.));
#7769=DIRECTION('',(0.,0.,-1.));
#7770=DIRECTION('center_axis',(1.,0.,0.));
#7771=DIRECTION('ref_axis',(0.,-1.,0.));
#7772=DIRECTION('',(0.,0.,-1.));
#7773=DIRECTION('',(0.,-1.,0.));
#7774=DIRECTION('center_axis',(0.,0.,-1.));
#7775=DIRECTION('ref_axis',(0.707106781186573,0.707106781186523,0.));
#7776=DIRECTION('',(0.,0.,1.));
#7777=DIRECTION('center_axis',(0.,0.,-1.));
#7778=DIRECTION('ref_axis',(0.707106781186573,0.707106781186523,0.));
#7779=DIRECTION('center_axis',(-1.,0.,0.));
#7780=DIRECTION('ref_axis',(0.,-1.,0.));
#7781=DIRECTION('',(0.,-1.,0.));
#7782=DIRECTION('',(0.,0.,-1.));
#7783=DIRECTION('center_axis',(0.,-1.,0.));
#7784=DIRECTION('ref_axis',(1.,0.,0.));
#7785=DIRECTION('',(1.,0.,0.));
#7786=DIRECTION('',(0.,0.,1.));
#7787=DIRECTION('center_axis',(0.,-1.,0.));
#7788=DIRECTION('ref_axis',(1.,0.,0.));
#7789=DIRECTION('',(0.,0.,1.));
#7790=DIRECTION('',(1.,0.,0.));
#7791=DIRECTION('center_axis',(-1.,0.,0.));
#7792=DIRECTION('ref_axis',(0.,-1.,0.));
#7793=DIRECTION('',(0.,0.,1.));
#7794=DIRECTION('',(0.,-1.,0.));
#7795=DIRECTION('center_axis',(1.,0.,0.));
#7796=DIRECTION('ref_axis',(0.,1.,0.));
#7797=DIRECTION('',(0.,1.,0.));
#7798=DIRECTION('',(0.,0.,-1.));
#7799=DIRECTION('center_axis',(1.11006122208094E-6,0.999999999999384,0.));
#7800=DIRECTION('ref_axis',(-0.999999999999384,1.11006122208094E-6,0.));
#7801=DIRECTION('',(-0.999999999999384,1.11006122208094E-6,0.));
#7802=DIRECTION('',(0.,0.,-1.));
#7803=DIRECTION('center_axis',(1.11006122208094E-6,0.999999999999384,0.));
#7804=DIRECTION('ref_axis',(-0.999999999999384,1.11006122208094E-6,0.));
#7805=DIRECTION('',(0.,0.,1.));
#7806=DIRECTION('',(-0.999999999999384,1.11006122208094E-6,0.));
#7807=DIRECTION('center_axis',(0.999999936713118,0.000355772062959283,0.));
#7808=DIRECTION('ref_axis',(-0.000355772062959283,0.999999936713118,0.));
#7809=DIRECTION('',(0.,0.,-1.));
#7810=DIRECTION('',(-0.000355772062959283,0.999999936713118,0.));
#7811=DIRECTION('',(0.,0.,-1.));
#7812=DIRECTION('center_axis',(0.999999936713118,0.000355772062959283,0.));
#7813=DIRECTION('ref_axis',(-0.000355772062959283,0.999999936713118,0.));
#7814=DIRECTION('',(0.,0.,1.));
#7815=DIRECTION('',(0.,0.,-1.));
#7816=DIRECTION('',(-0.000355772062959283,0.999999936713118,0.));
#7817=DIRECTION('center_axis',(0.,1.,0.));
#7818=DIRECTION('ref_axis',(1.,0.,0.));
#7819=DIRECTION('',(1.,0.,0.));
#7820=DIRECTION('center_axis',(0.,-1.,0.));
#7821=DIRECTION('ref_axis',(-1.,0.,0.));
#7822=DIRECTION('',(-1.,0.,0.));
#7823=DIRECTION('center_axis',(0.,0.,-1.));
#7824=DIRECTION('ref_axis',(-1.,0.,0.));
#7825=DIRECTION('',(0.963516014277772,-0.267650686960216,0.));
#7826=DIRECTION('',(1.,0.,0.));
#7827=DIRECTION('',(0.520050328602033,0.854135619044726,0.));
#7828=DIRECTION('',(0.996779252133198,0.0801942798258285,0.));
#7829=DIRECTION('',(-0.987113943399576,0.160018944960087,0.));
#7830=DIRECTION('',(0.,-1.,0.));
#7831=DIRECTION('',(-1.,0.,0.));
#7832=DIRECTION('',(-0.00160380171115013,-0.999998713909209,0.));
#7833=DIRECTION('',(0.424857129358392,-0.905260415368609,0.));
#7834=DIRECTION('',(0.499934151341742,-0.866063418187266,0.));
#7835=DIRECTION('',(0.928383215038472,0.37162428073907,0.));
#7836=DIRECTION('',(0.,1.,0.));
#7837=DIRECTION('',(1.,0.,0.));
#7838=DIRECTION('',(0.,-1.,0.));
#7839=DIRECTION('',(-1.,0.,0.));
#7840=DIRECTION('',(0.499963239038848,-0.866046626694997,0.));
#7841=DIRECTION('',(-0.866125171684847,-0.499827157099226,0.));
#7842=DIRECTION('',(-0.50004179788038,0.866001270422023,0.));
#7843=DIRECTION('',(0.866046626695,0.499963239038843,0.));
#7844=DIRECTION('',(0.,1.,0.));
#7845=DIRECTION('',(1.,0.,0.));
#7846=DIRECTION('',(0.,-1.,0.));
#7847=DIRECTION('',(-1.,0.,0.));
#7848=DIRECTION('',(0.,-1.,0.));
#7849=DIRECTION('',(-1.,0.,0.));
#7850=DIRECTION('',(0.,1.,0.));
#7851=DIRECTION('',(1.,0.,0.));
#7852=DIRECTION('',(0.,-1.,0.));
#7853=DIRECTION('',(-1.,0.,0.));
#7854=DIRECTION('',(0.,1.,0.));
#7855=DIRECTION('',(1.,0.,0.));
#7856=DIRECTION('',(0.,-1.,0.));
#7857=DIRECTION('',(-1.,0.,0.));
#7858=DIRECTION('',(0.,1.,0.));
#7859=DIRECTION('',(1.,0.,0.));
#7860=DIRECTION('',(0.,-1.,0.));
#7861=DIRECTION('',(-1.,0.,0.));
#7862=DIRECTION('',(0.,1.,0.));
#7863=DIRECTION('',(1.,0.,0.));
#7864=DIRECTION('',(-1.,0.,0.));
#7865=DIRECTION('',(0.,1.,0.));
#7866=DIRECTION('',(1.,0.,0.));
#7867=DIRECTION('',(0.,-1.,0.));
#7868=DIRECTION('',(0.,1.,0.));
#7869=DIRECTION('',(1.,0.,0.));
#7870=DIRECTION('',(0.,-1.,0.));
#7871=DIRECTION('',(-1.,0.,0.));
#7872=DIRECTION('',(1.,0.,0.));
#7873=DIRECTION('',(0.,-1.,0.));
#7874=DIRECTION('',(-1.,0.,0.));
#7875=DIRECTION('',(0.,1.,0.));
#7876=DIRECTION('',(0.,-1.,0.));
#7877=DIRECTION('',(-1.,0.,0.));
#7878=DIRECTION('',(0.,1.,0.));
#7879=DIRECTION('',(1.,0.,0.));
#7880=DIRECTION('',(0.,-1.,0.));
#7881=DIRECTION('',(-1.,0.,0.));
#7882=DIRECTION('',(0.,1.,0.));
#7883=DIRECTION('',(1.,0.,0.));
#7884=DIRECTION('',(0.,1.,0.));
#7885=DIRECTION('',(1.,0.,0.));
#7886=DIRECTION('',(0.,-1.,0.));
#7887=DIRECTION('',(-1.,0.,0.));
#7888=DIRECTION('',(0.,1.,0.));
#7889=DIRECTION('',(1.,0.,0.));
#7890=DIRECTION('',(0.,-1.,0.));
#7891=DIRECTION('',(-1.,0.,0.));
#7892=DIRECTION('',(-1.,0.,0.));
#7893=DIRECTION('',(0.,1.,0.));
#7894=DIRECTION('',(1.,0.,0.));
#7895=DIRECTION('',(0.,-1.,0.));
#7896=DIRECTION('',(0.,1.,0.));
#7897=DIRECTION('',(1.,0.,0.));
#7898=DIRECTION('',(0.,-1.,0.));
#7899=DIRECTION('',(-1.,0.,0.));
#7900=DIRECTION('',(0.,1.,0.));
#7901=DIRECTION('',(1.,0.,0.));
#7902=DIRECTION('',(0.,-1.,0.));
#7903=DIRECTION('',(-1.,0.,0.));
#7904=DIRECTION('',(-1.,0.,0.));
#7905=DIRECTION('',(0.,1.,0.));
#7906=DIRECTION('',(1.,0.,0.));
#7907=DIRECTION('',(0.,-1.,0.));
#7908=DIRECTION('',(-1.,0.,0.));
#7909=DIRECTION('',(0.,1.,0.));
#7910=DIRECTION('',(1.,0.,0.));
#7911=DIRECTION('',(0.,-1.,0.));
#7912=DIRECTION('',(-1.,0.,0.));
#7913=DIRECTION('',(0.,1.,0.));
#7914=DIRECTION('',(1.,0.,0.));
#7915=DIRECTION('',(0.,-1.,0.));
#7916=DIRECTION('',(0.,-1.,0.));
#7917=DIRECTION('',(-1.,0.,0.));
#7918=DIRECTION('',(0.,1.,0.));
#7919=DIRECTION('',(1.,0.,0.));
#7920=DIRECTION('',(0.,-1.,0.));
#7921=DIRECTION('',(-1.,0.,0.));
#7922=DIRECTION('',(0.,1.,0.));
#7923=DIRECTION('',(1.,0.,0.));
#7924=DIRECTION('',(1.,0.,0.));
#7925=DIRECTION('',(0.,-1.,0.));
#7926=DIRECTION('',(-1.,0.,0.));
#7927=DIRECTION('',(0.,1.,0.));
#7928=DIRECTION('',(0.,1.,0.));
#7929=DIRECTION('',(1.,0.,0.));
#7930=DIRECTION('',(0.,-1.,0.));
#7931=DIRECTION('',(-1.,0.,0.));
#7932=DIRECTION('',(0.,-1.,0.));
#7933=DIRECTION('',(-1.,0.,0.));
#7934=DIRECTION('',(0.,1.,0.));
#7935=DIRECTION('',(1.,0.,0.));
#7936=DIRECTION('',(0.,-1.,0.));
#7937=DIRECTION('',(-1.,0.,0.));
#7938=DIRECTION('',(0.,1.,0.));
#7939=DIRECTION('',(1.,0.,0.));
#7940=DIRECTION('',(0.,1.,0.));
#7941=DIRECTION('',(1.,0.,0.));
#7942=DIRECTION('',(0.,-1.,0.));
#7943=DIRECTION('',(-1.,0.,0.));
#7944=DIRECTION('',(-1.,0.,0.));
#7945=DIRECTION('',(0.,1.,0.));
#7946=DIRECTION('',(1.,0.,0.));
#7947=DIRECTION('',(0.,-1.,0.));
#7948=DIRECTION('',(0.,-1.,0.));
#7949=DIRECTION('',(-1.,0.,0.));
#7950=DIRECTION('',(0.,1.,0.));
#7951=DIRECTION('',(1.,0.,0.));
#7952=DIRECTION('',(0.258724028947307,-0.965951280782459,0.));
#7953=DIRECTION('',(-0.965905934760136,-0.258893269891568,0.));
#7954=DIRECTION('',(-0.258723993244255,0.965951290345298,0.));
#7955=DIRECTION('',(0.96590597048319,0.258893136612246,0.));
#7956=DIRECTION('center_axis',(0.,1.,0.));
#7957=DIRECTION('ref_axis',(-1.,0.,0.));
#7958=DIRECTION('',(0.,0.,1.));
#7959=DIRECTION('',(0.,0.,1.));
#7960=DIRECTION('center_axis',(-1.,0.,0.));
#7961=DIRECTION('ref_axis',(0.,-1.,0.));
#7962=DIRECTION('',(0.,0.,1.));
#7963=DIRECTION('center_axis',(0.,-1.,0.));
#7964=DIRECTION('ref_axis',(1.,0.,0.));
#7965=DIRECTION('',(0.,0.,1.));
#7966=DIRECTION('center_axis',(1.,0.,0.));
#7967=DIRECTION('ref_axis',(0.,1.,0.));
#7968=DIRECTION('center_axis',(0.499963239038843,-0.866046626695,0.));
#7969=DIRECTION('ref_axis',(0.866046626695,0.499963239038843,0.));
#7970=DIRECTION('',(0.,0.,1.));
#7971=DIRECTION('',(0.,0.,1.));
#7972=DIRECTION('center_axis',(0.866001270422023,0.50004179788038,0.));
#7973=DIRECTION('ref_axis',(-0.50004179788038,0.866001270422023,0.));
#7974=DIRECTION('',(0.,0.,1.));
#7975=DIRECTION('center_axis',(-0.499827157099226,0.866125171684847,0.));
#7976=DIRECTION('ref_axis',(-0.866125171684847,-0.499827157099226,0.));
#7977=DIRECTION('',(0.,0.,1.));
#7978=DIRECTION('center_axis',(-0.866046626694997,-0.499963239038848,0.));
#7979=DIRECTION('ref_axis',(0.499963239038848,-0.866046626694997,0.));
#7980=DIRECTION('center_axis',(0.,1.,0.));
#7981=DIRECTION('ref_axis',(-1.,0.,0.));
#7982=DIRECTION('',(0.,0.,1.));
#7983=DIRECTION('',(0.,0.,1.));
#7984=DIRECTION('center_axis',(-1.,0.,0.));
#7985=DIRECTION('ref_axis',(0.,-1.,0.));
#7986=DIRECTION('',(0.,0.,1.));
#7987=DIRECTION('center_axis',(0.,-1.,0.));
#7988=DIRECTION('ref_axis',(1.,0.,0.));
#7989=DIRECTION('',(0.,0.,1.));
#7990=DIRECTION('center_axis',(1.,0.,0.));
#7991=DIRECTION('ref_axis',(0.,1.,0.));
#7992=DIRECTION('center_axis',(0.,-1.,0.));
#7993=DIRECTION('ref_axis',(1.,0.,0.));
#7994=DIRECTION('',(0.,0.,1.));
#7995=DIRECTION('',(0.,0.,1.));
#7996=DIRECTION('center_axis',(1.,0.,0.));
#7997=DIRECTION('ref_axis',(0.,1.,0.));
#7998=DIRECTION('',(0.,0.,1.));
#7999=DIRECTION('center_axis',(0.,1.,0.));
#8000=DIRECTION('ref_axis',(-1.,0.,0.));
#8001=DIRECTION('',(0.,0.,1.));
#8002=DIRECTION('center_axis',(-1.,0.,0.));
#8003=DIRECTION('ref_axis',(0.,-1.,0.));
#8004=DIRECTION('center_axis',(0.,-1.,0.));
#8005=DIRECTION('ref_axis',(1.,0.,0.));
#8006=DIRECTION('',(0.,0.,1.));
#8007=DIRECTION('',(0.,0.,1.));
#8008=DIRECTION('center_axis',(1.,0.,0.));
#8009=DIRECTION('ref_axis',(0.,1.,0.));
#8010=DIRECTION('',(0.,0.,1.));
#8011=DIRECTION('center_axis',(0.,1.,0.));
#8012=DIRECTION('ref_axis',(-1.,0.,0.));
#8013=DIRECTION('',(0.,0.,1.));
#8014=DIRECTION('center_axis',(-1.,0.,0.));
#8015=DIRECTION('ref_axis',(0.,-1.,0.));
#8016=DIRECTION('center_axis',(0.,-1.,0.));
#8017=DIRECTION('ref_axis',(1.,0.,0.));
#8018=DIRECTION('',(0.,0.,1.));
#8019=DIRECTION('',(0.,0.,1.));
#8020=DIRECTION('center_axis',(1.,0.,0.));
#8021=DIRECTION('ref_axis',(0.,1.,0.));
#8022=DIRECTION('',(0.,0.,1.));
#8023=DIRECTION('center_axis',(0.,1.,0.));
#8024=DIRECTION('ref_axis',(-1.,0.,0.));
#8025=DIRECTION('',(0.,0.,1.));
#8026=DIRECTION('center_axis',(-1.,0.,0.));
#8027=DIRECTION('ref_axis',(0.,-1.,0.));
#8028=DIRECTION('center_axis',(0.,-1.,0.));
#8029=DIRECTION('ref_axis',(1.,0.,0.));
#8030=DIRECTION('',(0.,0.,1.));
#8031=DIRECTION('',(0.,0.,1.));
#8032=DIRECTION('center_axis',(1.,0.,0.));
#8033=DIRECTION('ref_axis',(0.,1.,0.));
#8034=DIRECTION('',(0.,0.,1.));
#8035=DIRECTION('center_axis',(0.,1.,0.));
#8036=DIRECTION('ref_axis',(-1.,0.,0.));
#8037=DIRECTION('',(0.,0.,1.));
#8038=DIRECTION('center_axis',(-1.,0.,0.));
#8039=DIRECTION('ref_axis',(0.,-1.,0.));
#8040=DIRECTION('center_axis',(-1.,0.,0.));
#8041=DIRECTION('ref_axis',(0.,-1.,0.));
#8042=DIRECTION('',(0.,0.,1.));
#8043=DIRECTION('',(0.,0.,1.));
#8044=DIRECTION('center_axis',(0.,-1.,0.));
#8045=DIRECTION('ref_axis',(1.,0.,0.));
#8046=DIRECTION('',(0.,0.,1.));
#8047=DIRECTION('center_axis',(1.,0.,0.));
#8048=DIRECTION('ref_axis',(0.,1.,0.));
#8049=DIRECTION('',(0.,0.,1.));
#8050=DIRECTION('center_axis',(0.,1.,0.));
#8051=DIRECTION('ref_axis',(-1.,0.,0.));
#8052=DIRECTION('center_axis',(0.,1.,0.));
#8053=DIRECTION('ref_axis',(-1.,0.,0.));
#8054=DIRECTION('',(0.,0.,1.));
#8055=DIRECTION('',(0.,0.,1.));
#8056=DIRECTION('center_axis',(-1.,0.,0.));
#8057=DIRECTION('ref_axis',(0.,-1.,0.));
#8058=DIRECTION('',(0.,0.,1.));
#8059=DIRECTION('center_axis',(0.,-1.,0.));
#8060=DIRECTION('ref_axis',(1.,0.,0.));
#8061=DIRECTION('',(0.,0.,1.));
#8062=DIRECTION('center_axis',(1.,0.,0.));
#8063=DIRECTION('ref_axis',(0.,1.,0.));
#8064=DIRECTION('center_axis',(1.,0.,0.));
#8065=DIRECTION('ref_axis',(0.,1.,0.));
#8066=DIRECTION('',(0.,0.,1.));
#8067=DIRECTION('',(0.,0.,1.));
#8068=DIRECTION('center_axis',(0.,1.,0.));
#8069=DIRECTION('ref_axis',(-1.,0.,0.));
#8070=DIRECTION('',(0.,0.,1.));
#8071=DIRECTION('center_axis',(-1.,0.,0.));
#8072=DIRECTION('ref_axis',(0.,-1.,0.));
#8073=DIRECTION('',(0.,0.,1.));
#8074=DIRECTION('center_axis',(0.,-1.,0.));
#8075=DIRECTION('ref_axis',(1.,0.,0.));
#8076=DIRECTION('center_axis',(0.,-1.,0.));
#8077=DIRECTION('ref_axis',(1.,0.,0.));
#8078=DIRECTION('',(0.,0.,1.));
#8079=DIRECTION('',(0.,0.,1.));
#8080=DIRECTION('center_axis',(1.,0.,0.));
#8081=DIRECTION('ref_axis',(0.,1.,0.));
#8082=DIRECTION('',(0.,0.,1.));
#8083=DIRECTION('center_axis',(0.,1.,0.));
#8084=DIRECTION('ref_axis',(-1.,0.,0.));
#8085=DIRECTION('',(0.,0.,1.));
#8086=DIRECTION('center_axis',(-1.,0.,0.));
#8087=DIRECTION('ref_axis',(0.,-1.,0.));
#8088=DIRECTION('center_axis',(0.,-1.,0.));
#8089=DIRECTION('ref_axis',(1.,0.,0.));
#8090=DIRECTION('',(0.,0.,1.));
#8091=DIRECTION('',(0.,0.,1.));
#8092=DIRECTION('center_axis',(1.,0.,0.));
#8093=DIRECTION('ref_axis',(0.,1.,0.));
#8094=DIRECTION('',(0.,0.,1.));
#8095=DIRECTION('center_axis',(0.,1.,0.));
#8096=DIRECTION('ref_axis',(-1.,0.,0.));
#8097=DIRECTION('',(0.,0.,1.));
#8098=DIRECTION('center_axis',(-1.,0.,0.));
#8099=DIRECTION('ref_axis',(0.,-1.,0.));
#8100=DIRECTION('center_axis',(0.,1.,0.));
#8101=DIRECTION('ref_axis',(-1.,0.,0.));
#8102=DIRECTION('',(0.,0.,1.));
#8103=DIRECTION('',(0.,0.,1.));
#8104=DIRECTION('center_axis',(-1.,0.,0.));
#8105=DIRECTION('ref_axis',(0.,-1.,0.));
#8106=DIRECTION('',(0.,0.,1.));
#8107=DIRECTION('center_axis',(0.,-1.,0.));
#8108=DIRECTION('ref_axis',(1.,0.,0.));
#8109=DIRECTION('',(0.,0.,1.));
#8110=DIRECTION('center_axis',(1.,0.,0.));
#8111=DIRECTION('ref_axis',(0.,1.,0.));
#8112=DIRECTION('center_axis',(0.,1.,0.));
#8113=DIRECTION('ref_axis',(-1.,0.,0.));
#8114=DIRECTION('',(0.,0.,1.));
#8115=DIRECTION('',(0.,0.,1.));
#8116=DIRECTION('center_axis',(-1.,0.,0.));
#8117=DIRECTION('ref_axis',(0.,-1.,0.));
#8118=DIRECTION('',(0.,0.,1.));
#8119=DIRECTION('center_axis',(0.,-1.,0.));
#8120=DIRECTION('ref_axis',(1.,0.,0.));
#8121=DIRECTION('',(0.,0.,1.));
#8122=DIRECTION('center_axis',(1.,0.,0.));
#8123=DIRECTION('ref_axis',(0.,1.,0.));
#8124=DIRECTION('center_axis',(-1.,0.,0.));
#8125=DIRECTION('ref_axis',(0.,-1.,0.));
#8126=DIRECTION('',(0.,0.,1.));
#8127=DIRECTION('',(0.,0.,1.));
#8128=DIRECTION('center_axis',(0.,-1.,0.));
#8129=DIRECTION('ref_axis',(1.,0.,0.));
#8130=DIRECTION('',(0.,0.,1.));
#8131=DIRECTION('center_axis',(1.,0.,0.));
#8132=DIRECTION('ref_axis',(0.,1.,0.));
#8133=DIRECTION('',(0.,0.,1.));
#8134=DIRECTION('center_axis',(0.,1.,0.));
#8135=DIRECTION('ref_axis',(-1.,0.,0.));
#8136=DIRECTION('center_axis',(0.,1.,0.));
#8137=DIRECTION('ref_axis',(-1.,0.,0.));
#8138=DIRECTION('',(0.,0.,1.));
#8139=DIRECTION('',(0.,0.,1.));
#8140=DIRECTION('center_axis',(-1.,0.,0.));
#8141=DIRECTION('ref_axis',(0.,-1.,0.));
#8142=DIRECTION('',(0.,0.,1.));
#8143=DIRECTION('center_axis',(0.,-1.,0.));
#8144=DIRECTION('ref_axis',(1.,0.,0.));
#8145=DIRECTION('',(0.,0.,1.));
#8146=DIRECTION('center_axis',(1.,0.,0.));
#8147=DIRECTION('ref_axis',(0.,1.,0.));
#8148=DIRECTION('center_axis',(0.,1.,0.));
#8149=DIRECTION('ref_axis',(-1.,0.,0.));
#8150=DIRECTION('',(0.,0.,1.));
#8151=DIRECTION('',(0.,0.,1.));
#8152=DIRECTION('center_axis',(-1.,0.,0.));
#8153=DIRECTION('ref_axis',(0.,-1.,0.));
#8154=DIRECTION('',(0.,0.,1.));
#8155=DIRECTION('center_axis',(0.,-1.,0.));
#8156=DIRECTION('ref_axis',(1.,0.,0.));
#8157=DIRECTION('',(0.,0.,1.));
#8158=DIRECTION('center_axis',(1.,0.,0.));
#8159=DIRECTION('ref_axis',(0.,1.,0.));
#8160=DIRECTION('center_axis',(-1.,0.,0.));
#8161=DIRECTION('ref_axis',(0.,-1.,0.));
#8162=DIRECTION('',(0.,0.,1.));
#8163=DIRECTION('',(0.,0.,1.));
#8164=DIRECTION('center_axis',(0.,-1.,0.));
#8165=DIRECTION('ref_axis',(1.,0.,0.));
#8166=DIRECTION('',(0.,0.,1.));
#8167=DIRECTION('center_axis',(1.,0.,0.));
#8168=DIRECTION('ref_axis',(0.,1.,0.));
#8169=DIRECTION('',(0.,0.,1.));
#8170=DIRECTION('center_axis',(0.,1.,0.));
#8171=DIRECTION('ref_axis',(-1.,0.,0.));
#8172=DIRECTION('center_axis',(-1.,0.,0.));
#8173=DIRECTION('ref_axis',(0.,-1.,0.));
#8174=DIRECTION('',(0.,0.,1.));
#8175=DIRECTION('',(0.,0.,1.));
#8176=DIRECTION('center_axis',(0.,-1.,0.));
#8177=DIRECTION('ref_axis',(1.,0.,0.));
#8178=DIRECTION('',(0.,0.,1.));
#8179=DIRECTION('center_axis',(1.,0.,0.));
#8180=DIRECTION('ref_axis',(0.,1.,0.));
#8181=DIRECTION('',(0.,0.,1.));
#8182=DIRECTION('center_axis',(0.,1.,0.));
#8183=DIRECTION('ref_axis',(-1.,0.,0.));
#8184=DIRECTION('center_axis',(-1.,0.,0.));
#8185=DIRECTION('ref_axis',(0.,-1.,0.));
#8186=DIRECTION('',(0.,0.,1.));
#8187=DIRECTION('',(0.,0.,1.));
#8188=DIRECTION('center_axis',(0.,-1.,0.));
#8189=DIRECTION('ref_axis',(1.,0.,0.));
#8190=DIRECTION('',(0.,0.,1.));
#8191=DIRECTION('center_axis',(1.,0.,0.));
#8192=DIRECTION('ref_axis',(0.,1.,0.));
#8193=DIRECTION('',(0.,0.,1.));
#8194=DIRECTION('center_axis',(0.,1.,0.));
#8195=DIRECTION('ref_axis',(-1.,0.,0.));
#8196=DIRECTION('center_axis',(0.,-1.,0.));
#8197=DIRECTION('ref_axis',(1.,0.,0.));
#8198=DIRECTION('',(0.,0.,1.));
#8199=DIRECTION('',(0.,0.,1.));
#8200=DIRECTION('center_axis',(1.,0.,0.));
#8201=DIRECTION('ref_axis',(0.,1.,0.));
#8202=DIRECTION('',(0.,0.,1.));
#8203=DIRECTION('center_axis',(0.,1.,0.));
#8204=DIRECTION('ref_axis',(-1.,0.,0.));
#8205=DIRECTION('',(0.,0.,1.));
#8206=DIRECTION('center_axis',(-1.,0.,0.));
#8207=DIRECTION('ref_axis',(0.,-1.,0.));
#8208=DIRECTION('center_axis',(0.,-1.,0.));
#8209=DIRECTION('ref_axis',(1.,0.,0.));
#8210=DIRECTION('',(0.,0.,1.));
#8211=DIRECTION('',(0.,0.,1.));
#8212=DIRECTION('center_axis',(1.,0.,0.));
#8213=DIRECTION('ref_axis',(0.,1.,0.));
#8214=DIRECTION('',(0.,0.,1.));
#8215=DIRECTION('center_axis',(0.,1.,0.));
#8216=DIRECTION('ref_axis',(-1.,0.,0.));
#8217=DIRECTION('',(0.,0.,1.));
#8218=DIRECTION('center_axis',(-1.,0.,0.));
#8219=DIRECTION('ref_axis',(0.,-1.,0.));
#8220=DIRECTION('center_axis',(1.,0.,0.));
#8221=DIRECTION('ref_axis',(0.,1.,0.));
#8222=DIRECTION('',(0.,0.,1.));
#8223=DIRECTION('',(0.,0.,1.));
#8224=DIRECTION('center_axis',(0.,1.,0.));
#8225=DIRECTION('ref_axis',(-1.,0.,0.));
#8226=DIRECTION('',(0.,0.,1.));
#8227=DIRECTION('center_axis',(-1.,0.,0.));
#8228=DIRECTION('ref_axis',(0.,-1.,0.));
#8229=DIRECTION('',(0.,0.,1.));
#8230=DIRECTION('center_axis',(0.,-1.,0.));
#8231=DIRECTION('ref_axis',(1.,0.,0.));
#8232=DIRECTION('center_axis',(0.,1.,0.));
#8233=DIRECTION('ref_axis',(-1.,0.,0.));
#8234=DIRECTION('',(0.,0.,1.));
#8235=DIRECTION('',(0.,0.,1.));
#8236=DIRECTION('center_axis',(-1.,0.,0.));
#8237=DIRECTION('ref_axis',(0.,-1.,0.));
#8238=DIRECTION('',(0.,0.,1.));
#8239=DIRECTION('center_axis',(0.,-1.,0.));
#8240=DIRECTION('ref_axis',(1.,0.,0.));
#8241=DIRECTION('',(0.,0.,1.));
#8242=DIRECTION('center_axis',(1.,0.,0.));
#8243=DIRECTION('ref_axis',(0.,1.,0.));
#8244=DIRECTION('center_axis',(0.,-1.,0.));
#8245=DIRECTION('ref_axis',(1.,0.,0.));
#8246=DIRECTION('',(0.,0.,1.));
#8247=DIRECTION('',(0.,0.,1.));
#8248=DIRECTION('center_axis',(1.,0.,0.));
#8249=DIRECTION('ref_axis',(0.,1.,0.));
#8250=DIRECTION('',(0.,0.,1.));
#8251=DIRECTION('center_axis',(0.,1.,0.));
#8252=DIRECTION('ref_axis',(-1.,0.,0.));
#8253=DIRECTION('',(0.,0.,1.));
#8254=DIRECTION('center_axis',(-1.,0.,0.));
#8255=DIRECTION('ref_axis',(0.,-1.,0.));
#8256=DIRECTION('center_axis',(0.,-1.,0.));
#8257=DIRECTION('ref_axis',(1.,0.,0.));
#8258=DIRECTION('',(0.,0.,1.));
#8259=DIRECTION('',(0.,0.,1.));
#8260=DIRECTION('center_axis',(1.,0.,0.));
#8261=DIRECTION('ref_axis',(0.,1.,0.));
#8262=DIRECTION('',(0.,0.,1.));
#8263=DIRECTION('center_axis',(0.,1.,0.));
#8264=DIRECTION('ref_axis',(-1.,0.,0.));
#8265=DIRECTION('',(0.,0.,1.));
#8266=DIRECTION('center_axis',(-1.,0.,0.));
#8267=DIRECTION('ref_axis',(0.,-1.,0.));
#8268=DIRECTION('center_axis',(0.,1.,0.));
#8269=DIRECTION('ref_axis',(-1.,0.,0.));
#8270=DIRECTION('',(0.,0.,1.));
#8271=DIRECTION('',(0.,0.,1.));
#8272=DIRECTION('center_axis',(-1.,0.,0.));
#8273=DIRECTION('ref_axis',(0.,-1.,0.));
#8274=DIRECTION('',(0.,0.,1.));
#8275=DIRECTION('center_axis',(0.,-1.,0.));
#8276=DIRECTION('ref_axis',(1.,0.,0.));
#8277=DIRECTION('',(0.,0.,1.));
#8278=DIRECTION('center_axis',(1.,0.,0.));
#8279=DIRECTION('ref_axis',(0.,1.,0.));
#8280=DIRECTION('center_axis',(-1.,0.,0.));
#8281=DIRECTION('ref_axis',(0.,-1.,0.));
#8282=DIRECTION('',(0.,0.,1.));
#8283=DIRECTION('',(0.,0.,1.));
#8284=DIRECTION('center_axis',(0.,-1.,0.));
#8285=DIRECTION('ref_axis',(1.,0.,0.));
#8286=DIRECTION('',(0.,0.,1.));
#8287=DIRECTION('center_axis',(1.,0.,0.));
#8288=DIRECTION('ref_axis',(0.,1.,0.));
#8289=DIRECTION('',(0.,0.,1.));
#8290=DIRECTION('center_axis',(0.,1.,0.));
#8291=DIRECTION('ref_axis',(-1.,0.,0.));
#8292=DIRECTION('center_axis',(0.,-1.,0.));
#8293=DIRECTION('ref_axis',(1.,0.,0.));
#8294=DIRECTION('',(0.,0.,1.));
#8295=DIRECTION('',(0.,0.,1.));
#8296=DIRECTION('center_axis',(1.,0.,0.));
#8297=DIRECTION('ref_axis',(0.,1.,0.));
#8298=DIRECTION('',(0.,0.,1.));
#8299=DIRECTION('center_axis',(0.,1.,0.));
#8300=DIRECTION('ref_axis',(-1.,0.,0.));
#8301=DIRECTION('',(0.,0.,1.));
#8302=DIRECTION('center_axis',(-1.,0.,0.));
#8303=DIRECTION('ref_axis',(0.,-1.,0.));
#8304=DIRECTION('center_axis',(0.258893136612246,-0.96590597048319,0.));
#8305=DIRECTION('ref_axis',(0.96590597048319,0.258893136612246,0.));
#8306=DIRECTION('',(0.,0.,1.));
#8307=DIRECTION('',(0.,0.,1.));
#8308=DIRECTION('center_axis',(0.965951290345298,0.258723993244255,0.));
#8309=DIRECTION('ref_axis',(-0.258723993244255,0.965951290345298,0.));
#8310=DIRECTION('',(0.,0.,1.));
#8311=DIRECTION('center_axis',(-0.258893269891568,0.965905934760136,0.));
#8312=DIRECTION('ref_axis',(-0.965905934760136,-0.258893269891568,0.));
#8313=DIRECTION('',(0.,0.,1.));
#8314=DIRECTION('center_axis',(-0.965951280782459,-0.258724028947307,0.));
#8315=DIRECTION('ref_axis',(0.258724028947307,-0.965951280782459,0.));
#8316=DIRECTION('center_axis',(0.,-1.,0.));
#8317=DIRECTION('ref_axis',(1.,0.,0.));
#8318=DIRECTION('',(0.,0.,-1.));
#8319=DIRECTION('',(0.,0.,-1.));
#8320=DIRECTION('center_axis',(-0.267650686960216,-0.963516014277772,0.));
#8321=DIRECTION('ref_axis',(0.963516014277772,-0.267650686960216,0.));
#8322=DIRECTION('center_axis',(0.37162428073907,-0.928383215038472,0.));
#8323=DIRECTION('ref_axis',(0.928383215038472,0.37162428073907,0.));
#8324=DIRECTION('',(0.,0.,-1.));
#8325=DIRECTION('center_axis',(-0.866063418187267,-0.499934151341742,0.));
#8326=DIRECTION('ref_axis',(0.499934151341742,-0.866063418187266,0.));
#8327=DIRECTION('',(0.,0.,1.));
#8328=DIRECTION('center_axis',(-0.905260415368609,-0.424857129358392,0.));
#8329=DIRECTION('ref_axis',(0.424857129358392,-0.905260415368609,0.));
#8330=DIRECTION('',(0.,0.,-1.));
#8331=DIRECTION('center_axis',(-0.999998713909209,0.00160380171115013,0.));
#8332=DIRECTION('ref_axis',(-0.00160380171115013,-0.999998713909209,0.));
#8333=DIRECTION('',(0.,0.,-1.));
#8334=DIRECTION('center_axis',(0.,1.,0.));
#8335=DIRECTION('ref_axis',(-1.,0.,0.));
#8336=DIRECTION('',(0.,0.,-1.));
#8337=DIRECTION('center_axis',(-1.,0.,0.));
#8338=DIRECTION('ref_axis',(0.,-1.,0.));
#8339=DIRECTION('center_axis',(0.160018944960087,0.987113943399576,0.));
#8340=DIRECTION('ref_axis',(-0.987113943399576,0.160018944960087,0.));
#8341=DIRECTION('center_axis',(0.0801942798258285,-0.996779252133198,0.));
#8342=DIRECTION('ref_axis',(0.996779252133198,0.0801942798258285,0.));
#8343=DIRECTION('',(0.,0.,1.));
#8344=DIRECTION('center_axis',(0.854135619044726,-0.520050328602033,0.));
#8345=DIRECTION('ref_axis',(0.520050328602033,0.854135619044726,0.));
#8346=DIRECTION('center_axis',(0.,1.,0.));
#8347=DIRECTION('ref_axis',(-1.,0.,0.));
#8348=DIRECTION('',(1.,0.,1.22464679914735E-16));
#8349=DIRECTION('',(0.,0.,-1.));
#8350=DIRECTION('',(-1.,0.,-1.22464679914735E-16));
#8351=DIRECTION('',(0.,0.,1.));
#8352=DIRECTION('center_axis',(1.,0.,0.));
#8353=DIRECTION('ref_axis',(0.,1.,0.));
#8354=DIRECTION('',(0.,1.,0.));
#8355=DIRECTION('',(0.,0.,-1.));
#8356=DIRECTION('',(0.,-1.,0.));
#8357=DIRECTION('center_axis',(-1.,0.,0.));
#8358=DIRECTION('ref_axis',(0.,-1.,2.01454924227413E-15));
#8359=DIRECTION('',(0.,-1.,0.));
#8360=DIRECTION('',(0.,1.,0.));
#8361=DIRECTION('',(0.,0.,1.));
#8362=DIRECTION('center_axis',(1.,0.,0.));
#8363=DIRECTION('ref_axis',(0.,1.,0.));
#8364=DIRECTION('',(0.,-1.,0.));
#8365=DIRECTION('',(0.,0.,-1.));
#8366=DIRECTION('',(0.,1.,0.));
#8367=DIRECTION('',(0.,0.,1.));
#8368=DIRECTION('center_axis',(0.,-1.,0.));
#8369=DIRECTION('ref_axis',(1.,0.,0.));
#8370=DIRECTION('',(1.,0.,1.22464679914735E-16));
#8371=DIRECTION('',(1.22464679914735E-16,0.,-1.));
#8372=DIRECTION('',(-1.,0.,-1.22464679914735E-16));
#8373=DIRECTION('center_axis',(0.,1.,0.));
#8374=DIRECTION('ref_axis',(-1.,0.,0.));
#8375=DIRECTION('',(-1.,0.,-1.22464679914735E-16));
#8376=DIRECTION('',(1.,0.,1.22464679914735E-16));
#8377=DIRECTION('',(-1.22464679914735E-16,0.,1.));
#8378=DIRECTION('center_axis',(0.,-1.,0.));
#8379=DIRECTION('ref_axis',(1.,0.,0.));
#8380=DIRECTION('',(-1.,0.,-1.22464679914735E-16));
#8381=DIRECTION('',(0.,0.,-1.));
#8382=DIRECTION('',(1.,0.,1.22464679914735E-16));
#8383=DIRECTION('',(0.,0.,1.));
#8384=DIRECTION('center_axis',(-1.,0.,0.));
#8385=DIRECTION('ref_axis',(0.,-1.,-5.04462358630036E-15));
#8386=DIRECTION('',(0.,-1.,0.));
#8387=DIRECTION('',(0.,0.,-1.));
#8388=DIRECTION('',(0.,1.,0.));
#8389=DIRECTION('center_axis',(1.,0.,0.));
#8390=DIRECTION('ref_axis',(0.,1.,0.));
#8391=DIRECTION('',(0.,1.,0.));
#8392=DIRECTION('',(0.,-1.,0.));
#8393=DIRECTION('',(0.,0.,1.));
#8394=DIRECTION('center_axis',(0.,-1.,0.));
#8395=DIRECTION('ref_axis',(-1.,0.,-1.22464679914735E-16));
#8396=DIRECTION('',(-1.,0.,-1.22464679914735E-16));
#8397=DIRECTION('',(1.22464679914735E-16,0.,-1.));
#8398=DIRECTION('',(1.,0.,1.22464679914735E-16));
#8399=DIRECTION('center_axis',(-1.,0.,-1.22464679914735E-16));
#8400=DIRECTION('ref_axis',(0.,-1.,0.));
#8401=DIRECTION('',(0.,-1.,0.));
#8402=DIRECTION('',(1.22464679914735E-16,0.,-1.));
#8403=DIRECTION('',(0.,-1.,0.));
#8404=DIRECTION('center_axis',(1.22464679914735E-16,0.,-1.));
#8405=DIRECTION('ref_axis',(-1.,0.,-1.22464679914735E-16));
#8406=DIRECTION('center_axis',(1.22464679914735E-16,0.,-1.));
#8407=DIRECTION('ref_axis',(0.70710678118656,-0.707106781186535,0.));
#8408=DIRECTION('',(0.,1.,0.));
#8409=DIRECTION('',(1.,0.,1.22464679914735E-16));
#8410=DIRECTION('',(0.928383215038472,-0.37162428073907,1.13694153267899E-16));
#8411=DIRECTION('',(0.499934151341742,0.866063418187266,6.12242758225113E-17));
#8412=DIRECTION('',(0.424857129358392,0.905260415368609,5.20299923563688E-17));
#8413=DIRECTION('',(-0.00160380171115013,0.999998713909209,-1.96409063202705E-19));
#8414=DIRECTION('',(-1.,0.,-1.22464679914735E-16));
#8415=DIRECTION('',(0.,1.,0.));
#8416=DIRECTION('',(-0.999999999999384,-1.11006122208094E-6,-1.2246467991466E-16));
#8417=DIRECTION('',(0.,1.,0.));
#8418=DIRECTION('center_axis',(1.22464679914735E-16,0.,-1.));
#8419=DIRECTION('ref_axis',(0.707106781186548,0.707106781186548,1.96261557335469E-16));
#8420=DIRECTION('',(-1.,0.,-1.22464679914735E-16));
#8421=DIRECTION('',(-1.,0.,-1.22464679914735E-16));
#8422=DIRECTION('center_axis',(1.22464679914735E-16,0.,-1.));
#8423=DIRECTION('ref_axis',(-0.707106781186548,0.707106781186548,0.));
#8424=DIRECTION('',(0.,-1.,0.));
#8425=DIRECTION('',(-0.999999999999384,-1.11006122208094E-6,-1.2246467991466E-16));
#8426=DIRECTION('',(-0.987113943399576,-0.160018944960087,-1.20886593117801E-16));
#8427=DIRECTION('',(-0.000355772062959283,-0.999999936713118,-4.35695118129137E-20));
#8428=DIRECTION('',(-1.,0.,-1.22464679914735E-16));
#8429=DIRECTION('center_axis',(1.22464679914735E-16,0.,-1.));
#8430=DIRECTION('ref_axis',(-0.707106781186548,0.707106781186548,-1.96261557335469E-16));
#8431=DIRECTION('',(0.,-1.,0.));
#8432=DIRECTION('center_axis',(1.22464679914735E-16,0.,-1.));
#8433=DIRECTION('ref_axis',(-0.707106781186548,-0.707106781186548,0.));
#8434=DIRECTION('',(1.,0.,1.22464679914735E-16));
#8435=DIRECTION('',(-0.000355772062959283,-0.999999936713118,-4.35695118129137E-20));
#8436=DIRECTION('',(0.996779252133198,-0.0801942798258285,1.22070252058141E-16));
#8437=DIRECTION('',(0.520050328602033,-0.854135619044726,6.36877970318009E-17));
#8438=DIRECTION('',(1.,0.,1.22464679914735E-16));
#8439=DIRECTION('',(0.963516014277772,0.267650686960216,1.17996680281249E-16));
#8440=DIRECTION('',(1.,0.,1.22464679914735E-16));
#8441=DIRECTION('',(0.,-1.,0.));
#8442=DIRECTION('center_axis',(1.22464679914735E-16,0.,-1.));
#8443=DIRECTION('ref_axis',(-0.707106781186548,-0.707106781186548,0.));
#8444=DIRECTION('',(1.,0.,1.22464679914735E-16));
#8445=DIRECTION('',(0.,1.,0.));
#8446=DIRECTION('',(1.,0.,1.22464679914735E-16));
#8447=DIRECTION('',(0.,-1.,0.));
#8448=DIRECTION('',(-1.,0.,-1.22464679914735E-16));
#8449=DIRECTION('',(-0.499963239038848,-0.866046626694997,-6.12278380380268E-17));
#8450=DIRECTION('',(-0.866046626695,0.499963239038843,-1.06060122929439E-16));
#8451=DIRECTION('',(0.50004179788038,0.866001270422023,6.12374587214094E-17));
#8452=DIRECTION('',(0.866125171684847,-0.499827157099226,1.0606974191648E-16));
#8453=DIRECTION('',(0.,1.,0.));
#8454=DIRECTION('',(1.,0.,1.22464679914735E-16));
#8455=DIRECTION('',(0.,-1.,0.));
#8456=DIRECTION('',(-1.,0.,-1.22464679914735E-16));
#8457=DIRECTION('',(0.,-1.,0.));
#8458=DIRECTION('',(-1.,0.,-1.22464679914735E-16));
#8459=DIRECTION('',(0.,1.,0.));
#8460=DIRECTION('',(1.,0.,1.22464679914735E-16));
#8461=DIRECTION('',(0.,-1.,0.));
#8462=DIRECTION('',(-1.,0.,-1.22464679914735E-16));
#8463=DIRECTION('',(0.,1.,0.));
#8464=DIRECTION('',(1.,0.,1.22464679914735E-16));
#8465=DIRECTION('',(0.,-1.,0.));
#8466=DIRECTION('',(-1.,0.,-1.22464679914735E-16));
#8467=DIRECTION('',(0.,1.,0.));
#8468=DIRECTION('',(1.,0.,1.22464679914735E-16));
#8469=DIRECTION('',(0.,-1.,0.));
#8470=DIRECTION('',(-1.,0.,-1.22464679914735E-16));
#8471=DIRECTION('',(0.,1.,0.));
#8472=DIRECTION('',(1.,0.,1.22464679914735E-16));
#8473=DIRECTION('',(1.,0.,1.22464679914735E-16));
#8474=DIRECTION('',(0.,-1.,0.));
#8475=DIRECTION('',(-1.,0.,-1.22464679914735E-16));
#8476=DIRECTION('',(0.,1.,0.));
#8477=DIRECTION('',(0.,1.,0.));
#8478=DIRECTION('',(1.,0.,1.22464679914735E-16));
#8479=DIRECTION('',(0.,-1.,0.));
#8480=DIRECTION('',(-1.,0.,-1.22464679914735E-16));
#8481=DIRECTION('',(-1.,0.,-1.22464679914735E-16));
#8482=DIRECTION('',(0.,1.,0.));
#8483=DIRECTION('',(1.,0.,1.22464679914735E-16));
#8484=DIRECTION('',(0.,-1.,0.));
#8485=DIRECTION('',(0.,-1.,0.));
#8486=DIRECTION('',(-1.,0.,-1.22464679914735E-16));
#8487=DIRECTION('',(0.,1.,0.));
#8488=DIRECTION('',(1.,0.,1.22464679914735E-16));
#8489=DIRECTION('',(0.,-1.,0.));
#8490=DIRECTION('',(-1.,0.,-1.22464679914735E-16));
#8491=DIRECTION('',(0.,1.,0.));
#8492=DIRECTION('',(1.,0.,1.22464679914735E-16));
#8493=DIRECTION('',(0.,1.,0.));
#8494=DIRECTION('',(1.,0.,1.22464679914735E-16));
#8495=DIRECTION('',(0.,-1.,0.));
#8496=DIRECTION('',(-1.,0.,-1.22464679914735E-16));
#8497=DIRECTION('',(0.,1.,0.));
#8498=DIRECTION('',(1.,0.,1.22464679914735E-16));
#8499=DIRECTION('',(0.,-1.,0.));
#8500=DIRECTION('',(-1.,0.,-1.22464679914735E-16));
#8501=DIRECTION('',(1.,0.,1.22464679914735E-16));
#8502=DIRECTION('',(0.,-1.,0.));
#8503=DIRECTION('',(-1.,0.,-1.22464679914735E-16));
#8504=DIRECTION('',(0.,1.,0.));
#8505=DIRECTION('',(0.,1.,0.));
#8506=DIRECTION('',(1.,0.,1.22464679914735E-16));
#8507=DIRECTION('',(0.,-1.,0.));
#8508=DIRECTION('',(-1.,0.,-1.22464679914735E-16));
#8509=DIRECTION('',(0.,1.,0.));
#8510=DIRECTION('',(1.,0.,1.22464679914735E-16));
#8511=DIRECTION('',(0.,-1.,0.));
#8512=DIRECTION('',(-1.,0.,-1.22464679914735E-16));
#8513=DIRECTION('',(1.,0.,1.22464679914735E-16));
#8514=DIRECTION('',(0.,-1.,0.));
#8515=DIRECTION('',(-1.,0.,-1.22464679914735E-16));
#8516=DIRECTION('',(0.,1.,0.));
#8517=DIRECTION('',(1.,0.,1.22464679914735E-16));
#8518=DIRECTION('',(0.,-1.,0.));
#8519=DIRECTION('',(-1.,0.,-1.22464679914735E-16));
#8520=DIRECTION('',(0.,1.,0.));
#8521=DIRECTION('',(1.,0.,1.22464679914735E-16));
#8522=DIRECTION('',(0.,-1.,0.));
#8523=DIRECTION('',(-1.,0.,-1.22464679914735E-16));
#8524=DIRECTION('',(0.,1.,0.));
#8525=DIRECTION('',(0.,-1.,0.));
#8526=DIRECTION('',(-1.,0.,-1.22464679914735E-16));
#8527=DIRECTION('',(0.,1.,0.));
#8528=DIRECTION('',(1.,0.,1.22464679914735E-16));
#8529=DIRECTION('',(0.,-1.,0.));
#8530=DIRECTION('',(-1.,0.,-1.22464679914735E-16));
#8531=DIRECTION('',(0.,1.,0.));
#8532=DIRECTION('',(1.,0.,1.22464679914735E-16));
#8533=DIRECTION('',(-1.,0.,-1.22464679914735E-16));
#8534=DIRECTION('',(0.,1.,0.));
#8535=DIRECTION('',(1.,0.,1.22464679914735E-16));
#8536=DIRECTION('',(0.,-1.,0.));
#8537=DIRECTION('',(0.,1.,0.));
#8538=DIRECTION('',(1.,0.,1.22464679914735E-16));
#8539=DIRECTION('',(0.,-1.,0.));
#8540=DIRECTION('',(-1.,0.,-1.22464679914735E-16));
#8541=DIRECTION('',(0.,-1.,0.));
#8542=DIRECTION('',(-1.,0.,-1.22464679914735E-16));
#8543=DIRECTION('',(0.,1.,0.));
#8544=DIRECTION('',(1.,0.,1.22464679914735E-16));
#8545=DIRECTION('',(0.,-1.,0.));
#8546=DIRECTION('',(-1.,0.,-1.22464679914735E-16));
#8547=DIRECTION('',(0.,1.,0.));
#8548=DIRECTION('',(1.,0.,1.22464679914735E-16));
#8549=DIRECTION('',(0.,1.,0.));
#8550=DIRECTION('',(1.,0.,1.22464679914735E-16));
#8551=DIRECTION('',(0.,-1.,0.));
#8552=DIRECTION('',(-1.,0.,-1.22464679914735E-16));
#8553=DIRECTION('',(1.,0.,1.22464679914735E-16));
#8554=DIRECTION('',(0.,-1.,0.));
#8555=DIRECTION('',(-1.,0.,-1.22464679914735E-16));
#8556=DIRECTION('',(0.,1.,0.));
#8557=DIRECTION('',(0.,-1.,0.));
#8558=DIRECTION('',(-1.,0.,-1.22464679914735E-16));
#8559=DIRECTION('',(0.,1.,0.));
#8560=DIRECTION('',(1.,0.,1.22464679914735E-16));
#8561=DIRECTION('',(-0.258724028947307,-0.965951280782459,-3.16845553912826E-17));
#8562=DIRECTION('',(-0.96590597048319,0.258893136612246,-1.18289365502956E-16));
#8563=DIRECTION('',(0.258723993244255,0.965951290345298,3.16845510189198E-17));
#8564=DIRECTION('',(0.965905934760136,-0.258893269891568,1.18289361128143E-16));
#8565=DIRECTION('center_axis',(0.,1.,0.));
#8566=DIRECTION('ref_axis',(1.,0.,1.22464679914735E-16));
#8567=DIRECTION('',(1.,0.,1.22464679914735E-16));
#8568=DIRECTION('',(1.22464679914735E-16,0.,-1.));
#8569=DIRECTION('center_axis',(1.22464679914735E-16,0.,-1.));
#8570=DIRECTION('ref_axis',(-0.707106781186548,-0.707106781186548,0.));
#8571=DIRECTION('center_axis',(-1.22464679914735E-16,0.,1.));
#8572=DIRECTION('ref_axis',(-0.707106781186548,-0.707106781186548,0.));
#8573=DIRECTION('',(-1.22464679914735E-16,0.,1.));
#8574=DIRECTION('',(1.22464679914735E-16,0.,-1.));
#8575=DIRECTION('center_axis',(0.,-1.,0.));
#8576=DIRECTION('ref_axis',(-1.,0.,-1.22464679914735E-16));
#8577=DIRECTION('',(-1.,0.,-1.22464679914735E-16));
#8578=DIRECTION('center_axis',(1.22464679914735E-16,0.,-1.));
#8579=DIRECTION('ref_axis',(0.70710678118656,-0.707106781186535,0.));
#8580=DIRECTION('center_axis',(-1.22464679914735E-16,0.,1.));
#8581=DIRECTION('ref_axis',(0.70710678118656,-0.707106781186535,0.));
#8582=DIRECTION('',(-1.22464679914735E-16,0.,1.));
#8583=DIRECTION('center_axis',(-1.22464679914735E-16,0.,1.));
#8584=DIRECTION('ref_axis',(-0.707106781186548,-0.707106781186548,0.));
#8585=DIRECTION('center_axis',(-1.22464679914735E-16,0.,1.));
#8586=DIRECTION('ref_axis',(-0.707106781186548,-0.707106781186548,0.));
#8587=DIRECTION('',(-1.22464679914735E-16,0.,1.));
#8588=DIRECTION('center_axis',(-1.,0.,-1.22464679914735E-16));
#8589=DIRECTION('ref_axis',(0.,-1.,0.));
#8590=DIRECTION('',(-1.22464679914735E-16,0.,1.));
#8591=DIRECTION('',(0.,-1.,0.));
#8592=DIRECTION('center_axis',(-1.22464679914735E-16,0.,1.));
#8593=DIRECTION('ref_axis',(-0.707106781186548,0.707106781186548,-1.96261557335469E-16));
#8594=DIRECTION('',(1.22464679914735E-16,0.,-1.));
#8595=DIRECTION('center_axis',(-1.22464679914735E-16,0.,1.));
#8596=DIRECTION('ref_axis',(-0.707106781186548,0.707106781186548,-1.96261557335469E-16));
#8597=DIRECTION('center_axis',(0.,1.,0.));
#8598=DIRECTION('ref_axis',(-1.,0.,-1.22464679914735E-16));
#8599=DIRECTION('',(1.22464679914735E-16,0.,-1.));
#8600=DIRECTION('',(-1.,0.,-1.22464679914735E-16));
#8601=DIRECTION('center_axis',(1.22464679914735E-16,0.,-1.));
#8602=DIRECTION('ref_axis',(-0.707106781186548,0.707106781186548,0.));
#8603=DIRECTION('center_axis',(-1.22464679914735E-16,0.,1.));
#8604=DIRECTION('ref_axis',(-0.707106781186548,0.707106781186548,0.));
#8605=DIRECTION('',(-1.22464679914735E-16,0.,1.));
#8606=DIRECTION('center_axis',(0.,1.,0.));
#8607=DIRECTION('ref_axis',(1.,0.,1.22464679914735E-16));
#8608=DIRECTION('',(-1.22464679914735E-16,0.,1.));
#8609=DIRECTION('',(1.,0.,1.22464679914735E-16));
#8610=DIRECTION('center_axis',(1.22464679914735E-16,0.,-1.));
#8611=DIRECTION('ref_axis',(0.707106781186548,0.707106781186548,1.96261557335469E-16));
#8612=DIRECTION('center_axis',(-1.22464679914735E-16,0.,1.));
#8613=DIRECTION('ref_axis',(0.707106781186548,0.707106781186548,1.96261557335469E-16));
#8614=DIRECTION('',(1.22464679914735E-16,0.,-1.));
#8615=DIRECTION('center_axis',(1.,0.,1.22464679914735E-16));
#8616=DIRECTION('ref_axis',(0.,-1.,0.));
#8617=DIRECTION('',(0.,-1.,0.));
#8618=DIRECTION('',(-1.22464679914735E-16,0.,1.));
#8619=DIRECTION('center_axis',(-1.,0.,-1.22464679914735E-16));
#8620=DIRECTION('ref_axis',(0.,1.,0.));
#8621=DIRECTION('',(1.22464679914735E-16,0.,-1.));
#8622=DIRECTION('',(0.,1.,0.));
#8623=DIRECTION('center_axis',(0.,-1.,0.));
#8624=DIRECTION('ref_axis',(-1.,0.,-1.22464679914735E-16));
#8625=DIRECTION('',(-1.,0.,-1.22464679914735E-16));
#8626=DIRECTION('',(1.22464679914735E-16,0.,-1.));
#8627=DIRECTION('center_axis',(0.,-1.,0.));
#8628=DIRECTION('ref_axis',(-1.,0.,-1.22464679914735E-16));
#8629=DIRECTION('',(1.22464679914735E-16,0.,-1.));
#8630=DIRECTION('',(-1.,0.,-1.22464679914735E-16));
#8631=DIRECTION('center_axis',(1.,0.,1.22464679914735E-16));
#8632=DIRECTION('ref_axis',(0.,-1.,0.));
#8633=DIRECTION('',(1.22464679914735E-16,0.,-1.));
#8634=DIRECTION('',(0.,-1.,0.));
#8635=DIRECTION('center_axis',(-1.,0.,-1.22464679914735E-16));
#8636=DIRECTION('ref_axis',(0.,1.,0.));
#8637=DIRECTION('',(0.,1.,0.));
#8638=DIRECTION('',(-1.22464679914735E-16,0.,1.));
#8639=DIRECTION('center_axis',(-1.11006122208094E-6,0.999999999999384,-1.35943292247903E-22));
#8640=DIRECTION('ref_axis',(0.999999999999384,1.11006122208094E-6,1.2246467991466E-16));
#8641=DIRECTION('',(0.999999999999384,1.11006122208094E-6,1.2246467991466E-16));
#8642=DIRECTION('',(-1.22464679914735E-16,1.83650504721269E-38,1.));
#8643=DIRECTION('center_axis',(-1.11006122208094E-6,0.999999999999384,-1.35943292247903E-22));
#8644=DIRECTION('ref_axis',(0.999999999999384,1.11006122208094E-6,1.2246467991466E-16));
#8645=DIRECTION('',(-1.22464679914735E-16,0.,1.));
#8646=DIRECTION('',(0.999999999999384,1.11006122208094E-6,1.2246467991466E-16));
#8647=DIRECTION('center_axis',(-0.999999936713118,0.000355772062959283,
-1.22464672164328E-16));
#8648=DIRECTION('ref_axis',(0.000355772062959283,0.999999936713118,4.35695118129137E-20));
#8649=DIRECTION('',(-1.22464679914735E-16,0.,1.));
#8650=DIRECTION('',(0.000355772062959283,0.999999936713118,4.35695118129137E-20));
#8651=DIRECTION('',(-1.22464679914735E-16,1.54567819319357E-33,1.));
#8652=DIRECTION('center_axis',(-0.999999936713118,0.000355772062959283,
-1.22464672164328E-16));
#8653=DIRECTION('ref_axis',(0.000355772062959283,0.999999936713118,4.35695118129137E-20));
#8654=DIRECTION('',(-1.22464679914735E-16,0.,1.));
#8655=DIRECTION('',(0.000355772062959283,0.999999936713118,4.35695118129137E-20));
#8656=DIRECTION('center_axis',(0.,-1.,0.));
#8657=DIRECTION('ref_axis',(1.,0.,1.22464679914735E-16));
#8658=DIRECTION('',(1.,0.,1.22464679914735E-16));
#8659=DIRECTION('center_axis',(-1.22464679914735E-16,0.,1.));
#8660=DIRECTION('ref_axis',(1.,0.,1.22464679914735E-16));
#8661=DIRECTION('',(-0.963516014277772,-0.267650686960216,-1.17996680281249E-16));
#8662=DIRECTION('',(-1.,0.,-1.22464679914735E-16));
#8663=DIRECTION('',(-0.520050328602033,0.854135619044726,-6.36877970318009E-17));
#8664=DIRECTION('',(-0.996779252133198,0.0801942798258285,-1.22070252058141E-16));
#8665=DIRECTION('',(0.987113943399576,0.160018944960087,1.20886593117801E-16));
#8666=DIRECTION('',(0.,-1.,0.));
#8667=DIRECTION('',(1.,0.,1.22464679914735E-16));
#8668=DIRECTION('',(0.00160380171115013,-0.999998713909209,1.96409063202705E-19));
#8669=DIRECTION('',(-0.424857129358392,-0.905260415368609,-5.20299923563688E-17));
#8670=DIRECTION('',(-0.499934151341742,-0.866063418187266,-6.12242758225113E-17));
#8671=DIRECTION('',(-0.928383215038472,0.37162428073907,-1.13694153267899E-16));
#8672=DIRECTION('',(0.,1.,0.));
#8673=DIRECTION('',(-1.,0.,-1.22464679914735E-16));
#8674=DIRECTION('',(0.,-1.,0.));
#8675=DIRECTION('',(1.,0.,1.22464679914735E-16));
#8676=DIRECTION('',(-0.499963239038848,-0.866046626694997,-6.12278380380268E-17));
#8677=DIRECTION('',(0.866125171684847,-0.499827157099226,1.0606974191648E-16));
#8678=DIRECTION('',(0.50004179788038,0.866001270422023,6.12374587214095E-17));
#8679=DIRECTION('',(-0.866046626695,0.499963239038843,-1.06060122929439E-16));
#8680=DIRECTION('',(0.,1.,0.));
#8681=DIRECTION('',(-1.,0.,-1.22464679914735E-16));
#8682=DIRECTION('',(0.,-1.,0.));
#8683=DIRECTION('',(1.,0.,1.22464679914735E-16));
#8684=DIRECTION('',(0.,-1.,0.));
#8685=DIRECTION('',(1.,0.,1.22464679914735E-16));
#8686=DIRECTION('',(0.,1.,0.));
#8687=DIRECTION('',(-1.,0.,-1.22464679914735E-16));
#8688=DIRECTION('',(0.,-1.,0.));
#8689=DIRECTION('',(1.,0.,1.22464679914735E-16));
#8690=DIRECTION('',(0.,1.,0.));
#8691=DIRECTION('',(-1.,0.,-1.22464679914735E-16));
#8692=DIRECTION('',(0.,-1.,0.));
#8693=DIRECTION('',(1.,0.,1.22464679914735E-16));
#8694=DIRECTION('',(0.,1.,0.));
#8695=DIRECTION('',(-1.,0.,-1.22464679914735E-16));
#8696=DIRECTION('',(0.,-1.,0.));
#8697=DIRECTION('',(1.,0.,1.22464679914735E-16));
#8698=DIRECTION('',(0.,1.,0.));
#8699=DIRECTION('',(-1.,0.,-1.22464679914735E-16));
#8700=DIRECTION('',(1.,0.,1.22464679914735E-16));
#8701=DIRECTION('',(0.,1.,0.));
#8702=DIRECTION('',(-1.,0.,-1.22464679914735E-16));
#8703=DIRECTION('',(0.,-1.,0.));
#8704=DIRECTION('',(0.,1.,0.));
#8705=DIRECTION('',(-1.,0.,-1.22464679914735E-16));
#8706=DIRECTION('',(0.,-1.,0.));
#8707=DIRECTION('',(1.,0.,1.22464679914735E-16));
#8708=DIRECTION('',(-1.,0.,-1.22464679914735E-16));
#8709=DIRECTION('',(0.,-1.,0.));
#8710=DIRECTION('',(1.,0.,1.22464679914735E-16));
#8711=DIRECTION('',(0.,1.,0.));
#8712=DIRECTION('',(0.,-1.,0.));
#8713=DIRECTION('',(1.,0.,1.22464679914735E-16));
#8714=DIRECTION('',(0.,1.,0.));
#8715=DIRECTION('',(-1.,0.,-1.22464679914735E-16));
#8716=DIRECTION('',(0.,-1.,0.));
#8717=DIRECTION('',(1.,0.,1.22464679914735E-16));
#8718=DIRECTION('',(0.,1.,0.));
#8719=DIRECTION('',(-1.,0.,-1.22464679914735E-16));
#8720=DIRECTION('',(0.,1.,0.));
#8721=DIRECTION('',(-1.,0.,-1.22464679914735E-16));
#8722=DIRECTION('',(0.,-1.,0.));
#8723=DIRECTION('',(1.,0.,1.22464679914735E-16));
#8724=DIRECTION('',(0.,1.,0.));
#8725=DIRECTION('',(-1.,0.,-1.22464679914735E-16));
#8726=DIRECTION('',(0.,-1.,0.));
#8727=DIRECTION('',(1.,0.,1.22464679914735E-16));
#8728=DIRECTION('',(1.,0.,1.22464679914735E-16));
#8729=DIRECTION('',(0.,1.,0.));
#8730=DIRECTION('',(-1.,0.,-1.22464679914735E-16));
#8731=DIRECTION('',(0.,-1.,0.));
#8732=DIRECTION('',(0.,1.,0.));
#8733=DIRECTION('',(-1.,0.,-1.22464679914735E-16));
#8734=DIRECTION('',(0.,-1.,0.));
#8735=DIRECTION('',(1.,0.,1.22464679914735E-16));
#8736=DIRECTION('',(0.,1.,0.));
#8737=DIRECTION('',(-1.,0.,-1.22464679914735E-16));
#8738=DIRECTION('',(0.,-1.,0.));
#8739=DIRECTION('',(1.,0.,1.22464679914735E-16));
#8740=DIRECTION('',(1.,0.,1.22464679914735E-16));
#8741=DIRECTION('',(0.,1.,0.));
#8742=DIRECTION('',(-1.,0.,-1.22464679914735E-16));
#8743=DIRECTION('',(0.,-1.,0.));
#8744=DIRECTION('',(1.,0.,1.22464679914735E-16));
#8745=DIRECTION('',(0.,1.,0.));
#8746=DIRECTION('',(-1.,0.,-1.22464679914735E-16));
#8747=DIRECTION('',(0.,-1.,0.));
#8748=DIRECTION('',(1.,0.,1.22464679914735E-16));
#8749=DIRECTION('',(0.,1.,0.));
#8750=DIRECTION('',(-1.,0.,-1.22464679914735E-16));
#8751=DIRECTION('',(0.,-1.,0.));
#8752=DIRECTION('',(0.,-1.,0.));
#8753=DIRECTION('',(1.,0.,1.22464679914735E-16));
#8754=DIRECTION('',(0.,1.,0.));
#8755=DIRECTION('',(-1.,0.,-1.22464679914735E-16));
#8756=DIRECTION('',(0.,-1.,0.));
#8757=DIRECTION('',(1.,0.,1.22464679914735E-16));
#8758=DIRECTION('',(0.,1.,0.));
#8759=DIRECTION('',(-1.,0.,-1.22464679914735E-16));
#8760=DIRECTION('',(-1.,0.,-1.22464679914735E-16));
#8761=DIRECTION('',(0.,-1.,0.));
#8762=DIRECTION('',(1.,0.,1.22464679914735E-16));
#8763=DIRECTION('',(0.,1.,0.));
#8764=DIRECTION('',(0.,1.,0.));
#8765=DIRECTION('',(-1.,0.,-1.22464679914735E-16));
#8766=DIRECTION('',(0.,-1.,0.));
#8767=DIRECTION('',(1.,0.,1.22464679914735E-16));
#8768=DIRECTION('',(0.,-1.,0.));
#8769=DIRECTION('',(1.,0.,1.22464679914735E-16));
#8770=DIRECTION('',(0.,1.,0.));
#8771=DIRECTION('',(-1.,0.,-1.22464679914735E-16));
#8772=DIRECTION('',(0.,-1.,0.));
#8773=DIRECTION('',(1.,0.,1.22464679914735E-16));
#8774=DIRECTION('',(0.,1.,0.));
#8775=DIRECTION('',(-1.,0.,-1.22464679914735E-16));
#8776=DIRECTION('',(0.,1.,0.));
#8777=DIRECTION('',(-1.,0.,-1.22464679914735E-16));
#8778=DIRECTION('',(0.,-1.,0.));
#8779=DIRECTION('',(1.,0.,1.22464679914735E-16));
#8780=DIRECTION('',(1.,0.,1.22464679914735E-16));
#8781=DIRECTION('',(0.,1.,0.));
#8782=DIRECTION('',(-1.,0.,-1.22464679914735E-16));
#8783=DIRECTION('',(0.,-1.,0.));
#8784=DIRECTION('',(0.,-1.,0.));
#8785=DIRECTION('',(1.,0.,1.22464679914735E-16));
#8786=DIRECTION('',(0.,1.,0.));
#8787=DIRECTION('',(-1.,0.,-1.22464679914735E-16));
#8788=DIRECTION('',(-0.258724028947307,-0.965951280782459,-3.16845553912826E-17));
#8789=DIRECTION('',(0.965905934760136,-0.258893269891568,1.18289361128143E-16));
#8790=DIRECTION('',(0.258723993244255,0.965951290345298,3.16845510189198E-17));
#8791=DIRECTION('',(-0.96590597048319,0.258893136612246,-1.18289365502956E-16));
#8792=DIRECTION('center_axis',(0.,1.,0.));
#8793=DIRECTION('ref_axis',(1.,0.,1.22464679914735E-16));
#8794=DIRECTION('',(1.22464679914735E-16,0.,-1.));
#8795=DIRECTION('',(1.22464679914735E-16,0.,-1.));
#8796=DIRECTION('center_axis',(1.,0.,1.22464679914735E-16));
#8797=DIRECTION('ref_axis',(0.,-1.,0.));
#8798=DIRECTION('',(1.22464679914735E-16,0.,-1.));
#8799=DIRECTION('center_axis',(0.,-1.,0.));
#8800=DIRECTION('ref_axis',(-1.,0.,-1.22464679914735E-16));
#8801=DIRECTION('',(1.22464679914735E-16,0.,-1.));
#8802=DIRECTION('center_axis',(-1.,0.,-1.22464679914735E-16));
#8803=DIRECTION('ref_axis',(0.,1.,0.));
#8804=DIRECTION('center_axis',(-0.499963239038843,-0.866046626695,-6.12278380380262E-17));
#8805=DIRECTION('ref_axis',(-0.866046626695,0.499963239038843,-1.06060122929439E-16));
#8806=DIRECTION('',(1.22464679914735E-16,0.,-1.));
#8807=DIRECTION('',(1.22464679914735E-16,0.,-1.));
#8808=DIRECTION('center_axis',(-0.866001270422023,0.50004179788038,-1.06054568387987E-16));
#8809=DIRECTION('ref_axis',(0.50004179788038,0.866001270422023,6.12374587214095E-17));
#8810=DIRECTION('',(1.22464679914735E-16,0.,-1.));
#8811=DIRECTION('center_axis',(0.499827157099226,0.866125171684847,6.12111728068489E-17));
#8812=DIRECTION('ref_axis',(0.866125171684847,-0.499827157099226,1.0606974191648E-16));
#8813=DIRECTION('',(1.22464679914735E-16,0.,-1.));
#8814=DIRECTION('center_axis',(0.866046626694997,-0.499963239038848,1.06060122929439E-16));
#8815=DIRECTION('ref_axis',(-0.499963239038848,-0.866046626694997,-6.12278380380268E-17));
#8816=DIRECTION('center_axis',(0.,1.,0.));
#8817=DIRECTION('ref_axis',(1.,0.,1.22464679914735E-16));
#8818=DIRECTION('',(1.22464679914735E-16,0.,-1.));
#8819=DIRECTION('',(1.22464679914735E-16,0.,-1.));
#8820=DIRECTION('center_axis',(1.,0.,1.22464679914735E-16));
#8821=DIRECTION('ref_axis',(0.,-1.,0.));
#8822=DIRECTION('',(1.22464679914735E-16,0.,-1.));
#8823=DIRECTION('center_axis',(0.,-1.,0.));
#8824=DIRECTION('ref_axis',(-1.,0.,-1.22464679914735E-16));
#8825=DIRECTION('',(1.22464679914735E-16,0.,-1.));
#8826=DIRECTION('center_axis',(-1.,0.,-1.22464679914735E-16));
#8827=DIRECTION('ref_axis',(0.,1.,0.));
#8828=DIRECTION('center_axis',(0.,-1.,0.));
#8829=DIRECTION('ref_axis',(-1.,0.,-1.22464679914735E-16));
#8830=DIRECTION('',(1.22464679914735E-16,0.,-1.));
#8831=DIRECTION('',(1.22464679914735E-16,0.,-1.));
#8832=DIRECTION('center_axis',(-1.,0.,-1.22464679914735E-16));
#8833=DIRECTION('ref_axis',(0.,1.,0.));
#8834=DIRECTION('',(1.22464679914735E-16,0.,-1.));
#8835=DIRECTION('center_axis',(0.,1.,0.));
#8836=DIRECTION('ref_axis',(1.,0.,1.22464679914735E-16));
#8837=DIRECTION('',(1.22464679914735E-16,0.,-1.));
#8838=DIRECTION('center_axis',(1.,0.,1.22464679914735E-16));
#8839=DIRECTION('ref_axis',(0.,-1.,0.));
#8840=DIRECTION('center_axis',(0.,-1.,0.));
#8841=DIRECTION('ref_axis',(-1.,0.,-1.22464679914735E-16));
#8842=DIRECTION('',(1.22464679914735E-16,0.,-1.));
#8843=DIRECTION('',(1.22464679914735E-16,0.,-1.));
#8844=DIRECTION('center_axis',(-1.,0.,-1.22464679914735E-16));
#8845=DIRECTION('ref_axis',(0.,1.,0.));
#8846=DIRECTION('',(1.22464679914735E-16,0.,-1.));
#8847=DIRECTION('center_axis',(0.,1.,0.));
#8848=DIRECTION('ref_axis',(1.,0.,1.22464679914735E-16));
#8849=DIRECTION('',(1.22464679914735E-16,0.,-1.));
#8850=DIRECTION('center_axis',(1.,0.,1.22464679914735E-16));
#8851=DIRECTION('ref_axis',(0.,-1.,0.));
#8852=DIRECTION('center_axis',(0.,-1.,0.));
#8853=DIRECTION('ref_axis',(-1.,0.,-1.22464679914735E-16));
#8854=DIRECTION('',(1.22464679914735E-16,0.,-1.));
#8855=DIRECTION('',(1.22464679914735E-16,0.,-1.));
#8856=DIRECTION('center_axis',(-1.,0.,-1.22464679914735E-16));
#8857=DIRECTION('ref_axis',(0.,1.,0.));
#8858=DIRECTION('',(1.22464679914735E-16,0.,-1.));
#8859=DIRECTION('center_axis',(0.,1.,0.));
#8860=DIRECTION('ref_axis',(1.,0.,1.22464679914735E-16));
#8861=DIRECTION('',(1.22464679914735E-16,0.,-1.));
#8862=DIRECTION('center_axis',(1.,0.,1.22464679914735E-16));
#8863=DIRECTION('ref_axis',(0.,-1.,0.));
#8864=DIRECTION('center_axis',(0.,-1.,0.));
#8865=DIRECTION('ref_axis',(-1.,0.,-1.22464679914735E-16));
#8866=DIRECTION('',(1.22464679914735E-16,0.,-1.));
#8867=DIRECTION('',(1.22464679914735E-16,0.,-1.));
#8868=DIRECTION('center_axis',(-1.,0.,-1.22464679914735E-16));
#8869=DIRECTION('ref_axis',(0.,1.,0.));
#8870=DIRECTION('',(1.22464679914735E-16,0.,-1.));
#8871=DIRECTION('center_axis',(0.,1.,0.));
#8872=DIRECTION('ref_axis',(1.,0.,1.22464679914735E-16));
#8873=DIRECTION('',(1.22464679914735E-16,0.,-1.));
#8874=DIRECTION('center_axis',(1.,0.,1.22464679914735E-16));
#8875=DIRECTION('ref_axis',(0.,-1.,0.));
#8876=DIRECTION('center_axis',(1.,0.,1.22464679914735E-16));
#8877=DIRECTION('ref_axis',(0.,-1.,0.));
#8878=DIRECTION('',(1.22464679914735E-16,0.,-1.));
#8879=DIRECTION('',(1.22464679914735E-16,0.,-1.));
#8880=DIRECTION('center_axis',(0.,-1.,0.));
#8881=DIRECTION('ref_axis',(-1.,0.,-1.22464679914735E-16));
#8882=DIRECTION('',(1.22464679914735E-16,0.,-1.));
#8883=DIRECTION('center_axis',(-1.,0.,-1.22464679914735E-16));
#8884=DIRECTION('ref_axis',(0.,1.,0.));
#8885=DIRECTION('',(1.22464679914735E-16,0.,-1.));
#8886=DIRECTION('center_axis',(0.,1.,0.));
#8887=DIRECTION('ref_axis',(1.,0.,1.22464679914735E-16));
#8888=DIRECTION('center_axis',(0.,1.,0.));
#8889=DIRECTION('ref_axis',(1.,0.,1.22464679914735E-16));
#8890=DIRECTION('',(1.22464679914735E-16,0.,-1.));
#8891=DIRECTION('',(1.22464679914735E-16,0.,-1.));
#8892=DIRECTION('center_axis',(1.,0.,1.22464679914735E-16));
#8893=DIRECTION('ref_axis',(0.,-1.,0.));
#8894=DIRECTION('',(1.22464679914735E-16,0.,-1.));
#8895=DIRECTION('center_axis',(0.,-1.,0.));
#8896=DIRECTION('ref_axis',(-1.,0.,-1.22464679914735E-16));
#8897=DIRECTION('',(1.22464679914735E-16,0.,-1.));
#8898=DIRECTION('center_axis',(-1.,0.,-1.22464679914735E-16));
#8899=DIRECTION('ref_axis',(0.,1.,0.));
#8900=DIRECTION('center_axis',(-1.,0.,-1.22464679914735E-16));
#8901=DIRECTION('ref_axis',(0.,1.,0.));
#8902=DIRECTION('',(1.22464679914735E-16,0.,-1.));
#8903=DIRECTION('',(1.22464679914735E-16,0.,-1.));
#8904=DIRECTION('center_axis',(0.,1.,0.));
#8905=DIRECTION('ref_axis',(1.,0.,1.22464679914735E-16));
#8906=DIRECTION('',(1.22464679914735E-16,0.,-1.));
#8907=DIRECTION('center_axis',(1.,0.,1.22464679914735E-16));
#8908=DIRECTION('ref_axis',(0.,-1.,0.));
#8909=DIRECTION('',(1.22464679914735E-16,0.,-1.));
#8910=DIRECTION('center_axis',(0.,-1.,0.));
#8911=DIRECTION('ref_axis',(-1.,0.,-1.22464679914735E-16));
#8912=DIRECTION('center_axis',(0.,-1.,0.));
#8913=DIRECTION('ref_axis',(-1.,0.,-1.22464679914735E-16));
#8914=DIRECTION('',(1.22464679914735E-16,0.,-1.));
#8915=DIRECTION('',(1.22464679914735E-16,0.,-1.));
#8916=DIRECTION('center_axis',(-1.,0.,-1.22464679914735E-16));
#8917=DIRECTION('ref_axis',(0.,1.,0.));
#8918=DIRECTION('',(1.22464679914735E-16,0.,-1.));
#8919=DIRECTION('center_axis',(0.,1.,0.));
#8920=DIRECTION('ref_axis',(1.,0.,1.22464679914735E-16));
#8921=DIRECTION('',(1.22464679914735E-16,0.,-1.));
#8922=DIRECTION('center_axis',(1.,0.,1.22464679914735E-16));
#8923=DIRECTION('ref_axis',(0.,-1.,0.));
#8924=DIRECTION('center_axis',(0.,-1.,0.));
#8925=DIRECTION('ref_axis',(-1.,0.,-1.22464679914735E-16));
#8926=DIRECTION('',(1.22464679914735E-16,0.,-1.));
#8927=DIRECTION('',(1.22464679914735E-16,0.,-1.));
#8928=DIRECTION('center_axis',(-1.,0.,-1.22464679914735E-16));
#8929=DIRECTION('ref_axis',(0.,1.,0.));
#8930=DIRECTION('',(1.22464679914735E-16,0.,-1.));
#8931=DIRECTION('center_axis',(0.,1.,0.));
#8932=DIRECTION('ref_axis',(1.,0.,1.22464679914735E-16));
#8933=DIRECTION('',(1.22464679914735E-16,0.,-1.));
#8934=DIRECTION('center_axis',(1.,0.,1.22464679914735E-16));
#8935=DIRECTION('ref_axis',(0.,-1.,0.));
#8936=DIRECTION('center_axis',(0.,1.,0.));
#8937=DIRECTION('ref_axis',(1.,0.,1.22464679914735E-16));
#8938=DIRECTION('',(1.22464679914735E-16,0.,-1.));
#8939=DIRECTION('',(1.22464679914735E-16,0.,-1.));
#8940=DIRECTION('center_axis',(1.,0.,1.22464679914735E-16));
#8941=DIRECTION('ref_axis',(0.,-1.,0.));
#8942=DIRECTION('',(1.22464679914735E-16,0.,-1.));
#8943=DIRECTION('center_axis',(0.,-1.,0.));
#8944=DIRECTION('ref_axis',(-1.,0.,-1.22464679914735E-16));
#8945=DIRECTION('',(1.22464679914735E-16,0.,-1.));
#8946=DIRECTION('center_axis',(-1.,0.,-1.22464679914735E-16));
#8947=DIRECTION('ref_axis',(0.,1.,0.));
#8948=DIRECTION('center_axis',(0.,1.,0.));
#8949=DIRECTION('ref_axis',(1.,0.,1.22464679914735E-16));
#8950=DIRECTION('',(1.22464679914735E-16,0.,-1.));
#8951=DIRECTION('',(1.22464679914735E-16,0.,-1.));
#8952=DIRECTION('center_axis',(1.,0.,1.22464679914735E-16));
#8953=DIRECTION('ref_axis',(0.,-1.,0.));
#8954=DIRECTION('',(1.22464679914735E-16,0.,-1.));
#8955=DIRECTION('center_axis',(0.,-1.,0.));
#8956=DIRECTION('ref_axis',(-1.,0.,-1.22464679914735E-16));
#8957=DIRECTION('',(1.22464679914735E-16,0.,-1.));
#8958=DIRECTION('center_axis',(-1.,0.,-1.22464679914735E-16));
#8959=DIRECTION('ref_axis',(0.,1.,0.));
#8960=DIRECTION('center_axis',(1.,0.,1.22464679914735E-16));
#8961=DIRECTION('ref_axis',(0.,-1.,0.));
#8962=DIRECTION('',(1.22464679914735E-16,0.,-1.));
#8963=DIRECTION('',(1.22464679914735E-16,0.,-1.));
#8964=DIRECTION('center_axis',(0.,-1.,0.));
#8965=DIRECTION('ref_axis',(-1.,0.,-1.22464679914735E-16));
#8966=DIRECTION('',(1.22464679914735E-16,0.,-1.));
#8967=DIRECTION('center_axis',(-1.,0.,-1.22464679914735E-16));
#8968=DIRECTION('ref_axis',(0.,1.,0.));
#8969=DIRECTION('',(1.22464679914735E-16,0.,-1.));
#8970=DIRECTION('center_axis',(0.,1.,0.));
#8971=DIRECTION('ref_axis',(1.,0.,1.22464679914735E-16));
#8972=DIRECTION('center_axis',(0.,1.,0.));
#8973=DIRECTION('ref_axis',(1.,0.,1.22464679914735E-16));
#8974=DIRECTION('',(1.22464679914735E-16,0.,-1.));
#8975=DIRECTION('',(1.22464679914735E-16,0.,-1.));
#8976=DIRECTION('center_axis',(1.,0.,1.22464679914735E-16));
#8977=DIRECTION('ref_axis',(0.,-1.,0.));
#8978=DIRECTION('',(1.22464679914735E-16,0.,-1.));
#8979=DIRECTION('center_axis',(0.,-1.,0.));
#8980=DIRECTION('ref_axis',(-1.,0.,-1.22464679914735E-16));
#8981=DIRECTION('',(1.22464679914735E-16,0.,-1.));
#8982=DIRECTION('center_axis',(-1.,0.,-1.22464679914735E-16));
#8983=DIRECTION('ref_axis',(0.,1.,0.));
#8984=DIRECTION('center_axis',(0.,1.,0.));
#8985=DIRECTION('ref_axis',(1.,0.,1.22464679914735E-16));
#8986=DIRECTION('',(1.22464679914735E-16,0.,-1.));
#8987=DIRECTION('',(1.22464679914735E-16,0.,-1.));
#8988=DIRECTION('center_axis',(1.,0.,1.22464679914735E-16));
#8989=DIRECTION('ref_axis',(0.,-1.,0.));
#8990=DIRECTION('',(1.22464679914735E-16,0.,-1.));
#8991=DIRECTION('center_axis',(0.,-1.,0.));
#8992=DIRECTION('ref_axis',(-1.,0.,-1.22464679914735E-16));
#8993=DIRECTION('',(1.22464679914735E-16,0.,-1.));
#8994=DIRECTION('center_axis',(-1.,0.,-1.22464679914735E-16));
#8995=DIRECTION('ref_axis',(0.,1.,0.));
#8996=DIRECTION('center_axis',(1.,0.,1.22464679914735E-16));
#8997=DIRECTION('ref_axis',(0.,-1.,0.));
#8998=DIRECTION('',(1.22464679914735E-16,0.,-1.));
#8999=DIRECTION('',(1.22464679914735E-16,0.,-1.));
#9000=DIRECTION('center_axis',(0.,-1.,0.));
#9001=DIRECTION('ref_axis',(-1.,0.,-1.22464679914735E-16));
#9002=DIRECTION('',(1.22464679914735E-16,0.,-1.));
#9003=DIRECTION('center_axis',(-1.,0.,-1.22464679914735E-16));
#9004=DIRECTION('ref_axis',(0.,1.,0.));
#9005=DIRECTION('',(1.22464679914735E-16,0.,-1.));
#9006=DIRECTION('center_axis',(0.,1.,0.));
#9007=DIRECTION('ref_axis',(1.,0.,1.22464679914735E-16));
#9008=DIRECTION('center_axis',(1.,0.,1.22464679914735E-16));
#9009=DIRECTION('ref_axis',(0.,-1.,0.));
#9010=DIRECTION('',(1.22464679914735E-16,0.,-1.));
#9011=DIRECTION('',(1.22464679914735E-16,0.,-1.));
#9012=DIRECTION('center_axis',(0.,-1.,0.));
#9013=DIRECTION('ref_axis',(-1.,0.,-1.22464679914735E-16));
#9014=DIRECTION('',(1.22464679914735E-16,0.,-1.));
#9015=DIRECTION('center_axis',(-1.,0.,-1.22464679914735E-16));
#9016=DIRECTION('ref_axis',(0.,1.,0.));
#9017=DIRECTION('',(1.22464679914735E-16,0.,-1.));
#9018=DIRECTION('center_axis',(0.,1.,0.));
#9019=DIRECTION('ref_axis',(1.,0.,1.22464679914735E-16));
#9020=DIRECTION('center_axis',(1.,0.,1.22464679914735E-16));
#9021=DIRECTION('ref_axis',(0.,-1.,0.));
#9022=DIRECTION('',(1.22464679914735E-16,0.,-1.));
#9023=DIRECTION('',(1.22464679914735E-16,0.,-1.));
#9024=DIRECTION('center_axis',(0.,-1.,0.));
#9025=DIRECTION('ref_axis',(-1.,0.,-1.22464679914735E-16));
#9026=DIRECTION('',(1.22464679914735E-16,0.,-1.));
#9027=DIRECTION('center_axis',(-1.,0.,-1.22464679914735E-16));
#9028=DIRECTION('ref_axis',(0.,1.,0.));
#9029=DIRECTION('',(1.22464679914735E-16,0.,-1.));
#9030=DIRECTION('center_axis',(0.,1.,0.));
#9031=DIRECTION('ref_axis',(1.,0.,1.22464679914735E-16));
#9032=DIRECTION('center_axis',(0.,-1.,0.));
#9033=DIRECTION('ref_axis',(-1.,0.,-1.22464679914735E-16));
#9034=DIRECTION('',(1.22464679914735E-16,0.,-1.));
#9035=DIRECTION('',(1.22464679914735E-16,0.,-1.));
#9036=DIRECTION('center_axis',(-1.,0.,-1.22464679914735E-16));
#9037=DIRECTION('ref_axis',(0.,1.,0.));
#9038=DIRECTION('',(1.22464679914735E-16,0.,-1.));
#9039=DIRECTION('center_axis',(0.,1.,0.));
#9040=DIRECTION('ref_axis',(1.,0.,1.22464679914735E-16));
#9041=DIRECTION('',(1.22464679914735E-16,0.,-1.));
#9042=DIRECTION('center_axis',(1.,0.,1.22464679914735E-16));
#9043=DIRECTION('ref_axis',(0.,-1.,0.));
#9044=DIRECTION('center_axis',(0.,-1.,0.));
#9045=DIRECTION('ref_axis',(-1.,0.,-1.22464679914735E-16));
#9046=DIRECTION('',(1.22464679914735E-16,0.,-1.));
#9047=DIRECTION('',(1.22464679914735E-16,0.,-1.));
#9048=DIRECTION('center_axis',(-1.,0.,-1.22464679914735E-16));
#9049=DIRECTION('ref_axis',(0.,1.,0.));
#9050=DIRECTION('',(1.22464679914735E-16,0.,-1.));
#9051=DIRECTION('center_axis',(0.,1.,0.));
#9052=DIRECTION('ref_axis',(1.,0.,1.22464679914735E-16));
#9053=DIRECTION('',(1.22464679914735E-16,0.,-1.));
#9054=DIRECTION('center_axis',(1.,0.,1.22464679914735E-16));
#9055=DIRECTION('ref_axis',(0.,-1.,0.));
#9056=DIRECTION('center_axis',(-1.,0.,-1.22464679914735E-16));
#9057=DIRECTION('ref_axis',(0.,1.,0.));
#9058=DIRECTION('',(1.22464679914735E-16,0.,-1.));
#9059=DIRECTION('',(1.22464679914735E-16,0.,-1.));
#9060=DIRECTION('center_axis',(0.,1.,0.));
#9061=DIRECTION('ref_axis',(1.,0.,1.22464679914735E-16));
#9062=DIRECTION('',(1.22464679914735E-16,0.,-1.));
#9063=DIRECTION('center_axis',(1.,0.,1.22464679914735E-16));
#9064=DIRECTION('ref_axis',(0.,-1.,0.));
#9065=DIRECTION('',(1.22464679914735E-16,0.,-1.));
#9066=DIRECTION('center_axis',(0.,-1.,0.));
#9067=DIRECTION('ref_axis',(-1.,0.,-1.22464679914735E-16));
#9068=DIRECTION('center_axis',(0.,1.,0.));
#9069=DIRECTION('ref_axis',(1.,0.,1.22464679914735E-16));
#9070=DIRECTION('',(1.22464679914735E-16,0.,-1.));
#9071=DIRECTION('',(1.22464679914735E-16,0.,-1.));
#9072=DIRECTION('center_axis',(1.,0.,1.22464679914735E-16));
#9073=DIRECTION('ref_axis',(0.,-1.,0.));
#9074=DIRECTION('',(1.22464679914735E-16,0.,-1.));
#9075=DIRECTION('center_axis',(0.,-1.,0.));
#9076=DIRECTION('ref_axis',(-1.,0.,-1.22464679914735E-16));
#9077=DIRECTION('',(1.22464679914735E-16,0.,-1.));
#9078=DIRECTION('center_axis',(-1.,0.,-1.22464679914735E-16));
#9079=DIRECTION('ref_axis',(0.,1.,0.));
#9080=DIRECTION('center_axis',(0.,-1.,0.));
#9081=DIRECTION('ref_axis',(-1.,0.,-1.22464679914735E-16));
#9082=DIRECTION('',(1.22464679914735E-16,0.,-1.));
#9083=DIRECTION('',(1.22464679914735E-16,0.,-1.));
#9084=DIRECTION('center_axis',(-1.,0.,-1.22464679914735E-16));
#9085=DIRECTION('ref_axis',(0.,1.,0.));
#9086=DIRECTION('',(1.22464679914735E-16,0.,-1.));
#9087=DIRECTION('center_axis',(0.,1.,0.));
#9088=DIRECTION('ref_axis',(1.,0.,1.22464679914735E-16));
#9089=DIRECTION('',(1.22464679914735E-16,0.,-1.));
#9090=DIRECTION('center_axis',(1.,0.,1.22464679914735E-16));
#9091=DIRECTION('ref_axis',(0.,-1.,0.));
#9092=DIRECTION('center_axis',(0.,-1.,0.));
#9093=DIRECTION('ref_axis',(-1.,0.,-1.22464679914735E-16));
#9094=DIRECTION('',(1.22464679914735E-16,0.,-1.));
#9095=DIRECTION('',(1.22464679914735E-16,0.,-1.));
#9096=DIRECTION('center_axis',(-1.,0.,-1.22464679914735E-16));
#9097=DIRECTION('ref_axis',(0.,1.,0.));
#9098=DIRECTION('',(1.22464679914735E-16,0.,-1.));
#9099=DIRECTION('center_axis',(0.,1.,0.));
#9100=DIRECTION('ref_axis',(1.,0.,1.22464679914735E-16));
#9101=DIRECTION('',(1.22464679914735E-16,0.,-1.));
#9102=DIRECTION('center_axis',(1.,0.,1.22464679914735E-16));
#9103=DIRECTION('ref_axis',(0.,-1.,0.));
#9104=DIRECTION('center_axis',(0.,1.,0.));
#9105=DIRECTION('ref_axis',(1.,0.,1.22464679914735E-16));
#9106=DIRECTION('',(1.22464679914735E-16,0.,-1.));
#9107=DIRECTION('',(1.22464679914735E-16,0.,-1.));
#9108=DIRECTION('center_axis',(1.,0.,1.22464679914735E-16));
#9109=DIRECTION('ref_axis',(0.,-1.,0.));
#9110=DIRECTION('',(1.22464679914735E-16,0.,-1.));
#9111=DIRECTION('center_axis',(0.,-1.,0.));
#9112=DIRECTION('ref_axis',(-1.,0.,-1.22464679914735E-16));
#9113=DIRECTION('',(1.22464679914735E-16,0.,-1.));
#9114=DIRECTION('center_axis',(-1.,0.,-1.22464679914735E-16));
#9115=DIRECTION('ref_axis',(0.,1.,0.));
#9116=DIRECTION('center_axis',(1.,0.,1.22464679914735E-16));
#9117=DIRECTION('ref_axis',(0.,-1.,0.));
#9118=DIRECTION('',(1.22464679914735E-16,0.,-1.));
#9119=DIRECTION('',(1.22464679914735E-16,0.,-1.));
#9120=DIRECTION('center_axis',(0.,-1.,0.));
#9121=DIRECTION('ref_axis',(-1.,0.,-1.22464679914735E-16));
#9122=DIRECTION('',(1.22464679914735E-16,0.,-1.));
#9123=DIRECTION('center_axis',(-1.,0.,-1.22464679914735E-16));
#9124=DIRECTION('ref_axis',(0.,1.,0.));
#9125=DIRECTION('',(1.22464679914735E-16,0.,-1.));
#9126=DIRECTION('center_axis',(0.,1.,0.));
#9127=DIRECTION('ref_axis',(1.,0.,1.22464679914735E-16));
#9128=DIRECTION('center_axis',(0.,-1.,0.));
#9129=DIRECTION('ref_axis',(-1.,0.,-1.22464679914735E-16));
#9130=DIRECTION('',(1.22464679914735E-16,0.,-1.));
#9131=DIRECTION('',(1.22464679914735E-16,0.,-1.));
#9132=DIRECTION('center_axis',(-1.,0.,-1.22464679914735E-16));
#9133=DIRECTION('ref_axis',(0.,1.,0.));
#9134=DIRECTION('',(1.22464679914735E-16,0.,-1.));
#9135=DIRECTION('center_axis',(0.,1.,0.));
#9136=DIRECTION('ref_axis',(1.,0.,1.22464679914735E-16));
#9137=DIRECTION('',(1.22464679914735E-16,0.,-1.));
#9138=DIRECTION('center_axis',(1.,0.,1.22464679914735E-16));
#9139=DIRECTION('ref_axis',(0.,-1.,0.));
#9140=DIRECTION('center_axis',(-0.258893136612246,-0.96590597048319,-3.17052651073406E-17));
#9141=DIRECTION('ref_axis',(-0.96590597048319,0.258893136612246,-1.18289365502956E-16));
#9142=DIRECTION('',(1.22464679914735E-16,0.,-1.));
#9143=DIRECTION('',(1.22464679914735E-16,0.,-1.));
#9144=DIRECTION('center_axis',(-0.965951290345298,0.258723993244255,-1.18294915585363E-16));
#9145=DIRECTION('ref_axis',(0.258723993244255,0.965951290345298,3.16845510189198E-17));
#9146=DIRECTION('',(1.22464679914735E-16,0.,-1.));
#9147=DIRECTION('center_axis',(0.258893269891568,0.965905934760136,3.170528142935E-17));
#9148=DIRECTION('ref_axis',(0.965905934760136,-0.258893269891568,1.18289361128143E-16));
#9149=DIRECTION('',(1.22464679914735E-16,0.,-1.));
#9150=DIRECTION('center_axis',(0.965951280782459,-0.258724028947307,1.18294914414252E-16));
#9151=DIRECTION('ref_axis',(-0.258724028947307,-0.965951280782459,-3.16845553912826E-17));
#9152=DIRECTION('center_axis',(0.,-1.,0.));
#9153=DIRECTION('ref_axis',(-1.,0.,-1.22464679914735E-16));
#9154=DIRECTION('',(-1.22464679914735E-16,0.,1.));
#9155=DIRECTION('',(-1.22464679914735E-16,0.,1.));
#9156=DIRECTION('center_axis',(0.267650686960216,-0.963516014277772,3.27777557075419E-17));
#9157=DIRECTION('ref_axis',(-0.963516014277772,-0.267650686960216,-1.17996680281249E-16));
#9158=DIRECTION('center_axis',(-0.37162428073907,-0.928383215038472,-4.55108485892539E-17));
#9159=DIRECTION('ref_axis',(-0.928383215038472,0.37162428073907,-1.13694153267899E-16));
#9160=DIRECTION('',(-1.22464679914735E-16,0.,1.));
#9161=DIRECTION('center_axis',(0.866063418187267,-0.499934151341742,1.06062179294165E-16));
#9162=DIRECTION('ref_axis',(-0.499934151341742,-0.866063418187266,-6.12242758225113E-17));
#9163=DIRECTION('',(1.22464679914735E-16,0.,-1.));
#9164=DIRECTION('center_axis',(0.905260415368609,-0.424857129358392,1.10862427007597E-16));
#9165=DIRECTION('ref_axis',(-0.424857129358392,-0.905260415368609,-5.20299923563688E-17));
#9166=DIRECTION('',(-1.22464679914735E-16,2.89132244499611E-32,1.));
#9167=DIRECTION('center_axis',(0.999998713909209,0.00160380171115013,1.22464522414038E-16));
#9168=DIRECTION('ref_axis',(0.00160380171115013,-0.999998713909209,1.96409063202705E-19));
#9169=DIRECTION('',(-1.22464679914735E-16,0.,1.));
#9170=DIRECTION('center_axis',(0.,1.,0.));
#9171=DIRECTION('ref_axis',(1.,0.,1.22464679914735E-16));
#9172=DIRECTION('',(-1.22464679914735E-16,0.,1.));
#9173=DIRECTION('center_axis',(1.,0.,1.22464679914735E-16));
#9174=DIRECTION('ref_axis',(0.,-1.,0.));
#9175=DIRECTION('center_axis',(-0.160018944960087,0.987113943399576,-1.95966688748307E-17));
#9176=DIRECTION('ref_axis',(0.987113943399576,0.160018944960087,1.20886593117801E-16));
#9177=DIRECTION('center_axis',(-0.0801942798258285,-0.996779252133198,-9.82096680986281E-18));
#9178=DIRECTION('ref_axis',(-0.996779252133198,0.0801942798258285,-1.22070252058141E-16));
#9179=DIRECTION('',(1.22464679914735E-16,0.,-1.));
#9180=DIRECTION('center_axis',(-0.854135619044726,-0.520050328602033,-1.04601445190087E-16));
#9181=DIRECTION('ref_axis',(-0.520050328602033,0.854135619044726,-6.36877970318009E-17));
#9182=CARTESIAN_POINT('',(0.,0.,0.));
#9183=CARTESIAN_POINT('Origin',(733.99453094906,319.956722883927,0.));
#9184=CARTESIAN_POINT('',(733.99453094906,316.956722883927,1.5));
#9185=CARTESIAN_POINT('',(733.99453094906,320.956722883927,1.5));
#9186=CARTESIAN_POINT('',(733.99453094906,341.868316883927,1.5));
#9187=CARTESIAN_POINT('',(733.99453094906,316.956722883927,0.));
#9188=CARTESIAN_POINT('',(733.99453094906,316.956722883927,0.));
#9189=CARTESIAN_POINT('',(733.99453094906,320.956722883927,0.));
#9190=CARTESIAN_POINT('',(733.99453094906,238.031964959107,0.));
#9191=CARTESIAN_POINT('',(733.99453094906,320.956722883927,0.));
#9192=CARTESIAN_POINT('Origin',(736.99453094906,320.956722883927,0.));
#9193=CARTESIAN_POINT('',(736.99453094906,320.956722883927,1.5));
#9194=CARTESIAN_POINT('',(740.885167369159,320.956722883927,1.5));
#9195=CARTESIAN_POINT('',(736.99453094906,320.956722883927,0.));
#9196=CARTESIAN_POINT('',(803.989707692118,320.956722883927,0.));
#9197=CARTESIAN_POINT('',(736.99453094906,320.956722883927,0.));
#9198=CARTESIAN_POINT('Origin',(736.99453094906,316.956722883927,0.));
#9199=CARTESIAN_POINT('',(736.99453094906,316.956722883927,1.5));
#9200=CARTESIAN_POINT('',(736.99453094906,340.368316883927,1.5));
#9201=CARTESIAN_POINT('',(736.99453094906,316.956722883927,0.));
#9202=CARTESIAN_POINT('',(736.99453094906,236.531964959107,0.));
#9203=CARTESIAN_POINT('',(736.99453094906,316.956722883927,0.));
#9204=CARTESIAN_POINT('Origin',(812.865010134573,371.805499744129,0.));
#9205=CARTESIAN_POINT('',(815.865010134572,371.805499744129,1.5));
#9206=CARTESIAN_POINT('',(811.865010134573,371.805499744129,1.5));
#9207=CARTESIAN_POINT('',(778.820406961916,371.805499744129,1.5));
#9208=CARTESIAN_POINT('',(815.865010134572,371.805499744129,0.));
#9209=CARTESIAN_POINT('',(815.865010134572,371.805499744129,0.));
#9210=CARTESIAN_POINT('',(811.865010134573,371.805499744129,0.));
#9211=CARTESIAN_POINT('',(841.924947284874,371.805499744129,0.));
#9212=CARTESIAN_POINT('',(811.865010134573,371.805499744129,0.));
#9213=CARTESIAN_POINT('Origin',(811.865010134573,374.805499744129,0.));
#9214=CARTESIAN_POINT('',(811.865010134573,374.805499744129,1.5));
#9215=CARTESIAN_POINT('',(811.865010134572,369.292705314028,1.5));
#9216=CARTESIAN_POINT('',(811.865010134573,374.805499744129,0.));
#9217=CARTESIAN_POINT('',(811.865010134573,265.456353389208,0.));
#9218=CARTESIAN_POINT('',(811.865010134573,374.805499744129,0.));
#9219=CARTESIAN_POINT('Origin',(815.865010134572,374.805499744129,0.));
#9220=CARTESIAN_POINT('',(815.865010134572,374.805499744129,1.5));
#9221=CARTESIAN_POINT('',(780.320406961916,374.805499744129,1.5));
#9222=CARTESIAN_POINT('',(815.865010134572,374.805499744129,0.));
#9223=CARTESIAN_POINT('',(843.424947284874,374.805499744129,0.));
#9224=CARTESIAN_POINT('',(815.865010134572,374.805499744129,0.));
#9225=CARTESIAN_POINT('Origin',(728.798915906002,420.547608324169,0.));
#9226=CARTESIAN_POINT('',(728.798915906002,423.547608324168,1.5));
#9227=CARTESIAN_POINT('',(728.798915906002,419.547608324169,1.5));
#9228=CARTESIAN_POINT('',(728.798915906002,392.163759604048,1.5));
#9229=CARTESIAN_POINT('',(728.798915906002,423.547608324168,0.));
#9230=CARTESIAN_POINT('',(728.798915906002,423.547608324168,0.));
#9231=CARTESIAN_POINT('',(728.798915906002,419.547608324169,0.));
#9232=CARTESIAN_POINT('',(728.798915906002,288.327407679228,0.));
#9233=CARTESIAN_POINT('',(728.798915906002,419.547608324169,0.));
#9234=CARTESIAN_POINT('Origin',(725.798915906002,419.547608324169,0.));
#9235=CARTESIAN_POINT('',(725.798915906002,419.547608324169,1.5));
#9236=CARTESIAN_POINT('',(735.28735984763,419.547608324169,1.5));
#9237=CARTESIAN_POINT('',(725.798915906002,419.547608324169,0.));
#9238=CARTESIAN_POINT('',(798.391900170589,419.547608324169,0.));
#9239=CARTESIAN_POINT('',(725.798915906002,419.547608324169,0.));
#9240=CARTESIAN_POINT('Origin',(725.798915906002,423.547608324168,0.));
#9241=CARTESIAN_POINT('',(725.798915906002,423.547608324168,1.5));
#9242=CARTESIAN_POINT('',(725.798915906002,393.663759604048,1.5));
#9243=CARTESIAN_POINT('',(725.798915906002,423.547608324168,0.));
#9244=CARTESIAN_POINT('',(725.798915906002,289.827407679228,0.));
#9245=CARTESIAN_POINT('',(725.798915906002,423.547608324168,0.));
#9246=CARTESIAN_POINT('Origin',(731.49453094906,316.956722883927,0.));
#9247=CARTESIAN_POINT('',(733.49453094906,316.956722883927,1.5));
#9248=CARTESIAN_POINT('',(739.49453094906,316.956722883927,1.5));
#9249=CARTESIAN_POINT('',(733.49453094906,316.956722883927,0.));
#9250=CARTESIAN_POINT('',(733.49453094906,316.956722883927,0.));
#9251=CARTESIAN_POINT('',(739.49453094906,316.956722883927,0.));
#9252=CARTESIAN_POINT('Origin',(815.865010134572,377.305499490981,0.));
#9253=CARTESIAN_POINT('',(815.865010134572,371.305499997276,1.5));
#9254=CARTESIAN_POINT('',(815.865010134572,370.542705187454,1.5));
#9255=CARTESIAN_POINT('',(815.865010134572,371.305499997276,0.));
#9256=CARTESIAN_POINT('',(815.865010134572,371.305499997276,0.));
#9257=CARTESIAN_POINT('',(815.865010134572,370.542705187454,0.));
#9258=CARTESIAN_POINT('Origin',(870.984884435176,156.107207034287,0.));
#9259=CARTESIAN_POINT('',(731.49453094906,318.956722883927,0.));
#9260=CARTESIAN_POINT('Origin',(733.49453094906,318.956722883927,0.));
#9261=CARTESIAN_POINT('',(731.49453094906,322.456722883927,0.));
#9262=CARTESIAN_POINT('',(731.49453094906,316.956722883927,0.));
#9263=CARTESIAN_POINT('',(722.799756958678,322.456722883927,0.));
#9264=CARTESIAN_POINT('',(798.189587395434,322.456722883927,0.));
#9265=CARTESIAN_POINT('',(690.774770720641,309.637380306847,0.));
#9266=CARTESIAN_POINT('',(741.750082016342,330.042384500002,0.));
#9267=CARTESIAN_POINT('',(677.004123843268,333.493029042303,0.));
#9268=CARTESIAN_POINT('',(739.641820020582,224.982303953596,0.));
#9269=CARTESIAN_POINT('',(674.18535320497,339.499098618464,0.));
#9270=CARTESIAN_POINT('',(727.189931116816,226.560082414646,0.));
#9271=CARTESIAN_POINT('',(674.216509096853,358.925347883927,0.));
#9272=CARTESIAN_POINT('',(674.054522635079,257.923925876658,0.));
#9273=CARTESIAN_POINT('',(696.963159355693,358.925347883927,0.));
#9274=CARTESIAN_POINT('',(783.724021895434,358.925347883927,0.));
#9275=CARTESIAN_POINT('',(696.963159355693,418.047645328896,0.));
#9276=CARTESIAN_POINT('',(696.963159355693,287.327426459107,0.));
#9277=CARTESIAN_POINT('',(723.298915906002,418.047616094594,0.));
#9278=CARTESIAN_POINT('',(821.559918002773,418.047507018866,0.));
#9279=CARTESIAN_POINT('',(723.298915906002,421.547608324168,0.));
#9280=CARTESIAN_POINT('',(723.298915906002,289.827407679228,0.));
#9281=CARTESIAN_POINT('',(725.298915906002,423.547608324168,0.));
#9282=CARTESIAN_POINT('Origin',(725.298915906002,421.547608324168,0.));
#9283=CARTESIAN_POINT('',(730.298915906002,423.547608324168,0.));
#9284=CARTESIAN_POINT('',(729.298915906002,423.547608324168,0.));
#9285=CARTESIAN_POINT('',(730.298915906002,423.547608324168,0.));
#9286=CARTESIAN_POINT('',(731.298915906002,421.547608324168,0.));
#9287=CARTESIAN_POINT('Origin',(729.298915906002,421.547608324168,0.));
#9288=CARTESIAN_POINT('',(731.298915906002,418.047607214104,0.));
#9289=CARTESIAN_POINT('',(731.298915906002,287.327403550087,0.));
#9290=CARTESIAN_POINT('',(772.094396920619,418.047561928622,0.));
#9291=CARTESIAN_POINT('',(821.559918002773,418.047507018866,0.));
#9292=CARTESIAN_POINT('',(810.352721704266,411.845586149884,0.));
#9293=CARTESIAN_POINT('',(860.300272029047,403.748694843915,0.));
#9294=CARTESIAN_POINT('',(810.365010102929,377.305499490981,0.));
#9295=CARTESIAN_POINT('',(810.412005665501,245.21092408685,0.));
#9296=CARTESIAN_POINT('',(813.865010134572,377.305499490981,0.));
#9297=CARTESIAN_POINT('',(777.232242694878,377.305499490981,0.));
#9298=CARTESIAN_POINT('',(815.865010134572,375.305499490981,0.));
#9299=CARTESIAN_POINT('Origin',(813.865010134572,375.305499490981,0.));
#9300=CARTESIAN_POINT('',(815.865010134572,370.542705187454,0.));
#9301=CARTESIAN_POINT('',(813.865010134573,369.305499997276,0.));
#9302=CARTESIAN_POINT('Origin',(813.865010134573,371.305499997276,0.));
#9303=CARTESIAN_POINT('',(810.367856279433,369.305499997276,0.));
#9304=CARTESIAN_POINT('',(780.320406961916,369.305499997276,0.));
#9305=CARTESIAN_POINT('',(810.380133179466,334.797733552721,0.));
#9306=CARTESIAN_POINT('',(810.412005665501,245.21092408685,0.));
#9307=CARTESIAN_POINT('',(790.227012794119,333.176346498278,0.));
#9308=CARTESIAN_POINT('',(823.396316083312,335.844929721603,0.));
#9309=CARTESIAN_POINT('',(781.416966764388,318.706642883927,0.));
#9310=CARTESIAN_POINT('',(757.19081529382,278.917380681153,0.));
#9311=CARTESIAN_POINT('',(761.661021756015,318.706642883927,0.));
#9312=CARTESIAN_POINT('',(817.188850395434,318.706642883927,0.));
#9313=CARTESIAN_POINT('',(748.161104472561,322.456722883927,0.));
#9314=CARTESIAN_POINT('',(824.856104338408,301.151971228196,0.));
#9315=CARTESIAN_POINT('',(739.49453094906,322.456722883927,0.));
#9316=CARTESIAN_POINT('',(798.189587395434,322.456722883927,0.));
#9317=CARTESIAN_POINT('',(739.49453094906,318.956722883927,0.));
#9318=CARTESIAN_POINT('',(739.49453094906,322.818213676319,0.));
#9319=CARTESIAN_POINT('',(737.49453094906,316.956722883927,0.));
#9320=CARTESIAN_POINT('Origin',(737.49453094906,318.956722883927,0.));
#9321=CARTESIAN_POINT('',(739.49453094906,316.956722883927,0.));
#9322=CARTESIAN_POINT('',(677.449524355693,345.313608883927,0.));
#9323=CARTESIAN_POINT('',(677.449524355693,357.299431883927,0.));
#9324=CARTESIAN_POINT('',(677.449524355693,345.313608883927,0.));
#9325=CARTESIAN_POINT('',(693.110301355693,345.313608883927,0.));
#9326=CARTESIAN_POINT('',(693.110301355693,345.313608883927,0.));
#9327=CARTESIAN_POINT('',(693.110301355693,357.299431883927,0.));
#9328=CARTESIAN_POINT('',(693.110301355693,357.299431883927,0.));
#9329=CARTESIAN_POINT('',(677.449524355693,357.299431883927,0.));
#9330=CARTESIAN_POINT('',(693.918988355693,335.157942883927,0.));
#9331=CARTESIAN_POINT('',(700.919228355693,323.031982883927,0.));
#9332=CARTESIAN_POINT('',(693.918988355693,335.157942883927,0.));
#9333=CARTESIAN_POINT('',(681.793028355693,328.157702883927,0.));
#9334=CARTESIAN_POINT('',(681.793028355693,328.157702883927,0.));
#9335=CARTESIAN_POINT('',(688.793268355693,316.034282883927,0.));
#9336=CARTESIAN_POINT('',(688.793268355693,316.034282883927,0.));
#9337=CARTESIAN_POINT('',(700.919228355693,323.031982883927,0.));
#9338=CARTESIAN_POINT('',(746.496989355693,324.914122883927,0.));
#9339=CARTESIAN_POINT('',(746.496989355693,338.914599883927,0.));
#9340=CARTESIAN_POINT('',(746.496989355693,324.914122883927,0.));
#9341=CARTESIAN_POINT('',(760.497469355693,324.914122883927,0.));
#9342=CARTESIAN_POINT('',(760.497469355693,324.914122883927,0.));
#9343=CARTESIAN_POINT('',(760.497469355693,338.914599883927,0.));
#9344=CARTESIAN_POINT('',(760.497469355693,338.914599883927,0.));
#9345=CARTESIAN_POINT('',(746.496989355693,338.914599883927,0.));
#9346=CARTESIAN_POINT('',(779.595729355693,334.764242883927,0.));
#9347=CARTESIAN_POINT('',(779.595729355693,320.766302883927,0.));
#9348=CARTESIAN_POINT('',(779.595729355693,334.764242883927,0.));
#9349=CARTESIAN_POINT('',(765.595249355693,334.764242883927,0.));
#9350=CARTESIAN_POINT('',(765.595249355693,334.764242883927,0.));
#9351=CARTESIAN_POINT('',(765.595249355693,320.766302883927,0.));
#9352=CARTESIAN_POINT('',(765.595249355693,320.766302883927,0.));
#9353=CARTESIAN_POINT('',(779.595729355693,320.766302883927,0.));
#9354=CARTESIAN_POINT('',(808.145329355693,351.665398883927,0.));
#9355=CARTESIAN_POINT('',(808.145329355693,337.664918883927,0.));
#9356=CARTESIAN_POINT('',(808.145329355693,351.665398883927,0.));
#9357=CARTESIAN_POINT('',(794.147389355693,351.665398883927,0.));
#9358=CARTESIAN_POINT('',(794.147389355693,351.665398883927,0.));
#9359=CARTESIAN_POINT('',(794.147389355693,337.664918883927,0.));
#9360=CARTESIAN_POINT('',(794.147389355693,337.664918883927,0.));
#9361=CARTESIAN_POINT('',(808.145329355693,337.664918883927,0.));
#9362=CARTESIAN_POINT('',(789.095329355693,353.166539883927,0.));
#9363=CARTESIAN_POINT('',(789.095329355693,339.166059883927,0.));
#9364=CARTESIAN_POINT('',(789.095329355693,353.166539883927,0.));
#9365=CARTESIAN_POINT('',(775.097389355693,353.166539883927,0.));
#9366=CARTESIAN_POINT('',(775.097389355693,353.166539883927,0.));
#9367=CARTESIAN_POINT('',(775.097389355693,339.166059883927,0.));
#9368=CARTESIAN_POINT('',(775.097389355693,339.166059883927,0.));
#9369=CARTESIAN_POINT('',(789.095329355693,339.166059883927,0.));
#9370=CARTESIAN_POINT('',(769.997069355693,357.865539883927,0.));
#9371=CARTESIAN_POINT('',(769.997069355693,343.865059883927,0.));
#9372=CARTESIAN_POINT('',(769.997069355693,357.865539883927,0.));
#9373=CARTESIAN_POINT('',(755.996589355693,357.865539883927,0.));
#9374=CARTESIAN_POINT('',(755.996589355693,357.865539883927,0.));
#9375=CARTESIAN_POINT('',(755.996589355693,343.865059883927,0.));
#9376=CARTESIAN_POINT('',(755.996589355693,343.865059883927,0.));
#9377=CARTESIAN_POINT('',(769.997069355693,343.865059883927,0.));
#9378=CARTESIAN_POINT('',(750.995329355693,345.264597883927,0.));
#9379=CARTESIAN_POINT('',(736.997389355693,345.264597883927,0.));
#9380=CARTESIAN_POINT('',(750.995329355693,345.264597883927,0.));
#9381=CARTESIAN_POINT('',(750.995329355693,359.265077883927,0.));
#9382=CARTESIAN_POINT('',(750.995329355693,359.265077883927,0.));
#9383=CARTESIAN_POINT('',(736.997389355693,359.265077883927,0.));
#9384=CARTESIAN_POINT('',(736.997389355693,359.265077883927,0.));
#9385=CARTESIAN_POINT('',(736.997389355693,345.264597883927,0.));
#9386=CARTESIAN_POINT('',(717.896589355693,343.865059883927,0.));
#9387=CARTESIAN_POINT('',(717.896589355693,357.865539883927,0.));
#9388=CARTESIAN_POINT('',(717.896589355693,343.865059883927,0.));
#9389=CARTESIAN_POINT('',(731.897069355693,343.865059883927,0.));
#9390=CARTESIAN_POINT('',(731.897069355693,343.865059883927,0.));
#9391=CARTESIAN_POINT('',(731.897069355693,357.865539883927,0.));
#9392=CARTESIAN_POINT('',(731.897069355693,357.865539883927,0.));
#9393=CARTESIAN_POINT('',(717.896589355693,357.865539883927,0.));
#9394=CARTESIAN_POINT('',(698.897389355693,355.564298883927,0.));
#9395=CARTESIAN_POINT('',(712.895329355693,355.564298883927,0.));
#9396=CARTESIAN_POINT('',(698.897389355693,355.564298883927,0.));
#9397=CARTESIAN_POINT('',(698.897389355693,341.566358883927,0.));
#9398=CARTESIAN_POINT('',(698.897389355693,341.566358883927,0.));
#9399=CARTESIAN_POINT('',(712.895329355693,341.566358883927,0.));
#9400=CARTESIAN_POINT('',(712.895329355693,341.566358883927,0.));
#9401=CARTESIAN_POINT('',(712.895329355693,355.564298883927,0.));
#9402=CARTESIAN_POINT('',(808.097069355693,370.664598883927,0.));
#9403=CARTESIAN_POINT('',(808.097069355693,356.664118883927,0.));
#9404=CARTESIAN_POINT('',(808.097069355693,370.664598883927,0.));
#9405=CARTESIAN_POINT('',(794.096589355693,370.664598883927,0.));
#9406=CARTESIAN_POINT('',(794.096589355693,370.664598883927,0.));
#9407=CARTESIAN_POINT('',(794.096589355693,356.664118883927,0.));
#9408=CARTESIAN_POINT('',(794.096589355693,356.664118883927,0.));
#9409=CARTESIAN_POINT('',(808.097069355693,356.664118883927,0.));
#9410=CARTESIAN_POINT('',(789.095329355693,372.165739883927,0.));
#9411=CARTESIAN_POINT('',(789.095329355693,358.165259883927,0.));
#9412=CARTESIAN_POINT('',(789.095329355693,372.165739883927,0.));
#9413=CARTESIAN_POINT('',(775.097389355693,372.165739883927,0.));
#9414=CARTESIAN_POINT('',(775.097389355693,372.165739883927,0.));
#9415=CARTESIAN_POINT('',(775.097389355693,358.165259883927,0.));
#9416=CARTESIAN_POINT('',(775.097389355693,358.165259883927,0.));
#9417=CARTESIAN_POINT('',(789.095329355693,358.165259883927,0.));
#9418=CARTESIAN_POINT('',(755.996589355693,362.965859883927,0.));
#9419=CARTESIAN_POINT('',(755.996589355693,376.966339883927,0.));
#9420=CARTESIAN_POINT('',(755.996589355693,362.965859883927,0.));
#9421=CARTESIAN_POINT('',(769.997069355693,362.965859883927,0.));
#9422=CARTESIAN_POINT('',(769.997069355693,362.965859883927,0.));
#9423=CARTESIAN_POINT('',(769.997069355693,376.966339883927,0.));
#9424=CARTESIAN_POINT('',(769.997069355693,376.966339883927,0.));
#9425=CARTESIAN_POINT('',(755.996589355693,376.966339883927,0.));
#9426=CARTESIAN_POINT('',(736.997389355693,364.266340883927,0.));
#9427=CARTESIAN_POINT('',(736.997389355693,378.264280883927,0.));
#9428=CARTESIAN_POINT('',(736.997389355693,364.266340883927,0.));
#9429=CARTESIAN_POINT('',(750.995329355693,364.266340883927,0.));
#9430=CARTESIAN_POINT('',(750.995329355693,364.266340883927,0.));
#9431=CARTESIAN_POINT('',(750.995329355693,378.264280883927,0.));
#9432=CARTESIAN_POINT('',(750.995329355693,378.264280883927,0.));
#9433=CARTESIAN_POINT('',(736.997389355693,378.264280883927,0.));
#9434=CARTESIAN_POINT('',(731.897069355693,362.965859883927,0.));
#9435=CARTESIAN_POINT('',(717.896589355693,362.965859883927,0.));
#9436=CARTESIAN_POINT('',(731.897069355693,362.965859883927,0.));
#9437=CARTESIAN_POINT('',(731.897069355693,376.966339883927,0.));
#9438=CARTESIAN_POINT('',(731.897069355693,376.966339883927,0.));
#9439=CARTESIAN_POINT('',(717.896589355693,376.966339883927,0.));
#9440=CARTESIAN_POINT('',(717.896589355693,376.966339883927,0.));
#9441=CARTESIAN_POINT('',(717.896589355693,362.965859883927,0.));
#9442=CARTESIAN_POINT('',(698.897389355693,360.565558883927,0.));
#9443=CARTESIAN_POINT('',(698.897389355693,374.566038883927,0.));
#9444=CARTESIAN_POINT('',(698.897389355693,360.565558883927,0.));
#9445=CARTESIAN_POINT('',(712.895329355693,360.565558883927,0.));
#9446=CARTESIAN_POINT('',(712.895329355693,360.565558883927,0.));
#9447=CARTESIAN_POINT('',(712.895329355693,374.566038883927,0.));
#9448=CARTESIAN_POINT('',(712.895329355693,374.566038883927,0.));
#9449=CARTESIAN_POINT('',(698.897389355693,374.566038883927,0.));
#9450=CARTESIAN_POINT('',(698.897389355693,379.564758883927,0.));
#9451=CARTESIAN_POINT('',(698.897389355693,393.565238883927,0.));
#9452=CARTESIAN_POINT('',(698.897389355693,379.564758883927,0.));
#9453=CARTESIAN_POINT('',(712.895329355693,379.564758883927,0.));
#9454=CARTESIAN_POINT('',(712.895329355693,379.564758883927,0.));
#9455=CARTESIAN_POINT('',(712.895329355693,393.565238883927,0.));
#9456=CARTESIAN_POINT('',(712.895329355693,393.565238883927,0.));
#9457=CARTESIAN_POINT('',(698.897389355693,393.565238883927,0.));
#9458=CARTESIAN_POINT('',(731.897069355693,381.965059883927,0.));
#9459=CARTESIAN_POINT('',(717.896589355693,381.965059883927,0.));
#9460=CARTESIAN_POINT('',(731.897069355693,381.965059883927,0.));
#9461=CARTESIAN_POINT('',(731.897069355693,395.965539883927,0.));
#9462=CARTESIAN_POINT('',(731.897069355693,395.965539883927,0.));
#9463=CARTESIAN_POINT('',(717.896589355693,395.965539883927,0.));
#9464=CARTESIAN_POINT('',(717.896589355693,395.965539883927,0.));
#9465=CARTESIAN_POINT('',(717.896589355693,381.965059883927,0.));
#9466=CARTESIAN_POINT('',(750.995329355693,383.364600883927,0.));
#9467=CARTESIAN_POINT('',(736.997389355693,383.364600883927,0.));
#9468=CARTESIAN_POINT('',(750.995329355693,383.364600883927,0.));
#9469=CARTESIAN_POINT('',(750.995329355693,397.365080883927,0.));
#9470=CARTESIAN_POINT('',(750.995329355693,397.365080883927,0.));
#9471=CARTESIAN_POINT('',(736.997389355693,397.365080883927,0.));
#9472=CARTESIAN_POINT('',(736.997389355693,397.365080883927,0.));
#9473=CARTESIAN_POINT('',(736.997389355693,383.364600883927,0.));
#9474=CARTESIAN_POINT('',(769.997069355693,382.064119883927,0.));
#9475=CARTESIAN_POINT('',(755.996589355693,382.064119883927,0.));
#9476=CARTESIAN_POINT('',(769.997069355693,382.064119883927,0.));
#9477=CARTESIAN_POINT('',(769.997069355693,396.064599883927,0.));
#9478=CARTESIAN_POINT('',(769.997069355693,396.064599883927,0.));
#9479=CARTESIAN_POINT('',(755.996589355693,396.064599883927,0.));
#9480=CARTESIAN_POINT('',(755.996589355693,396.064599883927,0.));
#9481=CARTESIAN_POINT('',(755.996589355693,382.064119883927,0.));
#9482=CARTESIAN_POINT('',(789.095329355693,391.365599883927,0.));
#9483=CARTESIAN_POINT('',(789.095329355693,377.365119883927,0.));
#9484=CARTESIAN_POINT('',(789.095329355693,391.365599883927,0.));
#9485=CARTESIAN_POINT('',(775.097389355693,391.365599883927,0.));
#9486=CARTESIAN_POINT('',(775.097389355693,391.365599883927,0.));
#9487=CARTESIAN_POINT('',(775.097389355693,377.365119883927,0.));
#9488=CARTESIAN_POINT('',(775.097389355693,377.365119883927,0.));
#9489=CARTESIAN_POINT('',(789.095329355693,377.365119883927,0.));
#9490=CARTESIAN_POINT('',(808.097069355693,389.864458883927,0.));
#9491=CARTESIAN_POINT('',(808.097069355693,375.866518883927,0.));
#9492=CARTESIAN_POINT('',(808.097069355693,389.864458883927,0.));
#9493=CARTESIAN_POINT('',(794.096589355693,389.864458883927,0.));
#9494=CARTESIAN_POINT('',(794.096589355693,389.864458883927,0.));
#9495=CARTESIAN_POINT('',(794.096589355693,375.866518883927,0.));
#9496=CARTESIAN_POINT('',(794.096589355693,375.866518883927,0.));
#9497=CARTESIAN_POINT('',(808.097069355693,375.866518883927,0.));
#9498=CARTESIAN_POINT('',(794.096589355693,408.764598883927,0.));
#9499=CARTESIAN_POINT('',(808.097069355693,408.764598883927,0.));
#9500=CARTESIAN_POINT('',(794.096589355693,408.764598883927,0.));
#9501=CARTESIAN_POINT('',(794.096589355693,394.764118883927,0.));
#9502=CARTESIAN_POINT('',(794.096589355693,394.764118883927,0.));
#9503=CARTESIAN_POINT('',(808.097069355693,394.764118883927,0.));
#9504=CARTESIAN_POINT('',(808.097069355693,394.764118883927,0.));
#9505=CARTESIAN_POINT('',(808.097069355693,408.764598883927,0.));
#9506=CARTESIAN_POINT('',(775.097389355693,396.265259883927,0.));
#9507=CARTESIAN_POINT('',(775.097389355693,410.265739883927,0.));
#9508=CARTESIAN_POINT('',(775.097389355693,396.265259883927,0.));
#9509=CARTESIAN_POINT('',(789.095329355693,396.265259883927,0.));
#9510=CARTESIAN_POINT('',(789.095329355693,396.265259883927,0.));
#9511=CARTESIAN_POINT('',(789.095329355693,410.265739883927,0.));
#9512=CARTESIAN_POINT('',(789.095329355693,410.265739883927,0.));
#9513=CARTESIAN_POINT('',(775.097389355693,410.265739883927,0.));
#9514=CARTESIAN_POINT('',(769.997069355693,415.066339883927,0.));
#9515=CARTESIAN_POINT('',(769.997069355693,401.065859883927,0.));
#9516=CARTESIAN_POINT('',(769.997069355693,415.066339883927,0.));
#9517=CARTESIAN_POINT('',(755.996589355693,415.066339883927,0.));
#9518=CARTESIAN_POINT('',(755.996589355693,415.066339883927,0.));
#9519=CARTESIAN_POINT('',(755.996589355693,401.065859883927,0.));
#9520=CARTESIAN_POINT('',(755.996589355693,401.065859883927,0.));
#9521=CARTESIAN_POINT('',(769.997069355693,401.065859883927,0.));
#9522=CARTESIAN_POINT('',(750.995329355693,416.455720883927,0.));
#9523=CARTESIAN_POINT('',(750.995329355693,402.455240883927,0.));
#9524=CARTESIAN_POINT('',(750.995329355693,416.455720883927,0.));
#9525=CARTESIAN_POINT('',(736.997389355693,416.455720883927,0.));
#9526=CARTESIAN_POINT('',(736.997389355693,416.455720883927,0.));
#9527=CARTESIAN_POINT('',(736.997389355693,402.455240883927,0.));
#9528=CARTESIAN_POINT('',(736.997389355693,402.455240883927,0.));
#9529=CARTESIAN_POINT('',(750.995329355693,402.455240883927,0.));
#9530=CARTESIAN_POINT('',(717.896599355693,401.065825883927,0.));
#9531=CARTESIAN_POINT('',(717.896599355693,415.066305883927,0.));
#9532=CARTESIAN_POINT('',(717.896599355693,401.065825883927,0.));
#9533=CARTESIAN_POINT('',(731.897079355693,401.065825883927,0.));
#9534=CARTESIAN_POINT('',(731.897079355693,401.065825883927,0.));
#9535=CARTESIAN_POINT('',(731.897079355693,415.066305883927,0.));
#9536=CARTESIAN_POINT('',(731.897079355693,415.066305883927,0.));
#9537=CARTESIAN_POINT('',(717.896599355693,415.066305883927,0.));
#9538=CARTESIAN_POINT('',(712.895339355693,398.665525883927,0.));
#9539=CARTESIAN_POINT('',(698.897399355693,398.665525883927,0.));
#9540=CARTESIAN_POINT('',(712.895339355693,398.665525883927,0.));
#9541=CARTESIAN_POINT('',(712.895339355693,412.666005883927,0.));
#9542=CARTESIAN_POINT('',(712.895339355693,412.666005883927,0.));
#9543=CARTESIAN_POINT('',(698.897399355693,412.666005883927,0.));
#9544=CARTESIAN_POINT('',(698.897399355693,412.666005883927,0.));
#9545=CARTESIAN_POINT('',(698.897399355693,398.665525883927,0.));
#9546=CARTESIAN_POINT('',(741.396669355693,338.914599883927,0.));
#9547=CARTESIAN_POINT('',(741.396669355693,324.914122883927,0.));
#9548=CARTESIAN_POINT('',(741.396669355693,338.914599883927,0.));
#9549=CARTESIAN_POINT('',(727.396189355693,338.914599883927,0.));
#9550=CARTESIAN_POINT('',(727.396189355693,338.914599883927,0.));
#9551=CARTESIAN_POINT('',(727.396189355693,324.914122883927,0.));
#9552=CARTESIAN_POINT('',(727.396189355693,324.914122883927,0.));
#9553=CARTESIAN_POINT('',(741.396669355693,324.914122883927,0.));
#9554=CARTESIAN_POINT('',(718.226787355693,337.819860883927,0.));
#9555=CARTESIAN_POINT('',(721.848827355693,324.296902883927,0.));
#9556=CARTESIAN_POINT('',(718.226787355693,337.819860883927,0.));
#9557=CARTESIAN_POINT('',(704.703827355693,334.195282883927,0.));
#9558=CARTESIAN_POINT('',(704.703827355693,334.195282883927,0.));
#9559=CARTESIAN_POINT('',(708.325867355693,320.672322883927,0.));
#9560=CARTESIAN_POINT('',(708.325867355693,320.672322883927,0.));
#9561=CARTESIAN_POINT('',(721.848827355693,324.296902883927,0.));
#9562=CARTESIAN_POINT('Origin',(738.298915906002,423.547608324168,0.));
#9563=CARTESIAN_POINT('',(729.298915906002,423.547608324168,1.5));
#9564=CARTESIAN_POINT('',(730.298915906002,423.547608324168,1.5));
#9565=CARTESIAN_POINT('',(729.298915906002,423.547608324168,0.));
#9566=CARTESIAN_POINT('Origin',(725.298915906002,421.547608324168,0.));
#9567=CARTESIAN_POINT('',(723.298915906002,421.547608324168,1.5));
#9568=CARTESIAN_POINT('',(725.298915906002,423.547608324168,1.5));
#9569=CARTESIAN_POINT('Origin',(725.298915906002,421.547608324168,1.5));
#9570=CARTESIAN_POINT('',(725.298915906002,423.547608324168,0.));
#9571=CARTESIAN_POINT('',(723.298915906002,421.547608324168,0.));
#9572=CARTESIAN_POINT('Origin',(738.298915906002,423.547608324168,0.));
#9573=CARTESIAN_POINT('',(730.298915906002,423.547608324168,1.5));
#9574=CARTESIAN_POINT('Origin',(729.298915906002,421.547608324168,0.));
#9575=CARTESIAN_POINT('',(731.298915906002,421.547608324168,1.5));
#9576=CARTESIAN_POINT('Origin',(729.298915906002,421.547608324168,1.5));
#9577=CARTESIAN_POINT('',(731.298915906002,421.547608324168,0.));
#9578=CARTESIAN_POINT('Origin',(733.49453094906,318.956722883927,0.));
#9579=CARTESIAN_POINT('',(731.49453094906,318.956722883927,1.5));
#9580=CARTESIAN_POINT('Origin',(733.49453094906,318.956722883927,1.5));
#9581=CARTESIAN_POINT('',(731.49453094906,318.956722883927,0.));
#9582=CARTESIAN_POINT('Origin',(731.49453094906,316.956722883927,0.));
#9583=CARTESIAN_POINT('',(737.49453094906,316.956722883927,1.5));
#9584=CARTESIAN_POINT('',(737.49453094906,316.956722883927,0.));
#9585=CARTESIAN_POINT('',(739.49453094906,316.956722883927,1.5));
#9586=CARTESIAN_POINT('Origin',(737.49453094906,318.956722883927,0.));
#9587=CARTESIAN_POINT('',(739.49453094906,318.956722883927,1.5));
#9588=CARTESIAN_POINT('Origin',(737.49453094906,318.956722883927,1.5));
#9589=CARTESIAN_POINT('',(739.49453094906,318.956722883927,0.));
#9590=CARTESIAN_POINT('Origin',(739.49453094906,316.956722883927,0.));
#9591=CARTESIAN_POINT('',(739.49453094906,322.456722883927,1.5));
#9592=CARTESIAN_POINT('',(739.49453094906,322.456722883927,0.));
#9593=CARTESIAN_POINT('',(739.49453094906,322.818213676319,1.5));
#9594=CARTESIAN_POINT('Origin',(813.865010134573,371.305499997276,0.));
#9595=CARTESIAN_POINT('',(813.865010134573,369.305499997276,1.5));
#9596=CARTESIAN_POINT('Origin',(813.865010134573,371.305499997276,1.5));
#9597=CARTESIAN_POINT('',(813.865010134573,369.305499997276,0.));
#9598=CARTESIAN_POINT('Origin',(815.865010134572,377.305499490981,0.));
#9599=CARTESIAN_POINT('',(815.865010134572,375.305499490981,1.5));
#9600=CARTESIAN_POINT('',(815.865010134572,375.305499490981,0.));
#9601=CARTESIAN_POINT('',(815.865010134572,370.542705187454,1.5));
#9602=CARTESIAN_POINT('Origin',(813.865010134572,375.305499490981,0.));
#9603=CARTESIAN_POINT('',(813.865010134572,377.305499490981,1.5));
#9604=CARTESIAN_POINT('',(813.865010134572,377.305499490981,0.));
#9605=CARTESIAN_POINT('Origin',(813.865010134572,375.305499490981,1.5));
#9606=CARTESIAN_POINT('Origin',(731.49453094906,321.956722883927,0.));
#9607=CARTESIAN_POINT('',(731.49453094906,322.456722883927,1.5));
#9608=CARTESIAN_POINT('',(731.49453094906,316.956722883927,1.5));
#9609=CARTESIAN_POINT('',(731.49453094906,322.456722883927,0.));
#9610=CARTESIAN_POINT('Origin',(725.394290355693,322.456722883927,0.));
#9611=CARTESIAN_POINT('',(722.799756958678,322.456722883927,1.5));
#9612=CARTESIAN_POINT('',(735.085047072476,322.456722883927,1.5));
#9613=CARTESIAN_POINT('',(722.799756958678,322.456722883927,0.));
#9614=CARTESIAN_POINT('Origin',(725.394290355693,322.456722883927,0.));
#9615=CARTESIAN_POINT('',(748.161104472561,322.456722883927,1.5));
#9616=CARTESIAN_POINT('',(748.161104472561,322.456722883927,0.));
#9617=CARTESIAN_POINT('',(735.085047072476,322.456722883927,1.5));
#9618=CARTESIAN_POINT('Origin',(723.298915906002,423.547608324168,0.));
#9619=CARTESIAN_POINT('',(723.298915906002,418.047616094594,1.5));
#9620=CARTESIAN_POINT('',(723.298915906002,418.047616094594,0.));
#9621=CARTESIAN_POINT('',(723.298915906002,393.663759604048,1.5));
#9622=CARTESIAN_POINT('Origin',(731.298915906002,418.547600065887,0.));
#9623=CARTESIAN_POINT('',(731.298915906002,418.047607214104,1.5));
#9624=CARTESIAN_POINT('',(731.298915906002,391.163755474907,1.5));
#9625=CARTESIAN_POINT('',(731.298915906002,418.047607214104,0.));
#9626=CARTESIAN_POINT('Origin',(772.134660800663,418.047561883927,0.));
#9627=CARTESIAN_POINT('',(772.094396920619,418.047561928622,1.5));
#9628=CARTESIAN_POINT('',(758.455262415185,418.047577068897,1.5));
#9629=CARTESIAN_POINT('',(772.094396920619,418.047561928622,0.));
#9630=CARTESIAN_POINT('Origin',(772.134660800663,418.047561883927,0.));
#9631=CARTESIAN_POINT('',(696.963159355693,418.047645328896,1.5));
#9632=CARTESIAN_POINT('',(696.963159355693,418.047645328896,0.));
#9633=CARTESIAN_POINT('',(758.455262415185,418.047577068897,1.5));
#9634=CARTESIAN_POINT('Origin',(810.380297387337,334.336179997895,0.));
#9635=CARTESIAN_POINT('',(810.367856279433,369.305499997276,1.5));
#9636=CARTESIAN_POINT('',(810.367856279433,369.305499997276,0.));
#9637=CARTESIAN_POINT('',(810.380133179466,334.797733552721,1.5));
#9638=CARTESIAN_POINT('',(810.375055607325,349.069713699784,1.5));
#9639=CARTESIAN_POINT('',(810.380133179466,334.797733552721,0.));
#9640=CARTESIAN_POINT('Origin',(810.380297387337,334.336179997895,0.));
#9641=CARTESIAN_POINT('',(810.365010102929,377.305499490981,1.5));
#9642=CARTESIAN_POINT('',(810.365010102929,377.305499490981,0.));
#9643=CARTESIAN_POINT('',(810.352721704266,411.845586149884,1.5));
#9644=CARTESIAN_POINT('',(810.352721704266,411.845586149884,0.));
#9645=CARTESIAN_POINT('',(810.375055607325,349.069713699784,1.5));
#9646=CARTESIAN_POINT('Origin',(809.688681600498,377.305499490981,0.));
#9647=CARTESIAN_POINT('',(777.232242694878,377.305499490981,1.5));
#9648=CARTESIAN_POINT('Origin',(815.865010134572,369.305499997276,0.));
#9649=CARTESIAN_POINT('',(780.320406961916,369.305499997276,1.5));
#9650=CARTESIAN_POINT('Origin',(744.775803789259,363.779910883927,1.5));
#9651=CARTESIAN_POINT('',(761.661021756015,318.706642883927,1.5));
#9652=CARTESIAN_POINT('',(739.494264341466,324.8642445862,1.5));
#9653=CARTESIAN_POINT('',(781.416966764388,318.706642883927,1.5));
#9654=CARTESIAN_POINT('',(754.084310072476,318.706642883927,1.5));
#9655=CARTESIAN_POINT('',(790.227012794119,333.176346498278,1.5));
#9656=CARTESIAN_POINT('',(786.247477988919,326.640320584234,1.5));
#9657=CARTESIAN_POINT('',(768.997870823031,331.468389848851,1.5));
#9658=CARTESIAN_POINT('',(782.40991896808,416.37533455732,1.5));
#9659=CARTESIAN_POINT('',(696.963159355693,358.925347883927,1.5));
#9660=CARTESIAN_POINT('',(696.963159355693,391.163778383927,1.5));
#9661=CARTESIAN_POINT('',(674.216509096853,358.925347883927,1.5));
#9662=CARTESIAN_POINT('',(720.619481572476,358.925347883927,1.5));
#9663=CARTESIAN_POINT('',(674.18535320497,339.499098618464,1.5));
#9664=CARTESIAN_POINT('',(674.220893023568,361.658803676108,1.5));
#9665=CARTESIAN_POINT('',(677.004123843268,333.493029042303,1.5));
#9666=CARTESIAN_POINT('',(675.863216233491,335.924007423869,1.5));
#9667=CARTESIAN_POINT('',(690.774770720641,309.637380306847,1.5));
#9668=CARTESIAN_POINT('',(678.911328770633,330.189073083016,1.5));
#9669=CARTESIAN_POINT('',(723.185122625127,322.610981638605,1.5));
#9670=CARTESIAN_POINT('',(677.449524355693,345.313608883927,1.5));
#9671=CARTESIAN_POINT('',(677.449524355693,357.299431883927,1.5));
#9672=CARTESIAN_POINT('',(677.449524355693,250.710407959107,1.5));
#9673=CARTESIAN_POINT('',(693.110301355693,357.299431883927,1.5));
#9674=CARTESIAN_POINT('',(774.217204395434,357.299431883927,1.5));
#9675=CARTESIAN_POINT('',(693.110301355693,345.313608883927,1.5));
#9676=CARTESIAN_POINT('',(693.110301355693,256.703319459107,1.5));
#9677=CARTESIAN_POINT('',(782.047592895434,345.313608883927,1.5));
#9678=CARTESIAN_POINT('',(693.918988355693,335.157942883927,1.5));
#9679=CARTESIAN_POINT('',(700.919228355693,323.031982883927,1.5));
#9680=CARTESIAN_POINT('',(754.812692183611,229.676614119604,1.5));
#9681=CARTESIAN_POINT('',(688.793268355693,316.034282883927,1.5));
#9682=CARTESIAN_POINT('',(728.576601249386,338.99261596355,1.5));
#9683=CARTESIAN_POINT('',(681.793028355693,328.157702883927,1.5));
#9684=CARTESIAN_POINT('',(746.198185293215,216.617131743579,1.5));
#9685=CARTESIAN_POINT('',(715.495252567517,347.61378372343,1.5));
#9686=CARTESIAN_POINT('',(746.496989355693,324.914122883927,1.5));
#9687=CARTESIAN_POINT('',(746.496989355693,338.914599883927,1.5));
#9688=CARTESIAN_POINT('',(746.496989355693,240.510664959107,1.5));
#9689=CARTESIAN_POINT('',(760.497469355693,338.914599883927,1.5));
#9690=CARTESIAN_POINT('',(808.740936895434,338.914599883927,1.5));
#9691=CARTESIAN_POINT('',(760.497469355693,324.914122883927,1.5));
#9692=CARTESIAN_POINT('',(760.497469355693,247.510903459107,1.5));
#9693=CARTESIAN_POINT('',(815.741176895434,324.914122883927,1.5));
#9694=CARTESIAN_POINT('',(779.595729355693,334.764242883927,1.5));
#9695=CARTESIAN_POINT('',(779.595729355693,320.766302883927,1.5));
#9696=CARTESIAN_POINT('',(779.595729355693,245.435724959107,1.5));
#9697=CARTESIAN_POINT('',(765.595249355693,320.766302883927,1.5));
#9698=CARTESIAN_POINT('',(825.290306895434,320.766302883927,1.5));
#9699=CARTESIAN_POINT('',(765.595249355693,334.764242883927,1.5));
#9700=CARTESIAN_POINT('',(765.595249355693,238.436754959107,1.5));
#9701=CARTESIAN_POINT('',(818.290066895434,334.764242883927,1.5));
#9702=CARTESIAN_POINT('',(808.145329355693,351.665398883927,1.5));
#9703=CARTESIAN_POINT('',(808.145329355693,337.664918883927,1.5));
#9704=CARTESIAN_POINT('',(808.145329355693,253.886302959107,1.5));
#9705=CARTESIAN_POINT('',(794.147389355693,337.664918883927,1.5));
#9706=CARTESIAN_POINT('',(839.565106895434,337.664918883927,1.5));
#9707=CARTESIAN_POINT('',(794.147389355693,351.665398883927,1.5));
#9708=CARTESIAN_POINT('',(794.147389355693,246.886062959107,1.5));
#9709=CARTESIAN_POINT('',(832.566136895434,351.665398883927,1.5));
#9710=CARTESIAN_POINT('',(789.095329355693,353.166539883927,1.5));
#9711=CARTESIAN_POINT('',(789.095329355693,339.166059883927,1.5));
#9712=CARTESIAN_POINT('',(789.095329355693,254.636873459107,1.5));
#9713=CARTESIAN_POINT('',(775.097389355693,339.166059883927,1.5));
#9714=CARTESIAN_POINT('',(830.040106895434,339.166059883927,1.5));
#9715=CARTESIAN_POINT('',(775.097389355693,353.166539883927,1.5));
#9716=CARTESIAN_POINT('',(775.097389355693,247.636633459107,1.5));
#9717=CARTESIAN_POINT('',(823.041136895434,353.166539883927,1.5));
#9718=CARTESIAN_POINT('',(769.997069355693,357.865539883927,1.5));
#9719=CARTESIAN_POINT('',(769.997069355693,343.865059883927,1.5));
#9720=CARTESIAN_POINT('',(769.997069355693,256.986373459107,1.5));
#9721=CARTESIAN_POINT('',(755.996589355693,343.865059883927,1.5));
#9722=CARTESIAN_POINT('',(820.490976895435,343.865059883927,1.5));
#9723=CARTESIAN_POINT('',(755.996589355693,357.865539883927,1.5));
#9724=CARTESIAN_POINT('',(755.996589355693,249.986133459107,1.5));
#9725=CARTESIAN_POINT('',(813.490736895434,357.865539883927,1.5));
#9726=CARTESIAN_POINT('',(750.995329355693,345.264597883927,1.5));
#9727=CARTESIAN_POINT('',(736.997389355693,345.264597883927,1.5));
#9728=CARTESIAN_POINT('',(810.990106895434,345.264597883927,1.5));
#9729=CARTESIAN_POINT('',(736.997389355693,359.265077883927,1.5));
#9730=CARTESIAN_POINT('',(736.997389355693,250.685902459107,1.5));
#9731=CARTESIAN_POINT('',(750.995329355693,359.265077883927,1.5));
#9732=CARTESIAN_POINT('',(803.991136895434,359.265077883927,1.5));
#9733=CARTESIAN_POINT('',(750.995329355693,257.686142459107,1.5));
#9734=CARTESIAN_POINT('',(717.896589355693,343.865059883927,1.5));
#9735=CARTESIAN_POINT('',(717.896589355693,357.865539883927,1.5));
#9736=CARTESIAN_POINT('',(717.896589355693,249.986133459107,1.5));
#9737=CARTESIAN_POINT('',(731.897069355693,357.865539883927,1.5));
#9738=CARTESIAN_POINT('',(794.440736895434,357.865539883927,1.5));
#9739=CARTESIAN_POINT('',(731.897069355693,343.865059883927,1.5));
#9740=CARTESIAN_POINT('',(731.897069355693,256.986373459107,1.5));
#9741=CARTESIAN_POINT('',(801.440976895434,343.865059883927,1.5));
#9742=CARTESIAN_POINT('',(698.897389355693,355.564298883927,1.5));
#9743=CARTESIAN_POINT('',(712.895329355693,355.564298883927,1.5));
#9744=CARTESIAN_POINT('',(784.941136895434,355.564298883927,1.5));
#9745=CARTESIAN_POINT('',(712.895329355693,341.566358883927,1.5));
#9746=CARTESIAN_POINT('',(712.895329355693,255.835752959107,1.5));
#9747=CARTESIAN_POINT('',(698.897389355693,341.566358883927,1.5));
#9748=CARTESIAN_POINT('',(791.940106895434,341.566358883927,1.5));
#9749=CARTESIAN_POINT('',(698.897389355693,248.836782959107,1.5));
#9750=CARTESIAN_POINT('',(808.097069355693,370.664598883927,1.5));
#9751=CARTESIAN_POINT('',(808.097069355693,356.664118883927,1.5));
#9752=CARTESIAN_POINT('',(808.097069355693,263.385902959107,1.5));
#9753=CARTESIAN_POINT('',(794.096589355693,356.664118883927,1.5));
#9754=CARTESIAN_POINT('',(839.540976895434,356.664118883927,1.5));
#9755=CARTESIAN_POINT('',(794.096589355693,370.664598883927,1.5));
#9756=CARTESIAN_POINT('',(794.096589355693,256.385662959107,1.5));
#9757=CARTESIAN_POINT('',(832.540736895435,370.664598883927,1.5));
#9758=CARTESIAN_POINT('',(789.095329355693,372.165739883927,1.5));
#9759=CARTESIAN_POINT('',(789.095329355693,358.165259883927,1.5));
#9760=CARTESIAN_POINT('',(789.095329355693,264.136473459107,1.5));
#9761=CARTESIAN_POINT('',(775.097389355693,358.165259883927,1.5));
#9762=CARTESIAN_POINT('',(830.040106895434,358.165259883927,1.5));
#9763=CARTESIAN_POINT('',(775.097389355693,372.165739883927,1.5));
#9764=CARTESIAN_POINT('',(775.097389355693,257.136233459107,1.5));
#9765=CARTESIAN_POINT('',(823.041136895434,372.165739883927,1.5));
#9766=CARTESIAN_POINT('',(755.996589355693,362.965859883927,1.5));
#9767=CARTESIAN_POINT('',(755.996589355693,376.966339883927,1.5));
#9768=CARTESIAN_POINT('',(755.996589355693,259.536533459107,1.5));
#9769=CARTESIAN_POINT('',(769.997069355693,376.966339883927,1.5));
#9770=CARTESIAN_POINT('',(813.490736895434,376.966339883927,1.5));
#9771=CARTESIAN_POINT('',(769.997069355693,362.965859883927,1.5));
#9772=CARTESIAN_POINT('',(769.997069355693,266.536773459107,1.5));
#9773=CARTESIAN_POINT('',(820.490976895435,362.965859883927,1.5));
#9774=CARTESIAN_POINT('',(736.997389355693,364.266340883927,1.5));
#9775=CARTESIAN_POINT('',(736.997389355693,378.264280883927,1.5));
#9776=CARTESIAN_POINT('',(736.997389355693,260.186773959107,1.5));
#9777=CARTESIAN_POINT('',(750.995329355693,378.264280883927,1.5));
#9778=CARTESIAN_POINT('',(803.991136895434,378.264280883927,1.5));
#9779=CARTESIAN_POINT('',(750.995329355693,364.266340883927,1.5));
#9780=CARTESIAN_POINT('',(750.995329355693,267.185743959107,1.5));
#9781=CARTESIAN_POINT('',(810.990106895434,364.266340883927,1.5));
#9782=CARTESIAN_POINT('',(731.897069355693,362.965859883927,1.5));
#9783=CARTESIAN_POINT('',(717.896589355693,362.965859883927,1.5));
#9784=CARTESIAN_POINT('',(801.440976895434,362.965859883927,1.5));
#9785=CARTESIAN_POINT('',(717.896589355693,376.966339883927,1.5));
#9786=CARTESIAN_POINT('',(717.896589355693,259.536533459107,1.5));
#9787=CARTESIAN_POINT('',(731.897069355693,376.966339883927,1.5));
#9788=CARTESIAN_POINT('',(794.440736895434,376.966339883927,1.5));
#9789=CARTESIAN_POINT('',(731.897069355693,266.536773459107,1.5));
#9790=CARTESIAN_POINT('',(698.897389355693,360.565558883927,1.5));
#9791=CARTESIAN_POINT('',(698.897389355693,374.566038883927,1.5));
#9792=CARTESIAN_POINT('',(698.897389355693,258.336382959107,1.5));
#9793=CARTESIAN_POINT('',(712.895329355693,374.566038883927,1.5));
#9794=CARTESIAN_POINT('',(784.941136895434,374.566038883927,1.5));
#9795=CARTESIAN_POINT('',(712.895329355693,360.565558883927,1.5));
#9796=CARTESIAN_POINT('',(712.895329355693,265.336622959107,1.5));
#9797=CARTESIAN_POINT('',(791.940106895434,360.565558883927,1.5));
#9798=CARTESIAN_POINT('',(698.897389355693,379.564758883927,1.5));
#9799=CARTESIAN_POINT('',(698.897389355693,393.565238883927,1.5));
#9800=CARTESIAN_POINT('',(698.897389355693,267.835982959107,1.5));
#9801=CARTESIAN_POINT('',(712.895329355693,393.565238883927,1.5));
#9802=CARTESIAN_POINT('',(784.941136895434,393.565238883927,1.5));
#9803=CARTESIAN_POINT('',(712.895329355693,379.564758883927,1.5));
#9804=CARTESIAN_POINT('',(712.895329355693,274.836222959107,1.5));
#9805=CARTESIAN_POINT('',(791.940106895434,379.564758883927,1.5));
#9806=CARTESIAN_POINT('',(731.897069355693,381.965059883927,1.5));
#9807=CARTESIAN_POINT('',(717.896589355693,381.965059883927,1.5));
#9808=CARTESIAN_POINT('',(801.440976895434,381.965059883927,1.5));
#9809=CARTESIAN_POINT('',(717.896589355693,395.965539883927,1.5));
#9810=CARTESIAN_POINT('',(717.896589355693,269.036133459107,1.5));
#9811=CARTESIAN_POINT('',(731.897069355693,395.965539883927,1.5));
#9812=CARTESIAN_POINT('',(794.440736895434,395.965539883927,1.5));
#9813=CARTESIAN_POINT('',(731.897069355693,276.036373459107,1.5));
#9814=CARTESIAN_POINT('',(750.995329355693,383.364600883927,1.5));
#9815=CARTESIAN_POINT('',(736.997389355693,383.364600883927,1.5));
#9816=CARTESIAN_POINT('',(810.990106895434,383.364600883927,1.5));
#9817=CARTESIAN_POINT('',(736.997389355693,397.365080883927,1.5));
#9818=CARTESIAN_POINT('',(736.997389355693,269.735903959107,1.5));
#9819=CARTESIAN_POINT('',(750.995329355693,397.365080883927,1.5));
#9820=CARTESIAN_POINT('',(803.991136895434,397.365080883927,1.5));
#9821=CARTESIAN_POINT('',(750.995329355693,276.736143959107,1.5));
#9822=CARTESIAN_POINT('',(769.997069355693,382.064119883927,1.5));
#9823=CARTESIAN_POINT('',(755.996589355693,382.064119883927,1.5));
#9824=CARTESIAN_POINT('',(820.490976895435,382.064119883927,1.5));
#9825=CARTESIAN_POINT('',(755.996589355693,396.064599883927,1.5));
#9826=CARTESIAN_POINT('',(755.996589355693,269.085663459107,1.5));
#9827=CARTESIAN_POINT('',(769.997069355693,396.064599883927,1.5));
#9828=CARTESIAN_POINT('',(813.490736895434,396.064599883927,1.5));
#9829=CARTESIAN_POINT('',(769.997069355693,276.085903459107,1.5));
#9830=CARTESIAN_POINT('',(789.095329355693,391.365599883927,1.5));
#9831=CARTESIAN_POINT('',(789.095329355693,377.365119883927,1.5));
#9832=CARTESIAN_POINT('',(789.095329355693,273.736403459107,1.5));
#9833=CARTESIAN_POINT('',(775.097389355693,377.365119883927,1.5));
#9834=CARTESIAN_POINT('',(830.040106895434,377.365119883927,1.5));
#9835=CARTESIAN_POINT('',(775.097389355693,391.365599883927,1.5));
#9836=CARTESIAN_POINT('',(775.097389355693,266.736163459107,1.5));
#9837=CARTESIAN_POINT('',(823.041136895434,391.365599883927,1.5));
#9838=CARTESIAN_POINT('',(808.097069355693,389.864458883927,1.5));
#9839=CARTESIAN_POINT('',(808.097069355693,375.866518883927,1.5));
#9840=CARTESIAN_POINT('',(808.097069355693,272.985832959107,1.5));
#9841=CARTESIAN_POINT('',(794.096589355693,375.866518883927,1.5));
#9842=CARTESIAN_POINT('',(839.540976895434,375.866518883927,1.5));
#9843=CARTESIAN_POINT('',(794.096589355693,389.864458883927,1.5));
#9844=CARTESIAN_POINT('',(794.096589355693,265.986862959107,1.5));
#9845=CARTESIAN_POINT('',(832.540736895435,389.864458883927,1.5));
#9846=CARTESIAN_POINT('',(794.096589355693,408.764598883927,1.5));
#9847=CARTESIAN_POINT('',(808.097069355693,408.764598883927,1.5));
#9848=CARTESIAN_POINT('',(832.540736895435,408.764598883927,1.5));
#9849=CARTESIAN_POINT('',(808.097069355693,394.764118883927,1.5));
#9850=CARTESIAN_POINT('',(808.097069355693,282.435902959107,1.5));
#9851=CARTESIAN_POINT('',(794.096589355693,394.764118883927,1.5));
#9852=CARTESIAN_POINT('',(839.540976895434,394.764118883927,1.5));
#9853=CARTESIAN_POINT('',(794.096589355693,275.435662959107,1.5));
#9854=CARTESIAN_POINT('',(775.097389355693,396.265259883927,1.5));
#9855=CARTESIAN_POINT('',(775.097389355693,410.265739883927,1.5));
#9856=CARTESIAN_POINT('',(775.097389355693,276.186233459107,1.5));
#9857=CARTESIAN_POINT('',(789.095329355693,410.265739883927,1.5));
#9858=CARTESIAN_POINT('',(823.041136895434,410.265739883927,1.5));
#9859=CARTESIAN_POINT('',(789.095329355693,396.265259883927,1.5));
#9860=CARTESIAN_POINT('',(789.095329355693,283.186473459107,1.5));
#9861=CARTESIAN_POINT('',(830.040106895434,396.265259883927,1.5));
#9862=CARTESIAN_POINT('',(769.997069355693,415.066339883927,1.5));
#9863=CARTESIAN_POINT('',(769.997069355693,401.065859883927,1.5));
#9864=CARTESIAN_POINT('',(769.997069355693,285.586773459107,1.5));
#9865=CARTESIAN_POINT('',(755.996589355693,401.065859883927,1.5));
#9866=CARTESIAN_POINT('',(820.490976895435,401.065859883927,1.5));
#9867=CARTESIAN_POINT('',(755.996589355693,415.066339883927,1.5));
#9868=CARTESIAN_POINT('',(755.996589355693,278.586533459107,1.5));
#9869=CARTESIAN_POINT('',(813.490736895434,415.066339883927,1.5));
#9870=CARTESIAN_POINT('',(750.995329355693,416.455720883927,1.5));
#9871=CARTESIAN_POINT('',(750.995329355693,402.455240883927,1.5));
#9872=CARTESIAN_POINT('',(750.995329355693,286.281463959107,1.5));
#9873=CARTESIAN_POINT('',(736.997389355693,402.455240883927,1.5));
#9874=CARTESIAN_POINT('',(810.990106895434,402.455240883927,1.5));
#9875=CARTESIAN_POINT('',(736.997389355693,416.455720883927,1.5));
#9876=CARTESIAN_POINT('',(736.997389355693,279.281223959107,1.5));
#9877=CARTESIAN_POINT('',(803.991136895434,416.455720883927,1.5));
#9878=CARTESIAN_POINT('',(717.896599355693,401.065825883927,1.5));
#9879=CARTESIAN_POINT('',(717.896599355693,415.066305883927,1.5));
#9880=CARTESIAN_POINT('',(717.896599355693,278.586516459107,1.5));
#9881=CARTESIAN_POINT('',(731.897079355693,415.066305883927,1.5));
#9882=CARTESIAN_POINT('',(794.440741895434,415.066305883927,1.5));
#9883=CARTESIAN_POINT('',(731.897079355693,401.065825883927,1.5));
#9884=CARTESIAN_POINT('',(731.897079355693,285.586756459107,1.5));
#9885=CARTESIAN_POINT('',(801.440981895434,401.065825883927,1.5));
#9886=CARTESIAN_POINT('',(712.895339355693,398.665525883927,1.5));
#9887=CARTESIAN_POINT('',(698.897399355693,398.665525883927,1.5));
#9888=CARTESIAN_POINT('',(791.940111895434,398.665525883927,1.5));
#9889=CARTESIAN_POINT('',(698.897399355693,412.666005883927,1.5));
#9890=CARTESIAN_POINT('',(698.897399355693,277.386366459107,1.5));
#9891=CARTESIAN_POINT('',(712.895339355693,412.666005883927,1.5));
#9892=CARTESIAN_POINT('',(784.941141895434,412.666005883927,1.5));
#9893=CARTESIAN_POINT('',(712.895339355693,284.386606459107,1.5));
#9894=CARTESIAN_POINT('',(741.396669355693,338.914599883927,1.5));
#9895=CARTESIAN_POINT('',(741.396669355693,324.914122883927,1.5));
#9896=CARTESIAN_POINT('',(741.396669355693,247.510903459107,1.5));
#9897=CARTESIAN_POINT('',(727.396189355693,324.914122883927,1.5));
#9898=CARTESIAN_POINT('',(806.190776895435,324.914122883927,1.5));
#9899=CARTESIAN_POINT('',(727.396189355693,338.914599883927,1.5));
#9900=CARTESIAN_POINT('',(727.396189355693,240.510664959107,1.5));
#9901=CARTESIAN_POINT('',(799.190536895434,338.914599883927,1.5));
#9902=CARTESIAN_POINT('',(718.226787355693,337.819860883927,1.5));
#9903=CARTESIAN_POINT('',(721.848827355693,324.296902883927,1.5));
#9904=CARTESIAN_POINT('',(746.045798933321,233.95703077554,1.5));
#9905=CARTESIAN_POINT('',(708.325867355693,320.672322883927,1.5));
#9906=CARTESIAN_POINT('',(770.389571561196,337.307354044943,1.5));
#9907=CARTESIAN_POINT('',(704.703827355693,334.195282883927,1.5));
#9908=CARTESIAN_POINT('',(734.3335374718,223.572157597705,1.5));
#9909=CARTESIAN_POINT('',(760.004883061003,349.01770267118,1.5));
#9910=CARTESIAN_POINT('Origin',(693.110301355693,345.313608883927,0.));
#9911=CARTESIAN_POINT('',(677.449524355693,345.313608883927,0.));
#9912=CARTESIAN_POINT('',(693.110301355693,345.313608883927,0.));
#9913=CARTESIAN_POINT('Origin',(693.110301355693,357.299431883927,0.));
#9914=CARTESIAN_POINT('',(693.110301355693,357.299431883927,0.));
#9915=CARTESIAN_POINT('Origin',(677.449524355693,357.299431883927,0.));
#9916=CARTESIAN_POINT('',(677.449524355693,357.299431883927,0.));
#9917=CARTESIAN_POINT('Origin',(677.449524355693,345.313608883927,0.));
#9918=CARTESIAN_POINT('Origin',(681.793028355693,328.157702883927,0.));
#9919=CARTESIAN_POINT('',(693.918988355693,335.157942883927,0.));
#9920=CARTESIAN_POINT('',(681.793028355693,328.157702883927,0.));
#9921=CARTESIAN_POINT('Origin',(688.793268355693,316.034282883927,0.));
#9922=CARTESIAN_POINT('',(688.793268355693,316.034282883927,0.));
#9923=CARTESIAN_POINT('Origin',(700.919228355693,323.031982883927,0.));
#9924=CARTESIAN_POINT('',(700.919228355693,323.031982883927,0.));
#9925=CARTESIAN_POINT('Origin',(693.918988355693,335.157942883927,0.));
#9926=CARTESIAN_POINT('Origin',(760.497469355693,324.914122883927,0.));
#9927=CARTESIAN_POINT('',(746.496989355693,324.914122883927,0.));
#9928=CARTESIAN_POINT('',(760.497469355693,324.914122883927,0.));
#9929=CARTESIAN_POINT('Origin',(760.497469355693,338.914599883927,0.));
#9930=CARTESIAN_POINT('',(760.497469355693,338.914599883927,0.));
#9931=CARTESIAN_POINT('Origin',(746.496989355693,338.914599883927,0.));
#9932=CARTESIAN_POINT('',(746.496989355693,338.914599883927,0.));
#9933=CARTESIAN_POINT('Origin',(746.496989355693,324.914122883927,0.));
#9934=CARTESIAN_POINT('Origin',(765.595249355693,334.764242883927,0.));
#9935=CARTESIAN_POINT('',(779.595729355693,334.764242883927,0.));
#9936=CARTESIAN_POINT('',(765.595249355693,334.764242883927,0.));
#9937=CARTESIAN_POINT('Origin',(765.595249355693,320.766302883927,0.));
#9938=CARTESIAN_POINT('',(765.595249355693,320.766302883927,0.));
#9939=CARTESIAN_POINT('Origin',(779.595729355693,320.766302883927,0.));
#9940=CARTESIAN_POINT('',(779.595729355693,320.766302883927,0.));
#9941=CARTESIAN_POINT('Origin',(779.595729355693,334.764242883927,0.));
#9942=CARTESIAN_POINT('Origin',(794.147389355693,351.665398883927,0.));
#9943=CARTESIAN_POINT('',(808.145329355693,351.665398883927,0.));
#9944=CARTESIAN_POINT('',(794.147389355693,351.665398883927,0.));
#9945=CARTESIAN_POINT('Origin',(794.147389355693,337.664918883927,0.));
#9946=CARTESIAN_POINT('',(794.147389355693,337.664918883927,0.));
#9947=CARTESIAN_POINT('Origin',(808.145329355693,337.664918883927,0.));
#9948=CARTESIAN_POINT('',(808.145329355693,337.664918883927,0.));
#9949=CARTESIAN_POINT('Origin',(808.145329355693,351.665398883927,0.));
#9950=CARTESIAN_POINT('Origin',(775.097389355693,353.166539883927,0.));
#9951=CARTESIAN_POINT('',(789.095329355693,353.166539883927,0.));
#9952=CARTESIAN_POINT('',(775.097389355693,353.166539883927,0.));
#9953=CARTESIAN_POINT('Origin',(775.097389355693,339.166059883927,0.));
#9954=CARTESIAN_POINT('',(775.097389355693,339.166059883927,0.));
#9955=CARTESIAN_POINT('Origin',(789.095329355693,339.166059883927,0.));
#9956=CARTESIAN_POINT('',(789.095329355693,339.166059883927,0.));
#9957=CARTESIAN_POINT('Origin',(789.095329355693,353.166539883927,0.));
#9958=CARTESIAN_POINT('Origin',(755.996589355693,357.865539883927,0.));
#9959=CARTESIAN_POINT('',(769.997069355693,357.865539883927,0.));
#9960=CARTESIAN_POINT('',(755.996589355693,357.865539883927,0.));
#9961=CARTESIAN_POINT('Origin',(755.996589355693,343.865059883927,0.));
#9962=CARTESIAN_POINT('',(755.996589355693,343.865059883927,0.));
#9963=CARTESIAN_POINT('Origin',(769.997069355693,343.865059883927,0.));
#9964=CARTESIAN_POINT('',(769.997069355693,343.865059883927,0.));
#9965=CARTESIAN_POINT('Origin',(769.997069355693,357.865539883927,0.));
#9966=CARTESIAN_POINT('Origin',(750.995329355693,359.265077883927,0.));
#9967=CARTESIAN_POINT('',(750.995329355693,345.264597883927,0.));
#9968=CARTESIAN_POINT('',(750.995329355693,359.265077883927,0.));
#9969=CARTESIAN_POINT('Origin',(736.997389355693,359.265077883927,0.));
#9970=CARTESIAN_POINT('',(736.997389355693,359.265077883927,0.));
#9971=CARTESIAN_POINT('Origin',(736.997389355693,345.264597883927,0.));
#9972=CARTESIAN_POINT('',(736.997389355693,345.264597883927,0.));
#9973=CARTESIAN_POINT('Origin',(750.995329355693,345.264597883927,0.));
#9974=CARTESIAN_POINT('Origin',(731.897069355693,343.865059883927,0.));
#9975=CARTESIAN_POINT('',(717.896589355693,343.865059883927,0.));
#9976=CARTESIAN_POINT('',(731.897069355693,343.865059883927,0.));
#9977=CARTESIAN_POINT('Origin',(731.897069355693,357.865539883927,0.));
#9978=CARTESIAN_POINT('',(731.897069355693,357.865539883927,0.));
#9979=CARTESIAN_POINT('Origin',(717.896589355693,357.865539883927,0.));
#9980=CARTESIAN_POINT('',(717.896589355693,357.865539883927,0.));
#9981=CARTESIAN_POINT('Origin',(717.896589355693,343.865059883927,0.));
#9982=CARTESIAN_POINT('Origin',(698.897389355693,341.566358883927,0.));
#9983=CARTESIAN_POINT('',(698.897389355693,355.564298883927,0.));
#9984=CARTESIAN_POINT('',(698.897389355693,341.566358883927,0.));
#9985=CARTESIAN_POINT('Origin',(712.895329355693,341.566358883927,0.));
#9986=CARTESIAN_POINT('',(712.895329355693,341.566358883927,0.));
#9987=CARTESIAN_POINT('Origin',(712.895329355693,355.564298883927,0.));
#9988=CARTESIAN_POINT('',(712.895329355693,355.564298883927,0.));
#9989=CARTESIAN_POINT('Origin',(698.897389355693,355.564298883927,0.));
#9990=CARTESIAN_POINT('Origin',(794.096589355693,370.664598883927,0.));
#9991=CARTESIAN_POINT('',(808.097069355693,370.664598883927,0.));
#9992=CARTESIAN_POINT('',(794.096589355693,370.664598883927,0.));
#9993=CARTESIAN_POINT('Origin',(794.096589355693,356.664118883927,0.));
#9994=CARTESIAN_POINT('',(794.096589355693,356.664118883927,0.));
#9995=CARTESIAN_POINT('Origin',(808.097069355693,356.664118883927,0.));
#9996=CARTESIAN_POINT('',(808.097069355693,356.664118883927,0.));
#9997=CARTESIAN_POINT('Origin',(808.097069355693,370.664598883927,0.));
#9998=CARTESIAN_POINT('Origin',(775.097389355693,372.165739883927,0.));
#9999=CARTESIAN_POINT('',(789.095329355693,372.165739883927,0.));
#10000=CARTESIAN_POINT('',(775.097389355693,372.165739883927,0.));
#10001=CARTESIAN_POINT('Origin',(775.097389355693,358.165259883927,0.));
#10002=CARTESIAN_POINT('',(775.097389355693,358.165259883927,0.));
#10003=CARTESIAN_POINT('Origin',(789.095329355693,358.165259883927,0.));
#10004=CARTESIAN_POINT('',(789.095329355693,358.165259883927,0.));
#10005=CARTESIAN_POINT('Origin',(789.095329355693,372.165739883927,0.));
#10006=CARTESIAN_POINT('Origin',(769.997069355693,362.965859883927,0.));
#10007=CARTESIAN_POINT('',(755.996589355693,362.965859883927,0.));
#10008=CARTESIAN_POINT('',(769.997069355693,362.965859883927,0.));
#10009=CARTESIAN_POINT('Origin',(769.997069355693,376.966339883927,0.));
#10010=CARTESIAN_POINT('',(769.997069355693,376.966339883927,0.));
#10011=CARTESIAN_POINT('Origin',(755.996589355693,376.966339883927,0.));
#10012=CARTESIAN_POINT('',(755.996589355693,376.966339883927,0.));
#10013=CARTESIAN_POINT('Origin',(755.996589355693,362.965859883927,0.));
#10014=CARTESIAN_POINT('Origin',(750.995329355693,364.266340883927,0.));
#10015=CARTESIAN_POINT('',(736.997389355693,364.266340883927,0.));
#10016=CARTESIAN_POINT('',(750.995329355693,364.266340883927,0.));
#10017=CARTESIAN_POINT('Origin',(750.995329355693,378.264280883927,0.));
#10018=CARTESIAN_POINT('',(750.995329355693,378.264280883927,0.));
#10019=CARTESIAN_POINT('Origin',(736.997389355693,378.264280883927,0.));
#10020=CARTESIAN_POINT('',(736.997389355693,378.264280883927,0.));
#10021=CARTESIAN_POINT('Origin',(736.997389355693,364.266340883927,0.));
#10022=CARTESIAN_POINT('Origin',(731.897069355693,376.966339883927,0.));
#10023=CARTESIAN_POINT('',(731.897069355693,362.965859883927,0.));
#10024=CARTESIAN_POINT('',(731.897069355693,376.966339883927,0.));
#10025=CARTESIAN_POINT('Origin',(717.896589355693,376.966339883927,0.));
#10026=CARTESIAN_POINT('',(717.896589355693,376.966339883927,0.));
#10027=CARTESIAN_POINT('Origin',(717.896589355693,362.965859883927,0.));
#10028=CARTESIAN_POINT('',(717.896589355693,362.965859883927,0.));
#10029=CARTESIAN_POINT('Origin',(731.897069355693,362.965859883927,0.));
#10030=CARTESIAN_POINT('Origin',(712.895329355693,360.565558883927,0.));
#10031=CARTESIAN_POINT('',(698.897389355693,360.565558883927,0.));
#10032=CARTESIAN_POINT('',(712.895329355693,360.565558883927,0.));
#10033=CARTESIAN_POINT('Origin',(712.895329355693,374.566038883927,0.));
#10034=CARTESIAN_POINT('',(712.895329355693,374.566038883927,0.));
#10035=CARTESIAN_POINT('Origin',(698.897389355693,374.566038883927,0.));
#10036=CARTESIAN_POINT('',(698.897389355693,374.566038883927,0.));
#10037=CARTESIAN_POINT('Origin',(698.897389355693,360.565558883927,0.));
#10038=CARTESIAN_POINT('Origin',(712.895329355693,379.564758883927,0.));
#10039=CARTESIAN_POINT('',(698.897389355693,379.564758883927,0.));
#10040=CARTESIAN_POINT('',(712.895329355693,379.564758883927,0.));
#10041=CARTESIAN_POINT('Origin',(712.895329355693,393.565238883927,0.));
#10042=CARTESIAN_POINT('',(712.895329355693,393.565238883927,0.));
#10043=CARTESIAN_POINT('Origin',(698.897389355693,393.565238883927,0.));
#10044=CARTESIAN_POINT('',(698.897389355693,393.565238883927,0.));
#10045=CARTESIAN_POINT('Origin',(698.897389355693,379.564758883927,0.));
#10046=CARTESIAN_POINT('Origin',(731.897069355693,395.965539883927,0.));
#10047=CARTESIAN_POINT('',(731.897069355693,381.965059883927,0.));
#10048=CARTESIAN_POINT('',(731.897069355693,395.965539883927,0.));
#10049=CARTESIAN_POINT('Origin',(717.896589355693,395.965539883927,0.));
#10050=CARTESIAN_POINT('',(717.896589355693,395.965539883927,0.));
#10051=CARTESIAN_POINT('Origin',(717.896589355693,381.965059883927,0.));
#10052=CARTESIAN_POINT('',(717.896589355693,381.965059883927,0.));
#10053=CARTESIAN_POINT('Origin',(731.897069355693,381.965059883927,0.));
#10054=CARTESIAN_POINT('Origin',(750.995329355693,397.365080883927,0.));
#10055=CARTESIAN_POINT('',(750.995329355693,383.364600883927,0.));
#10056=CARTESIAN_POINT('',(750.995329355693,397.365080883927,0.));
#10057=CARTESIAN_POINT('Origin',(736.997389355693,397.365080883927,0.));
#10058=CARTESIAN_POINT('',(736.997389355693,397.365080883927,0.));
#10059=CARTESIAN_POINT('Origin',(736.997389355693,383.364600883927,0.));
#10060=CARTESIAN_POINT('',(736.997389355693,383.364600883927,0.));
#10061=CARTESIAN_POINT('Origin',(750.995329355693,383.364600883927,0.));
#10062=CARTESIAN_POINT('Origin',(769.997069355693,396.064599883927,0.));
#10063=CARTESIAN_POINT('',(769.997069355693,382.064119883927,0.));
#10064=CARTESIAN_POINT('',(769.997069355693,396.064599883927,0.));
#10065=CARTESIAN_POINT('Origin',(755.996589355693,396.064599883927,0.));
#10066=CARTESIAN_POINT('',(755.996589355693,396.064599883927,0.));
#10067=CARTESIAN_POINT('Origin',(755.996589355693,382.064119883927,0.));
#10068=CARTESIAN_POINT('',(755.996589355693,382.064119883927,0.));
#10069=CARTESIAN_POINT('Origin',(769.997069355693,382.064119883927,0.));
#10070=CARTESIAN_POINT('Origin',(775.097389355693,391.365599883927,0.));
#10071=CARTESIAN_POINT('',(789.095329355693,391.365599883927,0.));
#10072=CARTESIAN_POINT('',(775.097389355693,391.365599883927,0.));
#10073=CARTESIAN_POINT('Origin',(775.097389355693,377.365119883927,0.));
#10074=CARTESIAN_POINT('',(775.097389355693,377.365119883927,0.));
#10075=CARTESIAN_POINT('Origin',(789.095329355693,377.365119883927,0.));
#10076=CARTESIAN_POINT('',(789.095329355693,377.365119883927,0.));
#10077=CARTESIAN_POINT('Origin',(789.095329355693,391.365599883927,0.));
#10078=CARTESIAN_POINT('Origin',(794.096589355693,389.864458883927,0.));
#10079=CARTESIAN_POINT('',(808.097069355693,389.864458883927,0.));
#10080=CARTESIAN_POINT('',(794.096589355693,389.864458883927,0.));
#10081=CARTESIAN_POINT('Origin',(794.096589355693,375.866518883927,0.));
#10082=CARTESIAN_POINT('',(794.096589355693,375.866518883927,0.));
#10083=CARTESIAN_POINT('Origin',(808.097069355693,375.866518883927,0.));
#10084=CARTESIAN_POINT('',(808.097069355693,375.866518883927,0.));
#10085=CARTESIAN_POINT('Origin',(808.097069355693,389.864458883927,0.));
#10086=CARTESIAN_POINT('Origin',(794.096589355693,394.764118883927,0.));
#10087=CARTESIAN_POINT('',(794.096589355693,408.764598883927,0.));
#10088=CARTESIAN_POINT('',(794.096589355693,394.764118883927,0.));
#10089=CARTESIAN_POINT('Origin',(808.097069355693,394.764118883927,0.));
#10090=CARTESIAN_POINT('',(808.097069355693,394.764118883927,0.));
#10091=CARTESIAN_POINT('Origin',(808.097069355693,408.764598883927,0.));
#10092=CARTESIAN_POINT('',(808.097069355693,408.764598883927,0.));
#10093=CARTESIAN_POINT('Origin',(794.096589355693,408.764598883927,0.));
#10094=CARTESIAN_POINT('Origin',(789.095329355693,396.265259883927,0.));
#10095=CARTESIAN_POINT('',(775.097389355693,396.265259883927,0.));
#10096=CARTESIAN_POINT('',(789.095329355693,396.265259883927,0.));
#10097=CARTESIAN_POINT('Origin',(789.095329355693,410.265739883927,0.));
#10098=CARTESIAN_POINT('',(789.095329355693,410.265739883927,0.));
#10099=CARTESIAN_POINT('Origin',(775.097389355693,410.265739883927,0.));
#10100=CARTESIAN_POINT('',(775.097389355693,410.265739883927,0.));
#10101=CARTESIAN_POINT('Origin',(775.097389355693,396.265259883927,0.));
#10102=CARTESIAN_POINT('Origin',(755.996589355693,415.066339883927,0.));
#10103=CARTESIAN_POINT('',(769.997069355693,415.066339883927,0.));
#10104=CARTESIAN_POINT('',(755.996589355693,415.066339883927,0.));
#10105=CARTESIAN_POINT('Origin',(755.996589355693,401.065859883927,0.));
#10106=CARTESIAN_POINT('',(755.996589355693,401.065859883927,0.));
#10107=CARTESIAN_POINT('Origin',(769.997069355693,401.065859883927,0.));
#10108=CARTESIAN_POINT('',(769.997069355693,401.065859883927,0.));
#10109=CARTESIAN_POINT('Origin',(769.997069355693,415.066339883927,0.));
#10110=CARTESIAN_POINT('Origin',(736.997389355693,416.455720883927,0.));
#10111=CARTESIAN_POINT('',(750.995329355693,416.455720883927,0.));
#10112=CARTESIAN_POINT('',(736.997389355693,416.455720883927,0.));
#10113=CARTESIAN_POINT('Origin',(736.997389355693,402.455240883927,0.));
#10114=CARTESIAN_POINT('',(736.997389355693,402.455240883927,0.));
#10115=CARTESIAN_POINT('Origin',(750.995329355693,402.455240883927,0.));
#10116=CARTESIAN_POINT('',(750.995329355693,402.455240883927,0.));
#10117=CARTESIAN_POINT('Origin',(750.995329355693,416.455720883927,0.));
#10118=CARTESIAN_POINT('Origin',(731.897079355693,401.065825883927,0.));
#10119=CARTESIAN_POINT('',(717.896599355693,401.065825883927,0.));
#10120=CARTESIAN_POINT('',(731.897079355693,401.065825883927,0.));
#10121=CARTESIAN_POINT('Origin',(731.897079355693,415.066305883927,0.));
#10122=CARTESIAN_POINT('',(731.897079355693,415.066305883927,0.));
#10123=CARTESIAN_POINT('Origin',(717.896599355693,415.066305883927,0.));
#10124=CARTESIAN_POINT('',(717.896599355693,415.066305883927,0.));
#10125=CARTESIAN_POINT('Origin',(717.896599355693,401.065825883927,0.));
#10126=CARTESIAN_POINT('Origin',(712.895339355693,412.666005883927,0.));
#10127=CARTESIAN_POINT('',(712.895339355693,398.665525883927,0.));
#10128=CARTESIAN_POINT('',(712.895339355693,412.666005883927,0.));
#10129=CARTESIAN_POINT('Origin',(698.897399355693,412.666005883927,0.));
#10130=CARTESIAN_POINT('',(698.897399355693,412.666005883927,0.));
#10131=CARTESIAN_POINT('Origin',(698.897399355693,398.665525883927,0.));
#10132=CARTESIAN_POINT('',(698.897399355693,398.665525883927,0.));
#10133=CARTESIAN_POINT('Origin',(712.895339355693,398.665525883927,0.));
#10134=CARTESIAN_POINT('Origin',(727.396189355693,338.914599883927,0.));
#10135=CARTESIAN_POINT('',(741.396669355693,338.914599883927,0.));
#10136=CARTESIAN_POINT('',(727.396189355693,338.914599883927,0.));
#10137=CARTESIAN_POINT('Origin',(727.396189355693,324.914122883927,0.));
#10138=CARTESIAN_POINT('',(727.396189355693,324.914122883927,0.));
#10139=CARTESIAN_POINT('Origin',(741.396669355693,324.914122883927,0.));
#10140=CARTESIAN_POINT('',(741.396669355693,324.914122883927,0.));
#10141=CARTESIAN_POINT('Origin',(741.396669355693,338.914599883927,0.));
#10142=CARTESIAN_POINT('Origin',(704.703827355693,334.195282883927,0.));
#10143=CARTESIAN_POINT('',(718.226787355693,337.819860883927,0.));
#10144=CARTESIAN_POINT('',(704.703827355693,334.195282883927,0.));
#10145=CARTESIAN_POINT('Origin',(708.325867355693,320.672322883927,0.));
#10146=CARTESIAN_POINT('',(708.325867355693,320.672322883927,0.));
#10147=CARTESIAN_POINT('Origin',(721.848827355693,324.296902883927,0.));
#10148=CARTESIAN_POINT('',(721.848827355693,324.296902883927,0.));
#10149=CARTESIAN_POINT('Origin',(718.226787355693,337.819860883927,0.));
#10150=CARTESIAN_POINT('Origin',(763.392816355693,318.706642883927,0.));
#10151=CARTESIAN_POINT('',(781.416966764388,318.706642883927,0.));
#10152=CARTESIAN_POINT('',(761.661021756015,318.706642883927,0.));
#10153=CARTESIAN_POINT('Origin',(744.626872699173,323.438480891066,0.));
#10154=CARTESIAN_POINT('Origin',(690.372532215324,309.476367491446,0.));
#10155=CARTESIAN_POINT('',(690.774770720641,309.637380306847,0.));
#10156=CARTESIAN_POINT('Origin',(676.993529064787,333.511382959598,0.));
#10157=CARTESIAN_POINT('',(677.004123843269,333.493029042302,0.));
#10158=CARTESIAN_POINT('Origin',(674.137804563378,339.600412448606,0.));
#10159=CARTESIAN_POINT('',(674.18535320497,339.499098618464,0.));
#10160=CARTESIAN_POINT('Origin',(674.217309712648,359.424545983071,0.));
#10161=CARTESIAN_POINT('',(674.216509096853,358.925347883927,0.));
#10162=CARTESIAN_POINT('Origin',(696.463159355693,358.925347883927,0.));
#10163=CARTESIAN_POINT('',(696.963159355693,358.925347883927,0.));
#10164=CARTESIAN_POINT('Origin',(696.963159355693,418.547645883927,0.));
#10165=CARTESIAN_POINT('Origin',(810.772560883213,411.777526912227,0.));
#10166=CARTESIAN_POINT('Origin',(790.48130921578,333.196805509993,0.));
#10167=CARTESIAN_POINT('',(790.227012794119,333.176346498278,0.));
#10168=CARTESIAN_POINT('Origin',(780.966424546171,317.966668048228,0.));
#10169=CARTESIAN_POINT('Origin',(573.0298903435,314.834609631073,-2.0563142652573E-14));
#10170=CARTESIAN_POINT('',(573.0298903435,314.834609631073,-1.42227972173038E-14));
#10171=CARTESIAN_POINT('',(570.0298903435,314.834609631073,-1.4590191257048E-14));
#10172=CARTESIAN_POINT('',(567.639253923401,314.834609631073,-1.4882959781028E-14));
#10173=CARTESIAN_POINT('',(573.0298903435,314.834609631073,1.49999999999999));
#10174=CARTESIAN_POINT('',(573.0298903435,314.834609631073,-2.0563142652573E-14));
#10175=CARTESIAN_POINT('',(570.0298903435,314.834609631073,1.49999999999999));
#10176=CARTESIAN_POINT('',(504.534713600443,314.834609631073,1.49999999999998));
#10177=CARTESIAN_POINT('',(570.0298903435,314.834609631073,-2.0563142652573E-14));
#10178=CARTESIAN_POINT('Origin',(573.0298903435,310.834609631073,-2.0563142652573E-14));
#10179=CARTESIAN_POINT('',(573.0298903435,310.834609631073,-2.0563142652573E-14));
#10180=CARTESIAN_POINT('',(573.0298903435,334.246203631073,-1.42227972173038E-14));
#10181=CARTESIAN_POINT('',(573.0298903435,310.834609631073,1.49999999999998));
#10182=CARTESIAN_POINT('',(573.0298903435,310.834609631073,0.749999999999983));
#10183=CARTESIAN_POINT('',(573.0298903435,230.409851706253,1.49999999999999));
#10184=CARTESIAN_POINT('Origin',(570.0298903435,313.834609631073,-2.0563142652573E-14));
#10185=CARTESIAN_POINT('',(570.0298903435,310.834609631073,-1.45194949257506E-14));
#10186=CARTESIAN_POINT('',(570.0298903435,335.746203631073,-1.4590191257048E-14));
#10187=CARTESIAN_POINT('',(570.0298903435,310.834609631073,1.49999999999999));
#10188=CARTESIAN_POINT('',(570.0298903435,231.909851706253,1.49999999999999));
#10189=CARTESIAN_POINT('',(570.0298903435,310.834609631073,0.749999999999983));
#10190=CARTESIAN_POINT('Origin',(495.159411157988,365.683386491275,-2.40444419818102E-14));
#10191=CARTESIAN_POINT('',(495.159411157988,365.683386491275,-2.37591805255647E-14));
#10192=CARTESIAN_POINT('',(495.159411157988,368.683386491275,-2.37591805255647E-14));
#10193=CARTESIAN_POINT('',(495.159411157988,361.670592061174,-2.37591805255646E-14));
#10194=CARTESIAN_POINT('',(495.159411157988,365.683386491275,1.49999999999998));
#10195=CARTESIAN_POINT('',(495.159411157988,365.683386491275,-2.40444419818102E-14));
#10196=CARTESIAN_POINT('',(495.159411157988,368.683386491275,1.49999999999998));
#10197=CARTESIAN_POINT('',(495.159411157988,257.834240136354,1.49999999999998));
#10198=CARTESIAN_POINT('',(495.159411157988,368.683386491275,-2.40444419818102E-14));
#10199=CARTESIAN_POINT('Origin',(491.159411157988,365.683386491275,-2.40444419818102E-14));
#10200=CARTESIAN_POINT('',(491.159411157988,365.683386491275,-2.40444419818102E-14));
#10201=CARTESIAN_POINT('',(526.704014330644,365.683386491275,-1.98960807949879E-14));
#10202=CARTESIAN_POINT('',(491.159411157988,365.683386491275,1.49999999999998));
#10203=CARTESIAN_POINT('',(491.159411157988,365.683386491275,0.749999999999976));
#10204=CARTESIAN_POINT('',(463.599474007686,365.683386491275,1.49999999999997));
#10205=CARTESIAN_POINT('Origin',(494.159411157988,368.683386491275,-2.40444419818102E-14));
#10206=CARTESIAN_POINT('',(491.159411157988,368.683386491275,-2.40444419818102E-14));
#10207=CARTESIAN_POINT('',(528.204014330644,368.683386491275,-1.97123837751158E-14));
#10208=CARTESIAN_POINT('',(491.159411157988,368.683386491275,1.49999999999998));
#10209=CARTESIAN_POINT('',(465.099474007686,368.683386491275,1.49999999999997));
#10210=CARTESIAN_POINT('',(491.159411157988,368.683386491275,0.749999999999976));
#10211=CARTESIAN_POINT('Origin',(578.225505386558,413.425495071315,-2.85060200757712E-14));
#10212=CARTESIAN_POINT('',(578.225505386558,413.425495071315,-1.35865178840955E-14));
#10213=CARTESIAN_POINT('',(581.225505386558,413.425495071315,-1.32191238443513E-14));
#10214=CARTESIAN_POINT('',(570.23706144493,413.425495071315,-1.45648201144238E-14));
#10215=CARTESIAN_POINT('',(578.225505386558,413.425495071315,1.49999999999999));
#10216=CARTESIAN_POINT('',(578.225505386558,413.425495071315,-2.09390846963207E-14));
#10217=CARTESIAN_POINT('',(581.225505386558,413.425495071315,1.49999999999999));
#10218=CARTESIAN_POINT('',(507.132521121972,413.425495071315,1.49999999999998));
#10219=CARTESIAN_POINT('',(581.225505386558,413.425495071315,-2.85060200757712E-14));
#10220=CARTESIAN_POINT('Origin',(578.225505386558,417.425495071315,-1.33721493168702E-14));
#10221=CARTESIAN_POINT('',(578.225505386558,417.425495071315,-1.33721493168702E-14));
#10222=CARTESIAN_POINT('',(578.225505386558,387.541646351194,-1.35865178840955E-14));
#10223=CARTESIAN_POINT('',(578.225505386558,417.425495071315,1.49999999999999));
#10224=CARTESIAN_POINT('',(578.225505386558,417.425495071315,0.749999999999986));
#10225=CARTESIAN_POINT('',(578.225505386558,283.705294426374,1.49999999999999));
#10226=CARTESIAN_POINT('Origin',(581.225505386558,414.425495071315,-2.85060200757712E-14));
#10227=CARTESIAN_POINT('',(581.225505386558,417.425495071315,-2.85060200757712E-14));
#10228=CARTESIAN_POINT('',(581.225505386558,386.041646351194,-1.32191238443513E-14));
#10229=CARTESIAN_POINT('',(581.225505386558,417.425495071315,1.49999999999997));
#10230=CARTESIAN_POINT('',(581.225505386558,282.205294426374,1.49999999999999));
#10231=CARTESIAN_POINT('',(581.225505386558,417.425495071315,0.749999999999979));
#10232=CARTESIAN_POINT('Origin',(575.5298903435,310.834609631073,1.49999999999999));
#10233=CARTESIAN_POINT('',(573.5298903435,310.834609631073,-1.39756669967949E-14));
#10234=CARTESIAN_POINT('',(567.5298903435,310.834609631073,-1.47104550762833E-14));
#10235=CARTESIAN_POINT('',(573.5298903435,310.834609631073,1.49999999999999));
#10236=CARTESIAN_POINT('',(573.5298903435,310.834609631073,1.49999999999999));
#10237=CARTESIAN_POINT('',(567.5298903435,310.834609631073,1.49999999999999));
#10238=CARTESIAN_POINT('Origin',(491.159411157988,371.183386238128,1.49999999999998));
#10239=CARTESIAN_POINT('',(491.159411157988,365.183386744423,-2.41473507855972E-14));
#10240=CARTESIAN_POINT('',(491.159411157988,364.4205919346,-2.41473507855972E-14));
#10241=CARTESIAN_POINT('',(491.159411157988,365.183386744423,1.49999999999998));
#10242=CARTESIAN_POINT('',(491.159411157988,365.183386744423,1.49999999999998));
#10243=CARTESIAN_POINT('',(491.159411157988,364.4205919346,1.49999999999998));
#10244=CARTESIAN_POINT('Origin',(436.039536857385,149.985093781434,1.49999999999997));
#10245=CARTESIAN_POINT('',(575.5298903435,312.834609631073,1.49999999999999));
#10246=CARTESIAN_POINT('Origin',(573.5298903435,312.834609631073,1.49999999999999));
#10247=CARTESIAN_POINT('',(575.5298903435,316.334609631073,1.49999999999999));
#10248=CARTESIAN_POINT('',(575.5298903435,310.834609631073,1.49999999999999));
#10249=CARTESIAN_POINT('',(584.224664333882,316.334609631073,1.49999999999999));
#10250=CARTESIAN_POINT('',(508.834833897126,316.334609631073,1.49999999999998));
#10251=CARTESIAN_POINT('',(616.249650571919,303.515267053993,1.49999999999999));
#10252=CARTESIAN_POINT('',(565.274339276219,323.920271247148,1.49999999999999));
#10253=CARTESIAN_POINT('',(630.020297449291,327.370915789449,1.49999999999999));
#10254=CARTESIAN_POINT('',(567.382601271978,218.860190700742,1.49999999999999));
#10255=CARTESIAN_POINT('',(632.83906808759,333.376985365611,1.49999999999999));
#10256=CARTESIAN_POINT('',(579.834490175744,220.437969161793,1.49999999999999));
#10257=CARTESIAN_POINT('',(632.807912195708,352.803234631073,1.49999999999999));
#10258=CARTESIAN_POINT('',(632.969898657481,251.801812623804,1.49999999999999));
#10259=CARTESIAN_POINT('',(610.061261936867,352.803234631073,1.49999999999999));
#10260=CARTESIAN_POINT('',(523.300399397126,352.803234631073,1.49999999999998));
#10261=CARTESIAN_POINT('',(610.061261936867,411.925532076042,1.49999999999999));
#10262=CARTESIAN_POINT('',(610.061261936867,281.205313206253,1.49999999999999));
#10263=CARTESIAN_POINT('',(583.725505386558,411.92550284174,1.49999999999999));
#10264=CARTESIAN_POINT('',(485.464503289787,411.925393766012,1.49999999999998));
#10265=CARTESIAN_POINT('',(583.725505386558,415.425495071315,1.49999999999999));
#10266=CARTESIAN_POINT('',(583.725505386558,283.705294426374,1.49999999999999));
#10267=CARTESIAN_POINT('',(581.725505386558,417.425495071315,1.49999999999999));
#10268=CARTESIAN_POINT('Origin',(581.725505386558,415.425495071315,1.49999999999999));
#10269=CARTESIAN_POINT('',(576.725505386558,417.425495071315,1.49999999999999));
#10270=CARTESIAN_POINT('',(577.725505386559,417.425495071315,1.49999999999999));
#10271=CARTESIAN_POINT('',(576.725505386558,417.425495071315,1.49999999999999));
#10272=CARTESIAN_POINT('',(575.725505386558,415.425495071315,1.49999999999999));
#10273=CARTESIAN_POINT('Origin',(577.725505386559,415.425495071315,1.49999999999999));
#10274=CARTESIAN_POINT('',(575.725505386558,411.92549396125,1.49999999999999));
#10275=CARTESIAN_POINT('',(575.725505386558,281.205290297234,1.49999999999999));
#10276=CARTESIAN_POINT('',(534.930024371941,411.925448675769,1.49999999999998));
#10277=CARTESIAN_POINT('',(485.464503289787,411.925393766012,1.49999999999998));
#10278=CARTESIAN_POINT('',(496.671699588294,405.72347289703,1.49999999999998));
#10279=CARTESIAN_POINT('',(446.724149263513,397.626581591061,1.49999999999997));
#10280=CARTESIAN_POINT('',(496.659411189631,371.183386238128,1.49999999999998));
#10281=CARTESIAN_POINT('',(496.61241562706,239.088810833996,1.49999999999998));
#10282=CARTESIAN_POINT('',(493.159411157988,371.183386238128,1.49999999999998));
#10283=CARTESIAN_POINT('',(529.792178597682,371.183386238128,1.49999999999998));
#10284=CARTESIAN_POINT('',(491.159411157988,369.183386238128,1.49999999999998));
#10285=CARTESIAN_POINT('Origin',(493.159411157988,369.183386238128,1.49999999999998));
#10286=CARTESIAN_POINT('',(491.159411157988,364.4205919346,1.49999999999998));
#10287=CARTESIAN_POINT('',(493.159411157988,363.183386744423,1.49999999999998));
#10288=CARTESIAN_POINT('Origin',(493.159411157988,365.183386744423,1.49999999999998));
#10289=CARTESIAN_POINT('',(496.656565013127,363.183386744423,1.49999999999998));
#10290=CARTESIAN_POINT('',(526.704014330644,363.183386744423,1.49999999999998));
#10291=CARTESIAN_POINT('',(496.644288113094,328.675620299867,1.49999999999998));
#10292=CARTESIAN_POINT('',(496.61241562706,239.088810833996,1.49999999999998));
#10293=CARTESIAN_POINT('',(516.797408498441,327.054233245424,1.49999999999998));
#10294=CARTESIAN_POINT('',(483.628105209248,329.722816468749,1.49999999999998));
#10295=CARTESIAN_POINT('',(525.607454528172,312.584529631073,1.49999999999998));
#10296=CARTESIAN_POINT('',(549.833605998741,272.795267428299,1.49999999999998));
#10297=CARTESIAN_POINT('',(545.363399536545,312.584529631073,1.49999999999998));
#10298=CARTESIAN_POINT('',(489.835570897126,312.584529631073,1.49999999999998));
#10299=CARTESIAN_POINT('',(558.86331682,316.334609631073,1.49999999999998));
#10300=CARTESIAN_POINT('',(482.168316954152,295.029857975342,1.49999999999997));
#10301=CARTESIAN_POINT('',(567.5298903435,316.334609631073,1.49999999999999));
#10302=CARTESIAN_POINT('',(508.834833897126,316.334609631073,1.49999999999998));
#10303=CARTESIAN_POINT('',(567.5298903435,312.834609631073,1.49999999999999));
#10304=CARTESIAN_POINT('',(567.5298903435,316.696100423466,1.49999999999999));
#10305=CARTESIAN_POINT('',(569.5298903435,310.834609631073,1.49999999999999));
#10306=CARTESIAN_POINT('Origin',(569.5298903435,312.834609631073,1.49999999999999));
#10307=CARTESIAN_POINT('',(567.5298903435,310.834609631073,1.49999999999999));
#10308=CARTESIAN_POINT('',(629.574896936867,339.191495631073,1.49999999999999));
#10309=CARTESIAN_POINT('',(629.574896936867,351.177318631073,1.49999999999999));
#10310=CARTESIAN_POINT('',(629.574896936867,339.191495631073,1.49999999999999));
#10311=CARTESIAN_POINT('',(613.914119936867,339.191495631073,1.49999999999999));
#10312=CARTESIAN_POINT('',(613.914119936867,339.191495631073,1.49999999999999));
#10313=CARTESIAN_POINT('',(613.914119936867,351.177318631073,1.49999999999999));
#10314=CARTESIAN_POINT('',(613.914119936867,351.177318631073,1.49999999999999));
#10315=CARTESIAN_POINT('',(629.574896936867,351.177318631073,1.49999999999999));
#10316=CARTESIAN_POINT('',(613.105432936867,329.035829631073,1.49999999999999));
#10317=CARTESIAN_POINT('',(606.105192936867,316.909869631073,1.49999999999999));
#10318=CARTESIAN_POINT('',(613.105432936867,329.035829631073,1.49999999999999));
#10319=CARTESIAN_POINT('',(625.231392936867,322.035589631073,1.49999999999999));
#10320=CARTESIAN_POINT('',(625.231392936867,322.035589631073,1.49999999999999));
#10321=CARTESIAN_POINT('',(618.231152936867,309.912169631073,1.49999999999999));
#10322=CARTESIAN_POINT('',(618.231152936867,309.912169631073,1.49999999999999));
#10323=CARTESIAN_POINT('',(606.105192936867,316.909869631073,1.49999999999999));
#10324=CARTESIAN_POINT('',(560.527431936867,318.792009631073,1.49999999999998));
#10325=CARTESIAN_POINT('',(560.527431936867,332.792486631073,1.49999999999998));
#10326=CARTESIAN_POINT('',(560.527431936867,318.792009631073,1.49999999999998));
#10327=CARTESIAN_POINT('',(546.526951936867,318.792009631073,1.49999999999998));
#10328=CARTESIAN_POINT('',(546.526951936867,318.792009631073,1.49999999999998));
#10329=CARTESIAN_POINT('',(546.526951936867,332.792486631073,1.49999999999998));
#10330=CARTESIAN_POINT('',(546.526951936867,332.792486631073,1.49999999999998));
#10331=CARTESIAN_POINT('',(560.527431936867,332.792486631073,1.49999999999998));
#10332=CARTESIAN_POINT('',(527.428691936867,328.642129631073,1.49999999999998));
#10333=CARTESIAN_POINT('',(527.428691936867,314.644189631073,1.49999999999998));
#10334=CARTESIAN_POINT('',(527.428691936867,328.642129631073,1.49999999999998));
#10335=CARTESIAN_POINT('',(541.429171936867,328.642129631073,1.49999999999998));
#10336=CARTESIAN_POINT('',(541.429171936867,328.642129631073,1.49999999999998));
#10337=CARTESIAN_POINT('',(541.429171936867,314.644189631073,1.49999999999998));
#10338=CARTESIAN_POINT('',(541.429171936867,314.644189631073,1.49999999999998));
#10339=CARTESIAN_POINT('',(527.428691936867,314.644189631073,1.49999999999998));
#10340=CARTESIAN_POINT('',(498.879091936867,345.543285631073,1.49999999999998));
#10341=CARTESIAN_POINT('',(498.879091936867,331.542805631073,1.49999999999998));
#10342=CARTESIAN_POINT('',(498.879091936867,345.543285631073,1.49999999999998));
#10343=CARTESIAN_POINT('',(512.877031936867,345.543285631073,1.49999999999998));
#10344=CARTESIAN_POINT('',(512.877031936867,345.543285631073,1.49999999999998));
#10345=CARTESIAN_POINT('',(512.877031936867,331.542805631073,1.49999999999998));
#10346=CARTESIAN_POINT('',(512.877031936867,331.542805631073,1.49999999999998));
#10347=CARTESIAN_POINT('',(498.879091936867,331.542805631073,1.49999999999998));
#10348=CARTESIAN_POINT('',(517.929091936867,347.044426631073,1.49999999999998));
#10349=CARTESIAN_POINT('',(517.929091936867,333.043946631073,1.49999999999998));
#10350=CARTESIAN_POINT('',(517.929091936867,347.044426631073,1.49999999999998));
#10351=CARTESIAN_POINT('',(531.927031936867,347.044426631073,1.49999999999998));
#10352=CARTESIAN_POINT('',(531.927031936867,347.044426631073,1.49999999999998));
#10353=CARTESIAN_POINT('',(531.927031936867,333.043946631073,1.49999999999998));
#10354=CARTESIAN_POINT('',(531.927031936867,333.043946631073,1.49999999999998));
#10355=CARTESIAN_POINT('',(517.929091936867,333.043946631073,1.49999999999998));
#10356=CARTESIAN_POINT('',(537.027351936867,351.743426631073,1.49999999999998));
#10357=CARTESIAN_POINT('',(537.027351936867,337.742946631073,1.49999999999998));
#10358=CARTESIAN_POINT('',(537.027351936867,351.743426631073,1.49999999999998));
#10359=CARTESIAN_POINT('',(551.027831936867,351.743426631073,1.49999999999998));
#10360=CARTESIAN_POINT('',(551.027831936867,351.743426631073,1.49999999999998));
#10361=CARTESIAN_POINT('',(551.027831936867,337.742946631073,1.49999999999998));
#10362=CARTESIAN_POINT('',(551.027831936867,337.742946631073,1.49999999999998));
#10363=CARTESIAN_POINT('',(537.027351936867,337.742946631073,1.49999999999998));
#10364=CARTESIAN_POINT('',(556.029091936867,339.142484631073,1.49999999999998));
#10365=CARTESIAN_POINT('',(570.027031936867,339.142484631073,1.49999999999999));
#10366=CARTESIAN_POINT('',(556.029091936867,339.142484631073,1.49999999999998));
#10367=CARTESIAN_POINT('',(556.029091936867,353.142964631073,1.49999999999998));
#10368=CARTESIAN_POINT('',(556.029091936867,353.142964631073,1.49999999999998));
#10369=CARTESIAN_POINT('',(570.027031936867,353.142964631073,1.49999999999999));
#10370=CARTESIAN_POINT('',(570.027031936867,353.142964631073,1.49999999999999));
#10371=CARTESIAN_POINT('',(570.027031936867,339.142484631073,1.49999999999999));
#10372=CARTESIAN_POINT('',(589.127831936867,337.742946631073,1.49999999999999));
#10373=CARTESIAN_POINT('',(589.127831936867,351.743426631073,1.49999999999999));
#10374=CARTESIAN_POINT('',(589.127831936867,337.742946631073,1.49999999999999));
#10375=CARTESIAN_POINT('',(575.127351936867,337.742946631073,1.49999999999999));
#10376=CARTESIAN_POINT('',(575.127351936867,337.742946631073,1.49999999999999));
#10377=CARTESIAN_POINT('',(575.127351936867,351.743426631073,1.49999999999999));
#10378=CARTESIAN_POINT('',(575.127351936867,351.743426631073,1.49999999999999));
#10379=CARTESIAN_POINT('',(589.127831936867,351.743426631073,1.49999999999999));
#10380=CARTESIAN_POINT('',(608.127031936867,349.442185631073,1.49999999999999));
#10381=CARTESIAN_POINT('',(594.129091936867,349.442185631073,1.49999999999999));
#10382=CARTESIAN_POINT('',(608.127031936867,349.442185631073,1.49999999999999));
#10383=CARTESIAN_POINT('',(608.127031936867,335.444245631073,1.49999999999999));
#10384=CARTESIAN_POINT('',(608.127031936867,335.444245631073,1.49999999999999));
#10385=CARTESIAN_POINT('',(594.129091936867,335.444245631073,1.49999999999999));
#10386=CARTESIAN_POINT('',(594.129091936867,335.444245631073,1.49999999999999));
#10387=CARTESIAN_POINT('',(594.129091936867,349.442185631073,1.49999999999999));
#10388=CARTESIAN_POINT('',(498.927351936867,364.542485631073,1.49999999999998));
#10389=CARTESIAN_POINT('',(498.927351936867,350.542005631073,1.49999999999998));
#10390=CARTESIAN_POINT('',(498.927351936867,364.542485631073,1.49999999999998));
#10391=CARTESIAN_POINT('',(512.927831936867,364.542485631073,1.49999999999998));
#10392=CARTESIAN_POINT('',(512.927831936867,364.542485631073,1.49999999999998));
#10393=CARTESIAN_POINT('',(512.927831936867,350.542005631073,1.49999999999998));
#10394=CARTESIAN_POINT('',(512.927831936867,350.542005631073,1.49999999999998));
#10395=CARTESIAN_POINT('',(498.927351936867,350.542005631073,1.49999999999998));
#10396=CARTESIAN_POINT('',(517.929091936867,366.043626631073,1.49999999999998));
#10397=CARTESIAN_POINT('',(517.929091936867,352.043146631073,1.49999999999998));
#10398=CARTESIAN_POINT('',(517.929091936867,366.043626631073,1.49999999999998));
#10399=CARTESIAN_POINT('',(531.927031936867,366.043626631073,1.49999999999998));
#10400=CARTESIAN_POINT('',(531.927031936867,366.043626631073,1.49999999999998));
#10401=CARTESIAN_POINT('',(531.927031936867,352.043146631073,1.49999999999998));
#10402=CARTESIAN_POINT('',(531.927031936867,352.043146631073,1.49999999999998));
#10403=CARTESIAN_POINT('',(517.929091936867,352.043146631073,1.49999999999998));
#10404=CARTESIAN_POINT('',(551.027831936867,356.843746631073,1.49999999999998));
#10405=CARTESIAN_POINT('',(551.027831936867,370.844226631073,1.49999999999998));
#10406=CARTESIAN_POINT('',(551.027831936867,356.843746631073,1.49999999999998));
#10407=CARTESIAN_POINT('',(537.027351936867,356.843746631073,1.49999999999998));
#10408=CARTESIAN_POINT('',(537.027351936867,356.843746631073,1.49999999999998));
#10409=CARTESIAN_POINT('',(537.027351936867,370.844226631073,1.49999999999998));
#10410=CARTESIAN_POINT('',(537.027351936867,370.844226631073,1.49999999999998));
#10411=CARTESIAN_POINT('',(551.027831936867,370.844226631073,1.49999999999998));
#10412=CARTESIAN_POINT('',(570.027031936867,358.144227631073,1.49999999999999));
#10413=CARTESIAN_POINT('',(570.027031936867,372.142167631073,1.49999999999999));
#10414=CARTESIAN_POINT('',(570.027031936867,358.144227631073,1.49999999999999));
#10415=CARTESIAN_POINT('',(556.029091936867,358.144227631073,1.49999999999998));
#10416=CARTESIAN_POINT('',(556.029091936867,358.144227631073,1.49999999999998));
#10417=CARTESIAN_POINT('',(556.029091936867,372.142167631073,1.49999999999998));
#10418=CARTESIAN_POINT('',(556.029091936867,372.142167631073,1.49999999999998));
#10419=CARTESIAN_POINT('',(570.027031936867,372.142167631073,1.49999999999999));
#10420=CARTESIAN_POINT('',(575.127351936867,356.843746631073,1.49999999999999));
#10421=CARTESIAN_POINT('',(589.127831936867,356.843746631073,1.49999999999999));
#10422=CARTESIAN_POINT('',(575.127351936867,356.843746631073,1.49999999999999));
#10423=CARTESIAN_POINT('',(575.127351936867,370.844226631073,1.49999999999999));
#10424=CARTESIAN_POINT('',(575.127351936867,370.844226631073,1.49999999999999));
#10425=CARTESIAN_POINT('',(589.127831936867,370.844226631073,1.49999999999999));
#10426=CARTESIAN_POINT('',(589.127831936867,370.844226631073,1.49999999999999));
#10427=CARTESIAN_POINT('',(589.127831936867,356.843746631073,1.49999999999999));
#10428=CARTESIAN_POINT('',(608.127031936867,354.443445631073,1.49999999999999));
#10429=CARTESIAN_POINT('',(608.127031936867,368.443925631073,1.49999999999999));
#10430=CARTESIAN_POINT('',(608.127031936867,354.443445631073,1.49999999999999));
#10431=CARTESIAN_POINT('',(594.129091936867,354.443445631073,1.49999999999999));
#10432=CARTESIAN_POINT('',(594.129091936867,354.443445631073,1.49999999999999));
#10433=CARTESIAN_POINT('',(594.129091936867,368.443925631073,1.49999999999999));
#10434=CARTESIAN_POINT('',(594.129091936867,368.443925631073,1.49999999999999));
#10435=CARTESIAN_POINT('',(608.127031936867,368.443925631073,1.49999999999999));
#10436=CARTESIAN_POINT('',(608.127031936867,373.442645631073,1.49999999999999));
#10437=CARTESIAN_POINT('',(608.127031936867,387.443125631073,1.49999999999999));
#10438=CARTESIAN_POINT('',(608.127031936867,373.442645631073,1.49999999999999));
#10439=CARTESIAN_POINT('',(594.129091936867,373.442645631073,1.49999999999999));
#10440=CARTESIAN_POINT('',(594.129091936867,373.442645631073,1.49999999999999));
#10441=CARTESIAN_POINT('',(594.129091936867,387.443125631073,1.49999999999999));
#10442=CARTESIAN_POINT('',(594.129091936867,387.443125631073,1.49999999999999));
#10443=CARTESIAN_POINT('',(608.127031936867,387.443125631073,1.49999999999999));
#10444=CARTESIAN_POINT('',(575.127351936867,375.842946631073,1.49999999999999));
#10445=CARTESIAN_POINT('',(589.127831936867,375.842946631073,1.49999999999999));
#10446=CARTESIAN_POINT('',(575.127351936867,375.842946631073,1.49999999999999));
#10447=CARTESIAN_POINT('',(575.127351936867,389.843426631073,1.49999999999999));
#10448=CARTESIAN_POINT('',(575.127351936867,389.843426631073,1.49999999999999));
#10449=CARTESIAN_POINT('',(589.127831936867,389.843426631073,1.49999999999999));
#10450=CARTESIAN_POINT('',(589.127831936867,389.843426631073,1.49999999999999));
#10451=CARTESIAN_POINT('',(589.127831936867,375.842946631073,1.49999999999999));
#10452=CARTESIAN_POINT('',(556.029091936867,377.242487631073,1.49999999999998));
#10453=CARTESIAN_POINT('',(570.027031936867,377.242487631073,1.49999999999999));
#10454=CARTESIAN_POINT('',(556.029091936867,377.242487631073,1.49999999999998));
#10455=CARTESIAN_POINT('',(556.029091936867,391.242967631073,1.49999999999998));
#10456=CARTESIAN_POINT('',(556.029091936867,391.242967631073,1.49999999999998));
#10457=CARTESIAN_POINT('',(570.027031936867,391.242967631073,1.49999999999999));
#10458=CARTESIAN_POINT('',(570.027031936867,391.242967631073,1.49999999999999));
#10459=CARTESIAN_POINT('',(570.027031936867,377.242487631073,1.49999999999999));
#10460=CARTESIAN_POINT('',(537.027351936867,375.942006631073,1.49999999999998));
#10461=CARTESIAN_POINT('',(551.027831936867,375.942006631073,1.49999999999998));
#10462=CARTESIAN_POINT('',(537.027351936867,375.942006631073,1.49999999999998));
#10463=CARTESIAN_POINT('',(537.027351936867,389.942486631073,1.49999999999998));
#10464=CARTESIAN_POINT('',(537.027351936867,389.942486631073,1.49999999999998));
#10465=CARTESIAN_POINT('',(551.027831936867,389.942486631073,1.49999999999998));
#10466=CARTESIAN_POINT('',(551.027831936867,389.942486631073,1.49999999999998));
#10467=CARTESIAN_POINT('',(551.027831936867,375.942006631073,1.49999999999998));
#10468=CARTESIAN_POINT('',(517.929091936867,385.243486631073,1.49999999999998));
#10469=CARTESIAN_POINT('',(517.929091936867,371.243006631073,1.49999999999998));
#10470=CARTESIAN_POINT('',(517.929091936867,385.243486631073,1.49999999999998));
#10471=CARTESIAN_POINT('',(531.927031936867,385.243486631073,1.49999999999998));
#10472=CARTESIAN_POINT('',(531.927031936867,385.243486631073,1.49999999999998));
#10473=CARTESIAN_POINT('',(531.927031936867,371.243006631073,1.49999999999998));
#10474=CARTESIAN_POINT('',(531.927031936867,371.243006631073,1.49999999999998));
#10475=CARTESIAN_POINT('',(517.929091936867,371.243006631073,1.49999999999998));
#10476=CARTESIAN_POINT('',(498.927351936867,383.742345631073,1.49999999999998));
#10477=CARTESIAN_POINT('',(498.927351936867,369.744405631073,1.49999999999998));
#10478=CARTESIAN_POINT('',(498.927351936867,383.742345631073,1.49999999999998));
#10479=CARTESIAN_POINT('',(512.927831936867,383.742345631073,1.49999999999998));
#10480=CARTESIAN_POINT('',(512.927831936867,383.742345631073,1.49999999999998));
#10481=CARTESIAN_POINT('',(512.927831936867,369.744405631073,1.49999999999998));
#10482=CARTESIAN_POINT('',(512.927831936867,369.744405631073,1.49999999999998));
#10483=CARTESIAN_POINT('',(498.927351936867,369.744405631073,1.49999999999998));
#10484=CARTESIAN_POINT('',(512.927831936867,402.642485631073,1.49999999999998));
#10485=CARTESIAN_POINT('',(498.927351936867,402.642485631073,1.49999999999998));
#10486=CARTESIAN_POINT('',(512.927831936867,402.642485631073,1.49999999999998));
#10487=CARTESIAN_POINT('',(512.927831936867,388.642005631073,1.49999999999998));
#10488=CARTESIAN_POINT('',(512.927831936867,388.642005631073,1.49999999999998));
#10489=CARTESIAN_POINT('',(498.927351936867,388.642005631073,1.49999999999998));
#10490=CARTESIAN_POINT('',(498.927351936867,388.642005631073,1.49999999999998));
#10491=CARTESIAN_POINT('',(498.927351936867,402.642485631073,1.49999999999998));
#10492=CARTESIAN_POINT('',(531.927031936867,390.143146631073,1.49999999999998));
#10493=CARTESIAN_POINT('',(531.927031936867,404.143626631073,1.49999999999998));
#10494=CARTESIAN_POINT('',(531.927031936867,390.143146631073,1.49999999999998));
#10495=CARTESIAN_POINT('',(517.929091936867,390.143146631073,1.49999999999998));
#10496=CARTESIAN_POINT('',(517.929091936867,390.143146631073,1.49999999999998));
#10497=CARTESIAN_POINT('',(517.929091936867,404.143626631073,1.49999999999998));
#10498=CARTESIAN_POINT('',(517.929091936867,404.143626631073,1.49999999999998));
#10499=CARTESIAN_POINT('',(531.927031936867,404.143626631073,1.49999999999998));
#10500=CARTESIAN_POINT('',(537.027351936867,408.944226631073,1.49999999999998));
#10501=CARTESIAN_POINT('',(537.027351936867,394.943746631073,1.49999999999998));
#10502=CARTESIAN_POINT('',(537.027351936867,408.944226631073,1.49999999999998));
#10503=CARTESIAN_POINT('',(551.027831936867,408.944226631073,1.49999999999998));
#10504=CARTESIAN_POINT('',(551.027831936867,408.944226631073,1.49999999999998));
#10505=CARTESIAN_POINT('',(551.027831936867,394.943746631073,1.49999999999998));
#10506=CARTESIAN_POINT('',(551.027831936867,394.943746631073,1.49999999999998));
#10507=CARTESIAN_POINT('',(537.027351936867,394.943746631073,1.49999999999998));
#10508=CARTESIAN_POINT('',(556.029091936867,410.333607631073,1.49999999999998));
#10509=CARTESIAN_POINT('',(556.029091936867,396.333127631073,1.49999999999998));
#10510=CARTESIAN_POINT('',(556.029091936867,410.333607631073,1.49999999999998));
#10511=CARTESIAN_POINT('',(570.027031936867,410.333607631073,1.49999999999999));
#10512=CARTESIAN_POINT('',(570.027031936867,410.333607631073,1.49999999999999));
#10513=CARTESIAN_POINT('',(570.027031936867,396.333127631073,1.49999999999999));
#10514=CARTESIAN_POINT('',(570.027031936867,396.333127631073,1.49999999999999));
#10515=CARTESIAN_POINT('',(556.029091936867,396.333127631073,1.49999999999998));
#10516=CARTESIAN_POINT('',(589.127821936867,394.943712631073,1.49999999999999));
#10517=CARTESIAN_POINT('',(589.127821936867,408.944192631073,1.49999999999999));
#10518=CARTESIAN_POINT('',(589.127821936867,394.943712631073,1.49999999999999));
#10519=CARTESIAN_POINT('',(575.127341936867,394.943712631073,1.49999999999999));
#10520=CARTESIAN_POINT('',(575.127341936867,394.943712631073,1.49999999999999));
#10521=CARTESIAN_POINT('',(575.127341936867,408.944192631073,1.49999999999999));
#10522=CARTESIAN_POINT('',(575.127341936867,408.944192631073,1.49999999999999));
#10523=CARTESIAN_POINT('',(589.127821936867,408.944192631073,1.49999999999999));
#10524=CARTESIAN_POINT('',(594.129081936867,392.543412631073,1.49999999999999));
#10525=CARTESIAN_POINT('',(608.127021936867,392.543412631073,1.49999999999999));
#10526=CARTESIAN_POINT('',(594.129081936867,392.543412631073,1.49999999999999));
#10527=CARTESIAN_POINT('',(594.129081936867,406.543892631073,1.49999999999999));
#10528=CARTESIAN_POINT('',(594.129081936867,406.543892631073,1.49999999999999));
#10529=CARTESIAN_POINT('',(608.127021936867,406.543892631073,1.49999999999999));
#10530=CARTESIAN_POINT('',(608.127021936867,406.543892631073,1.49999999999999));
#10531=CARTESIAN_POINT('',(608.127021936867,392.543412631073,1.49999999999999));
#10532=CARTESIAN_POINT('',(565.627751936867,332.792486631073,1.49999999999999));
#10533=CARTESIAN_POINT('',(565.627751936867,318.792009631073,1.49999999999999));
#10534=CARTESIAN_POINT('',(565.627751936867,332.792486631073,1.49999999999999));
#10535=CARTESIAN_POINT('',(579.628231936867,332.792486631073,1.49999999999999));
#10536=CARTESIAN_POINT('',(579.628231936867,332.792486631073,1.49999999999999));
#10537=CARTESIAN_POINT('',(579.628231936867,318.792009631073,1.49999999999999));
#10538=CARTESIAN_POINT('',(579.628231936867,318.792009631073,1.49999999999999));
#10539=CARTESIAN_POINT('',(565.627751936867,318.792009631073,1.49999999999999));
#10540=CARTESIAN_POINT('',(588.797633936867,331.697747631073,1.49999999999999));
#10541=CARTESIAN_POINT('',(585.175593936867,318.174789631073,1.49999999999999));
#10542=CARTESIAN_POINT('',(588.797633936867,331.697747631073,1.49999999999999));
#10543=CARTESIAN_POINT('',(602.320593936867,328.073169631073,1.49999999999999));
#10544=CARTESIAN_POINT('',(602.320593936867,328.073169631073,1.49999999999999));
#10545=CARTESIAN_POINT('',(598.698553936867,314.550209631073,1.49999999999999));
#10546=CARTESIAN_POINT('',(598.698553936867,314.550209631073,1.49999999999999));
#10547=CARTESIAN_POINT('',(585.175593936867,318.174789631073,1.49999999999999));
#10548=CARTESIAN_POINT('Origin',(568.725505386558,417.425495071315,1.49999999999999));
#10549=CARTESIAN_POINT('',(577.725505386559,417.425495071315,-1.34777673717434E-14));
#10550=CARTESIAN_POINT('',(576.725505386558,417.425495071315,-1.36002320516582E-14));
#10551=CARTESIAN_POINT('',(577.725505386559,417.425495071315,1.49999999999999));
#10552=CARTESIAN_POINT('Origin',(569.5298903435,312.834609631073,1.49999999999999));
#10553=CARTESIAN_POINT('',(567.5298903435,312.834609631073,-1.47104550762833E-14));
#10554=CARTESIAN_POINT('',(569.5298903435,310.834609631073,-1.44655257164538E-14));
#10555=CARTESIAN_POINT('Origin',(569.5298903435,312.834609631073,-1.47104550762833E-14));
#10556=CARTESIAN_POINT('',(569.5298903435,310.834609631073,1.49999999999999));
#10557=CARTESIAN_POINT('',(567.5298903435,312.834609631073,1.49999999999999));
#10558=CARTESIAN_POINT('Origin',(575.5298903435,310.834609631073,1.49999999999999));
#10559=CARTESIAN_POINT('',(567.5298903435,310.834609631073,-1.47104550762833E-14));
#10560=CARTESIAN_POINT('Origin',(573.5298903435,312.834609631073,1.49999999999999));
#10561=CARTESIAN_POINT('',(575.5298903435,312.834609631073,-1.38777878078145E-14));
#10562=CARTESIAN_POINT('Origin',(573.5298903435,312.834609631073,-1.41553435639707E-14));
#10563=CARTESIAN_POINT('',(575.5298903435,312.834609631073,1.49999999999999));
#10564=CARTESIAN_POINT('Origin',(493.159411157988,365.183386744423,1.49999999999998));
#10565=CARTESIAN_POINT('',(493.159411157988,363.183386744423,-2.38144877775028E-14));
#10566=CARTESIAN_POINT('Origin',(493.159411157988,365.183386744423,-2.38697950294409E-14));
#10567=CARTESIAN_POINT('',(493.159411157988,363.183386744423,1.49999999999998));
#10568=CARTESIAN_POINT('Origin',(491.159411157988,371.183386238128,1.49999999999998));
#10569=CARTESIAN_POINT('',(491.159411157988,369.183386238128,-2.41473507855972E-14));
#10570=CARTESIAN_POINT('',(491.159411157988,369.183386238128,1.49999999999998));
#10571=CARTESIAN_POINT('',(491.159411157988,364.4205919346,-2.41473507855972E-14));
#10572=CARTESIAN_POINT('Origin',(493.159411157988,369.183386238128,1.49999999999998));
#10573=CARTESIAN_POINT('',(493.159411157988,371.183386238128,-2.39151230698333E-14));
#10574=CARTESIAN_POINT('',(493.159411157988,371.183386238128,1.49999999999998));
#10575=CARTESIAN_POINT('Origin',(493.159411157988,369.183386238128,-2.38697950294409E-14));
#10576=CARTESIAN_POINT('Origin',(497.335739692062,371.183386238128,1.49999999999998));
#10577=CARTESIAN_POINT('',(496.659411189631,371.183386238128,-2.35393679797706E-14));
#10578=CARTESIAN_POINT('',(496.659411189631,371.183386238128,1.49999999999998));
#10579=CARTESIAN_POINT('',(529.792178597682,371.183386238128,-1.94289029309402E-14));
#10580=CARTESIAN_POINT('Origin',(577.725505386559,415.425495071315,1.49999999999999));
#10581=CARTESIAN_POINT('',(575.725505386558,415.425495071315,-1.38777878078145E-14));
#10582=CARTESIAN_POINT('Origin',(577.725505386559,415.425495071315,-1.36002320516582E-14));
#10583=CARTESIAN_POINT('',(575.725505386558,415.425495071315,1.49999999999999));
#10584=CARTESIAN_POINT('Origin',(568.725505386558,417.425495071315,1.49999999999999));
#10585=CARTESIAN_POINT('',(581.725505386558,417.425495071315,-1.29879086520845E-14));
#10586=CARTESIAN_POINT('',(581.725505386558,417.425495071315,1.49999999999999));
#10587=CARTESIAN_POINT('',(576.725505386558,417.425495071315,-1.36002320516582E-14));
#10588=CARTESIAN_POINT('Origin',(581.725505386558,415.425495071315,1.49999999999999));
#10589=CARTESIAN_POINT('',(583.725505386558,415.425495071315,-1.29063426612674E-14));
#10590=CARTESIAN_POINT('Origin',(581.725505386558,415.425495071315,-1.30451205393456E-14));
#10591=CARTESIAN_POINT('',(583.725505386558,415.425495071315,1.49999999999999));
#10592=CARTESIAN_POINT('Origin',(575.5298903435,315.834609631073,1.49999999999999));
#10593=CARTESIAN_POINT('',(575.5298903435,316.334609631073,-1.38777878078145E-14));
#10594=CARTESIAN_POINT('',(575.5298903435,310.834609631073,-1.38777878078145E-14));
#10595=CARTESIAN_POINT('',(575.5298903435,316.334609631073,1.49999999999999));
#10596=CARTESIAN_POINT('Origin',(567.5298903435,310.834609631073,1.49999999999999));
#10597=CARTESIAN_POINT('',(567.5298903435,316.334609631073,-1.47104550762833E-14));
#10598=CARTESIAN_POINT('',(567.5298903435,316.334609631073,1.49999999999999));
#10599=CARTESIAN_POINT('',(567.5298903435,316.696100423466,-1.47104550762833E-14));
#10600=CARTESIAN_POINT('Origin',(581.630130936867,316.334609631073,1.49999999999999));
#10601=CARTESIAN_POINT('',(584.224664333882,316.334609631073,-1.27956541234108E-14));
#10602=CARTESIAN_POINT('',(571.939374220084,316.334609631073,-1.42941214420489E-14));
#10603=CARTESIAN_POINT('',(584.224664333882,316.334609631073,1.49999999999999));
#10604=CARTESIAN_POINT('Origin',(581.630130936867,316.334609631073,1.49999999999999));
#10605=CARTESIAN_POINT('',(558.86331682,316.334609631073,-1.59588713557737E-14));
#10606=CARTESIAN_POINT('',(558.86331682,316.334609631073,1.49999999999998));
#10607=CARTESIAN_POINT('',(571.939374220084,316.334609631073,-1.42941214420489E-14));
#10608=CARTESIAN_POINT('Origin',(583.725505386558,417.425495071315,1.49999999999999));
#10609=CARTESIAN_POINT('',(583.725505386558,411.92550284174,-1.28369537222284E-14));
#10610=CARTESIAN_POINT('',(583.725505386558,411.92550284174,1.49999999999999));
#10611=CARTESIAN_POINT('',(583.725505386558,387.541646351194,-1.29063426612674E-14));
#10612=CARTESIAN_POINT('Origin',(575.725505386558,412.425486813034,1.49999999999999));
#10613=CARTESIAN_POINT('',(575.725505386558,411.92549396125,-1.38777878078145E-14));
#10614=CARTESIAN_POINT('',(575.725505386558,385.041642222053,-1.38777878078145E-14));
#10615=CARTESIAN_POINT('',(575.725505386558,411.92549396125,1.49999999999999));
#10616=CARTESIAN_POINT('Origin',(534.889760491898,411.925448631073,1.49999999999998));
#10617=CARTESIAN_POINT('',(534.930024371941,411.925448675769,-1.88787559818535E-14));
#10618=CARTESIAN_POINT('',(548.569158877375,411.925463816043,-1.73472347597681E-14));
#10619=CARTESIAN_POINT('',(534.930024371941,411.925448675769,1.49999999999998));
#10620=CARTESIAN_POINT('Origin',(534.889760491898,411.925448631073,1.49999999999998));
#10621=CARTESIAN_POINT('',(610.061261936867,411.925532076042,-9.70555502641958E-15));
#10622=CARTESIAN_POINT('',(610.061261936867,411.925532076042,1.49999999999999));
#10623=CARTESIAN_POINT('',(548.569158877375,411.925463816043,-1.73472347597681E-14));
#10624=CARTESIAN_POINT('Origin',(496.644123905224,328.214066745042,1.49999999999998));
#10625=CARTESIAN_POINT('',(496.656565013127,363.183386744423,-2.33504467335744E-14));
#10626=CARTESIAN_POINT('',(496.656565013127,363.183386744423,1.49999999999998));
#10627=CARTESIAN_POINT('',(496.644288113094,328.675620299867,-2.35872713637046E-14));
#10628=CARTESIAN_POINT('',(496.649365685235,342.94760044693,-2.35922392732846E-14));
#10629=CARTESIAN_POINT('',(496.644288113094,328.675620299867,1.49999999999998));
#10630=CARTESIAN_POINT('Origin',(496.644123905224,328.214066745042,1.49999999999998));
#10631=CARTESIAN_POINT('',(496.671699588294,405.72347289703,-2.35861523845259E-14));
#10632=CARTESIAN_POINT('',(496.671699588294,405.72347289703,1.49999999999998));
#10633=CARTESIAN_POINT('',(496.649365685235,342.94760044693,-2.35922392732846E-14));
#10634=CARTESIAN_POINT('Origin',(491.159411157988,363.183386744423,1.49999999999998));
#10635=CARTESIAN_POINT('',(526.704014330644,363.183386744423,-1.97064586870965E-14));
#10636=CARTESIAN_POINT('Origin',(562.248617503301,357.657797631073,-1.55431223447522E-14));
#10637=CARTESIAN_POINT('',(545.363399536545,312.584529631073,-1.75276634780113E-14));
#10638=CARTESIAN_POINT('',(567.530156951094,318.742131333347,-1.49880108324396E-14));
#10639=CARTESIAN_POINT('',(525.607454528172,312.584529631073,-1.99994665089035E-14));
#10640=CARTESIAN_POINT('',(552.940111220084,312.584529631073,-1.66533453693773E-14));
#10641=CARTESIAN_POINT('',(516.797408498441,327.054233245424,-2.1099255014342E-14));
#10642=CARTESIAN_POINT('',(520.776943303641,320.51820733138,-2.06779038336435E-14));
#10643=CARTESIAN_POINT('',(538.026550469529,325.346276595997,-1.84574577843932E-14));
#10644=CARTESIAN_POINT('',(524.61450232448,410.253221304466,-2.0122792321331E-14));
#10645=CARTESIAN_POINT('',(610.061261936867,352.803234631073,-9.70555502641958E-15));
#10646=CARTESIAN_POINT('',(610.061261936867,385.041665131073,-9.71445146547012E-15));
#10647=CARTESIAN_POINT('',(632.807912195708,352.803234631073,-6.92662957101721E-15));
#10648=CARTESIAN_POINT('',(586.404939720084,352.803234631073,-1.26287869051112E-14));
#10649=CARTESIAN_POINT('',(632.83906808759,333.376985365611,-6.92535773890826E-15));
#10650=CARTESIAN_POINT('',(632.803528268993,355.536690423254,-7.07767178198537E-15));
#10651=CARTESIAN_POINT('',(630.020297449291,327.370915789449,-7.22546152433655E-15));
#10652=CARTESIAN_POINT('',(631.161205059069,329.801894171015,-7.07767178198537E-15));
#10653=CARTESIAN_POINT('',(616.249650571919,303.515267053993,-8.89782383631378E-15));
#10654=CARTESIAN_POINT('',(628.113092521927,324.066959830162,-7.49400541621981E-15));
#10655=CARTESIAN_POINT('',(583.839298667433,316.488868385751,-1.29063426612674E-14));
#10656=CARTESIAN_POINT('',(629.574896936867,339.191495631073,-7.21644966006352E-15));
#10657=CARTESIAN_POINT('',(629.574896936867,351.177318631073,-7.21644966006352E-15));
#10658=CARTESIAN_POINT('',(629.574896936867,244.588294706253,-7.21644966006352E-15));
#10659=CARTESIAN_POINT('',(613.914119936867,351.177318631073,-9.15933995315754E-15));
#10660=CARTESIAN_POINT('',(532.807216897126,351.177318631073,-1.9151347174784E-14));
#10661=CARTESIAN_POINT('',(613.914119936867,339.191495631073,-9.15933995315754E-15));
#10662=CARTESIAN_POINT('',(613.914119936867,250.581206206253,-9.15933995315754E-15));
#10663=CARTESIAN_POINT('',(524.976828397126,339.191495631073,-1.99840144432528E-14));
#10664=CARTESIAN_POINT('',(613.105432936867,329.035829631073,-9.15933995315754E-15));
#10665=CARTESIAN_POINT('',(606.105192936867,316.909869631073,-9.99200722162641E-15));
#10666=CARTESIAN_POINT('',(552.211729108949,223.55450086675,-1.66533453693773E-14));
#10667=CARTESIAN_POINT('',(618.231152936867,309.912169631073,-8.60422844084496E-15));
#10668=CARTESIAN_POINT('',(578.447820043174,332.870502710696,-1.33226762955019E-14));
#10669=CARTESIAN_POINT('',(625.231392936867,322.035589631073,-7.7715611723761E-15));
#10670=CARTESIAN_POINT('',(560.826235999345,210.495018490726,-1.55431223447522E-14));
#10671=CARTESIAN_POINT('',(591.529168725043,341.491670470576,-1.19348975147204E-14));
#10672=CARTESIAN_POINT('',(560.527431936867,318.792009631073,-1.55431223447522E-14));
#10673=CARTESIAN_POINT('',(560.527431936867,332.792486631073,-1.55431223447522E-14));
#10674=CARTESIAN_POINT('',(560.527431936867,234.388551706253,-1.55431223447522E-14));
#10675=CARTESIAN_POINT('',(546.526951936867,332.792486631073,-1.74860126378462E-14));
#10676=CARTESIAN_POINT('',(498.283484397126,332.792486631073,-2.33146835171283E-14));
#10677=CARTESIAN_POINT('',(546.526951936867,318.792009631073,-1.74860126378462E-14));
#10678=CARTESIAN_POINT('',(546.526951936867,241.388790206253,-1.74860126378462E-14));
#10679=CARTESIAN_POINT('',(491.283244397126,318.792009631073,-2.41473507855972E-14));
#10680=CARTESIAN_POINT('',(527.428691936867,328.642129631073,-1.97064586870965E-14));
#10681=CARTESIAN_POINT('',(527.428691936867,314.644189631073,-1.97064586870965E-14));
#10682=CARTESIAN_POINT('',(527.428691936867,239.313611706253,-1.97064586870965E-14));
#10683=CARTESIAN_POINT('',(541.429171936867,314.644189631073,-1.80411241501588E-14));
#10684=CARTESIAN_POINT('',(481.734114397126,314.644189631073,-2.52575738102223E-14));
#10685=CARTESIAN_POINT('',(541.429171936867,328.642129631073,-1.80411241501588E-14));
#10686=CARTESIAN_POINT('',(541.429171936867,232.314641706253,-1.80411241501588E-14));
#10687=CARTESIAN_POINT('',(488.734354397126,328.642129631073,-2.44249065417534E-14));
#10688=CARTESIAN_POINT('',(498.879091936867,345.543285631073,-2.33146835171283E-14));
#10689=CARTESIAN_POINT('',(498.879091936867,331.542805631073,-2.33146835171283E-14));
#10690=CARTESIAN_POINT('',(498.879091936867,247.764189706253,-2.33146835171283E-14));
#10691=CARTESIAN_POINT('',(512.877031936867,331.542805631073,-2.13717932240343E-14));
#10692=CARTESIAN_POINT('',(467.459314397126,331.542805631073,-2.692290834716E-14));
#10693=CARTESIAN_POINT('',(512.877031936867,345.543285631073,-2.13717932240343E-14));
#10694=CARTESIAN_POINT('',(512.877031936867,240.763949706253,-2.13717932240343E-14));
#10695=CARTESIAN_POINT('',(474.458284397126,345.543285631073,-2.60902410786912E-14));
#10696=CARTESIAN_POINT('',(517.929091936867,347.044426631073,-2.08166817117217E-14));
#10697=CARTESIAN_POINT('',(517.929091936867,333.043946631073,-2.08166817117217E-14));
#10698=CARTESIAN_POINT('',(517.929091936867,248.514760206253,-2.08166817117217E-14));
#10699=CARTESIAN_POINT('',(531.927031936867,333.043946631073,-1.9151347174784E-14));
#10700=CARTESIAN_POINT('',(476.984314397126,333.043946631073,-2.58126853225349E-14));
#10701=CARTESIAN_POINT('',(531.927031936867,347.044426631073,-1.9151347174784E-14));
#10702=CARTESIAN_POINT('',(531.927031936867,241.514520206253,-1.9151347174784E-14));
#10703=CARTESIAN_POINT('',(483.983284397126,347.044426631073,-2.4980018054066E-14));
#10704=CARTESIAN_POINT('',(537.027351936867,351.743426631073,-1.85962356624714E-14));
#10705=CARTESIAN_POINT('',(537.027351936867,337.742946631073,-1.85962356624714E-14));
#10706=CARTESIAN_POINT('',(537.027351936867,250.864260206253,-1.85962356624714E-14));
#10707=CARTESIAN_POINT('',(551.027831936867,337.742946631073,-1.69309011255336E-14));
#10708=CARTESIAN_POINT('',(486.533444397126,337.742946631073,-2.47024622979097E-14));
#10709=CARTESIAN_POINT('',(551.027831936867,351.743426631073,-1.69309011255336E-14));
#10710=CARTESIAN_POINT('',(551.027831936867,243.864020206253,-1.69309011255336E-14));
#10711=CARTESIAN_POINT('',(493.533684397126,351.743426631073,-2.38697950294409E-14));
#10712=CARTESIAN_POINT('',(556.029091936867,339.142484631073,-1.60982338570648E-14));
#10713=CARTESIAN_POINT('',(570.027031936867,339.142484631073,-1.4432899320127E-14));
#10714=CARTESIAN_POINT('',(496.034314397126,339.142484631073,-2.35922392732846E-14));
#10715=CARTESIAN_POINT('',(570.027031936867,353.142964631073,-1.4432899320127E-14));
#10716=CARTESIAN_POINT('',(570.027031936867,244.563789206253,-1.4432899320127E-14));
#10717=CARTESIAN_POINT('',(556.029091936867,353.142964631073,-1.60982338570648E-14));
#10718=CARTESIAN_POINT('',(503.033284397126,353.142964631073,-2.27595720048157E-14));
#10719=CARTESIAN_POINT('',(556.029091936867,251.564029206253,-1.60982338570648E-14));
#10720=CARTESIAN_POINT('',(589.127831936867,337.742946631073,-1.22124532708767E-14));
#10721=CARTESIAN_POINT('',(589.127831936867,351.743426631073,-1.22124532708767E-14));
#10722=CARTESIAN_POINT('',(589.127831936867,243.864020206253,-1.22124532708767E-14));
#10723=CARTESIAN_POINT('',(575.127351936867,351.743426631073,-1.38777878078145E-14));
#10724=CARTESIAN_POINT('',(512.583684397126,351.743426631073,-2.16493489801906E-14));
#10725=CARTESIAN_POINT('',(575.127351936867,337.742946631073,-1.38777878078145E-14));
#10726=CARTESIAN_POINT('',(575.127351936867,250.864260206253,-1.38777878078145E-14));
#10727=CARTESIAN_POINT('',(505.583444397126,337.742946631073,-2.24820162486594E-14));
#10728=CARTESIAN_POINT('',(608.127031936867,349.442185631073,-9.71445146547012E-15));
#10729=CARTESIAN_POINT('',(594.129091936867,349.442185631073,-1.16573417585641E-14));
#10730=CARTESIAN_POINT('',(522.083284397126,349.442185631073,-2.02615701994091E-14));
#10731=CARTESIAN_POINT('',(594.129091936867,335.444245631073,-1.16573417585641E-14));
#10732=CARTESIAN_POINT('',(594.129091936867,249.713639706253,-1.16573417585641E-14));
#10733=CARTESIAN_POINT('',(608.127031936867,335.444245631073,-9.71445146547012E-15));
#10734=CARTESIAN_POINT('',(515.084314397126,335.444245631073,-2.1094237467878E-14));
#10735=CARTESIAN_POINT('',(608.127031936867,242.714669706253,-9.71445146547012E-15));
#10736=CARTESIAN_POINT('',(498.927351936867,364.542485631073,-2.33146835171283E-14));
#10737=CARTESIAN_POINT('',(498.927351936867,350.542005631073,-2.33146835171283E-14));
#10738=CARTESIAN_POINT('',(498.927351936867,257.263789706253,-2.33146835171283E-14));
#10739=CARTESIAN_POINT('',(512.927831936867,350.542005631073,-2.13717932240343E-14));
#10740=CARTESIAN_POINT('',(467.483444397126,350.542005631073,-2.692290834716E-14));
#10741=CARTESIAN_POINT('',(512.927831936867,364.542485631073,-2.13717932240343E-14));
#10742=CARTESIAN_POINT('',(512.927831936867,250.263549706253,-2.13717932240343E-14));
#10743=CARTESIAN_POINT('',(474.483684397126,364.542485631073,-2.60902410786912E-14));
#10744=CARTESIAN_POINT('',(517.929091936867,366.043626631073,-2.08166817117217E-14));
#10745=CARTESIAN_POINT('',(517.929091936867,352.043146631073,-2.08166817117217E-14));
#10746=CARTESIAN_POINT('',(517.929091936867,258.014360206253,-2.08166817117217E-14));
#10747=CARTESIAN_POINT('',(531.927031936867,352.043146631073,-1.9151347174784E-14));
#10748=CARTESIAN_POINT('',(476.984314397126,352.043146631073,-2.58126853225349E-14));
#10749=CARTESIAN_POINT('',(531.927031936867,366.043626631073,-1.9151347174784E-14));
#10750=CARTESIAN_POINT('',(531.927031936867,251.014120206253,-1.9151347174784E-14));
#10751=CARTESIAN_POINT('',(483.983284397126,366.043626631073,-2.4980018054066E-14));
#10752=CARTESIAN_POINT('',(551.027831936867,356.843746631073,-1.69309011255336E-14));
#10753=CARTESIAN_POINT('',(551.027831936867,370.844226631073,-1.69309011255336E-14));
#10754=CARTESIAN_POINT('',(551.027831936867,253.414420206253,-1.69309011255336E-14));
#10755=CARTESIAN_POINT('',(537.027351936867,370.844226631073,-1.85962356624714E-14));
#10756=CARTESIAN_POINT('',(493.533684397126,370.844226631073,-2.38697950294409E-14));
#10757=CARTESIAN_POINT('',(537.027351936867,356.843746631073,-1.85962356624714E-14));
#10758=CARTESIAN_POINT('',(537.027351936867,260.414660206253,-1.85962356624714E-14));
#10759=CARTESIAN_POINT('',(486.533444397126,356.843746631073,-2.47024622979097E-14));
#10760=CARTESIAN_POINT('',(570.027031936867,358.144227631073,-1.4432899320127E-14));
#10761=CARTESIAN_POINT('',(570.027031936867,372.142167631073,-1.4432899320127E-14));
#10762=CARTESIAN_POINT('',(570.027031936867,254.064660706253,-1.4432899320127E-14));
#10763=CARTESIAN_POINT('',(556.029091936867,372.142167631073,-1.60982338570648E-14));
#10764=CARTESIAN_POINT('',(503.033284397126,372.142167631073,-2.27595720048157E-14));
#10765=CARTESIAN_POINT('',(556.029091936867,358.144227631073,-1.60982338570648E-14));
#10766=CARTESIAN_POINT('',(556.029091936867,261.063630706253,-1.60982338570648E-14));
#10767=CARTESIAN_POINT('',(496.034314397126,358.144227631073,-2.35922392732846E-14));
#10768=CARTESIAN_POINT('',(575.127351936867,356.843746631073,-1.38777878078145E-14));
#10769=CARTESIAN_POINT('',(589.127831936867,356.843746631073,-1.22124532708767E-14));
#10770=CARTESIAN_POINT('',(505.583444397126,356.843746631073,-2.24820162486594E-14));
#10771=CARTESIAN_POINT('',(589.127831936867,370.844226631073,-1.22124532708767E-14));
#10772=CARTESIAN_POINT('',(589.127831936867,253.414420206253,-1.22124532708767E-14));
#10773=CARTESIAN_POINT('',(575.127351936867,370.844226631073,-1.38777878078145E-14));
#10774=CARTESIAN_POINT('',(512.583684397126,370.844226631073,-2.16493489801906E-14));
#10775=CARTESIAN_POINT('',(575.127351936867,260.414660206253,-1.38777878078145E-14));
#10776=CARTESIAN_POINT('',(608.127031936867,354.443445631073,-9.71445146547012E-15));
#10777=CARTESIAN_POINT('',(608.127031936867,368.443925631073,-9.71445146547012E-15));
#10778=CARTESIAN_POINT('',(608.127031936867,252.214269706253,-9.71445146547012E-15));
#10779=CARTESIAN_POINT('',(594.129091936867,368.443925631073,-1.16573417585641E-14));
#10780=CARTESIAN_POINT('',(522.083284397126,368.443925631073,-2.02615701994091E-14));
#10781=CARTESIAN_POINT('',(594.129091936867,354.443445631073,-1.16573417585641E-14));
#10782=CARTESIAN_POINT('',(594.129091936867,259.214509706253,-1.16573417585641E-14));
#10783=CARTESIAN_POINT('',(515.084314397126,354.443445631073,-2.1094237467878E-14));
#10784=CARTESIAN_POINT('',(608.127031936867,373.442645631073,-9.71445146547012E-15));
#10785=CARTESIAN_POINT('',(608.127031936867,387.443125631073,-9.71445146547012E-15));
#10786=CARTESIAN_POINT('',(608.127031936867,261.713869706253,-9.71445146547012E-15));
#10787=CARTESIAN_POINT('',(594.129091936867,387.443125631073,-1.16573417585641E-14));
#10788=CARTESIAN_POINT('',(522.083284397126,387.443125631073,-2.02615701994091E-14));
#10789=CARTESIAN_POINT('',(594.129091936867,373.442645631073,-1.16573417585641E-14));
#10790=CARTESIAN_POINT('',(594.129091936867,268.714109706253,-1.16573417585641E-14));
#10791=CARTESIAN_POINT('',(515.084314397126,373.442645631073,-2.1094237467878E-14));
#10792=CARTESIAN_POINT('',(575.127351936867,375.842946631073,-1.38777878078145E-14));
#10793=CARTESIAN_POINT('',(589.127831936867,375.842946631073,-1.22124532708767E-14));
#10794=CARTESIAN_POINT('',(505.583444397126,375.842946631073,-2.24820162486594E-14));
#10795=CARTESIAN_POINT('',(589.127831936867,389.843426631073,-1.22124532708767E-14));
#10796=CARTESIAN_POINT('',(589.127831936867,262.914020206253,-1.22124532708767E-14));
#10797=CARTESIAN_POINT('',(575.127351936867,389.843426631073,-1.38777878078145E-14));
#10798=CARTESIAN_POINT('',(512.583684397126,389.843426631073,-2.16493489801906E-14));
#10799=CARTESIAN_POINT('',(575.127351936867,269.914260206253,-1.38777878078145E-14));
#10800=CARTESIAN_POINT('',(556.029091936867,377.242487631073,-1.60982338570648E-14));
#10801=CARTESIAN_POINT('',(570.027031936867,377.242487631073,-1.4432899320127E-14));
#10802=CARTESIAN_POINT('',(496.034314397126,377.242487631073,-2.35922392732846E-14));
#10803=CARTESIAN_POINT('',(570.027031936867,391.242967631073,-1.4432899320127E-14));
#10804=CARTESIAN_POINT('',(570.027031936867,263.613790706253,-1.4432899320127E-14));
#10805=CARTESIAN_POINT('',(556.029091936867,391.242967631073,-1.60982338570648E-14));
#10806=CARTESIAN_POINT('',(503.033284397126,391.242967631073,-2.27595720048157E-14));
#10807=CARTESIAN_POINT('',(556.029091936867,270.614030706253,-1.60982338570648E-14));
#10808=CARTESIAN_POINT('',(537.027351936867,375.942006631073,-1.85962356624714E-14));
#10809=CARTESIAN_POINT('',(551.027831936867,375.942006631073,-1.69309011255336E-14));
#10810=CARTESIAN_POINT('',(486.533444397126,375.942006631073,-2.47024622979097E-14));
#10811=CARTESIAN_POINT('',(551.027831936867,389.942486631073,-1.69309011255336E-14));
#10812=CARTESIAN_POINT('',(551.027831936867,262.963550206253,-1.69309011255336E-14));
#10813=CARTESIAN_POINT('',(537.027351936867,389.942486631073,-1.85962356624714E-14));
#10814=CARTESIAN_POINT('',(493.533684397126,389.942486631073,-2.38697950294409E-14));
#10815=CARTESIAN_POINT('',(537.027351936867,269.963790206253,-1.85962356624714E-14));
#10816=CARTESIAN_POINT('',(517.929091936867,385.243486631073,-2.08166817117217E-14));
#10817=CARTESIAN_POINT('',(517.929091936867,371.243006631073,-2.08166817117217E-14));
#10818=CARTESIAN_POINT('',(517.929091936867,267.614290206253,-2.08166817117217E-14));
#10819=CARTESIAN_POINT('',(531.927031936867,371.243006631073,-1.9151347174784E-14));
#10820=CARTESIAN_POINT('',(476.984314397126,371.243006631073,-2.58126853225349E-14));
#10821=CARTESIAN_POINT('',(531.927031936867,385.243486631073,-1.9151347174784E-14));
#10822=CARTESIAN_POINT('',(531.927031936867,260.614050206253,-1.9151347174784E-14));
#10823=CARTESIAN_POINT('',(483.983284397126,385.243486631073,-2.4980018054066E-14));
#10824=CARTESIAN_POINT('',(498.927351936867,383.742345631073,-2.33146835171283E-14));
#10825=CARTESIAN_POINT('',(498.927351936867,369.744405631073,-2.33146835171283E-14));
#10826=CARTESIAN_POINT('',(498.927351936867,266.863719706253,-2.33146835171283E-14));
#10827=CARTESIAN_POINT('',(512.927831936867,369.744405631073,-2.13717932240343E-14));
#10828=CARTESIAN_POINT('',(467.483444397126,369.744405631073,-2.692290834716E-14));
#10829=CARTESIAN_POINT('',(512.927831936867,383.742345631073,-2.13717932240343E-14));
#10830=CARTESIAN_POINT('',(512.927831936867,259.864749706253,-2.13717932240343E-14));
#10831=CARTESIAN_POINT('',(474.483684397126,383.742345631073,-2.60902410786912E-14));
#10832=CARTESIAN_POINT('',(512.927831936867,402.642485631073,-2.13717932240343E-14));
#10833=CARTESIAN_POINT('',(498.927351936867,402.642485631073,-2.33146835171283E-14));
#10834=CARTESIAN_POINT('',(474.483684397126,402.642485631073,-2.60902410786912E-14));
#10835=CARTESIAN_POINT('',(498.927351936867,388.642005631073,-2.33146835171283E-14));
#10836=CARTESIAN_POINT('',(498.927351936867,276.313789706253,-2.33146835171283E-14));
#10837=CARTESIAN_POINT('',(512.927831936867,388.642005631073,-2.13717932240343E-14));
#10838=CARTESIAN_POINT('',(467.483444397126,388.642005631073,-2.692290834716E-14));
#10839=CARTESIAN_POINT('',(512.927831936867,269.313549706253,-2.13717932240343E-14));
#10840=CARTESIAN_POINT('',(531.927031936867,390.143146631073,-1.9151347174784E-14));
#10841=CARTESIAN_POINT('',(531.927031936867,404.143626631073,-1.9151347174784E-14));
#10842=CARTESIAN_POINT('',(531.927031936867,270.064120206253,-1.9151347174784E-14));
#10843=CARTESIAN_POINT('',(517.929091936867,404.143626631073,-2.08166817117217E-14));
#10844=CARTESIAN_POINT('',(483.983284397126,404.143626631073,-2.4980018054066E-14));
#10845=CARTESIAN_POINT('',(517.929091936867,390.143146631073,-2.08166817117217E-14));
#10846=CARTESIAN_POINT('',(517.929091936867,277.064360206253,-2.08166817117217E-14));
#10847=CARTESIAN_POINT('',(476.984314397126,390.143146631073,-2.58126853225349E-14));
#10848=CARTESIAN_POINT('',(537.027351936867,408.944226631073,-1.85962356624714E-14));
#10849=CARTESIAN_POINT('',(537.027351936867,394.943746631073,-1.85962356624714E-14));
#10850=CARTESIAN_POINT('',(537.027351936867,279.464660206253,-1.85962356624714E-14));
#10851=CARTESIAN_POINT('',(551.027831936867,394.943746631073,-1.69309011255336E-14));
#10852=CARTESIAN_POINT('',(486.533444397126,394.943746631073,-2.47024622979097E-14));
#10853=CARTESIAN_POINT('',(551.027831936867,408.944226631073,-1.69309011255336E-14));
#10854=CARTESIAN_POINT('',(551.027831936867,272.464420206253,-1.69309011255336E-14));
#10855=CARTESIAN_POINT('',(493.533684397126,408.944226631073,-2.38697950294409E-14));
#10856=CARTESIAN_POINT('',(556.029091936867,410.333607631073,-1.60982338570648E-14));
#10857=CARTESIAN_POINT('',(556.029091936867,396.333127631073,-1.60982338570648E-14));
#10858=CARTESIAN_POINT('',(556.029091936867,280.159350706253,-1.60982338570648E-14));
#10859=CARTESIAN_POINT('',(570.027031936867,396.333127631073,-1.4432899320127E-14));
#10860=CARTESIAN_POINT('',(496.034314397126,396.333127631073,-2.35922392732846E-14));
#10861=CARTESIAN_POINT('',(570.027031936867,410.333607631073,-1.4432899320127E-14));
#10862=CARTESIAN_POINT('',(570.027031936867,273.159110706253,-1.4432899320127E-14));
#10863=CARTESIAN_POINT('',(503.033284397126,410.333607631073,-2.27595720048157E-14));
#10864=CARTESIAN_POINT('',(589.127821936867,394.943712631073,-1.22124532708767E-14));
#10865=CARTESIAN_POINT('',(589.127821936867,408.944192631073,-1.22124532708767E-14));
#10866=CARTESIAN_POINT('',(589.127821936867,272.464403206253,-1.22124532708767E-14));
#10867=CARTESIAN_POINT('',(575.127341936867,408.944192631073,-1.38777878078145E-14));
#10868=CARTESIAN_POINT('',(512.583679397126,408.944192631073,-2.16493489801906E-14));
#10869=CARTESIAN_POINT('',(575.127341936867,394.943712631073,-1.38777878078145E-14));
#10870=CARTESIAN_POINT('',(575.127341936867,279.464643206253,-1.38777878078145E-14));
#10871=CARTESIAN_POINT('',(505.583439397126,394.943712631073,-2.24820162486594E-14));
#10872=CARTESIAN_POINT('',(594.129081936867,392.543412631073,-1.16573417585641E-14));
#10873=CARTESIAN_POINT('',(608.127021936867,392.543412631073,-9.71445146547012E-15));
#10874=CARTESIAN_POINT('',(515.084309397126,392.543412631073,-2.1094237467878E-14));
#10875=CARTESIAN_POINT('',(608.127021936867,406.543892631073,-9.71445146547012E-15));
#10876=CARTESIAN_POINT('',(608.127021936867,271.264253206253,-9.71445146547012E-15));
#10877=CARTESIAN_POINT('',(594.129081936867,406.543892631073,-1.16573417585641E-14));
#10878=CARTESIAN_POINT('',(522.083279397126,406.543892631073,-2.02615701994091E-14));
#10879=CARTESIAN_POINT('',(594.129081936867,278.264493206253,-1.16573417585641E-14));
#10880=CARTESIAN_POINT('',(565.627751936867,332.792486631073,-1.49880108324396E-14));
#10881=CARTESIAN_POINT('',(565.627751936867,318.792009631073,-1.49880108324396E-14));
#10882=CARTESIAN_POINT('',(565.627751936867,241.388790206253,-1.49880108324396E-14));
#10883=CARTESIAN_POINT('',(579.628231936867,318.792009631073,-1.33226762955019E-14));
#10884=CARTESIAN_POINT('',(500.833644397126,318.792009631073,-2.3037127760972E-14));
#10885=CARTESIAN_POINT('',(579.628231936867,332.792486631073,-1.33226762955019E-14));
#10886=CARTESIAN_POINT('',(579.628231936867,234.388551706253,-1.33226762955019E-14));
#10887=CARTESIAN_POINT('',(507.833884397126,332.792486631073,-2.22044604925031E-14));
#10888=CARTESIAN_POINT('',(588.797633936867,331.697747631073,-1.22124532708767E-14));
#10889=CARTESIAN_POINT('',(585.175593936867,318.174789631073,-1.2490009027033E-14));
#10890=CARTESIAN_POINT('',(560.978622359239,227.834917522686,-1.55431223447522E-14));
#10891=CARTESIAN_POINT('',(598.698553936867,314.550209631073,-1.11022302462516E-14));
#10892=CARTESIAN_POINT('',(536.634849731365,331.18524079209,-1.85962356624714E-14));
#10893=CARTESIAN_POINT('',(602.320593936867,328.073169631073,-1.0547118733939E-14));
#10894=CARTESIAN_POINT('',(572.69088382076,217.450044344852,-1.41553435639707E-14));
#10895=CARTESIAN_POINT('',(547.019538231557,342.895589418326,-1.72084568816899E-14));
#10896=CARTESIAN_POINT('Origin',(613.914119936867,339.191495631073,1.49999999999999));
#10897=CARTESIAN_POINT('',(629.574896936867,339.191495631073,1.49999999999999));
#10898=CARTESIAN_POINT('',(613.914119936867,339.191495631073,1.49999999999999));
#10899=CARTESIAN_POINT('Origin',(613.914119936867,351.177318631073,1.49999999999999));
#10900=CARTESIAN_POINT('',(613.914119936867,351.177318631073,1.49999999999999));
#10901=CARTESIAN_POINT('Origin',(629.574896936867,351.177318631073,1.49999999999999));
#10902=CARTESIAN_POINT('',(629.574896936867,351.177318631073,1.49999999999999));
#10903=CARTESIAN_POINT('Origin',(629.574896936867,339.191495631073,1.49999999999999));
#10904=CARTESIAN_POINT('Origin',(625.231392936867,322.035589631073,1.49999999999999));
#10905=CARTESIAN_POINT('',(613.105432936867,329.035829631073,1.49999999999999));
#10906=CARTESIAN_POINT('',(625.231392936867,322.035589631073,1.49999999999999));
#10907=CARTESIAN_POINT('Origin',(618.231152936867,309.912169631073,1.49999999999999));
#10908=CARTESIAN_POINT('',(618.231152936867,309.912169631073,1.49999999999999));
#10909=CARTESIAN_POINT('Origin',(606.105192936867,316.909869631073,1.49999999999999));
#10910=CARTESIAN_POINT('',(606.105192936867,316.909869631073,1.49999999999999));
#10911=CARTESIAN_POINT('Origin',(613.105432936867,329.035829631073,1.49999999999999));
#10912=CARTESIAN_POINT('Origin',(546.526951936867,318.792009631073,1.49999999999998));
#10913=CARTESIAN_POINT('',(560.527431936867,318.792009631073,1.49999999999998));
#10914=CARTESIAN_POINT('',(546.526951936867,318.792009631073,1.49999999999998));
#10915=CARTESIAN_POINT('Origin',(546.526951936867,332.792486631073,1.49999999999998));
#10916=CARTESIAN_POINT('',(546.526951936867,332.792486631073,1.49999999999998));
#10917=CARTESIAN_POINT('Origin',(560.527431936867,332.792486631073,1.49999999999998));
#10918=CARTESIAN_POINT('',(560.527431936867,332.792486631073,1.49999999999998));
#10919=CARTESIAN_POINT('Origin',(560.527431936867,318.792009631073,1.49999999999998));
#10920=CARTESIAN_POINT('Origin',(541.429171936867,328.642129631073,1.49999999999998));
#10921=CARTESIAN_POINT('',(527.428691936867,328.642129631073,1.49999999999998));
#10922=CARTESIAN_POINT('',(541.429171936867,328.642129631073,1.49999999999998));
#10923=CARTESIAN_POINT('Origin',(541.429171936867,314.644189631073,1.49999999999998));
#10924=CARTESIAN_POINT('',(541.429171936867,314.644189631073,1.49999999999998));
#10925=CARTESIAN_POINT('Origin',(527.428691936867,314.644189631073,1.49999999999998));
#10926=CARTESIAN_POINT('',(527.428691936867,314.644189631073,1.49999999999998));
#10927=CARTESIAN_POINT('Origin',(527.428691936867,328.642129631073,1.49999999999998));
#10928=CARTESIAN_POINT('Origin',(512.877031936867,345.543285631073,1.49999999999998));
#10929=CARTESIAN_POINT('',(498.879091936867,345.543285631073,1.49999999999998));
#10930=CARTESIAN_POINT('',(512.877031936867,345.543285631073,1.49999999999998));
#10931=CARTESIAN_POINT('Origin',(512.877031936867,331.542805631073,1.49999999999998));
#10932=CARTESIAN_POINT('',(512.877031936867,331.542805631073,1.49999999999998));
#10933=CARTESIAN_POINT('Origin',(498.879091936867,331.542805631073,1.49999999999998));
#10934=CARTESIAN_POINT('',(498.879091936867,331.542805631073,1.49999999999998));
#10935=CARTESIAN_POINT('Origin',(498.879091936867,345.543285631073,1.49999999999998));
#10936=CARTESIAN_POINT('Origin',(531.927031936867,347.044426631073,1.49999999999998));
#10937=CARTESIAN_POINT('',(517.929091936867,347.044426631073,1.49999999999998));
#10938=CARTESIAN_POINT('',(531.927031936867,347.044426631073,1.49999999999998));
#10939=CARTESIAN_POINT('Origin',(531.927031936867,333.043946631073,1.49999999999998));
#10940=CARTESIAN_POINT('',(531.927031936867,333.043946631073,1.49999999999998));
#10941=CARTESIAN_POINT('Origin',(517.929091936867,333.043946631073,1.49999999999998));
#10942=CARTESIAN_POINT('',(517.929091936867,333.043946631073,1.49999999999998));
#10943=CARTESIAN_POINT('Origin',(517.929091936867,347.044426631073,1.49999999999998));
#10944=CARTESIAN_POINT('Origin',(551.027831936867,351.743426631073,1.49999999999998));
#10945=CARTESIAN_POINT('',(537.027351936867,351.743426631073,1.49999999999998));
#10946=CARTESIAN_POINT('',(551.027831936867,351.743426631073,1.49999999999998));
#10947=CARTESIAN_POINT('Origin',(551.027831936867,337.742946631073,1.49999999999998));
#10948=CARTESIAN_POINT('',(551.027831936867,337.742946631073,1.49999999999998));
#10949=CARTESIAN_POINT('Origin',(537.027351936867,337.742946631073,1.49999999999998));
#10950=CARTESIAN_POINT('',(537.027351936867,337.742946631073,1.49999999999998));
#10951=CARTESIAN_POINT('Origin',(537.027351936867,351.743426631073,1.49999999999998));
#10952=CARTESIAN_POINT('Origin',(556.029091936867,353.142964631073,1.49999999999998));
#10953=CARTESIAN_POINT('',(556.029091936867,339.142484631073,1.49999999999998));
#10954=CARTESIAN_POINT('',(556.029091936867,353.142964631073,1.49999999999998));
#10955=CARTESIAN_POINT('Origin',(570.027031936867,353.142964631073,1.49999999999999));
#10956=CARTESIAN_POINT('',(570.027031936867,353.142964631073,1.49999999999999));
#10957=CARTESIAN_POINT('Origin',(570.027031936867,339.142484631073,1.49999999999999));
#10958=CARTESIAN_POINT('',(570.027031936867,339.142484631073,1.49999999999999));
#10959=CARTESIAN_POINT('Origin',(556.029091936867,339.142484631073,1.49999999999998));
#10960=CARTESIAN_POINT('Origin',(575.127351936867,337.742946631073,1.49999999999999));
#10961=CARTESIAN_POINT('',(589.127831936867,337.742946631073,1.49999999999999));
#10962=CARTESIAN_POINT('',(575.127351936867,337.742946631073,1.49999999999999));
#10963=CARTESIAN_POINT('Origin',(575.127351936867,351.743426631073,1.49999999999999));
#10964=CARTESIAN_POINT('',(575.127351936867,351.743426631073,1.49999999999999));
#10965=CARTESIAN_POINT('Origin',(589.127831936867,351.743426631073,1.49999999999999));
#10966=CARTESIAN_POINT('',(589.127831936867,351.743426631073,1.49999999999999));
#10967=CARTESIAN_POINT('Origin',(589.127831936867,337.742946631073,1.49999999999999));
#10968=CARTESIAN_POINT('Origin',(608.127031936867,335.444245631073,1.49999999999999));
#10969=CARTESIAN_POINT('',(608.127031936867,349.442185631073,1.49999999999999));
#10970=CARTESIAN_POINT('',(608.127031936867,335.444245631073,1.49999999999999));
#10971=CARTESIAN_POINT('Origin',(594.129091936867,335.444245631073,1.49999999999999));
#10972=CARTESIAN_POINT('',(594.129091936867,335.444245631073,1.49999999999999));
#10973=CARTESIAN_POINT('Origin',(594.129091936867,349.442185631073,1.49999999999999));
#10974=CARTESIAN_POINT('',(594.129091936867,349.442185631073,1.49999999999999));
#10975=CARTESIAN_POINT('Origin',(608.127031936867,349.442185631073,1.49999999999999));
#10976=CARTESIAN_POINT('Origin',(512.927831936867,364.542485631073,1.49999999999998));
#10977=CARTESIAN_POINT('',(498.927351936867,364.542485631073,1.49999999999998));
#10978=CARTESIAN_POINT('',(512.927831936867,364.542485631073,1.49999999999998));
#10979=CARTESIAN_POINT('Origin',(512.927831936867,350.542005631073,1.49999999999998));
#10980=CARTESIAN_POINT('',(512.927831936867,350.542005631073,1.49999999999998));
#10981=CARTESIAN_POINT('Origin',(498.927351936867,350.542005631073,1.49999999999998));
#10982=CARTESIAN_POINT('',(498.927351936867,350.542005631073,1.49999999999998));
#10983=CARTESIAN_POINT('Origin',(498.927351936867,364.542485631073,1.49999999999998));
#10984=CARTESIAN_POINT('Origin',(531.927031936867,366.043626631073,1.49999999999998));
#10985=CARTESIAN_POINT('',(517.929091936867,366.043626631073,1.49999999999998));
#10986=CARTESIAN_POINT('',(531.927031936867,366.043626631073,1.49999999999998));
#10987=CARTESIAN_POINT('Origin',(531.927031936867,352.043146631073,1.49999999999998));
#10988=CARTESIAN_POINT('',(531.927031936867,352.043146631073,1.49999999999998));
#10989=CARTESIAN_POINT('Origin',(517.929091936867,352.043146631073,1.49999999999998));
#10990=CARTESIAN_POINT('',(517.929091936867,352.043146631073,1.49999999999998));
#10991=CARTESIAN_POINT('Origin',(517.929091936867,366.043626631073,1.49999999999998));
#10992=CARTESIAN_POINT('Origin',(537.027351936867,356.843746631073,1.49999999999998));
#10993=CARTESIAN_POINT('',(551.027831936867,356.843746631073,1.49999999999998));
#10994=CARTESIAN_POINT('',(537.027351936867,356.843746631073,1.49999999999998));
#10995=CARTESIAN_POINT('Origin',(537.027351936867,370.844226631073,1.49999999999998));
#10996=CARTESIAN_POINT('',(537.027351936867,370.844226631073,1.49999999999998));
#10997=CARTESIAN_POINT('Origin',(551.027831936867,370.844226631073,1.49999999999998));
#10998=CARTESIAN_POINT('',(551.027831936867,370.844226631073,1.49999999999998));
#10999=CARTESIAN_POINT('Origin',(551.027831936867,356.843746631073,1.49999999999998));
#11000=CARTESIAN_POINT('Origin',(556.029091936867,358.144227631073,1.49999999999998));
#11001=CARTESIAN_POINT('',(570.027031936867,358.144227631073,1.49999999999999));
#11002=CARTESIAN_POINT('',(556.029091936867,358.144227631073,1.49999999999998));
#11003=CARTESIAN_POINT('Origin',(556.029091936867,372.142167631073,1.49999999999998));
#11004=CARTESIAN_POINT('',(556.029091936867,372.142167631073,1.49999999999998));
#11005=CARTESIAN_POINT('Origin',(570.027031936867,372.142167631073,1.49999999999999));
#11006=CARTESIAN_POINT('',(570.027031936867,372.142167631073,1.49999999999999));
#11007=CARTESIAN_POINT('Origin',(570.027031936867,358.144227631073,1.49999999999999));
#11008=CARTESIAN_POINT('Origin',(575.127351936867,370.844226631073,1.49999999999999));
#11009=CARTESIAN_POINT('',(575.127351936867,356.843746631073,1.49999999999999));
#11010=CARTESIAN_POINT('',(575.127351936867,370.844226631073,1.49999999999999));
#11011=CARTESIAN_POINT('Origin',(589.127831936867,370.844226631073,1.49999999999999));
#11012=CARTESIAN_POINT('',(589.127831936867,370.844226631073,1.49999999999999));
#11013=CARTESIAN_POINT('Origin',(589.127831936867,356.843746631073,1.49999999999999));
#11014=CARTESIAN_POINT('',(589.127831936867,356.843746631073,1.49999999999999));
#11015=CARTESIAN_POINT('Origin',(575.127351936867,356.843746631073,1.49999999999999));
#11016=CARTESIAN_POINT('Origin',(594.129091936867,354.443445631073,1.49999999999999));
#11017=CARTESIAN_POINT('',(608.127031936867,354.443445631073,1.49999999999999));
#11018=CARTESIAN_POINT('',(594.129091936867,354.443445631073,1.49999999999999));
#11019=CARTESIAN_POINT('Origin',(594.129091936867,368.443925631073,1.49999999999999));
#11020=CARTESIAN_POINT('',(594.129091936867,368.443925631073,1.49999999999999));
#11021=CARTESIAN_POINT('Origin',(608.127031936867,368.443925631073,1.49999999999999));
#11022=CARTESIAN_POINT('',(608.127031936867,368.443925631073,1.49999999999999));
#11023=CARTESIAN_POINT('Origin',(608.127031936867,354.443445631073,1.49999999999999));
#11024=CARTESIAN_POINT('Origin',(594.129091936867,373.442645631073,1.49999999999999));
#11025=CARTESIAN_POINT('',(608.127031936867,373.442645631073,1.49999999999999));
#11026=CARTESIAN_POINT('',(594.129091936867,373.442645631073,1.49999999999999));
#11027=CARTESIAN_POINT('Origin',(594.129091936867,387.443125631073,1.49999999999999));
#11028=CARTESIAN_POINT('',(594.129091936867,387.443125631073,1.49999999999999));
#11029=CARTESIAN_POINT('Origin',(608.127031936867,387.443125631073,1.49999999999999));
#11030=CARTESIAN_POINT('',(608.127031936867,387.443125631073,1.49999999999999));
#11031=CARTESIAN_POINT('Origin',(608.127031936867,373.442645631073,1.49999999999999));
#11032=CARTESIAN_POINT('Origin',(575.127351936867,389.843426631073,1.49999999999999));
#11033=CARTESIAN_POINT('',(575.127351936867,375.842946631073,1.49999999999999));
#11034=CARTESIAN_POINT('',(575.127351936867,389.843426631073,1.49999999999999));
#11035=CARTESIAN_POINT('Origin',(589.127831936867,389.843426631073,1.49999999999999));
#11036=CARTESIAN_POINT('',(589.127831936867,389.843426631073,1.49999999999999));
#11037=CARTESIAN_POINT('Origin',(589.127831936867,375.842946631073,1.49999999999999));
#11038=CARTESIAN_POINT('',(589.127831936867,375.842946631073,1.49999999999999));
#11039=CARTESIAN_POINT('Origin',(575.127351936867,375.842946631073,1.49999999999999));
#11040=CARTESIAN_POINT('Origin',(556.029091936867,391.242967631073,1.49999999999998));
#11041=CARTESIAN_POINT('',(556.029091936867,377.242487631073,1.49999999999998));
#11042=CARTESIAN_POINT('',(556.029091936867,391.242967631073,1.49999999999998));
#11043=CARTESIAN_POINT('Origin',(570.027031936867,391.242967631073,1.49999999999999));
#11044=CARTESIAN_POINT('',(570.027031936867,391.242967631073,1.49999999999999));
#11045=CARTESIAN_POINT('Origin',(570.027031936867,377.242487631073,1.49999999999999));
#11046=CARTESIAN_POINT('',(570.027031936867,377.242487631073,1.49999999999999));
#11047=CARTESIAN_POINT('Origin',(556.029091936867,377.242487631073,1.49999999999998));
#11048=CARTESIAN_POINT('Origin',(537.027351936867,389.942486631073,1.49999999999998));
#11049=CARTESIAN_POINT('',(537.027351936867,375.942006631073,1.49999999999998));
#11050=CARTESIAN_POINT('',(537.027351936867,389.942486631073,1.49999999999998));
#11051=CARTESIAN_POINT('Origin',(551.027831936867,389.942486631073,1.49999999999998));
#11052=CARTESIAN_POINT('',(551.027831936867,389.942486631073,1.49999999999998));
#11053=CARTESIAN_POINT('Origin',(551.027831936867,375.942006631073,1.49999999999998));
#11054=CARTESIAN_POINT('',(551.027831936867,375.942006631073,1.49999999999998));
#11055=CARTESIAN_POINT('Origin',(537.027351936867,375.942006631073,1.49999999999998));
#11056=CARTESIAN_POINT('Origin',(531.927031936867,385.243486631073,1.49999999999998));
#11057=CARTESIAN_POINT('',(517.929091936867,385.243486631073,1.49999999999998));
#11058=CARTESIAN_POINT('',(531.927031936867,385.243486631073,1.49999999999998));
#11059=CARTESIAN_POINT('Origin',(531.927031936867,371.243006631073,1.49999999999998));
#11060=CARTESIAN_POINT('',(531.927031936867,371.243006631073,1.49999999999998));
#11061=CARTESIAN_POINT('Origin',(517.929091936867,371.243006631073,1.49999999999998));
#11062=CARTESIAN_POINT('',(517.929091936867,371.243006631073,1.49999999999998));
#11063=CARTESIAN_POINT('Origin',(517.929091936867,385.243486631073,1.49999999999998));
#11064=CARTESIAN_POINT('Origin',(512.927831936867,383.742345631073,1.49999999999998));
#11065=CARTESIAN_POINT('',(498.927351936867,383.742345631073,1.49999999999998));
#11066=CARTESIAN_POINT('',(512.927831936867,383.742345631073,1.49999999999998));
#11067=CARTESIAN_POINT('Origin',(512.927831936867,369.744405631073,1.49999999999998));
#11068=CARTESIAN_POINT('',(512.927831936867,369.744405631073,1.49999999999998));
#11069=CARTESIAN_POINT('Origin',(498.927351936867,369.744405631073,1.49999999999998));
#11070=CARTESIAN_POINT('',(498.927351936867,369.744405631073,1.49999999999998));
#11071=CARTESIAN_POINT('Origin',(498.927351936867,383.742345631073,1.49999999999998));
#11072=CARTESIAN_POINT('Origin',(512.927831936867,388.642005631073,1.49999999999998));
#11073=CARTESIAN_POINT('',(512.927831936867,402.642485631073,1.49999999999998));
#11074=CARTESIAN_POINT('',(512.927831936867,388.642005631073,1.49999999999998));
#11075=CARTESIAN_POINT('Origin',(498.927351936867,388.642005631073,1.49999999999998));
#11076=CARTESIAN_POINT('',(498.927351936867,388.642005631073,1.49999999999998));
#11077=CARTESIAN_POINT('Origin',(498.927351936867,402.642485631073,1.49999999999998));
#11078=CARTESIAN_POINT('',(498.927351936867,402.642485631073,1.49999999999998));
#11079=CARTESIAN_POINT('Origin',(512.927831936867,402.642485631073,1.49999999999998));
#11080=CARTESIAN_POINT('Origin',(517.929091936867,390.143146631073,1.49999999999998));
#11081=CARTESIAN_POINT('',(531.927031936867,390.143146631073,1.49999999999998));
#11082=CARTESIAN_POINT('',(517.929091936867,390.143146631073,1.49999999999998));
#11083=CARTESIAN_POINT('Origin',(517.929091936867,404.143626631073,1.49999999999998));
#11084=CARTESIAN_POINT('',(517.929091936867,404.143626631073,1.49999999999998));
#11085=CARTESIAN_POINT('Origin',(531.927031936867,404.143626631073,1.49999999999998));
#11086=CARTESIAN_POINT('',(531.927031936867,404.143626631073,1.49999999999998));
#11087=CARTESIAN_POINT('Origin',(531.927031936867,390.143146631073,1.49999999999998));
#11088=CARTESIAN_POINT('Origin',(551.027831936867,408.944226631073,1.49999999999998));
#11089=CARTESIAN_POINT('',(537.027351936867,408.944226631073,1.49999999999998));
#11090=CARTESIAN_POINT('',(551.027831936867,408.944226631073,1.49999999999998));
#11091=CARTESIAN_POINT('Origin',(551.027831936867,394.943746631073,1.49999999999998));
#11092=CARTESIAN_POINT('',(551.027831936867,394.943746631073,1.49999999999998));
#11093=CARTESIAN_POINT('Origin',(537.027351936867,394.943746631073,1.49999999999998));
#11094=CARTESIAN_POINT('',(537.027351936867,394.943746631073,1.49999999999998));
#11095=CARTESIAN_POINT('Origin',(537.027351936867,408.944226631073,1.49999999999998));
#11096=CARTESIAN_POINT('Origin',(570.027031936867,410.333607631073,1.49999999999999));
#11097=CARTESIAN_POINT('',(556.029091936867,410.333607631073,1.49999999999998));
#11098=CARTESIAN_POINT('',(570.027031936867,410.333607631073,1.49999999999999));
#11099=CARTESIAN_POINT('Origin',(570.027031936867,396.333127631073,1.49999999999999));
#11100=CARTESIAN_POINT('',(570.027031936867,396.333127631073,1.49999999999999));
#11101=CARTESIAN_POINT('Origin',(556.029091936867,396.333127631073,1.49999999999998));
#11102=CARTESIAN_POINT('',(556.029091936867,396.333127631073,1.49999999999998));
#11103=CARTESIAN_POINT('Origin',(556.029091936867,410.333607631073,1.49999999999998));
#11104=CARTESIAN_POINT('Origin',(575.127341936867,394.943712631073,1.49999999999999));
#11105=CARTESIAN_POINT('',(589.127821936867,394.943712631073,1.49999999999999));
#11106=CARTESIAN_POINT('',(575.127341936867,394.943712631073,1.49999999999999));
#11107=CARTESIAN_POINT('Origin',(575.127341936867,408.944192631073,1.49999999999999));
#11108=CARTESIAN_POINT('',(575.127341936867,408.944192631073,1.49999999999999));
#11109=CARTESIAN_POINT('Origin',(589.127821936867,408.944192631073,1.49999999999999));
#11110=CARTESIAN_POINT('',(589.127821936867,408.944192631073,1.49999999999999));
#11111=CARTESIAN_POINT('Origin',(589.127821936867,394.943712631073,1.49999999999999));
#11112=CARTESIAN_POINT('Origin',(594.129081936867,406.543892631073,1.49999999999999));
#11113=CARTESIAN_POINT('',(594.129081936867,392.543412631073,1.49999999999999));
#11114=CARTESIAN_POINT('',(594.129081936867,406.543892631073,1.49999999999999));
#11115=CARTESIAN_POINT('Origin',(608.127021936867,406.543892631073,1.49999999999999));
#11116=CARTESIAN_POINT('',(608.127021936867,406.543892631073,1.49999999999999));
#11117=CARTESIAN_POINT('Origin',(608.127021936867,392.543412631073,1.49999999999999));
#11118=CARTESIAN_POINT('',(608.127021936867,392.543412631073,1.49999999999999));
#11119=CARTESIAN_POINT('Origin',(594.129081936867,392.543412631073,1.49999999999999));
#11120=CARTESIAN_POINT('Origin',(579.628231936867,332.792486631073,1.49999999999999));
#11121=CARTESIAN_POINT('',(565.627751936867,332.792486631073,1.49999999999999));
#11122=CARTESIAN_POINT('',(579.628231936867,332.792486631073,1.49999999999999));
#11123=CARTESIAN_POINT('Origin',(579.628231936867,318.792009631073,1.49999999999999));
#11124=CARTESIAN_POINT('',(579.628231936867,318.792009631073,1.49999999999999));
#11125=CARTESIAN_POINT('Origin',(565.627751936867,318.792009631073,1.49999999999999));
#11126=CARTESIAN_POINT('',(565.627751936867,318.792009631073,1.49999999999999));
#11127=CARTESIAN_POINT('Origin',(565.627751936867,332.792486631073,1.49999999999999));
#11128=CARTESIAN_POINT('Origin',(602.320593936867,328.073169631073,1.49999999999999));
#11129=CARTESIAN_POINT('',(588.797633936867,331.697747631073,1.49999999999999));
#11130=CARTESIAN_POINT('',(602.320593936867,328.073169631073,1.49999999999999));
#11131=CARTESIAN_POINT('Origin',(598.698553936867,314.550209631073,1.49999999999999));
#11132=CARTESIAN_POINT('',(598.698553936867,314.550209631073,1.49999999999999));
#11133=CARTESIAN_POINT('Origin',(585.175593936867,318.174789631073,1.49999999999999));
#11134=CARTESIAN_POINT('',(585.175593936867,318.174789631073,1.49999999999999));
#11135=CARTESIAN_POINT('Origin',(588.797633936867,331.697747631073,1.49999999999999));
#11136=CARTESIAN_POINT('Origin',(543.631604936867,312.584529631073,1.49999999999998));
#11137=CARTESIAN_POINT('',(525.607454528172,312.584529631073,1.49999999999998));
#11138=CARTESIAN_POINT('',(545.363399536545,312.584529631073,1.49999999999998));
#11139=CARTESIAN_POINT('Origin',(562.397548593387,317.316367638212,1.49999999999998));
#11140=CARTESIAN_POINT('Origin',(616.651889077236,303.354254238592,1.49999999999999));
#11141=CARTESIAN_POINT('',(616.249650571919,303.515267053993,1.49999999999999));
#11142=CARTESIAN_POINT('Origin',(630.030892227773,327.389269706744,1.49999999999999));
#11143=CARTESIAN_POINT('',(630.020297449292,327.37091578945,1.49999999999999));
#11144=CARTESIAN_POINT('Origin',(632.886616729182,333.478299195752,1.49999999999999));
#11145=CARTESIAN_POINT('',(632.83906808759,333.376985365611,1.49999999999999));
#11146=CARTESIAN_POINT('Origin',(632.807111579912,353.302432730218,1.49999999999999));
#11147=CARTESIAN_POINT('',(632.807912195708,352.803234631073,1.49999999999999));
#11148=CARTESIAN_POINT('Origin',(610.561261936867,352.803234631073,1.49999999999999));
#11149=CARTESIAN_POINT('',(610.061261936867,352.803234631073,1.49999999999999));
#11150=CARTESIAN_POINT('Origin',(610.061261936867,412.425532631073,1.49999999999999));
#11151=CARTESIAN_POINT('Origin',(496.251860409347,405.655413659373,1.49999999999998));
#11152=CARTESIAN_POINT('Origin',(516.54311207678,327.07469225714,1.49999999999998));
#11153=CARTESIAN_POINT('',(516.797408498441,327.054233245424,1.49999999999998));
#11154=CARTESIAN_POINT('Origin',(526.057996746389,311.844554795374,1.49999999999998));
#11155=UNCERTAINTY_MEASURE_WITH_UNIT(LENGTH_MEASURE(0.01),#11159,
'DISTANCE_ACCURACY_VALUE',
'Maximum model space distance between geometric entities at asserted c
onnectivities');
#11156=UNCERTAINTY_MEASURE_WITH_UNIT(LENGTH_MEASURE(0.01),#11159,
'DISTANCE_ACCURACY_VALUE',
'Maximum model space distance between geometric entities at asserted c
onnectivities');
#11157=(
GEOMETRIC_REPRESENTATION_CONTEXT(3)
GLOBAL_UNCERTAINTY_ASSIGNED_CONTEXT((#11155))
GLOBAL_UNIT_ASSIGNED_CONTEXT((#11159,#11161,#11162))
REPRESENTATION_CONTEXT('','3D')
);
#11158=(
GEOMETRIC_REPRESENTATION_CONTEXT(3)
GLOBAL_UNCERTAINTY_ASSIGNED_CONTEXT((#11156))
GLOBAL_UNIT_ASSIGNED_CONTEXT((#11159,#11161,#11162))
REPRESENTATION_CONTEXT('','3D')
);
#11159=(
LENGTH_UNIT()
NAMED_UNIT(*)
SI_UNIT(.MILLI.,.METRE.)
);
#11160=(
LENGTH_UNIT()
NAMED_UNIT(*)
SI_UNIT($,.METRE.)
);
#11161=(
NAMED_UNIT(*)
PLANE_ANGLE_UNIT()
SI_UNIT($,.RADIAN.)
);
#11162=(
NAMED_UNIT(*)
SI_UNIT($,.STERADIAN.)
SOLID_ANGLE_UNIT()
);
#11163=SHAPE_DEFINITION_REPRESENTATION(#11164,#11165);
#11164=PRODUCT_DEFINITION_SHAPE('',$,#11167);
#11165=SHAPE_REPRESENTATION('',(#7151),#11157);
#11166=PRODUCT_DEFINITION_CONTEXT('part definition',#11171,'design');
#11167=PRODUCT_DEFINITION('(Unsaved)','(Unsaved)',#11168,#11166);
#11168=PRODUCT_DEFINITION_FORMATION('',$,#11173);
#11169=PRODUCT_RELATED_PRODUCT_CATEGORY('(Unsaved)','(Unsaved)',(#11173));
#11170=APPLICATION_PROTOCOL_DEFINITION('international standard',
'automotive_design',2009,#11171);
#11171=APPLICATION_CONTEXT(
'Core Data for Automotive Mechanical Design Process');
#11172=PRODUCT_CONTEXT('part definition',#11171,'mechanical');
#11173=PRODUCT('(Unsaved)','(Unsaved)',$,(#11172));
#11174=PRESENTATION_STYLE_ASSIGNMENT((#11182));
#11175=PRESENTATION_STYLE_ASSIGNMENT((#11183));
#11176=PRESENTATION_STYLE_ASSIGNMENT((#11184));
#11177=PRESENTATION_STYLE_ASSIGNMENT((#11185));
#11178=PRESENTATION_STYLE_ASSIGNMENT((#11186));
#11179=PRESENTATION_STYLE_ASSIGNMENT((#11187));
#11180=PRESENTATION_STYLE_ASSIGNMENT((#11188));
#11181=PRESENTATION_STYLE_ASSIGNMENT((#11189));
#11182=SURFACE_STYLE_USAGE(.BOTH.,#11190);
#11183=SURFACE_STYLE_USAGE(.BOTH.,#11191);
#11184=SURFACE_STYLE_USAGE(.BOTH.,#11192);
#11185=SURFACE_STYLE_USAGE(.BOTH.,#11193);
#11186=SURFACE_STYLE_USAGE(.BOTH.,#11194);
#11187=SURFACE_STYLE_USAGE(.BOTH.,#11195);
#11188=SURFACE_STYLE_USAGE(.BOTH.,#11196);
#11189=SURFACE_STYLE_USAGE(.BOTH.,#11197);
#11190=SURFACE_SIDE_STYLE('',(#11198));
#11191=SURFACE_SIDE_STYLE('',(#11199));
#11192=SURFACE_SIDE_STYLE('',(#11200));
#11193=SURFACE_SIDE_STYLE('',(#11201));
#11194=SURFACE_SIDE_STYLE('',(#11202));
#11195=SURFACE_SIDE_STYLE('',(#11203));
#11196=SURFACE_SIDE_STYLE('',(#11204));
#11197=SURFACE_SIDE_STYLE('',(#11205));
#11198=SURFACE_STYLE_FILL_AREA(#11206);
#11199=SURFACE_STYLE_FILL_AREA(#11207);
#11200=SURFACE_STYLE_FILL_AREA(#11208);
#11201=SURFACE_STYLE_FILL_AREA(#11209);
#11202=SURFACE_STYLE_FILL_AREA(#11210);
#11203=SURFACE_STYLE_FILL_AREA(#11211);
#11204=SURFACE_STYLE_FILL_AREA(#11212);
#11205=SURFACE_STYLE_FILL_AREA(#11213);
#11206=FILL_AREA_STYLE('Steel - Satin',(#11214));
#11207=FILL_AREA_STYLE('Opaque(80,124,105)',(#11215));
#11208=FILL_AREA_STYLE('Opaque(63,63,63)',(#11216));
#11209=FILL_AREA_STYLE('Opaque(245,245,246)',(#11217));
#11210=FILL_AREA_STYLE('Opaque(244,229,167)',(#11218));
#11211=FILL_AREA_STYLE('Opaque(251,250,245)',(#11219));
#11212=FILL_AREA_STYLE('Opaque(25,25,25)',(#11220));
#11213=FILL_AREA_STYLE('Glass (Clear)',(#11221));
#11214=FILL_AREA_STYLE_COLOUR('Steel - Satin',#11222);
#11215=FILL_AREA_STYLE_COLOUR('Opaque(80,124,105)',#11223);
#11216=FILL_AREA_STYLE_COLOUR('Opaque(63,63,63)',#11224);
#11217=FILL_AREA_STYLE_COLOUR('Opaque(245,245,246)',#11225);
#11218=FILL_AREA_STYLE_COLOUR('Opaque(244,229,167)',#11226);
#11219=FILL_AREA_STYLE_COLOUR('Opaque(251,250,245)',#11227);
#11220=FILL_AREA_STYLE_COLOUR('Opaque(25,25,25)',#11228);
#11221=FILL_AREA_STYLE_COLOUR('Glass (Clear)',#11229);
#11222=COLOUR_RGB('Steel - Satin',0.627450980392157,0.627450980392157,0.627450980392157);
#11223=COLOUR_RGB('Opaque(80,124,105)',0.313725490196078,0.486274509803922,
0.411764705882353);
#11224=COLOUR_RGB('Opaque(63,63,63)',0.247058823529412,0.247058823529412,
0.247058823529412);
#11225=COLOUR_RGB('Opaque(245,245,246)',0.96078431372549,0.96078431372549,
0.964705882352941);
#11226=COLOUR_RGB('Opaque(244,229,167)',0.956862745098039,0.898039215686275,
0.654901960784314);
#11227=COLOUR_RGB('Opaque(251,250,245)',0.984313725490196,0.980392156862745,
0.96078431372549);
#11228=COLOUR_RGB('Opaque(25,25,25)',0.0980392156862745,0.0980392156862745,
0.0980392156862745);
#11229=COLOUR_RGB('Glass (Clear)',0.964705882352941,0.964705882352941,0.952941176470588);
ENDSEC;
END-ISO-10303-21;
