ISO-10303-21;
HEADER;
/* Generated by software containing ST-Developer
 * from STEP Tools, Inc. (www.steptools.com) 
 */

FILE_DESCRIPTION(
/* description */ (''),
/* implementation_level */ '2;1');

FILE_NAME(
/* name */ 'Star21.step',
/* time_stamp */ '2025-05-07T17:01:34+07:00',
/* author */ (''),
/* organization */ (''),
/* preprocessor_version */ 'ST-DEVELOPER v20.1',
/* originating_system */ 'Autodesk Translation Framework v14.4.0.0',
/* authorisation */ '');

FILE_SCHEMA (('AUTOMOTIVE_DESIGN { 1 0 10303 214 3 1 1 }'));
ENDSEC;

DATA;
#10=MECHANICAL_DESIGN_GEOMETRIC_PRESENTATION_REPRESENTATION('',(#13),#6347);
#11=SHAPE_REPRESENTATION_RELATIONSHIP('SRR','None',#6354,#12);
#12=ADVANCED_BREP_SHAPE_REPRESENTATION('',(#14),#6346);
#13=STYLED_ITEM('',(#6363),#14);
#14=MANIFOLD_SOLID_BREP('Body1',#4047);
#15=FACE_BOUND('',#436,.T.);
#16=FACE_BOUND('',#437,.T.);
#17=FACE_BOUND('',#438,.T.);
#18=FACE_BOUND('',#439,.T.);
#19=FACE_BOUND('',#440,.T.);
#20=FACE_BOUND('',#441,.T.);
#21=FACE_BOUND('',#442,.T.);
#22=FACE_BOUND('',#443,.T.);
#23=FACE_BOUND('',#444,.T.);
#24=FACE_BOUND('',#445,.T.);
#25=FACE_BOUND('',#446,.T.);
#26=FACE_BOUND('',#447,.T.);
#27=FACE_BOUND('',#448,.T.);
#28=FACE_BOUND('',#449,.T.);
#29=FACE_BOUND('',#450,.T.);
#30=FACE_BOUND('',#451,.T.);
#31=FACE_BOUND('',#452,.T.);
#32=FACE_BOUND('',#453,.T.);
#33=FACE_BOUND('',#454,.T.);
#34=FACE_BOUND('',#455,.T.);
#35=FACE_BOUND('',#456,.T.);
#36=FACE_BOUND('',#464,.T.);
#37=FACE_BOUND('',#465,.T.);
#38=FACE_BOUND('',#466,.T.);
#39=FACE_BOUND('',#467,.T.);
#40=FACE_BOUND('',#468,.T.);
#41=FACE_BOUND('',#469,.T.);
#42=FACE_BOUND('',#470,.T.);
#43=FACE_BOUND('',#471,.T.);
#44=FACE_BOUND('',#472,.T.);
#45=FACE_BOUND('',#473,.T.);
#46=FACE_BOUND('',#474,.T.);
#47=FACE_BOUND('',#475,.T.);
#48=FACE_BOUND('',#476,.T.);
#49=FACE_BOUND('',#477,.T.);
#50=FACE_BOUND('',#478,.T.);
#51=FACE_BOUND('',#479,.T.);
#52=FACE_BOUND('',#480,.T.);
#53=FACE_BOUND('',#481,.T.);
#54=FACE_BOUND('',#482,.T.);
#55=FACE_BOUND('',#483,.T.);
#56=FACE_BOUND('',#484,.T.);
#57=PLANE('',#4064);
#58=PLANE('',#4065);
#59=PLANE('',#4071);
#60=PLANE('',#4074);
#61=PLANE('',#4077);
#62=PLANE('',#4078);
#63=PLANE('',#4079);
#64=PLANE('',#4080);
#65=PLANE('',#4081);
#66=PLANE('',#4082);
#67=PLANE('',#4083);
#68=PLANE('',#4084);
#69=PLANE('',#4085);
#70=PLANE('',#4086);
#71=PLANE('',#4087);
#72=PLANE('',#4088);
#73=PLANE('',#4089);
#74=PLANE('',#4090);
#75=PLANE('',#4091);
#76=PLANE('',#4092);
#77=PLANE('',#4093);
#78=PLANE('',#4094);
#79=PLANE('',#4095);
#80=PLANE('',#4096);
#81=PLANE('',#4097);
#82=PLANE('',#4098);
#83=PLANE('',#4099);
#84=PLANE('',#4100);
#85=PLANE('',#4101);
#86=PLANE('',#4102);
#87=PLANE('',#4103);
#88=PLANE('',#4104);
#89=PLANE('',#4105);
#90=PLANE('',#4106);
#91=PLANE('',#4107);
#92=PLANE('',#4108);
#93=PLANE('',#4109);
#94=PLANE('',#4110);
#95=PLANE('',#4111);
#96=PLANE('',#4112);
#97=PLANE('',#4113);
#98=PLANE('',#4114);
#99=PLANE('',#4115);
#100=PLANE('',#4116);
#101=PLANE('',#4117);
#102=PLANE('',#4118);
#103=PLANE('',#4119);
#104=PLANE('',#4120);
#105=PLANE('',#4121);
#106=PLANE('',#4122);
#107=PLANE('',#4123);
#108=PLANE('',#4124);
#109=PLANE('',#4125);
#110=PLANE('',#4126);
#111=PLANE('',#4127);
#112=PLANE('',#4128);
#113=PLANE('',#4129);
#114=PLANE('',#4130);
#115=PLANE('',#4131);
#116=PLANE('',#4132);
#117=PLANE('',#4133);
#118=PLANE('',#4134);
#119=PLANE('',#4135);
#120=PLANE('',#4136);
#121=PLANE('',#4137);
#122=PLANE('',#4138);
#123=PLANE('',#4139);
#124=PLANE('',#4140);
#125=PLANE('',#4141);
#126=PLANE('',#4142);
#127=PLANE('',#4143);
#128=PLANE('',#4144);
#129=PLANE('',#4145);
#130=PLANE('',#4146);
#131=PLANE('',#4147);
#132=PLANE('',#4148);
#133=PLANE('',#4149);
#134=PLANE('',#4150);
#135=PLANE('',#4151);
#136=PLANE('',#4152);
#137=PLANE('',#4153);
#138=PLANE('',#4154);
#139=PLANE('',#4155);
#140=PLANE('',#4156);
#141=PLANE('',#4157);
#142=PLANE('',#4158);
#143=PLANE('',#4159);
#144=PLANE('',#4160);
#145=PLANE('',#4161);
#146=PLANE('',#4162);
#147=PLANE('',#4163);
#148=PLANE('',#4164);
#149=PLANE('',#4165);
#150=PLANE('',#4166);
#151=PLANE('',#4167);
#152=PLANE('',#4168);
#153=PLANE('',#4169);
#154=PLANE('',#4170);
#155=PLANE('',#4171);
#156=PLANE('',#4172);
#157=PLANE('',#4173);
#158=PLANE('',#4174);
#159=PLANE('',#4175);
#160=PLANE('',#4176);
#161=PLANE('',#4177);
#162=PLANE('',#4178);
#163=PLANE('',#4179);
#164=PLANE('',#4180);
#165=PLANE('',#4181);
#166=PLANE('',#4182);
#167=PLANE('',#4183);
#168=PLANE('',#4184);
#169=PLANE('',#4185);
#170=PLANE('',#4186);
#171=PLANE('',#4187);
#172=PLANE('',#4188);
#173=PLANE('',#4189);
#174=PLANE('',#4190);
#175=PLANE('',#4191);
#176=PLANE('',#4192);
#177=PLANE('',#4193);
#178=PLANE('',#4194);
#179=PLANE('',#4195);
#180=PLANE('',#4196);
#181=PLANE('',#4197);
#182=PLANE('',#4198);
#183=PLANE('',#4199);
#184=PLANE('',#4200);
#185=PLANE('',#4201);
#186=PLANE('',#4202);
#187=PLANE('',#4203);
#188=PLANE('',#4204);
#189=PLANE('',#4205);
#190=PLANE('',#4206);
#191=PLANE('',#4207);
#192=PLANE('',#4208);
#193=PLANE('',#4209);
#194=PLANE('',#4210);
#195=PLANE('',#4211);
#196=PLANE('',#4212);
#197=PLANE('',#4213);
#198=PLANE('',#4214);
#199=PLANE('',#4215);
#200=PLANE('',#4216);
#201=PLANE('',#4217);
#202=PLANE('',#4218);
#203=PLANE('',#4219);
#204=PLANE('',#4220);
#205=PLANE('',#4221);
#206=PLANE('',#4222);
#207=PLANE('',#4223);
#208=PLANE('',#4224);
#209=PLANE('',#4225);
#210=PLANE('',#4226);
#211=PLANE('',#4227);
#212=PLANE('',#4228);
#213=PLANE('',#4229);
#214=PLANE('',#4230);
#215=PLANE('',#4231);
#216=PLANE('',#4232);
#217=PLANE('',#4233);
#218=PLANE('',#4234);
#219=PLANE('',#4235);
#220=PLANE('',#4236);
#221=PLANE('',#4237);
#222=PLANE('',#4238);
#223=PLANE('',#4239);
#224=PLANE('',#4240);
#225=PLANE('',#4241);
#226=PLANE('',#4242);
#227=PLANE('',#4243);
#228=PLANE('',#4244);
#229=PLANE('',#4245);
#230=PLANE('',#4246);
#231=PLANE('',#4247);
#232=PLANE('',#4248);
#233=PLANE('',#4249);
#234=PLANE('',#4250);
#235=PLANE('',#4251);
#236=PLANE('',#4252);
#237=PLANE('',#4253);
#238=PLANE('',#4254);
#239=PLANE('',#4255);
#240=PLANE('',#4256);
#241=PLANE('',#4257);
#242=PLANE('',#4258);
#243=FACE_OUTER_BOUND('',#433,.T.);
#244=FACE_OUTER_BOUND('',#434,.T.);
#245=FACE_OUTER_BOUND('',#435,.T.);
#246=FACE_OUTER_BOUND('',#457,.T.);
#247=FACE_OUTER_BOUND('',#458,.T.);
#248=FACE_OUTER_BOUND('',#459,.T.);
#249=FACE_OUTER_BOUND('',#460,.T.);
#250=FACE_OUTER_BOUND('',#461,.T.);
#251=FACE_OUTER_BOUND('',#462,.T.);
#252=FACE_OUTER_BOUND('',#463,.T.);
#253=FACE_OUTER_BOUND('',#485,.T.);
#254=FACE_OUTER_BOUND('',#486,.T.);
#255=FACE_OUTER_BOUND('',#487,.T.);
#256=FACE_OUTER_BOUND('',#488,.T.);
#257=FACE_OUTER_BOUND('',#489,.T.);
#258=FACE_OUTER_BOUND('',#490,.T.);
#259=FACE_OUTER_BOUND('',#491,.T.);
#260=FACE_OUTER_BOUND('',#492,.T.);
#261=FACE_OUTER_BOUND('',#493,.T.);
#262=FACE_OUTER_BOUND('',#494,.T.);
#263=FACE_OUTER_BOUND('',#495,.T.);
#264=FACE_OUTER_BOUND('',#496,.T.);
#265=FACE_OUTER_BOUND('',#497,.T.);
#266=FACE_OUTER_BOUND('',#498,.T.);
#267=FACE_OUTER_BOUND('',#499,.T.);
#268=FACE_OUTER_BOUND('',#500,.T.);
#269=FACE_OUTER_BOUND('',#501,.T.);
#270=FACE_OUTER_BOUND('',#502,.T.);
#271=FACE_OUTER_BOUND('',#503,.T.);
#272=FACE_OUTER_BOUND('',#504,.T.);
#273=FACE_OUTER_BOUND('',#505,.T.);
#274=FACE_OUTER_BOUND('',#506,.T.);
#275=FACE_OUTER_BOUND('',#507,.T.);
#276=FACE_OUTER_BOUND('',#508,.T.);
#277=FACE_OUTER_BOUND('',#509,.T.);
#278=FACE_OUTER_BOUND('',#510,.T.);
#279=FACE_OUTER_BOUND('',#511,.T.);
#280=FACE_OUTER_BOUND('',#512,.T.);
#281=FACE_OUTER_BOUND('',#513,.T.);
#282=FACE_OUTER_BOUND('',#514,.T.);
#283=FACE_OUTER_BOUND('',#515,.T.);
#284=FACE_OUTER_BOUND('',#516,.T.);
#285=FACE_OUTER_BOUND('',#517,.T.);
#286=FACE_OUTER_BOUND('',#518,.T.);
#287=FACE_OUTER_BOUND('',#519,.T.);
#288=FACE_OUTER_BOUND('',#520,.T.);
#289=FACE_OUTER_BOUND('',#521,.T.);
#290=FACE_OUTER_BOUND('',#522,.T.);
#291=FACE_OUTER_BOUND('',#523,.T.);
#292=FACE_OUTER_BOUND('',#524,.T.);
#293=FACE_OUTER_BOUND('',#525,.T.);
#294=FACE_OUTER_BOUND('',#526,.T.);
#295=FACE_OUTER_BOUND('',#527,.T.);
#296=FACE_OUTER_BOUND('',#528,.T.);
#297=FACE_OUTER_BOUND('',#529,.T.);
#298=FACE_OUTER_BOUND('',#530,.T.);
#299=FACE_OUTER_BOUND('',#531,.T.);
#300=FACE_OUTER_BOUND('',#532,.T.);
#301=FACE_OUTER_BOUND('',#533,.T.);
#302=FACE_OUTER_BOUND('',#534,.T.);
#303=FACE_OUTER_BOUND('',#535,.T.);
#304=FACE_OUTER_BOUND('',#536,.T.);
#305=FACE_OUTER_BOUND('',#537,.T.);
#306=FACE_OUTER_BOUND('',#538,.T.);
#307=FACE_OUTER_BOUND('',#539,.T.);
#308=FACE_OUTER_BOUND('',#540,.T.);
#309=FACE_OUTER_BOUND('',#541,.T.);
#310=FACE_OUTER_BOUND('',#542,.T.);
#311=FACE_OUTER_BOUND('',#543,.T.);
#312=FACE_OUTER_BOUND('',#544,.T.);
#313=FACE_OUTER_BOUND('',#545,.T.);
#314=FACE_OUTER_BOUND('',#546,.T.);
#315=FACE_OUTER_BOUND('',#547,.T.);
#316=FACE_OUTER_BOUND('',#548,.T.);
#317=FACE_OUTER_BOUND('',#549,.T.);
#318=FACE_OUTER_BOUND('',#550,.T.);
#319=FACE_OUTER_BOUND('',#551,.T.);
#320=FACE_OUTER_BOUND('',#552,.T.);
#321=FACE_OUTER_BOUND('',#553,.T.);
#322=FACE_OUTER_BOUND('',#554,.T.);
#323=FACE_OUTER_BOUND('',#555,.T.);
#324=FACE_OUTER_BOUND('',#556,.T.);
#325=FACE_OUTER_BOUND('',#557,.T.);
#326=FACE_OUTER_BOUND('',#558,.T.);
#327=FACE_OUTER_BOUND('',#559,.T.);
#328=FACE_OUTER_BOUND('',#560,.T.);
#329=FACE_OUTER_BOUND('',#561,.T.);
#330=FACE_OUTER_BOUND('',#562,.T.);
#331=FACE_OUTER_BOUND('',#563,.T.);
#332=FACE_OUTER_BOUND('',#564,.T.);
#333=FACE_OUTER_BOUND('',#565,.T.);
#334=FACE_OUTER_BOUND('',#566,.T.);
#335=FACE_OUTER_BOUND('',#567,.T.);
#336=FACE_OUTER_BOUND('',#568,.T.);
#337=FACE_OUTER_BOUND('',#569,.T.);
#338=FACE_OUTER_BOUND('',#570,.T.);
#339=FACE_OUTER_BOUND('',#571,.T.);
#340=FACE_OUTER_BOUND('',#572,.T.);
#341=FACE_OUTER_BOUND('',#573,.T.);
#342=FACE_OUTER_BOUND('',#574,.T.);
#343=FACE_OUTER_BOUND('',#575,.T.);
#344=FACE_OUTER_BOUND('',#576,.T.);
#345=FACE_OUTER_BOUND('',#577,.T.);
#346=FACE_OUTER_BOUND('',#578,.T.);
#347=FACE_OUTER_BOUND('',#579,.T.);
#348=FACE_OUTER_BOUND('',#580,.T.);
#349=FACE_OUTER_BOUND('',#581,.T.);
#350=FACE_OUTER_BOUND('',#582,.T.);
#351=FACE_OUTER_BOUND('',#583,.T.);
#352=FACE_OUTER_BOUND('',#584,.T.);
#353=FACE_OUTER_BOUND('',#585,.T.);
#354=FACE_OUTER_BOUND('',#586,.T.);
#355=FACE_OUTER_BOUND('',#587,.T.);
#356=FACE_OUTER_BOUND('',#588,.T.);
#357=FACE_OUTER_BOUND('',#589,.T.);
#358=FACE_OUTER_BOUND('',#590,.T.);
#359=FACE_OUTER_BOUND('',#591,.T.);
#360=FACE_OUTER_BOUND('',#592,.T.);
#361=FACE_OUTER_BOUND('',#593,.T.);
#362=FACE_OUTER_BOUND('',#594,.T.);
#363=FACE_OUTER_BOUND('',#595,.T.);
#364=FACE_OUTER_BOUND('',#596,.T.);
#365=FACE_OUTER_BOUND('',#597,.T.);
#366=FACE_OUTER_BOUND('',#598,.T.);
#367=FACE_OUTER_BOUND('',#599,.T.);
#368=FACE_OUTER_BOUND('',#600,.T.);
#369=FACE_OUTER_BOUND('',#601,.T.);
#370=FACE_OUTER_BOUND('',#602,.T.);
#371=FACE_OUTER_BOUND('',#603,.T.);
#372=FACE_OUTER_BOUND('',#604,.T.);
#373=FACE_OUTER_BOUND('',#605,.T.);
#374=FACE_OUTER_BOUND('',#606,.T.);
#375=FACE_OUTER_BOUND('',#607,.T.);
#376=FACE_OUTER_BOUND('',#608,.T.);
#377=FACE_OUTER_BOUND('',#609,.T.);
#378=FACE_OUTER_BOUND('',#610,.T.);
#379=FACE_OUTER_BOUND('',#611,.T.);
#380=FACE_OUTER_BOUND('',#612,.T.);
#381=FACE_OUTER_BOUND('',#613,.T.);
#382=FACE_OUTER_BOUND('',#614,.T.);
#383=FACE_OUTER_BOUND('',#615,.T.);
#384=FACE_OUTER_BOUND('',#616,.T.);
#385=FACE_OUTER_BOUND('',#617,.T.);
#386=FACE_OUTER_BOUND('',#618,.T.);
#387=FACE_OUTER_BOUND('',#619,.T.);
#388=FACE_OUTER_BOUND('',#620,.T.);
#389=FACE_OUTER_BOUND('',#621,.T.);
#390=FACE_OUTER_BOUND('',#622,.T.);
#391=FACE_OUTER_BOUND('',#623,.T.);
#392=FACE_OUTER_BOUND('',#624,.T.);
#393=FACE_OUTER_BOUND('',#625,.T.);
#394=FACE_OUTER_BOUND('',#626,.T.);
#395=FACE_OUTER_BOUND('',#627,.T.);
#396=FACE_OUTER_BOUND('',#628,.T.);
#397=FACE_OUTER_BOUND('',#629,.T.);
#398=FACE_OUTER_BOUND('',#630,.T.);
#399=FACE_OUTER_BOUND('',#631,.T.);
#400=FACE_OUTER_BOUND('',#632,.T.);
#401=FACE_OUTER_BOUND('',#633,.T.);
#402=FACE_OUTER_BOUND('',#634,.T.);
#403=FACE_OUTER_BOUND('',#635,.T.);
#404=FACE_OUTER_BOUND('',#636,.T.);
#405=FACE_OUTER_BOUND('',#637,.T.);
#406=FACE_OUTER_BOUND('',#638,.T.);
#407=FACE_OUTER_BOUND('',#639,.T.);
#408=FACE_OUTER_BOUND('',#640,.T.);
#409=FACE_OUTER_BOUND('',#641,.T.);
#410=FACE_OUTER_BOUND('',#642,.T.);
#411=FACE_OUTER_BOUND('',#643,.T.);
#412=FACE_OUTER_BOUND('',#644,.T.);
#413=FACE_OUTER_BOUND('',#645,.T.);
#414=FACE_OUTER_BOUND('',#646,.T.);
#415=FACE_OUTER_BOUND('',#647,.T.);
#416=FACE_OUTER_BOUND('',#648,.T.);
#417=FACE_OUTER_BOUND('',#649,.T.);
#418=FACE_OUTER_BOUND('',#650,.T.);
#419=FACE_OUTER_BOUND('',#651,.T.);
#420=FACE_OUTER_BOUND('',#652,.T.);
#421=FACE_OUTER_BOUND('',#653,.T.);
#422=FACE_OUTER_BOUND('',#654,.T.);
#423=FACE_OUTER_BOUND('',#655,.T.);
#424=FACE_OUTER_BOUND('',#656,.T.);
#425=FACE_OUTER_BOUND('',#657,.T.);
#426=FACE_OUTER_BOUND('',#658,.T.);
#427=FACE_OUTER_BOUND('',#659,.T.);
#428=FACE_OUTER_BOUND('',#660,.T.);
#429=FACE_OUTER_BOUND('',#661,.T.);
#430=FACE_OUTER_BOUND('',#662,.T.);
#431=FACE_OUTER_BOUND('',#663,.T.);
#432=FACE_OUTER_BOUND('',#664,.T.);
#433=EDGE_LOOP('',(#2725,#2726,#2727,#2728));
#434=EDGE_LOOP('',(#2729,#2730,#2731,#2732));
#435=EDGE_LOOP('',(#2733,#2734,#2735,#2736,#2737,#2738,#2739,#2740));
#436=EDGE_LOOP('',(#2741,#2742,#2743,#2744,#2745,#2746,#2747,#2748,#2749,
#2750,#2751,#2752,#2753,#2754,#2755,#2756,#2757,#2758,#2759,#2760,#2761,
#2762,#2763,#2764,#2765,#2766,#2767,#2768,#2769,#2770,#2771,#2772,#2773,
#2774,#2775,#2776));
#437=EDGE_LOOP('',(#2777,#2778,#2779,#2780));
#438=EDGE_LOOP('',(#2781,#2782,#2783,#2784,#2785,#2786,#2787,#2788,#2789,
#2790,#2791,#2792,#2793,#2794,#2795,#2796,#2797,#2798,#2799,#2800,#2801,
#2802,#2803,#2804,#2805,#2806,#2807,#2808,#2809,#2810,#2811,#2812,#2813,
#2814,#2815,#2816));
#439=EDGE_LOOP('',(#2817,#2818,#2819,#2820));
#440=EDGE_LOOP('',(#2821,#2822,#2823,#2824));
#441=EDGE_LOOP('',(#2825,#2826,#2827,#2828));
#442=EDGE_LOOP('',(#2829,#2830,#2831,#2832));
#443=EDGE_LOOP('',(#2833,#2834,#2835,#2836));
#444=EDGE_LOOP('',(#2837,#2838,#2839,#2840));
#445=EDGE_LOOP('',(#2841,#2842,#2843,#2844,#2845,#2846,#2847,#2848,#2849,
#2850,#2851,#2852,#2853,#2854,#2855,#2856,#2857,#2858,#2859,#2860,#2861,
#2862,#2863,#2864,#2865,#2866,#2867,#2868,#2869,#2870,#2871,#2872,#2873,
#2874,#2875,#2876));
#446=EDGE_LOOP('',(#2877,#2878,#2879,#2880));
#447=EDGE_LOOP('',(#2881,#2882,#2883,#2884));
#448=EDGE_LOOP('',(#2885,#2886,#2887,#2888));
#449=EDGE_LOOP('',(#2889,#2890,#2891,#2892));
#450=EDGE_LOOP('',(#2893,#2894,#2895,#2896));
#451=EDGE_LOOP('',(#2897,#2898,#2899,#2900));
#452=EDGE_LOOP('',(#2901,#2902,#2903,#2904));
#453=EDGE_LOOP('',(#2905,#2906,#2907,#2908));
#454=EDGE_LOOP('',(#2909,#2910,#2911,#2912));
#455=EDGE_LOOP('',(#2913,#2914,#2915,#2916));
#456=EDGE_LOOP('',(#2917,#2918,#2919,#2920));
#457=EDGE_LOOP('',(#2921,#2922,#2923,#2924));
#458=EDGE_LOOP('',(#2925,#2926,#2927,#2928));
#459=EDGE_LOOP('',(#2929,#2930,#2931,#2932));
#460=EDGE_LOOP('',(#2933,#2934,#2935,#2936));
#461=EDGE_LOOP('',(#2937,#2938,#2939,#2940));
#462=EDGE_LOOP('',(#2941,#2942,#2943,#2944));
#463=EDGE_LOOP('',(#2945,#2946,#2947,#2948,#2949,#2950,#2951,#2952));
#464=EDGE_LOOP('',(#2953,#2954,#2955,#2956,#2957,#2958,#2959,#2960,#2961,
#2962,#2963,#2964,#2965,#2966,#2967,#2968,#2969,#2970,#2971,#2972,#2973,
#2974,#2975,#2976,#2977,#2978,#2979,#2980,#2981,#2982,#2983,#2984,#2985,
#2986,#2987,#2988));
#465=EDGE_LOOP('',(#2989,#2990,#2991,#2992));
#466=EDGE_LOOP('',(#2993,#2994,#2995,#2996,#2997,#2998,#2999,#3000,#3001,
#3002,#3003,#3004,#3005,#3006,#3007,#3008,#3009,#3010,#3011,#3012,#3013,
#3014,#3015,#3016,#3017,#3018,#3019,#3020,#3021,#3022,#3023,#3024,#3025,
#3026,#3027,#3028));
#467=EDGE_LOOP('',(#3029,#3030,#3031,#3032));
#468=EDGE_LOOP('',(#3033,#3034,#3035,#3036));
#469=EDGE_LOOP('',(#3037,#3038,#3039,#3040));
#470=EDGE_LOOP('',(#3041,#3042,#3043,#3044));
#471=EDGE_LOOP('',(#3045,#3046,#3047,#3048));
#472=EDGE_LOOP('',(#3049,#3050,#3051,#3052));
#473=EDGE_LOOP('',(#3053,#3054,#3055,#3056,#3057,#3058,#3059,#3060,#3061,
#3062,#3063,#3064,#3065,#3066,#3067,#3068,#3069,#3070,#3071,#3072,#3073,
#3074,#3075,#3076,#3077,#3078,#3079,#3080,#3081,#3082,#3083,#3084,#3085,
#3086,#3087,#3088));
#474=EDGE_LOOP('',(#3089,#3090,#3091,#3092));
#475=EDGE_LOOP('',(#3093,#3094,#3095,#3096));
#476=EDGE_LOOP('',(#3097,#3098,#3099,#3100));
#477=EDGE_LOOP('',(#3101,#3102,#3103,#3104));
#478=EDGE_LOOP('',(#3105,#3106,#3107,#3108));
#479=EDGE_LOOP('',(#3109,#3110,#3111,#3112));
#480=EDGE_LOOP('',(#3113,#3114,#3115,#3116));
#481=EDGE_LOOP('',(#3117,#3118,#3119,#3120));
#482=EDGE_LOOP('',(#3121,#3122,#3123,#3124));
#483=EDGE_LOOP('',(#3125,#3126,#3127,#3128));
#484=EDGE_LOOP('',(#3129,#3130,#3131,#3132));
#485=EDGE_LOOP('',(#3133,#3134,#3135,#3136));
#486=EDGE_LOOP('',(#3137,#3138,#3139,#3140));
#487=EDGE_LOOP('',(#3141,#3142,#3143,#3144));
#488=EDGE_LOOP('',(#3145,#3146,#3147,#3148));
#489=EDGE_LOOP('',(#3149,#3150,#3151,#3152));
#490=EDGE_LOOP('',(#3153,#3154,#3155,#3156));
#491=EDGE_LOOP('',(#3157,#3158,#3159,#3160));
#492=EDGE_LOOP('',(#3161,#3162,#3163,#3164));
#493=EDGE_LOOP('',(#3165,#3166,#3167,#3168));
#494=EDGE_LOOP('',(#3169,#3170,#3171,#3172));
#495=EDGE_LOOP('',(#3173,#3174,#3175,#3176));
#496=EDGE_LOOP('',(#3177,#3178,#3179,#3180));
#497=EDGE_LOOP('',(#3181,#3182,#3183,#3184));
#498=EDGE_LOOP('',(#3185,#3186,#3187,#3188));
#499=EDGE_LOOP('',(#3189,#3190,#3191,#3192));
#500=EDGE_LOOP('',(#3193,#3194,#3195,#3196));
#501=EDGE_LOOP('',(#3197,#3198,#3199,#3200));
#502=EDGE_LOOP('',(#3201,#3202,#3203,#3204));
#503=EDGE_LOOP('',(#3205,#3206,#3207,#3208));
#504=EDGE_LOOP('',(#3209,#3210,#3211,#3212));
#505=EDGE_LOOP('',(#3213,#3214,#3215,#3216));
#506=EDGE_LOOP('',(#3217,#3218,#3219,#3220));
#507=EDGE_LOOP('',(#3221,#3222,#3223,#3224));
#508=EDGE_LOOP('',(#3225,#3226,#3227,#3228));
#509=EDGE_LOOP('',(#3229,#3230,#3231,#3232));
#510=EDGE_LOOP('',(#3233,#3234,#3235,#3236));
#511=EDGE_LOOP('',(#3237,#3238,#3239,#3240));
#512=EDGE_LOOP('',(#3241,#3242,#3243,#3244));
#513=EDGE_LOOP('',(#3245,#3246,#3247,#3248));
#514=EDGE_LOOP('',(#3249,#3250,#3251,#3252));
#515=EDGE_LOOP('',(#3253,#3254,#3255,#3256));
#516=EDGE_LOOP('',(#3257,#3258,#3259,#3260));
#517=EDGE_LOOP('',(#3261,#3262,#3263,#3264));
#518=EDGE_LOOP('',(#3265,#3266,#3267,#3268));
#519=EDGE_LOOP('',(#3269,#3270,#3271,#3272));
#520=EDGE_LOOP('',(#3273,#3274,#3275,#3276));
#521=EDGE_LOOP('',(#3277,#3278,#3279,#3280));
#522=EDGE_LOOP('',(#3281,#3282,#3283,#3284));
#523=EDGE_LOOP('',(#3285,#3286,#3287,#3288));
#524=EDGE_LOOP('',(#3289,#3290,#3291,#3292));
#525=EDGE_LOOP('',(#3293,#3294,#3295,#3296));
#526=EDGE_LOOP('',(#3297,#3298,#3299,#3300));
#527=EDGE_LOOP('',(#3301,#3302,#3303,#3304));
#528=EDGE_LOOP('',(#3305,#3306,#3307,#3308));
#529=EDGE_LOOP('',(#3309,#3310,#3311,#3312));
#530=EDGE_LOOP('',(#3313,#3314,#3315,#3316));
#531=EDGE_LOOP('',(#3317,#3318,#3319,#3320));
#532=EDGE_LOOP('',(#3321,#3322,#3323,#3324));
#533=EDGE_LOOP('',(#3325,#3326,#3327,#3328));
#534=EDGE_LOOP('',(#3329,#3330,#3331,#3332));
#535=EDGE_LOOP('',(#3333,#3334,#3335,#3336));
#536=EDGE_LOOP('',(#3337,#3338,#3339,#3340));
#537=EDGE_LOOP('',(#3341,#3342,#3343,#3344));
#538=EDGE_LOOP('',(#3345,#3346,#3347,#3348));
#539=EDGE_LOOP('',(#3349,#3350,#3351,#3352));
#540=EDGE_LOOP('',(#3353,#3354,#3355,#3356));
#541=EDGE_LOOP('',(#3357,#3358,#3359,#3360));
#542=EDGE_LOOP('',(#3361,#3362,#3363,#3364));
#543=EDGE_LOOP('',(#3365,#3366,#3367,#3368));
#544=EDGE_LOOP('',(#3369,#3370,#3371,#3372));
#545=EDGE_LOOP('',(#3373,#3374,#3375,#3376));
#546=EDGE_LOOP('',(#3377,#3378,#3379,#3380));
#547=EDGE_LOOP('',(#3381,#3382,#3383,#3384));
#548=EDGE_LOOP('',(#3385,#3386,#3387,#3388));
#549=EDGE_LOOP('',(#3389,#3390,#3391,#3392));
#550=EDGE_LOOP('',(#3393,#3394,#3395,#3396));
#551=EDGE_LOOP('',(#3397,#3398,#3399,#3400));
#552=EDGE_LOOP('',(#3401,#3402,#3403,#3404));
#553=EDGE_LOOP('',(#3405,#3406,#3407,#3408));
#554=EDGE_LOOP('',(#3409,#3410,#3411,#3412));
#555=EDGE_LOOP('',(#3413,#3414,#3415,#3416));
#556=EDGE_LOOP('',(#3417,#3418,#3419,#3420));
#557=EDGE_LOOP('',(#3421,#3422,#3423,#3424));
#558=EDGE_LOOP('',(#3425,#3426,#3427,#3428));
#559=EDGE_LOOP('',(#3429,#3430,#3431,#3432));
#560=EDGE_LOOP('',(#3433,#3434,#3435,#3436));
#561=EDGE_LOOP('',(#3437,#3438,#3439,#3440));
#562=EDGE_LOOP('',(#3441,#3442,#3443,#3444));
#563=EDGE_LOOP('',(#3445,#3446,#3447,#3448));
#564=EDGE_LOOP('',(#3449,#3450,#3451,#3452));
#565=EDGE_LOOP('',(#3453,#3454,#3455,#3456));
#566=EDGE_LOOP('',(#3457,#3458,#3459,#3460));
#567=EDGE_LOOP('',(#3461,#3462,#3463,#3464));
#568=EDGE_LOOP('',(#3465,#3466,#3467,#3468));
#569=EDGE_LOOP('',(#3469,#3470,#3471,#3472));
#570=EDGE_LOOP('',(#3473,#3474,#3475,#3476));
#571=EDGE_LOOP('',(#3477,#3478,#3479,#3480));
#572=EDGE_LOOP('',(#3481,#3482,#3483,#3484));
#573=EDGE_LOOP('',(#3485,#3486,#3487,#3488));
#574=EDGE_LOOP('',(#3489,#3490,#3491,#3492));
#575=EDGE_LOOP('',(#3493,#3494,#3495,#3496));
#576=EDGE_LOOP('',(#3497,#3498,#3499,#3500));
#577=EDGE_LOOP('',(#3501,#3502,#3503,#3504));
#578=EDGE_LOOP('',(#3505,#3506,#3507,#3508));
#579=EDGE_LOOP('',(#3509,#3510,#3511,#3512));
#580=EDGE_LOOP('',(#3513,#3514,#3515,#3516));
#581=EDGE_LOOP('',(#3517,#3518,#3519,#3520));
#582=EDGE_LOOP('',(#3521,#3522,#3523,#3524));
#583=EDGE_LOOP('',(#3525,#3526,#3527,#3528));
#584=EDGE_LOOP('',(#3529,#3530,#3531,#3532));
#585=EDGE_LOOP('',(#3533,#3534,#3535,#3536));
#586=EDGE_LOOP('',(#3537,#3538,#3539,#3540));
#587=EDGE_LOOP('',(#3541,#3542,#3543,#3544));
#588=EDGE_LOOP('',(#3545,#3546,#3547,#3548));
#589=EDGE_LOOP('',(#3549,#3550,#3551,#3552));
#590=EDGE_LOOP('',(#3553,#3554,#3555,#3556));
#591=EDGE_LOOP('',(#3557,#3558,#3559,#3560));
#592=EDGE_LOOP('',(#3561,#3562,#3563,#3564));
#593=EDGE_LOOP('',(#3565,#3566,#3567,#3568));
#594=EDGE_LOOP('',(#3569,#3570,#3571,#3572));
#595=EDGE_LOOP('',(#3573,#3574,#3575,#3576));
#596=EDGE_LOOP('',(#3577,#3578,#3579,#3580));
#597=EDGE_LOOP('',(#3581,#3582,#3583,#3584));
#598=EDGE_LOOP('',(#3585,#3586,#3587,#3588));
#599=EDGE_LOOP('',(#3589,#3590,#3591,#3592));
#600=EDGE_LOOP('',(#3593,#3594,#3595,#3596));
#601=EDGE_LOOP('',(#3597,#3598,#3599,#3600));
#602=EDGE_LOOP('',(#3601,#3602,#3603,#3604));
#603=EDGE_LOOP('',(#3605,#3606,#3607,#3608));
#604=EDGE_LOOP('',(#3609,#3610,#3611,#3612));
#605=EDGE_LOOP('',(#3613,#3614,#3615,#3616));
#606=EDGE_LOOP('',(#3617,#3618,#3619,#3620));
#607=EDGE_LOOP('',(#3621,#3622,#3623,#3624));
#608=EDGE_LOOP('',(#3625,#3626,#3627,#3628));
#609=EDGE_LOOP('',(#3629,#3630,#3631,#3632));
#610=EDGE_LOOP('',(#3633,#3634,#3635,#3636));
#611=EDGE_LOOP('',(#3637,#3638,#3639,#3640));
#612=EDGE_LOOP('',(#3641,#3642,#3643,#3644));
#613=EDGE_LOOP('',(#3645,#3646,#3647,#3648));
#614=EDGE_LOOP('',(#3649,#3650,#3651,#3652));
#615=EDGE_LOOP('',(#3653,#3654,#3655,#3656));
#616=EDGE_LOOP('',(#3657,#3658,#3659,#3660));
#617=EDGE_LOOP('',(#3661,#3662,#3663,#3664));
#618=EDGE_LOOP('',(#3665,#3666,#3667,#3668));
#619=EDGE_LOOP('',(#3669,#3670,#3671,#3672));
#620=EDGE_LOOP('',(#3673,#3674,#3675,#3676));
#621=EDGE_LOOP('',(#3677,#3678,#3679,#3680));
#622=EDGE_LOOP('',(#3681,#3682,#3683,#3684));
#623=EDGE_LOOP('',(#3685,#3686,#3687,#3688));
#624=EDGE_LOOP('',(#3689,#3690,#3691,#3692));
#625=EDGE_LOOP('',(#3693,#3694,#3695,#3696));
#626=EDGE_LOOP('',(#3697,#3698,#3699,#3700));
#627=EDGE_LOOP('',(#3701,#3702,#3703,#3704));
#628=EDGE_LOOP('',(#3705,#3706,#3707,#3708));
#629=EDGE_LOOP('',(#3709,#3710,#3711,#3712));
#630=EDGE_LOOP('',(#3713,#3714,#3715,#3716));
#631=EDGE_LOOP('',(#3717,#3718,#3719,#3720));
#632=EDGE_LOOP('',(#3721,#3722,#3723,#3724));
#633=EDGE_LOOP('',(#3725,#3726,#3727,#3728));
#634=EDGE_LOOP('',(#3729,#3730,#3731,#3732));
#635=EDGE_LOOP('',(#3733,#3734,#3735,#3736));
#636=EDGE_LOOP('',(#3737,#3738,#3739,#3740));
#637=EDGE_LOOP('',(#3741,#3742,#3743,#3744));
#638=EDGE_LOOP('',(#3745,#3746,#3747,#3748));
#639=EDGE_LOOP('',(#3749,#3750,#3751,#3752));
#640=EDGE_LOOP('',(#3753,#3754,#3755,#3756));
#641=EDGE_LOOP('',(#3757,#3758,#3759,#3760));
#642=EDGE_LOOP('',(#3761,#3762,#3763,#3764));
#643=EDGE_LOOP('',(#3765,#3766,#3767,#3768));
#644=EDGE_LOOP('',(#3769,#3770,#3771,#3772));
#645=EDGE_LOOP('',(#3773,#3774,#3775,#3776));
#646=EDGE_LOOP('',(#3777,#3778,#3779,#3780));
#647=EDGE_LOOP('',(#3781,#3782,#3783,#3784));
#648=EDGE_LOOP('',(#3785,#3786,#3787,#3788));
#649=EDGE_LOOP('',(#3789,#3790,#3791,#3792));
#650=EDGE_LOOP('',(#3793,#3794,#3795,#3796));
#651=EDGE_LOOP('',(#3797,#3798,#3799,#3800));
#652=EDGE_LOOP('',(#3801,#3802,#3803,#3804));
#653=EDGE_LOOP('',(#3805,#3806,#3807,#3808));
#654=EDGE_LOOP('',(#3809,#3810,#3811,#3812));
#655=EDGE_LOOP('',(#3813,#3814,#3815,#3816));
#656=EDGE_LOOP('',(#3817,#3818,#3819,#3820));
#657=EDGE_LOOP('',(#3821,#3822,#3823,#3824));
#658=EDGE_LOOP('',(#3825,#3826,#3827,#3828));
#659=EDGE_LOOP('',(#3829,#3830,#3831,#3832));
#660=EDGE_LOOP('',(#3833,#3834,#3835,#3836));
#661=EDGE_LOOP('',(#3837,#3838,#3839,#3840));
#662=EDGE_LOOP('',(#3841,#3842,#3843,#3844));
#663=EDGE_LOOP('',(#3845,#3846,#3847,#3848));
#664=EDGE_LOOP('',(#3849,#3850,#3851,#3852));
#665=LINE('',#5219,#1221);
#666=LINE('',#5222,#1222);
#667=LINE('',#5225,#1223);
#668=LINE('',#5227,#1224);
#669=LINE('',#5228,#1225);
#670=LINE('',#5231,#1226);
#671=LINE('',#5235,#1227);
#672=LINE('',#5239,#1228);
#673=LINE('',#5243,#1229);
#674=LINE('',#5245,#1230);
#675=LINE('',#5247,#1231);
#676=LINE('',#5249,#1232);
#677=LINE('',#5251,#1233);
#678=LINE('',#5253,#1234);
#679=LINE('',#5255,#1235);
#680=LINE('',#5257,#1236);
#681=LINE('',#5259,#1237);
#682=LINE('',#5261,#1238);
#683=LINE('',#5263,#1239);
#684=LINE('',#5265,#1240);
#685=LINE('',#5267,#1241);
#686=LINE('',#5269,#1242);
#687=LINE('',#5271,#1243);
#688=LINE('',#5273,#1244);
#689=LINE('',#5275,#1245);
#690=LINE('',#5277,#1246);
#691=LINE('',#5279,#1247);
#692=LINE('',#5281,#1248);
#693=LINE('',#5283,#1249);
#694=LINE('',#5285,#1250);
#695=LINE('',#5287,#1251);
#696=LINE('',#5289,#1252);
#697=LINE('',#5291,#1253);
#698=LINE('',#5293,#1254);
#699=LINE('',#5295,#1255);
#700=LINE('',#5297,#1256);
#701=LINE('',#5299,#1257);
#702=LINE('',#5301,#1258);
#703=LINE('',#5303,#1259);
#704=LINE('',#5305,#1260);
#705=LINE('',#5307,#1261);
#706=LINE('',#5309,#1262);
#707=LINE('',#5311,#1263);
#708=LINE('',#5312,#1264);
#709=LINE('',#5315,#1265);
#710=LINE('',#5317,#1266);
#711=LINE('',#5319,#1267);
#712=LINE('',#5320,#1268);
#713=LINE('',#5323,#1269);
#714=LINE('',#5325,#1270);
#715=LINE('',#5327,#1271);
#716=LINE('',#5329,#1272);
#717=LINE('',#5331,#1273);
#718=LINE('',#5333,#1274);
#719=LINE('',#5335,#1275);
#720=LINE('',#5337,#1276);
#721=LINE('',#5339,#1277);
#722=LINE('',#5341,#1278);
#723=LINE('',#5343,#1279);
#724=LINE('',#5345,#1280);
#725=LINE('',#5347,#1281);
#726=LINE('',#5349,#1282);
#727=LINE('',#5351,#1283);
#728=LINE('',#5353,#1284);
#729=LINE('',#5355,#1285);
#730=LINE('',#5357,#1286);
#731=LINE('',#5359,#1287);
#732=LINE('',#5361,#1288);
#733=LINE('',#5363,#1289);
#734=LINE('',#5365,#1290);
#735=LINE('',#5367,#1291);
#736=LINE('',#5369,#1292);
#737=LINE('',#5371,#1293);
#738=LINE('',#5373,#1294);
#739=LINE('',#5375,#1295);
#740=LINE('',#5377,#1296);
#741=LINE('',#5379,#1297);
#742=LINE('',#5381,#1298);
#743=LINE('',#5383,#1299);
#744=LINE('',#5385,#1300);
#745=LINE('',#5387,#1301);
#746=LINE('',#5389,#1302);
#747=LINE('',#5391,#1303);
#748=LINE('',#5392,#1304);
#749=LINE('',#5395,#1305);
#750=LINE('',#5397,#1306);
#751=LINE('',#5399,#1307);
#752=LINE('',#5400,#1308);
#753=LINE('',#5403,#1309);
#754=LINE('',#5405,#1310);
#755=LINE('',#5407,#1311);
#756=LINE('',#5408,#1312);
#757=LINE('',#5411,#1313);
#758=LINE('',#5413,#1314);
#759=LINE('',#5415,#1315);
#760=LINE('',#5416,#1316);
#761=LINE('',#5419,#1317);
#762=LINE('',#5421,#1318);
#763=LINE('',#5423,#1319);
#764=LINE('',#5424,#1320);
#765=LINE('',#5427,#1321);
#766=LINE('',#5429,#1322);
#767=LINE('',#5431,#1323);
#768=LINE('',#5432,#1324);
#769=LINE('',#5435,#1325);
#770=LINE('',#5437,#1326);
#771=LINE('',#5439,#1327);
#772=LINE('',#5440,#1328);
#773=LINE('',#5443,#1329);
#774=LINE('',#5445,#1330);
#775=LINE('',#5447,#1331);
#776=LINE('',#5449,#1332);
#777=LINE('',#5451,#1333);
#778=LINE('',#5453,#1334);
#779=LINE('',#5455,#1335);
#780=LINE('',#5457,#1336);
#781=LINE('',#5459,#1337);
#782=LINE('',#5461,#1338);
#783=LINE('',#5463,#1339);
#784=LINE('',#5465,#1340);
#785=LINE('',#5467,#1341);
#786=LINE('',#5469,#1342);
#787=LINE('',#5471,#1343);
#788=LINE('',#5473,#1344);
#789=LINE('',#5475,#1345);
#790=LINE('',#5477,#1346);
#791=LINE('',#5479,#1347);
#792=LINE('',#5481,#1348);
#793=LINE('',#5483,#1349);
#794=LINE('',#5485,#1350);
#795=LINE('',#5487,#1351);
#796=LINE('',#5489,#1352);
#797=LINE('',#5491,#1353);
#798=LINE('',#5493,#1354);
#799=LINE('',#5495,#1355);
#800=LINE('',#5497,#1356);
#801=LINE('',#5499,#1357);
#802=LINE('',#5501,#1358);
#803=LINE('',#5503,#1359);
#804=LINE('',#5505,#1360);
#805=LINE('',#5507,#1361);
#806=LINE('',#5509,#1362);
#807=LINE('',#5511,#1363);
#808=LINE('',#5512,#1364);
#809=LINE('',#5515,#1365);
#810=LINE('',#5517,#1366);
#811=LINE('',#5519,#1367);
#812=LINE('',#5520,#1368);
#813=LINE('',#5523,#1369);
#814=LINE('',#5525,#1370);
#815=LINE('',#5527,#1371);
#816=LINE('',#5528,#1372);
#817=LINE('',#5531,#1373);
#818=LINE('',#5533,#1374);
#819=LINE('',#5535,#1375);
#820=LINE('',#5536,#1376);
#821=LINE('',#5539,#1377);
#822=LINE('',#5541,#1378);
#823=LINE('',#5543,#1379);
#824=LINE('',#5544,#1380);
#825=LINE('',#5547,#1381);
#826=LINE('',#5549,#1382);
#827=LINE('',#5551,#1383);
#828=LINE('',#5552,#1384);
#829=LINE('',#5555,#1385);
#830=LINE('',#5557,#1386);
#831=LINE('',#5559,#1387);
#832=LINE('',#5560,#1388);
#833=LINE('',#5563,#1389);
#834=LINE('',#5565,#1390);
#835=LINE('',#5567,#1391);
#836=LINE('',#5568,#1392);
#837=LINE('',#5571,#1393);
#838=LINE('',#5573,#1394);
#839=LINE('',#5575,#1395);
#840=LINE('',#5576,#1396);
#841=LINE('',#5579,#1397);
#842=LINE('',#5581,#1398);
#843=LINE('',#5583,#1399);
#844=LINE('',#5584,#1400);
#845=LINE('',#5587,#1401);
#846=LINE('',#5589,#1402);
#847=LINE('',#5591,#1403);
#848=LINE('',#5592,#1404);
#849=LINE('',#5595,#1405);
#850=LINE('',#5597,#1406);
#851=LINE('',#5599,#1407);
#852=LINE('',#5600,#1408);
#853=LINE('',#5603,#1409);
#854=LINE('',#5607,#1410);
#855=LINE('',#5608,#1411);
#856=LINE('',#5611,#1412);
#857=LINE('',#5615,#1413);
#858=LINE('',#5616,#1414);
#859=LINE('',#5620,#1415);
#860=LINE('',#5622,#1416);
#861=LINE('',#5626,#1417);
#862=LINE('',#5628,#1418);
#863=LINE('',#5630,#1419);
#864=LINE('',#5632,#1420);
#865=LINE('',#5634,#1421);
#866=LINE('',#5636,#1422);
#867=LINE('',#5638,#1423);
#868=LINE('',#5640,#1424);
#869=LINE('',#5642,#1425);
#870=LINE('',#5644,#1426);
#871=LINE('',#5646,#1427);
#872=LINE('',#5648,#1428);
#873=LINE('',#5650,#1429);
#874=LINE('',#5652,#1430);
#875=LINE('',#5654,#1431);
#876=LINE('',#5656,#1432);
#877=LINE('',#5658,#1433);
#878=LINE('',#5660,#1434);
#879=LINE('',#5662,#1435);
#880=LINE('',#5664,#1436);
#881=LINE('',#5666,#1437);
#882=LINE('',#5668,#1438);
#883=LINE('',#5670,#1439);
#884=LINE('',#5672,#1440);
#885=LINE('',#5674,#1441);
#886=LINE('',#5676,#1442);
#887=LINE('',#5678,#1443);
#888=LINE('',#5680,#1444);
#889=LINE('',#5682,#1445);
#890=LINE('',#5684,#1446);
#891=LINE('',#5686,#1447);
#892=LINE('',#5688,#1448);
#893=LINE('',#5690,#1449);
#894=LINE('',#5692,#1450);
#895=LINE('',#5694,#1451);
#896=LINE('',#5695,#1452);
#897=LINE('',#5698,#1453);
#898=LINE('',#5700,#1454);
#899=LINE('',#5702,#1455);
#900=LINE('',#5703,#1456);
#901=LINE('',#5706,#1457);
#902=LINE('',#5708,#1458);
#903=LINE('',#5710,#1459);
#904=LINE('',#5712,#1460);
#905=LINE('',#5714,#1461);
#906=LINE('',#5716,#1462);
#907=LINE('',#5718,#1463);
#908=LINE('',#5720,#1464);
#909=LINE('',#5722,#1465);
#910=LINE('',#5724,#1466);
#911=LINE('',#5726,#1467);
#912=LINE('',#5728,#1468);
#913=LINE('',#5730,#1469);
#914=LINE('',#5732,#1470);
#915=LINE('',#5734,#1471);
#916=LINE('',#5736,#1472);
#917=LINE('',#5738,#1473);
#918=LINE('',#5740,#1474);
#919=LINE('',#5742,#1475);
#920=LINE('',#5744,#1476);
#921=LINE('',#5746,#1477);
#922=LINE('',#5748,#1478);
#923=LINE('',#5750,#1479);
#924=LINE('',#5752,#1480);
#925=LINE('',#5754,#1481);
#926=LINE('',#5756,#1482);
#927=LINE('',#5758,#1483);
#928=LINE('',#5760,#1484);
#929=LINE('',#5762,#1485);
#930=LINE('',#5764,#1486);
#931=LINE('',#5766,#1487);
#932=LINE('',#5768,#1488);
#933=LINE('',#5770,#1489);
#934=LINE('',#5772,#1490);
#935=LINE('',#5774,#1491);
#936=LINE('',#5775,#1492);
#937=LINE('',#5778,#1493);
#938=LINE('',#5780,#1494);
#939=LINE('',#5782,#1495);
#940=LINE('',#5783,#1496);
#941=LINE('',#5786,#1497);
#942=LINE('',#5788,#1498);
#943=LINE('',#5790,#1499);
#944=LINE('',#5791,#1500);
#945=LINE('',#5794,#1501);
#946=LINE('',#5796,#1502);
#947=LINE('',#5798,#1503);
#948=LINE('',#5799,#1504);
#949=LINE('',#5802,#1505);
#950=LINE('',#5804,#1506);
#951=LINE('',#5806,#1507);
#952=LINE('',#5807,#1508);
#953=LINE('',#5810,#1509);
#954=LINE('',#5812,#1510);
#955=LINE('',#5814,#1511);
#956=LINE('',#5815,#1512);
#957=LINE('',#5818,#1513);
#958=LINE('',#5820,#1514);
#959=LINE('',#5822,#1515);
#960=LINE('',#5823,#1516);
#961=LINE('',#5826,#1517);
#962=LINE('',#5828,#1518);
#963=LINE('',#5830,#1519);
#964=LINE('',#5832,#1520);
#965=LINE('',#5834,#1521);
#966=LINE('',#5836,#1522);
#967=LINE('',#5838,#1523);
#968=LINE('',#5840,#1524);
#969=LINE('',#5842,#1525);
#970=LINE('',#5844,#1526);
#971=LINE('',#5846,#1527);
#972=LINE('',#5848,#1528);
#973=LINE('',#5850,#1529);
#974=LINE('',#5852,#1530);
#975=LINE('',#5854,#1531);
#976=LINE('',#5856,#1532);
#977=LINE('',#5858,#1533);
#978=LINE('',#5860,#1534);
#979=LINE('',#5862,#1535);
#980=LINE('',#5864,#1536);
#981=LINE('',#5866,#1537);
#982=LINE('',#5868,#1538);
#983=LINE('',#5870,#1539);
#984=LINE('',#5872,#1540);
#985=LINE('',#5874,#1541);
#986=LINE('',#5876,#1542);
#987=LINE('',#5878,#1543);
#988=LINE('',#5880,#1544);
#989=LINE('',#5882,#1545);
#990=LINE('',#5884,#1546);
#991=LINE('',#5886,#1547);
#992=LINE('',#5888,#1548);
#993=LINE('',#5890,#1549);
#994=LINE('',#5892,#1550);
#995=LINE('',#5894,#1551);
#996=LINE('',#5895,#1552);
#997=LINE('',#5898,#1553);
#998=LINE('',#5900,#1554);
#999=LINE('',#5902,#1555);
#1000=LINE('',#5903,#1556);
#1001=LINE('',#5906,#1557);
#1002=LINE('',#5908,#1558);
#1003=LINE('',#5910,#1559);
#1004=LINE('',#5911,#1560);
#1005=LINE('',#5914,#1561);
#1006=LINE('',#5916,#1562);
#1007=LINE('',#5918,#1563);
#1008=LINE('',#5919,#1564);
#1009=LINE('',#5922,#1565);
#1010=LINE('',#5924,#1566);
#1011=LINE('',#5926,#1567);
#1012=LINE('',#5927,#1568);
#1013=LINE('',#5930,#1569);
#1014=LINE('',#5932,#1570);
#1015=LINE('',#5934,#1571);
#1016=LINE('',#5935,#1572);
#1017=LINE('',#5938,#1573);
#1018=LINE('',#5940,#1574);
#1019=LINE('',#5942,#1575);
#1020=LINE('',#5943,#1576);
#1021=LINE('',#5946,#1577);
#1022=LINE('',#5948,#1578);
#1023=LINE('',#5950,#1579);
#1024=LINE('',#5951,#1580);
#1025=LINE('',#5954,#1581);
#1026=LINE('',#5956,#1582);
#1027=LINE('',#5958,#1583);
#1028=LINE('',#5959,#1584);
#1029=LINE('',#5962,#1585);
#1030=LINE('',#5964,#1586);
#1031=LINE('',#5966,#1587);
#1032=LINE('',#5967,#1588);
#1033=LINE('',#5970,#1589);
#1034=LINE('',#5972,#1590);
#1035=LINE('',#5974,#1591);
#1036=LINE('',#5975,#1592);
#1037=LINE('',#5978,#1593);
#1038=LINE('',#5980,#1594);
#1039=LINE('',#5982,#1595);
#1040=LINE('',#5983,#1596);
#1041=LINE('',#5985,#1597);
#1042=LINE('',#5986,#1598);
#1043=LINE('',#5988,#1599);
#1044=LINE('',#5990,#1600);
#1045=LINE('',#5993,#1601);
#1046=LINE('',#5994,#1602);
#1047=LINE('',#5996,#1603);
#1048=LINE('',#5998,#1604);
#1049=LINE('',#6001,#1605);
#1050=LINE('',#6002,#1606);
#1051=LINE('',#6004,#1607);
#1052=LINE('',#6006,#1608);
#1053=LINE('',#6009,#1609);
#1054=LINE('',#6010,#1610);
#1055=LINE('',#6012,#1611);
#1056=LINE('',#6014,#1612);
#1057=LINE('',#6017,#1613);
#1058=LINE('',#6018,#1614);
#1059=LINE('',#6020,#1615);
#1060=LINE('',#6022,#1616);
#1061=LINE('',#6025,#1617);
#1062=LINE('',#6026,#1618);
#1063=LINE('',#6028,#1619);
#1064=LINE('',#6030,#1620);
#1065=LINE('',#6033,#1621);
#1066=LINE('',#6034,#1622);
#1067=LINE('',#6036,#1623);
#1068=LINE('',#6038,#1624);
#1069=LINE('',#6041,#1625);
#1070=LINE('',#6042,#1626);
#1071=LINE('',#6044,#1627);
#1072=LINE('',#6046,#1628);
#1073=LINE('',#6049,#1629);
#1074=LINE('',#6050,#1630);
#1075=LINE('',#6052,#1631);
#1076=LINE('',#6054,#1632);
#1077=LINE('',#6057,#1633);
#1078=LINE('',#6058,#1634);
#1079=LINE('',#6060,#1635);
#1080=LINE('',#6062,#1636);
#1081=LINE('',#6065,#1637);
#1082=LINE('',#6066,#1638);
#1083=LINE('',#6068,#1639);
#1084=LINE('',#6070,#1640);
#1085=LINE('',#6073,#1641);
#1086=LINE('',#6074,#1642);
#1087=LINE('',#6076,#1643);
#1088=LINE('',#6078,#1644);
#1089=LINE('',#6080,#1645);
#1090=LINE('',#6082,#1646);
#1091=LINE('',#6084,#1647);
#1092=LINE('',#6086,#1648);
#1093=LINE('',#6088,#1649);
#1094=LINE('',#6090,#1650);
#1095=LINE('',#6092,#1651);
#1096=LINE('',#6094,#1652);
#1097=LINE('',#6096,#1653);
#1098=LINE('',#6098,#1654);
#1099=LINE('',#6100,#1655);
#1100=LINE('',#6102,#1656);
#1101=LINE('',#6104,#1657);
#1102=LINE('',#6106,#1658);
#1103=LINE('',#6108,#1659);
#1104=LINE('',#6110,#1660);
#1105=LINE('',#6112,#1661);
#1106=LINE('',#6114,#1662);
#1107=LINE('',#6116,#1663);
#1108=LINE('',#6118,#1664);
#1109=LINE('',#6120,#1665);
#1110=LINE('',#6122,#1666);
#1111=LINE('',#6124,#1667);
#1112=LINE('',#6126,#1668);
#1113=LINE('',#6128,#1669);
#1114=LINE('',#6130,#1670);
#1115=LINE('',#6132,#1671);
#1116=LINE('',#6134,#1672);
#1117=LINE('',#6136,#1673);
#1118=LINE('',#6138,#1674);
#1119=LINE('',#6140,#1675);
#1120=LINE('',#6142,#1676);
#1121=LINE('',#6145,#1677);
#1122=LINE('',#6146,#1678);
#1123=LINE('',#6148,#1679);
#1124=LINE('',#6150,#1680);
#1125=LINE('',#6153,#1681);
#1126=LINE('',#6154,#1682);
#1127=LINE('',#6156,#1683);
#1128=LINE('',#6158,#1684);
#1129=LINE('',#6161,#1685);
#1130=LINE('',#6162,#1686);
#1131=LINE('',#6164,#1687);
#1132=LINE('',#6166,#1688);
#1133=LINE('',#6169,#1689);
#1134=LINE('',#6170,#1690);
#1135=LINE('',#6172,#1691);
#1136=LINE('',#6174,#1692);
#1137=LINE('',#6177,#1693);
#1138=LINE('',#6178,#1694);
#1139=LINE('',#6180,#1695);
#1140=LINE('',#6182,#1696);
#1141=LINE('',#6185,#1697);
#1142=LINE('',#6186,#1698);
#1143=LINE('',#6188,#1699);
#1144=LINE('',#6190,#1700);
#1145=LINE('',#6193,#1701);
#1146=LINE('',#6194,#1702);
#1147=LINE('',#6196,#1703);
#1148=LINE('',#6198,#1704);
#1149=LINE('',#6200,#1705);
#1150=LINE('',#6202,#1706);
#1151=LINE('',#6204,#1707);
#1152=LINE('',#6206,#1708);
#1153=LINE('',#6208,#1709);
#1154=LINE('',#6210,#1710);
#1155=LINE('',#6212,#1711);
#1156=LINE('',#6214,#1712);
#1157=LINE('',#6216,#1713);
#1158=LINE('',#6218,#1714);
#1159=LINE('',#6220,#1715);
#1160=LINE('',#6222,#1716);
#1161=LINE('',#6224,#1717);
#1162=LINE('',#6226,#1718);
#1163=LINE('',#6228,#1719);
#1164=LINE('',#6230,#1720);
#1165=LINE('',#6232,#1721);
#1166=LINE('',#6234,#1722);
#1167=LINE('',#6236,#1723);
#1168=LINE('',#6238,#1724);
#1169=LINE('',#6240,#1725);
#1170=LINE('',#6242,#1726);
#1171=LINE('',#6244,#1727);
#1172=LINE('',#6246,#1728);
#1173=LINE('',#6248,#1729);
#1174=LINE('',#6250,#1730);
#1175=LINE('',#6252,#1731);
#1176=LINE('',#6254,#1732);
#1177=LINE('',#6256,#1733);
#1178=LINE('',#6258,#1734);
#1179=LINE('',#6260,#1735);
#1180=LINE('',#6262,#1736);
#1181=LINE('',#6265,#1737);
#1182=LINE('',#6266,#1738);
#1183=LINE('',#6268,#1739);
#1184=LINE('',#6270,#1740);
#1185=LINE('',#6273,#1741);
#1186=LINE('',#6274,#1742);
#1187=LINE('',#6276,#1743);
#1188=LINE('',#6278,#1744);
#1189=LINE('',#6280,#1745);
#1190=LINE('',#6282,#1746);
#1191=LINE('',#6284,#1747);
#1192=LINE('',#6286,#1748);
#1193=LINE('',#6288,#1749);
#1194=LINE('',#6290,#1750);
#1195=LINE('',#6292,#1751);
#1196=LINE('',#6294,#1752);
#1197=LINE('',#6296,#1753);
#1198=LINE('',#6298,#1754);
#1199=LINE('',#6300,#1755);
#1200=LINE('',#6302,#1756);
#1201=LINE('',#6304,#1757);
#1202=LINE('',#6306,#1758);
#1203=LINE('',#6308,#1759);
#1204=LINE('',#6310,#1760);
#1205=LINE('',#6312,#1761);
#1206=LINE('',#6314,#1762);
#1207=LINE('',#6316,#1763);
#1208=LINE('',#6318,#1764);
#1209=LINE('',#6320,#1765);
#1210=LINE('',#6322,#1766);
#1211=LINE('',#6324,#1767);
#1212=LINE('',#6326,#1768);
#1213=LINE('',#6328,#1769);
#1214=LINE('',#6330,#1770);
#1215=LINE('',#6332,#1771);
#1216=LINE('',#6334,#1772);
#1217=LINE('',#6336,#1773);
#1218=LINE('',#6338,#1774);
#1219=LINE('',#6340,#1775);
#1220=LINE('',#6342,#1776);
#1221=VECTOR('',#4265,10.);
#1222=VECTOR('',#4268,10.);
#1223=VECTOR('',#4271,10.);
#1224=VECTOR('',#4272,10.);
#1225=VECTOR('',#4273,10.);
#1226=VECTOR('',#4276,10.);
#1227=VECTOR('',#4279,10.);
#1228=VECTOR('',#4282,10.);
#1229=VECTOR('',#4285,10.);
#1230=VECTOR('',#4286,10.);
#1231=VECTOR('',#4287,10.);
#1232=VECTOR('',#4288,10.);
#1233=VECTOR('',#4289,10.);
#1234=VECTOR('',#4290,10.);
#1235=VECTOR('',#4291,10.);
#1236=VECTOR('',#4292,10.);
#1237=VECTOR('',#4293,10.);
#1238=VECTOR('',#4294,10.);
#1239=VECTOR('',#4295,10.);
#1240=VECTOR('',#4296,10.);
#1241=VECTOR('',#4297,10.);
#1242=VECTOR('',#4298,10.);
#1243=VECTOR('',#4299,10.);
#1244=VECTOR('',#4300,10.);
#1245=VECTOR('',#4301,10.);
#1246=VECTOR('',#4302,10.);
#1247=VECTOR('',#4303,10.);
#1248=VECTOR('',#4304,10.);
#1249=VECTOR('',#4305,10.);
#1250=VECTOR('',#4306,10.);
#1251=VECTOR('',#4307,10.);
#1252=VECTOR('',#4308,10.);
#1253=VECTOR('',#4309,10.);
#1254=VECTOR('',#4310,10.);
#1255=VECTOR('',#4311,10.);
#1256=VECTOR('',#4312,10.);
#1257=VECTOR('',#4313,10.);
#1258=VECTOR('',#4314,10.);
#1259=VECTOR('',#4315,10.);
#1260=VECTOR('',#4316,10.);
#1261=VECTOR('',#4317,10.);
#1262=VECTOR('',#4318,10.);
#1263=VECTOR('',#4319,10.);
#1264=VECTOR('',#4320,10.);
#1265=VECTOR('',#4321,10.);
#1266=VECTOR('',#4322,10.);
#1267=VECTOR('',#4323,10.);
#1268=VECTOR('',#4324,10.);
#1269=VECTOR('',#4325,10.);
#1270=VECTOR('',#4326,10.);
#1271=VECTOR('',#4327,10.);
#1272=VECTOR('',#4328,10.);
#1273=VECTOR('',#4329,10.);
#1274=VECTOR('',#4330,10.);
#1275=VECTOR('',#4331,10.);
#1276=VECTOR('',#4332,10.);
#1277=VECTOR('',#4333,10.);
#1278=VECTOR('',#4334,10.);
#1279=VECTOR('',#4335,10.);
#1280=VECTOR('',#4336,10.);
#1281=VECTOR('',#4337,10.);
#1282=VECTOR('',#4338,10.);
#1283=VECTOR('',#4339,10.);
#1284=VECTOR('',#4340,10.);
#1285=VECTOR('',#4341,10.);
#1286=VECTOR('',#4342,10.);
#1287=VECTOR('',#4343,10.);
#1288=VECTOR('',#4344,10.);
#1289=VECTOR('',#4345,10.);
#1290=VECTOR('',#4346,10.);
#1291=VECTOR('',#4347,10.);
#1292=VECTOR('',#4348,10.);
#1293=VECTOR('',#4349,10.);
#1294=VECTOR('',#4350,10.);
#1295=VECTOR('',#4351,10.);
#1296=VECTOR('',#4352,10.);
#1297=VECTOR('',#4353,10.);
#1298=VECTOR('',#4354,10.);
#1299=VECTOR('',#4355,10.);
#1300=VECTOR('',#4356,10.);
#1301=VECTOR('',#4357,10.);
#1302=VECTOR('',#4358,10.);
#1303=VECTOR('',#4359,10.);
#1304=VECTOR('',#4360,10.);
#1305=VECTOR('',#4361,10.);
#1306=VECTOR('',#4362,10.);
#1307=VECTOR('',#4363,10.);
#1308=VECTOR('',#4364,10.);
#1309=VECTOR('',#4365,10.);
#1310=VECTOR('',#4366,10.);
#1311=VECTOR('',#4367,10.);
#1312=VECTOR('',#4368,10.);
#1313=VECTOR('',#4369,10.);
#1314=VECTOR('',#4370,10.);
#1315=VECTOR('',#4371,10.);
#1316=VECTOR('',#4372,10.);
#1317=VECTOR('',#4373,10.);
#1318=VECTOR('',#4374,10.);
#1319=VECTOR('',#4375,10.);
#1320=VECTOR('',#4376,10.);
#1321=VECTOR('',#4377,10.);
#1322=VECTOR('',#4378,10.);
#1323=VECTOR('',#4379,10.);
#1324=VECTOR('',#4380,10.);
#1325=VECTOR('',#4381,10.);
#1326=VECTOR('',#4382,10.);
#1327=VECTOR('',#4383,10.);
#1328=VECTOR('',#4384,10.);
#1329=VECTOR('',#4385,10.);
#1330=VECTOR('',#4386,10.);
#1331=VECTOR('',#4387,10.);
#1332=VECTOR('',#4388,10.);
#1333=VECTOR('',#4389,10.);
#1334=VECTOR('',#4390,10.);
#1335=VECTOR('',#4391,10.);
#1336=VECTOR('',#4392,10.);
#1337=VECTOR('',#4393,10.);
#1338=VECTOR('',#4394,10.);
#1339=VECTOR('',#4395,10.);
#1340=VECTOR('',#4396,10.);
#1341=VECTOR('',#4397,10.);
#1342=VECTOR('',#4398,10.);
#1343=VECTOR('',#4399,10.);
#1344=VECTOR('',#4400,10.);
#1345=VECTOR('',#4401,10.);
#1346=VECTOR('',#4402,10.);
#1347=VECTOR('',#4403,10.);
#1348=VECTOR('',#4404,10.);
#1349=VECTOR('',#4405,10.);
#1350=VECTOR('',#4406,10.);
#1351=VECTOR('',#4407,10.);
#1352=VECTOR('',#4408,10.);
#1353=VECTOR('',#4409,10.);
#1354=VECTOR('',#4410,10.);
#1355=VECTOR('',#4411,10.);
#1356=VECTOR('',#4412,10.);
#1357=VECTOR('',#4413,10.);
#1358=VECTOR('',#4414,10.);
#1359=VECTOR('',#4415,10.);
#1360=VECTOR('',#4416,10.);
#1361=VECTOR('',#4417,10.);
#1362=VECTOR('',#4418,10.);
#1363=VECTOR('',#4419,10.);
#1364=VECTOR('',#4420,10.);
#1365=VECTOR('',#4421,10.);
#1366=VECTOR('',#4422,10.);
#1367=VECTOR('',#4423,10.);
#1368=VECTOR('',#4424,10.);
#1369=VECTOR('',#4425,10.);
#1370=VECTOR('',#4426,10.);
#1371=VECTOR('',#4427,10.);
#1372=VECTOR('',#4428,10.);
#1373=VECTOR('',#4429,10.);
#1374=VECTOR('',#4430,10.);
#1375=VECTOR('',#4431,10.);
#1376=VECTOR('',#4432,10.);
#1377=VECTOR('',#4433,10.);
#1378=VECTOR('',#4434,10.);
#1379=VECTOR('',#4435,10.);
#1380=VECTOR('',#4436,10.);
#1381=VECTOR('',#4437,10.);
#1382=VECTOR('',#4438,10.);
#1383=VECTOR('',#4439,10.);
#1384=VECTOR('',#4440,10.);
#1385=VECTOR('',#4441,10.);
#1386=VECTOR('',#4442,10.);
#1387=VECTOR('',#4443,10.);
#1388=VECTOR('',#4444,10.);
#1389=VECTOR('',#4445,10.);
#1390=VECTOR('',#4446,10.);
#1391=VECTOR('',#4447,10.);
#1392=VECTOR('',#4448,10.);
#1393=VECTOR('',#4449,10.);
#1394=VECTOR('',#4450,10.);
#1395=VECTOR('',#4451,10.);
#1396=VECTOR('',#4452,10.);
#1397=VECTOR('',#4453,10.);
#1398=VECTOR('',#4454,10.);
#1399=VECTOR('',#4455,10.);
#1400=VECTOR('',#4456,10.);
#1401=VECTOR('',#4457,10.);
#1402=VECTOR('',#4458,10.);
#1403=VECTOR('',#4459,10.);
#1404=VECTOR('',#4460,10.);
#1405=VECTOR('',#4461,10.);
#1406=VECTOR('',#4462,10.);
#1407=VECTOR('',#4463,10.);
#1408=VECTOR('',#4464,10.);
#1409=VECTOR('',#4467,10.);
#1410=VECTOR('',#4472,10.);
#1411=VECTOR('',#4473,10.);
#1412=VECTOR('',#4476,10.);
#1413=VECTOR('',#4481,10.);
#1414=VECTOR('',#4482,10.);
#1415=VECTOR('',#4487,10.);
#1416=VECTOR('',#4490,10.);
#1417=VECTOR('',#4493,10.);
#1418=VECTOR('',#4494,10.);
#1419=VECTOR('',#4495,10.);
#1420=VECTOR('',#4496,10.);
#1421=VECTOR('',#4497,10.);
#1422=VECTOR('',#4498,10.);
#1423=VECTOR('',#4499,10.);
#1424=VECTOR('',#4500,10.);
#1425=VECTOR('',#4501,10.);
#1426=VECTOR('',#4502,10.);
#1427=VECTOR('',#4503,10.);
#1428=VECTOR('',#4504,10.);
#1429=VECTOR('',#4505,10.);
#1430=VECTOR('',#4506,10.);
#1431=VECTOR('',#4507,10.);
#1432=VECTOR('',#4508,10.);
#1433=VECTOR('',#4509,10.);
#1434=VECTOR('',#4510,10.);
#1435=VECTOR('',#4511,10.);
#1436=VECTOR('',#4512,10.);
#1437=VECTOR('',#4513,10.);
#1438=VECTOR('',#4514,10.);
#1439=VECTOR('',#4515,10.);
#1440=VECTOR('',#4516,10.);
#1441=VECTOR('',#4517,10.);
#1442=VECTOR('',#4518,10.);
#1443=VECTOR('',#4519,10.);
#1444=VECTOR('',#4520,10.);
#1445=VECTOR('',#4521,10.);
#1446=VECTOR('',#4522,10.);
#1447=VECTOR('',#4523,10.);
#1448=VECTOR('',#4524,10.);
#1449=VECTOR('',#4525,10.);
#1450=VECTOR('',#4526,10.);
#1451=VECTOR('',#4527,10.);
#1452=VECTOR('',#4528,10.);
#1453=VECTOR('',#4529,10.);
#1454=VECTOR('',#4530,10.);
#1455=VECTOR('',#4531,10.);
#1456=VECTOR('',#4532,10.);
#1457=VECTOR('',#4533,10.);
#1458=VECTOR('',#4534,10.);
#1459=VECTOR('',#4535,10.);
#1460=VECTOR('',#4536,10.);
#1461=VECTOR('',#4537,10.);
#1462=VECTOR('',#4538,10.);
#1463=VECTOR('',#4539,10.);
#1464=VECTOR('',#4540,10.);
#1465=VECTOR('',#4541,10.);
#1466=VECTOR('',#4542,10.);
#1467=VECTOR('',#4543,10.);
#1468=VECTOR('',#4544,10.);
#1469=VECTOR('',#4545,10.);
#1470=VECTOR('',#4546,10.);
#1471=VECTOR('',#4547,10.);
#1472=VECTOR('',#4548,10.);
#1473=VECTOR('',#4549,10.);
#1474=VECTOR('',#4550,10.);
#1475=VECTOR('',#4551,10.);
#1476=VECTOR('',#4552,10.);
#1477=VECTOR('',#4553,10.);
#1478=VECTOR('',#4554,10.);
#1479=VECTOR('',#4555,10.);
#1480=VECTOR('',#4556,10.);
#1481=VECTOR('',#4557,10.);
#1482=VECTOR('',#4558,10.);
#1483=VECTOR('',#4559,10.);
#1484=VECTOR('',#4560,10.);
#1485=VECTOR('',#4561,10.);
#1486=VECTOR('',#4562,10.);
#1487=VECTOR('',#4563,10.);
#1488=VECTOR('',#4564,10.);
#1489=VECTOR('',#4565,10.);
#1490=VECTOR('',#4566,10.);
#1491=VECTOR('',#4567,10.);
#1492=VECTOR('',#4568,10.);
#1493=VECTOR('',#4569,10.);
#1494=VECTOR('',#4570,10.);
#1495=VECTOR('',#4571,10.);
#1496=VECTOR('',#4572,10.);
#1497=VECTOR('',#4573,10.);
#1498=VECTOR('',#4574,10.);
#1499=VECTOR('',#4575,10.);
#1500=VECTOR('',#4576,10.);
#1501=VECTOR('',#4577,10.);
#1502=VECTOR('',#4578,10.);
#1503=VECTOR('',#4579,10.);
#1504=VECTOR('',#4580,10.);
#1505=VECTOR('',#4581,10.);
#1506=VECTOR('',#4582,10.);
#1507=VECTOR('',#4583,10.);
#1508=VECTOR('',#4584,10.);
#1509=VECTOR('',#4585,10.);
#1510=VECTOR('',#4586,10.);
#1511=VECTOR('',#4587,10.);
#1512=VECTOR('',#4588,10.);
#1513=VECTOR('',#4589,10.);
#1514=VECTOR('',#4590,10.);
#1515=VECTOR('',#4591,10.);
#1516=VECTOR('',#4592,10.);
#1517=VECTOR('',#4593,10.);
#1518=VECTOR('',#4594,10.);
#1519=VECTOR('',#4595,10.);
#1520=VECTOR('',#4596,10.);
#1521=VECTOR('',#4597,10.);
#1522=VECTOR('',#4598,10.);
#1523=VECTOR('',#4599,10.);
#1524=VECTOR('',#4600,10.);
#1525=VECTOR('',#4601,10.);
#1526=VECTOR('',#4602,10.);
#1527=VECTOR('',#4603,10.);
#1528=VECTOR('',#4604,10.);
#1529=VECTOR('',#4605,10.);
#1530=VECTOR('',#4606,10.);
#1531=VECTOR('',#4607,10.);
#1532=VECTOR('',#4608,10.);
#1533=VECTOR('',#4609,10.);
#1534=VECTOR('',#4610,10.);
#1535=VECTOR('',#4611,10.);
#1536=VECTOR('',#4612,10.);
#1537=VECTOR('',#4613,10.);
#1538=VECTOR('',#4614,10.);
#1539=VECTOR('',#4615,10.);
#1540=VECTOR('',#4616,10.);
#1541=VECTOR('',#4617,10.);
#1542=VECTOR('',#4618,10.);
#1543=VECTOR('',#4619,10.);
#1544=VECTOR('',#4620,10.);
#1545=VECTOR('',#4621,10.);
#1546=VECTOR('',#4622,10.);
#1547=VECTOR('',#4623,10.);
#1548=VECTOR('',#4624,10.);
#1549=VECTOR('',#4625,10.);
#1550=VECTOR('',#4626,10.);
#1551=VECTOR('',#4627,10.);
#1552=VECTOR('',#4628,10.);
#1553=VECTOR('',#4629,10.);
#1554=VECTOR('',#4630,10.);
#1555=VECTOR('',#4631,10.);
#1556=VECTOR('',#4632,10.);
#1557=VECTOR('',#4633,10.);
#1558=VECTOR('',#4634,10.);
#1559=VECTOR('',#4635,10.);
#1560=VECTOR('',#4636,10.);
#1561=VECTOR('',#4637,10.);
#1562=VECTOR('',#4638,10.);
#1563=VECTOR('',#4639,10.);
#1564=VECTOR('',#4640,10.);
#1565=VECTOR('',#4641,10.);
#1566=VECTOR('',#4642,10.);
#1567=VECTOR('',#4643,10.);
#1568=VECTOR('',#4644,10.);
#1569=VECTOR('',#4645,10.);
#1570=VECTOR('',#4646,10.);
#1571=VECTOR('',#4647,10.);
#1572=VECTOR('',#4648,10.);
#1573=VECTOR('',#4649,10.);
#1574=VECTOR('',#4650,10.);
#1575=VECTOR('',#4651,10.);
#1576=VECTOR('',#4652,10.);
#1577=VECTOR('',#4653,10.);
#1578=VECTOR('',#4654,10.);
#1579=VECTOR('',#4655,10.);
#1580=VECTOR('',#4656,10.);
#1581=VECTOR('',#4657,10.);
#1582=VECTOR('',#4658,10.);
#1583=VECTOR('',#4659,10.);
#1584=VECTOR('',#4660,10.);
#1585=VECTOR('',#4661,10.);
#1586=VECTOR('',#4662,10.);
#1587=VECTOR('',#4663,10.);
#1588=VECTOR('',#4664,10.);
#1589=VECTOR('',#4665,10.);
#1590=VECTOR('',#4666,10.);
#1591=VECTOR('',#4667,10.);
#1592=VECTOR('',#4668,10.);
#1593=VECTOR('',#4669,10.);
#1594=VECTOR('',#4670,10.);
#1595=VECTOR('',#4671,10.);
#1596=VECTOR('',#4672,10.);
#1597=VECTOR('',#4675,10.);
#1598=VECTOR('',#4676,10.);
#1599=VECTOR('',#4679,10.);
#1600=VECTOR('',#4682,10.);
#1601=VECTOR('',#4687,10.);
#1602=VECTOR('',#4688,10.);
#1603=VECTOR('',#4691,10.);
#1604=VECTOR('',#4694,10.);
#1605=VECTOR('',#4699,10.);
#1606=VECTOR('',#4700,10.);
#1607=VECTOR('',#4703,10.);
#1608=VECTOR('',#4706,10.);
#1609=VECTOR('',#4711,10.);
#1610=VECTOR('',#4712,10.);
#1611=VECTOR('',#4715,10.);
#1612=VECTOR('',#4718,10.);
#1613=VECTOR('',#4723,10.);
#1614=VECTOR('',#4724,10.);
#1615=VECTOR('',#4727,10.);
#1616=VECTOR('',#4730,10.);
#1617=VECTOR('',#4735,10.);
#1618=VECTOR('',#4736,10.);
#1619=VECTOR('',#4739,10.);
#1620=VECTOR('',#4742,10.);
#1621=VECTOR('',#4747,10.);
#1622=VECTOR('',#4748,10.);
#1623=VECTOR('',#4751,10.);
#1624=VECTOR('',#4754,10.);
#1625=VECTOR('',#4759,10.);
#1626=VECTOR('',#4760,10.);
#1627=VECTOR('',#4763,10.);
#1628=VECTOR('',#4766,10.);
#1629=VECTOR('',#4771,10.);
#1630=VECTOR('',#4772,10.);
#1631=VECTOR('',#4775,10.);
#1632=VECTOR('',#4778,10.);
#1633=VECTOR('',#4783,10.);
#1634=VECTOR('',#4784,10.);
#1635=VECTOR('',#4787,10.);
#1636=VECTOR('',#4790,10.);
#1637=VECTOR('',#4795,10.);
#1638=VECTOR('',#4796,10.);
#1639=VECTOR('',#4799,10.);
#1640=VECTOR('',#4802,10.);
#1641=VECTOR('',#4807,10.);
#1642=VECTOR('',#4808,10.);
#1643=VECTOR('',#4811,10.);
#1644=VECTOR('',#4814,10.);
#1645=VECTOR('',#4817,10.);
#1646=VECTOR('',#4820,10.);
#1647=VECTOR('',#4823,10.);
#1648=VECTOR('',#4826,10.);
#1649=VECTOR('',#4829,10.);
#1650=VECTOR('',#4832,10.);
#1651=VECTOR('',#4835,10.);
#1652=VECTOR('',#4838,10.);
#1653=VECTOR('',#4841,10.);
#1654=VECTOR('',#4844,10.);
#1655=VECTOR('',#4847,10.);
#1656=VECTOR('',#4850,10.);
#1657=VECTOR('',#4853,10.);
#1658=VECTOR('',#4856,10.);
#1659=VECTOR('',#4859,10.);
#1660=VECTOR('',#4862,10.);
#1661=VECTOR('',#4865,10.);
#1662=VECTOR('',#4868,10.);
#1663=VECTOR('',#4871,10.);
#1664=VECTOR('',#4874,10.);
#1665=VECTOR('',#4877,10.);
#1666=VECTOR('',#4880,10.);
#1667=VECTOR('',#4883,10.);
#1668=VECTOR('',#4886,10.);
#1669=VECTOR('',#4889,10.);
#1670=VECTOR('',#4892,10.);
#1671=VECTOR('',#4895,10.);
#1672=VECTOR('',#4898,10.);
#1673=VECTOR('',#4901,10.);
#1674=VECTOR('',#4904,10.);
#1675=VECTOR('',#4907,10.);
#1676=VECTOR('',#4910,10.);
#1677=VECTOR('',#4915,10.);
#1678=VECTOR('',#4916,10.);
#1679=VECTOR('',#4919,10.);
#1680=VECTOR('',#4922,10.);
#1681=VECTOR('',#4927,10.);
#1682=VECTOR('',#4928,10.);
#1683=VECTOR('',#4931,10.);
#1684=VECTOR('',#4934,10.);
#1685=VECTOR('',#4939,10.);
#1686=VECTOR('',#4940,10.);
#1687=VECTOR('',#4943,10.);
#1688=VECTOR('',#4946,10.);
#1689=VECTOR('',#4951,10.);
#1690=VECTOR('',#4952,10.);
#1691=VECTOR('',#4955,10.);
#1692=VECTOR('',#4958,10.);
#1693=VECTOR('',#4963,10.);
#1694=VECTOR('',#4964,10.);
#1695=VECTOR('',#4967,10.);
#1696=VECTOR('',#4970,10.);
#1697=VECTOR('',#4975,10.);
#1698=VECTOR('',#4976,10.);
#1699=VECTOR('',#4979,10.);
#1700=VECTOR('',#4982,10.);
#1701=VECTOR('',#4987,10.);
#1702=VECTOR('',#4988,10.);
#1703=VECTOR('',#4991,10.);
#1704=VECTOR('',#4994,10.);
#1705=VECTOR('',#4997,10.);
#1706=VECTOR('',#5000,10.);
#1707=VECTOR('',#5003,10.);
#1708=VECTOR('',#5006,10.);
#1709=VECTOR('',#5009,10.);
#1710=VECTOR('',#5012,10.);
#1711=VECTOR('',#5015,10.);
#1712=VECTOR('',#5018,10.);
#1713=VECTOR('',#5021,10.);
#1714=VECTOR('',#5024,10.);
#1715=VECTOR('',#5027,10.);
#1716=VECTOR('',#5030,10.);
#1717=VECTOR('',#5033,10.);
#1718=VECTOR('',#5036,10.);
#1719=VECTOR('',#5039,10.);
#1720=VECTOR('',#5042,10.);
#1721=VECTOR('',#5045,10.);
#1722=VECTOR('',#5048,10.);
#1723=VECTOR('',#5051,10.);
#1724=VECTOR('',#5054,10.);
#1725=VECTOR('',#5057,10.);
#1726=VECTOR('',#5060,10.);
#1727=VECTOR('',#5063,10.);
#1728=VECTOR('',#5066,10.);
#1729=VECTOR('',#5069,10.);
#1730=VECTOR('',#5072,10.);
#1731=VECTOR('',#5075,10.);
#1732=VECTOR('',#5078,10.);
#1733=VECTOR('',#5081,10.);
#1734=VECTOR('',#5084,10.);
#1735=VECTOR('',#5087,10.);
#1736=VECTOR('',#5090,10.);
#1737=VECTOR('',#5095,10.);
#1738=VECTOR('',#5096,10.);
#1739=VECTOR('',#5099,10.);
#1740=VECTOR('',#5102,10.);
#1741=VECTOR('',#5107,10.);
#1742=VECTOR('',#5108,10.);
#1743=VECTOR('',#5111,10.);
#1744=VECTOR('',#5114,10.);
#1745=VECTOR('',#5117,10.);
#1746=VECTOR('',#5120,10.);
#1747=VECTOR('',#5123,10.);
#1748=VECTOR('',#5126,10.);
#1749=VECTOR('',#5129,10.);
#1750=VECTOR('',#5132,10.);
#1751=VECTOR('',#5135,10.);
#1752=VECTOR('',#5138,10.);
#1753=VECTOR('',#5141,10.);
#1754=VECTOR('',#5144,10.);
#1755=VECTOR('',#5147,10.);
#1756=VECTOR('',#5150,10.);
#1757=VECTOR('',#5153,10.);
#1758=VECTOR('',#5156,10.);
#1759=VECTOR('',#5159,10.);
#1760=VECTOR('',#5162,10.);
#1761=VECTOR('',#5165,10.);
#1762=VECTOR('',#5168,10.);
#1763=VECTOR('',#5171,10.);
#1764=VECTOR('',#5174,10.);
#1765=VECTOR('',#5177,10.);
#1766=VECTOR('',#5180,10.);
#1767=VECTOR('',#5183,10.);
#1768=VECTOR('',#5186,10.);
#1769=VECTOR('',#5189,10.);
#1770=VECTOR('',#5192,10.);
#1771=VECTOR('',#5195,10.);
#1772=VECTOR('',#5198,10.);
#1773=VECTOR('',#5201,10.);
#1774=VECTOR('',#5204,10.);
#1775=VECTOR('',#5207,10.);
#1776=VECTOR('',#5210,10.);
#1777=CIRCLE('',#4062,2.);
#1778=CIRCLE('',#4063,2.);
#1779=CIRCLE('',#4066,2.);
#1780=CIRCLE('',#4067,2.);
#1781=CIRCLE('',#4068,2.);
#1782=CIRCLE('',#4070,2.);
#1783=CIRCLE('',#4073,2.);
#1784=CIRCLE('',#4076,2.);
#1785=VERTEX_POINT('',#5215);
#1786=VERTEX_POINT('',#5216);
#1787=VERTEX_POINT('',#5218);
#1788=VERTEX_POINT('',#5220);
#1789=VERTEX_POINT('',#5224);
#1790=VERTEX_POINT('',#5226);
#1791=VERTEX_POINT('',#5230);
#1792=VERTEX_POINT('',#5232);
#1793=VERTEX_POINT('',#5234);
#1794=VERTEX_POINT('',#5236);
#1795=VERTEX_POINT('',#5238);
#1796=VERTEX_POINT('',#5241);
#1797=VERTEX_POINT('',#5242);
#1798=VERTEX_POINT('',#5244);
#1799=VERTEX_POINT('',#5246);
#1800=VERTEX_POINT('',#5248);
#1801=VERTEX_POINT('',#5250);
#1802=VERTEX_POINT('',#5252);
#1803=VERTEX_POINT('',#5254);
#1804=VERTEX_POINT('',#5256);
#1805=VERTEX_POINT('',#5258);
#1806=VERTEX_POINT('',#5260);
#1807=VERTEX_POINT('',#5262);
#1808=VERTEX_POINT('',#5264);
#1809=VERTEX_POINT('',#5266);
#1810=VERTEX_POINT('',#5268);
#1811=VERTEX_POINT('',#5270);
#1812=VERTEX_POINT('',#5272);
#1813=VERTEX_POINT('',#5274);
#1814=VERTEX_POINT('',#5276);
#1815=VERTEX_POINT('',#5278);
#1816=VERTEX_POINT('',#5280);
#1817=VERTEX_POINT('',#5282);
#1818=VERTEX_POINT('',#5284);
#1819=VERTEX_POINT('',#5286);
#1820=VERTEX_POINT('',#5288);
#1821=VERTEX_POINT('',#5290);
#1822=VERTEX_POINT('',#5292);
#1823=VERTEX_POINT('',#5294);
#1824=VERTEX_POINT('',#5296);
#1825=VERTEX_POINT('',#5298);
#1826=VERTEX_POINT('',#5300);
#1827=VERTEX_POINT('',#5302);
#1828=VERTEX_POINT('',#5304);
#1829=VERTEX_POINT('',#5306);
#1830=VERTEX_POINT('',#5308);
#1831=VERTEX_POINT('',#5310);
#1832=VERTEX_POINT('',#5313);
#1833=VERTEX_POINT('',#5314);
#1834=VERTEX_POINT('',#5316);
#1835=VERTEX_POINT('',#5318);
#1836=VERTEX_POINT('',#5321);
#1837=VERTEX_POINT('',#5322);
#1838=VERTEX_POINT('',#5324);
#1839=VERTEX_POINT('',#5326);
#1840=VERTEX_POINT('',#5328);
#1841=VERTEX_POINT('',#5330);
#1842=VERTEX_POINT('',#5332);
#1843=VERTEX_POINT('',#5334);
#1844=VERTEX_POINT('',#5336);
#1845=VERTEX_POINT('',#5338);
#1846=VERTEX_POINT('',#5340);
#1847=VERTEX_POINT('',#5342);
#1848=VERTEX_POINT('',#5344);
#1849=VERTEX_POINT('',#5346);
#1850=VERTEX_POINT('',#5348);
#1851=VERTEX_POINT('',#5350);
#1852=VERTEX_POINT('',#5352);
#1853=VERTEX_POINT('',#5354);
#1854=VERTEX_POINT('',#5356);
#1855=VERTEX_POINT('',#5358);
#1856=VERTEX_POINT('',#5360);
#1857=VERTEX_POINT('',#5362);
#1858=VERTEX_POINT('',#5364);
#1859=VERTEX_POINT('',#5366);
#1860=VERTEX_POINT('',#5368);
#1861=VERTEX_POINT('',#5370);
#1862=VERTEX_POINT('',#5372);
#1863=VERTEX_POINT('',#5374);
#1864=VERTEX_POINT('',#5376);
#1865=VERTEX_POINT('',#5378);
#1866=VERTEX_POINT('',#5380);
#1867=VERTEX_POINT('',#5382);
#1868=VERTEX_POINT('',#5384);
#1869=VERTEX_POINT('',#5386);
#1870=VERTEX_POINT('',#5388);
#1871=VERTEX_POINT('',#5390);
#1872=VERTEX_POINT('',#5393);
#1873=VERTEX_POINT('',#5394);
#1874=VERTEX_POINT('',#5396);
#1875=VERTEX_POINT('',#5398);
#1876=VERTEX_POINT('',#5401);
#1877=VERTEX_POINT('',#5402);
#1878=VERTEX_POINT('',#5404);
#1879=VERTEX_POINT('',#5406);
#1880=VERTEX_POINT('',#5409);
#1881=VERTEX_POINT('',#5410);
#1882=VERTEX_POINT('',#5412);
#1883=VERTEX_POINT('',#5414);
#1884=VERTEX_POINT('',#5417);
#1885=VERTEX_POINT('',#5418);
#1886=VERTEX_POINT('',#5420);
#1887=VERTEX_POINT('',#5422);
#1888=VERTEX_POINT('',#5425);
#1889=VERTEX_POINT('',#5426);
#1890=VERTEX_POINT('',#5428);
#1891=VERTEX_POINT('',#5430);
#1892=VERTEX_POINT('',#5433);
#1893=VERTEX_POINT('',#5434);
#1894=VERTEX_POINT('',#5436);
#1895=VERTEX_POINT('',#5438);
#1896=VERTEX_POINT('',#5441);
#1897=VERTEX_POINT('',#5442);
#1898=VERTEX_POINT('',#5444);
#1899=VERTEX_POINT('',#5446);
#1900=VERTEX_POINT('',#5448);
#1901=VERTEX_POINT('',#5450);
#1902=VERTEX_POINT('',#5452);
#1903=VERTEX_POINT('',#5454);
#1904=VERTEX_POINT('',#5456);
#1905=VERTEX_POINT('',#5458);
#1906=VERTEX_POINT('',#5460);
#1907=VERTEX_POINT('',#5462);
#1908=VERTEX_POINT('',#5464);
#1909=VERTEX_POINT('',#5466);
#1910=VERTEX_POINT('',#5468);
#1911=VERTEX_POINT('',#5470);
#1912=VERTEX_POINT('',#5472);
#1913=VERTEX_POINT('',#5474);
#1914=VERTEX_POINT('',#5476);
#1915=VERTEX_POINT('',#5478);
#1916=VERTEX_POINT('',#5480);
#1917=VERTEX_POINT('',#5482);
#1918=VERTEX_POINT('',#5484);
#1919=VERTEX_POINT('',#5486);
#1920=VERTEX_POINT('',#5488);
#1921=VERTEX_POINT('',#5490);
#1922=VERTEX_POINT('',#5492);
#1923=VERTEX_POINT('',#5494);
#1924=VERTEX_POINT('',#5496);
#1925=VERTEX_POINT('',#5498);
#1926=VERTEX_POINT('',#5500);
#1927=VERTEX_POINT('',#5502);
#1928=VERTEX_POINT('',#5504);
#1929=VERTEX_POINT('',#5506);
#1930=VERTEX_POINT('',#5508);
#1931=VERTEX_POINT('',#5510);
#1932=VERTEX_POINT('',#5513);
#1933=VERTEX_POINT('',#5514);
#1934=VERTEX_POINT('',#5516);
#1935=VERTEX_POINT('',#5518);
#1936=VERTEX_POINT('',#5521);
#1937=VERTEX_POINT('',#5522);
#1938=VERTEX_POINT('',#5524);
#1939=VERTEX_POINT('',#5526);
#1940=VERTEX_POINT('',#5529);
#1941=VERTEX_POINT('',#5530);
#1942=VERTEX_POINT('',#5532);
#1943=VERTEX_POINT('',#5534);
#1944=VERTEX_POINT('',#5537);
#1945=VERTEX_POINT('',#5538);
#1946=VERTEX_POINT('',#5540);
#1947=VERTEX_POINT('',#5542);
#1948=VERTEX_POINT('',#5545);
#1949=VERTEX_POINT('',#5546);
#1950=VERTEX_POINT('',#5548);
#1951=VERTEX_POINT('',#5550);
#1952=VERTEX_POINT('',#5553);
#1953=VERTEX_POINT('',#5554);
#1954=VERTEX_POINT('',#5556);
#1955=VERTEX_POINT('',#5558);
#1956=VERTEX_POINT('',#5561);
#1957=VERTEX_POINT('',#5562);
#1958=VERTEX_POINT('',#5564);
#1959=VERTEX_POINT('',#5566);
#1960=VERTEX_POINT('',#5569);
#1961=VERTEX_POINT('',#5570);
#1962=VERTEX_POINT('',#5572);
#1963=VERTEX_POINT('',#5574);
#1964=VERTEX_POINT('',#5577);
#1965=VERTEX_POINT('',#5578);
#1966=VERTEX_POINT('',#5580);
#1967=VERTEX_POINT('',#5582);
#1968=VERTEX_POINT('',#5585);
#1969=VERTEX_POINT('',#5586);
#1970=VERTEX_POINT('',#5588);
#1971=VERTEX_POINT('',#5590);
#1972=VERTEX_POINT('',#5593);
#1973=VERTEX_POINT('',#5594);
#1974=VERTEX_POINT('',#5596);
#1975=VERTEX_POINT('',#5598);
#1976=VERTEX_POINT('',#5602);
#1977=VERTEX_POINT('',#5606);
#1978=VERTEX_POINT('',#5610);
#1979=VERTEX_POINT('',#5614);
#1980=VERTEX_POINT('',#5618);
#1981=VERTEX_POINT('',#5624);
#1982=VERTEX_POINT('',#5625);
#1983=VERTEX_POINT('',#5627);
#1984=VERTEX_POINT('',#5629);
#1985=VERTEX_POINT('',#5631);
#1986=VERTEX_POINT('',#5633);
#1987=VERTEX_POINT('',#5635);
#1988=VERTEX_POINT('',#5637);
#1989=VERTEX_POINT('',#5639);
#1990=VERTEX_POINT('',#5641);
#1991=VERTEX_POINT('',#5643);
#1992=VERTEX_POINT('',#5645);
#1993=VERTEX_POINT('',#5647);
#1994=VERTEX_POINT('',#5649);
#1995=VERTEX_POINT('',#5651);
#1996=VERTEX_POINT('',#5653);
#1997=VERTEX_POINT('',#5655);
#1998=VERTEX_POINT('',#5657);
#1999=VERTEX_POINT('',#5659);
#2000=VERTEX_POINT('',#5661);
#2001=VERTEX_POINT('',#5663);
#2002=VERTEX_POINT('',#5665);
#2003=VERTEX_POINT('',#5667);
#2004=VERTEX_POINT('',#5669);
#2005=VERTEX_POINT('',#5671);
#2006=VERTEX_POINT('',#5673);
#2007=VERTEX_POINT('',#5675);
#2008=VERTEX_POINT('',#5677);
#2009=VERTEX_POINT('',#5679);
#2010=VERTEX_POINT('',#5681);
#2011=VERTEX_POINT('',#5683);
#2012=VERTEX_POINT('',#5685);
#2013=VERTEX_POINT('',#5687);
#2014=VERTEX_POINT('',#5689);
#2015=VERTEX_POINT('',#5691);
#2016=VERTEX_POINT('',#5693);
#2017=VERTEX_POINT('',#5696);
#2018=VERTEX_POINT('',#5697);
#2019=VERTEX_POINT('',#5699);
#2020=VERTEX_POINT('',#5701);
#2021=VERTEX_POINT('',#5704);
#2022=VERTEX_POINT('',#5705);
#2023=VERTEX_POINT('',#5707);
#2024=VERTEX_POINT('',#5709);
#2025=VERTEX_POINT('',#5711);
#2026=VERTEX_POINT('',#5713);
#2027=VERTEX_POINT('',#5715);
#2028=VERTEX_POINT('',#5717);
#2029=VERTEX_POINT('',#5719);
#2030=VERTEX_POINT('',#5721);
#2031=VERTEX_POINT('',#5723);
#2032=VERTEX_POINT('',#5725);
#2033=VERTEX_POINT('',#5727);
#2034=VERTEX_POINT('',#5729);
#2035=VERTEX_POINT('',#5731);
#2036=VERTEX_POINT('',#5733);
#2037=VERTEX_POINT('',#5735);
#2038=VERTEX_POINT('',#5737);
#2039=VERTEX_POINT('',#5739);
#2040=VERTEX_POINT('',#5741);
#2041=VERTEX_POINT('',#5743);
#2042=VERTEX_POINT('',#5745);
#2043=VERTEX_POINT('',#5747);
#2044=VERTEX_POINT('',#5749);
#2045=VERTEX_POINT('',#5751);
#2046=VERTEX_POINT('',#5753);
#2047=VERTEX_POINT('',#5755);
#2048=VERTEX_POINT('',#5757);
#2049=VERTEX_POINT('',#5759);
#2050=VERTEX_POINT('',#5761);
#2051=VERTEX_POINT('',#5763);
#2052=VERTEX_POINT('',#5765);
#2053=VERTEX_POINT('',#5767);
#2054=VERTEX_POINT('',#5769);
#2055=VERTEX_POINT('',#5771);
#2056=VERTEX_POINT('',#5773);
#2057=VERTEX_POINT('',#5776);
#2058=VERTEX_POINT('',#5777);
#2059=VERTEX_POINT('',#5779);
#2060=VERTEX_POINT('',#5781);
#2061=VERTEX_POINT('',#5784);
#2062=VERTEX_POINT('',#5785);
#2063=VERTEX_POINT('',#5787);
#2064=VERTEX_POINT('',#5789);
#2065=VERTEX_POINT('',#5792);
#2066=VERTEX_POINT('',#5793);
#2067=VERTEX_POINT('',#5795);
#2068=VERTEX_POINT('',#5797);
#2069=VERTEX_POINT('',#5800);
#2070=VERTEX_POINT('',#5801);
#2071=VERTEX_POINT('',#5803);
#2072=VERTEX_POINT('',#5805);
#2073=VERTEX_POINT('',#5808);
#2074=VERTEX_POINT('',#5809);
#2075=VERTEX_POINT('',#5811);
#2076=VERTEX_POINT('',#5813);
#2077=VERTEX_POINT('',#5816);
#2078=VERTEX_POINT('',#5817);
#2079=VERTEX_POINT('',#5819);
#2080=VERTEX_POINT('',#5821);
#2081=VERTEX_POINT('',#5824);
#2082=VERTEX_POINT('',#5825);
#2083=VERTEX_POINT('',#5827);
#2084=VERTEX_POINT('',#5829);
#2085=VERTEX_POINT('',#5831);
#2086=VERTEX_POINT('',#5833);
#2087=VERTEX_POINT('',#5835);
#2088=VERTEX_POINT('',#5837);
#2089=VERTEX_POINT('',#5839);
#2090=VERTEX_POINT('',#5841);
#2091=VERTEX_POINT('',#5843);
#2092=VERTEX_POINT('',#5845);
#2093=VERTEX_POINT('',#5847);
#2094=VERTEX_POINT('',#5849);
#2095=VERTEX_POINT('',#5851);
#2096=VERTEX_POINT('',#5853);
#2097=VERTEX_POINT('',#5855);
#2098=VERTEX_POINT('',#5857);
#2099=VERTEX_POINT('',#5859);
#2100=VERTEX_POINT('',#5861);
#2101=VERTEX_POINT('',#5863);
#2102=VERTEX_POINT('',#5865);
#2103=VERTEX_POINT('',#5867);
#2104=VERTEX_POINT('',#5869);
#2105=VERTEX_POINT('',#5871);
#2106=VERTEX_POINT('',#5873);
#2107=VERTEX_POINT('',#5875);
#2108=VERTEX_POINT('',#5877);
#2109=VERTEX_POINT('',#5879);
#2110=VERTEX_POINT('',#5881);
#2111=VERTEX_POINT('',#5883);
#2112=VERTEX_POINT('',#5885);
#2113=VERTEX_POINT('',#5887);
#2114=VERTEX_POINT('',#5889);
#2115=VERTEX_POINT('',#5891);
#2116=VERTEX_POINT('',#5893);
#2117=VERTEX_POINT('',#5896);
#2118=VERTEX_POINT('',#5897);
#2119=VERTEX_POINT('',#5899);
#2120=VERTEX_POINT('',#5901);
#2121=VERTEX_POINT('',#5904);
#2122=VERTEX_POINT('',#5905);
#2123=VERTEX_POINT('',#5907);
#2124=VERTEX_POINT('',#5909);
#2125=VERTEX_POINT('',#5912);
#2126=VERTEX_POINT('',#5913);
#2127=VERTEX_POINT('',#5915);
#2128=VERTEX_POINT('',#5917);
#2129=VERTEX_POINT('',#5920);
#2130=VERTEX_POINT('',#5921);
#2131=VERTEX_POINT('',#5923);
#2132=VERTEX_POINT('',#5925);
#2133=VERTEX_POINT('',#5928);
#2134=VERTEX_POINT('',#5929);
#2135=VERTEX_POINT('',#5931);
#2136=VERTEX_POINT('',#5933);
#2137=VERTEX_POINT('',#5936);
#2138=VERTEX_POINT('',#5937);
#2139=VERTEX_POINT('',#5939);
#2140=VERTEX_POINT('',#5941);
#2141=VERTEX_POINT('',#5944);
#2142=VERTEX_POINT('',#5945);
#2143=VERTEX_POINT('',#5947);
#2144=VERTEX_POINT('',#5949);
#2145=VERTEX_POINT('',#5952);
#2146=VERTEX_POINT('',#5953);
#2147=VERTEX_POINT('',#5955);
#2148=VERTEX_POINT('',#5957);
#2149=VERTEX_POINT('',#5960);
#2150=VERTEX_POINT('',#5961);
#2151=VERTEX_POINT('',#5963);
#2152=VERTEX_POINT('',#5965);
#2153=VERTEX_POINT('',#5968);
#2154=VERTEX_POINT('',#5969);
#2155=VERTEX_POINT('',#5971);
#2156=VERTEX_POINT('',#5973);
#2157=VERTEX_POINT('',#5976);
#2158=VERTEX_POINT('',#5977);
#2159=VERTEX_POINT('',#5979);
#2160=VERTEX_POINT('',#5981);
#2161=EDGE_CURVE('',#1785,#1786,#1777,.T.);
#2162=EDGE_CURVE('',#1786,#1787,#665,.T.);
#2163=EDGE_CURVE('',#1787,#1788,#1778,.T.);
#2164=EDGE_CURVE('',#1788,#1785,#666,.T.);
#2165=EDGE_CURVE('',#1789,#1786,#667,.F.);
#2166=EDGE_CURVE('',#1790,#1789,#668,.T.);
#2167=EDGE_CURVE('',#1787,#1790,#669,.T.);
#2168=EDGE_CURVE('',#1785,#1791,#670,.F.);
#2169=EDGE_CURVE('',#1792,#1791,#1779,.T.);
#2170=EDGE_CURVE('',#1792,#1793,#671,.F.);
#2171=EDGE_CURVE('',#1794,#1793,#1780,.T.);
#2172=EDGE_CURVE('',#1794,#1795,#672,.F.);
#2173=EDGE_CURVE('',#1789,#1795,#1781,.T.);
#2174=EDGE_CURVE('',#1796,#1797,#673,.T.);
#2175=EDGE_CURVE('',#1797,#1798,#674,.T.);
#2176=EDGE_CURVE('',#1798,#1799,#675,.T.);
#2177=EDGE_CURVE('',#1799,#1800,#676,.T.);
#2178=EDGE_CURVE('',#1800,#1801,#677,.T.);
#2179=EDGE_CURVE('',#1801,#1802,#678,.T.);
#2180=EDGE_CURVE('',#1802,#1803,#679,.T.);
#2181=EDGE_CURVE('',#1803,#1804,#680,.T.);
#2182=EDGE_CURVE('',#1804,#1805,#681,.T.);
#2183=EDGE_CURVE('',#1805,#1806,#682,.T.);
#2184=EDGE_CURVE('',#1806,#1807,#683,.T.);
#2185=EDGE_CURVE('',#1807,#1808,#684,.T.);
#2186=EDGE_CURVE('',#1808,#1809,#685,.T.);
#2187=EDGE_CURVE('',#1809,#1810,#686,.T.);
#2188=EDGE_CURVE('',#1810,#1811,#687,.T.);
#2189=EDGE_CURVE('',#1811,#1812,#688,.T.);
#2190=EDGE_CURVE('',#1812,#1813,#689,.T.);
#2191=EDGE_CURVE('',#1813,#1814,#690,.T.);
#2192=EDGE_CURVE('',#1814,#1815,#691,.T.);
#2193=EDGE_CURVE('',#1815,#1816,#692,.T.);
#2194=EDGE_CURVE('',#1816,#1817,#693,.T.);
#2195=EDGE_CURVE('',#1817,#1818,#694,.T.);
#2196=EDGE_CURVE('',#1818,#1819,#695,.T.);
#2197=EDGE_CURVE('',#1819,#1820,#696,.T.);
#2198=EDGE_CURVE('',#1820,#1821,#697,.T.);
#2199=EDGE_CURVE('',#1821,#1822,#698,.T.);
#2200=EDGE_CURVE('',#1822,#1823,#699,.T.);
#2201=EDGE_CURVE('',#1823,#1824,#700,.T.);
#2202=EDGE_CURVE('',#1824,#1825,#701,.T.);
#2203=EDGE_CURVE('',#1825,#1826,#702,.T.);
#2204=EDGE_CURVE('',#1826,#1827,#703,.T.);
#2205=EDGE_CURVE('',#1827,#1828,#704,.T.);
#2206=EDGE_CURVE('',#1828,#1829,#705,.T.);
#2207=EDGE_CURVE('',#1829,#1830,#706,.T.);
#2208=EDGE_CURVE('',#1830,#1831,#707,.T.);
#2209=EDGE_CURVE('',#1831,#1796,#708,.T.);
#2210=EDGE_CURVE('',#1832,#1833,#709,.T.);
#2211=EDGE_CURVE('',#1833,#1834,#710,.T.);
#2212=EDGE_CURVE('',#1834,#1835,#711,.T.);
#2213=EDGE_CURVE('',#1835,#1832,#712,.T.);
#2214=EDGE_CURVE('',#1836,#1837,#713,.T.);
#2215=EDGE_CURVE('',#1837,#1838,#714,.T.);
#2216=EDGE_CURVE('',#1838,#1839,#715,.T.);
#2217=EDGE_CURVE('',#1839,#1840,#716,.T.);
#2218=EDGE_CURVE('',#1840,#1841,#717,.T.);
#2219=EDGE_CURVE('',#1841,#1842,#718,.T.);
#2220=EDGE_CURVE('',#1842,#1843,#719,.T.);
#2221=EDGE_CURVE('',#1843,#1844,#720,.T.);
#2222=EDGE_CURVE('',#1844,#1845,#721,.T.);
#2223=EDGE_CURVE('',#1845,#1846,#722,.T.);
#2224=EDGE_CURVE('',#1846,#1847,#723,.T.);
#2225=EDGE_CURVE('',#1847,#1848,#724,.T.);
#2226=EDGE_CURVE('',#1848,#1849,#725,.T.);
#2227=EDGE_CURVE('',#1849,#1850,#726,.T.);
#2228=EDGE_CURVE('',#1850,#1851,#727,.T.);
#2229=EDGE_CURVE('',#1851,#1852,#728,.T.);
#2230=EDGE_CURVE('',#1852,#1853,#729,.T.);
#2231=EDGE_CURVE('',#1853,#1854,#730,.T.);
#2232=EDGE_CURVE('',#1854,#1855,#731,.T.);
#2233=EDGE_CURVE('',#1855,#1856,#732,.T.);
#2234=EDGE_CURVE('',#1856,#1857,#733,.T.);
#2235=EDGE_CURVE('',#1857,#1858,#734,.T.);
#2236=EDGE_CURVE('',#1858,#1859,#735,.T.);
#2237=EDGE_CURVE('',#1859,#1860,#736,.T.);
#2238=EDGE_CURVE('',#1860,#1861,#737,.T.);
#2239=EDGE_CURVE('',#1861,#1862,#738,.T.);
#2240=EDGE_CURVE('',#1862,#1863,#739,.T.);
#2241=EDGE_CURVE('',#1863,#1864,#740,.T.);
#2242=EDGE_CURVE('',#1864,#1865,#741,.T.);
#2243=EDGE_CURVE('',#1865,#1866,#742,.T.);
#2244=EDGE_CURVE('',#1866,#1867,#743,.T.);
#2245=EDGE_CURVE('',#1867,#1868,#744,.T.);
#2246=EDGE_CURVE('',#1868,#1869,#745,.T.);
#2247=EDGE_CURVE('',#1869,#1870,#746,.T.);
#2248=EDGE_CURVE('',#1870,#1871,#747,.T.);
#2249=EDGE_CURVE('',#1871,#1836,#748,.T.);
#2250=EDGE_CURVE('',#1872,#1873,#749,.T.);
#2251=EDGE_CURVE('',#1873,#1874,#750,.T.);
#2252=EDGE_CURVE('',#1874,#1875,#751,.T.);
#2253=EDGE_CURVE('',#1875,#1872,#752,.T.);
#2254=EDGE_CURVE('',#1876,#1877,#753,.T.);
#2255=EDGE_CURVE('',#1877,#1878,#754,.T.);
#2256=EDGE_CURVE('',#1878,#1879,#755,.T.);
#2257=EDGE_CURVE('',#1879,#1876,#756,.T.);
#2258=EDGE_CURVE('',#1880,#1881,#757,.T.);
#2259=EDGE_CURVE('',#1881,#1882,#758,.T.);
#2260=EDGE_CURVE('',#1882,#1883,#759,.T.);
#2261=EDGE_CURVE('',#1883,#1880,#760,.T.);
#2262=EDGE_CURVE('',#1884,#1885,#761,.T.);
#2263=EDGE_CURVE('',#1885,#1886,#762,.T.);
#2264=EDGE_CURVE('',#1886,#1887,#763,.T.);
#2265=EDGE_CURVE('',#1887,#1884,#764,.T.);
#2266=EDGE_CURVE('',#1888,#1889,#765,.T.);
#2267=EDGE_CURVE('',#1889,#1890,#766,.T.);
#2268=EDGE_CURVE('',#1890,#1891,#767,.T.);
#2269=EDGE_CURVE('',#1891,#1888,#768,.T.);
#2270=EDGE_CURVE('',#1892,#1893,#769,.T.);
#2271=EDGE_CURVE('',#1893,#1894,#770,.T.);
#2272=EDGE_CURVE('',#1894,#1895,#771,.T.);
#2273=EDGE_CURVE('',#1895,#1892,#772,.T.);
#2274=EDGE_CURVE('',#1896,#1897,#773,.T.);
#2275=EDGE_CURVE('',#1897,#1898,#774,.T.);
#2276=EDGE_CURVE('',#1898,#1899,#775,.T.);
#2277=EDGE_CURVE('',#1899,#1900,#776,.T.);
#2278=EDGE_CURVE('',#1900,#1901,#777,.T.);
#2279=EDGE_CURVE('',#1901,#1902,#778,.T.);
#2280=EDGE_CURVE('',#1902,#1903,#779,.T.);
#2281=EDGE_CURVE('',#1903,#1904,#780,.T.);
#2282=EDGE_CURVE('',#1904,#1905,#781,.T.);
#2283=EDGE_CURVE('',#1905,#1906,#782,.T.);
#2284=EDGE_CURVE('',#1906,#1907,#783,.T.);
#2285=EDGE_CURVE('',#1907,#1908,#784,.T.);
#2286=EDGE_CURVE('',#1908,#1909,#785,.T.);
#2287=EDGE_CURVE('',#1909,#1910,#786,.T.);
#2288=EDGE_CURVE('',#1910,#1911,#787,.T.);
#2289=EDGE_CURVE('',#1911,#1912,#788,.T.);
#2290=EDGE_CURVE('',#1912,#1913,#789,.T.);
#2291=EDGE_CURVE('',#1913,#1914,#790,.T.);
#2292=EDGE_CURVE('',#1914,#1915,#791,.T.);
#2293=EDGE_CURVE('',#1915,#1916,#792,.T.);
#2294=EDGE_CURVE('',#1916,#1917,#793,.T.);
#2295=EDGE_CURVE('',#1917,#1918,#794,.T.);
#2296=EDGE_CURVE('',#1918,#1919,#795,.T.);
#2297=EDGE_CURVE('',#1919,#1920,#796,.T.);
#2298=EDGE_CURVE('',#1920,#1921,#797,.T.);
#2299=EDGE_CURVE('',#1921,#1922,#798,.T.);
#2300=EDGE_CURVE('',#1922,#1923,#799,.T.);
#2301=EDGE_CURVE('',#1923,#1924,#800,.T.);
#2302=EDGE_CURVE('',#1924,#1925,#801,.T.);
#2303=EDGE_CURVE('',#1925,#1926,#802,.T.);
#2304=EDGE_CURVE('',#1926,#1927,#803,.T.);
#2305=EDGE_CURVE('',#1927,#1928,#804,.T.);
#2306=EDGE_CURVE('',#1928,#1929,#805,.T.);
#2307=EDGE_CURVE('',#1929,#1930,#806,.T.);
#2308=EDGE_CURVE('',#1930,#1931,#807,.T.);
#2309=EDGE_CURVE('',#1931,#1896,#808,.T.);
#2310=EDGE_CURVE('',#1932,#1933,#809,.T.);
#2311=EDGE_CURVE('',#1933,#1934,#810,.T.);
#2312=EDGE_CURVE('',#1934,#1935,#811,.T.);
#2313=EDGE_CURVE('',#1935,#1932,#812,.T.);
#2314=EDGE_CURVE('',#1936,#1937,#813,.T.);
#2315=EDGE_CURVE('',#1937,#1938,#814,.T.);
#2316=EDGE_CURVE('',#1938,#1939,#815,.T.);
#2317=EDGE_CURVE('',#1939,#1936,#816,.T.);
#2318=EDGE_CURVE('',#1940,#1941,#817,.T.);
#2319=EDGE_CURVE('',#1941,#1942,#818,.T.);
#2320=EDGE_CURVE('',#1942,#1943,#819,.T.);
#2321=EDGE_CURVE('',#1943,#1940,#820,.T.);
#2322=EDGE_CURVE('',#1944,#1945,#821,.T.);
#2323=EDGE_CURVE('',#1945,#1946,#822,.T.);
#2324=EDGE_CURVE('',#1946,#1947,#823,.T.);
#2325=EDGE_CURVE('',#1947,#1944,#824,.T.);
#2326=EDGE_CURVE('',#1948,#1949,#825,.T.);
#2327=EDGE_CURVE('',#1949,#1950,#826,.T.);
#2328=EDGE_CURVE('',#1950,#1951,#827,.T.);
#2329=EDGE_CURVE('',#1951,#1948,#828,.T.);
#2330=EDGE_CURVE('',#1952,#1953,#829,.T.);
#2331=EDGE_CURVE('',#1953,#1954,#830,.T.);
#2332=EDGE_CURVE('',#1954,#1955,#831,.T.);
#2333=EDGE_CURVE('',#1955,#1952,#832,.T.);
#2334=EDGE_CURVE('',#1956,#1957,#833,.T.);
#2335=EDGE_CURVE('',#1957,#1958,#834,.T.);
#2336=EDGE_CURVE('',#1958,#1959,#835,.T.);
#2337=EDGE_CURVE('',#1959,#1956,#836,.T.);
#2338=EDGE_CURVE('',#1960,#1961,#837,.T.);
#2339=EDGE_CURVE('',#1961,#1962,#838,.T.);
#2340=EDGE_CURVE('',#1962,#1963,#839,.T.);
#2341=EDGE_CURVE('',#1963,#1960,#840,.T.);
#2342=EDGE_CURVE('',#1964,#1965,#841,.T.);
#2343=EDGE_CURVE('',#1965,#1966,#842,.T.);
#2344=EDGE_CURVE('',#1966,#1967,#843,.T.);
#2345=EDGE_CURVE('',#1967,#1964,#844,.T.);
#2346=EDGE_CURVE('',#1968,#1969,#845,.T.);
#2347=EDGE_CURVE('',#1969,#1970,#846,.T.);
#2348=EDGE_CURVE('',#1970,#1971,#847,.T.);
#2349=EDGE_CURVE('',#1971,#1968,#848,.T.);
#2350=EDGE_CURVE('',#1972,#1973,#849,.T.);
#2351=EDGE_CURVE('',#1973,#1974,#850,.T.);
#2352=EDGE_CURVE('',#1974,#1975,#851,.T.);
#2353=EDGE_CURVE('',#1975,#1972,#852,.T.);
#2354=EDGE_CURVE('',#1795,#1976,#853,.T.);
#2355=EDGE_CURVE('',#1976,#1790,#1782,.T.);
#2356=EDGE_CURVE('',#1977,#1794,#854,.T.);
#2357=EDGE_CURVE('',#1976,#1977,#855,.T.);
#2358=EDGE_CURVE('',#1793,#1978,#856,.T.);
#2359=EDGE_CURVE('',#1978,#1977,#1783,.T.);
#2360=EDGE_CURVE('',#1979,#1792,#857,.T.);
#2361=EDGE_CURVE('',#1978,#1979,#858,.T.);
#2362=EDGE_CURVE('',#1980,#1979,#1784,.T.);
#2363=EDGE_CURVE('',#1791,#1980,#859,.T.);
#2364=EDGE_CURVE('',#1980,#1788,#860,.T.);
#2365=EDGE_CURVE('',#1981,#1982,#861,.T.);
#2366=EDGE_CURVE('',#1982,#1983,#862,.T.);
#2367=EDGE_CURVE('',#1983,#1984,#863,.T.);
#2368=EDGE_CURVE('',#1984,#1985,#864,.T.);
#2369=EDGE_CURVE('',#1985,#1986,#865,.T.);
#2370=EDGE_CURVE('',#1986,#1987,#866,.T.);
#2371=EDGE_CURVE('',#1987,#1988,#867,.T.);
#2372=EDGE_CURVE('',#1988,#1989,#868,.T.);
#2373=EDGE_CURVE('',#1989,#1990,#869,.T.);
#2374=EDGE_CURVE('',#1990,#1991,#870,.T.);
#2375=EDGE_CURVE('',#1991,#1992,#871,.T.);
#2376=EDGE_CURVE('',#1992,#1993,#872,.T.);
#2377=EDGE_CURVE('',#1993,#1994,#873,.T.);
#2378=EDGE_CURVE('',#1994,#1995,#874,.T.);
#2379=EDGE_CURVE('',#1995,#1996,#875,.T.);
#2380=EDGE_CURVE('',#1996,#1997,#876,.T.);
#2381=EDGE_CURVE('',#1997,#1998,#877,.T.);
#2382=EDGE_CURVE('',#1998,#1999,#878,.T.);
#2383=EDGE_CURVE('',#1999,#2000,#879,.T.);
#2384=EDGE_CURVE('',#2000,#2001,#880,.T.);
#2385=EDGE_CURVE('',#2001,#2002,#881,.T.);
#2386=EDGE_CURVE('',#2002,#2003,#882,.T.);
#2387=EDGE_CURVE('',#2003,#2004,#883,.T.);
#2388=EDGE_CURVE('',#2004,#2005,#884,.T.);
#2389=EDGE_CURVE('',#2005,#2006,#885,.T.);
#2390=EDGE_CURVE('',#2006,#2007,#886,.T.);
#2391=EDGE_CURVE('',#2007,#2008,#887,.T.);
#2392=EDGE_CURVE('',#2008,#2009,#888,.T.);
#2393=EDGE_CURVE('',#2009,#2010,#889,.T.);
#2394=EDGE_CURVE('',#2010,#2011,#890,.T.);
#2395=EDGE_CURVE('',#2011,#2012,#891,.T.);
#2396=EDGE_CURVE('',#2012,#2013,#892,.T.);
#2397=EDGE_CURVE('',#2013,#2014,#893,.T.);
#2398=EDGE_CURVE('',#2014,#2015,#894,.T.);
#2399=EDGE_CURVE('',#2015,#2016,#895,.T.);
#2400=EDGE_CURVE('',#2016,#1981,#896,.T.);
#2401=EDGE_CURVE('',#2017,#2018,#897,.T.);
#2402=EDGE_CURVE('',#2019,#2017,#898,.T.);
#2403=EDGE_CURVE('',#2020,#2019,#899,.T.);
#2404=EDGE_CURVE('',#2018,#2020,#900,.T.);
#2405=EDGE_CURVE('',#2021,#2022,#901,.T.);
#2406=EDGE_CURVE('',#2022,#2023,#902,.T.);
#2407=EDGE_CURVE('',#2023,#2024,#903,.T.);
#2408=EDGE_CURVE('',#2024,#2025,#904,.T.);
#2409=EDGE_CURVE('',#2025,#2026,#905,.T.);
#2410=EDGE_CURVE('',#2026,#2027,#906,.T.);
#2411=EDGE_CURVE('',#2027,#2028,#907,.T.);
#2412=EDGE_CURVE('',#2028,#2029,#908,.T.);
#2413=EDGE_CURVE('',#2029,#2030,#909,.T.);
#2414=EDGE_CURVE('',#2030,#2031,#910,.T.);
#2415=EDGE_CURVE('',#2031,#2032,#911,.T.);
#2416=EDGE_CURVE('',#2032,#2033,#912,.T.);
#2417=EDGE_CURVE('',#2033,#2034,#913,.T.);
#2418=EDGE_CURVE('',#2034,#2035,#914,.T.);
#2419=EDGE_CURVE('',#2035,#2036,#915,.T.);
#2420=EDGE_CURVE('',#2036,#2037,#916,.T.);
#2421=EDGE_CURVE('',#2037,#2038,#917,.T.);
#2422=EDGE_CURVE('',#2038,#2039,#918,.T.);
#2423=EDGE_CURVE('',#2039,#2040,#919,.T.);
#2424=EDGE_CURVE('',#2040,#2041,#920,.T.);
#2425=EDGE_CURVE('',#2041,#2042,#921,.T.);
#2426=EDGE_CURVE('',#2042,#2043,#922,.T.);
#2427=EDGE_CURVE('',#2043,#2044,#923,.T.);
#2428=EDGE_CURVE('',#2044,#2045,#924,.T.);
#2429=EDGE_CURVE('',#2045,#2046,#925,.T.);
#2430=EDGE_CURVE('',#2046,#2047,#926,.T.);
#2431=EDGE_CURVE('',#2047,#2048,#927,.T.);
#2432=EDGE_CURVE('',#2048,#2049,#928,.T.);
#2433=EDGE_CURVE('',#2049,#2050,#929,.T.);
#2434=EDGE_CURVE('',#2050,#2051,#930,.T.);
#2435=EDGE_CURVE('',#2051,#2052,#931,.T.);
#2436=EDGE_CURVE('',#2052,#2053,#932,.T.);
#2437=EDGE_CURVE('',#2053,#2054,#933,.T.);
#2438=EDGE_CURVE('',#2054,#2055,#934,.T.);
#2439=EDGE_CURVE('',#2055,#2056,#935,.T.);
#2440=EDGE_CURVE('',#2056,#2021,#936,.T.);
#2441=EDGE_CURVE('',#2057,#2058,#937,.T.);
#2442=EDGE_CURVE('',#2059,#2057,#938,.T.);
#2443=EDGE_CURVE('',#2060,#2059,#939,.T.);
#2444=EDGE_CURVE('',#2058,#2060,#940,.T.);
#2445=EDGE_CURVE('',#2061,#2062,#941,.T.);
#2446=EDGE_CURVE('',#2063,#2061,#942,.T.);
#2447=EDGE_CURVE('',#2064,#2063,#943,.T.);
#2448=EDGE_CURVE('',#2062,#2064,#944,.T.);
#2449=EDGE_CURVE('',#2065,#2066,#945,.T.);
#2450=EDGE_CURVE('',#2067,#2065,#946,.T.);
#2451=EDGE_CURVE('',#2068,#2067,#947,.T.);
#2452=EDGE_CURVE('',#2066,#2068,#948,.T.);
#2453=EDGE_CURVE('',#2069,#2070,#949,.T.);
#2454=EDGE_CURVE('',#2071,#2069,#950,.T.);
#2455=EDGE_CURVE('',#2072,#2071,#951,.T.);
#2456=EDGE_CURVE('',#2070,#2072,#952,.T.);
#2457=EDGE_CURVE('',#2073,#2074,#953,.T.);
#2458=EDGE_CURVE('',#2075,#2073,#954,.T.);
#2459=EDGE_CURVE('',#2076,#2075,#955,.T.);
#2460=EDGE_CURVE('',#2074,#2076,#956,.T.);
#2461=EDGE_CURVE('',#2077,#2078,#957,.T.);
#2462=EDGE_CURVE('',#2079,#2077,#958,.T.);
#2463=EDGE_CURVE('',#2080,#2079,#959,.T.);
#2464=EDGE_CURVE('',#2078,#2080,#960,.T.);
#2465=EDGE_CURVE('',#2081,#2082,#961,.T.);
#2466=EDGE_CURVE('',#2082,#2083,#962,.T.);
#2467=EDGE_CURVE('',#2083,#2084,#963,.T.);
#2468=EDGE_CURVE('',#2084,#2085,#964,.T.);
#2469=EDGE_CURVE('',#2085,#2086,#965,.T.);
#2470=EDGE_CURVE('',#2086,#2087,#966,.T.);
#2471=EDGE_CURVE('',#2087,#2088,#967,.T.);
#2472=EDGE_CURVE('',#2088,#2089,#968,.T.);
#2473=EDGE_CURVE('',#2089,#2090,#969,.T.);
#2474=EDGE_CURVE('',#2090,#2091,#970,.T.);
#2475=EDGE_CURVE('',#2091,#2092,#971,.T.);
#2476=EDGE_CURVE('',#2092,#2093,#972,.T.);
#2477=EDGE_CURVE('',#2093,#2094,#973,.T.);
#2478=EDGE_CURVE('',#2094,#2095,#974,.T.);
#2479=EDGE_CURVE('',#2095,#2096,#975,.T.);
#2480=EDGE_CURVE('',#2096,#2097,#976,.T.);
#2481=EDGE_CURVE('',#2097,#2098,#977,.T.);
#2482=EDGE_CURVE('',#2098,#2099,#978,.T.);
#2483=EDGE_CURVE('',#2099,#2100,#979,.T.);
#2484=EDGE_CURVE('',#2100,#2101,#980,.T.);
#2485=EDGE_CURVE('',#2101,#2102,#981,.T.);
#2486=EDGE_CURVE('',#2102,#2103,#982,.T.);
#2487=EDGE_CURVE('',#2103,#2104,#983,.T.);
#2488=EDGE_CURVE('',#2104,#2105,#984,.T.);
#2489=EDGE_CURVE('',#2105,#2106,#985,.T.);
#2490=EDGE_CURVE('',#2106,#2107,#986,.T.);
#2491=EDGE_CURVE('',#2107,#2108,#987,.T.);
#2492=EDGE_CURVE('',#2108,#2109,#988,.T.);
#2493=EDGE_CURVE('',#2109,#2110,#989,.T.);
#2494=EDGE_CURVE('',#2110,#2111,#990,.T.);
#2495=EDGE_CURVE('',#2111,#2112,#991,.T.);
#2496=EDGE_CURVE('',#2112,#2113,#992,.T.);
#2497=EDGE_CURVE('',#2113,#2114,#993,.T.);
#2498=EDGE_CURVE('',#2114,#2115,#994,.T.);
#2499=EDGE_CURVE('',#2115,#2116,#995,.T.);
#2500=EDGE_CURVE('',#2116,#2081,#996,.T.);
#2501=EDGE_CURVE('',#2117,#2118,#997,.T.);
#2502=EDGE_CURVE('',#2119,#2117,#998,.T.);
#2503=EDGE_CURVE('',#2120,#2119,#999,.T.);
#2504=EDGE_CURVE('',#2118,#2120,#1000,.T.);
#2505=EDGE_CURVE('',#2121,#2122,#1001,.T.);
#2506=EDGE_CURVE('',#2123,#2121,#1002,.T.);
#2507=EDGE_CURVE('',#2124,#2123,#1003,.T.);
#2508=EDGE_CURVE('',#2122,#2124,#1004,.T.);
#2509=EDGE_CURVE('',#2125,#2126,#1005,.T.);
#2510=EDGE_CURVE('',#2127,#2125,#1006,.T.);
#2511=EDGE_CURVE('',#2128,#2127,#1007,.T.);
#2512=EDGE_CURVE('',#2126,#2128,#1008,.T.);
#2513=EDGE_CURVE('',#2129,#2130,#1009,.T.);
#2514=EDGE_CURVE('',#2131,#2129,#1010,.T.);
#2515=EDGE_CURVE('',#2132,#2131,#1011,.T.);
#2516=EDGE_CURVE('',#2130,#2132,#1012,.T.);
#2517=EDGE_CURVE('',#2133,#2134,#1013,.T.);
#2518=EDGE_CURVE('',#2135,#2133,#1014,.T.);
#2519=EDGE_CURVE('',#2136,#2135,#1015,.T.);
#2520=EDGE_CURVE('',#2134,#2136,#1016,.T.);
#2521=EDGE_CURVE('',#2137,#2138,#1017,.T.);
#2522=EDGE_CURVE('',#2139,#2137,#1018,.T.);
#2523=EDGE_CURVE('',#2140,#2139,#1019,.T.);
#2524=EDGE_CURVE('',#2138,#2140,#1020,.T.);
#2525=EDGE_CURVE('',#2141,#2142,#1021,.T.);
#2526=EDGE_CURVE('',#2143,#2141,#1022,.T.);
#2527=EDGE_CURVE('',#2144,#2143,#1023,.T.);
#2528=EDGE_CURVE('',#2142,#2144,#1024,.T.);
#2529=EDGE_CURVE('',#2145,#2146,#1025,.T.);
#2530=EDGE_CURVE('',#2147,#2145,#1026,.T.);
#2531=EDGE_CURVE('',#2148,#2147,#1027,.T.);
#2532=EDGE_CURVE('',#2146,#2148,#1028,.T.);
#2533=EDGE_CURVE('',#2149,#2150,#1029,.T.);
#2534=EDGE_CURVE('',#2151,#2149,#1030,.T.);
#2535=EDGE_CURVE('',#2152,#2151,#1031,.T.);
#2536=EDGE_CURVE('',#2150,#2152,#1032,.T.);
#2537=EDGE_CURVE('',#2153,#2154,#1033,.T.);
#2538=EDGE_CURVE('',#2155,#2153,#1034,.T.);
#2539=EDGE_CURVE('',#2156,#2155,#1035,.T.);
#2540=EDGE_CURVE('',#2154,#2156,#1036,.T.);
#2541=EDGE_CURVE('',#2157,#2158,#1037,.T.);
#2542=EDGE_CURVE('',#2159,#2157,#1038,.T.);
#2543=EDGE_CURVE('',#2160,#2159,#1039,.T.);
#2544=EDGE_CURVE('',#2158,#2160,#1040,.T.);
#2545=EDGE_CURVE('',#2157,#1972,#1041,.T.);
#2546=EDGE_CURVE('',#2159,#1975,#1042,.T.);
#2547=EDGE_CURVE('',#2160,#1974,#1043,.T.);
#2548=EDGE_CURVE('',#2158,#1973,#1044,.T.);
#2549=EDGE_CURVE('',#2153,#1968,#1045,.T.);
#2550=EDGE_CURVE('',#2155,#1971,#1046,.T.);
#2551=EDGE_CURVE('',#2156,#1970,#1047,.T.);
#2552=EDGE_CURVE('',#2154,#1969,#1048,.T.);
#2553=EDGE_CURVE('',#2149,#1964,#1049,.T.);
#2554=EDGE_CURVE('',#2151,#1967,#1050,.T.);
#2555=EDGE_CURVE('',#2152,#1966,#1051,.T.);
#2556=EDGE_CURVE('',#2150,#1965,#1052,.T.);
#2557=EDGE_CURVE('',#2145,#1960,#1053,.T.);
#2558=EDGE_CURVE('',#2147,#1963,#1054,.T.);
#2559=EDGE_CURVE('',#2148,#1962,#1055,.T.);
#2560=EDGE_CURVE('',#2146,#1961,#1056,.T.);
#2561=EDGE_CURVE('',#2141,#1956,#1057,.T.);
#2562=EDGE_CURVE('',#2143,#1959,#1058,.T.);
#2563=EDGE_CURVE('',#2144,#1958,#1059,.T.);
#2564=EDGE_CURVE('',#2142,#1957,#1060,.T.);
#2565=EDGE_CURVE('',#2137,#1952,#1061,.T.);
#2566=EDGE_CURVE('',#2139,#1955,#1062,.T.);
#2567=EDGE_CURVE('',#2140,#1954,#1063,.T.);
#2568=EDGE_CURVE('',#2138,#1953,#1064,.T.);
#2569=EDGE_CURVE('',#2133,#1948,#1065,.T.);
#2570=EDGE_CURVE('',#2135,#1951,#1066,.T.);
#2571=EDGE_CURVE('',#2136,#1950,#1067,.T.);
#2572=EDGE_CURVE('',#2134,#1949,#1068,.T.);
#2573=EDGE_CURVE('',#2129,#1944,#1069,.T.);
#2574=EDGE_CURVE('',#2131,#1947,#1070,.T.);
#2575=EDGE_CURVE('',#2132,#1946,#1071,.T.);
#2576=EDGE_CURVE('',#2130,#1945,#1072,.T.);
#2577=EDGE_CURVE('',#2125,#1940,#1073,.T.);
#2578=EDGE_CURVE('',#2127,#1943,#1074,.T.);
#2579=EDGE_CURVE('',#2128,#1942,#1075,.T.);
#2580=EDGE_CURVE('',#2126,#1941,#1076,.T.);
#2581=EDGE_CURVE('',#2121,#1936,#1077,.T.);
#2582=EDGE_CURVE('',#2123,#1939,#1078,.T.);
#2583=EDGE_CURVE('',#2124,#1938,#1079,.T.);
#2584=EDGE_CURVE('',#2122,#1937,#1080,.T.);
#2585=EDGE_CURVE('',#2117,#1932,#1081,.T.);
#2586=EDGE_CURVE('',#2119,#1935,#1082,.T.);
#2587=EDGE_CURVE('',#2120,#1934,#1083,.T.);
#2588=EDGE_CURVE('',#2118,#1933,#1084,.T.);
#2589=EDGE_CURVE('',#2082,#1896,#1085,.T.);
#2590=EDGE_CURVE('',#2083,#1931,#1086,.T.);
#2591=EDGE_CURVE('',#2084,#1930,#1087,.T.);
#2592=EDGE_CURVE('',#2085,#1929,#1088,.T.);
#2593=EDGE_CURVE('',#2086,#1928,#1089,.T.);
#2594=EDGE_CURVE('',#2087,#1927,#1090,.T.);
#2595=EDGE_CURVE('',#2088,#1926,#1091,.T.);
#2596=EDGE_CURVE('',#2089,#1925,#1092,.T.);
#2597=EDGE_CURVE('',#2090,#1924,#1093,.T.);
#2598=EDGE_CURVE('',#2091,#1923,#1094,.T.);
#2599=EDGE_CURVE('',#2092,#1922,#1095,.T.);
#2600=EDGE_CURVE('',#2093,#1921,#1096,.T.);
#2601=EDGE_CURVE('',#2094,#1920,#1097,.T.);
#2602=EDGE_CURVE('',#2095,#1919,#1098,.T.);
#2603=EDGE_CURVE('',#2096,#1918,#1099,.T.);
#2604=EDGE_CURVE('',#2097,#1917,#1100,.T.);
#2605=EDGE_CURVE('',#2098,#1916,#1101,.T.);
#2606=EDGE_CURVE('',#2099,#1915,#1102,.T.);
#2607=EDGE_CURVE('',#2100,#1914,#1103,.T.);
#2608=EDGE_CURVE('',#2101,#1913,#1104,.T.);
#2609=EDGE_CURVE('',#2102,#1912,#1105,.T.);
#2610=EDGE_CURVE('',#2103,#1911,#1106,.T.);
#2611=EDGE_CURVE('',#2104,#1910,#1107,.T.);
#2612=EDGE_CURVE('',#2105,#1909,#1108,.T.);
#2613=EDGE_CURVE('',#2106,#1908,#1109,.T.);
#2614=EDGE_CURVE('',#2107,#1907,#1110,.T.);
#2615=EDGE_CURVE('',#2108,#1906,#1111,.T.);
#2616=EDGE_CURVE('',#2109,#1905,#1112,.T.);
#2617=EDGE_CURVE('',#2110,#1904,#1113,.T.);
#2618=EDGE_CURVE('',#2111,#1903,#1114,.T.);
#2619=EDGE_CURVE('',#2112,#1902,#1115,.T.);
#2620=EDGE_CURVE('',#2113,#1901,#1116,.T.);
#2621=EDGE_CURVE('',#2114,#1900,#1117,.T.);
#2622=EDGE_CURVE('',#2115,#1899,#1118,.T.);
#2623=EDGE_CURVE('',#2116,#1898,#1119,.T.);
#2624=EDGE_CURVE('',#2081,#1897,#1120,.T.);
#2625=EDGE_CURVE('',#2077,#1892,#1121,.T.);
#2626=EDGE_CURVE('',#2079,#1895,#1122,.T.);
#2627=EDGE_CURVE('',#2080,#1894,#1123,.T.);
#2628=EDGE_CURVE('',#2078,#1893,#1124,.T.);
#2629=EDGE_CURVE('',#2073,#1888,#1125,.T.);
#2630=EDGE_CURVE('',#2075,#1891,#1126,.T.);
#2631=EDGE_CURVE('',#2076,#1890,#1127,.T.);
#2632=EDGE_CURVE('',#2074,#1889,#1128,.T.);
#2633=EDGE_CURVE('',#2069,#1884,#1129,.T.);
#2634=EDGE_CURVE('',#2071,#1887,#1130,.T.);
#2635=EDGE_CURVE('',#2072,#1886,#1131,.T.);
#2636=EDGE_CURVE('',#2070,#1885,#1132,.T.);
#2637=EDGE_CURVE('',#2065,#1880,#1133,.T.);
#2638=EDGE_CURVE('',#2067,#1883,#1134,.T.);
#2639=EDGE_CURVE('',#2068,#1882,#1135,.T.);
#2640=EDGE_CURVE('',#2066,#1881,#1136,.T.);
#2641=EDGE_CURVE('',#2061,#1876,#1137,.T.);
#2642=EDGE_CURVE('',#2063,#1879,#1138,.T.);
#2643=EDGE_CURVE('',#2064,#1878,#1139,.T.);
#2644=EDGE_CURVE('',#2062,#1877,#1140,.T.);
#2645=EDGE_CURVE('',#2057,#1872,#1141,.T.);
#2646=EDGE_CURVE('',#2059,#1875,#1142,.T.);
#2647=EDGE_CURVE('',#2060,#1874,#1143,.T.);
#2648=EDGE_CURVE('',#2058,#1873,#1144,.T.);
#2649=EDGE_CURVE('',#2022,#1836,#1145,.T.);
#2650=EDGE_CURVE('',#2023,#1871,#1146,.T.);
#2651=EDGE_CURVE('',#2024,#1870,#1147,.T.);
#2652=EDGE_CURVE('',#2025,#1869,#1148,.T.);
#2653=EDGE_CURVE('',#2026,#1868,#1149,.T.);
#2654=EDGE_CURVE('',#2027,#1867,#1150,.T.);
#2655=EDGE_CURVE('',#2028,#1866,#1151,.T.);
#2656=EDGE_CURVE('',#2029,#1865,#1152,.T.);
#2657=EDGE_CURVE('',#2030,#1864,#1153,.T.);
#2658=EDGE_CURVE('',#2031,#1863,#1154,.T.);
#2659=EDGE_CURVE('',#2032,#1862,#1155,.T.);
#2660=EDGE_CURVE('',#2033,#1861,#1156,.T.);
#2661=EDGE_CURVE('',#2034,#1860,#1157,.T.);
#2662=EDGE_CURVE('',#2035,#1859,#1158,.T.);
#2663=EDGE_CURVE('',#2036,#1858,#1159,.T.);
#2664=EDGE_CURVE('',#2037,#1857,#1160,.T.);
#2665=EDGE_CURVE('',#2038,#1856,#1161,.T.);
#2666=EDGE_CURVE('',#2039,#1855,#1162,.T.);
#2667=EDGE_CURVE('',#2040,#1854,#1163,.T.);
#2668=EDGE_CURVE('',#2041,#1853,#1164,.T.);
#2669=EDGE_CURVE('',#2042,#1852,#1165,.T.);
#2670=EDGE_CURVE('',#2043,#1851,#1166,.T.);
#2671=EDGE_CURVE('',#2044,#1850,#1167,.T.);
#2672=EDGE_CURVE('',#2045,#1849,#1168,.T.);
#2673=EDGE_CURVE('',#2046,#1848,#1169,.T.);
#2674=EDGE_CURVE('',#2047,#1847,#1170,.T.);
#2675=EDGE_CURVE('',#2048,#1846,#1171,.T.);
#2676=EDGE_CURVE('',#2049,#1845,#1172,.T.);
#2677=EDGE_CURVE('',#2050,#1844,#1173,.T.);
#2678=EDGE_CURVE('',#2051,#1843,#1174,.T.);
#2679=EDGE_CURVE('',#2052,#1842,#1175,.T.);
#2680=EDGE_CURVE('',#2053,#1841,#1176,.T.);
#2681=EDGE_CURVE('',#2054,#1840,#1177,.T.);
#2682=EDGE_CURVE('',#2055,#1839,#1178,.T.);
#2683=EDGE_CURVE('',#2056,#1838,#1179,.T.);
#2684=EDGE_CURVE('',#2021,#1837,#1180,.T.);
#2685=EDGE_CURVE('',#2017,#1832,#1181,.T.);
#2686=EDGE_CURVE('',#2019,#1835,#1182,.T.);
#2687=EDGE_CURVE('',#2020,#1834,#1183,.T.);
#2688=EDGE_CURVE('',#2018,#1833,#1184,.T.);
#2689=EDGE_CURVE('',#1982,#1796,#1185,.T.);
#2690=EDGE_CURVE('',#1983,#1831,#1186,.T.);
#2691=EDGE_CURVE('',#1984,#1830,#1187,.T.);
#2692=EDGE_CURVE('',#1985,#1829,#1188,.T.);
#2693=EDGE_CURVE('',#1986,#1828,#1189,.T.);
#2694=EDGE_CURVE('',#1987,#1827,#1190,.T.);
#2695=EDGE_CURVE('',#1988,#1826,#1191,.T.);
#2696=EDGE_CURVE('',#1989,#1825,#1192,.T.);
#2697=EDGE_CURVE('',#1990,#1824,#1193,.T.);
#2698=EDGE_CURVE('',#1991,#1823,#1194,.T.);
#2699=EDGE_CURVE('',#1992,#1822,#1195,.T.);
#2700=EDGE_CURVE('',#1993,#1821,#1196,.T.);
#2701=EDGE_CURVE('',#1994,#1820,#1197,.T.);
#2702=EDGE_CURVE('',#1995,#1819,#1198,.T.);
#2703=EDGE_CURVE('',#1996,#1818,#1199,.T.);
#2704=EDGE_CURVE('',#1997,#1817,#1200,.T.);
#2705=EDGE_CURVE('',#1998,#1816,#1201,.T.);
#2706=EDGE_CURVE('',#1999,#1815,#1202,.T.);
#2707=EDGE_CURVE('',#2000,#1814,#1203,.T.);
#2708=EDGE_CURVE('',#2001,#1813,#1204,.T.);
#2709=EDGE_CURVE('',#2002,#1812,#1205,.T.);
#2710=EDGE_CURVE('',#2003,#1811,#1206,.T.);
#2711=EDGE_CURVE('',#2004,#1810,#1207,.T.);
#2712=EDGE_CURVE('',#2005,#1809,#1208,.T.);
#2713=EDGE_CURVE('',#2006,#1808,#1209,.T.);
#2714=EDGE_CURVE('',#2007,#1807,#1210,.T.);
#2715=EDGE_CURVE('',#2008,#1806,#1211,.T.);
#2716=EDGE_CURVE('',#2009,#1805,#1212,.T.);
#2717=EDGE_CURVE('',#2010,#1804,#1213,.T.);
#2718=EDGE_CURVE('',#2011,#1803,#1214,.T.);
#2719=EDGE_CURVE('',#2012,#1802,#1215,.T.);
#2720=EDGE_CURVE('',#2013,#1801,#1216,.T.);
#2721=EDGE_CURVE('',#2014,#1800,#1217,.T.);
#2722=EDGE_CURVE('',#2015,#1799,#1218,.T.);
#2723=EDGE_CURVE('',#2016,#1798,#1219,.T.);
#2724=EDGE_CURVE('',#1981,#1797,#1220,.T.);
#2725=ORIENTED_EDGE('',*,*,#2161,.T.);
#2726=ORIENTED_EDGE('',*,*,#2162,.T.);
#2727=ORIENTED_EDGE('',*,*,#2163,.T.);
#2728=ORIENTED_EDGE('',*,*,#2164,.T.);
#2729=ORIENTED_EDGE('',*,*,#2162,.F.);
#2730=ORIENTED_EDGE('',*,*,#2165,.F.);
#2731=ORIENTED_EDGE('',*,*,#2166,.F.);
#2732=ORIENTED_EDGE('',*,*,#2167,.F.);
#2733=ORIENTED_EDGE('',*,*,#2161,.F.);
#2734=ORIENTED_EDGE('',*,*,#2168,.T.);
#2735=ORIENTED_EDGE('',*,*,#2169,.F.);
#2736=ORIENTED_EDGE('',*,*,#2170,.T.);
#2737=ORIENTED_EDGE('',*,*,#2171,.F.);
#2738=ORIENTED_EDGE('',*,*,#2172,.T.);
#2739=ORIENTED_EDGE('',*,*,#2173,.F.);
#2740=ORIENTED_EDGE('',*,*,#2165,.T.);
#2741=ORIENTED_EDGE('',*,*,#2174,.T.);
#2742=ORIENTED_EDGE('',*,*,#2175,.T.);
#2743=ORIENTED_EDGE('',*,*,#2176,.T.);
#2744=ORIENTED_EDGE('',*,*,#2177,.T.);
#2745=ORIENTED_EDGE('',*,*,#2178,.T.);
#2746=ORIENTED_EDGE('',*,*,#2179,.T.);
#2747=ORIENTED_EDGE('',*,*,#2180,.T.);
#2748=ORIENTED_EDGE('',*,*,#2181,.T.);
#2749=ORIENTED_EDGE('',*,*,#2182,.T.);
#2750=ORIENTED_EDGE('',*,*,#2183,.T.);
#2751=ORIENTED_EDGE('',*,*,#2184,.T.);
#2752=ORIENTED_EDGE('',*,*,#2185,.T.);
#2753=ORIENTED_EDGE('',*,*,#2186,.T.);
#2754=ORIENTED_EDGE('',*,*,#2187,.T.);
#2755=ORIENTED_EDGE('',*,*,#2188,.T.);
#2756=ORIENTED_EDGE('',*,*,#2189,.T.);
#2757=ORIENTED_EDGE('',*,*,#2190,.T.);
#2758=ORIENTED_EDGE('',*,*,#2191,.T.);
#2759=ORIENTED_EDGE('',*,*,#2192,.T.);
#2760=ORIENTED_EDGE('',*,*,#2193,.T.);
#2761=ORIENTED_EDGE('',*,*,#2194,.T.);
#2762=ORIENTED_EDGE('',*,*,#2195,.T.);
#2763=ORIENTED_EDGE('',*,*,#2196,.T.);
#2764=ORIENTED_EDGE('',*,*,#2197,.T.);
#2765=ORIENTED_EDGE('',*,*,#2198,.T.);
#2766=ORIENTED_EDGE('',*,*,#2199,.T.);
#2767=ORIENTED_EDGE('',*,*,#2200,.T.);
#2768=ORIENTED_EDGE('',*,*,#2201,.T.);
#2769=ORIENTED_EDGE('',*,*,#2202,.T.);
#2770=ORIENTED_EDGE('',*,*,#2203,.T.);
#2771=ORIENTED_EDGE('',*,*,#2204,.T.);
#2772=ORIENTED_EDGE('',*,*,#2205,.T.);
#2773=ORIENTED_EDGE('',*,*,#2206,.T.);
#2774=ORIENTED_EDGE('',*,*,#2207,.T.);
#2775=ORIENTED_EDGE('',*,*,#2208,.T.);
#2776=ORIENTED_EDGE('',*,*,#2209,.T.);
#2777=ORIENTED_EDGE('',*,*,#2210,.T.);
#2778=ORIENTED_EDGE('',*,*,#2211,.T.);
#2779=ORIENTED_EDGE('',*,*,#2212,.T.);
#2780=ORIENTED_EDGE('',*,*,#2213,.T.);
#2781=ORIENTED_EDGE('',*,*,#2214,.T.);
#2782=ORIENTED_EDGE('',*,*,#2215,.T.);
#2783=ORIENTED_EDGE('',*,*,#2216,.T.);
#2784=ORIENTED_EDGE('',*,*,#2217,.T.);
#2785=ORIENTED_EDGE('',*,*,#2218,.T.);
#2786=ORIENTED_EDGE('',*,*,#2219,.T.);
#2787=ORIENTED_EDGE('',*,*,#2220,.T.);
#2788=ORIENTED_EDGE('',*,*,#2221,.T.);
#2789=ORIENTED_EDGE('',*,*,#2222,.T.);
#2790=ORIENTED_EDGE('',*,*,#2223,.T.);
#2791=ORIENTED_EDGE('',*,*,#2224,.T.);
#2792=ORIENTED_EDGE('',*,*,#2225,.T.);
#2793=ORIENTED_EDGE('',*,*,#2226,.T.);
#2794=ORIENTED_EDGE('',*,*,#2227,.T.);
#2795=ORIENTED_EDGE('',*,*,#2228,.T.);
#2796=ORIENTED_EDGE('',*,*,#2229,.T.);
#2797=ORIENTED_EDGE('',*,*,#2230,.T.);
#2798=ORIENTED_EDGE('',*,*,#2231,.T.);
#2799=ORIENTED_EDGE('',*,*,#2232,.T.);
#2800=ORIENTED_EDGE('',*,*,#2233,.T.);
#2801=ORIENTED_EDGE('',*,*,#2234,.T.);
#2802=ORIENTED_EDGE('',*,*,#2235,.T.);
#2803=ORIENTED_EDGE('',*,*,#2236,.T.);
#2804=ORIENTED_EDGE('',*,*,#2237,.T.);
#2805=ORIENTED_EDGE('',*,*,#2238,.T.);
#2806=ORIENTED_EDGE('',*,*,#2239,.T.);
#2807=ORIENTED_EDGE('',*,*,#2240,.T.);
#2808=ORIENTED_EDGE('',*,*,#2241,.T.);
#2809=ORIENTED_EDGE('',*,*,#2242,.T.);
#2810=ORIENTED_EDGE('',*,*,#2243,.T.);
#2811=ORIENTED_EDGE('',*,*,#2244,.T.);
#2812=ORIENTED_EDGE('',*,*,#2245,.T.);
#2813=ORIENTED_EDGE('',*,*,#2246,.T.);
#2814=ORIENTED_EDGE('',*,*,#2247,.T.);
#2815=ORIENTED_EDGE('',*,*,#2248,.T.);
#2816=ORIENTED_EDGE('',*,*,#2249,.T.);
#2817=ORIENTED_EDGE('',*,*,#2250,.T.);
#2818=ORIENTED_EDGE('',*,*,#2251,.T.);
#2819=ORIENTED_EDGE('',*,*,#2252,.T.);
#2820=ORIENTED_EDGE('',*,*,#2253,.T.);
#2821=ORIENTED_EDGE('',*,*,#2254,.T.);
#2822=ORIENTED_EDGE('',*,*,#2255,.T.);
#2823=ORIENTED_EDGE('',*,*,#2256,.T.);
#2824=ORIENTED_EDGE('',*,*,#2257,.T.);
#2825=ORIENTED_EDGE('',*,*,#2258,.T.);
#2826=ORIENTED_EDGE('',*,*,#2259,.T.);
#2827=ORIENTED_EDGE('',*,*,#2260,.T.);
#2828=ORIENTED_EDGE('',*,*,#2261,.T.);
#2829=ORIENTED_EDGE('',*,*,#2262,.T.);
#2830=ORIENTED_EDGE('',*,*,#2263,.T.);
#2831=ORIENTED_EDGE('',*,*,#2264,.T.);
#2832=ORIENTED_EDGE('',*,*,#2265,.T.);
#2833=ORIENTED_EDGE('',*,*,#2266,.T.);
#2834=ORIENTED_EDGE('',*,*,#2267,.T.);
#2835=ORIENTED_EDGE('',*,*,#2268,.T.);
#2836=ORIENTED_EDGE('',*,*,#2269,.T.);
#2837=ORIENTED_EDGE('',*,*,#2270,.T.);
#2838=ORIENTED_EDGE('',*,*,#2271,.T.);
#2839=ORIENTED_EDGE('',*,*,#2272,.T.);
#2840=ORIENTED_EDGE('',*,*,#2273,.T.);
#2841=ORIENTED_EDGE('',*,*,#2274,.T.);
#2842=ORIENTED_EDGE('',*,*,#2275,.T.);
#2843=ORIENTED_EDGE('',*,*,#2276,.T.);
#2844=ORIENTED_EDGE('',*,*,#2277,.T.);
#2845=ORIENTED_EDGE('',*,*,#2278,.T.);
#2846=ORIENTED_EDGE('',*,*,#2279,.T.);
#2847=ORIENTED_EDGE('',*,*,#2280,.T.);
#2848=ORIENTED_EDGE('',*,*,#2281,.T.);
#2849=ORIENTED_EDGE('',*,*,#2282,.T.);
#2850=ORIENTED_EDGE('',*,*,#2283,.T.);
#2851=ORIENTED_EDGE('',*,*,#2284,.T.);
#2852=ORIENTED_EDGE('',*,*,#2285,.T.);
#2853=ORIENTED_EDGE('',*,*,#2286,.T.);
#2854=ORIENTED_EDGE('',*,*,#2287,.T.);
#2855=ORIENTED_EDGE('',*,*,#2288,.T.);
#2856=ORIENTED_EDGE('',*,*,#2289,.T.);
#2857=ORIENTED_EDGE('',*,*,#2290,.T.);
#2858=ORIENTED_EDGE('',*,*,#2291,.T.);
#2859=ORIENTED_EDGE('',*,*,#2292,.T.);
#2860=ORIENTED_EDGE('',*,*,#2293,.T.);
#2861=ORIENTED_EDGE('',*,*,#2294,.T.);
#2862=ORIENTED_EDGE('',*,*,#2295,.T.);
#2863=ORIENTED_EDGE('',*,*,#2296,.T.);
#2864=ORIENTED_EDGE('',*,*,#2297,.T.);
#2865=ORIENTED_EDGE('',*,*,#2298,.T.);
#2866=ORIENTED_EDGE('',*,*,#2299,.T.);
#2867=ORIENTED_EDGE('',*,*,#2300,.T.);
#2868=ORIENTED_EDGE('',*,*,#2301,.T.);
#2869=ORIENTED_EDGE('',*,*,#2302,.T.);
#2870=ORIENTED_EDGE('',*,*,#2303,.T.);
#2871=ORIENTED_EDGE('',*,*,#2304,.T.);
#2872=ORIENTED_EDGE('',*,*,#2305,.T.);
#2873=ORIENTED_EDGE('',*,*,#2306,.T.);
#2874=ORIENTED_EDGE('',*,*,#2307,.T.);
#2875=ORIENTED_EDGE('',*,*,#2308,.T.);
#2876=ORIENTED_EDGE('',*,*,#2309,.T.);
#2877=ORIENTED_EDGE('',*,*,#2310,.T.);
#2878=ORIENTED_EDGE('',*,*,#2311,.T.);
#2879=ORIENTED_EDGE('',*,*,#2312,.T.);
#2880=ORIENTED_EDGE('',*,*,#2313,.T.);
#2881=ORIENTED_EDGE('',*,*,#2314,.T.);
#2882=ORIENTED_EDGE('',*,*,#2315,.T.);
#2883=ORIENTED_EDGE('',*,*,#2316,.T.);
#2884=ORIENTED_EDGE('',*,*,#2317,.T.);
#2885=ORIENTED_EDGE('',*,*,#2318,.T.);
#2886=ORIENTED_EDGE('',*,*,#2319,.T.);
#2887=ORIENTED_EDGE('',*,*,#2320,.T.);
#2888=ORIENTED_EDGE('',*,*,#2321,.T.);
#2889=ORIENTED_EDGE('',*,*,#2322,.T.);
#2890=ORIENTED_EDGE('',*,*,#2323,.T.);
#2891=ORIENTED_EDGE('',*,*,#2324,.T.);
#2892=ORIENTED_EDGE('',*,*,#2325,.T.);
#2893=ORIENTED_EDGE('',*,*,#2326,.T.);
#2894=ORIENTED_EDGE('',*,*,#2327,.T.);
#2895=ORIENTED_EDGE('',*,*,#2328,.T.);
#2896=ORIENTED_EDGE('',*,*,#2329,.T.);
#2897=ORIENTED_EDGE('',*,*,#2330,.T.);
#2898=ORIENTED_EDGE('',*,*,#2331,.T.);
#2899=ORIENTED_EDGE('',*,*,#2332,.T.);
#2900=ORIENTED_EDGE('',*,*,#2333,.T.);
#2901=ORIENTED_EDGE('',*,*,#2334,.T.);
#2902=ORIENTED_EDGE('',*,*,#2335,.T.);
#2903=ORIENTED_EDGE('',*,*,#2336,.T.);
#2904=ORIENTED_EDGE('',*,*,#2337,.T.);
#2905=ORIENTED_EDGE('',*,*,#2338,.T.);
#2906=ORIENTED_EDGE('',*,*,#2339,.T.);
#2907=ORIENTED_EDGE('',*,*,#2340,.T.);
#2908=ORIENTED_EDGE('',*,*,#2341,.T.);
#2909=ORIENTED_EDGE('',*,*,#2342,.T.);
#2910=ORIENTED_EDGE('',*,*,#2343,.T.);
#2911=ORIENTED_EDGE('',*,*,#2344,.T.);
#2912=ORIENTED_EDGE('',*,*,#2345,.T.);
#2913=ORIENTED_EDGE('',*,*,#2346,.T.);
#2914=ORIENTED_EDGE('',*,*,#2347,.T.);
#2915=ORIENTED_EDGE('',*,*,#2348,.T.);
#2916=ORIENTED_EDGE('',*,*,#2349,.T.);
#2917=ORIENTED_EDGE('',*,*,#2350,.T.);
#2918=ORIENTED_EDGE('',*,*,#2351,.T.);
#2919=ORIENTED_EDGE('',*,*,#2352,.T.);
#2920=ORIENTED_EDGE('',*,*,#2353,.T.);
#2921=ORIENTED_EDGE('',*,*,#2173,.T.);
#2922=ORIENTED_EDGE('',*,*,#2354,.T.);
#2923=ORIENTED_EDGE('',*,*,#2355,.T.);
#2924=ORIENTED_EDGE('',*,*,#2166,.T.);
#2925=ORIENTED_EDGE('',*,*,#2354,.F.);
#2926=ORIENTED_EDGE('',*,*,#2172,.F.);
#2927=ORIENTED_EDGE('',*,*,#2356,.F.);
#2928=ORIENTED_EDGE('',*,*,#2357,.F.);
#2929=ORIENTED_EDGE('',*,*,#2171,.T.);
#2930=ORIENTED_EDGE('',*,*,#2358,.T.);
#2931=ORIENTED_EDGE('',*,*,#2359,.T.);
#2932=ORIENTED_EDGE('',*,*,#2356,.T.);
#2933=ORIENTED_EDGE('',*,*,#2358,.F.);
#2934=ORIENTED_EDGE('',*,*,#2170,.F.);
#2935=ORIENTED_EDGE('',*,*,#2360,.F.);
#2936=ORIENTED_EDGE('',*,*,#2361,.F.);
#2937=ORIENTED_EDGE('',*,*,#2362,.T.);
#2938=ORIENTED_EDGE('',*,*,#2360,.T.);
#2939=ORIENTED_EDGE('',*,*,#2169,.T.);
#2940=ORIENTED_EDGE('',*,*,#2363,.T.);
#2941=ORIENTED_EDGE('',*,*,#2164,.F.);
#2942=ORIENTED_EDGE('',*,*,#2364,.F.);
#2943=ORIENTED_EDGE('',*,*,#2363,.F.);
#2944=ORIENTED_EDGE('',*,*,#2168,.F.);
#2945=ORIENTED_EDGE('',*,*,#2163,.F.);
#2946=ORIENTED_EDGE('',*,*,#2167,.T.);
#2947=ORIENTED_EDGE('',*,*,#2355,.F.);
#2948=ORIENTED_EDGE('',*,*,#2357,.T.);
#2949=ORIENTED_EDGE('',*,*,#2359,.F.);
#2950=ORIENTED_EDGE('',*,*,#2361,.T.);
#2951=ORIENTED_EDGE('',*,*,#2362,.F.);
#2952=ORIENTED_EDGE('',*,*,#2364,.T.);
#2953=ORIENTED_EDGE('',*,*,#2365,.T.);
#2954=ORIENTED_EDGE('',*,*,#2366,.T.);
#2955=ORIENTED_EDGE('',*,*,#2367,.T.);
#2956=ORIENTED_EDGE('',*,*,#2368,.T.);
#2957=ORIENTED_EDGE('',*,*,#2369,.T.);
#2958=ORIENTED_EDGE('',*,*,#2370,.T.);
#2959=ORIENTED_EDGE('',*,*,#2371,.T.);
#2960=ORIENTED_EDGE('',*,*,#2372,.T.);
#2961=ORIENTED_EDGE('',*,*,#2373,.T.);
#2962=ORIENTED_EDGE('',*,*,#2374,.T.);
#2963=ORIENTED_EDGE('',*,*,#2375,.T.);
#2964=ORIENTED_EDGE('',*,*,#2376,.T.);
#2965=ORIENTED_EDGE('',*,*,#2377,.T.);
#2966=ORIENTED_EDGE('',*,*,#2378,.T.);
#2967=ORIENTED_EDGE('',*,*,#2379,.T.);
#2968=ORIENTED_EDGE('',*,*,#2380,.T.);
#2969=ORIENTED_EDGE('',*,*,#2381,.T.);
#2970=ORIENTED_EDGE('',*,*,#2382,.T.);
#2971=ORIENTED_EDGE('',*,*,#2383,.T.);
#2972=ORIENTED_EDGE('',*,*,#2384,.T.);
#2973=ORIENTED_EDGE('',*,*,#2385,.T.);
#2974=ORIENTED_EDGE('',*,*,#2386,.T.);
#2975=ORIENTED_EDGE('',*,*,#2387,.T.);
#2976=ORIENTED_EDGE('',*,*,#2388,.T.);
#2977=ORIENTED_EDGE('',*,*,#2389,.T.);
#2978=ORIENTED_EDGE('',*,*,#2390,.T.);
#2979=ORIENTED_EDGE('',*,*,#2391,.T.);
#2980=ORIENTED_EDGE('',*,*,#2392,.T.);
#2981=ORIENTED_EDGE('',*,*,#2393,.T.);
#2982=ORIENTED_EDGE('',*,*,#2394,.T.);
#2983=ORIENTED_EDGE('',*,*,#2395,.T.);
#2984=ORIENTED_EDGE('',*,*,#2396,.T.);
#2985=ORIENTED_EDGE('',*,*,#2397,.T.);
#2986=ORIENTED_EDGE('',*,*,#2398,.T.);
#2987=ORIENTED_EDGE('',*,*,#2399,.T.);
#2988=ORIENTED_EDGE('',*,*,#2400,.T.);
#2989=ORIENTED_EDGE('',*,*,#2401,.F.);
#2990=ORIENTED_EDGE('',*,*,#2402,.F.);
#2991=ORIENTED_EDGE('',*,*,#2403,.F.);
#2992=ORIENTED_EDGE('',*,*,#2404,.F.);
#2993=ORIENTED_EDGE('',*,*,#2405,.T.);
#2994=ORIENTED_EDGE('',*,*,#2406,.T.);
#2995=ORIENTED_EDGE('',*,*,#2407,.T.);
#2996=ORIENTED_EDGE('',*,*,#2408,.T.);
#2997=ORIENTED_EDGE('',*,*,#2409,.T.);
#2998=ORIENTED_EDGE('',*,*,#2410,.T.);
#2999=ORIENTED_EDGE('',*,*,#2411,.T.);
#3000=ORIENTED_EDGE('',*,*,#2412,.T.);
#3001=ORIENTED_EDGE('',*,*,#2413,.T.);
#3002=ORIENTED_EDGE('',*,*,#2414,.T.);
#3003=ORIENTED_EDGE('',*,*,#2415,.T.);
#3004=ORIENTED_EDGE('',*,*,#2416,.T.);
#3005=ORIENTED_EDGE('',*,*,#2417,.T.);
#3006=ORIENTED_EDGE('',*,*,#2418,.T.);
#3007=ORIENTED_EDGE('',*,*,#2419,.T.);
#3008=ORIENTED_EDGE('',*,*,#2420,.T.);
#3009=ORIENTED_EDGE('',*,*,#2421,.T.);
#3010=ORIENTED_EDGE('',*,*,#2422,.T.);
#3011=ORIENTED_EDGE('',*,*,#2423,.T.);
#3012=ORIENTED_EDGE('',*,*,#2424,.T.);
#3013=ORIENTED_EDGE('',*,*,#2425,.T.);
#3014=ORIENTED_EDGE('',*,*,#2426,.T.);
#3015=ORIENTED_EDGE('',*,*,#2427,.T.);
#3016=ORIENTED_EDGE('',*,*,#2428,.T.);
#3017=ORIENTED_EDGE('',*,*,#2429,.T.);
#3018=ORIENTED_EDGE('',*,*,#2430,.T.);
#3019=ORIENTED_EDGE('',*,*,#2431,.T.);
#3020=ORIENTED_EDGE('',*,*,#2432,.T.);
#3021=ORIENTED_EDGE('',*,*,#2433,.T.);
#3022=ORIENTED_EDGE('',*,*,#2434,.T.);
#3023=ORIENTED_EDGE('',*,*,#2435,.T.);
#3024=ORIENTED_EDGE('',*,*,#2436,.T.);
#3025=ORIENTED_EDGE('',*,*,#2437,.T.);
#3026=ORIENTED_EDGE('',*,*,#2438,.T.);
#3027=ORIENTED_EDGE('',*,*,#2439,.T.);
#3028=ORIENTED_EDGE('',*,*,#2440,.T.);
#3029=ORIENTED_EDGE('',*,*,#2441,.F.);
#3030=ORIENTED_EDGE('',*,*,#2442,.F.);
#3031=ORIENTED_EDGE('',*,*,#2443,.F.);
#3032=ORIENTED_EDGE('',*,*,#2444,.F.);
#3033=ORIENTED_EDGE('',*,*,#2445,.F.);
#3034=ORIENTED_EDGE('',*,*,#2446,.F.);
#3035=ORIENTED_EDGE('',*,*,#2447,.F.);
#3036=ORIENTED_EDGE('',*,*,#2448,.F.);
#3037=ORIENTED_EDGE('',*,*,#2449,.F.);
#3038=ORIENTED_EDGE('',*,*,#2450,.F.);
#3039=ORIENTED_EDGE('',*,*,#2451,.F.);
#3040=ORIENTED_EDGE('',*,*,#2452,.F.);
#3041=ORIENTED_EDGE('',*,*,#2453,.F.);
#3042=ORIENTED_EDGE('',*,*,#2454,.F.);
#3043=ORIENTED_EDGE('',*,*,#2455,.F.);
#3044=ORIENTED_EDGE('',*,*,#2456,.F.);
#3045=ORIENTED_EDGE('',*,*,#2457,.F.);
#3046=ORIENTED_EDGE('',*,*,#2458,.F.);
#3047=ORIENTED_EDGE('',*,*,#2459,.F.);
#3048=ORIENTED_EDGE('',*,*,#2460,.F.);
#3049=ORIENTED_EDGE('',*,*,#2461,.F.);
#3050=ORIENTED_EDGE('',*,*,#2462,.F.);
#3051=ORIENTED_EDGE('',*,*,#2463,.F.);
#3052=ORIENTED_EDGE('',*,*,#2464,.F.);
#3053=ORIENTED_EDGE('',*,*,#2465,.T.);
#3054=ORIENTED_EDGE('',*,*,#2466,.T.);
#3055=ORIENTED_EDGE('',*,*,#2467,.T.);
#3056=ORIENTED_EDGE('',*,*,#2468,.T.);
#3057=ORIENTED_EDGE('',*,*,#2469,.T.);
#3058=ORIENTED_EDGE('',*,*,#2470,.T.);
#3059=ORIENTED_EDGE('',*,*,#2471,.T.);
#3060=ORIENTED_EDGE('',*,*,#2472,.T.);
#3061=ORIENTED_EDGE('',*,*,#2473,.T.);
#3062=ORIENTED_EDGE('',*,*,#2474,.T.);
#3063=ORIENTED_EDGE('',*,*,#2475,.T.);
#3064=ORIENTED_EDGE('',*,*,#2476,.T.);
#3065=ORIENTED_EDGE('',*,*,#2477,.T.);
#3066=ORIENTED_EDGE('',*,*,#2478,.T.);
#3067=ORIENTED_EDGE('',*,*,#2479,.T.);
#3068=ORIENTED_EDGE('',*,*,#2480,.T.);
#3069=ORIENTED_EDGE('',*,*,#2481,.T.);
#3070=ORIENTED_EDGE('',*,*,#2482,.T.);
#3071=ORIENTED_EDGE('',*,*,#2483,.T.);
#3072=ORIENTED_EDGE('',*,*,#2484,.T.);
#3073=ORIENTED_EDGE('',*,*,#2485,.T.);
#3074=ORIENTED_EDGE('',*,*,#2486,.T.);
#3075=ORIENTED_EDGE('',*,*,#2487,.T.);
#3076=ORIENTED_EDGE('',*,*,#2488,.T.);
#3077=ORIENTED_EDGE('',*,*,#2489,.T.);
#3078=ORIENTED_EDGE('',*,*,#2490,.T.);
#3079=ORIENTED_EDGE('',*,*,#2491,.T.);
#3080=ORIENTED_EDGE('',*,*,#2492,.T.);
#3081=ORIENTED_EDGE('',*,*,#2493,.T.);
#3082=ORIENTED_EDGE('',*,*,#2494,.T.);
#3083=ORIENTED_EDGE('',*,*,#2495,.T.);
#3084=ORIENTED_EDGE('',*,*,#2496,.T.);
#3085=ORIENTED_EDGE('',*,*,#2497,.T.);
#3086=ORIENTED_EDGE('',*,*,#2498,.T.);
#3087=ORIENTED_EDGE('',*,*,#2499,.T.);
#3088=ORIENTED_EDGE('',*,*,#2500,.T.);
#3089=ORIENTED_EDGE('',*,*,#2501,.F.);
#3090=ORIENTED_EDGE('',*,*,#2502,.F.);
#3091=ORIENTED_EDGE('',*,*,#2503,.F.);
#3092=ORIENTED_EDGE('',*,*,#2504,.F.);
#3093=ORIENTED_EDGE('',*,*,#2505,.F.);
#3094=ORIENTED_EDGE('',*,*,#2506,.F.);
#3095=ORIENTED_EDGE('',*,*,#2507,.F.);
#3096=ORIENTED_EDGE('',*,*,#2508,.F.);
#3097=ORIENTED_EDGE('',*,*,#2509,.F.);
#3098=ORIENTED_EDGE('',*,*,#2510,.F.);
#3099=ORIENTED_EDGE('',*,*,#2511,.F.);
#3100=ORIENTED_EDGE('',*,*,#2512,.F.);
#3101=ORIENTED_EDGE('',*,*,#2513,.F.);
#3102=ORIENTED_EDGE('',*,*,#2514,.F.);
#3103=ORIENTED_EDGE('',*,*,#2515,.F.);
#3104=ORIENTED_EDGE('',*,*,#2516,.F.);
#3105=ORIENTED_EDGE('',*,*,#2517,.F.);
#3106=ORIENTED_EDGE('',*,*,#2518,.F.);
#3107=ORIENTED_EDGE('',*,*,#2519,.F.);
#3108=ORIENTED_EDGE('',*,*,#2520,.F.);
#3109=ORIENTED_EDGE('',*,*,#2521,.F.);
#3110=ORIENTED_EDGE('',*,*,#2522,.F.);
#3111=ORIENTED_EDGE('',*,*,#2523,.F.);
#3112=ORIENTED_EDGE('',*,*,#2524,.F.);
#3113=ORIENTED_EDGE('',*,*,#2525,.F.);
#3114=ORIENTED_EDGE('',*,*,#2526,.F.);
#3115=ORIENTED_EDGE('',*,*,#2527,.F.);
#3116=ORIENTED_EDGE('',*,*,#2528,.F.);
#3117=ORIENTED_EDGE('',*,*,#2529,.F.);
#3118=ORIENTED_EDGE('',*,*,#2530,.F.);
#3119=ORIENTED_EDGE('',*,*,#2531,.F.);
#3120=ORIENTED_EDGE('',*,*,#2532,.F.);
#3121=ORIENTED_EDGE('',*,*,#2533,.F.);
#3122=ORIENTED_EDGE('',*,*,#2534,.F.);
#3123=ORIENTED_EDGE('',*,*,#2535,.F.);
#3124=ORIENTED_EDGE('',*,*,#2536,.F.);
#3125=ORIENTED_EDGE('',*,*,#2537,.F.);
#3126=ORIENTED_EDGE('',*,*,#2538,.F.);
#3127=ORIENTED_EDGE('',*,*,#2539,.F.);
#3128=ORIENTED_EDGE('',*,*,#2540,.F.);
#3129=ORIENTED_EDGE('',*,*,#2541,.F.);
#3130=ORIENTED_EDGE('',*,*,#2542,.F.);
#3131=ORIENTED_EDGE('',*,*,#2543,.F.);
#3132=ORIENTED_EDGE('',*,*,#2544,.F.);
#3133=ORIENTED_EDGE('',*,*,#2542,.T.);
#3134=ORIENTED_EDGE('',*,*,#2545,.T.);
#3135=ORIENTED_EDGE('',*,*,#2353,.F.);
#3136=ORIENTED_EDGE('',*,*,#2546,.F.);
#3137=ORIENTED_EDGE('',*,*,#2543,.T.);
#3138=ORIENTED_EDGE('',*,*,#2546,.T.);
#3139=ORIENTED_EDGE('',*,*,#2352,.F.);
#3140=ORIENTED_EDGE('',*,*,#2547,.F.);
#3141=ORIENTED_EDGE('',*,*,#2544,.T.);
#3142=ORIENTED_EDGE('',*,*,#2547,.T.);
#3143=ORIENTED_EDGE('',*,*,#2351,.F.);
#3144=ORIENTED_EDGE('',*,*,#2548,.F.);
#3145=ORIENTED_EDGE('',*,*,#2541,.T.);
#3146=ORIENTED_EDGE('',*,*,#2548,.T.);
#3147=ORIENTED_EDGE('',*,*,#2350,.F.);
#3148=ORIENTED_EDGE('',*,*,#2545,.F.);
#3149=ORIENTED_EDGE('',*,*,#2538,.T.);
#3150=ORIENTED_EDGE('',*,*,#2549,.T.);
#3151=ORIENTED_EDGE('',*,*,#2349,.F.);
#3152=ORIENTED_EDGE('',*,*,#2550,.F.);
#3153=ORIENTED_EDGE('',*,*,#2539,.T.);
#3154=ORIENTED_EDGE('',*,*,#2550,.T.);
#3155=ORIENTED_EDGE('',*,*,#2348,.F.);
#3156=ORIENTED_EDGE('',*,*,#2551,.F.);
#3157=ORIENTED_EDGE('',*,*,#2540,.T.);
#3158=ORIENTED_EDGE('',*,*,#2551,.T.);
#3159=ORIENTED_EDGE('',*,*,#2347,.F.);
#3160=ORIENTED_EDGE('',*,*,#2552,.F.);
#3161=ORIENTED_EDGE('',*,*,#2537,.T.);
#3162=ORIENTED_EDGE('',*,*,#2552,.T.);
#3163=ORIENTED_EDGE('',*,*,#2346,.F.);
#3164=ORIENTED_EDGE('',*,*,#2549,.F.);
#3165=ORIENTED_EDGE('',*,*,#2534,.T.);
#3166=ORIENTED_EDGE('',*,*,#2553,.T.);
#3167=ORIENTED_EDGE('',*,*,#2345,.F.);
#3168=ORIENTED_EDGE('',*,*,#2554,.F.);
#3169=ORIENTED_EDGE('',*,*,#2535,.T.);
#3170=ORIENTED_EDGE('',*,*,#2554,.T.);
#3171=ORIENTED_EDGE('',*,*,#2344,.F.);
#3172=ORIENTED_EDGE('',*,*,#2555,.F.);
#3173=ORIENTED_EDGE('',*,*,#2536,.T.);
#3174=ORIENTED_EDGE('',*,*,#2555,.T.);
#3175=ORIENTED_EDGE('',*,*,#2343,.F.);
#3176=ORIENTED_EDGE('',*,*,#2556,.F.);
#3177=ORIENTED_EDGE('',*,*,#2533,.T.);
#3178=ORIENTED_EDGE('',*,*,#2556,.T.);
#3179=ORIENTED_EDGE('',*,*,#2342,.F.);
#3180=ORIENTED_EDGE('',*,*,#2553,.F.);
#3181=ORIENTED_EDGE('',*,*,#2530,.T.);
#3182=ORIENTED_EDGE('',*,*,#2557,.T.);
#3183=ORIENTED_EDGE('',*,*,#2341,.F.);
#3184=ORIENTED_EDGE('',*,*,#2558,.F.);
#3185=ORIENTED_EDGE('',*,*,#2531,.T.);
#3186=ORIENTED_EDGE('',*,*,#2558,.T.);
#3187=ORIENTED_EDGE('',*,*,#2340,.F.);
#3188=ORIENTED_EDGE('',*,*,#2559,.F.);
#3189=ORIENTED_EDGE('',*,*,#2532,.T.);
#3190=ORIENTED_EDGE('',*,*,#2559,.T.);
#3191=ORIENTED_EDGE('',*,*,#2339,.F.);
#3192=ORIENTED_EDGE('',*,*,#2560,.F.);
#3193=ORIENTED_EDGE('',*,*,#2529,.T.);
#3194=ORIENTED_EDGE('',*,*,#2560,.T.);
#3195=ORIENTED_EDGE('',*,*,#2338,.F.);
#3196=ORIENTED_EDGE('',*,*,#2557,.F.);
#3197=ORIENTED_EDGE('',*,*,#2526,.T.);
#3198=ORIENTED_EDGE('',*,*,#2561,.T.);
#3199=ORIENTED_EDGE('',*,*,#2337,.F.);
#3200=ORIENTED_EDGE('',*,*,#2562,.F.);
#3201=ORIENTED_EDGE('',*,*,#2527,.T.);
#3202=ORIENTED_EDGE('',*,*,#2562,.T.);
#3203=ORIENTED_EDGE('',*,*,#2336,.F.);
#3204=ORIENTED_EDGE('',*,*,#2563,.F.);
#3205=ORIENTED_EDGE('',*,*,#2528,.T.);
#3206=ORIENTED_EDGE('',*,*,#2563,.T.);
#3207=ORIENTED_EDGE('',*,*,#2335,.F.);
#3208=ORIENTED_EDGE('',*,*,#2564,.F.);
#3209=ORIENTED_EDGE('',*,*,#2525,.T.);
#3210=ORIENTED_EDGE('',*,*,#2564,.T.);
#3211=ORIENTED_EDGE('',*,*,#2334,.F.);
#3212=ORIENTED_EDGE('',*,*,#2561,.F.);
#3213=ORIENTED_EDGE('',*,*,#2522,.T.);
#3214=ORIENTED_EDGE('',*,*,#2565,.T.);
#3215=ORIENTED_EDGE('',*,*,#2333,.F.);
#3216=ORIENTED_EDGE('',*,*,#2566,.F.);
#3217=ORIENTED_EDGE('',*,*,#2523,.T.);
#3218=ORIENTED_EDGE('',*,*,#2566,.T.);
#3219=ORIENTED_EDGE('',*,*,#2332,.F.);
#3220=ORIENTED_EDGE('',*,*,#2567,.F.);
#3221=ORIENTED_EDGE('',*,*,#2524,.T.);
#3222=ORIENTED_EDGE('',*,*,#2567,.T.);
#3223=ORIENTED_EDGE('',*,*,#2331,.F.);
#3224=ORIENTED_EDGE('',*,*,#2568,.F.);
#3225=ORIENTED_EDGE('',*,*,#2521,.T.);
#3226=ORIENTED_EDGE('',*,*,#2568,.T.);
#3227=ORIENTED_EDGE('',*,*,#2330,.F.);
#3228=ORIENTED_EDGE('',*,*,#2565,.F.);
#3229=ORIENTED_EDGE('',*,*,#2518,.T.);
#3230=ORIENTED_EDGE('',*,*,#2569,.T.);
#3231=ORIENTED_EDGE('',*,*,#2329,.F.);
#3232=ORIENTED_EDGE('',*,*,#2570,.F.);
#3233=ORIENTED_EDGE('',*,*,#2519,.T.);
#3234=ORIENTED_EDGE('',*,*,#2570,.T.);
#3235=ORIENTED_EDGE('',*,*,#2328,.F.);
#3236=ORIENTED_EDGE('',*,*,#2571,.F.);
#3237=ORIENTED_EDGE('',*,*,#2520,.T.);
#3238=ORIENTED_EDGE('',*,*,#2571,.T.);
#3239=ORIENTED_EDGE('',*,*,#2327,.F.);
#3240=ORIENTED_EDGE('',*,*,#2572,.F.);
#3241=ORIENTED_EDGE('',*,*,#2517,.T.);
#3242=ORIENTED_EDGE('',*,*,#2572,.T.);
#3243=ORIENTED_EDGE('',*,*,#2326,.F.);
#3244=ORIENTED_EDGE('',*,*,#2569,.F.);
#3245=ORIENTED_EDGE('',*,*,#2514,.T.);
#3246=ORIENTED_EDGE('',*,*,#2573,.T.);
#3247=ORIENTED_EDGE('',*,*,#2325,.F.);
#3248=ORIENTED_EDGE('',*,*,#2574,.F.);
#3249=ORIENTED_EDGE('',*,*,#2515,.T.);
#3250=ORIENTED_EDGE('',*,*,#2574,.T.);
#3251=ORIENTED_EDGE('',*,*,#2324,.F.);
#3252=ORIENTED_EDGE('',*,*,#2575,.F.);
#3253=ORIENTED_EDGE('',*,*,#2516,.T.);
#3254=ORIENTED_EDGE('',*,*,#2575,.T.);
#3255=ORIENTED_EDGE('',*,*,#2323,.F.);
#3256=ORIENTED_EDGE('',*,*,#2576,.F.);
#3257=ORIENTED_EDGE('',*,*,#2513,.T.);
#3258=ORIENTED_EDGE('',*,*,#2576,.T.);
#3259=ORIENTED_EDGE('',*,*,#2322,.F.);
#3260=ORIENTED_EDGE('',*,*,#2573,.F.);
#3261=ORIENTED_EDGE('',*,*,#2510,.T.);
#3262=ORIENTED_EDGE('',*,*,#2577,.T.);
#3263=ORIENTED_EDGE('',*,*,#2321,.F.);
#3264=ORIENTED_EDGE('',*,*,#2578,.F.);
#3265=ORIENTED_EDGE('',*,*,#2511,.T.);
#3266=ORIENTED_EDGE('',*,*,#2578,.T.);
#3267=ORIENTED_EDGE('',*,*,#2320,.F.);
#3268=ORIENTED_EDGE('',*,*,#2579,.F.);
#3269=ORIENTED_EDGE('',*,*,#2512,.T.);
#3270=ORIENTED_EDGE('',*,*,#2579,.T.);
#3271=ORIENTED_EDGE('',*,*,#2319,.F.);
#3272=ORIENTED_EDGE('',*,*,#2580,.F.);
#3273=ORIENTED_EDGE('',*,*,#2509,.T.);
#3274=ORIENTED_EDGE('',*,*,#2580,.T.);
#3275=ORIENTED_EDGE('',*,*,#2318,.F.);
#3276=ORIENTED_EDGE('',*,*,#2577,.F.);
#3277=ORIENTED_EDGE('',*,*,#2506,.T.);
#3278=ORIENTED_EDGE('',*,*,#2581,.T.);
#3279=ORIENTED_EDGE('',*,*,#2317,.F.);
#3280=ORIENTED_EDGE('',*,*,#2582,.F.);
#3281=ORIENTED_EDGE('',*,*,#2507,.T.);
#3282=ORIENTED_EDGE('',*,*,#2582,.T.);
#3283=ORIENTED_EDGE('',*,*,#2316,.F.);
#3284=ORIENTED_EDGE('',*,*,#2583,.F.);
#3285=ORIENTED_EDGE('',*,*,#2508,.T.);
#3286=ORIENTED_EDGE('',*,*,#2583,.T.);
#3287=ORIENTED_EDGE('',*,*,#2315,.F.);
#3288=ORIENTED_EDGE('',*,*,#2584,.F.);
#3289=ORIENTED_EDGE('',*,*,#2505,.T.);
#3290=ORIENTED_EDGE('',*,*,#2584,.T.);
#3291=ORIENTED_EDGE('',*,*,#2314,.F.);
#3292=ORIENTED_EDGE('',*,*,#2581,.F.);
#3293=ORIENTED_EDGE('',*,*,#2502,.T.);
#3294=ORIENTED_EDGE('',*,*,#2585,.T.);
#3295=ORIENTED_EDGE('',*,*,#2313,.F.);
#3296=ORIENTED_EDGE('',*,*,#2586,.F.);
#3297=ORIENTED_EDGE('',*,*,#2503,.T.);
#3298=ORIENTED_EDGE('',*,*,#2586,.T.);
#3299=ORIENTED_EDGE('',*,*,#2312,.F.);
#3300=ORIENTED_EDGE('',*,*,#2587,.F.);
#3301=ORIENTED_EDGE('',*,*,#2504,.T.);
#3302=ORIENTED_EDGE('',*,*,#2587,.T.);
#3303=ORIENTED_EDGE('',*,*,#2311,.F.);
#3304=ORIENTED_EDGE('',*,*,#2588,.F.);
#3305=ORIENTED_EDGE('',*,*,#2501,.T.);
#3306=ORIENTED_EDGE('',*,*,#2588,.T.);
#3307=ORIENTED_EDGE('',*,*,#2310,.F.);
#3308=ORIENTED_EDGE('',*,*,#2585,.F.);
#3309=ORIENTED_EDGE('',*,*,#2466,.F.);
#3310=ORIENTED_EDGE('',*,*,#2589,.T.);
#3311=ORIENTED_EDGE('',*,*,#2309,.F.);
#3312=ORIENTED_EDGE('',*,*,#2590,.F.);
#3313=ORIENTED_EDGE('',*,*,#2467,.F.);
#3314=ORIENTED_EDGE('',*,*,#2590,.T.);
#3315=ORIENTED_EDGE('',*,*,#2308,.F.);
#3316=ORIENTED_EDGE('',*,*,#2591,.F.);
#3317=ORIENTED_EDGE('',*,*,#2468,.F.);
#3318=ORIENTED_EDGE('',*,*,#2591,.T.);
#3319=ORIENTED_EDGE('',*,*,#2307,.F.);
#3320=ORIENTED_EDGE('',*,*,#2592,.F.);
#3321=ORIENTED_EDGE('',*,*,#2469,.F.);
#3322=ORIENTED_EDGE('',*,*,#2592,.T.);
#3323=ORIENTED_EDGE('',*,*,#2306,.F.);
#3324=ORIENTED_EDGE('',*,*,#2593,.F.);
#3325=ORIENTED_EDGE('',*,*,#2470,.F.);
#3326=ORIENTED_EDGE('',*,*,#2593,.T.);
#3327=ORIENTED_EDGE('',*,*,#2305,.F.);
#3328=ORIENTED_EDGE('',*,*,#2594,.F.);
#3329=ORIENTED_EDGE('',*,*,#2471,.F.);
#3330=ORIENTED_EDGE('',*,*,#2594,.T.);
#3331=ORIENTED_EDGE('',*,*,#2304,.F.);
#3332=ORIENTED_EDGE('',*,*,#2595,.F.);
#3333=ORIENTED_EDGE('',*,*,#2472,.F.);
#3334=ORIENTED_EDGE('',*,*,#2595,.T.);
#3335=ORIENTED_EDGE('',*,*,#2303,.F.);
#3336=ORIENTED_EDGE('',*,*,#2596,.F.);
#3337=ORIENTED_EDGE('',*,*,#2473,.F.);
#3338=ORIENTED_EDGE('',*,*,#2596,.T.);
#3339=ORIENTED_EDGE('',*,*,#2302,.F.);
#3340=ORIENTED_EDGE('',*,*,#2597,.F.);
#3341=ORIENTED_EDGE('',*,*,#2474,.F.);
#3342=ORIENTED_EDGE('',*,*,#2597,.T.);
#3343=ORIENTED_EDGE('',*,*,#2301,.F.);
#3344=ORIENTED_EDGE('',*,*,#2598,.F.);
#3345=ORIENTED_EDGE('',*,*,#2475,.F.);
#3346=ORIENTED_EDGE('',*,*,#2598,.T.);
#3347=ORIENTED_EDGE('',*,*,#2300,.F.);
#3348=ORIENTED_EDGE('',*,*,#2599,.F.);
#3349=ORIENTED_EDGE('',*,*,#2476,.F.);
#3350=ORIENTED_EDGE('',*,*,#2599,.T.);
#3351=ORIENTED_EDGE('',*,*,#2299,.F.);
#3352=ORIENTED_EDGE('',*,*,#2600,.F.);
#3353=ORIENTED_EDGE('',*,*,#2477,.F.);
#3354=ORIENTED_EDGE('',*,*,#2600,.T.);
#3355=ORIENTED_EDGE('',*,*,#2298,.F.);
#3356=ORIENTED_EDGE('',*,*,#2601,.F.);
#3357=ORIENTED_EDGE('',*,*,#2478,.F.);
#3358=ORIENTED_EDGE('',*,*,#2601,.T.);
#3359=ORIENTED_EDGE('',*,*,#2297,.F.);
#3360=ORIENTED_EDGE('',*,*,#2602,.F.);
#3361=ORIENTED_EDGE('',*,*,#2479,.F.);
#3362=ORIENTED_EDGE('',*,*,#2602,.T.);
#3363=ORIENTED_EDGE('',*,*,#2296,.F.);
#3364=ORIENTED_EDGE('',*,*,#2603,.F.);
#3365=ORIENTED_EDGE('',*,*,#2480,.F.);
#3366=ORIENTED_EDGE('',*,*,#2603,.T.);
#3367=ORIENTED_EDGE('',*,*,#2295,.F.);
#3368=ORIENTED_EDGE('',*,*,#2604,.F.);
#3369=ORIENTED_EDGE('',*,*,#2481,.F.);
#3370=ORIENTED_EDGE('',*,*,#2604,.T.);
#3371=ORIENTED_EDGE('',*,*,#2294,.F.);
#3372=ORIENTED_EDGE('',*,*,#2605,.F.);
#3373=ORIENTED_EDGE('',*,*,#2482,.F.);
#3374=ORIENTED_EDGE('',*,*,#2605,.T.);
#3375=ORIENTED_EDGE('',*,*,#2293,.F.);
#3376=ORIENTED_EDGE('',*,*,#2606,.F.);
#3377=ORIENTED_EDGE('',*,*,#2483,.F.);
#3378=ORIENTED_EDGE('',*,*,#2606,.T.);
#3379=ORIENTED_EDGE('',*,*,#2292,.F.);
#3380=ORIENTED_EDGE('',*,*,#2607,.F.);
#3381=ORIENTED_EDGE('',*,*,#2484,.F.);
#3382=ORIENTED_EDGE('',*,*,#2607,.T.);
#3383=ORIENTED_EDGE('',*,*,#2291,.F.);
#3384=ORIENTED_EDGE('',*,*,#2608,.F.);
#3385=ORIENTED_EDGE('',*,*,#2485,.F.);
#3386=ORIENTED_EDGE('',*,*,#2608,.T.);
#3387=ORIENTED_EDGE('',*,*,#2290,.F.);
#3388=ORIENTED_EDGE('',*,*,#2609,.F.);
#3389=ORIENTED_EDGE('',*,*,#2486,.F.);
#3390=ORIENTED_EDGE('',*,*,#2609,.T.);
#3391=ORIENTED_EDGE('',*,*,#2289,.F.);
#3392=ORIENTED_EDGE('',*,*,#2610,.F.);
#3393=ORIENTED_EDGE('',*,*,#2487,.F.);
#3394=ORIENTED_EDGE('',*,*,#2610,.T.);
#3395=ORIENTED_EDGE('',*,*,#2288,.F.);
#3396=ORIENTED_EDGE('',*,*,#2611,.F.);
#3397=ORIENTED_EDGE('',*,*,#2488,.F.);
#3398=ORIENTED_EDGE('',*,*,#2611,.T.);
#3399=ORIENTED_EDGE('',*,*,#2287,.F.);
#3400=ORIENTED_EDGE('',*,*,#2612,.F.);
#3401=ORIENTED_EDGE('',*,*,#2489,.F.);
#3402=ORIENTED_EDGE('',*,*,#2612,.T.);
#3403=ORIENTED_EDGE('',*,*,#2286,.F.);
#3404=ORIENTED_EDGE('',*,*,#2613,.F.);
#3405=ORIENTED_EDGE('',*,*,#2490,.F.);
#3406=ORIENTED_EDGE('',*,*,#2613,.T.);
#3407=ORIENTED_EDGE('',*,*,#2285,.F.);
#3408=ORIENTED_EDGE('',*,*,#2614,.F.);
#3409=ORIENTED_EDGE('',*,*,#2491,.F.);
#3410=ORIENTED_EDGE('',*,*,#2614,.T.);
#3411=ORIENTED_EDGE('',*,*,#2284,.F.);
#3412=ORIENTED_EDGE('',*,*,#2615,.F.);
#3413=ORIENTED_EDGE('',*,*,#2492,.F.);
#3414=ORIENTED_EDGE('',*,*,#2615,.T.);
#3415=ORIENTED_EDGE('',*,*,#2283,.F.);
#3416=ORIENTED_EDGE('',*,*,#2616,.F.);
#3417=ORIENTED_EDGE('',*,*,#2493,.F.);
#3418=ORIENTED_EDGE('',*,*,#2616,.T.);
#3419=ORIENTED_EDGE('',*,*,#2282,.F.);
#3420=ORIENTED_EDGE('',*,*,#2617,.F.);
#3421=ORIENTED_EDGE('',*,*,#2494,.F.);
#3422=ORIENTED_EDGE('',*,*,#2617,.T.);
#3423=ORIENTED_EDGE('',*,*,#2281,.F.);
#3424=ORIENTED_EDGE('',*,*,#2618,.F.);
#3425=ORIENTED_EDGE('',*,*,#2495,.F.);
#3426=ORIENTED_EDGE('',*,*,#2618,.T.);
#3427=ORIENTED_EDGE('',*,*,#2280,.F.);
#3428=ORIENTED_EDGE('',*,*,#2619,.F.);
#3429=ORIENTED_EDGE('',*,*,#2496,.F.);
#3430=ORIENTED_EDGE('',*,*,#2619,.T.);
#3431=ORIENTED_EDGE('',*,*,#2279,.F.);
#3432=ORIENTED_EDGE('',*,*,#2620,.F.);
#3433=ORIENTED_EDGE('',*,*,#2497,.F.);
#3434=ORIENTED_EDGE('',*,*,#2620,.T.);
#3435=ORIENTED_EDGE('',*,*,#2278,.F.);
#3436=ORIENTED_EDGE('',*,*,#2621,.F.);
#3437=ORIENTED_EDGE('',*,*,#2498,.F.);
#3438=ORIENTED_EDGE('',*,*,#2621,.T.);
#3439=ORIENTED_EDGE('',*,*,#2277,.F.);
#3440=ORIENTED_EDGE('',*,*,#2622,.F.);
#3441=ORIENTED_EDGE('',*,*,#2499,.F.);
#3442=ORIENTED_EDGE('',*,*,#2622,.T.);
#3443=ORIENTED_EDGE('',*,*,#2276,.F.);
#3444=ORIENTED_EDGE('',*,*,#2623,.F.);
#3445=ORIENTED_EDGE('',*,*,#2500,.F.);
#3446=ORIENTED_EDGE('',*,*,#2623,.T.);
#3447=ORIENTED_EDGE('',*,*,#2275,.F.);
#3448=ORIENTED_EDGE('',*,*,#2624,.F.);
#3449=ORIENTED_EDGE('',*,*,#2465,.F.);
#3450=ORIENTED_EDGE('',*,*,#2624,.T.);
#3451=ORIENTED_EDGE('',*,*,#2274,.F.);
#3452=ORIENTED_EDGE('',*,*,#2589,.F.);
#3453=ORIENTED_EDGE('',*,*,#2462,.T.);
#3454=ORIENTED_EDGE('',*,*,#2625,.T.);
#3455=ORIENTED_EDGE('',*,*,#2273,.F.);
#3456=ORIENTED_EDGE('',*,*,#2626,.F.);
#3457=ORIENTED_EDGE('',*,*,#2463,.T.);
#3458=ORIENTED_EDGE('',*,*,#2626,.T.);
#3459=ORIENTED_EDGE('',*,*,#2272,.F.);
#3460=ORIENTED_EDGE('',*,*,#2627,.F.);
#3461=ORIENTED_EDGE('',*,*,#2464,.T.);
#3462=ORIENTED_EDGE('',*,*,#2627,.T.);
#3463=ORIENTED_EDGE('',*,*,#2271,.F.);
#3464=ORIENTED_EDGE('',*,*,#2628,.F.);
#3465=ORIENTED_EDGE('',*,*,#2461,.T.);
#3466=ORIENTED_EDGE('',*,*,#2628,.T.);
#3467=ORIENTED_EDGE('',*,*,#2270,.F.);
#3468=ORIENTED_EDGE('',*,*,#2625,.F.);
#3469=ORIENTED_EDGE('',*,*,#2458,.T.);
#3470=ORIENTED_EDGE('',*,*,#2629,.T.);
#3471=ORIENTED_EDGE('',*,*,#2269,.F.);
#3472=ORIENTED_EDGE('',*,*,#2630,.F.);
#3473=ORIENTED_EDGE('',*,*,#2459,.T.);
#3474=ORIENTED_EDGE('',*,*,#2630,.T.);
#3475=ORIENTED_EDGE('',*,*,#2268,.F.);
#3476=ORIENTED_EDGE('',*,*,#2631,.F.);
#3477=ORIENTED_EDGE('',*,*,#2460,.T.);
#3478=ORIENTED_EDGE('',*,*,#2631,.T.);
#3479=ORIENTED_EDGE('',*,*,#2267,.F.);
#3480=ORIENTED_EDGE('',*,*,#2632,.F.);
#3481=ORIENTED_EDGE('',*,*,#2457,.T.);
#3482=ORIENTED_EDGE('',*,*,#2632,.T.);
#3483=ORIENTED_EDGE('',*,*,#2266,.F.);
#3484=ORIENTED_EDGE('',*,*,#2629,.F.);
#3485=ORIENTED_EDGE('',*,*,#2454,.T.);
#3486=ORIENTED_EDGE('',*,*,#2633,.T.);
#3487=ORIENTED_EDGE('',*,*,#2265,.F.);
#3488=ORIENTED_EDGE('',*,*,#2634,.F.);
#3489=ORIENTED_EDGE('',*,*,#2455,.T.);
#3490=ORIENTED_EDGE('',*,*,#2634,.T.);
#3491=ORIENTED_EDGE('',*,*,#2264,.F.);
#3492=ORIENTED_EDGE('',*,*,#2635,.F.);
#3493=ORIENTED_EDGE('',*,*,#2456,.T.);
#3494=ORIENTED_EDGE('',*,*,#2635,.T.);
#3495=ORIENTED_EDGE('',*,*,#2263,.F.);
#3496=ORIENTED_EDGE('',*,*,#2636,.F.);
#3497=ORIENTED_EDGE('',*,*,#2453,.T.);
#3498=ORIENTED_EDGE('',*,*,#2636,.T.);
#3499=ORIENTED_EDGE('',*,*,#2262,.F.);
#3500=ORIENTED_EDGE('',*,*,#2633,.F.);
#3501=ORIENTED_EDGE('',*,*,#2450,.T.);
#3502=ORIENTED_EDGE('',*,*,#2637,.T.);
#3503=ORIENTED_EDGE('',*,*,#2261,.F.);
#3504=ORIENTED_EDGE('',*,*,#2638,.F.);
#3505=ORIENTED_EDGE('',*,*,#2451,.T.);
#3506=ORIENTED_EDGE('',*,*,#2638,.T.);
#3507=ORIENTED_EDGE('',*,*,#2260,.F.);
#3508=ORIENTED_EDGE('',*,*,#2639,.F.);
#3509=ORIENTED_EDGE('',*,*,#2452,.T.);
#3510=ORIENTED_EDGE('',*,*,#2639,.T.);
#3511=ORIENTED_EDGE('',*,*,#2259,.F.);
#3512=ORIENTED_EDGE('',*,*,#2640,.F.);
#3513=ORIENTED_EDGE('',*,*,#2449,.T.);
#3514=ORIENTED_EDGE('',*,*,#2640,.T.);
#3515=ORIENTED_EDGE('',*,*,#2258,.F.);
#3516=ORIENTED_EDGE('',*,*,#2637,.F.);
#3517=ORIENTED_EDGE('',*,*,#2446,.T.);
#3518=ORIENTED_EDGE('',*,*,#2641,.T.);
#3519=ORIENTED_EDGE('',*,*,#2257,.F.);
#3520=ORIENTED_EDGE('',*,*,#2642,.F.);
#3521=ORIENTED_EDGE('',*,*,#2447,.T.);
#3522=ORIENTED_EDGE('',*,*,#2642,.T.);
#3523=ORIENTED_EDGE('',*,*,#2256,.F.);
#3524=ORIENTED_EDGE('',*,*,#2643,.F.);
#3525=ORIENTED_EDGE('',*,*,#2448,.T.);
#3526=ORIENTED_EDGE('',*,*,#2643,.T.);
#3527=ORIENTED_EDGE('',*,*,#2255,.F.);
#3528=ORIENTED_EDGE('',*,*,#2644,.F.);
#3529=ORIENTED_EDGE('',*,*,#2445,.T.);
#3530=ORIENTED_EDGE('',*,*,#2644,.T.);
#3531=ORIENTED_EDGE('',*,*,#2254,.F.);
#3532=ORIENTED_EDGE('',*,*,#2641,.F.);
#3533=ORIENTED_EDGE('',*,*,#2442,.T.);
#3534=ORIENTED_EDGE('',*,*,#2645,.T.);
#3535=ORIENTED_EDGE('',*,*,#2253,.F.);
#3536=ORIENTED_EDGE('',*,*,#2646,.F.);
#3537=ORIENTED_EDGE('',*,*,#2443,.T.);
#3538=ORIENTED_EDGE('',*,*,#2646,.T.);
#3539=ORIENTED_EDGE('',*,*,#2252,.F.);
#3540=ORIENTED_EDGE('',*,*,#2647,.F.);
#3541=ORIENTED_EDGE('',*,*,#2444,.T.);
#3542=ORIENTED_EDGE('',*,*,#2647,.T.);
#3543=ORIENTED_EDGE('',*,*,#2251,.F.);
#3544=ORIENTED_EDGE('',*,*,#2648,.F.);
#3545=ORIENTED_EDGE('',*,*,#2441,.T.);
#3546=ORIENTED_EDGE('',*,*,#2648,.T.);
#3547=ORIENTED_EDGE('',*,*,#2250,.F.);
#3548=ORIENTED_EDGE('',*,*,#2645,.F.);
#3549=ORIENTED_EDGE('',*,*,#2406,.F.);
#3550=ORIENTED_EDGE('',*,*,#2649,.T.);
#3551=ORIENTED_EDGE('',*,*,#2249,.F.);
#3552=ORIENTED_EDGE('',*,*,#2650,.F.);
#3553=ORIENTED_EDGE('',*,*,#2407,.F.);
#3554=ORIENTED_EDGE('',*,*,#2650,.T.);
#3555=ORIENTED_EDGE('',*,*,#2248,.F.);
#3556=ORIENTED_EDGE('',*,*,#2651,.F.);
#3557=ORIENTED_EDGE('',*,*,#2408,.F.);
#3558=ORIENTED_EDGE('',*,*,#2651,.T.);
#3559=ORIENTED_EDGE('',*,*,#2247,.F.);
#3560=ORIENTED_EDGE('',*,*,#2652,.F.);
#3561=ORIENTED_EDGE('',*,*,#2409,.F.);
#3562=ORIENTED_EDGE('',*,*,#2652,.T.);
#3563=ORIENTED_EDGE('',*,*,#2246,.F.);
#3564=ORIENTED_EDGE('',*,*,#2653,.F.);
#3565=ORIENTED_EDGE('',*,*,#2410,.F.);
#3566=ORIENTED_EDGE('',*,*,#2653,.T.);
#3567=ORIENTED_EDGE('',*,*,#2245,.F.);
#3568=ORIENTED_EDGE('',*,*,#2654,.F.);
#3569=ORIENTED_EDGE('',*,*,#2411,.F.);
#3570=ORIENTED_EDGE('',*,*,#2654,.T.);
#3571=ORIENTED_EDGE('',*,*,#2244,.F.);
#3572=ORIENTED_EDGE('',*,*,#2655,.F.);
#3573=ORIENTED_EDGE('',*,*,#2412,.F.);
#3574=ORIENTED_EDGE('',*,*,#2655,.T.);
#3575=ORIENTED_EDGE('',*,*,#2243,.F.);
#3576=ORIENTED_EDGE('',*,*,#2656,.F.);
#3577=ORIENTED_EDGE('',*,*,#2413,.F.);
#3578=ORIENTED_EDGE('',*,*,#2656,.T.);
#3579=ORIENTED_EDGE('',*,*,#2242,.F.);
#3580=ORIENTED_EDGE('',*,*,#2657,.F.);
#3581=ORIENTED_EDGE('',*,*,#2414,.F.);
#3582=ORIENTED_EDGE('',*,*,#2657,.T.);
#3583=ORIENTED_EDGE('',*,*,#2241,.F.);
#3584=ORIENTED_EDGE('',*,*,#2658,.F.);
#3585=ORIENTED_EDGE('',*,*,#2415,.F.);
#3586=ORIENTED_EDGE('',*,*,#2658,.T.);
#3587=ORIENTED_EDGE('',*,*,#2240,.F.);
#3588=ORIENTED_EDGE('',*,*,#2659,.F.);
#3589=ORIENTED_EDGE('',*,*,#2416,.F.);
#3590=ORIENTED_EDGE('',*,*,#2659,.T.);
#3591=ORIENTED_EDGE('',*,*,#2239,.F.);
#3592=ORIENTED_EDGE('',*,*,#2660,.F.);
#3593=ORIENTED_EDGE('',*,*,#2417,.F.);
#3594=ORIENTED_EDGE('',*,*,#2660,.T.);
#3595=ORIENTED_EDGE('',*,*,#2238,.F.);
#3596=ORIENTED_EDGE('',*,*,#2661,.F.);
#3597=ORIENTED_EDGE('',*,*,#2418,.F.);
#3598=ORIENTED_EDGE('',*,*,#2661,.T.);
#3599=ORIENTED_EDGE('',*,*,#2237,.F.);
#3600=ORIENTED_EDGE('',*,*,#2662,.F.);
#3601=ORIENTED_EDGE('',*,*,#2419,.F.);
#3602=ORIENTED_EDGE('',*,*,#2662,.T.);
#3603=ORIENTED_EDGE('',*,*,#2236,.F.);
#3604=ORIENTED_EDGE('',*,*,#2663,.F.);
#3605=ORIENTED_EDGE('',*,*,#2420,.F.);
#3606=ORIENTED_EDGE('',*,*,#2663,.T.);
#3607=ORIENTED_EDGE('',*,*,#2235,.F.);
#3608=ORIENTED_EDGE('',*,*,#2664,.F.);
#3609=ORIENTED_EDGE('',*,*,#2421,.F.);
#3610=ORIENTED_EDGE('',*,*,#2664,.T.);
#3611=ORIENTED_EDGE('',*,*,#2234,.F.);
#3612=ORIENTED_EDGE('',*,*,#2665,.F.);
#3613=ORIENTED_EDGE('',*,*,#2422,.F.);
#3614=ORIENTED_EDGE('',*,*,#2665,.T.);
#3615=ORIENTED_EDGE('',*,*,#2233,.F.);
#3616=ORIENTED_EDGE('',*,*,#2666,.F.);
#3617=ORIENTED_EDGE('',*,*,#2423,.F.);
#3618=ORIENTED_EDGE('',*,*,#2666,.T.);
#3619=ORIENTED_EDGE('',*,*,#2232,.F.);
#3620=ORIENTED_EDGE('',*,*,#2667,.F.);
#3621=ORIENTED_EDGE('',*,*,#2424,.F.);
#3622=ORIENTED_EDGE('',*,*,#2667,.T.);
#3623=ORIENTED_EDGE('',*,*,#2231,.F.);
#3624=ORIENTED_EDGE('',*,*,#2668,.F.);
#3625=ORIENTED_EDGE('',*,*,#2425,.F.);
#3626=ORIENTED_EDGE('',*,*,#2668,.T.);
#3627=ORIENTED_EDGE('',*,*,#2230,.F.);
#3628=ORIENTED_EDGE('',*,*,#2669,.F.);
#3629=ORIENTED_EDGE('',*,*,#2426,.F.);
#3630=ORIENTED_EDGE('',*,*,#2669,.T.);
#3631=ORIENTED_EDGE('',*,*,#2229,.F.);
#3632=ORIENTED_EDGE('',*,*,#2670,.F.);
#3633=ORIENTED_EDGE('',*,*,#2427,.F.);
#3634=ORIENTED_EDGE('',*,*,#2670,.T.);
#3635=ORIENTED_EDGE('',*,*,#2228,.F.);
#3636=ORIENTED_EDGE('',*,*,#2671,.F.);
#3637=ORIENTED_EDGE('',*,*,#2428,.F.);
#3638=ORIENTED_EDGE('',*,*,#2671,.T.);
#3639=ORIENTED_EDGE('',*,*,#2227,.F.);
#3640=ORIENTED_EDGE('',*,*,#2672,.F.);
#3641=ORIENTED_EDGE('',*,*,#2429,.F.);
#3642=ORIENTED_EDGE('',*,*,#2672,.T.);
#3643=ORIENTED_EDGE('',*,*,#2226,.F.);
#3644=ORIENTED_EDGE('',*,*,#2673,.F.);
#3645=ORIENTED_EDGE('',*,*,#2430,.F.);
#3646=ORIENTED_EDGE('',*,*,#2673,.T.);
#3647=ORIENTED_EDGE('',*,*,#2225,.F.);
#3648=ORIENTED_EDGE('',*,*,#2674,.F.);
#3649=ORIENTED_EDGE('',*,*,#2431,.F.);
#3650=ORIENTED_EDGE('',*,*,#2674,.T.);
#3651=ORIENTED_EDGE('',*,*,#2224,.F.);
#3652=ORIENTED_EDGE('',*,*,#2675,.F.);
#3653=ORIENTED_EDGE('',*,*,#2432,.F.);
#3654=ORIENTED_EDGE('',*,*,#2675,.T.);
#3655=ORIENTED_EDGE('',*,*,#2223,.F.);
#3656=ORIENTED_EDGE('',*,*,#2676,.F.);
#3657=ORIENTED_EDGE('',*,*,#2433,.F.);
#3658=ORIENTED_EDGE('',*,*,#2676,.T.);
#3659=ORIENTED_EDGE('',*,*,#2222,.F.);
#3660=ORIENTED_EDGE('',*,*,#2677,.F.);
#3661=ORIENTED_EDGE('',*,*,#2434,.F.);
#3662=ORIENTED_EDGE('',*,*,#2677,.T.);
#3663=ORIENTED_EDGE('',*,*,#2221,.F.);
#3664=ORIENTED_EDGE('',*,*,#2678,.F.);
#3665=ORIENTED_EDGE('',*,*,#2435,.F.);
#3666=ORIENTED_EDGE('',*,*,#2678,.T.);
#3667=ORIENTED_EDGE('',*,*,#2220,.F.);
#3668=ORIENTED_EDGE('',*,*,#2679,.F.);
#3669=ORIENTED_EDGE('',*,*,#2436,.F.);
#3670=ORIENTED_EDGE('',*,*,#2679,.T.);
#3671=ORIENTED_EDGE('',*,*,#2219,.F.);
#3672=ORIENTED_EDGE('',*,*,#2680,.F.);
#3673=ORIENTED_EDGE('',*,*,#2437,.F.);
#3674=ORIENTED_EDGE('',*,*,#2680,.T.);
#3675=ORIENTED_EDGE('',*,*,#2218,.F.);
#3676=ORIENTED_EDGE('',*,*,#2681,.F.);
#3677=ORIENTED_EDGE('',*,*,#2438,.F.);
#3678=ORIENTED_EDGE('',*,*,#2681,.T.);
#3679=ORIENTED_EDGE('',*,*,#2217,.F.);
#3680=ORIENTED_EDGE('',*,*,#2682,.F.);
#3681=ORIENTED_EDGE('',*,*,#2439,.F.);
#3682=ORIENTED_EDGE('',*,*,#2682,.T.);
#3683=ORIENTED_EDGE('',*,*,#2216,.F.);
#3684=ORIENTED_EDGE('',*,*,#2683,.F.);
#3685=ORIENTED_EDGE('',*,*,#2440,.F.);
#3686=ORIENTED_EDGE('',*,*,#2683,.T.);
#3687=ORIENTED_EDGE('',*,*,#2215,.F.);
#3688=ORIENTED_EDGE('',*,*,#2684,.F.);
#3689=ORIENTED_EDGE('',*,*,#2405,.F.);
#3690=ORIENTED_EDGE('',*,*,#2684,.T.);
#3691=ORIENTED_EDGE('',*,*,#2214,.F.);
#3692=ORIENTED_EDGE('',*,*,#2649,.F.);
#3693=ORIENTED_EDGE('',*,*,#2402,.T.);
#3694=ORIENTED_EDGE('',*,*,#2685,.T.);
#3695=ORIENTED_EDGE('',*,*,#2213,.F.);
#3696=ORIENTED_EDGE('',*,*,#2686,.F.);
#3697=ORIENTED_EDGE('',*,*,#2403,.T.);
#3698=ORIENTED_EDGE('',*,*,#2686,.T.);
#3699=ORIENTED_EDGE('',*,*,#2212,.F.);
#3700=ORIENTED_EDGE('',*,*,#2687,.F.);
#3701=ORIENTED_EDGE('',*,*,#2404,.T.);
#3702=ORIENTED_EDGE('',*,*,#2687,.T.);
#3703=ORIENTED_EDGE('',*,*,#2211,.F.);
#3704=ORIENTED_EDGE('',*,*,#2688,.F.);
#3705=ORIENTED_EDGE('',*,*,#2401,.T.);
#3706=ORIENTED_EDGE('',*,*,#2688,.T.);
#3707=ORIENTED_EDGE('',*,*,#2210,.F.);
#3708=ORIENTED_EDGE('',*,*,#2685,.F.);
#3709=ORIENTED_EDGE('',*,*,#2366,.F.);
#3710=ORIENTED_EDGE('',*,*,#2689,.T.);
#3711=ORIENTED_EDGE('',*,*,#2209,.F.);
#3712=ORIENTED_EDGE('',*,*,#2690,.F.);
#3713=ORIENTED_EDGE('',*,*,#2367,.F.);
#3714=ORIENTED_EDGE('',*,*,#2690,.T.);
#3715=ORIENTED_EDGE('',*,*,#2208,.F.);
#3716=ORIENTED_EDGE('',*,*,#2691,.F.);
#3717=ORIENTED_EDGE('',*,*,#2368,.F.);
#3718=ORIENTED_EDGE('',*,*,#2691,.T.);
#3719=ORIENTED_EDGE('',*,*,#2207,.F.);
#3720=ORIENTED_EDGE('',*,*,#2692,.F.);
#3721=ORIENTED_EDGE('',*,*,#2369,.F.);
#3722=ORIENTED_EDGE('',*,*,#2692,.T.);
#3723=ORIENTED_EDGE('',*,*,#2206,.F.);
#3724=ORIENTED_EDGE('',*,*,#2693,.F.);
#3725=ORIENTED_EDGE('',*,*,#2370,.F.);
#3726=ORIENTED_EDGE('',*,*,#2693,.T.);
#3727=ORIENTED_EDGE('',*,*,#2205,.F.);
#3728=ORIENTED_EDGE('',*,*,#2694,.F.);
#3729=ORIENTED_EDGE('',*,*,#2371,.F.);
#3730=ORIENTED_EDGE('',*,*,#2694,.T.);
#3731=ORIENTED_EDGE('',*,*,#2204,.F.);
#3732=ORIENTED_EDGE('',*,*,#2695,.F.);
#3733=ORIENTED_EDGE('',*,*,#2372,.F.);
#3734=ORIENTED_EDGE('',*,*,#2695,.T.);
#3735=ORIENTED_EDGE('',*,*,#2203,.F.);
#3736=ORIENTED_EDGE('',*,*,#2696,.F.);
#3737=ORIENTED_EDGE('',*,*,#2373,.F.);
#3738=ORIENTED_EDGE('',*,*,#2696,.T.);
#3739=ORIENTED_EDGE('',*,*,#2202,.F.);
#3740=ORIENTED_EDGE('',*,*,#2697,.F.);
#3741=ORIENTED_EDGE('',*,*,#2374,.F.);
#3742=ORIENTED_EDGE('',*,*,#2697,.T.);
#3743=ORIENTED_EDGE('',*,*,#2201,.F.);
#3744=ORIENTED_EDGE('',*,*,#2698,.F.);
#3745=ORIENTED_EDGE('',*,*,#2375,.F.);
#3746=ORIENTED_EDGE('',*,*,#2698,.T.);
#3747=ORIENTED_EDGE('',*,*,#2200,.F.);
#3748=ORIENTED_EDGE('',*,*,#2699,.F.);
#3749=ORIENTED_EDGE('',*,*,#2376,.F.);
#3750=ORIENTED_EDGE('',*,*,#2699,.T.);
#3751=ORIENTED_EDGE('',*,*,#2199,.F.);
#3752=ORIENTED_EDGE('',*,*,#2700,.F.);
#3753=ORIENTED_EDGE('',*,*,#2377,.F.);
#3754=ORIENTED_EDGE('',*,*,#2700,.T.);
#3755=ORIENTED_EDGE('',*,*,#2198,.F.);
#3756=ORIENTED_EDGE('',*,*,#2701,.F.);
#3757=ORIENTED_EDGE('',*,*,#2378,.F.);
#3758=ORIENTED_EDGE('',*,*,#2701,.T.);
#3759=ORIENTED_EDGE('',*,*,#2197,.F.);
#3760=ORIENTED_EDGE('',*,*,#2702,.F.);
#3761=ORIENTED_EDGE('',*,*,#2379,.F.);
#3762=ORIENTED_EDGE('',*,*,#2702,.T.);
#3763=ORIENTED_EDGE('',*,*,#2196,.F.);
#3764=ORIENTED_EDGE('',*,*,#2703,.F.);
#3765=ORIENTED_EDGE('',*,*,#2380,.F.);
#3766=ORIENTED_EDGE('',*,*,#2703,.T.);
#3767=ORIENTED_EDGE('',*,*,#2195,.F.);
#3768=ORIENTED_EDGE('',*,*,#2704,.F.);
#3769=ORIENTED_EDGE('',*,*,#2381,.F.);
#3770=ORIENTED_EDGE('',*,*,#2704,.T.);
#3771=ORIENTED_EDGE('',*,*,#2194,.F.);
#3772=ORIENTED_EDGE('',*,*,#2705,.F.);
#3773=ORIENTED_EDGE('',*,*,#2382,.F.);
#3774=ORIENTED_EDGE('',*,*,#2705,.T.);
#3775=ORIENTED_EDGE('',*,*,#2193,.F.);
#3776=ORIENTED_EDGE('',*,*,#2706,.F.);
#3777=ORIENTED_EDGE('',*,*,#2383,.F.);
#3778=ORIENTED_EDGE('',*,*,#2706,.T.);
#3779=ORIENTED_EDGE('',*,*,#2192,.F.);
#3780=ORIENTED_EDGE('',*,*,#2707,.F.);
#3781=ORIENTED_EDGE('',*,*,#2384,.F.);
#3782=ORIENTED_EDGE('',*,*,#2707,.T.);
#3783=ORIENTED_EDGE('',*,*,#2191,.F.);
#3784=ORIENTED_EDGE('',*,*,#2708,.F.);
#3785=ORIENTED_EDGE('',*,*,#2385,.F.);
#3786=ORIENTED_EDGE('',*,*,#2708,.T.);
#3787=ORIENTED_EDGE('',*,*,#2190,.F.);
#3788=ORIENTED_EDGE('',*,*,#2709,.F.);
#3789=ORIENTED_EDGE('',*,*,#2386,.F.);
#3790=ORIENTED_EDGE('',*,*,#2709,.T.);
#3791=ORIENTED_EDGE('',*,*,#2189,.F.);
#3792=ORIENTED_EDGE('',*,*,#2710,.F.);
#3793=ORIENTED_EDGE('',*,*,#2387,.F.);
#3794=ORIENTED_EDGE('',*,*,#2710,.T.);
#3795=ORIENTED_EDGE('',*,*,#2188,.F.);
#3796=ORIENTED_EDGE('',*,*,#2711,.F.);
#3797=ORIENTED_EDGE('',*,*,#2388,.F.);
#3798=ORIENTED_EDGE('',*,*,#2711,.T.);
#3799=ORIENTED_EDGE('',*,*,#2187,.F.);
#3800=ORIENTED_EDGE('',*,*,#2712,.F.);
#3801=ORIENTED_EDGE('',*,*,#2389,.F.);
#3802=ORIENTED_EDGE('',*,*,#2712,.T.);
#3803=ORIENTED_EDGE('',*,*,#2186,.F.);
#3804=ORIENTED_EDGE('',*,*,#2713,.F.);
#3805=ORIENTED_EDGE('',*,*,#2390,.F.);
#3806=ORIENTED_EDGE('',*,*,#2713,.T.);
#3807=ORIENTED_EDGE('',*,*,#2185,.F.);
#3808=ORIENTED_EDGE('',*,*,#2714,.F.);
#3809=ORIENTED_EDGE('',*,*,#2391,.F.);
#3810=ORIENTED_EDGE('',*,*,#2714,.T.);
#3811=ORIENTED_EDGE('',*,*,#2184,.F.);
#3812=ORIENTED_EDGE('',*,*,#2715,.F.);
#3813=ORIENTED_EDGE('',*,*,#2392,.F.);
#3814=ORIENTED_EDGE('',*,*,#2715,.T.);
#3815=ORIENTED_EDGE('',*,*,#2183,.F.);
#3816=ORIENTED_EDGE('',*,*,#2716,.F.);
#3817=ORIENTED_EDGE('',*,*,#2393,.F.);
#3818=ORIENTED_EDGE('',*,*,#2716,.T.);
#3819=ORIENTED_EDGE('',*,*,#2182,.F.);
#3820=ORIENTED_EDGE('',*,*,#2717,.F.);
#3821=ORIENTED_EDGE('',*,*,#2394,.F.);
#3822=ORIENTED_EDGE('',*,*,#2717,.T.);
#3823=ORIENTED_EDGE('',*,*,#2181,.F.);
#3824=ORIENTED_EDGE('',*,*,#2718,.F.);
#3825=ORIENTED_EDGE('',*,*,#2395,.F.);
#3826=ORIENTED_EDGE('',*,*,#2718,.T.);
#3827=ORIENTED_EDGE('',*,*,#2180,.F.);
#3828=ORIENTED_EDGE('',*,*,#2719,.F.);
#3829=ORIENTED_EDGE('',*,*,#2396,.F.);
#3830=ORIENTED_EDGE('',*,*,#2719,.T.);
#3831=ORIENTED_EDGE('',*,*,#2179,.F.);
#3832=ORIENTED_EDGE('',*,*,#2720,.F.);
#3833=ORIENTED_EDGE('',*,*,#2397,.F.);
#3834=ORIENTED_EDGE('',*,*,#2720,.T.);
#3835=ORIENTED_EDGE('',*,*,#2178,.F.);
#3836=ORIENTED_EDGE('',*,*,#2721,.F.);
#3837=ORIENTED_EDGE('',*,*,#2398,.F.);
#3838=ORIENTED_EDGE('',*,*,#2721,.T.);
#3839=ORIENTED_EDGE('',*,*,#2177,.F.);
#3840=ORIENTED_EDGE('',*,*,#2722,.F.);
#3841=ORIENTED_EDGE('',*,*,#2399,.F.);
#3842=ORIENTED_EDGE('',*,*,#2722,.T.);
#3843=ORIENTED_EDGE('',*,*,#2176,.F.);
#3844=ORIENTED_EDGE('',*,*,#2723,.F.);
#3845=ORIENTED_EDGE('',*,*,#2400,.F.);
#3846=ORIENTED_EDGE('',*,*,#2723,.T.);
#3847=ORIENTED_EDGE('',*,*,#2175,.F.);
#3848=ORIENTED_EDGE('',*,*,#2724,.F.);
#3849=ORIENTED_EDGE('',*,*,#2365,.F.);
#3850=ORIENTED_EDGE('',*,*,#2724,.T.);
#3851=ORIENTED_EDGE('',*,*,#2174,.F.);
#3852=ORIENTED_EDGE('',*,*,#2689,.F.);
#3853=CYLINDRICAL_SURFACE('',#4061,2.);
#3854=CYLINDRICAL_SURFACE('',#4069,2.);
#3855=CYLINDRICAL_SURFACE('',#4072,2.);
#3856=CYLINDRICAL_SURFACE('',#4075,2.);
#3857=ADVANCED_FACE('',(#243),#3853,.T.);
#3858=ADVANCED_FACE('',(#244),#57,.T.);
#3859=ADVANCED_FACE('',(#245,#15,#16,#17,#18,#19,#20,#21,#22,#23,#24,#25,
#26,#27,#28,#29,#30,#31,#32,#33,#34,#35),#58,.T.);
#3860=ADVANCED_FACE('',(#246),#3854,.T.);
#3861=ADVANCED_FACE('',(#247),#59,.T.);
#3862=ADVANCED_FACE('',(#248),#3855,.T.);
#3863=ADVANCED_FACE('',(#249),#60,.T.);
#3864=ADVANCED_FACE('',(#250),#3856,.T.);
#3865=ADVANCED_FACE('',(#251),#61,.T.);
#3866=ADVANCED_FACE('',(#252,#36,#37,#38,#39,#40,#41,#42,#43,#44,#45,#46,
#47,#48,#49,#50,#51,#52,#53,#54,#55,#56),#62,.F.);
#3867=ADVANCED_FACE('',(#253),#63,.T.);
#3868=ADVANCED_FACE('',(#254),#64,.T.);
#3869=ADVANCED_FACE('',(#255),#65,.T.);
#3870=ADVANCED_FACE('',(#256),#66,.T.);
#3871=ADVANCED_FACE('',(#257),#67,.T.);
#3872=ADVANCED_FACE('',(#258),#68,.T.);
#3873=ADVANCED_FACE('',(#259),#69,.T.);
#3874=ADVANCED_FACE('',(#260),#70,.T.);
#3875=ADVANCED_FACE('',(#261),#71,.T.);
#3876=ADVANCED_FACE('',(#262),#72,.T.);
#3877=ADVANCED_FACE('',(#263),#73,.T.);
#3878=ADVANCED_FACE('',(#264),#74,.T.);
#3879=ADVANCED_FACE('',(#265),#75,.T.);
#3880=ADVANCED_FACE('',(#266),#76,.T.);
#3881=ADVANCED_FACE('',(#267),#77,.T.);
#3882=ADVANCED_FACE('',(#268),#78,.T.);
#3883=ADVANCED_FACE('',(#269),#79,.T.);
#3884=ADVANCED_FACE('',(#270),#80,.T.);
#3885=ADVANCED_FACE('',(#271),#81,.T.);
#3886=ADVANCED_FACE('',(#272),#82,.T.);
#3887=ADVANCED_FACE('',(#273),#83,.T.);
#3888=ADVANCED_FACE('',(#274),#84,.T.);
#3889=ADVANCED_FACE('',(#275),#85,.T.);
#3890=ADVANCED_FACE('',(#276),#86,.T.);
#3891=ADVANCED_FACE('',(#277),#87,.T.);
#3892=ADVANCED_FACE('',(#278),#88,.T.);
#3893=ADVANCED_FACE('',(#279),#89,.T.);
#3894=ADVANCED_FACE('',(#280),#90,.T.);
#3895=ADVANCED_FACE('',(#281),#91,.T.);
#3896=ADVANCED_FACE('',(#282),#92,.T.);
#3897=ADVANCED_FACE('',(#283),#93,.T.);
#3898=ADVANCED_FACE('',(#284),#94,.T.);
#3899=ADVANCED_FACE('',(#285),#95,.T.);
#3900=ADVANCED_FACE('',(#286),#96,.T.);
#3901=ADVANCED_FACE('',(#287),#97,.T.);
#3902=ADVANCED_FACE('',(#288),#98,.T.);
#3903=ADVANCED_FACE('',(#289),#99,.T.);
#3904=ADVANCED_FACE('',(#290),#100,.T.);
#3905=ADVANCED_FACE('',(#291),#101,.T.);
#3906=ADVANCED_FACE('',(#292),#102,.T.);
#3907=ADVANCED_FACE('',(#293),#103,.T.);
#3908=ADVANCED_FACE('',(#294),#104,.T.);
#3909=ADVANCED_FACE('',(#295),#105,.T.);
#3910=ADVANCED_FACE('',(#296),#106,.T.);
#3911=ADVANCED_FACE('',(#297),#107,.T.);
#3912=ADVANCED_FACE('',(#298),#108,.T.);
#3913=ADVANCED_FACE('',(#299),#109,.T.);
#3914=ADVANCED_FACE('',(#300),#110,.T.);
#3915=ADVANCED_FACE('',(#301),#111,.T.);
#3916=ADVANCED_FACE('',(#302),#112,.T.);
#3917=ADVANCED_FACE('',(#303),#113,.T.);
#3918=ADVANCED_FACE('',(#304),#114,.T.);
#3919=ADVANCED_FACE('',(#305),#115,.T.);
#3920=ADVANCED_FACE('',(#306),#116,.T.);
#3921=ADVANCED_FACE('',(#307),#117,.T.);
#3922=ADVANCED_FACE('',(#308),#118,.T.);
#3923=ADVANCED_FACE('',(#309),#119,.T.);
#3924=ADVANCED_FACE('',(#310),#120,.T.);
#3925=ADVANCED_FACE('',(#311),#121,.T.);
#3926=ADVANCED_FACE('',(#312),#122,.T.);
#3927=ADVANCED_FACE('',(#313),#123,.T.);
#3928=ADVANCED_FACE('',(#314),#124,.T.);
#3929=ADVANCED_FACE('',(#315),#125,.T.);
#3930=ADVANCED_FACE('',(#316),#126,.T.);
#3931=ADVANCED_FACE('',(#317),#127,.T.);
#3932=ADVANCED_FACE('',(#318),#128,.T.);
#3933=ADVANCED_FACE('',(#319),#129,.T.);
#3934=ADVANCED_FACE('',(#320),#130,.T.);
#3935=ADVANCED_FACE('',(#321),#131,.T.);
#3936=ADVANCED_FACE('',(#322),#132,.T.);
#3937=ADVANCED_FACE('',(#323),#133,.T.);
#3938=ADVANCED_FACE('',(#324),#134,.T.);
#3939=ADVANCED_FACE('',(#325),#135,.T.);
#3940=ADVANCED_FACE('',(#326),#136,.T.);
#3941=ADVANCED_FACE('',(#327),#137,.T.);
#3942=ADVANCED_FACE('',(#328),#138,.T.);
#3943=ADVANCED_FACE('',(#329),#139,.T.);
#3944=ADVANCED_FACE('',(#330),#140,.T.);
#3945=ADVANCED_FACE('',(#331),#141,.T.);
#3946=ADVANCED_FACE('',(#332),#142,.T.);
#3947=ADVANCED_FACE('',(#333),#143,.T.);
#3948=ADVANCED_FACE('',(#334),#144,.T.);
#3949=ADVANCED_FACE('',(#335),#145,.T.);
#3950=ADVANCED_FACE('',(#336),#146,.T.);
#3951=ADVANCED_FACE('',(#337),#147,.T.);
#3952=ADVANCED_FACE('',(#338),#148,.T.);
#3953=ADVANCED_FACE('',(#339),#149,.T.);
#3954=ADVANCED_FACE('',(#340),#150,.T.);
#3955=ADVANCED_FACE('',(#341),#151,.T.);
#3956=ADVANCED_FACE('',(#342),#152,.T.);
#3957=ADVANCED_FACE('',(#343),#153,.T.);
#3958=ADVANCED_FACE('',(#344),#154,.T.);
#3959=ADVANCED_FACE('',(#345),#155,.T.);
#3960=ADVANCED_FACE('',(#346),#156,.T.);
#3961=ADVANCED_FACE('',(#347),#157,.T.);
#3962=ADVANCED_FACE('',(#348),#158,.T.);
#3963=ADVANCED_FACE('',(#349),#159,.T.);
#3964=ADVANCED_FACE('',(#350),#160,.T.);
#3965=ADVANCED_FACE('',(#351),#161,.T.);
#3966=ADVANCED_FACE('',(#352),#162,.T.);
#3967=ADVANCED_FACE('',(#353),#163,.T.);
#3968=ADVANCED_FACE('',(#354),#164,.T.);
#3969=ADVANCED_FACE('',(#355),#165,.T.);
#3970=ADVANCED_FACE('',(#356),#166,.T.);
#3971=ADVANCED_FACE('',(#357),#167,.T.);
#3972=ADVANCED_FACE('',(#358),#168,.T.);
#3973=ADVANCED_FACE('',(#359),#169,.T.);
#3974=ADVANCED_FACE('',(#360),#170,.T.);
#3975=ADVANCED_FACE('',(#361),#171,.T.);
#3976=ADVANCED_FACE('',(#362),#172,.T.);
#3977=ADVANCED_FACE('',(#363),#173,.T.);
#3978=ADVANCED_FACE('',(#364),#174,.T.);
#3979=ADVANCED_FACE('',(#365),#175,.T.);
#3980=ADVANCED_FACE('',(#366),#176,.T.);
#3981=ADVANCED_FACE('',(#367),#177,.T.);
#3982=ADVANCED_FACE('',(#368),#178,.T.);
#3983=ADVANCED_FACE('',(#369),#179,.T.);
#3984=ADVANCED_FACE('',(#370),#180,.T.);
#3985=ADVANCED_FACE('',(#371),#181,.T.);
#3986=ADVANCED_FACE('',(#372),#182,.T.);
#3987=ADVANCED_FACE('',(#373),#183,.T.);
#3988=ADVANCED_FACE('',(#374),#184,.T.);
#3989=ADVANCED_FACE('',(#375),#185,.T.);
#3990=ADVANCED_FACE('',(#376),#186,.T.);
#3991=ADVANCED_FACE('',(#377),#187,.T.);
#3992=ADVANCED_FACE('',(#378),#188,.T.);
#3993=ADVANCED_FACE('',(#379),#189,.T.);
#3994=ADVANCED_FACE('',(#380),#190,.T.);
#3995=ADVANCED_FACE('',(#381),#191,.T.);
#3996=ADVANCED_FACE('',(#382),#192,.T.);
#3997=ADVANCED_FACE('',(#383),#193,.T.);
#3998=ADVANCED_FACE('',(#384),#194,.T.);
#3999=ADVANCED_FACE('',(#385),#195,.T.);
#4000=ADVANCED_FACE('',(#386),#196,.T.);
#4001=ADVANCED_FACE('',(#387),#197,.T.);
#4002=ADVANCED_FACE('',(#388),#198,.T.);
#4003=ADVANCED_FACE('',(#389),#199,.T.);
#4004=ADVANCED_FACE('',(#390),#200,.T.);
#4005=ADVANCED_FACE('',(#391),#201,.T.);
#4006=ADVANCED_FACE('',(#392),#202,.T.);
#4007=ADVANCED_FACE('',(#393),#203,.T.);
#4008=ADVANCED_FACE('',(#394),#204,.T.);
#4009=ADVANCED_FACE('',(#395),#205,.T.);
#4010=ADVANCED_FACE('',(#396),#206,.T.);
#4011=ADVANCED_FACE('',(#397),#207,.T.);
#4012=ADVANCED_FACE('',(#398),#208,.T.);
#4013=ADVANCED_FACE('',(#399),#209,.T.);
#4014=ADVANCED_FACE('',(#400),#210,.T.);
#4015=ADVANCED_FACE('',(#401),#211,.T.);
#4016=ADVANCED_FACE('',(#402),#212,.T.);
#4017=ADVANCED_FACE('',(#403),#213,.T.);
#4018=ADVANCED_FACE('',(#404),#214,.T.);
#4019=ADVANCED_FACE('',(#405),#215,.T.);
#4020=ADVANCED_FACE('',(#406),#216,.T.);
#4021=ADVANCED_FACE('',(#407),#217,.T.);
#4022=ADVANCED_FACE('',(#408),#218,.T.);
#4023=ADVANCED_FACE('',(#409),#219,.T.);
#4024=ADVANCED_FACE('',(#410),#220,.T.);
#4025=ADVANCED_FACE('',(#411),#221,.T.);
#4026=ADVANCED_FACE('',(#412),#222,.T.);
#4027=ADVANCED_FACE('',(#413),#223,.T.);
#4028=ADVANCED_FACE('',(#414),#224,.T.);
#4029=ADVANCED_FACE('',(#415),#225,.T.);
#4030=ADVANCED_FACE('',(#416),#226,.T.);
#4031=ADVANCED_FACE('',(#417),#227,.T.);
#4032=ADVANCED_FACE('',(#418),#228,.T.);
#4033=ADVANCED_FACE('',(#419),#229,.T.);
#4034=ADVANCED_FACE('',(#420),#230,.T.);
#4035=ADVANCED_FACE('',(#421),#231,.T.);
#4036=ADVANCED_FACE('',(#422),#232,.T.);
#4037=ADVANCED_FACE('',(#423),#233,.T.);
#4038=ADVANCED_FACE('',(#424),#234,.T.);
#4039=ADVANCED_FACE('',(#425),#235,.T.);
#4040=ADVANCED_FACE('',(#426),#236,.T.);
#4041=ADVANCED_FACE('',(#427),#237,.T.);
#4042=ADVANCED_FACE('',(#428),#238,.T.);
#4043=ADVANCED_FACE('',(#429),#239,.T.);
#4044=ADVANCED_FACE('',(#430),#240,.T.);
#4045=ADVANCED_FACE('',(#431),#241,.T.);
#4046=ADVANCED_FACE('',(#432),#242,.T.);
#4047=CLOSED_SHELL('',(#3857,#3858,#3859,#3860,#3861,#3862,#3863,#3864,
#3865,#3866,#3867,#3868,#3869,#3870,#3871,#3872,#3873,#3874,#3875,#3876,
#3877,#3878,#3879,#3880,#3881,#3882,#3883,#3884,#3885,#3886,#3887,#3888,
#3889,#3890,#3891,#3892,#3893,#3894,#3895,#3896,#3897,#3898,#3899,#3900,
#3901,#3902,#3903,#3904,#3905,#3906,#3907,#3908,#3909,#3910,#3911,#3912,
#3913,#3914,#3915,#3916,#3917,#3918,#3919,#3920,#3921,#3922,#3923,#3924,
#3925,#3926,#3927,#3928,#3929,#3930,#3931,#3932,#3933,#3934,#3935,#3936,
#3937,#3938,#3939,#3940,#3941,#3942,#3943,#3944,#3945,#3946,#3947,#3948,
#3949,#3950,#3951,#3952,#3953,#3954,#3955,#3956,#3957,#3958,#3959,#3960,
#3961,#3962,#3963,#3964,#3965,#3966,#3967,#3968,#3969,#3970,#3971,#3972,
#3973,#3974,#3975,#3976,#3977,#3978,#3979,#3980,#3981,#3982,#3983,#3984,
#3985,#3986,#3987,#3988,#3989,#3990,#3991,#3992,#3993,#3994,#3995,#3996,
#3997,#3998,#3999,#4000,#4001,#4002,#4003,#4004,#4005,#4006,#4007,#4008,
#4009,#4010,#4011,#4012,#4013,#4014,#4015,#4016,#4017,#4018,#4019,#4020,
#4021,#4022,#4023,#4024,#4025,#4026,#4027,#4028,#4029,#4030,#4031,#4032,
#4033,#4034,#4035,#4036,#4037,#4038,#4039,#4040,#4041,#4042,#4043,#4044,
#4045,#4046));
#4048=DERIVED_UNIT_ELEMENT(#4050,1.);
#4049=DERIVED_UNIT_ELEMENT(#6349,-3.);
#4050=(
MASS_UNIT()
NAMED_UNIT(*)
SI_UNIT(.KILO.,.GRAM.)
);
#4051=DERIVED_UNIT((#4048,#4049));
#4052=MEASURE_REPRESENTATION_ITEM('density measure',
POSITIVE_RATIO_MEASURE(7850.),#4051);
#4053=PROPERTY_DEFINITION_REPRESENTATION(#4058,#4055);
#4054=PROPERTY_DEFINITION_REPRESENTATION(#4059,#4056);
#4055=REPRESENTATION('material name',(#4057),#6346);
#4056=REPRESENTATION('density',(#4052),#6346);
#4057=DESCRIPTIVE_REPRESENTATION_ITEM('Steel','Steel');
#4058=PROPERTY_DEFINITION('material property','material name',#6356);
#4059=PROPERTY_DEFINITION('material property','density of part',#6356);
#4060=AXIS2_PLACEMENT_3D('',#5213,#4259,#4260);
#4061=AXIS2_PLACEMENT_3D('',#5214,#4261,#4262);
#4062=AXIS2_PLACEMENT_3D('',#5217,#4263,#4264);
#4063=AXIS2_PLACEMENT_3D('',#5221,#4266,#4267);
#4064=AXIS2_PLACEMENT_3D('',#5223,#4269,#4270);
#4065=AXIS2_PLACEMENT_3D('',#5229,#4274,#4275);
#4066=AXIS2_PLACEMENT_3D('',#5233,#4277,#4278);
#4067=AXIS2_PLACEMENT_3D('',#5237,#4280,#4281);
#4068=AXIS2_PLACEMENT_3D('',#5240,#4283,#4284);
#4069=AXIS2_PLACEMENT_3D('',#5601,#4465,#4466);
#4070=AXIS2_PLACEMENT_3D('',#5604,#4468,#4469);
#4071=AXIS2_PLACEMENT_3D('',#5605,#4470,#4471);
#4072=AXIS2_PLACEMENT_3D('',#5609,#4474,#4475);
#4073=AXIS2_PLACEMENT_3D('',#5612,#4477,#4478);
#4074=AXIS2_PLACEMENT_3D('',#5613,#4479,#4480);
#4075=AXIS2_PLACEMENT_3D('',#5617,#4483,#4484);
#4076=AXIS2_PLACEMENT_3D('',#5619,#4485,#4486);
#4077=AXIS2_PLACEMENT_3D('',#5621,#4488,#4489);
#4078=AXIS2_PLACEMENT_3D('',#5623,#4491,#4492);
#4079=AXIS2_PLACEMENT_3D('',#5984,#4673,#4674);
#4080=AXIS2_PLACEMENT_3D('',#5987,#4677,#4678);
#4081=AXIS2_PLACEMENT_3D('',#5989,#4680,#4681);
#4082=AXIS2_PLACEMENT_3D('',#5991,#4683,#4684);
#4083=AXIS2_PLACEMENT_3D('',#5992,#4685,#4686);
#4084=AXIS2_PLACEMENT_3D('',#5995,#4689,#4690);
#4085=AXIS2_PLACEMENT_3D('',#5997,#4692,#4693);
#4086=AXIS2_PLACEMENT_3D('',#5999,#4695,#4696);
#4087=AXIS2_PLACEMENT_3D('',#6000,#4697,#4698);
#4088=AXIS2_PLACEMENT_3D('',#6003,#4701,#4702);
#4089=AXIS2_PLACEMENT_3D('',#6005,#4704,#4705);
#4090=AXIS2_PLACEMENT_3D('',#6007,#4707,#4708);
#4091=AXIS2_PLACEMENT_3D('',#6008,#4709,#4710);
#4092=AXIS2_PLACEMENT_3D('',#6011,#4713,#4714);
#4093=AXIS2_PLACEMENT_3D('',#6013,#4716,#4717);
#4094=AXIS2_PLACEMENT_3D('',#6015,#4719,#4720);
#4095=AXIS2_PLACEMENT_3D('',#6016,#4721,#4722);
#4096=AXIS2_PLACEMENT_3D('',#6019,#4725,#4726);
#4097=AXIS2_PLACEMENT_3D('',#6021,#4728,#4729);
#4098=AXIS2_PLACEMENT_3D('',#6023,#4731,#4732);
#4099=AXIS2_PLACEMENT_3D('',#6024,#4733,#4734);
#4100=AXIS2_PLACEMENT_3D('',#6027,#4737,#4738);
#4101=AXIS2_PLACEMENT_3D('',#6029,#4740,#4741);
#4102=AXIS2_PLACEMENT_3D('',#6031,#4743,#4744);
#4103=AXIS2_PLACEMENT_3D('',#6032,#4745,#4746);
#4104=AXIS2_PLACEMENT_3D('',#6035,#4749,#4750);
#4105=AXIS2_PLACEMENT_3D('',#6037,#4752,#4753);
#4106=AXIS2_PLACEMENT_3D('',#6039,#4755,#4756);
#4107=AXIS2_PLACEMENT_3D('',#6040,#4757,#4758);
#4108=AXIS2_PLACEMENT_3D('',#6043,#4761,#4762);
#4109=AXIS2_PLACEMENT_3D('',#6045,#4764,#4765);
#4110=AXIS2_PLACEMENT_3D('',#6047,#4767,#4768);
#4111=AXIS2_PLACEMENT_3D('',#6048,#4769,#4770);
#4112=AXIS2_PLACEMENT_3D('',#6051,#4773,#4774);
#4113=AXIS2_PLACEMENT_3D('',#6053,#4776,#4777);
#4114=AXIS2_PLACEMENT_3D('',#6055,#4779,#4780);
#4115=AXIS2_PLACEMENT_3D('',#6056,#4781,#4782);
#4116=AXIS2_PLACEMENT_3D('',#6059,#4785,#4786);
#4117=AXIS2_PLACEMENT_3D('',#6061,#4788,#4789);
#4118=AXIS2_PLACEMENT_3D('',#6063,#4791,#4792);
#4119=AXIS2_PLACEMENT_3D('',#6064,#4793,#4794);
#4120=AXIS2_PLACEMENT_3D('',#6067,#4797,#4798);
#4121=AXIS2_PLACEMENT_3D('',#6069,#4800,#4801);
#4122=AXIS2_PLACEMENT_3D('',#6071,#4803,#4804);
#4123=AXIS2_PLACEMENT_3D('',#6072,#4805,#4806);
#4124=AXIS2_PLACEMENT_3D('',#6075,#4809,#4810);
#4125=AXIS2_PLACEMENT_3D('',#6077,#4812,#4813);
#4126=AXIS2_PLACEMENT_3D('',#6079,#4815,#4816);
#4127=AXIS2_PLACEMENT_3D('',#6081,#4818,#4819);
#4128=AXIS2_PLACEMENT_3D('',#6083,#4821,#4822);
#4129=AXIS2_PLACEMENT_3D('',#6085,#4824,#4825);
#4130=AXIS2_PLACEMENT_3D('',#6087,#4827,#4828);
#4131=AXIS2_PLACEMENT_3D('',#6089,#4830,#4831);
#4132=AXIS2_PLACEMENT_3D('',#6091,#4833,#4834);
#4133=AXIS2_PLACEMENT_3D('',#6093,#4836,#4837);
#4134=AXIS2_PLACEMENT_3D('',#6095,#4839,#4840);
#4135=AXIS2_PLACEMENT_3D('',#6097,#4842,#4843);
#4136=AXIS2_PLACEMENT_3D('',#6099,#4845,#4846);
#4137=AXIS2_PLACEMENT_3D('',#6101,#4848,#4849);
#4138=AXIS2_PLACEMENT_3D('',#6103,#4851,#4852);
#4139=AXIS2_PLACEMENT_3D('',#6105,#4854,#4855);
#4140=AXIS2_PLACEMENT_3D('',#6107,#4857,#4858);
#4141=AXIS2_PLACEMENT_3D('',#6109,#4860,#4861);
#4142=AXIS2_PLACEMENT_3D('',#6111,#4863,#4864);
#4143=AXIS2_PLACEMENT_3D('',#6113,#4866,#4867);
#4144=AXIS2_PLACEMENT_3D('',#6115,#4869,#4870);
#4145=AXIS2_PLACEMENT_3D('',#6117,#4872,#4873);
#4146=AXIS2_PLACEMENT_3D('',#6119,#4875,#4876);
#4147=AXIS2_PLACEMENT_3D('',#6121,#4878,#4879);
#4148=AXIS2_PLACEMENT_3D('',#6123,#4881,#4882);
#4149=AXIS2_PLACEMENT_3D('',#6125,#4884,#4885);
#4150=AXIS2_PLACEMENT_3D('',#6127,#4887,#4888);
#4151=AXIS2_PLACEMENT_3D('',#6129,#4890,#4891);
#4152=AXIS2_PLACEMENT_3D('',#6131,#4893,#4894);
#4153=AXIS2_PLACEMENT_3D('',#6133,#4896,#4897);
#4154=AXIS2_PLACEMENT_3D('',#6135,#4899,#4900);
#4155=AXIS2_PLACEMENT_3D('',#6137,#4902,#4903);
#4156=AXIS2_PLACEMENT_3D('',#6139,#4905,#4906);
#4157=AXIS2_PLACEMENT_3D('',#6141,#4908,#4909);
#4158=AXIS2_PLACEMENT_3D('',#6143,#4911,#4912);
#4159=AXIS2_PLACEMENT_3D('',#6144,#4913,#4914);
#4160=AXIS2_PLACEMENT_3D('',#6147,#4917,#4918);
#4161=AXIS2_PLACEMENT_3D('',#6149,#4920,#4921);
#4162=AXIS2_PLACEMENT_3D('',#6151,#4923,#4924);
#4163=AXIS2_PLACEMENT_3D('',#6152,#4925,#4926);
#4164=AXIS2_PLACEMENT_3D('',#6155,#4929,#4930);
#4165=AXIS2_PLACEMENT_3D('',#6157,#4932,#4933);
#4166=AXIS2_PLACEMENT_3D('',#6159,#4935,#4936);
#4167=AXIS2_PLACEMENT_3D('',#6160,#4937,#4938);
#4168=AXIS2_PLACEMENT_3D('',#6163,#4941,#4942);
#4169=AXIS2_PLACEMENT_3D('',#6165,#4944,#4945);
#4170=AXIS2_PLACEMENT_3D('',#6167,#4947,#4948);
#4171=AXIS2_PLACEMENT_3D('',#6168,#4949,#4950);
#4172=AXIS2_PLACEMENT_3D('',#6171,#4953,#4954);
#4173=AXIS2_PLACEMENT_3D('',#6173,#4956,#4957);
#4174=AXIS2_PLACEMENT_3D('',#6175,#4959,#4960);
#4175=AXIS2_PLACEMENT_3D('',#6176,#4961,#4962);
#4176=AXIS2_PLACEMENT_3D('',#6179,#4965,#4966);
#4177=AXIS2_PLACEMENT_3D('',#6181,#4968,#4969);
#4178=AXIS2_PLACEMENT_3D('',#6183,#4971,#4972);
#4179=AXIS2_PLACEMENT_3D('',#6184,#4973,#4974);
#4180=AXIS2_PLACEMENT_3D('',#6187,#4977,#4978);
#4181=AXIS2_PLACEMENT_3D('',#6189,#4980,#4981);
#4182=AXIS2_PLACEMENT_3D('',#6191,#4983,#4984);
#4183=AXIS2_PLACEMENT_3D('',#6192,#4985,#4986);
#4184=AXIS2_PLACEMENT_3D('',#6195,#4989,#4990);
#4185=AXIS2_PLACEMENT_3D('',#6197,#4992,#4993);
#4186=AXIS2_PLACEMENT_3D('',#6199,#4995,#4996);
#4187=AXIS2_PLACEMENT_3D('',#6201,#4998,#4999);
#4188=AXIS2_PLACEMENT_3D('',#6203,#5001,#5002);
#4189=AXIS2_PLACEMENT_3D('',#6205,#5004,#5005);
#4190=AXIS2_PLACEMENT_3D('',#6207,#5007,#5008);
#4191=AXIS2_PLACEMENT_3D('',#6209,#5010,#5011);
#4192=AXIS2_PLACEMENT_3D('',#6211,#5013,#5014);
#4193=AXIS2_PLACEMENT_3D('',#6213,#5016,#5017);
#4194=AXIS2_PLACEMENT_3D('',#6215,#5019,#5020);
#4195=AXIS2_PLACEMENT_3D('',#6217,#5022,#5023);
#4196=AXIS2_PLACEMENT_3D('',#6219,#5025,#5026);
#4197=AXIS2_PLACEMENT_3D('',#6221,#5028,#5029);
#4198=AXIS2_PLACEMENT_3D('',#6223,#5031,#5032);
#4199=AXIS2_PLACEMENT_3D('',#6225,#5034,#5035);
#4200=AXIS2_PLACEMENT_3D('',#6227,#5037,#5038);
#4201=AXIS2_PLACEMENT_3D('',#6229,#5040,#5041);
#4202=AXIS2_PLACEMENT_3D('',#6231,#5043,#5044);
#4203=AXIS2_PLACEMENT_3D('',#6233,#5046,#5047);
#4204=AXIS2_PLACEMENT_3D('',#6235,#5049,#5050);
#4205=AXIS2_PLACEMENT_3D('',#6237,#5052,#5053);
#4206=AXIS2_PLACEMENT_3D('',#6239,#5055,#5056);
#4207=AXIS2_PLACEMENT_3D('',#6241,#5058,#5059);
#4208=AXIS2_PLACEMENT_3D('',#6243,#5061,#5062);
#4209=AXIS2_PLACEMENT_3D('',#6245,#5064,#5065);
#4210=AXIS2_PLACEMENT_3D('',#6247,#5067,#5068);
#4211=AXIS2_PLACEMENT_3D('',#6249,#5070,#5071);
#4212=AXIS2_PLACEMENT_3D('',#6251,#5073,#5074);
#4213=AXIS2_PLACEMENT_3D('',#6253,#5076,#5077);
#4214=AXIS2_PLACEMENT_3D('',#6255,#5079,#5080);
#4215=AXIS2_PLACEMENT_3D('',#6257,#5082,#5083);
#4216=AXIS2_PLACEMENT_3D('',#6259,#5085,#5086);
#4217=AXIS2_PLACEMENT_3D('',#6261,#5088,#5089);
#4218=AXIS2_PLACEMENT_3D('',#6263,#5091,#5092);
#4219=AXIS2_PLACEMENT_3D('',#6264,#5093,#5094);
#4220=AXIS2_PLACEMENT_3D('',#6267,#5097,#5098);
#4221=AXIS2_PLACEMENT_3D('',#6269,#5100,#5101);
#4222=AXIS2_PLACEMENT_3D('',#6271,#5103,#5104);
#4223=AXIS2_PLACEMENT_3D('',#6272,#5105,#5106);
#4224=AXIS2_PLACEMENT_3D('',#6275,#5109,#5110);
#4225=AXIS2_PLACEMENT_3D('',#6277,#5112,#5113);
#4226=AXIS2_PLACEMENT_3D('',#6279,#5115,#5116);
#4227=AXIS2_PLACEMENT_3D('',#6281,#5118,#5119);
#4228=AXIS2_PLACEMENT_3D('',#6283,#5121,#5122);
#4229=AXIS2_PLACEMENT_3D('',#6285,#5124,#5125);
#4230=AXIS2_PLACEMENT_3D('',#6287,#5127,#5128);
#4231=AXIS2_PLACEMENT_3D('',#6289,#5130,#5131);
#4232=AXIS2_PLACEMENT_3D('',#6291,#5133,#5134);
#4233=AXIS2_PLACEMENT_3D('',#6293,#5136,#5137);
#4234=AXIS2_PLACEMENT_3D('',#6295,#5139,#5140);
#4235=AXIS2_PLACEMENT_3D('',#6297,#5142,#5143);
#4236=AXIS2_PLACEMENT_3D('',#6299,#5145,#5146);
#4237=AXIS2_PLACEMENT_3D('',#6301,#5148,#5149);
#4238=AXIS2_PLACEMENT_3D('',#6303,#5151,#5152);
#4239=AXIS2_PLACEMENT_3D('',#6305,#5154,#5155);
#4240=AXIS2_PLACEMENT_3D('',#6307,#5157,#5158);
#4241=AXIS2_PLACEMENT_3D('',#6309,#5160,#5161);
#4242=AXIS2_PLACEMENT_3D('',#6311,#5163,#5164);
#4243=AXIS2_PLACEMENT_3D('',#6313,#5166,#5167);
#4244=AXIS2_PLACEMENT_3D('',#6315,#5169,#5170);
#4245=AXIS2_PLACEMENT_3D('',#6317,#5172,#5173);
#4246=AXIS2_PLACEMENT_3D('',#6319,#5175,#5176);
#4247=AXIS2_PLACEMENT_3D('',#6321,#5178,#5179);
#4248=AXIS2_PLACEMENT_3D('',#6323,#5181,#5182);
#4249=AXIS2_PLACEMENT_3D('',#6325,#5184,#5185);
#4250=AXIS2_PLACEMENT_3D('',#6327,#5187,#5188);
#4251=AXIS2_PLACEMENT_3D('',#6329,#5190,#5191);
#4252=AXIS2_PLACEMENT_3D('',#6331,#5193,#5194);
#4253=AXIS2_PLACEMENT_3D('',#6333,#5196,#5197);
#4254=AXIS2_PLACEMENT_3D('',#6335,#5199,#5200);
#4255=AXIS2_PLACEMENT_3D('',#6337,#5202,#5203);
#4256=AXIS2_PLACEMENT_3D('',#6339,#5205,#5206);
#4257=AXIS2_PLACEMENT_3D('',#6341,#5208,#5209);
#4258=AXIS2_PLACEMENT_3D('',#6343,#5211,#5212);
#4259=DIRECTION('axis',(0.,0.,1.));
#4260=DIRECTION('refdir',(1.,0.,0.));
#4261=DIRECTION('center_axis',(0.,0.,1.));
#4262=DIRECTION('ref_axis',(-0.707106781186547,-0.707106781186548,0.));
#4263=DIRECTION('center_axis',(0.,0.,-1.));
#4264=DIRECTION('ref_axis',(-0.707106781186547,-0.707106781186548,0.));
#4265=DIRECTION('',(0.,0.,-1.));
#4266=DIRECTION('center_axis',(0.,0.,1.));
#4267=DIRECTION('ref_axis',(-0.707106781186547,-0.707106781186548,0.));
#4268=DIRECTION('',(0.,0.,1.));
#4269=DIRECTION('center_axis',(-1.,-1.35500322836932E-17,0.));
#4270=DIRECTION('ref_axis',(1.35500322836932E-17,-1.,0.));
#4271=DIRECTION('',(-1.35500322836932E-17,1.,0.));
#4272=DIRECTION('',(0.,0.,1.));
#4273=DIRECTION('',(-1.35500322836932E-17,1.,0.));
#4274=DIRECTION('center_axis',(0.,0.,1.));
#4275=DIRECTION('ref_axis',(1.,0.,0.));
#4276=DIRECTION('',(-1.,-9.10613423791874E-19,0.));
#4277=DIRECTION('center_axis',(0.,0.,-1.));
#4278=DIRECTION('ref_axis',(0.707106781186549,-0.707106781186546,0.));
#4279=DIRECTION('',(0.,-1.,0.));
#4280=DIRECTION('center_axis',(0.,0.,-1.));
#4281=DIRECTION('ref_axis',(0.707106781186551,0.707106781186544,0.));
#4282=DIRECTION('',(1.,0.,0.));
#4283=DIRECTION('center_axis',(0.,0.,-1.));
#4284=DIRECTION('ref_axis',(-0.707106781186549,0.707106781186546,0.));
#4285=DIRECTION('',(0.,-1.,0.));
#4286=DIRECTION('',(1.,0.,0.));
#4287=DIRECTION('',(0.,1.,0.));
#4288=DIRECTION('',(1.,0.,0.));
#4289=DIRECTION('',(0.,-1.,0.));
#4290=DIRECTION('',(1.,0.,0.));
#4291=DIRECTION('',(0.,-1.,0.));
#4292=DIRECTION('',(-1.,0.,0.));
#4293=DIRECTION('',(0.,-1.,0.));
#4294=DIRECTION('',(-1.,0.,0.));
#4295=DIRECTION('',(0.,-1.,0.));
#4296=DIRECTION('',(-1.,0.,0.));
#4297=DIRECTION('',(0.,1.,0.));
#4298=DIRECTION('',(-1.,0.,0.));
#4299=DIRECTION('',(0.,1.,0.));
#4300=DIRECTION('',(-1.,0.,0.));
#4301=DIRECTION('',(0.,-1.,0.));
#4302=DIRECTION('',(-1.,0.,0.));
#4303=DIRECTION('',(0.,1.,0.));
#4304=DIRECTION('',(-1.,0.,0.));
#4305=DIRECTION('',(0.,-1.,0.));
#4306=DIRECTION('',(-1.,0.,0.));
#4307=DIRECTION('',(0.,-1.,0.));
#4308=DIRECTION('',(-1.,0.,0.));
#4309=DIRECTION('',(0.,1.,0.));
#4310=DIRECTION('',(-1.,0.,0.));
#4311=DIRECTION('',(0.,1.,0.));
#4312=DIRECTION('',(-1.,0.,0.));
#4313=DIRECTION('',(0.,1.,0.));
#4314=DIRECTION('',(1.,0.,0.));
#4315=DIRECTION('',(-1.71855828708888E-16,1.,0.));
#4316=DIRECTION('',(1.,0.,0.));
#4317=DIRECTION('',(0.,-1.,0.));
#4318=DIRECTION('',(1.,0.,0.));
#4319=DIRECTION('',(0.,1.,0.));
#4320=DIRECTION('',(1.,0.,0.));
#4321=DIRECTION('',(0.,1.,0.));
#4322=DIRECTION('',(1.,0.,0.));
#4323=DIRECTION('',(0.,-1.,0.));
#4324=DIRECTION('',(-1.,-3.96528049482887E-17,0.));
#4325=DIRECTION('',(0.,-1.,0.));
#4326=DIRECTION('',(1.,0.,0.));
#4327=DIRECTION('',(0.,-1.,0.));
#4328=DIRECTION('',(-1.,0.,0.));
#4329=DIRECTION('',(0.,-1.,0.));
#4330=DIRECTION('',(1.,0.,0.));
#4331=DIRECTION('',(0.,-1.,0.));
#4332=DIRECTION('',(-1.,0.,0.));
#4333=DIRECTION('',(0.,-1.,0.));
#4334=DIRECTION('',(1.,0.,0.));
#4335=DIRECTION('',(0.,-1.,0.));
#4336=DIRECTION('',(-1.,0.,0.));
#4337=DIRECTION('',(0.,-1.,0.));
#4338=DIRECTION('',(-1.,0.,0.));
#4339=DIRECTION('',(0.,1.,0.));
#4340=DIRECTION('',(-1.,0.,0.));
#4341=DIRECTION('',(0.,1.,0.));
#4342=DIRECTION('',(-1.,0.,0.));
#4343=DIRECTION('',(0.,1.,0.));
#4344=DIRECTION('',(1.,0.,0.));
#4345=DIRECTION('',(0.,1.,0.));
#4346=DIRECTION('',(1.,0.,0.));
#4347=DIRECTION('',(0.,1.,0.));
#4348=DIRECTION('',(-1.,0.,0.));
#4349=DIRECTION('',(0.,1.,0.));
#4350=DIRECTION('',(1.,0.,0.));
#4351=DIRECTION('',(0.,1.,0.));
#4352=DIRECTION('',(-1.,0.,0.));
#4353=DIRECTION('',(0.,1.,0.));
#4354=DIRECTION('',(-1.,0.,0.));
#4355=DIRECTION('',(0.,1.,0.));
#4356=DIRECTION('',(1.,0.,0.));
#4357=DIRECTION('',(0.,1.,0.));
#4358=DIRECTION('',(1.,0.,0.));
#4359=DIRECTION('',(0.,1.,0.));
#4360=DIRECTION('',(1.,0.,0.));
#4361=DIRECTION('',(0.,1.,0.));
#4362=DIRECTION('',(1.,0.,0.));
#4363=DIRECTION('',(0.,-1.,0.));
#4364=DIRECTION('',(-1.,0.,0.));
#4365=DIRECTION('',(0.,1.,0.));
#4366=DIRECTION('',(1.,0.,0.));
#4367=DIRECTION('',(0.,-1.,0.));
#4368=DIRECTION('',(-1.,0.,0.));
#4369=DIRECTION('',(0.,1.,0.));
#4370=DIRECTION('',(1.,0.,0.));
#4371=DIRECTION('',(0.,-1.,0.));
#4372=DIRECTION('',(-1.,0.,0.));
#4373=DIRECTION('',(0.,1.,0.));
#4374=DIRECTION('',(1.,0.,0.));
#4375=DIRECTION('',(0.,-1.,0.));
#4376=DIRECTION('',(-1.,0.,0.));
#4377=DIRECTION('',(0.,1.,0.));
#4378=DIRECTION('',(1.,0.,0.));
#4379=DIRECTION('',(0.,-1.,0.));
#4380=DIRECTION('',(-1.,0.,0.));
#4381=DIRECTION('',(0.,1.,0.));
#4382=DIRECTION('',(1.,0.,0.));
#4383=DIRECTION('',(0.,-1.,0.));
#4384=DIRECTION('',(-1.,0.,0.));
#4385=DIRECTION('',(0.,-1.,0.));
#4386=DIRECTION('',(1.,0.,0.));
#4387=DIRECTION('',(0.,-1.,0.));
#4388=DIRECTION('',(-1.,0.,0.));
#4389=DIRECTION('',(0.,-1.,0.));
#4390=DIRECTION('',(1.,0.,0.));
#4391=DIRECTION('',(0.,-1.,0.));
#4392=DIRECTION('',(-1.,0.,0.));
#4393=DIRECTION('',(0.,-1.,0.));
#4394=DIRECTION('',(1.,0.,0.));
#4395=DIRECTION('',(0.,-1.,0.));
#4396=DIRECTION('',(-1.,0.,0.));
#4397=DIRECTION('',(0.,-1.,0.));
#4398=DIRECTION('',(-1.,0.,0.));
#4399=DIRECTION('',(0.,1.,0.));
#4400=DIRECTION('',(-1.,0.,0.));
#4401=DIRECTION('',(0.,1.,0.));
#4402=DIRECTION('',(-1.,0.,0.));
#4403=DIRECTION('',(0.,1.,0.));
#4404=DIRECTION('',(1.,0.,0.));
#4405=DIRECTION('',(0.,1.,0.));
#4406=DIRECTION('',(1.,0.,0.));
#4407=DIRECTION('',(0.,1.,0.));
#4408=DIRECTION('',(-1.,0.,0.));
#4409=DIRECTION('',(0.,1.,0.));
#4410=DIRECTION('',(1.,0.,0.));
#4411=DIRECTION('',(0.,1.,0.));
#4412=DIRECTION('',(-1.,0.,0.));
#4413=DIRECTION('',(0.,1.,0.));
#4414=DIRECTION('',(-1.,0.,0.));
#4415=DIRECTION('',(0.,1.,0.));
#4416=DIRECTION('',(1.,0.,0.));
#4417=DIRECTION('',(0.,1.,0.));
#4418=DIRECTION('',(1.,0.,0.));
#4419=DIRECTION('',(0.,1.,0.));
#4420=DIRECTION('',(1.,0.,0.));
#4421=DIRECTION('',(0.,1.,0.));
#4422=DIRECTION('',(1.,0.,0.));
#4423=DIRECTION('',(0.,-1.,0.));
#4424=DIRECTION('',(-1.,0.,0.));
#4425=DIRECTION('',(0.,1.,0.));
#4426=DIRECTION('',(1.,0.,0.));
#4427=DIRECTION('',(0.,-1.,0.));
#4428=DIRECTION('',(-1.,0.,0.));
#4429=DIRECTION('',(0.,1.,0.));
#4430=DIRECTION('',(1.,0.,0.));
#4431=DIRECTION('',(0.,-1.,0.));
#4432=DIRECTION('',(-1.,0.,0.));
#4433=DIRECTION('',(0.,1.,0.));
#4434=DIRECTION('',(1.,0.,0.));
#4435=DIRECTION('',(0.,-1.,0.));
#4436=DIRECTION('',(-1.,0.,0.));
#4437=DIRECTION('',(0.,1.,0.));
#4438=DIRECTION('',(1.,0.,0.));
#4439=DIRECTION('',(0.,-1.,0.));
#4440=DIRECTION('',(-1.,0.,0.));
#4441=DIRECTION('',(0.,1.,0.));
#4442=DIRECTION('',(1.,0.,0.));
#4443=DIRECTION('',(0.,-1.,0.));
#4444=DIRECTION('',(-1.,0.,0.));
#4445=DIRECTION('',(0.,1.,0.));
#4446=DIRECTION('',(1.,0.,0.));
#4447=DIRECTION('',(0.,-1.,0.));
#4448=DIRECTION('',(-1.,0.,0.));
#4449=DIRECTION('',(0.,1.,0.));
#4450=DIRECTION('',(1.,0.,0.));
#4451=DIRECTION('',(0.,-1.,0.));
#4452=DIRECTION('',(-1.,0.,0.));
#4453=DIRECTION('',(0.,1.,0.));
#4454=DIRECTION('',(1.,0.,0.));
#4455=DIRECTION('',(0.,-1.,0.));
#4456=DIRECTION('',(-1.,0.,0.));
#4457=DIRECTION('',(0.,1.,0.));
#4458=DIRECTION('',(1.,0.,0.));
#4459=DIRECTION('',(0.,-1.,0.));
#4460=DIRECTION('',(-1.,0.,0.));
#4461=DIRECTION('',(0.,1.,0.));
#4462=DIRECTION('',(1.,0.,0.));
#4463=DIRECTION('',(0.,-1.,0.));
#4464=DIRECTION('',(-1.,0.,0.));
#4465=DIRECTION('center_axis',(0.,0.,1.));
#4466=DIRECTION('ref_axis',(-0.707106781186549,0.707106781186546,0.));
#4467=DIRECTION('',(0.,0.,-1.));
#4468=DIRECTION('center_axis',(0.,0.,1.));
#4469=DIRECTION('ref_axis',(-0.707106781186549,0.707106781186546,0.));
#4470=DIRECTION('center_axis',(0.,1.,0.));
#4471=DIRECTION('ref_axis',(-1.,0.,0.));
#4472=DIRECTION('',(0.,0.,1.));
#4473=DIRECTION('',(1.,0.,0.));
#4474=DIRECTION('center_axis',(0.,0.,1.));
#4475=DIRECTION('ref_axis',(0.707106781186551,0.707106781186544,0.));
#4476=DIRECTION('',(0.,0.,-1.));
#4477=DIRECTION('center_axis',(0.,0.,1.));
#4478=DIRECTION('ref_axis',(0.707106781186551,0.707106781186544,0.));
#4479=DIRECTION('center_axis',(1.,0.,0.));
#4480=DIRECTION('ref_axis',(0.,1.,0.));
#4481=DIRECTION('',(0.,0.,1.));
#4482=DIRECTION('',(0.,-1.,0.));
#4483=DIRECTION('center_axis',(0.,0.,-1.));
#4484=DIRECTION('ref_axis',(0.707106781186549,-0.707106781186546,0.));
#4485=DIRECTION('center_axis',(0.,0.,1.));
#4486=DIRECTION('ref_axis',(0.707106781186549,-0.707106781186546,0.));
#4487=DIRECTION('',(0.,0.,-1.));
#4488=DIRECTION('center_axis',(9.10613423791874E-19,-1.,0.));
#4489=DIRECTION('ref_axis',(1.,9.10613423791874E-19,0.));
#4490=DIRECTION('',(-1.,-9.10613423791874E-19,0.));
#4491=DIRECTION('center_axis',(0.,0.,1.));
#4492=DIRECTION('ref_axis',(1.,0.,0.));
#4493=DIRECTION('',(0.,1.,0.));
#4494=DIRECTION('',(-1.,0.,0.));
#4495=DIRECTION('',(0.,-1.,0.));
#4496=DIRECTION('',(-1.,0.,0.));
#4497=DIRECTION('',(0.,1.,0.));
#4498=DIRECTION('',(-1.,0.,0.));
#4499=DIRECTION('',(1.71855828708888E-16,-1.,0.));
#4500=DIRECTION('',(-1.,0.,0.));
#4501=DIRECTION('',(0.,-1.,0.));
#4502=DIRECTION('',(1.,0.,0.));
#4503=DIRECTION('',(0.,-1.,0.));
#4504=DIRECTION('',(1.,0.,0.));
#4505=DIRECTION('',(0.,-1.,0.));
#4506=DIRECTION('',(1.,0.,0.));
#4507=DIRECTION('',(0.,1.,0.));
#4508=DIRECTION('',(1.,0.,0.));
#4509=DIRECTION('',(0.,1.,0.));
#4510=DIRECTION('',(1.,0.,0.));
#4511=DIRECTION('',(0.,-1.,0.));
#4512=DIRECTION('',(1.,0.,0.));
#4513=DIRECTION('',(0.,1.,0.));
#4514=DIRECTION('',(1.,0.,0.));
#4515=DIRECTION('',(0.,-1.,0.));
#4516=DIRECTION('',(1.,0.,0.));
#4517=DIRECTION('',(0.,-1.,0.));
#4518=DIRECTION('',(1.,0.,0.));
#4519=DIRECTION('',(0.,1.,0.));
#4520=DIRECTION('',(1.,0.,0.));
#4521=DIRECTION('',(0.,1.,0.));
#4522=DIRECTION('',(1.,0.,0.));
#4523=DIRECTION('',(0.,1.,0.));
#4524=DIRECTION('',(-1.,0.,0.));
#4525=DIRECTION('',(0.,1.,0.));
#4526=DIRECTION('',(-1.,0.,0.));
#4527=DIRECTION('',(0.,-1.,0.));
#4528=DIRECTION('',(-1.,0.,0.));
#4529=DIRECTION('',(0.,1.,0.));
#4530=DIRECTION('',(-1.,-3.96528049482887E-17,0.));
#4531=DIRECTION('',(0.,-1.,0.));
#4532=DIRECTION('',(1.,0.,0.));
#4533=DIRECTION('',(0.,1.,0.));
#4534=DIRECTION('',(-1.,0.,0.));
#4535=DIRECTION('',(0.,-1.,0.));
#4536=DIRECTION('',(-1.,0.,0.));
#4537=DIRECTION('',(0.,-1.,0.));
#4538=DIRECTION('',(-1.,0.,0.));
#4539=DIRECTION('',(0.,-1.,0.));
#4540=DIRECTION('',(1.,0.,0.));
#4541=DIRECTION('',(0.,-1.,0.));
#4542=DIRECTION('',(1.,0.,0.));
#4543=DIRECTION('',(0.,-1.,0.));
#4544=DIRECTION('',(-1.,0.,0.));
#4545=DIRECTION('',(0.,-1.,0.));
#4546=DIRECTION('',(1.,0.,0.));
#4547=DIRECTION('',(0.,-1.,0.));
#4548=DIRECTION('',(-1.,0.,0.));
#4549=DIRECTION('',(0.,-1.,0.));
#4550=DIRECTION('',(-1.,0.,0.));
#4551=DIRECTION('',(0.,-1.,0.));
#4552=DIRECTION('',(1.,0.,0.));
#4553=DIRECTION('',(0.,-1.,0.));
#4554=DIRECTION('',(1.,0.,0.));
#4555=DIRECTION('',(0.,-1.,0.));
#4556=DIRECTION('',(1.,0.,0.));
#4557=DIRECTION('',(0.,1.,0.));
#4558=DIRECTION('',(1.,0.,0.));
#4559=DIRECTION('',(0.,1.,0.));
#4560=DIRECTION('',(-1.,0.,0.));
#4561=DIRECTION('',(0.,1.,0.));
#4562=DIRECTION('',(1.,0.,0.));
#4563=DIRECTION('',(0.,1.,0.));
#4564=DIRECTION('',(-1.,0.,0.));
#4565=DIRECTION('',(0.,1.,0.));
#4566=DIRECTION('',(1.,0.,0.));
#4567=DIRECTION('',(0.,1.,0.));
#4568=DIRECTION('',(-1.,0.,0.));
#4569=DIRECTION('',(0.,1.,0.));
#4570=DIRECTION('',(-1.,0.,0.));
#4571=DIRECTION('',(0.,-1.,0.));
#4572=DIRECTION('',(1.,0.,0.));
#4573=DIRECTION('',(0.,1.,0.));
#4574=DIRECTION('',(-1.,0.,0.));
#4575=DIRECTION('',(0.,-1.,0.));
#4576=DIRECTION('',(1.,0.,0.));
#4577=DIRECTION('',(0.,1.,0.));
#4578=DIRECTION('',(-1.,0.,0.));
#4579=DIRECTION('',(0.,-1.,0.));
#4580=DIRECTION('',(1.,0.,0.));
#4581=DIRECTION('',(0.,1.,0.));
#4582=DIRECTION('',(-1.,0.,0.));
#4583=DIRECTION('',(0.,-1.,0.));
#4584=DIRECTION('',(1.,0.,0.));
#4585=DIRECTION('',(0.,1.,0.));
#4586=DIRECTION('',(-1.,0.,0.));
#4587=DIRECTION('',(0.,-1.,0.));
#4588=DIRECTION('',(1.,0.,0.));
#4589=DIRECTION('',(0.,1.,0.));
#4590=DIRECTION('',(-1.,0.,0.));
#4591=DIRECTION('',(0.,-1.,0.));
#4592=DIRECTION('',(1.,0.,0.));
#4593=DIRECTION('',(0.,1.,0.));
#4594=DIRECTION('',(-1.,0.,0.));
#4595=DIRECTION('',(0.,-1.,0.));
#4596=DIRECTION('',(-1.,0.,0.));
#4597=DIRECTION('',(0.,-1.,0.));
#4598=DIRECTION('',(-1.,0.,0.));
#4599=DIRECTION('',(0.,-1.,0.));
#4600=DIRECTION('',(1.,0.,0.));
#4601=DIRECTION('',(0.,-1.,0.));
#4602=DIRECTION('',(1.,0.,0.));
#4603=DIRECTION('',(0.,-1.,0.));
#4604=DIRECTION('',(-1.,0.,0.));
#4605=DIRECTION('',(0.,-1.,0.));
#4606=DIRECTION('',(1.,0.,0.));
#4607=DIRECTION('',(0.,-1.,0.));
#4608=DIRECTION('',(-1.,0.,0.));
#4609=DIRECTION('',(0.,-1.,0.));
#4610=DIRECTION('',(-1.,0.,0.));
#4611=DIRECTION('',(0.,-1.,0.));
#4612=DIRECTION('',(1.,0.,0.));
#4613=DIRECTION('',(0.,-1.,0.));
#4614=DIRECTION('',(1.,0.,0.));
#4615=DIRECTION('',(0.,-1.,0.));
#4616=DIRECTION('',(1.,0.,0.));
#4617=DIRECTION('',(0.,1.,0.));
#4618=DIRECTION('',(1.,0.,0.));
#4619=DIRECTION('',(0.,1.,0.));
#4620=DIRECTION('',(-1.,0.,0.));
#4621=DIRECTION('',(0.,1.,0.));
#4622=DIRECTION('',(1.,0.,0.));
#4623=DIRECTION('',(0.,1.,0.));
#4624=DIRECTION('',(-1.,0.,0.));
#4625=DIRECTION('',(0.,1.,0.));
#4626=DIRECTION('',(1.,0.,0.));
#4627=DIRECTION('',(0.,1.,0.));
#4628=DIRECTION('',(-1.,0.,0.));
#4629=DIRECTION('',(0.,1.,0.));
#4630=DIRECTION('',(-1.,0.,0.));
#4631=DIRECTION('',(0.,-1.,0.));
#4632=DIRECTION('',(1.,0.,0.));
#4633=DIRECTION('',(0.,1.,0.));
#4634=DIRECTION('',(-1.,0.,0.));
#4635=DIRECTION('',(0.,-1.,0.));
#4636=DIRECTION('',(1.,0.,0.));
#4637=DIRECTION('',(0.,1.,0.));
#4638=DIRECTION('',(-1.,0.,0.));
#4639=DIRECTION('',(0.,-1.,0.));
#4640=DIRECTION('',(1.,0.,0.));
#4641=DIRECTION('',(0.,1.,0.));
#4642=DIRECTION('',(-1.,0.,0.));
#4643=DIRECTION('',(0.,-1.,0.));
#4644=DIRECTION('',(1.,0.,0.));
#4645=DIRECTION('',(0.,1.,0.));
#4646=DIRECTION('',(-1.,0.,0.));
#4647=DIRECTION('',(0.,-1.,0.));
#4648=DIRECTION('',(1.,0.,0.));
#4649=DIRECTION('',(0.,1.,0.));
#4650=DIRECTION('',(-1.,0.,0.));
#4651=DIRECTION('',(0.,-1.,0.));
#4652=DIRECTION('',(1.,0.,0.));
#4653=DIRECTION('',(0.,1.,0.));
#4654=DIRECTION('',(-1.,0.,0.));
#4655=DIRECTION('',(0.,-1.,0.));
#4656=DIRECTION('',(1.,0.,0.));
#4657=DIRECTION('',(0.,1.,0.));
#4658=DIRECTION('',(-1.,0.,0.));
#4659=DIRECTION('',(0.,-1.,0.));
#4660=DIRECTION('',(1.,0.,0.));
#4661=DIRECTION('',(0.,1.,0.));
#4662=DIRECTION('',(-1.,0.,0.));
#4663=DIRECTION('',(0.,-1.,0.));
#4664=DIRECTION('',(1.,0.,0.));
#4665=DIRECTION('',(0.,1.,0.));
#4666=DIRECTION('',(-1.,0.,0.));
#4667=DIRECTION('',(0.,-1.,0.));
#4668=DIRECTION('',(1.,0.,0.));
#4669=DIRECTION('',(0.,1.,0.));
#4670=DIRECTION('',(-1.,0.,0.));
#4671=DIRECTION('',(0.,-1.,0.));
#4672=DIRECTION('',(1.,0.,0.));
#4673=DIRECTION('center_axis',(0.,1.,0.));
#4674=DIRECTION('ref_axis',(-1.,0.,0.));
#4675=DIRECTION('',(0.,0.,1.));
#4676=DIRECTION('',(0.,0.,1.));
#4677=DIRECTION('center_axis',(-1.,0.,0.));
#4678=DIRECTION('ref_axis',(0.,-1.,0.));
#4679=DIRECTION('',(0.,0.,1.));
#4680=DIRECTION('center_axis',(0.,-1.,0.));
#4681=DIRECTION('ref_axis',(1.,0.,0.));
#4682=DIRECTION('',(0.,0.,1.));
#4683=DIRECTION('center_axis',(1.,0.,0.));
#4684=DIRECTION('ref_axis',(0.,1.,0.));
#4685=DIRECTION('center_axis',(0.,1.,0.));
#4686=DIRECTION('ref_axis',(-1.,0.,0.));
#4687=DIRECTION('',(0.,0.,1.));
#4688=DIRECTION('',(0.,0.,1.));
#4689=DIRECTION('center_axis',(-1.,0.,0.));
#4690=DIRECTION('ref_axis',(0.,-1.,0.));
#4691=DIRECTION('',(0.,0.,1.));
#4692=DIRECTION('center_axis',(0.,-1.,0.));
#4693=DIRECTION('ref_axis',(1.,0.,0.));
#4694=DIRECTION('',(0.,0.,1.));
#4695=DIRECTION('center_axis',(1.,0.,0.));
#4696=DIRECTION('ref_axis',(0.,1.,0.));
#4697=DIRECTION('center_axis',(0.,1.,0.));
#4698=DIRECTION('ref_axis',(-1.,0.,0.));
#4699=DIRECTION('',(0.,0.,1.));
#4700=DIRECTION('',(0.,0.,1.));
#4701=DIRECTION('center_axis',(-1.,0.,0.));
#4702=DIRECTION('ref_axis',(0.,-1.,0.));
#4703=DIRECTION('',(0.,0.,1.));
#4704=DIRECTION('center_axis',(0.,-1.,0.));
#4705=DIRECTION('ref_axis',(1.,0.,0.));
#4706=DIRECTION('',(0.,0.,1.));
#4707=DIRECTION('center_axis',(1.,0.,0.));
#4708=DIRECTION('ref_axis',(0.,1.,0.));
#4709=DIRECTION('center_axis',(0.,1.,0.));
#4710=DIRECTION('ref_axis',(-1.,0.,0.));
#4711=DIRECTION('',(0.,0.,1.));
#4712=DIRECTION('',(0.,0.,1.));
#4713=DIRECTION('center_axis',(-1.,0.,0.));
#4714=DIRECTION('ref_axis',(0.,-1.,0.));
#4715=DIRECTION('',(0.,0.,1.));
#4716=DIRECTION('center_axis',(0.,-1.,0.));
#4717=DIRECTION('ref_axis',(1.,0.,0.));
#4718=DIRECTION('',(0.,0.,1.));
#4719=DIRECTION('center_axis',(1.,0.,0.));
#4720=DIRECTION('ref_axis',(0.,1.,0.));
#4721=DIRECTION('center_axis',(0.,1.,0.));
#4722=DIRECTION('ref_axis',(-1.,0.,0.));
#4723=DIRECTION('',(0.,0.,1.));
#4724=DIRECTION('',(0.,0.,1.));
#4725=DIRECTION('center_axis',(-1.,0.,0.));
#4726=DIRECTION('ref_axis',(0.,-1.,0.));
#4727=DIRECTION('',(0.,0.,1.));
#4728=DIRECTION('center_axis',(0.,-1.,0.));
#4729=DIRECTION('ref_axis',(1.,0.,0.));
#4730=DIRECTION('',(0.,0.,1.));
#4731=DIRECTION('center_axis',(1.,0.,0.));
#4732=DIRECTION('ref_axis',(0.,1.,0.));
#4733=DIRECTION('center_axis',(0.,1.,0.));
#4734=DIRECTION('ref_axis',(-1.,0.,0.));
#4735=DIRECTION('',(0.,0.,1.));
#4736=DIRECTION('',(0.,0.,1.));
#4737=DIRECTION('center_axis',(-1.,0.,0.));
#4738=DIRECTION('ref_axis',(0.,-1.,0.));
#4739=DIRECTION('',(0.,0.,1.));
#4740=DIRECTION('center_axis',(0.,-1.,0.));
#4741=DIRECTION('ref_axis',(1.,0.,0.));
#4742=DIRECTION('',(0.,0.,1.));
#4743=DIRECTION('center_axis',(1.,0.,0.));
#4744=DIRECTION('ref_axis',(0.,1.,0.));
#4745=DIRECTION('center_axis',(0.,1.,0.));
#4746=DIRECTION('ref_axis',(-1.,0.,0.));
#4747=DIRECTION('',(0.,0.,1.));
#4748=DIRECTION('',(0.,0.,1.));
#4749=DIRECTION('center_axis',(-1.,0.,0.));
#4750=DIRECTION('ref_axis',(0.,-1.,0.));
#4751=DIRECTION('',(0.,0.,1.));
#4752=DIRECTION('center_axis',(0.,-1.,0.));
#4753=DIRECTION('ref_axis',(1.,0.,0.));
#4754=DIRECTION('',(0.,0.,1.));
#4755=DIRECTION('center_axis',(1.,0.,0.));
#4756=DIRECTION('ref_axis',(0.,1.,0.));
#4757=DIRECTION('center_axis',(0.,1.,0.));
#4758=DIRECTION('ref_axis',(-1.,0.,0.));
#4759=DIRECTION('',(0.,0.,1.));
#4760=DIRECTION('',(0.,0.,1.));
#4761=DIRECTION('center_axis',(-1.,0.,0.));
#4762=DIRECTION('ref_axis',(0.,-1.,0.));
#4763=DIRECTION('',(0.,0.,1.));
#4764=DIRECTION('center_axis',(0.,-1.,0.));
#4765=DIRECTION('ref_axis',(1.,0.,0.));
#4766=DIRECTION('',(0.,0.,1.));
#4767=DIRECTION('center_axis',(1.,0.,0.));
#4768=DIRECTION('ref_axis',(0.,1.,0.));
#4769=DIRECTION('center_axis',(0.,1.,0.));
#4770=DIRECTION('ref_axis',(-1.,0.,0.));
#4771=DIRECTION('',(0.,0.,1.));
#4772=DIRECTION('',(0.,0.,1.));
#4773=DIRECTION('center_axis',(-1.,0.,0.));
#4774=DIRECTION('ref_axis',(0.,-1.,0.));
#4775=DIRECTION('',(0.,0.,1.));
#4776=DIRECTION('center_axis',(0.,-1.,0.));
#4777=DIRECTION('ref_axis',(1.,0.,0.));
#4778=DIRECTION('',(0.,0.,1.));
#4779=DIRECTION('center_axis',(1.,0.,0.));
#4780=DIRECTION('ref_axis',(0.,1.,0.));
#4781=DIRECTION('center_axis',(0.,1.,0.));
#4782=DIRECTION('ref_axis',(-1.,0.,0.));
#4783=DIRECTION('',(0.,0.,1.));
#4784=DIRECTION('',(0.,0.,1.));
#4785=DIRECTION('center_axis',(-1.,0.,0.));
#4786=DIRECTION('ref_axis',(0.,-1.,0.));
#4787=DIRECTION('',(0.,0.,1.));
#4788=DIRECTION('center_axis',(0.,-1.,0.));
#4789=DIRECTION('ref_axis',(1.,0.,0.));
#4790=DIRECTION('',(0.,0.,1.));
#4791=DIRECTION('center_axis',(1.,0.,0.));
#4792=DIRECTION('ref_axis',(0.,1.,0.));
#4793=DIRECTION('center_axis',(0.,1.,0.));
#4794=DIRECTION('ref_axis',(-1.,0.,0.));
#4795=DIRECTION('',(0.,0.,1.));
#4796=DIRECTION('',(0.,0.,1.));
#4797=DIRECTION('center_axis',(-1.,0.,0.));
#4798=DIRECTION('ref_axis',(0.,-1.,0.));
#4799=DIRECTION('',(0.,0.,1.));
#4800=DIRECTION('center_axis',(0.,-1.,0.));
#4801=DIRECTION('ref_axis',(1.,0.,0.));
#4802=DIRECTION('',(0.,0.,1.));
#4803=DIRECTION('center_axis',(1.,0.,0.));
#4804=DIRECTION('ref_axis',(0.,1.,0.));
#4805=DIRECTION('center_axis',(0.,-1.,0.));
#4806=DIRECTION('ref_axis',(1.,0.,0.));
#4807=DIRECTION('',(0.,0.,1.));
#4808=DIRECTION('',(0.,0.,1.));
#4809=DIRECTION('center_axis',(1.,0.,0.));
#4810=DIRECTION('ref_axis',(0.,1.,0.));
#4811=DIRECTION('',(0.,0.,1.));
#4812=DIRECTION('center_axis',(0.,-1.,0.));
#4813=DIRECTION('ref_axis',(1.,0.,0.));
#4814=DIRECTION('',(0.,0.,1.));
#4815=DIRECTION('center_axis',(1.,0.,0.));
#4816=DIRECTION('ref_axis',(0.,1.,0.));
#4817=DIRECTION('',(0.,0.,1.));
#4818=DIRECTION('center_axis',(0.,-1.,0.));
#4819=DIRECTION('ref_axis',(1.,0.,0.));
#4820=DIRECTION('',(0.,0.,1.));
#4821=DIRECTION('center_axis',(1.,0.,0.));
#4822=DIRECTION('ref_axis',(0.,1.,0.));
#4823=DIRECTION('',(0.,0.,1.));
#4824=DIRECTION('center_axis',(0.,1.,0.));
#4825=DIRECTION('ref_axis',(-1.,0.,0.));
#4826=DIRECTION('',(0.,0.,1.));
#4827=DIRECTION('center_axis',(1.,0.,0.));
#4828=DIRECTION('ref_axis',(0.,1.,0.));
#4829=DIRECTION('',(0.,0.,1.));
#4830=DIRECTION('center_axis',(0.,1.,0.));
#4831=DIRECTION('ref_axis',(-1.,0.,0.));
#4832=DIRECTION('',(0.,0.,1.));
#4833=DIRECTION('center_axis',(1.,0.,0.));
#4834=DIRECTION('ref_axis',(0.,1.,0.));
#4835=DIRECTION('',(0.,0.,1.));
#4836=DIRECTION('center_axis',(0.,-1.,0.));
#4837=DIRECTION('ref_axis',(1.,0.,0.));
#4838=DIRECTION('',(0.,0.,1.));
#4839=DIRECTION('center_axis',(1.,0.,0.));
#4840=DIRECTION('ref_axis',(0.,1.,0.));
#4841=DIRECTION('',(0.,0.,1.));
#4842=DIRECTION('center_axis',(0.,1.,0.));
#4843=DIRECTION('ref_axis',(-1.,0.,0.));
#4844=DIRECTION('',(0.,0.,1.));
#4845=DIRECTION('center_axis',(1.,0.,0.));
#4846=DIRECTION('ref_axis',(0.,1.,0.));
#4847=DIRECTION('',(0.,0.,1.));
#4848=DIRECTION('center_axis',(0.,-1.,0.));
#4849=DIRECTION('ref_axis',(1.,0.,0.));
#4850=DIRECTION('',(0.,0.,1.));
#4851=DIRECTION('center_axis',(1.,0.,0.));
#4852=DIRECTION('ref_axis',(0.,1.,0.));
#4853=DIRECTION('',(0.,0.,1.));
#4854=DIRECTION('center_axis',(0.,-1.,0.));
#4855=DIRECTION('ref_axis',(1.,0.,0.));
#4856=DIRECTION('',(0.,0.,1.));
#4857=DIRECTION('center_axis',(1.,0.,0.));
#4858=DIRECTION('ref_axis',(0.,1.,0.));
#4859=DIRECTION('',(0.,0.,1.));
#4860=DIRECTION('center_axis',(0.,1.,0.));
#4861=DIRECTION('ref_axis',(-1.,0.,0.));
#4862=DIRECTION('',(0.,0.,1.));
#4863=DIRECTION('center_axis',(1.,0.,0.));
#4864=DIRECTION('ref_axis',(0.,1.,0.));
#4865=DIRECTION('',(0.,0.,1.));
#4866=DIRECTION('center_axis',(0.,1.,0.));
#4867=DIRECTION('ref_axis',(-1.,0.,0.));
#4868=DIRECTION('',(0.,0.,1.));
#4869=DIRECTION('center_axis',(1.,0.,0.));
#4870=DIRECTION('ref_axis',(0.,1.,0.));
#4871=DIRECTION('',(0.,0.,1.));
#4872=DIRECTION('center_axis',(0.,1.,0.));
#4873=DIRECTION('ref_axis',(-1.,0.,0.));
#4874=DIRECTION('',(0.,0.,1.));
#4875=DIRECTION('center_axis',(-1.,0.,0.));
#4876=DIRECTION('ref_axis',(0.,-1.,0.));
#4877=DIRECTION('',(0.,0.,1.));
#4878=DIRECTION('center_axis',(0.,1.,0.));
#4879=DIRECTION('ref_axis',(-1.,0.,0.));
#4880=DIRECTION('',(0.,0.,1.));
#4881=DIRECTION('center_axis',(-1.,0.,0.));
#4882=DIRECTION('ref_axis',(0.,-1.,0.));
#4883=DIRECTION('',(0.,0.,1.));
#4884=DIRECTION('center_axis',(0.,-1.,0.));
#4885=DIRECTION('ref_axis',(1.,0.,0.));
#4886=DIRECTION('',(0.,0.,1.));
#4887=DIRECTION('center_axis',(-1.,0.,0.));
#4888=DIRECTION('ref_axis',(0.,-1.,0.));
#4889=DIRECTION('',(0.,0.,1.));
#4890=DIRECTION('center_axis',(0.,1.,0.));
#4891=DIRECTION('ref_axis',(-1.,0.,0.));
#4892=DIRECTION('',(0.,0.,1.));
#4893=DIRECTION('center_axis',(-1.,0.,0.));
#4894=DIRECTION('ref_axis',(0.,-1.,0.));
#4895=DIRECTION('',(0.,0.,1.));
#4896=DIRECTION('center_axis',(0.,-1.,0.));
#4897=DIRECTION('ref_axis',(1.,0.,0.));
#4898=DIRECTION('',(0.,0.,1.));
#4899=DIRECTION('center_axis',(-1.,0.,0.));
#4900=DIRECTION('ref_axis',(0.,-1.,0.));
#4901=DIRECTION('',(0.,0.,1.));
#4902=DIRECTION('center_axis',(0.,1.,0.));
#4903=DIRECTION('ref_axis',(-1.,0.,0.));
#4904=DIRECTION('',(0.,0.,1.));
#4905=DIRECTION('center_axis',(-1.,0.,0.));
#4906=DIRECTION('ref_axis',(0.,-1.,0.));
#4907=DIRECTION('',(0.,0.,1.));
#4908=DIRECTION('center_axis',(0.,-1.,0.));
#4909=DIRECTION('ref_axis',(1.,0.,0.));
#4910=DIRECTION('',(0.,0.,1.));
#4911=DIRECTION('center_axis',(-1.,0.,0.));
#4912=DIRECTION('ref_axis',(0.,-1.,0.));
#4913=DIRECTION('center_axis',(0.,1.,0.));
#4914=DIRECTION('ref_axis',(-1.,0.,0.));
#4915=DIRECTION('',(0.,0.,1.));
#4916=DIRECTION('',(0.,0.,1.));
#4917=DIRECTION('center_axis',(-1.,0.,0.));
#4918=DIRECTION('ref_axis',(0.,-1.,0.));
#4919=DIRECTION('',(0.,0.,1.));
#4920=DIRECTION('center_axis',(0.,-1.,0.));
#4921=DIRECTION('ref_axis',(1.,0.,0.));
#4922=DIRECTION('',(0.,0.,1.));
#4923=DIRECTION('center_axis',(1.,0.,0.));
#4924=DIRECTION('ref_axis',(0.,1.,0.));
#4925=DIRECTION('center_axis',(0.,1.,0.));
#4926=DIRECTION('ref_axis',(-1.,0.,0.));
#4927=DIRECTION('',(0.,0.,1.));
#4928=DIRECTION('',(0.,0.,1.));
#4929=DIRECTION('center_axis',(-1.,0.,0.));
#4930=DIRECTION('ref_axis',(0.,-1.,0.));
#4931=DIRECTION('',(0.,0.,1.));
#4932=DIRECTION('center_axis',(0.,-1.,0.));
#4933=DIRECTION('ref_axis',(1.,0.,0.));
#4934=DIRECTION('',(0.,0.,1.));
#4935=DIRECTION('center_axis',(1.,0.,0.));
#4936=DIRECTION('ref_axis',(0.,1.,0.));
#4937=DIRECTION('center_axis',(0.,1.,0.));
#4938=DIRECTION('ref_axis',(-1.,0.,0.));
#4939=DIRECTION('',(0.,0.,1.));
#4940=DIRECTION('',(0.,0.,1.));
#4941=DIRECTION('center_axis',(-1.,0.,0.));
#4942=DIRECTION('ref_axis',(0.,-1.,0.));
#4943=DIRECTION('',(0.,0.,1.));
#4944=DIRECTION('center_axis',(0.,-1.,0.));
#4945=DIRECTION('ref_axis',(1.,0.,0.));
#4946=DIRECTION('',(0.,0.,1.));
#4947=DIRECTION('center_axis',(1.,0.,0.));
#4948=DIRECTION('ref_axis',(0.,1.,0.));
#4949=DIRECTION('center_axis',(0.,1.,0.));
#4950=DIRECTION('ref_axis',(-1.,0.,0.));
#4951=DIRECTION('',(0.,0.,1.));
#4952=DIRECTION('',(0.,0.,1.));
#4953=DIRECTION('center_axis',(-1.,0.,0.));
#4954=DIRECTION('ref_axis',(0.,-1.,0.));
#4955=DIRECTION('',(0.,0.,1.));
#4956=DIRECTION('center_axis',(0.,-1.,0.));
#4957=DIRECTION('ref_axis',(1.,0.,0.));
#4958=DIRECTION('',(0.,0.,1.));
#4959=DIRECTION('center_axis',(1.,0.,0.));
#4960=DIRECTION('ref_axis',(0.,1.,0.));
#4961=DIRECTION('center_axis',(0.,1.,0.));
#4962=DIRECTION('ref_axis',(-1.,0.,0.));
#4963=DIRECTION('',(0.,0.,1.));
#4964=DIRECTION('',(0.,0.,1.));
#4965=DIRECTION('center_axis',(-1.,0.,0.));
#4966=DIRECTION('ref_axis',(0.,-1.,0.));
#4967=DIRECTION('',(0.,0.,1.));
#4968=DIRECTION('center_axis',(0.,-1.,0.));
#4969=DIRECTION('ref_axis',(1.,0.,0.));
#4970=DIRECTION('',(0.,0.,1.));
#4971=DIRECTION('center_axis',(1.,0.,0.));
#4972=DIRECTION('ref_axis',(0.,1.,0.));
#4973=DIRECTION('center_axis',(0.,1.,0.));
#4974=DIRECTION('ref_axis',(-1.,0.,0.));
#4975=DIRECTION('',(0.,0.,1.));
#4976=DIRECTION('',(0.,0.,1.));
#4977=DIRECTION('center_axis',(-1.,0.,0.));
#4978=DIRECTION('ref_axis',(0.,-1.,0.));
#4979=DIRECTION('',(0.,0.,1.));
#4980=DIRECTION('center_axis',(0.,-1.,0.));
#4981=DIRECTION('ref_axis',(1.,0.,0.));
#4982=DIRECTION('',(0.,0.,1.));
#4983=DIRECTION('center_axis',(1.,0.,0.));
#4984=DIRECTION('ref_axis',(0.,1.,0.));
#4985=DIRECTION('center_axis',(0.,-1.,0.));
#4986=DIRECTION('ref_axis',(1.,0.,0.));
#4987=DIRECTION('',(0.,0.,1.));
#4988=DIRECTION('',(0.,0.,1.));
#4989=DIRECTION('center_axis',(1.,0.,0.));
#4990=DIRECTION('ref_axis',(0.,1.,0.));
#4991=DIRECTION('',(0.,0.,1.));
#4992=DIRECTION('center_axis',(0.,-1.,0.));
#4993=DIRECTION('ref_axis',(1.,0.,0.));
#4994=DIRECTION('',(0.,0.,1.));
#4995=DIRECTION('center_axis',(1.,0.,0.));
#4996=DIRECTION('ref_axis',(0.,1.,0.));
#4997=DIRECTION('',(0.,0.,1.));
#4998=DIRECTION('center_axis',(0.,-1.,0.));
#4999=DIRECTION('ref_axis',(1.,0.,0.));
#5000=DIRECTION('',(0.,0.,1.));
#5001=DIRECTION('center_axis',(1.,0.,0.));
#5002=DIRECTION('ref_axis',(0.,1.,0.));
#5003=DIRECTION('',(0.,0.,1.));
#5004=DIRECTION('center_axis',(0.,1.,0.));
#5005=DIRECTION('ref_axis',(-1.,0.,0.));
#5006=DIRECTION('',(0.,0.,1.));
#5007=DIRECTION('center_axis',(1.,0.,0.));
#5008=DIRECTION('ref_axis',(0.,1.,0.));
#5009=DIRECTION('',(0.,0.,1.));
#5010=DIRECTION('center_axis',(0.,1.,0.));
#5011=DIRECTION('ref_axis',(-1.,0.,0.));
#5012=DIRECTION('',(0.,0.,1.));
#5013=DIRECTION('center_axis',(1.,0.,0.));
#5014=DIRECTION('ref_axis',(0.,1.,0.));
#5015=DIRECTION('',(0.,0.,1.));
#5016=DIRECTION('center_axis',(0.,-1.,0.));
#5017=DIRECTION('ref_axis',(1.,0.,0.));
#5018=DIRECTION('',(0.,0.,1.));
#5019=DIRECTION('center_axis',(1.,0.,0.));
#5020=DIRECTION('ref_axis',(0.,1.,0.));
#5021=DIRECTION('',(0.,0.,1.));
#5022=DIRECTION('center_axis',(0.,1.,0.));
#5023=DIRECTION('ref_axis',(-1.,0.,0.));
#5024=DIRECTION('',(0.,0.,1.));
#5025=DIRECTION('center_axis',(1.,0.,0.));
#5026=DIRECTION('ref_axis',(0.,1.,0.));
#5027=DIRECTION('',(0.,0.,1.));
#5028=DIRECTION('center_axis',(0.,-1.,0.));
#5029=DIRECTION('ref_axis',(1.,0.,0.));
#5030=DIRECTION('',(0.,0.,1.));
#5031=DIRECTION('center_axis',(1.,0.,0.));
#5032=DIRECTION('ref_axis',(0.,1.,0.));
#5033=DIRECTION('',(0.,0.,1.));
#5034=DIRECTION('center_axis',(0.,-1.,0.));
#5035=DIRECTION('ref_axis',(1.,0.,0.));
#5036=DIRECTION('',(0.,0.,1.));
#5037=DIRECTION('center_axis',(1.,0.,0.));
#5038=DIRECTION('ref_axis',(0.,1.,0.));
#5039=DIRECTION('',(0.,0.,1.));
#5040=DIRECTION('center_axis',(0.,1.,0.));
#5041=DIRECTION('ref_axis',(-1.,0.,0.));
#5042=DIRECTION('',(0.,0.,1.));
#5043=DIRECTION('center_axis',(1.,0.,0.));
#5044=DIRECTION('ref_axis',(0.,1.,0.));
#5045=DIRECTION('',(0.,0.,1.));
#5046=DIRECTION('center_axis',(0.,1.,0.));
#5047=DIRECTION('ref_axis',(-1.,0.,0.));
#5048=DIRECTION('',(0.,0.,1.));
#5049=DIRECTION('center_axis',(1.,0.,0.));
#5050=DIRECTION('ref_axis',(0.,1.,0.));
#5051=DIRECTION('',(0.,0.,1.));
#5052=DIRECTION('center_axis',(0.,1.,0.));
#5053=DIRECTION('ref_axis',(-1.,0.,0.));
#5054=DIRECTION('',(0.,0.,1.));
#5055=DIRECTION('center_axis',(-1.,0.,0.));
#5056=DIRECTION('ref_axis',(0.,-1.,0.));
#5057=DIRECTION('',(0.,0.,1.));
#5058=DIRECTION('center_axis',(0.,1.,0.));
#5059=DIRECTION('ref_axis',(-1.,0.,0.));
#5060=DIRECTION('',(0.,0.,1.));
#5061=DIRECTION('center_axis',(-1.,0.,0.));
#5062=DIRECTION('ref_axis',(0.,-1.,0.));
#5063=DIRECTION('',(0.,0.,1.));
#5064=DIRECTION('center_axis',(0.,-1.,0.));
#5065=DIRECTION('ref_axis',(1.,0.,0.));
#5066=DIRECTION('',(0.,0.,1.));
#5067=DIRECTION('center_axis',(-1.,0.,0.));
#5068=DIRECTION('ref_axis',(0.,-1.,0.));
#5069=DIRECTION('',(0.,0.,1.));
#5070=DIRECTION('center_axis',(0.,1.,0.));
#5071=DIRECTION('ref_axis',(-1.,0.,0.));
#5072=DIRECTION('',(0.,0.,1.));
#5073=DIRECTION('center_axis',(-1.,0.,0.));
#5074=DIRECTION('ref_axis',(0.,-1.,0.));
#5075=DIRECTION('',(0.,0.,1.));
#5076=DIRECTION('center_axis',(0.,-1.,0.));
#5077=DIRECTION('ref_axis',(1.,0.,0.));
#5078=DIRECTION('',(0.,0.,1.));
#5079=DIRECTION('center_axis',(-1.,0.,0.));
#5080=DIRECTION('ref_axis',(0.,-1.,0.));
#5081=DIRECTION('',(0.,0.,1.));
#5082=DIRECTION('center_axis',(0.,1.,0.));
#5083=DIRECTION('ref_axis',(-1.,0.,0.));
#5084=DIRECTION('',(0.,0.,1.));
#5085=DIRECTION('center_axis',(-1.,0.,0.));
#5086=DIRECTION('ref_axis',(0.,-1.,0.));
#5087=DIRECTION('',(0.,0.,1.));
#5088=DIRECTION('center_axis',(0.,-1.,0.));
#5089=DIRECTION('ref_axis',(1.,0.,0.));
#5090=DIRECTION('',(0.,0.,1.));
#5091=DIRECTION('center_axis',(-1.,0.,0.));
#5092=DIRECTION('ref_axis',(0.,-1.,0.));
#5093=DIRECTION('center_axis',(-3.96528049482887E-17,1.,0.));
#5094=DIRECTION('ref_axis',(-1.,-3.96528049482887E-17,0.));
#5095=DIRECTION('',(0.,0.,1.));
#5096=DIRECTION('',(0.,0.,1.));
#5097=DIRECTION('center_axis',(-1.,0.,0.));
#5098=DIRECTION('ref_axis',(0.,-1.,0.));
#5099=DIRECTION('',(0.,0.,1.));
#5100=DIRECTION('center_axis',(0.,-1.,0.));
#5101=DIRECTION('ref_axis',(1.,0.,0.));
#5102=DIRECTION('',(0.,0.,1.));
#5103=DIRECTION('center_axis',(1.,0.,0.));
#5104=DIRECTION('ref_axis',(0.,1.,0.));
#5105=DIRECTION('center_axis',(0.,-1.,0.));
#5106=DIRECTION('ref_axis',(1.,0.,0.));
#5107=DIRECTION('',(0.,0.,1.));
#5108=DIRECTION('',(0.,0.,1.));
#5109=DIRECTION('center_axis',(1.,0.,0.));
#5110=DIRECTION('ref_axis',(0.,1.,0.));
#5111=DIRECTION('',(0.,0.,1.));
#5112=DIRECTION('center_axis',(0.,-1.,0.));
#5113=DIRECTION('ref_axis',(1.,0.,0.));
#5114=DIRECTION('',(0.,0.,1.));
#5115=DIRECTION('center_axis',(-1.,0.,0.));
#5116=DIRECTION('ref_axis',(0.,-1.,0.));
#5117=DIRECTION('',(0.,0.,1.));
#5118=DIRECTION('center_axis',(0.,-1.,0.));
#5119=DIRECTION('ref_axis',(1.,0.,0.));
#5120=DIRECTION('',(0.,0.,1.));
#5121=DIRECTION('center_axis',(1.,1.71855828708888E-16,0.));
#5122=DIRECTION('ref_axis',(-1.71855828708888E-16,1.,0.));
#5123=DIRECTION('',(0.,0.,1.));
#5124=DIRECTION('center_axis',(0.,-1.,0.));
#5125=DIRECTION('ref_axis',(1.,0.,0.));
#5126=DIRECTION('',(0.,0.,1.));
#5127=DIRECTION('center_axis',(1.,0.,0.));
#5128=DIRECTION('ref_axis',(0.,1.,0.));
#5129=DIRECTION('',(0.,0.,1.));
#5130=DIRECTION('center_axis',(0.,1.,0.));
#5131=DIRECTION('ref_axis',(-1.,0.,0.));
#5132=DIRECTION('',(0.,0.,1.));
#5133=DIRECTION('center_axis',(1.,0.,0.));
#5134=DIRECTION('ref_axis',(0.,1.,0.));
#5135=DIRECTION('',(0.,0.,1.));
#5136=DIRECTION('center_axis',(0.,1.,0.));
#5137=DIRECTION('ref_axis',(-1.,0.,0.));
#5138=DIRECTION('',(0.,0.,1.));
#5139=DIRECTION('center_axis',(1.,0.,0.));
#5140=DIRECTION('ref_axis',(0.,1.,0.));
#5141=DIRECTION('',(0.,0.,1.));
#5142=DIRECTION('center_axis',(0.,1.,0.));
#5143=DIRECTION('ref_axis',(-1.,0.,0.));
#5144=DIRECTION('',(0.,0.,1.));
#5145=DIRECTION('center_axis',(-1.,0.,0.));
#5146=DIRECTION('ref_axis',(0.,-1.,0.));
#5147=DIRECTION('',(0.,0.,1.));
#5148=DIRECTION('center_axis',(0.,1.,0.));
#5149=DIRECTION('ref_axis',(-1.,0.,0.));
#5150=DIRECTION('',(0.,0.,1.));
#5151=DIRECTION('center_axis',(-1.,0.,0.));
#5152=DIRECTION('ref_axis',(0.,-1.,0.));
#5153=DIRECTION('',(0.,0.,1.));
#5154=DIRECTION('center_axis',(0.,1.,0.));
#5155=DIRECTION('ref_axis',(-1.,0.,0.));
#5156=DIRECTION('',(0.,0.,1.));
#5157=DIRECTION('center_axis',(1.,0.,0.));
#5158=DIRECTION('ref_axis',(0.,1.,0.));
#5159=DIRECTION('',(0.,0.,1.));
#5160=DIRECTION('center_axis',(0.,1.,0.));
#5161=DIRECTION('ref_axis',(-1.,0.,0.));
#5162=DIRECTION('',(0.,0.,1.));
#5163=DIRECTION('center_axis',(-1.,0.,0.));
#5164=DIRECTION('ref_axis',(0.,-1.,0.));
#5165=DIRECTION('',(0.,0.,1.));
#5166=DIRECTION('center_axis',(0.,1.,0.));
#5167=DIRECTION('ref_axis',(-1.,0.,0.));
#5168=DIRECTION('',(0.,0.,1.));
#5169=DIRECTION('center_axis',(1.,0.,0.));
#5170=DIRECTION('ref_axis',(0.,1.,0.));
#5171=DIRECTION('',(0.,0.,1.));
#5172=DIRECTION('center_axis',(0.,1.,0.));
#5173=DIRECTION('ref_axis',(-1.,0.,0.));
#5174=DIRECTION('',(0.,0.,1.));
#5175=DIRECTION('center_axis',(1.,0.,0.));
#5176=DIRECTION('ref_axis',(0.,1.,0.));
#5177=DIRECTION('',(0.,0.,1.));
#5178=DIRECTION('center_axis',(0.,1.,0.));
#5179=DIRECTION('ref_axis',(-1.,0.,0.));
#5180=DIRECTION('',(0.,0.,1.));
#5181=DIRECTION('center_axis',(-1.,0.,0.));
#5182=DIRECTION('ref_axis',(0.,-1.,0.));
#5183=DIRECTION('',(0.,0.,1.));
#5184=DIRECTION('center_axis',(0.,1.,0.));
#5185=DIRECTION('ref_axis',(-1.,0.,0.));
#5186=DIRECTION('',(0.,0.,1.));
#5187=DIRECTION('center_axis',(-1.,0.,0.));
#5188=DIRECTION('ref_axis',(0.,-1.,0.));
#5189=DIRECTION('',(0.,0.,1.));
#5190=DIRECTION('center_axis',(0.,1.,0.));
#5191=DIRECTION('ref_axis',(-1.,0.,0.));
#5192=DIRECTION('',(0.,0.,1.));
#5193=DIRECTION('center_axis',(-1.,0.,0.));
#5194=DIRECTION('ref_axis',(0.,-1.,0.));
#5195=DIRECTION('',(0.,0.,1.));
#5196=DIRECTION('center_axis',(0.,-1.,0.));
#5197=DIRECTION('ref_axis',(1.,0.,0.));
#5198=DIRECTION('',(0.,0.,1.));
#5199=DIRECTION('center_axis',(-1.,0.,0.));
#5200=DIRECTION('ref_axis',(0.,-1.,0.));
#5201=DIRECTION('',(0.,0.,1.));
#5202=DIRECTION('center_axis',(0.,-1.,0.));
#5203=DIRECTION('ref_axis',(1.,0.,0.));
#5204=DIRECTION('',(0.,0.,1.));
#5205=DIRECTION('center_axis',(1.,0.,0.));
#5206=DIRECTION('ref_axis',(0.,1.,0.));
#5207=DIRECTION('',(0.,0.,1.));
#5208=DIRECTION('center_axis',(0.,-1.,0.));
#5209=DIRECTION('ref_axis',(1.,0.,0.));
#5210=DIRECTION('',(0.,0.,1.));
#5211=DIRECTION('center_axis',(-1.,0.,0.));
#5212=DIRECTION('ref_axis',(0.,-1.,0.));
#5213=CARTESIAN_POINT('',(0.,0.,0.));
#5214=CARTESIAN_POINT('Origin',(2.3950846,2.734082,0.));
#5215=CARTESIAN_POINT('',(2.3950846,0.734082000000003,1.5));
#5216=CARTESIAN_POINT('',(0.395084600000001,2.734082,1.5));
#5217=CARTESIAN_POINT('Origin',(2.3950846,2.734082,1.5));
#5218=CARTESIAN_POINT('',(0.395084600000001,2.734082,0.));
#5219=CARTESIAN_POINT('',(0.395084600000002,2.734082,0.));
#5220=CARTESIAN_POINT('',(2.3950846,0.734082000000003,0.));
#5221=CARTESIAN_POINT('Origin',(2.3950846,2.734082,0.));
#5222=CARTESIAN_POINT('',(2.3950846,0.734082,0.));
#5223=CARTESIAN_POINT('Origin',(0.3950846,119.496,0.));
#5224=CARTESIAN_POINT('',(0.395084599999999,117.196,1.5));
#5225=CARTESIAN_POINT('',(0.3950846,89.7305205,1.5));
#5226=CARTESIAN_POINT('',(0.395084599999999,117.196,0.));
#5227=CARTESIAN_POINT('',(0.3950846,117.196,0.));
#5228=CARTESIAN_POINT('',(0.3950846,89.7305205,0.));
#5229=CARTESIAN_POINT('Origin',(38.1951923,59.965041,1.5));
#5230=CARTESIAN_POINT('',(73.9953,0.734082000000003,1.5));
#5231=CARTESIAN_POINT('',(19.14513845,0.734082000000003,1.5));
#5232=CARTESIAN_POINT('',(75.9953,2.734082,1.5));
#5233=CARTESIAN_POINT('Origin',(73.9953,2.734082,1.5));
#5234=CARTESIAN_POINT('',(75.9953,117.196,1.5));
#5235=CARTESIAN_POINT('',(75.9953,30.1995615,1.5));
#5236=CARTESIAN_POINT('',(73.9953,119.196,1.5));
#5237=CARTESIAN_POINT('Origin',(73.9953,117.196,1.5));
#5238=CARTESIAN_POINT('',(2.3950846,119.196,1.5));
#5239=CARTESIAN_POINT('',(57.24524615,119.196,1.5));
#5240=CARTESIAN_POINT('Origin',(2.3950846,117.196,1.5));
#5241=CARTESIAN_POINT('',(26.1441,16.9595,1.5));
#5242=CARTESIAN_POINT('',(26.1441,12.2604,1.5));
#5243=CARTESIAN_POINT('',(26.1441,12.2604,1.5));
#5244=CARTESIAN_POINT('',(27.6696,12.2604,1.5));
#5245=CARTESIAN_POINT('',(27.6696,12.2604,1.5));
#5246=CARTESIAN_POINT('',(27.6696,15.4905,1.5));
#5247=CARTESIAN_POINT('',(27.6696,15.4905,1.5));
#5248=CARTESIAN_POINT('',(34.4193,15.4905,1.5));
#5249=CARTESIAN_POINT('',(34.4193,15.4905,1.5));
#5250=CARTESIAN_POINT('',(34.4193,12.2604,1.5));
#5251=CARTESIAN_POINT('',(34.4193,12.2604,1.5));
#5252=CARTESIAN_POINT('',(35.2447,12.2604,1.5));
#5253=CARTESIAN_POINT('',(35.2447,12.2604,1.5));
#5254=CARTESIAN_POINT('',(35.2447,9.46023,1.5));
#5255=CARTESIAN_POINT('',(35.2447,9.46023,1.5));
#5256=CARTESIAN_POINT('',(34.4193,9.46023,1.5));
#5257=CARTESIAN_POINT('',(34.4193,9.46023,1.5));
#5258=CARTESIAN_POINT('',(34.4193,3.19016,1.5));
#5259=CARTESIAN_POINT('',(34.4193,3.19016,1.5));
#5260=CARTESIAN_POINT('',(32.694,3.19016,1.5));
#5261=CARTESIAN_POINT('',(32.694,3.19016,1.5));
#5262=CARTESIAN_POINT('',(32.694,1.98989,1.5));
#5263=CARTESIAN_POINT('',(32.694,1.98989,1.5));
#5264=CARTESIAN_POINT('',(29.3949,1.98989,1.5));
#5265=CARTESIAN_POINT('',(29.3949,1.98989,1.5));
#5266=CARTESIAN_POINT('',(29.3949,3.19016,1.5));
#5267=CARTESIAN_POINT('',(29.3949,3.19016,1.5));
#5268=CARTESIAN_POINT('',(27.6696,3.19016,1.5));
#5269=CARTESIAN_POINT('',(27.6696,3.19016,1.5));
#5270=CARTESIAN_POINT('',(27.6696,7.6605,1.5));
#5271=CARTESIAN_POINT('',(27.6696,7.6605,1.5));
#5272=CARTESIAN_POINT('',(26.1441,7.6605,1.5));
#5273=CARTESIAN_POINT('',(26.1441,7.6605,1.5));
#5274=CARTESIAN_POINT('',(26.1441,2.96003,1.5));
#5275=CARTESIAN_POINT('',(26.1441,2.96003,1.5));
#5276=CARTESIAN_POINT('',(12.1447,2.96003,1.5));
#5277=CARTESIAN_POINT('',(12.1447,2.96003,1.5));
#5278=CARTESIAN_POINT('',(12.1447,7.6605,1.5));
#5279=CARTESIAN_POINT('',(12.1447,7.6605,1.5));
#5280=CARTESIAN_POINT('',(10.6192,7.6605,1.5));
#5281=CARTESIAN_POINT('',(10.6192,7.6605,1.5));
#5282=CARTESIAN_POINT('',(10.6192,3.19016,1.5));
#5283=CARTESIAN_POINT('',(10.6192,3.19016,1.5));
#5284=CARTESIAN_POINT('',(8.89385,3.19016,1.5));
#5285=CARTESIAN_POINT('',(8.89385,3.19016,1.5));
#5286=CARTESIAN_POINT('',(8.89385,1.98989,1.5));
#5287=CARTESIAN_POINT('',(8.89385,1.98989,1.5));
#5288=CARTESIAN_POINT('',(5.59484,1.98989,1.5));
#5289=CARTESIAN_POINT('',(5.59484,1.98989,1.5));
#5290=CARTESIAN_POINT('',(5.59484,3.19016,1.5));
#5291=CARTESIAN_POINT('',(5.59484,3.19016,1.5));
#5292=CARTESIAN_POINT('',(3.86955,3.19016,1.5));
#5293=CARTESIAN_POINT('',(3.86955,3.19016,1.5));
#5294=CARTESIAN_POINT('',(3.86955,9.46023,1.5));
#5295=CARTESIAN_POINT('',(3.86955,9.46023,1.5));
#5296=CARTESIAN_POINT('',(3.04409,9.46023,1.5));
#5297=CARTESIAN_POINT('',(3.04409,9.46023,1.5));
#5298=CARTESIAN_POINT('',(3.04409,12.2604,1.5));
#5299=CARTESIAN_POINT('',(3.04409,12.2604,1.5));
#5300=CARTESIAN_POINT('',(3.86955,12.2604,1.5));
#5301=CARTESIAN_POINT('',(3.86955,12.2604,1.5));
#5302=CARTESIAN_POINT('',(3.86954999999999,15.4905,1.5));
#5303=CARTESIAN_POINT('',(3.86955,15.4905,1.5));
#5304=CARTESIAN_POINT('',(10.6192,15.4905,1.5));
#5305=CARTESIAN_POINT('',(10.6192,15.4905,1.5));
#5306=CARTESIAN_POINT('',(10.6192,12.2604,1.5));
#5307=CARTESIAN_POINT('',(10.6192,12.2604,1.5));
#5308=CARTESIAN_POINT('',(12.1447,12.2604,1.5));
#5309=CARTESIAN_POINT('',(12.1447,12.2604,1.5));
#5310=CARTESIAN_POINT('',(12.1447,16.9595,1.5));
#5311=CARTESIAN_POINT('',(12.1447,16.9595,1.5));
#5312=CARTESIAN_POINT('',(26.1441,16.9595,1.5));
#5313=CARTESIAN_POINT('',(40.7197,2.96003,1.5));
#5314=CARTESIAN_POINT('',(40.7197,16.9595,1.5));
#5315=CARTESIAN_POINT('',(40.7197,2.96003,1.5));
#5316=CARTESIAN_POINT('',(54.719,16.9595,1.5));
#5317=CARTESIAN_POINT('',(40.7197,16.9595,1.5));
#5318=CARTESIAN_POINT('',(54.719,2.96003,1.5));
#5319=CARTESIAN_POINT('',(54.719,16.9595,1.5));
#5320=CARTESIAN_POINT('',(54.719,2.96003,1.5));
#5321=CARTESIAN_POINT('',(69.07,35.585,1.5));
#5322=CARTESIAN_POINT('',(69.07,34.7597,1.5));
#5323=CARTESIAN_POINT('',(69.07,34.7597,1.5));
#5324=CARTESIAN_POINT('',(72.3,34.7597,1.5));
#5325=CARTESIAN_POINT('',(72.3,34.7597,1.5));
#5326=CARTESIAN_POINT('',(72.3,28.01,1.5));
#5327=CARTESIAN_POINT('',(72.3,28.01,1.5));
#5328=CARTESIAN_POINT('',(69.07,28.01,1.5));
#5329=CARTESIAN_POINT('',(69.07,28.01,1.5));
#5330=CARTESIAN_POINT('',(69.07,26.4845,1.5));
#5331=CARTESIAN_POINT('',(69.07,26.4845,1.5));
#5332=CARTESIAN_POINT('',(73.769,26.4845,1.5));
#5333=CARTESIAN_POINT('',(73.769,26.4845,1.5));
#5334=CARTESIAN_POINT('',(73.769,12.485,1.5));
#5335=CARTESIAN_POINT('',(73.769,12.485,1.5));
#5336=CARTESIAN_POINT('',(69.07,12.485,1.5));
#5337=CARTESIAN_POINT('',(69.07,12.485,1.5));
#5338=CARTESIAN_POINT('',(69.07,10.9595,1.5));
#5339=CARTESIAN_POINT('',(69.07,10.9595,1.5));
#5340=CARTESIAN_POINT('',(72.3,10.9595,1.5));
#5341=CARTESIAN_POINT('',(72.3,10.9595,1.5));
#5342=CARTESIAN_POINT('',(72.3,4.20991,1.5));
#5343=CARTESIAN_POINT('',(72.3,4.20991,1.5));
#5344=CARTESIAN_POINT('',(69.07,4.20991,1.5));
#5345=CARTESIAN_POINT('',(69.07,4.20991,1.5));
#5346=CARTESIAN_POINT('',(69.07,3.38584,1.5));
#5347=CARTESIAN_POINT('',(69.07,3.38584,1.5));
#5348=CARTESIAN_POINT('',(66.27,3.38584,1.5));
#5349=CARTESIAN_POINT('',(66.27,3.38584,1.5));
#5350=CARTESIAN_POINT('',(66.27,4.20991,1.5));
#5351=CARTESIAN_POINT('',(66.27,4.20991,1.5));
#5352=CARTESIAN_POINT('',(59.9997,4.20991,1.5));
#5353=CARTESIAN_POINT('',(59.9997,4.20991,1.5));
#5354=CARTESIAN_POINT('',(59.9997,5.9352,1.5));
#5355=CARTESIAN_POINT('',(59.9997,5.9352,1.5));
#5356=CARTESIAN_POINT('',(58.7996,5.9352,1.5));
#5357=CARTESIAN_POINT('',(58.7996,5.9352,1.5));
#5358=CARTESIAN_POINT('',(58.7996,9.23562,1.5));
#5359=CARTESIAN_POINT('',(58.7996,9.23562,1.5));
#5360=CARTESIAN_POINT('',(59.9997,9.23562,1.5));
#5361=CARTESIAN_POINT('',(59.9997,9.23562,1.5));
#5362=CARTESIAN_POINT('',(59.9997,10.9595,1.5));
#5363=CARTESIAN_POINT('',(59.9997,10.9595,1.5));
#5364=CARTESIAN_POINT('',(64.4701,10.9595,1.5));
#5365=CARTESIAN_POINT('',(64.4701,10.9595,1.5));
#5366=CARTESIAN_POINT('',(64.4701,12.485,1.5));
#5367=CARTESIAN_POINT('',(64.4701,12.485,1.5));
#5368=CARTESIAN_POINT('',(59.7697,12.485,1.5));
#5369=CARTESIAN_POINT('',(59.7697,12.485,1.5));
#5370=CARTESIAN_POINT('',(59.7697,26.4845,1.5));
#5371=CARTESIAN_POINT('',(59.7697,26.4845,1.5));
#5372=CARTESIAN_POINT('',(64.4701,26.4845,1.5));
#5373=CARTESIAN_POINT('',(64.4701,26.4845,1.5));
#5374=CARTESIAN_POINT('',(64.4701,28.01,1.5));
#5375=CARTESIAN_POINT('',(64.4701,28.01,1.5));
#5376=CARTESIAN_POINT('',(59.9997,28.01,1.5));
#5377=CARTESIAN_POINT('',(59.9997,28.01,1.5));
#5378=CARTESIAN_POINT('',(59.9997,29.7353,1.5));
#5379=CARTESIAN_POINT('',(59.9997,29.7353,1.5));
#5380=CARTESIAN_POINT('',(58.7996,29.7353,1.5));
#5381=CARTESIAN_POINT('',(58.7996,29.7353,1.5));
#5382=CARTESIAN_POINT('',(58.7996,33.0357,1.5));
#5383=CARTESIAN_POINT('',(58.7996,33.0357,1.5));
#5384=CARTESIAN_POINT('',(59.9997,33.0357,1.5));
#5385=CARTESIAN_POINT('',(59.9997,33.0357,1.5));
#5386=CARTESIAN_POINT('',(59.9997,34.7597,1.5));
#5387=CARTESIAN_POINT('',(59.9997,34.7597,1.5));
#5388=CARTESIAN_POINT('',(66.27,34.7597,1.5));
#5389=CARTESIAN_POINT('',(66.27,34.7597,1.5));
#5390=CARTESIAN_POINT('',(66.27,35.585,1.5));
#5391=CARTESIAN_POINT('',(66.27,35.585,1.5));
#5392=CARTESIAN_POINT('',(69.07,35.585,1.5));
#5393=CARTESIAN_POINT('',(2.61965,22.01,1.5));
#5394=CARTESIAN_POINT('',(2.61965,36.0094,1.5));
#5395=CARTESIAN_POINT('',(2.61965,22.01,1.5));
#5396=CARTESIAN_POINT('',(16.6192,36.0094,1.5));
#5397=CARTESIAN_POINT('',(2.61965,36.0094,1.5));
#5398=CARTESIAN_POINT('',(16.6192,22.01,1.5));
#5399=CARTESIAN_POINT('',(16.6192,36.0094,1.5));
#5400=CARTESIAN_POINT('',(16.6192,22.01,1.5));
#5401=CARTESIAN_POINT('',(21.6697,22.01,1.5));
#5402=CARTESIAN_POINT('',(21.6697,36.0094,1.5));
#5403=CARTESIAN_POINT('',(21.6697,22.01,1.5));
#5404=CARTESIAN_POINT('',(35.669,36.0094,1.5));
#5405=CARTESIAN_POINT('',(21.6697,36.0094,1.5));
#5406=CARTESIAN_POINT('',(35.669,22.01,1.5));
#5407=CARTESIAN_POINT('',(35.669,36.0094,1.5));
#5408=CARTESIAN_POINT('',(35.669,22.01,1.5));
#5409=CARTESIAN_POINT('',(40.7197,22.01,1.5));
#5410=CARTESIAN_POINT('',(40.7197,36.0094,1.5));
#5411=CARTESIAN_POINT('',(40.7197,22.01,1.5));
#5412=CARTESIAN_POINT('',(54.719,36.0094,1.5));
#5413=CARTESIAN_POINT('',(40.7197,36.0094,1.5));
#5414=CARTESIAN_POINT('',(54.719,22.01,1.5));
#5415=CARTESIAN_POINT('',(54.719,36.0094,1.5));
#5416=CARTESIAN_POINT('',(54.719,22.01,1.5));
#5417=CARTESIAN_POINT('',(2.61965,41.0602,1.5));
#5418=CARTESIAN_POINT('',(2.61965,55.0594,1.5));
#5419=CARTESIAN_POINT('',(2.61965,41.0602,1.5));
#5420=CARTESIAN_POINT('',(16.6192,55.0594,1.5));
#5421=CARTESIAN_POINT('',(2.61965,55.0594,1.5));
#5422=CARTESIAN_POINT('',(16.6192,41.0602,1.5));
#5423=CARTESIAN_POINT('',(16.6192,55.0594,1.5));
#5424=CARTESIAN_POINT('',(16.6192,41.0602,1.5));
#5425=CARTESIAN_POINT('',(21.6697,41.0602,1.5));
#5426=CARTESIAN_POINT('',(21.6697,55.0594,1.5));
#5427=CARTESIAN_POINT('',(21.6697,41.0602,1.5));
#5428=CARTESIAN_POINT('',(35.669,55.0594,1.5));
#5429=CARTESIAN_POINT('',(21.6697,55.0594,1.5));
#5430=CARTESIAN_POINT('',(35.669,41.0602,1.5));
#5431=CARTESIAN_POINT('',(35.669,55.0594,1.5));
#5432=CARTESIAN_POINT('',(35.669,41.0602,1.5));
#5433=CARTESIAN_POINT('',(40.7197,41.0602,1.5));
#5434=CARTESIAN_POINT('',(40.7197,55.0594,1.5));
#5435=CARTESIAN_POINT('',(40.7197,41.0602,1.5));
#5436=CARTESIAN_POINT('',(54.719,55.0594,1.5));
#5437=CARTESIAN_POINT('',(40.7197,55.0594,1.5));
#5438=CARTESIAN_POINT('',(54.719,41.0602,1.5));
#5439=CARTESIAN_POINT('',(54.719,55.0594,1.5));
#5440=CARTESIAN_POINT('',(54.719,41.0602,1.5));
#5441=CARTESIAN_POINT('',(69.07,73.685,1.5));
#5442=CARTESIAN_POINT('',(69.07,72.8595,1.5));
#5443=CARTESIAN_POINT('',(69.07,72.8595,1.5));
#5444=CARTESIAN_POINT('',(72.3,72.8595,1.5));
#5445=CARTESIAN_POINT('',(72.3,72.8595,1.5));
#5446=CARTESIAN_POINT('',(72.3,66.1098,1.5));
#5447=CARTESIAN_POINT('',(72.3,66.1098,1.5));
#5448=CARTESIAN_POINT('',(69.07,66.1098,1.5));
#5449=CARTESIAN_POINT('',(69.07,66.1098,1.5));
#5450=CARTESIAN_POINT('',(69.07,64.5844,1.5));
#5451=CARTESIAN_POINT('',(69.07,64.5844,1.5));
#5452=CARTESIAN_POINT('',(73.769,64.5844,1.5));
#5453=CARTESIAN_POINT('',(73.769,64.5844,1.5));
#5454=CARTESIAN_POINT('',(73.769,50.5852,1.5));
#5455=CARTESIAN_POINT('',(73.769,50.5852,1.5));
#5456=CARTESIAN_POINT('',(69.07,50.5852,1.5));
#5457=CARTESIAN_POINT('',(69.07,50.5852,1.5));
#5458=CARTESIAN_POINT('',(69.07,49.0594,1.5));
#5459=CARTESIAN_POINT('',(69.07,49.0594,1.5));
#5460=CARTESIAN_POINT('',(72.3,49.0594,1.5));
#5461=CARTESIAN_POINT('',(72.3,49.0594,1.5));
#5462=CARTESIAN_POINT('',(72.3,42.31,1.5));
#5463=CARTESIAN_POINT('',(72.3,42.31,1.5));
#5464=CARTESIAN_POINT('',(69.07,42.31,1.5));
#5465=CARTESIAN_POINT('',(69.07,42.31,1.5));
#5466=CARTESIAN_POINT('',(69.07,41.486,1.5));
#5467=CARTESIAN_POINT('',(69.07,41.486,1.5));
#5468=CARTESIAN_POINT('',(66.27,41.486,1.5));
#5469=CARTESIAN_POINT('',(66.27,41.486,1.5));
#5470=CARTESIAN_POINT('',(66.27,42.31,1.5));
#5471=CARTESIAN_POINT('',(66.27,42.31,1.5));
#5472=CARTESIAN_POINT('',(59.9997,42.31,1.5));
#5473=CARTESIAN_POINT('',(59.9997,42.31,1.5));
#5474=CARTESIAN_POINT('',(59.9997,44.0351,1.5));
#5475=CARTESIAN_POINT('',(59.9997,44.0351,1.5));
#5476=CARTESIAN_POINT('',(58.7996,44.0351,1.5));
#5477=CARTESIAN_POINT('',(58.7996,44.0351,1.5));
#5478=CARTESIAN_POINT('',(58.7996,47.3357,1.5));
#5479=CARTESIAN_POINT('',(58.7996,47.3357,1.5));
#5480=CARTESIAN_POINT('',(59.9997,47.3357,1.5));
#5481=CARTESIAN_POINT('',(59.9997,47.3357,1.5));
#5482=CARTESIAN_POINT('',(59.9997,49.0594,1.5));
#5483=CARTESIAN_POINT('',(59.9997,49.0594,1.5));
#5484=CARTESIAN_POINT('',(64.4701,49.0594,1.5));
#5485=CARTESIAN_POINT('',(64.4701,49.0594,1.5));
#5486=CARTESIAN_POINT('',(64.4701,50.5852,1.5));
#5487=CARTESIAN_POINT('',(64.4701,50.5852,1.5));
#5488=CARTESIAN_POINT('',(59.7697,50.5852,1.5));
#5489=CARTESIAN_POINT('',(59.7697,50.5852,1.5));
#5490=CARTESIAN_POINT('',(59.7697,64.5844,1.5));
#5491=CARTESIAN_POINT('',(59.7697,64.5844,1.5));
#5492=CARTESIAN_POINT('',(64.4701,64.5844,1.5));
#5493=CARTESIAN_POINT('',(64.4701,64.5844,1.5));
#5494=CARTESIAN_POINT('',(64.4701,66.1098,1.5));
#5495=CARTESIAN_POINT('',(64.4701,66.1098,1.5));
#5496=CARTESIAN_POINT('',(59.9997,66.1098,1.5));
#5497=CARTESIAN_POINT('',(59.9997,66.1098,1.5));
#5498=CARTESIAN_POINT('',(59.9997,67.8353,1.5));
#5499=CARTESIAN_POINT('',(59.9997,67.8353,1.5));
#5500=CARTESIAN_POINT('',(58.7996,67.8353,1.5));
#5501=CARTESIAN_POINT('',(58.7996,67.8353,1.5));
#5502=CARTESIAN_POINT('',(58.7996,71.1359,1.5));
#5503=CARTESIAN_POINT('',(58.7996,71.1359,1.5));
#5504=CARTESIAN_POINT('',(59.9997,71.1359,1.5));
#5505=CARTESIAN_POINT('',(59.9997,71.1359,1.5));
#5506=CARTESIAN_POINT('',(59.9997,72.8595,1.5));
#5507=CARTESIAN_POINT('',(59.9997,72.8595,1.5));
#5508=CARTESIAN_POINT('',(66.27,72.8595,1.5));
#5509=CARTESIAN_POINT('',(66.27,72.8595,1.5));
#5510=CARTESIAN_POINT('',(66.27,73.685,1.5));
#5511=CARTESIAN_POINT('',(66.27,73.685,1.5));
#5512=CARTESIAN_POINT('',(69.07,73.685,1.5));
#5513=CARTESIAN_POINT('',(2.61965,60.1102,1.5));
#5514=CARTESIAN_POINT('',(2.61965,74.1094,1.5));
#5515=CARTESIAN_POINT('',(2.61965,60.1102,1.5));
#5516=CARTESIAN_POINT('',(16.6192,74.1094,1.5));
#5517=CARTESIAN_POINT('',(2.61965,74.1094,1.5));
#5518=CARTESIAN_POINT('',(16.6192,60.1102,1.5));
#5519=CARTESIAN_POINT('',(16.6192,74.1094,1.5));
#5520=CARTESIAN_POINT('',(16.6192,60.1102,1.5));
#5521=CARTESIAN_POINT('',(21.6697,60.1102,1.5));
#5522=CARTESIAN_POINT('',(21.6697,74.1094,1.5));
#5523=CARTESIAN_POINT('',(21.6697,60.1102,1.5));
#5524=CARTESIAN_POINT('',(35.669,74.1094,1.5));
#5525=CARTESIAN_POINT('',(21.6697,74.1094,1.5));
#5526=CARTESIAN_POINT('',(35.669,60.1102,1.5));
#5527=CARTESIAN_POINT('',(35.669,74.1094,1.5));
#5528=CARTESIAN_POINT('',(35.669,60.1102,1.5));
#5529=CARTESIAN_POINT('',(40.7197,60.1102,1.5));
#5530=CARTESIAN_POINT('',(40.7197,74.1094,1.5));
#5531=CARTESIAN_POINT('',(40.7197,60.1102,1.5));
#5532=CARTESIAN_POINT('',(54.719,74.1094,1.5));
#5533=CARTESIAN_POINT('',(40.7197,74.1094,1.5));
#5534=CARTESIAN_POINT('',(54.719,60.1102,1.5));
#5535=CARTESIAN_POINT('',(54.719,74.1094,1.5));
#5536=CARTESIAN_POINT('',(54.719,60.1102,1.5));
#5537=CARTESIAN_POINT('',(2.61965,79.1602,1.5));
#5538=CARTESIAN_POINT('',(2.61965,93.1594,1.5));
#5539=CARTESIAN_POINT('',(2.61965,79.1602,1.5));
#5540=CARTESIAN_POINT('',(16.6192,93.1594,1.5));
#5541=CARTESIAN_POINT('',(2.61965,93.1594,1.5));
#5542=CARTESIAN_POINT('',(16.6192,79.1602,1.5));
#5543=CARTESIAN_POINT('',(16.6192,93.1594,1.5));
#5544=CARTESIAN_POINT('',(16.6192,79.1602,1.5));
#5545=CARTESIAN_POINT('',(21.6697,79.1602,1.5));
#5546=CARTESIAN_POINT('',(21.6697,93.1594,1.5));
#5547=CARTESIAN_POINT('',(21.6697,79.1602,1.5));
#5548=CARTESIAN_POINT('',(35.669,93.1594,1.5));
#5549=CARTESIAN_POINT('',(21.6697,93.1594,1.5));
#5550=CARTESIAN_POINT('',(35.669,79.1602,1.5));
#5551=CARTESIAN_POINT('',(35.669,93.1594,1.5));
#5552=CARTESIAN_POINT('',(35.669,79.1602,1.5));
#5553=CARTESIAN_POINT('',(40.7197,79.1602,1.5));
#5554=CARTESIAN_POINT('',(40.7197,93.1594,1.5));
#5555=CARTESIAN_POINT('',(40.7197,79.1602,1.5));
#5556=CARTESIAN_POINT('',(54.719,93.1594,1.5));
#5557=CARTESIAN_POINT('',(40.7197,93.1594,1.5));
#5558=CARTESIAN_POINT('',(54.719,79.1602,1.5));
#5559=CARTESIAN_POINT('',(54.719,93.1594,1.5));
#5560=CARTESIAN_POINT('',(54.719,79.1602,1.5));
#5561=CARTESIAN_POINT('',(59.7697,79.1602,1.5));
#5562=CARTESIAN_POINT('',(59.7697,93.1594,1.5));
#5563=CARTESIAN_POINT('',(59.7697,79.1602,1.5));
#5564=CARTESIAN_POINT('',(73.769,93.1594,1.5));
#5565=CARTESIAN_POINT('',(59.7697,93.1594,1.5));
#5566=CARTESIAN_POINT('',(73.769,79.1602,1.5));
#5567=CARTESIAN_POINT('',(73.769,93.1594,1.5));
#5568=CARTESIAN_POINT('',(73.769,79.1602,1.5));
#5569=CARTESIAN_POINT('',(2.61965,102.973,1.5));
#5570=CARTESIAN_POINT('',(2.61965,116.972,1.5));
#5571=CARTESIAN_POINT('',(2.61965,102.973,1.5));
#5572=CARTESIAN_POINT('',(16.6192,116.972,1.5));
#5573=CARTESIAN_POINT('',(2.61965,116.972,1.5));
#5574=CARTESIAN_POINT('',(16.6192,102.973,1.5));
#5575=CARTESIAN_POINT('',(16.6192,116.972,1.5));
#5576=CARTESIAN_POINT('',(16.6192,102.973,1.5));
#5577=CARTESIAN_POINT('',(21.6697,102.973,1.5));
#5578=CARTESIAN_POINT('',(21.6697,116.972,1.5));
#5579=CARTESIAN_POINT('',(21.6697,102.973,1.5));
#5580=CARTESIAN_POINT('',(35.669,116.972,1.5));
#5581=CARTESIAN_POINT('',(21.6697,116.972,1.5));
#5582=CARTESIAN_POINT('',(35.669,102.973,1.5));
#5583=CARTESIAN_POINT('',(35.669,116.972,1.5));
#5584=CARTESIAN_POINT('',(35.669,102.973,1.5));
#5585=CARTESIAN_POINT('',(40.7197,102.973,1.5));
#5586=CARTESIAN_POINT('',(40.7197,116.972,1.5));
#5587=CARTESIAN_POINT('',(40.7197,102.973,1.5));
#5588=CARTESIAN_POINT('',(54.719,116.972,1.5));
#5589=CARTESIAN_POINT('',(40.7197,116.972,1.5));
#5590=CARTESIAN_POINT('',(54.719,102.973,1.5));
#5591=CARTESIAN_POINT('',(54.719,116.972,1.5));
#5592=CARTESIAN_POINT('',(54.719,102.973,1.5));
#5593=CARTESIAN_POINT('',(59.7697,102.973,1.5));
#5594=CARTESIAN_POINT('',(59.7697,116.972,1.5));
#5595=CARTESIAN_POINT('',(59.7697,102.973,1.5));
#5596=CARTESIAN_POINT('',(73.769,116.972,1.5));
#5597=CARTESIAN_POINT('',(59.7697,116.972,1.5));
#5598=CARTESIAN_POINT('',(73.769,102.973,1.5));
#5599=CARTESIAN_POINT('',(73.769,116.972,1.5));
#5600=CARTESIAN_POINT('',(73.769,102.973,1.5));
#5601=CARTESIAN_POINT('Origin',(2.3950846,117.196,0.));
#5602=CARTESIAN_POINT('',(2.3950846,119.196,0.));
#5603=CARTESIAN_POINT('',(2.3950846,119.196,0.));
#5604=CARTESIAN_POINT('Origin',(2.3950846,117.196,0.));
#5605=CARTESIAN_POINT('Origin',(76.2953,119.196,0.));
#5606=CARTESIAN_POINT('',(73.9953,119.196,0.));
#5607=CARTESIAN_POINT('',(73.9953,119.196,0.));
#5608=CARTESIAN_POINT('',(57.24524615,119.196,0.));
#5609=CARTESIAN_POINT('Origin',(73.9953,117.196,0.));
#5610=CARTESIAN_POINT('',(75.9953,117.196,0.));
#5611=CARTESIAN_POINT('',(75.9953,117.196,0.));
#5612=CARTESIAN_POINT('Origin',(73.9953,117.196,0.));
#5613=CARTESIAN_POINT('Origin',(75.9953,0.434082,0.));
#5614=CARTESIAN_POINT('',(75.9953,2.734082,0.));
#5615=CARTESIAN_POINT('',(75.9953,2.734082,0.));
#5616=CARTESIAN_POINT('',(75.9953,30.1995615,0.));
#5617=CARTESIAN_POINT('Origin',(73.9953,2.734082,0.));
#5618=CARTESIAN_POINT('',(73.9953,0.734082000000003,0.));
#5619=CARTESIAN_POINT('Origin',(73.9953,2.734082,0.));
#5620=CARTESIAN_POINT('',(73.9953,0.734082,0.));
#5621=CARTESIAN_POINT('Origin',(0.0950846000000016,0.734082,0.));
#5622=CARTESIAN_POINT('',(19.14513845,0.734082000000003,0.));
#5623=CARTESIAN_POINT('Origin',(38.1951923,59.965041,0.));
#5624=CARTESIAN_POINT('',(26.1441,12.2604,0.));
#5625=CARTESIAN_POINT('',(26.1441,16.9595,0.));
#5626=CARTESIAN_POINT('',(26.1441,12.2604,0.));
#5627=CARTESIAN_POINT('',(12.1447,16.9595,0.));
#5628=CARTESIAN_POINT('',(26.1441,16.9595,0.));
#5629=CARTESIAN_POINT('',(12.1447,12.2604,0.));
#5630=CARTESIAN_POINT('',(12.1447,16.9595,0.));
#5631=CARTESIAN_POINT('',(10.6192,12.2604,0.));
#5632=CARTESIAN_POINT('',(12.1447,12.2604,0.));
#5633=CARTESIAN_POINT('',(10.6192,15.4905,0.));
#5634=CARTESIAN_POINT('',(10.6192,12.2604,0.));
#5635=CARTESIAN_POINT('',(3.86955,15.4905,0.));
#5636=CARTESIAN_POINT('',(10.6192,15.4905,0.));
#5637=CARTESIAN_POINT('',(3.86955,12.2604,0.));
#5638=CARTESIAN_POINT('',(3.86955,15.4905,0.));
#5639=CARTESIAN_POINT('',(3.04409,12.2604,0.));
#5640=CARTESIAN_POINT('',(3.86955,12.2604,0.));
#5641=CARTESIAN_POINT('',(3.04409,9.46023,0.));
#5642=CARTESIAN_POINT('',(3.04409,12.2604,0.));
#5643=CARTESIAN_POINT('',(3.86955,9.46023,0.));
#5644=CARTESIAN_POINT('',(3.04409,9.46023,0.));
#5645=CARTESIAN_POINT('',(3.86955,3.19016,0.));
#5646=CARTESIAN_POINT('',(3.86955,9.46023,0.));
#5647=CARTESIAN_POINT('',(5.59484,3.19016,0.));
#5648=CARTESIAN_POINT('',(3.86955,3.19016,0.));
#5649=CARTESIAN_POINT('',(5.59484,1.98989,0.));
#5650=CARTESIAN_POINT('',(5.59484,3.19016,0.));
#5651=CARTESIAN_POINT('',(8.89385,1.98989,0.));
#5652=CARTESIAN_POINT('',(5.59484,1.98989,0.));
#5653=CARTESIAN_POINT('',(8.89385,3.19016,0.));
#5654=CARTESIAN_POINT('',(8.89385,1.98989,0.));
#5655=CARTESIAN_POINT('',(10.6192,3.19016,0.));
#5656=CARTESIAN_POINT('',(8.89385,3.19016,0.));
#5657=CARTESIAN_POINT('',(10.6192,7.6605,0.));
#5658=CARTESIAN_POINT('',(10.6192,3.19016,0.));
#5659=CARTESIAN_POINT('',(12.1447,7.6605,0.));
#5660=CARTESIAN_POINT('',(10.6192,7.6605,0.));
#5661=CARTESIAN_POINT('',(12.1447,2.96003,0.));
#5662=CARTESIAN_POINT('',(12.1447,7.6605,0.));
#5663=CARTESIAN_POINT('',(26.1441,2.96003,0.));
#5664=CARTESIAN_POINT('',(12.1447,2.96003,0.));
#5665=CARTESIAN_POINT('',(26.1441,7.6605,0.));
#5666=CARTESIAN_POINT('',(26.1441,2.96003,0.));
#5667=CARTESIAN_POINT('',(27.6696,7.6605,0.));
#5668=CARTESIAN_POINT('',(26.1441,7.6605,0.));
#5669=CARTESIAN_POINT('',(27.6696,3.19016,0.));
#5670=CARTESIAN_POINT('',(27.6696,7.6605,0.));
#5671=CARTESIAN_POINT('',(29.3949,3.19016,0.));
#5672=CARTESIAN_POINT('',(27.6696,3.19016,0.));
#5673=CARTESIAN_POINT('',(29.3949,1.98989,0.));
#5674=CARTESIAN_POINT('',(29.3949,3.19016,0.));
#5675=CARTESIAN_POINT('',(32.694,1.98989,0.));
#5676=CARTESIAN_POINT('',(29.3949,1.98989,0.));
#5677=CARTESIAN_POINT('',(32.694,3.19016,0.));
#5678=CARTESIAN_POINT('',(32.694,1.98989,0.));
#5679=CARTESIAN_POINT('',(34.4193,3.19016,0.));
#5680=CARTESIAN_POINT('',(32.694,3.19016,0.));
#5681=CARTESIAN_POINT('',(34.4193,9.46023,0.));
#5682=CARTESIAN_POINT('',(34.4193,3.19016,0.));
#5683=CARTESIAN_POINT('',(35.2447,9.46023,0.));
#5684=CARTESIAN_POINT('',(34.4193,9.46023,0.));
#5685=CARTESIAN_POINT('',(35.2447,12.2604,0.));
#5686=CARTESIAN_POINT('',(35.2447,9.46023,0.));
#5687=CARTESIAN_POINT('',(34.4193,12.2604,0.));
#5688=CARTESIAN_POINT('',(35.2447,12.2604,0.));
#5689=CARTESIAN_POINT('',(34.4193,15.4905,0.));
#5690=CARTESIAN_POINT('',(34.4193,12.2604,0.));
#5691=CARTESIAN_POINT('',(27.6696,15.4905,0.));
#5692=CARTESIAN_POINT('',(34.4193,15.4905,0.));
#5693=CARTESIAN_POINT('',(27.6696,12.2604,0.));
#5694=CARTESIAN_POINT('',(27.6696,15.4905,0.));
#5695=CARTESIAN_POINT('',(27.6696,12.2604,0.));
#5696=CARTESIAN_POINT('',(40.7197,2.96003,0.));
#5697=CARTESIAN_POINT('',(40.7197,16.9595,0.));
#5698=CARTESIAN_POINT('',(40.7197,2.96003,0.));
#5699=CARTESIAN_POINT('',(54.719,2.96003,0.));
#5700=CARTESIAN_POINT('',(54.719,2.96003,0.));
#5701=CARTESIAN_POINT('',(54.719,16.9595,0.));
#5702=CARTESIAN_POINT('',(54.719,16.9595,0.));
#5703=CARTESIAN_POINT('',(40.7197,16.9595,0.));
#5704=CARTESIAN_POINT('',(69.07,34.7597,0.));
#5705=CARTESIAN_POINT('',(69.07,35.585,0.));
#5706=CARTESIAN_POINT('',(69.07,34.7597,0.));
#5707=CARTESIAN_POINT('',(66.27,35.585,0.));
#5708=CARTESIAN_POINT('',(69.07,35.585,0.));
#5709=CARTESIAN_POINT('',(66.27,34.7597,0.));
#5710=CARTESIAN_POINT('',(66.27,35.585,0.));
#5711=CARTESIAN_POINT('',(59.9997,34.7597,0.));
#5712=CARTESIAN_POINT('',(66.27,34.7597,0.));
#5713=CARTESIAN_POINT('',(59.9997,33.0357,0.));
#5714=CARTESIAN_POINT('',(59.9997,34.7597,0.));
#5715=CARTESIAN_POINT('',(58.7996,33.0357,0.));
#5716=CARTESIAN_POINT('',(59.9997,33.0357,0.));
#5717=CARTESIAN_POINT('',(58.7996,29.7353,0.));
#5718=CARTESIAN_POINT('',(58.7996,33.0357,0.));
#5719=CARTESIAN_POINT('',(59.9997,29.7353,0.));
#5720=CARTESIAN_POINT('',(58.7996,29.7353,0.));
#5721=CARTESIAN_POINT('',(59.9997,28.01,0.));
#5722=CARTESIAN_POINT('',(59.9997,29.7353,0.));
#5723=CARTESIAN_POINT('',(64.4701,28.01,0.));
#5724=CARTESIAN_POINT('',(59.9997,28.01,0.));
#5725=CARTESIAN_POINT('',(64.4701,26.4845,0.));
#5726=CARTESIAN_POINT('',(64.4701,28.01,0.));
#5727=CARTESIAN_POINT('',(59.7697,26.4845,0.));
#5728=CARTESIAN_POINT('',(64.4701,26.4845,0.));
#5729=CARTESIAN_POINT('',(59.7697,12.485,0.));
#5730=CARTESIAN_POINT('',(59.7697,26.4845,0.));
#5731=CARTESIAN_POINT('',(64.4701,12.485,0.));
#5732=CARTESIAN_POINT('',(59.7697,12.485,0.));
#5733=CARTESIAN_POINT('',(64.4701,10.9595,0.));
#5734=CARTESIAN_POINT('',(64.4701,12.485,0.));
#5735=CARTESIAN_POINT('',(59.9997,10.9595,0.));
#5736=CARTESIAN_POINT('',(64.4701,10.9595,0.));
#5737=CARTESIAN_POINT('',(59.9997,9.23562,0.));
#5738=CARTESIAN_POINT('',(59.9997,10.9595,0.));
#5739=CARTESIAN_POINT('',(58.7996,9.23562,0.));
#5740=CARTESIAN_POINT('',(59.9997,9.23562,0.));
#5741=CARTESIAN_POINT('',(58.7996,5.9352,0.));
#5742=CARTESIAN_POINT('',(58.7996,9.23562,0.));
#5743=CARTESIAN_POINT('',(59.9997,5.9352,0.));
#5744=CARTESIAN_POINT('',(58.7996,5.9352,0.));
#5745=CARTESIAN_POINT('',(59.9997,4.20991,0.));
#5746=CARTESIAN_POINT('',(59.9997,5.9352,0.));
#5747=CARTESIAN_POINT('',(66.27,4.20991,0.));
#5748=CARTESIAN_POINT('',(59.9997,4.20991,0.));
#5749=CARTESIAN_POINT('',(66.27,3.38584,0.));
#5750=CARTESIAN_POINT('',(66.27,4.20991,0.));
#5751=CARTESIAN_POINT('',(69.07,3.38584,0.));
#5752=CARTESIAN_POINT('',(66.27,3.38584,0.));
#5753=CARTESIAN_POINT('',(69.07,4.20991,0.));
#5754=CARTESIAN_POINT('',(69.07,3.38584,0.));
#5755=CARTESIAN_POINT('',(72.3,4.20991,0.));
#5756=CARTESIAN_POINT('',(69.07,4.20991,0.));
#5757=CARTESIAN_POINT('',(72.3,10.9595,0.));
#5758=CARTESIAN_POINT('',(72.3,4.20991,0.));
#5759=CARTESIAN_POINT('',(69.07,10.9595,0.));
#5760=CARTESIAN_POINT('',(72.3,10.9595,0.));
#5761=CARTESIAN_POINT('',(69.07,12.485,0.));
#5762=CARTESIAN_POINT('',(69.07,10.9595,0.));
#5763=CARTESIAN_POINT('',(73.769,12.485,0.));
#5764=CARTESIAN_POINT('',(69.07,12.485,0.));
#5765=CARTESIAN_POINT('',(73.769,26.4845,0.));
#5766=CARTESIAN_POINT('',(73.769,12.485,0.));
#5767=CARTESIAN_POINT('',(69.07,26.4845,0.));
#5768=CARTESIAN_POINT('',(73.769,26.4845,0.));
#5769=CARTESIAN_POINT('',(69.07,28.01,0.));
#5770=CARTESIAN_POINT('',(69.07,26.4845,0.));
#5771=CARTESIAN_POINT('',(72.3,28.01,0.));
#5772=CARTESIAN_POINT('',(69.07,28.01,0.));
#5773=CARTESIAN_POINT('',(72.3,34.7597,0.));
#5774=CARTESIAN_POINT('',(72.3,28.01,0.));
#5775=CARTESIAN_POINT('',(72.3,34.7597,0.));
#5776=CARTESIAN_POINT('',(2.61965,22.01,0.));
#5777=CARTESIAN_POINT('',(2.61965,36.0094,0.));
#5778=CARTESIAN_POINT('',(2.61965,22.01,0.));
#5779=CARTESIAN_POINT('',(16.6192,22.01,0.));
#5780=CARTESIAN_POINT('',(16.6192,22.01,0.));
#5781=CARTESIAN_POINT('',(16.6192,36.0094,0.));
#5782=CARTESIAN_POINT('',(16.6192,36.0094,0.));
#5783=CARTESIAN_POINT('',(2.61965,36.0094,0.));
#5784=CARTESIAN_POINT('',(21.6697,22.01,0.));
#5785=CARTESIAN_POINT('',(21.6697,36.0094,0.));
#5786=CARTESIAN_POINT('',(21.6697,22.01,0.));
#5787=CARTESIAN_POINT('',(35.669,22.01,0.));
#5788=CARTESIAN_POINT('',(35.669,22.01,0.));
#5789=CARTESIAN_POINT('',(35.669,36.0094,0.));
#5790=CARTESIAN_POINT('',(35.669,36.0094,0.));
#5791=CARTESIAN_POINT('',(21.6697,36.0094,0.));
#5792=CARTESIAN_POINT('',(40.7197,22.01,0.));
#5793=CARTESIAN_POINT('',(40.7197,36.0094,0.));
#5794=CARTESIAN_POINT('',(40.7197,22.01,0.));
#5795=CARTESIAN_POINT('',(54.719,22.01,0.));
#5796=CARTESIAN_POINT('',(54.719,22.01,0.));
#5797=CARTESIAN_POINT('',(54.719,36.0094,0.));
#5798=CARTESIAN_POINT('',(54.719,36.0094,0.));
#5799=CARTESIAN_POINT('',(40.7197,36.0094,0.));
#5800=CARTESIAN_POINT('',(2.61965,41.0602,0.));
#5801=CARTESIAN_POINT('',(2.61965,55.0594,0.));
#5802=CARTESIAN_POINT('',(2.61965,41.0602,0.));
#5803=CARTESIAN_POINT('',(16.6192,41.0602,0.));
#5804=CARTESIAN_POINT('',(16.6192,41.0602,0.));
#5805=CARTESIAN_POINT('',(16.6192,55.0594,0.));
#5806=CARTESIAN_POINT('',(16.6192,55.0594,0.));
#5807=CARTESIAN_POINT('',(2.61965,55.0594,0.));
#5808=CARTESIAN_POINT('',(21.6697,41.0602,0.));
#5809=CARTESIAN_POINT('',(21.6697,55.0594,0.));
#5810=CARTESIAN_POINT('',(21.6697,41.0602,0.));
#5811=CARTESIAN_POINT('',(35.669,41.0602,0.));
#5812=CARTESIAN_POINT('',(35.669,41.0602,0.));
#5813=CARTESIAN_POINT('',(35.669,55.0594,0.));
#5814=CARTESIAN_POINT('',(35.669,55.0594,0.));
#5815=CARTESIAN_POINT('',(21.6697,55.0594,0.));
#5816=CARTESIAN_POINT('',(40.7197,41.0602,0.));
#5817=CARTESIAN_POINT('',(40.7197,55.0594,0.));
#5818=CARTESIAN_POINT('',(40.7197,41.0602,0.));
#5819=CARTESIAN_POINT('',(54.719,41.0602,0.));
#5820=CARTESIAN_POINT('',(54.719,41.0602,0.));
#5821=CARTESIAN_POINT('',(54.719,55.0594,0.));
#5822=CARTESIAN_POINT('',(54.719,55.0594,0.));
#5823=CARTESIAN_POINT('',(40.7197,55.0594,0.));
#5824=CARTESIAN_POINT('',(69.07,72.8595,0.));
#5825=CARTESIAN_POINT('',(69.07,73.685,0.));
#5826=CARTESIAN_POINT('',(69.07,72.8595,0.));
#5827=CARTESIAN_POINT('',(66.27,73.685,0.));
#5828=CARTESIAN_POINT('',(69.07,73.685,0.));
#5829=CARTESIAN_POINT('',(66.27,72.8595,0.));
#5830=CARTESIAN_POINT('',(66.27,73.685,0.));
#5831=CARTESIAN_POINT('',(59.9997,72.8595,0.));
#5832=CARTESIAN_POINT('',(66.27,72.8595,0.));
#5833=CARTESIAN_POINT('',(59.9997,71.1359,0.));
#5834=CARTESIAN_POINT('',(59.9997,72.8595,0.));
#5835=CARTESIAN_POINT('',(58.7996,71.1359,0.));
#5836=CARTESIAN_POINT('',(59.9997,71.1359,0.));
#5837=CARTESIAN_POINT('',(58.7996,67.8353,0.));
#5838=CARTESIAN_POINT('',(58.7996,71.1359,0.));
#5839=CARTESIAN_POINT('',(59.9997,67.8353,0.));
#5840=CARTESIAN_POINT('',(58.7996,67.8353,0.));
#5841=CARTESIAN_POINT('',(59.9997,66.1098,0.));
#5842=CARTESIAN_POINT('',(59.9997,67.8353,0.));
#5843=CARTESIAN_POINT('',(64.4701,66.1098,0.));
#5844=CARTESIAN_POINT('',(59.9997,66.1098,0.));
#5845=CARTESIAN_POINT('',(64.4701,64.5844,0.));
#5846=CARTESIAN_POINT('',(64.4701,66.1098,0.));
#5847=CARTESIAN_POINT('',(59.7697,64.5844,0.));
#5848=CARTESIAN_POINT('',(64.4701,64.5844,0.));
#5849=CARTESIAN_POINT('',(59.7697,50.5852,0.));
#5850=CARTESIAN_POINT('',(59.7697,64.5844,0.));
#5851=CARTESIAN_POINT('',(64.4701,50.5852,0.));
#5852=CARTESIAN_POINT('',(59.7697,50.5852,0.));
#5853=CARTESIAN_POINT('',(64.4701,49.0594,0.));
#5854=CARTESIAN_POINT('',(64.4701,50.5852,0.));
#5855=CARTESIAN_POINT('',(59.9997,49.0594,0.));
#5856=CARTESIAN_POINT('',(64.4701,49.0594,0.));
#5857=CARTESIAN_POINT('',(59.9997,47.3357,0.));
#5858=CARTESIAN_POINT('',(59.9997,49.0594,0.));
#5859=CARTESIAN_POINT('',(58.7996,47.3357,0.));
#5860=CARTESIAN_POINT('',(59.9997,47.3357,0.));
#5861=CARTESIAN_POINT('',(58.7996,44.0351,0.));
#5862=CARTESIAN_POINT('',(58.7996,47.3357,0.));
#5863=CARTESIAN_POINT('',(59.9997,44.0351,0.));
#5864=CARTESIAN_POINT('',(58.7996,44.0351,0.));
#5865=CARTESIAN_POINT('',(59.9997,42.31,0.));
#5866=CARTESIAN_POINT('',(59.9997,44.0351,0.));
#5867=CARTESIAN_POINT('',(66.27,42.31,0.));
#5868=CARTESIAN_POINT('',(59.9997,42.31,0.));
#5869=CARTESIAN_POINT('',(66.27,41.486,0.));
#5870=CARTESIAN_POINT('',(66.27,42.31,0.));
#5871=CARTESIAN_POINT('',(69.07,41.486,0.));
#5872=CARTESIAN_POINT('',(66.27,41.486,0.));
#5873=CARTESIAN_POINT('',(69.07,42.31,0.));
#5874=CARTESIAN_POINT('',(69.07,41.486,0.));
#5875=CARTESIAN_POINT('',(72.3,42.31,0.));
#5876=CARTESIAN_POINT('',(69.07,42.31,0.));
#5877=CARTESIAN_POINT('',(72.3,49.0594,0.));
#5878=CARTESIAN_POINT('',(72.3,42.31,0.));
#5879=CARTESIAN_POINT('',(69.07,49.0594,0.));
#5880=CARTESIAN_POINT('',(72.3,49.0594,0.));
#5881=CARTESIAN_POINT('',(69.07,50.5852,0.));
#5882=CARTESIAN_POINT('',(69.07,49.0594,0.));
#5883=CARTESIAN_POINT('',(73.769,50.5852,0.));
#5884=CARTESIAN_POINT('',(69.07,50.5852,0.));
#5885=CARTESIAN_POINT('',(73.769,64.5844,0.));
#5886=CARTESIAN_POINT('',(73.769,50.5852,0.));
#5887=CARTESIAN_POINT('',(69.07,64.5844,0.));
#5888=CARTESIAN_POINT('',(73.769,64.5844,0.));
#5889=CARTESIAN_POINT('',(69.07,66.1098,0.));
#5890=CARTESIAN_POINT('',(69.07,64.5844,0.));
#5891=CARTESIAN_POINT('',(72.3,66.1098,0.));
#5892=CARTESIAN_POINT('',(69.07,66.1098,0.));
#5893=CARTESIAN_POINT('',(72.3,72.8595,0.));
#5894=CARTESIAN_POINT('',(72.3,66.1098,0.));
#5895=CARTESIAN_POINT('',(72.3,72.8595,0.));
#5896=CARTESIAN_POINT('',(2.61965,60.1102,0.));
#5897=CARTESIAN_POINT('',(2.61965,74.1094,0.));
#5898=CARTESIAN_POINT('',(2.61965,60.1102,0.));
#5899=CARTESIAN_POINT('',(16.6192,60.1102,0.));
#5900=CARTESIAN_POINT('',(16.6192,60.1102,0.));
#5901=CARTESIAN_POINT('',(16.6192,74.1094,0.));
#5902=CARTESIAN_POINT('',(16.6192,74.1094,0.));
#5903=CARTESIAN_POINT('',(2.61965,74.1094,0.));
#5904=CARTESIAN_POINT('',(21.6697,60.1102,0.));
#5905=CARTESIAN_POINT('',(21.6697,74.1094,0.));
#5906=CARTESIAN_POINT('',(21.6697,60.1102,0.));
#5907=CARTESIAN_POINT('',(35.669,60.1102,0.));
#5908=CARTESIAN_POINT('',(35.669,60.1102,0.));
#5909=CARTESIAN_POINT('',(35.669,74.1094,0.));
#5910=CARTESIAN_POINT('',(35.669,74.1094,0.));
#5911=CARTESIAN_POINT('',(21.6697,74.1094,0.));
#5912=CARTESIAN_POINT('',(40.7197,60.1102,0.));
#5913=CARTESIAN_POINT('',(40.7197,74.1094,0.));
#5914=CARTESIAN_POINT('',(40.7197,60.1102,0.));
#5915=CARTESIAN_POINT('',(54.719,60.1102,0.));
#5916=CARTESIAN_POINT('',(54.719,60.1102,0.));
#5917=CARTESIAN_POINT('',(54.719,74.1094,0.));
#5918=CARTESIAN_POINT('',(54.719,74.1094,0.));
#5919=CARTESIAN_POINT('',(40.7197,74.1094,0.));
#5920=CARTESIAN_POINT('',(2.61965,79.1602,0.));
#5921=CARTESIAN_POINT('',(2.61965,93.1594,0.));
#5922=CARTESIAN_POINT('',(2.61965,79.1602,0.));
#5923=CARTESIAN_POINT('',(16.6192,79.1602,0.));
#5924=CARTESIAN_POINT('',(16.6192,79.1602,0.));
#5925=CARTESIAN_POINT('',(16.6192,93.1594,0.));
#5926=CARTESIAN_POINT('',(16.6192,93.1594,0.));
#5927=CARTESIAN_POINT('',(2.61965,93.1594,0.));
#5928=CARTESIAN_POINT('',(21.6697,79.1602,0.));
#5929=CARTESIAN_POINT('',(21.6697,93.1594,0.));
#5930=CARTESIAN_POINT('',(21.6697,79.1602,0.));
#5931=CARTESIAN_POINT('',(35.669,79.1602,0.));
#5932=CARTESIAN_POINT('',(35.669,79.1602,0.));
#5933=CARTESIAN_POINT('',(35.669,93.1594,0.));
#5934=CARTESIAN_POINT('',(35.669,93.1594,0.));
#5935=CARTESIAN_POINT('',(21.6697,93.1594,0.));
#5936=CARTESIAN_POINT('',(40.7197,79.1602,0.));
#5937=CARTESIAN_POINT('',(40.7197,93.1594,0.));
#5938=CARTESIAN_POINT('',(40.7197,79.1602,0.));
#5939=CARTESIAN_POINT('',(54.719,79.1602,0.));
#5940=CARTESIAN_POINT('',(54.719,79.1602,0.));
#5941=CARTESIAN_POINT('',(54.719,93.1594,0.));
#5942=CARTESIAN_POINT('',(54.719,93.1594,0.));
#5943=CARTESIAN_POINT('',(40.7197,93.1594,0.));
#5944=CARTESIAN_POINT('',(59.7697,79.1602,0.));
#5945=CARTESIAN_POINT('',(59.7697,93.1594,0.));
#5946=CARTESIAN_POINT('',(59.7697,79.1602,0.));
#5947=CARTESIAN_POINT('',(73.769,79.1602,0.));
#5948=CARTESIAN_POINT('',(73.769,79.1602,0.));
#5949=CARTESIAN_POINT('',(73.769,93.1594,0.));
#5950=CARTESIAN_POINT('',(73.769,93.1594,0.));
#5951=CARTESIAN_POINT('',(59.7697,93.1594,0.));
#5952=CARTESIAN_POINT('',(2.61965,102.973,0.));
#5953=CARTESIAN_POINT('',(2.61965,116.972,0.));
#5954=CARTESIAN_POINT('',(2.61965,102.973,0.));
#5955=CARTESIAN_POINT('',(16.6192,102.973,0.));
#5956=CARTESIAN_POINT('',(16.6192,102.973,0.));
#5957=CARTESIAN_POINT('',(16.6192,116.972,0.));
#5958=CARTESIAN_POINT('',(16.6192,116.972,0.));
#5959=CARTESIAN_POINT('',(2.61965,116.972,0.));
#5960=CARTESIAN_POINT('',(21.6697,102.973,0.));
#5961=CARTESIAN_POINT('',(21.6697,116.972,0.));
#5962=CARTESIAN_POINT('',(21.6697,102.973,0.));
#5963=CARTESIAN_POINT('',(35.669,102.973,0.));
#5964=CARTESIAN_POINT('',(35.669,102.973,0.));
#5965=CARTESIAN_POINT('',(35.669,116.972,0.));
#5966=CARTESIAN_POINT('',(35.669,116.972,0.));
#5967=CARTESIAN_POINT('',(21.6697,116.972,0.));
#5968=CARTESIAN_POINT('',(40.7197,102.973,0.));
#5969=CARTESIAN_POINT('',(40.7197,116.972,0.));
#5970=CARTESIAN_POINT('',(40.7197,102.973,0.));
#5971=CARTESIAN_POINT('',(54.719,102.973,0.));
#5972=CARTESIAN_POINT('',(54.719,102.973,0.));
#5973=CARTESIAN_POINT('',(54.719,116.972,0.));
#5974=CARTESIAN_POINT('',(54.719,116.972,0.));
#5975=CARTESIAN_POINT('',(40.7197,116.972,0.));
#5976=CARTESIAN_POINT('',(59.7697,102.973,0.));
#5977=CARTESIAN_POINT('',(59.7697,116.972,0.));
#5978=CARTESIAN_POINT('',(59.7697,102.973,0.));
#5979=CARTESIAN_POINT('',(73.769,102.973,0.));
#5980=CARTESIAN_POINT('',(73.769,102.973,0.));
#5981=CARTESIAN_POINT('',(73.769,116.972,0.));
#5982=CARTESIAN_POINT('',(73.769,116.972,0.));
#5983=CARTESIAN_POINT('',(59.7697,116.972,0.));
#5984=CARTESIAN_POINT('Origin',(73.769,102.973,0.));
#5985=CARTESIAN_POINT('',(59.7697,102.973,0.));
#5986=CARTESIAN_POINT('',(73.769,102.973,0.));
#5987=CARTESIAN_POINT('Origin',(73.769,116.972,0.));
#5988=CARTESIAN_POINT('',(73.769,116.972,0.));
#5989=CARTESIAN_POINT('Origin',(59.7697,116.972,0.));
#5990=CARTESIAN_POINT('',(59.7697,116.972,0.));
#5991=CARTESIAN_POINT('Origin',(59.7697,102.973,0.));
#5992=CARTESIAN_POINT('Origin',(54.719,102.973,0.));
#5993=CARTESIAN_POINT('',(40.7197,102.973,0.));
#5994=CARTESIAN_POINT('',(54.719,102.973,0.));
#5995=CARTESIAN_POINT('Origin',(54.719,116.972,0.));
#5996=CARTESIAN_POINT('',(54.719,116.972,0.));
#5997=CARTESIAN_POINT('Origin',(40.7197,116.972,0.));
#5998=CARTESIAN_POINT('',(40.7197,116.972,0.));
#5999=CARTESIAN_POINT('Origin',(40.7197,102.973,0.));
#6000=CARTESIAN_POINT('Origin',(35.669,102.973,0.));
#6001=CARTESIAN_POINT('',(21.6697,102.973,0.));
#6002=CARTESIAN_POINT('',(35.669,102.973,0.));
#6003=CARTESIAN_POINT('Origin',(35.669,116.972,0.));
#6004=CARTESIAN_POINT('',(35.669,116.972,0.));
#6005=CARTESIAN_POINT('Origin',(21.6697,116.972,0.));
#6006=CARTESIAN_POINT('',(21.6697,116.972,0.));
#6007=CARTESIAN_POINT('Origin',(21.6697,102.973,0.));
#6008=CARTESIAN_POINT('Origin',(16.6192,102.973,0.));
#6009=CARTESIAN_POINT('',(2.61965,102.973,0.));
#6010=CARTESIAN_POINT('',(16.6192,102.973,0.));
#6011=CARTESIAN_POINT('Origin',(16.6192,116.972,0.));
#6012=CARTESIAN_POINT('',(16.6192,116.972,0.));
#6013=CARTESIAN_POINT('Origin',(2.61965,116.972,0.));
#6014=CARTESIAN_POINT('',(2.61965,116.972,0.));
#6015=CARTESIAN_POINT('Origin',(2.61965,102.973,0.));
#6016=CARTESIAN_POINT('Origin',(73.769,79.1602,0.));
#6017=CARTESIAN_POINT('',(59.7697,79.1602,0.));
#6018=CARTESIAN_POINT('',(73.769,79.1602,0.));
#6019=CARTESIAN_POINT('Origin',(73.769,93.1594,0.));
#6020=CARTESIAN_POINT('',(73.769,93.1594,0.));
#6021=CARTESIAN_POINT('Origin',(59.7697,93.1594,0.));
#6022=CARTESIAN_POINT('',(59.7697,93.1594,0.));
#6023=CARTESIAN_POINT('Origin',(59.7697,79.1602,0.));
#6024=CARTESIAN_POINT('Origin',(54.719,79.1602,0.));
#6025=CARTESIAN_POINT('',(40.7197,79.1602,0.));
#6026=CARTESIAN_POINT('',(54.719,79.1602,0.));
#6027=CARTESIAN_POINT('Origin',(54.719,93.1594,0.));
#6028=CARTESIAN_POINT('',(54.719,93.1594,0.));
#6029=CARTESIAN_POINT('Origin',(40.7197,93.1594,0.));
#6030=CARTESIAN_POINT('',(40.7197,93.1594,0.));
#6031=CARTESIAN_POINT('Origin',(40.7197,79.1602,0.));
#6032=CARTESIAN_POINT('Origin',(35.669,79.1602,0.));
#6033=CARTESIAN_POINT('',(21.6697,79.1602,0.));
#6034=CARTESIAN_POINT('',(35.669,79.1602,0.));
#6035=CARTESIAN_POINT('Origin',(35.669,93.1594,0.));
#6036=CARTESIAN_POINT('',(35.669,93.1594,0.));
#6037=CARTESIAN_POINT('Origin',(21.6697,93.1594,0.));
#6038=CARTESIAN_POINT('',(21.6697,93.1594,0.));
#6039=CARTESIAN_POINT('Origin',(21.6697,79.1602,0.));
#6040=CARTESIAN_POINT('Origin',(16.6192,79.1602,0.));
#6041=CARTESIAN_POINT('',(2.61965,79.1602,0.));
#6042=CARTESIAN_POINT('',(16.6192,79.1602,0.));
#6043=CARTESIAN_POINT('Origin',(16.6192,93.1594,0.));
#6044=CARTESIAN_POINT('',(16.6192,93.1594,0.));
#6045=CARTESIAN_POINT('Origin',(2.61965,93.1594,0.));
#6046=CARTESIAN_POINT('',(2.61965,93.1594,0.));
#6047=CARTESIAN_POINT('Origin',(2.61965,79.1602,0.));
#6048=CARTESIAN_POINT('Origin',(54.719,60.1102,0.));
#6049=CARTESIAN_POINT('',(40.7197,60.1102,0.));
#6050=CARTESIAN_POINT('',(54.719,60.1102,0.));
#6051=CARTESIAN_POINT('Origin',(54.719,74.1094,0.));
#6052=CARTESIAN_POINT('',(54.719,74.1094,0.));
#6053=CARTESIAN_POINT('Origin',(40.7197,74.1094,0.));
#6054=CARTESIAN_POINT('',(40.7197,74.1094,0.));
#6055=CARTESIAN_POINT('Origin',(40.7197,60.1102,0.));
#6056=CARTESIAN_POINT('Origin',(35.669,60.1102,0.));
#6057=CARTESIAN_POINT('',(21.6697,60.1102,0.));
#6058=CARTESIAN_POINT('',(35.669,60.1102,0.));
#6059=CARTESIAN_POINT('Origin',(35.669,74.1094,0.));
#6060=CARTESIAN_POINT('',(35.669,74.1094,0.));
#6061=CARTESIAN_POINT('Origin',(21.6697,74.1094,0.));
#6062=CARTESIAN_POINT('',(21.6697,74.1094,0.));
#6063=CARTESIAN_POINT('Origin',(21.6697,60.1102,0.));
#6064=CARTESIAN_POINT('Origin',(16.6192,60.1102,0.));
#6065=CARTESIAN_POINT('',(2.61965,60.1102,0.));
#6066=CARTESIAN_POINT('',(16.6192,60.1102,0.));
#6067=CARTESIAN_POINT('Origin',(16.6192,74.1094,0.));
#6068=CARTESIAN_POINT('',(16.6192,74.1094,0.));
#6069=CARTESIAN_POINT('Origin',(2.61965,74.1094,0.));
#6070=CARTESIAN_POINT('',(2.61965,74.1094,0.));
#6071=CARTESIAN_POINT('Origin',(2.61965,60.1102,0.));
#6072=CARTESIAN_POINT('Origin',(66.27,73.685,0.));
#6073=CARTESIAN_POINT('',(69.07,73.685,0.));
#6074=CARTESIAN_POINT('',(66.27,73.685,0.));
#6075=CARTESIAN_POINT('Origin',(66.27,72.8595,0.));
#6076=CARTESIAN_POINT('',(66.27,72.8595,0.));
#6077=CARTESIAN_POINT('Origin',(59.9997,72.8595,0.));
#6078=CARTESIAN_POINT('',(59.9997,72.8595,0.));
#6079=CARTESIAN_POINT('Origin',(59.9997,71.1359,0.));
#6080=CARTESIAN_POINT('',(59.9997,71.1359,0.));
#6081=CARTESIAN_POINT('Origin',(58.7996,71.1359,0.));
#6082=CARTESIAN_POINT('',(58.7996,71.1359,0.));
#6083=CARTESIAN_POINT('Origin',(58.7996,67.8353,0.));
#6084=CARTESIAN_POINT('',(58.7996,67.8353,0.));
#6085=CARTESIAN_POINT('Origin',(59.9997,67.8353,0.));
#6086=CARTESIAN_POINT('',(59.9997,67.8353,0.));
#6087=CARTESIAN_POINT('Origin',(59.9997,66.1098,0.));
#6088=CARTESIAN_POINT('',(59.9997,66.1098,0.));
#6089=CARTESIAN_POINT('Origin',(64.4701,66.1098,0.));
#6090=CARTESIAN_POINT('',(64.4701,66.1098,0.));
#6091=CARTESIAN_POINT('Origin',(64.4701,64.5844,0.));
#6092=CARTESIAN_POINT('',(64.4701,64.5844,0.));
#6093=CARTESIAN_POINT('Origin',(59.7697,64.5844,0.));
#6094=CARTESIAN_POINT('',(59.7697,64.5844,0.));
#6095=CARTESIAN_POINT('Origin',(59.7697,50.5852,0.));
#6096=CARTESIAN_POINT('',(59.7697,50.5852,0.));
#6097=CARTESIAN_POINT('Origin',(64.4701,50.5852,0.));
#6098=CARTESIAN_POINT('',(64.4701,50.5852,0.));
#6099=CARTESIAN_POINT('Origin',(64.4701,49.0594,0.));
#6100=CARTESIAN_POINT('',(64.4701,49.0594,0.));
#6101=CARTESIAN_POINT('Origin',(59.9997,49.0594,0.));
#6102=CARTESIAN_POINT('',(59.9997,49.0594,0.));
#6103=CARTESIAN_POINT('Origin',(59.9997,47.3357,0.));
#6104=CARTESIAN_POINT('',(59.9997,47.3357,0.));
#6105=CARTESIAN_POINT('Origin',(58.7996,47.3357,0.));
#6106=CARTESIAN_POINT('',(58.7996,47.3357,0.));
#6107=CARTESIAN_POINT('Origin',(58.7996,44.0351,0.));
#6108=CARTESIAN_POINT('',(58.7996,44.0351,0.));
#6109=CARTESIAN_POINT('Origin',(59.9997,44.0351,0.));
#6110=CARTESIAN_POINT('',(59.9997,44.0351,0.));
#6111=CARTESIAN_POINT('Origin',(59.9997,42.31,0.));
#6112=CARTESIAN_POINT('',(59.9997,42.31,0.));
#6113=CARTESIAN_POINT('Origin',(66.27,42.31,0.));
#6114=CARTESIAN_POINT('',(66.27,42.31,0.));
#6115=CARTESIAN_POINT('Origin',(66.27,41.486,0.));
#6116=CARTESIAN_POINT('',(66.27,41.486,0.));
#6117=CARTESIAN_POINT('Origin',(69.07,41.486,0.));
#6118=CARTESIAN_POINT('',(69.07,41.486,0.));
#6119=CARTESIAN_POINT('Origin',(69.07,42.31,0.));
#6120=CARTESIAN_POINT('',(69.07,42.31,0.));
#6121=CARTESIAN_POINT('Origin',(72.3,42.31,0.));
#6122=CARTESIAN_POINT('',(72.3,42.31,0.));
#6123=CARTESIAN_POINT('Origin',(72.3,49.0594,0.));
#6124=CARTESIAN_POINT('',(72.3,49.0594,0.));
#6125=CARTESIAN_POINT('Origin',(69.07,49.0594,0.));
#6126=CARTESIAN_POINT('',(69.07,49.0594,0.));
#6127=CARTESIAN_POINT('Origin',(69.07,50.5852,0.));
#6128=CARTESIAN_POINT('',(69.07,50.5852,0.));
#6129=CARTESIAN_POINT('Origin',(73.769,50.5852,0.));
#6130=CARTESIAN_POINT('',(73.769,50.5852,0.));
#6131=CARTESIAN_POINT('Origin',(73.769,64.5844,0.));
#6132=CARTESIAN_POINT('',(73.769,64.5844,0.));
#6133=CARTESIAN_POINT('Origin',(69.07,64.5844,0.));
#6134=CARTESIAN_POINT('',(69.07,64.5844,0.));
#6135=CARTESIAN_POINT('Origin',(69.07,66.1098,0.));
#6136=CARTESIAN_POINT('',(69.07,66.1098,0.));
#6137=CARTESIAN_POINT('Origin',(72.3,66.1098,0.));
#6138=CARTESIAN_POINT('',(72.3,66.1098,0.));
#6139=CARTESIAN_POINT('Origin',(72.3,72.8595,0.));
#6140=CARTESIAN_POINT('',(72.3,72.8595,0.));
#6141=CARTESIAN_POINT('Origin',(69.07,72.8595,0.));
#6142=CARTESIAN_POINT('',(69.07,72.8595,0.));
#6143=CARTESIAN_POINT('Origin',(69.07,73.685,0.));
#6144=CARTESIAN_POINT('Origin',(54.719,41.0602,0.));
#6145=CARTESIAN_POINT('',(40.7197,41.0602,0.));
#6146=CARTESIAN_POINT('',(54.719,41.0602,0.));
#6147=CARTESIAN_POINT('Origin',(54.719,55.0594,0.));
#6148=CARTESIAN_POINT('',(54.719,55.0594,0.));
#6149=CARTESIAN_POINT('Origin',(40.7197,55.0594,0.));
#6150=CARTESIAN_POINT('',(40.7197,55.0594,0.));
#6151=CARTESIAN_POINT('Origin',(40.7197,41.0602,0.));
#6152=CARTESIAN_POINT('Origin',(35.669,41.0602,0.));
#6153=CARTESIAN_POINT('',(21.6697,41.0602,0.));
#6154=CARTESIAN_POINT('',(35.669,41.0602,0.));
#6155=CARTESIAN_POINT('Origin',(35.669,55.0594,0.));
#6156=CARTESIAN_POINT('',(35.669,55.0594,0.));
#6157=CARTESIAN_POINT('Origin',(21.6697,55.0594,0.));
#6158=CARTESIAN_POINT('',(21.6697,55.0594,0.));
#6159=CARTESIAN_POINT('Origin',(21.6697,41.0602,0.));
#6160=CARTESIAN_POINT('Origin',(16.6192,41.0602,0.));
#6161=CARTESIAN_POINT('',(2.61965,41.0602,0.));
#6162=CARTESIAN_POINT('',(16.6192,41.0602,0.));
#6163=CARTESIAN_POINT('Origin',(16.6192,55.0594,0.));
#6164=CARTESIAN_POINT('',(16.6192,55.0594,0.));
#6165=CARTESIAN_POINT('Origin',(2.61965,55.0594,0.));
#6166=CARTESIAN_POINT('',(2.61965,55.0594,0.));
#6167=CARTESIAN_POINT('Origin',(2.61965,41.0602,0.));
#6168=CARTESIAN_POINT('Origin',(54.719,22.01,0.));
#6169=CARTESIAN_POINT('',(40.7197,22.01,0.));
#6170=CARTESIAN_POINT('',(54.719,22.01,0.));
#6171=CARTESIAN_POINT('Origin',(54.719,36.0094,0.));
#6172=CARTESIAN_POINT('',(54.719,36.0094,0.));
#6173=CARTESIAN_POINT('Origin',(40.7197,36.0094,0.));
#6174=CARTESIAN_POINT('',(40.7197,36.0094,0.));
#6175=CARTESIAN_POINT('Origin',(40.7197,22.01,0.));
#6176=CARTESIAN_POINT('Origin',(35.669,22.01,0.));
#6177=CARTESIAN_POINT('',(21.6697,22.01,0.));
#6178=CARTESIAN_POINT('',(35.669,22.01,0.));
#6179=CARTESIAN_POINT('Origin',(35.669,36.0094,0.));
#6180=CARTESIAN_POINT('',(35.669,36.0094,0.));
#6181=CARTESIAN_POINT('Origin',(21.6697,36.0094,0.));
#6182=CARTESIAN_POINT('',(21.6697,36.0094,0.));
#6183=CARTESIAN_POINT('Origin',(21.6697,22.01,0.));
#6184=CARTESIAN_POINT('Origin',(16.6192,22.01,0.));
#6185=CARTESIAN_POINT('',(2.61965,22.01,0.));
#6186=CARTESIAN_POINT('',(16.6192,22.01,0.));
#6187=CARTESIAN_POINT('Origin',(16.6192,36.0094,0.));
#6188=CARTESIAN_POINT('',(16.6192,36.0094,0.));
#6189=CARTESIAN_POINT('Origin',(2.61965,36.0094,0.));
#6190=CARTESIAN_POINT('',(2.61965,36.0094,0.));
#6191=CARTESIAN_POINT('Origin',(2.61965,22.01,0.));
#6192=CARTESIAN_POINT('Origin',(66.27,35.585,0.));
#6193=CARTESIAN_POINT('',(69.07,35.585,0.));
#6194=CARTESIAN_POINT('',(66.27,35.585,0.));
#6195=CARTESIAN_POINT('Origin',(66.27,34.7597,0.));
#6196=CARTESIAN_POINT('',(66.27,34.7597,0.));
#6197=CARTESIAN_POINT('Origin',(59.9997,34.7597,0.));
#6198=CARTESIAN_POINT('',(59.9997,34.7597,0.));
#6199=CARTESIAN_POINT('Origin',(59.9997,33.0357,0.));
#6200=CARTESIAN_POINT('',(59.9997,33.0357,0.));
#6201=CARTESIAN_POINT('Origin',(58.7996,33.0357,0.));
#6202=CARTESIAN_POINT('',(58.7996,33.0357,0.));
#6203=CARTESIAN_POINT('Origin',(58.7996,29.7353,0.));
#6204=CARTESIAN_POINT('',(58.7996,29.7353,0.));
#6205=CARTESIAN_POINT('Origin',(59.9997,29.7353,0.));
#6206=CARTESIAN_POINT('',(59.9997,29.7353,0.));
#6207=CARTESIAN_POINT('Origin',(59.9997,28.01,0.));
#6208=CARTESIAN_POINT('',(59.9997,28.01,0.));
#6209=CARTESIAN_POINT('Origin',(64.4701,28.01,0.));
#6210=CARTESIAN_POINT('',(64.4701,28.01,0.));
#6211=CARTESIAN_POINT('Origin',(64.4701,26.4845,0.));
#6212=CARTESIAN_POINT('',(64.4701,26.4845,0.));
#6213=CARTESIAN_POINT('Origin',(59.7697,26.4845,0.));
#6214=CARTESIAN_POINT('',(59.7697,26.4845,0.));
#6215=CARTESIAN_POINT('Origin',(59.7697,12.485,0.));
#6216=CARTESIAN_POINT('',(59.7697,12.485,0.));
#6217=CARTESIAN_POINT('Origin',(64.4701,12.485,0.));
#6218=CARTESIAN_POINT('',(64.4701,12.485,0.));
#6219=CARTESIAN_POINT('Origin',(64.4701,10.9595,0.));
#6220=CARTESIAN_POINT('',(64.4701,10.9595,0.));
#6221=CARTESIAN_POINT('Origin',(59.9997,10.9595,0.));
#6222=CARTESIAN_POINT('',(59.9997,10.9595,0.));
#6223=CARTESIAN_POINT('Origin',(59.9997,9.23562,0.));
#6224=CARTESIAN_POINT('',(59.9997,9.23562,0.));
#6225=CARTESIAN_POINT('Origin',(58.7996,9.23562,0.));
#6226=CARTESIAN_POINT('',(58.7996,9.23562,0.));
#6227=CARTESIAN_POINT('Origin',(58.7996,5.9352,0.));
#6228=CARTESIAN_POINT('',(58.7996,5.9352,0.));
#6229=CARTESIAN_POINT('Origin',(59.9997,5.9352,0.));
#6230=CARTESIAN_POINT('',(59.9997,5.9352,0.));
#6231=CARTESIAN_POINT('Origin',(59.9997,4.20991,0.));
#6232=CARTESIAN_POINT('',(59.9997,4.20991,0.));
#6233=CARTESIAN_POINT('Origin',(66.27,4.20991,0.));
#6234=CARTESIAN_POINT('',(66.27,4.20991,0.));
#6235=CARTESIAN_POINT('Origin',(66.27,3.38584,0.));
#6236=CARTESIAN_POINT('',(66.27,3.38584,0.));
#6237=CARTESIAN_POINT('Origin',(69.07,3.38584,0.));
#6238=CARTESIAN_POINT('',(69.07,3.38584,0.));
#6239=CARTESIAN_POINT('Origin',(69.07,4.20991,0.));
#6240=CARTESIAN_POINT('',(69.07,4.20991,0.));
#6241=CARTESIAN_POINT('Origin',(72.3,4.20991,0.));
#6242=CARTESIAN_POINT('',(72.3,4.20991,0.));
#6243=CARTESIAN_POINT('Origin',(72.3,10.9595,0.));
#6244=CARTESIAN_POINT('',(72.3,10.9595,0.));
#6245=CARTESIAN_POINT('Origin',(69.07,10.9595,0.));
#6246=CARTESIAN_POINT('',(69.07,10.9595,0.));
#6247=CARTESIAN_POINT('Origin',(69.07,12.485,0.));
#6248=CARTESIAN_POINT('',(69.07,12.485,0.));
#6249=CARTESIAN_POINT('Origin',(73.769,12.485,0.));
#6250=CARTESIAN_POINT('',(73.769,12.485,0.));
#6251=CARTESIAN_POINT('Origin',(73.769,26.4845,0.));
#6252=CARTESIAN_POINT('',(73.769,26.4845,0.));
#6253=CARTESIAN_POINT('Origin',(69.07,26.4845,0.));
#6254=CARTESIAN_POINT('',(69.07,26.4845,0.));
#6255=CARTESIAN_POINT('Origin',(69.07,28.01,0.));
#6256=CARTESIAN_POINT('',(69.07,28.01,0.));
#6257=CARTESIAN_POINT('Origin',(72.3,28.01,0.));
#6258=CARTESIAN_POINT('',(72.3,28.01,0.));
#6259=CARTESIAN_POINT('Origin',(72.3,34.7597,0.));
#6260=CARTESIAN_POINT('',(72.3,34.7597,0.));
#6261=CARTESIAN_POINT('Origin',(69.07,34.7597,0.));
#6262=CARTESIAN_POINT('',(69.07,34.7597,0.));
#6263=CARTESIAN_POINT('Origin',(69.07,35.585,0.));
#6264=CARTESIAN_POINT('Origin',(54.719,2.96003,0.));
#6265=CARTESIAN_POINT('',(40.7197,2.96003,0.));
#6266=CARTESIAN_POINT('',(54.719,2.96003,0.));
#6267=CARTESIAN_POINT('Origin',(54.719,16.9595,0.));
#6268=CARTESIAN_POINT('',(54.719,16.9595,0.));
#6269=CARTESIAN_POINT('Origin',(40.7197,16.9595,0.));
#6270=CARTESIAN_POINT('',(40.7197,16.9595,0.));
#6271=CARTESIAN_POINT('Origin',(40.7197,2.96003,0.));
#6272=CARTESIAN_POINT('Origin',(12.1447,16.9595,0.));
#6273=CARTESIAN_POINT('',(26.1441,16.9595,0.));
#6274=CARTESIAN_POINT('',(12.1447,16.9595,0.));
#6275=CARTESIAN_POINT('Origin',(12.1447,12.2604,0.));
#6276=CARTESIAN_POINT('',(12.1447,12.2604,0.));
#6277=CARTESIAN_POINT('Origin',(10.6192,12.2604,0.));
#6278=CARTESIAN_POINT('',(10.6192,12.2604,0.));
#6279=CARTESIAN_POINT('Origin',(10.6192,15.4905,0.));
#6280=CARTESIAN_POINT('',(10.6192,15.4905,0.));
#6281=CARTESIAN_POINT('Origin',(3.86955,15.4905,0.));
#6282=CARTESIAN_POINT('',(3.86955,15.4905,0.));
#6283=CARTESIAN_POINT('Origin',(3.86955,12.2604,0.));
#6284=CARTESIAN_POINT('',(3.86955,12.2604,0.));
#6285=CARTESIAN_POINT('Origin',(3.04409,12.2604,0.));
#6286=CARTESIAN_POINT('',(3.04409,12.2604,0.));
#6287=CARTESIAN_POINT('Origin',(3.04409,9.46023,0.));
#6288=CARTESIAN_POINT('',(3.04409,9.46023,0.));
#6289=CARTESIAN_POINT('Origin',(3.86955,9.46023,0.));
#6290=CARTESIAN_POINT('',(3.86955,9.46023,0.));
#6291=CARTESIAN_POINT('Origin',(3.86955,3.19016,0.));
#6292=CARTESIAN_POINT('',(3.86955,3.19016,0.));
#6293=CARTESIAN_POINT('Origin',(5.59484,3.19016,0.));
#6294=CARTESIAN_POINT('',(5.59484,3.19016,0.));
#6295=CARTESIAN_POINT('Origin',(5.59484,1.98989,0.));
#6296=CARTESIAN_POINT('',(5.59484,1.98989,0.));
#6297=CARTESIAN_POINT('Origin',(8.89385,1.98989,0.));
#6298=CARTESIAN_POINT('',(8.89385,1.98989,0.));
#6299=CARTESIAN_POINT('Origin',(8.89385,3.19016,0.));
#6300=CARTESIAN_POINT('',(8.89385,3.19016,0.));
#6301=CARTESIAN_POINT('Origin',(10.6192,3.19016,0.));
#6302=CARTESIAN_POINT('',(10.6192,3.19016,0.));
#6303=CARTESIAN_POINT('Origin',(10.6192,7.6605,0.));
#6304=CARTESIAN_POINT('',(10.6192,7.6605,0.));
#6305=CARTESIAN_POINT('Origin',(12.1447,7.6605,0.));
#6306=CARTESIAN_POINT('',(12.1447,7.6605,0.));
#6307=CARTESIAN_POINT('Origin',(12.1447,2.96003,0.));
#6308=CARTESIAN_POINT('',(12.1447,2.96003,0.));
#6309=CARTESIAN_POINT('Origin',(26.1441,2.96003,0.));
#6310=CARTESIAN_POINT('',(26.1441,2.96003,0.));
#6311=CARTESIAN_POINT('Origin',(26.1441,7.6605,0.));
#6312=CARTESIAN_POINT('',(26.1441,7.6605,0.));
#6313=CARTESIAN_POINT('Origin',(27.6696,7.6605,0.));
#6314=CARTESIAN_POINT('',(27.6696,7.6605,0.));
#6315=CARTESIAN_POINT('Origin',(27.6696,3.19016,0.));
#6316=CARTESIAN_POINT('',(27.6696,3.19016,0.));
#6317=CARTESIAN_POINT('Origin',(29.3949,3.19016,0.));
#6318=CARTESIAN_POINT('',(29.3949,3.19016,0.));
#6319=CARTESIAN_POINT('Origin',(29.3949,1.98989,0.));
#6320=CARTESIAN_POINT('',(29.3949,1.98989,0.));
#6321=CARTESIAN_POINT('Origin',(32.694,1.98989,0.));
#6322=CARTESIAN_POINT('',(32.694,1.98989,0.));
#6323=CARTESIAN_POINT('Origin',(32.694,3.19016,0.));
#6324=CARTESIAN_POINT('',(32.694,3.19016,0.));
#6325=CARTESIAN_POINT('Origin',(34.4193,3.19016,0.));
#6326=CARTESIAN_POINT('',(34.4193,3.19016,0.));
#6327=CARTESIAN_POINT('Origin',(34.4193,9.46023,0.));
#6328=CARTESIAN_POINT('',(34.4193,9.46023,0.));
#6329=CARTESIAN_POINT('Origin',(35.2447,9.46023,0.));
#6330=CARTESIAN_POINT('',(35.2447,9.46023,0.));
#6331=CARTESIAN_POINT('Origin',(35.2447,12.2604,0.));
#6332=CARTESIAN_POINT('',(35.2447,12.2604,0.));
#6333=CARTESIAN_POINT('Origin',(34.4193,12.2604,0.));
#6334=CARTESIAN_POINT('',(34.4193,12.2604,0.));
#6335=CARTESIAN_POINT('Origin',(34.4193,15.4905,0.));
#6336=CARTESIAN_POINT('',(34.4193,15.4905,0.));
#6337=CARTESIAN_POINT('Origin',(27.6696,15.4905,0.));
#6338=CARTESIAN_POINT('',(27.6696,15.4905,0.));
#6339=CARTESIAN_POINT('Origin',(27.6696,12.2604,0.));
#6340=CARTESIAN_POINT('',(27.6696,12.2604,0.));
#6341=CARTESIAN_POINT('Origin',(26.1441,12.2604,0.));
#6342=CARTESIAN_POINT('',(26.1441,12.2604,0.));
#6343=CARTESIAN_POINT('Origin',(26.1441,16.9595,0.));
#6344=UNCERTAINTY_MEASURE_WITH_UNIT(LENGTH_MEASURE(0.01),#6348,
'DISTANCE_ACCURACY_VALUE',
'Maximum model space distance between geometric entities at asserted c
onnectivities');
#6345=UNCERTAINTY_MEASURE_WITH_UNIT(LENGTH_MEASURE(0.01),#6348,
'DISTANCE_ACCURACY_VALUE',
'Maximum model space distance between geometric entities at asserted c
onnectivities');
#6346=(
GEOMETRIC_REPRESENTATION_CONTEXT(3)
GLOBAL_UNCERTAINTY_ASSIGNED_CONTEXT((#6344))
GLOBAL_UNIT_ASSIGNED_CONTEXT((#6348,#6350,#6351))
REPRESENTATION_CONTEXT('','3D')
);
#6347=(
GEOMETRIC_REPRESENTATION_CONTEXT(3)
GLOBAL_UNCERTAINTY_ASSIGNED_CONTEXT((#6345))
GLOBAL_UNIT_ASSIGNED_CONTEXT((#6348,#6350,#6351))
REPRESENTATION_CONTEXT('','3D')
);
#6348=(
LENGTH_UNIT()
NAMED_UNIT(*)
SI_UNIT(.MILLI.,.METRE.)
);
#6349=(
LENGTH_UNIT()
NAMED_UNIT(*)
SI_UNIT($,.METRE.)
);
#6350=(
NAMED_UNIT(*)
PLANE_ANGLE_UNIT()
SI_UNIT($,.RADIAN.)
);
#6351=(
NAMED_UNIT(*)
SI_UNIT($,.STERADIAN.)
SOLID_ANGLE_UNIT()
);
#6352=SHAPE_DEFINITION_REPRESENTATION(#6353,#6354);
#6353=PRODUCT_DEFINITION_SHAPE('',$,#6356);
#6354=SHAPE_REPRESENTATION('',(#4060),#6346);
#6355=PRODUCT_DEFINITION_CONTEXT('part definition',#6360,'design');
#6356=PRODUCT_DEFINITION('(Unsaved)','(Unsaved)',#6357,#6355);
#6357=PRODUCT_DEFINITION_FORMATION('',$,#6362);
#6358=PRODUCT_RELATED_PRODUCT_CATEGORY('(Unsaved)','(Unsaved)',(#6362));
#6359=APPLICATION_PROTOCOL_DEFINITION('international standard',
'automotive_design',2009,#6360);
#6360=APPLICATION_CONTEXT(
'Core Data for Automotive Mechanical Design Process');
#6361=PRODUCT_CONTEXT('part definition',#6360,'mechanical');
#6362=PRODUCT('(Unsaved)','(Unsaved)',$,(#6361));
#6363=PRESENTATION_STYLE_ASSIGNMENT((#6364));
#6364=SURFACE_STYLE_USAGE(.BOTH.,#6365);
#6365=SURFACE_SIDE_STYLE('',(#6366));
#6366=SURFACE_STYLE_FILL_AREA(#6367);
#6367=FILL_AREA_STYLE('Steel - Satin',(#6368));
#6368=FILL_AREA_STYLE_COLOUR('Steel - Satin',#6369);
#6369=COLOUR_RGB('Steel - Satin',0.627450980392157,0.627450980392157,0.627450980392157);
ENDSEC;
END-ISO-10303-21;
