  0
SECTION
  2
HEADER
  9
$ACADVER
  1
AC1027
  9
$ACADMAINTVER
 70
   125
  9
$DWGCODEPAGE
  3
ANSI_1252
  9
$LASTSAVEDBY
  1
Admin
  9
$REQUIREDVERSIONS
160
                 0
  9
$INSBASE
 10
0.0
 20
0.0
 30
0.0
  9
$EXTMIN
 10
114.5730217093397
 20
-70.92299054799105
 30
0.0
  9
$EXTMAX
 10
259.681946
 20
1004.224070944678
 30
0.0
  9
$LIMMIN
 10
0.0
 20
0.0
  9
$LIMMAX
 10
420.0
 20
297.0
  9
$ORTHOMODE
 70
     0
  9
$REGENMODE
 70
     1
  9
$FILLMODE
 70
     1
  9
$QTEXTMODE
 70
     0
  9
$MIRRTEXT
 70
     0
  9
$LTSCALE
 40
0.75
  9
$ATTMODE
 70
     1
  9
$TEXTSIZE
 40
3.5
  9
$TRACEWID
 40
1.0
  9
$TEXTSTYLE
  7
Standard
  9
$CLAYER
  8
0
  9
$CELTYPE
  6
ByLayer
  9
$CECOLOR
 62
   256
  9
$CELTSCALE
 40
1.0
  9
$DISPSILH
 70
     0
  9
$DIMSCALE
 40
1.0
  9
$DIMASZ
 40
3.5
  9
$DIMEXO
 40
2.1
  9
$DIMDLI
 40
10.5
  9
$DIMRND
 40
0.0
  9
$DIMDLE
 40
0.0
  9
$DIMEXE
 40
2.1
  9
$DIMTP
 40
0.1
  9
$DIMTM
 40
0.1
  9
$DIMTXT
 40
3.5
  9
$DIMCEN
 40
0.0
  9
$DIMTSZ
 40
0.0
  9
$DIMTOL
 70
     0
  9
$DIMLIM
 70
     0
  9
$DIMTIH
 70
     0
  9
$DIMTOH
 70
     0
  9
$DIMSE1
 70
     0
  9
$DIMSE2
 70
     0
  9
$DIMTAD
 70
     1
  9
$DIMZIN
 70
    12
  9
$DIMBLK
  1

  9
$DIMASO
 70
     1
  9
$DIMSHO
 70
     1
  9
$DIMPOST
  1

  9
$DIMAPOST
  1

  9
$DIMALT
 70
     0
  9
$DIMALTD
 70
     2
  9
$DIMALTF
 40
0.03937
  9
$DIMLFAC
 40
1.0
  9
$DIMTOFL
 70
     1
  9
$DIMTVP
 40
0.0
  9
$DIMTIX
 70
     0
  9
$DIMSOXD
 70
     0
  9
$DIMSAH
 70
     0
  9
$DIMBLK1
  1

  9
$DIMBLK2
  1

  9
$DIMSTYLE
  2
Dim-ISO-25
  9
$DIMCLRD
 70
     0
  9
$DIMCLRE
 70
     0
  9
$DIMCLRT
 70
     0
  9
$DIMTFAC
 40
0.714286
  9
$DIMGAP
 40
1.399999999999999
  9
$DIMJUST
 70
     0
  9
$DIMSD1
 70
     0
  9
$DIMSD2
 70
     0
  9
$DIMTOLJ
 70
     0
  9
$DIMTZIN
 70
    12
  9
$DIMALTZ
 70
    12
  9
$DIMALTTZ
 70
    12
  9
$DIMUPT
 70
     0
  9
$DIMDEC
 70
     2
  9
$DIMTDEC
 70
     2
  9
$DIMALTU
 70
     2
  9
$DIMALTTD
 70
     4
  9
$DIMTXSTY
  7
Standard
  9
$DIMAUNIT
 70
     0
  9
$DIMADEC
 70
     2
  9
$DIMALTRND
 40
0.0
  9
$DIMAZIN
 70
     3
  9
$DIMDSEP
 70
    46
  9
$DIMATFIT
 70
     3
  9
$DIMFRAC
 70
     0
  9
$DIMLDRBLK
  1

  9
$DIMLUNIT
 70
     2
  9
$DIMLWD
 70
    -2
  9
$DIMLWE
 70
    -2
  9
$DIMTMOVE
 70
     0
  9
$DIMFXL
 40
1.0
  9
$DIMFXLON
 70
     0
  9
$DIMJOGANG
 40
0.7853979999999999
  9
$DIMTFILL
 70
     0
  9
$DIMTFILLCLR
 70
     0
  9
$DIMARCSYM
 70
     0
  9
$DIMLTYPE
  6

  9
$DIMLTEX1
  6

  9
$DIMLTEX2
  6

  9
$DIMTXTDIRECTION
 70
     0
  9
$LUNITS
 70
     2
  9
$LUPREC
 70
     4
  9
$SKETCHINC
 40
1.0
  9
$FILLETRAD
 40
1.0
  9
$AUNITS
 70
     0
  9
$AUPREC
 70
     0
  9
$MENU
  1
.
  9
$ELEVATION
 40
0.0
  9
$PELEVATION
 40
0.0
  9
$THICKNESS
 40
0.0
  9
$LIMCHECK
 70
     0
  9
$CHAMFERA
 40
0.0
  9
$CHAMFERB
 40
0.0
  9
$CHAMFERC
 40
0.0
  9
$CHAMFERD
 40
0.0
  9
$SKPOLY
 70
     0
  9
$TDCREATE
 40
2460789.600231481
  9
$TDUCREATE
 40
2460789.308564815
  9
$TDUPDATE
 40
2460789.631944445
  9
$TDUUPDATE
 40
2460789.340277778
  9
$TDINDWG
 40
0.0315856481
  9
$TDUSRTIMER
 40
0.0315856481
  9
$USRTIMER
 70
     1
  9
$ANGBASE
 50
0.0
  9
$ANGDIR
 70
     0
  9
$PDMODE
 70
     0
  9
$PDSIZE
 40
0.0
  9
$PLINEWID
 40
0.0
  9
$SPLFRAME
 70
     0
  9
$SPLINETYPE
 70
     6
  9
$SPLINESEGS
 70
     8
  9
$HANDSEED
  5
821
  9
$SURFTAB1
 70
     6
  9
$SURFTAB2
 70
     6
  9
$SURFTYPE
 70
     6
  9
$SURFU
 70
     6
  9
$SURFV
 70
     6
  9
$UCSBASE
  2

  9
$UCSNAME
  2

  9
$UCSORG
 10
0.0
 20
0.0
 30
0.0
  9
$UCSXDIR
 10
1.0
 20
0.0
 30
0.0
  9
$UCSYDIR
 10
0.0
 20
1.0
 30
0.0
  9
$UCSORTHOREF
  2

  9
$UCSORTHOVIEW
 70
     0
  9
$UCSORGTOP
 10
0.0
 20
0.0
 30
0.0
  9
$UCSORGBOTTOM
 10
0.0
 20
0.0
 30
0.0
  9
$UCSORGLEFT
 10
0.0
 20
0.0
 30
0.0
  9
$UCSORGRIGHT
 10
0.0
 20
0.0
 30
0.0
  9
$UCSORGFRONT
 10
0.0
 20
0.0
 30
0.0
  9
$UCSORGBACK
 10
0.0
 20
0.0
 30
0.0
  9
$PUCSBASE
  2

  9
$PUCSNAME
  2

  9
$PUCSORG
 10
0.0
 20
0.0
 30
0.0
  9
$PUCSXDIR
 10
1.0
 20
0.0
 30
0.0
  9
$PUCSYDIR
 10
0.0
 20
1.0
 30
0.0
  9
$PUCSORTHOREF
  2

  9
$PUCSORTHOVIEW
 70
     0
  9
$PUCSORGTOP
 10
0.0
 20
0.0
 30
0.0
  9
$PUCSORGBOTTOM
 10
0.0
 20
0.0
 30
0.0
  9
$PUCSORGLEFT
 10
0.0
 20
0.0
 30
0.0
  9
$PUCSORGRIGHT
 10
0.0
 20
0.0
 30
0.0
  9
$PUCSORGFRONT
 10
0.0
 20
0.0
 30
0.0
  9
$PUCSORGBACK
 10
0.0
 20
0.0
 30
0.0
  9
$USERI1
 70
     0
  9
$USERI2
 70
     0
  9
$USERI3
 70
     0
  9
$USERI4
 70
     0
  9
$USERI5
 70
     0
  9
$USERR1
 40
0.0
  9
$USERR2
 40
0.0
  9
$USERR3
 40
0.0
  9
$USERR4
 40
0.0
  9
$USERR5
 40
0.0
  9
$WORLDVIEW
 70
     1
  9
$SHADEDGE
 70
     3
  9
$SHADEDIF
 70
    70
  9
$TILEMODE
 70
     1
  9
$MAXACTVP
 70
    64
  9
$PINSBASE
 10
0.0
 20
0.0
 30
0.0
  9
$PLIMCHECK
 70
     0
  9
$PEXTMIN
 10
1.000000000000000E+20
 20
1.000000000000000E+20
 30
1.000000000000000E+20
  9
$PEXTMAX
 10
-1.000000000000000E+20
 20
-1.000000000000000E+20
 30
-1.000000000000000E+20
  9
$PLIMMIN
 10
0.0
 20
0.0
  9
$PLIMMAX
 10
12.0
 20
9.0
  9
$UNITMODE
 70
     0
  9
$VISRETAIN
 70
     1
  9
$PLINEGEN
 70
     0
  9
$PSLTSCALE
 70
     1
  9
$TREEDEPTH
 70
  3020
  9
$CMLSTYLE
  2
Standard
  9
$CMLJUST
 70
     0
  9
$CMLSCALE
 40
20.0
  9
$PROXYGRAPHICS
 70
     1
  9
$MEASUREMENT
 70
     1
  9
$CELWEIGHT
370
    -1
  9
$ENDCAPS
280
     0
  9
$JOINSTYLE
280
     0
  9
$LWDISPLAY
290
     0
  9
$INSUNITS
 70
     4
  9
$HYPERLINKBASE
  1

  9
$STYLESHEET
  1

  9
$XEDIT
290
     1
  9
$CEPSNTYPE
380
     0
  9
$PSTYLEMODE
290
     1
  9
$FINGERPRINTGUID
  2
{0B20C863-5DDA-734A-A39A-5FFD6DAC6648}
  9
$VERSIONGUID
  2
{C34026CA-8C21-F440-BD0F-51140BD9588E}
  9
$EXTNAMES
290
     1
  9
$PSVPSCALE
 40
0.0
  9
$OLESTARTUP
290
     0
  9
$SORTENTS
280
   127
  9
$INDEXCTL
280
     0
  9
$HIDETEXT
280
     1
  9
$XCLIPFRAME
280
     0
  9
$HALOGAP
280
     0
  9
$OBSCOLOR
 70
   257
  9
$OBSLTYPE
280
     0
  9
$INTERSECTIONDISPLAY
280
     0
  9
$INTERSECTIONCOLOR
 70
   257
  9
$DIMASSOC
280
     2
  9
$PROJECTNAME
  1

  9
$CAMERADISPLAY
290
     0
  9
$LENSLENGTH
 40
50.0
  9
$CAMERAHEIGHT
 40
0.0
  9
$STEPSPERSEC
 40
2.0
  9
$STEPSIZE
 40
6.0
  9
$3DDWFPREC
 40
2.0
  9
$PSOLWIDTH
 40
5.0
  9
$PSOLHEIGHT
 40
80.0
  9
$LOFTANG1
 40
1.570795999999999
  9
$LOFTANG2
 40
1.570795999999999
  9
$LOFTMAG1
 40
0.0
  9
$LOFTMAG2
 40
0.0
  9
$LOFTPARAM
 70
     7
  9
$LOFTNORMALS
280
     1
  9
$LATITUDE
 40
37.795
  9
$LONGITUDE
 40
-122.394
  9
$NORTHDIRECTION
 40
0.0
  9
$TIMEZONE
 70
 -8000
  9
$LIGHTGLYPHDISPLAY
280
     1
  9
$TILEMODELIGHTSYNCH
280
     1
  9
$CMATERIAL
347
11
  9
$SOLIDHIST
280
     0
  9
$SHOWHIST
280
     1
  9
$DWFFRAME
280
     2
  9
$DGNFRAME
280
     0
  9
$REALWORLDSCALE
290
     1
  9
$INTERFERECOLOR
 62
     1
  9
$INTERFEREOBJVS
345
33
  9
$INTERFEREVPVS
346
30
  9
$CSHADOW
280
     0
  9
$SHADOWPLANELOCATION
 40
0.0
  0
ENDSEC
  0
SECTION
  2
CLASSES
  0
CLASS
  1
ACDBDICTIONARYWDFLT
  2
AcDbDictionaryWithDefault
  3
ObjectDBX Classes
 90
        0
 91
        1
280
     0
281
     0
  0
CLASS
  1
MATERIAL
  2
AcDbMaterial
  3
ObjectDBX Classes
 90
     1153
 91
        3
280
     0
281
     0
  0
CLASS
  1
VISUALSTYLE
  2
AcDbVisualStyle
  3
ObjectDBX Classes
 90
     4095
 91
       24
280
     0
281
     0
  0
CLASS
  1
SCALE
  2
AcDbScale
  3
ObjectDBX Classes
 90
     1153
 91
       33
280
     0
281
     0
  0
CLASS
  1
TABLESTYLE
  2
AcDbTableStyle
  3
ObjectDBX Classes
 90
     4095
 91
        1
280
     0
281
     0
  0
CLASS
  1
MLEADERSTYLE
  2
AcDbMLeaderStyle
  3
ACDB_MLEADERSTYLE_CLASS
 90
     4095
 91
        1
280
     0
281
     0
  0
CLASS
  1
ACDBSECTIONVIEWSTYLE
  2
AcDbSectionViewStyle
  3
ObjectDBX Classes
 90
     1025
 91
        2
280
     0
281
     0
  0
CLASS
  1
ACDBDETAILVIEWSTYLE
  2
AcDbDetailViewStyle
  3
ObjectDBX Classes
 90
     1025
 91
        2
280
     0
281
     0
  0
CLASS
  1
ACMESCOPE
  2
AcMeScope
  3
AcMeServices
 90
     1024
 91
        0
280
     0
281
     0
  0
CLASS
  1
ACMECOMMANDHISTORY
  2
AcMeCommandHistory
  3
AcMeServices
 90
     1024
 91
        0
280
     0
281
     0
  0
CLASS
  1
ACIMSYSVARMAN
  2
AcImSysVarManager
  3
AcMeServices
 90
     1024
 91
        0
280
     0
281
     0
  0
CLASS
  1
ACIMINTSYSVAR
  2
AcImIntSysVar
  3
AcMeServices
 90
     1024
 91
        0
280
     0
281
     0
  0
CLASS
  1
ACMESTATEMGR
  2
AcMeStateMgr
  3
AcMeServices
 90
     1024
 91
        0
280
     0
281
     0
  0
CLASS
  1
ACGREFMASTER
  2
AcGrefMaster
  3
AcAttribServices
 90
     1024
 91
        0
280
     0
281
     0
  0
CLASS
  1
SORTENTSTABLE
  2
AcDbSortentsTable
  3
ObjectDBX Classes
 90
        0
 91
        6
280
     0
281
     0
  0
CLASS
  1
DICTIONARYVAR
  2
AcDbDictionaryVar
  3
ObjectDBX Classes
 90
        0
 91
        6
280
     0
281
     0
  0
CLASS
  1
CELLSTYLEMAP
  2
AcDbCellStyleMap
  3
ObjectDBX Classes
 90
     1152
 91
        3
280
     0
281
     0
  0
CLASS
  1
SOLID_BACKGROUND
  2
AcDbSolidBackground
  3
SCENEOE
 90
     4095
 91
        1
280
     0
281
     0
  0
CLASS
  1
NPOCOLLECTION
  2
AcDbImpNonPersistentObjectsCollection
  3
ObjectDBX Classes
 90
     1153
 91
        1
280
     0
281
     0
  0
CLASS
  1
DIMASSOC
  2
AcDbDimAssoc
  3
"AcDbDimAssoc|Product Desc:     AcDim ARX App For Dimension|Company:          Autodesk, Inc.|WEB Address:      www.autodesk.com"
 90
        0
 91
        3
280
     0
281
     0
  0
ENDSEC
  0
SECTION
  2
TABLES
  0
TABLE
  2
VPORT
  5
8
330
0
100
AcDbSymbolTable
 70
     1
1001
ACAD
1000
DbSaveVer
1071
      247
  0
VPORT
  5
57
330
8
100
AcDbSymbolTableRecord
100
AcDbViewportTableRecord
  2
*Active
 70
     0
 10
0.0
 20
0.0
 11
1.0
 21
1.0
 12
-10.32127571943448
 22
-15.46694016840973
 13
0.0
 23
0.0
 14
0.5
 24
0.5
 15
0.0
 25
0.0
 16
0.0000000000002274
 26
-0.0000000000002274
 36
1073.602646072221
 17
202.7818298339844
 27
154.8895635604858
 37
0.0
 40
197.5804451060538
 41
2.595945945945945
 42
50.0
 43
0.0
 44
0.0
 50
0.0
 51
270.0
 71
     0
 72
 20000
 73
     1
 74
     0
 75
     0
 76
     0
 77
     0
 78
     0
281
     0
 65
     1
110
0.0
120
0.0
130
0.0
111
1.0
121
0.0
131
0.0
112
0.0
122
1.0
132
0.0
 79
     0
146
0.0
348
2F
 60
     3
 61
     5
292
     1
282
     1
141
0.0
142
0.0
 63
   250
421
  3355443
1001
ACAD_NAV_VCDISPLAY
1070
     3
  0
ENDTAB
  0
TABLE
  2
LTYPE
  5
5
330
0
100
AcDbSymbolTable
 70
    15
  0
LTYPE
  5
5B
330
5
100
AcDbSymbolTableRecord
100
AcDbLinetypeTableRecord
  2
ByBlock
 70
     0
  3

 72
    65
 73
     0
 40
0.0
  0
LTYPE
  5
5C
330
5
100
AcDbSymbolTableRecord
100
AcDbLinetypeTableRecord
  2
ByLayer
 70
     0
  3

 72
    65
 73
     0
 40
0.0
  0
LTYPE
  5
5D
330
5
100
AcDbSymbolTableRecord
100
AcDbLinetypeTableRecord
  2
Continuous
 70
     0
  3
Solid line
 72
    65
 73
     0
 40
0.0
  0
LTYPE
  5
80
330
5
100
AcDbSymbolTableRecord
100
AcDbLinetypeTableRecord
  2
HIDDEN
 70
     0
  3
Hidden __ __ __ __ __ __ __ __ __ __ __ __ __ _
 72
    65
 73
     2
 40
9.525
 49
6.349999999999999
 74
     0
 49
-3.174999999999999
 74
     0
  0
LTYPE
  5
81
330
5
100
AcDbSymbolTableRecord
100
AcDbLinetypeTableRecord
  2
PHANTOM2
 70
     0
  3
Phantom (.5x) ___ _ _ ___ _ _ ___ _ _ ___ _ _
 72
    65
 73
     6
 40
31.75
 49
15.875
 74
     0
 49
-3.174999999999999
 74
     0
 49
3.174999999999999
 74
     0
 49
-3.174999999999999
 74
     0
 49
3.174999999999999
 74
     0
 49
-3.174999999999999
 74
     0
  0
LTYPE
  5
82
330
5
100
AcDbSymbolTableRecord
100
AcDbLinetypeTableRecord
  2
CENTER
 70
     0
  3
Center ____ _ ____ _ ____ _ ____ _ ____ _ ____
 72
    65
 73
     4
 40
50.8
 49
31.75
 74
     0
 49
-6.349999999999999
 74
     0
 49
6.349999999999999
 74
     0
 49
-6.349999999999999
 74
     0
  0
LTYPE
  5
90
330
5
100
AcDbSymbolTableRecord
100
AcDbLinetypeTableRecord
  2
AM_ISO02W050
 70
     0
  3
__ __ __ __ __ __ __ __ __ __ __ __ __ __ __
 72
    65
 73
     2
 40
7.5
 49
6.0
 74
     0
 49
-1.5
 74
     0
  0
LTYPE
  5
91
330
5
100
AcDbSymbolTableRecord
100
AcDbLinetypeTableRecord
  2
AM_ISO08W050
 70
     0
  3
____ . ____ . ____ . ____ . ____ . ____ . ____
 72
    65
 73
     4
 40
18.0
 49
12.0
 74
     0
 49
-1.5
 74
     0
 49
3.0
 74
     0
 49
-1.5
 74
     0
  0
LTYPE
  5
92
330
5
100
AcDbSymbolTableRecord
100
AcDbLinetypeTableRecord
  2
AM_ISO09W050
 70
     0
  3
_____ . . _____ . . _____ . . ____ .. ____
 72
    65
 73
     6
 40
22.5
 49
12.0
 74
     0
 49
-1.5
 74
     0
 49
3.0
 74
     0
 49
-1.5
 74
     0
 49
3.0
 74
     0
 49
-1.5
 74
     0
  0
LTYPE
  5
93
330
5
100
AcDbSymbolTableRecord
100
AcDbLinetypeTableRecord
  2
Amconstr
 70
     0
  3
_______________________
 72
    65
 73
     2
 40
9999.0
 49
9999.0
 74
     0
 49
0.0
 74
     0
  0
LTYPE
  5
94
330
5
100
AcDbSymbolTableRecord
100
AcDbLinetypeTableRecord
  2
AM_ISO08W050x2
 70
     0
  3
__ . __ . __ . __ . __ . __
 72
    65
 73
     4
 40
9.0
 49
6.0
 74
     0
 49
-0.75
 74
     0
 49
1.5
 74
     0
 49
-0.75
 74
     0
  0
LTYPE
  5
95
330
5
100
AcDbSymbolTableRecord
100
AcDbLinetypeTableRecord
  2
AM_ISO02W050x2
 70
     0
  3
 _ _ _ _ _ _ _ _ _ _ _ _
 72
    65
 73
     2
 40
3.75
 49
3.0
 74
     0
 49
-0.75
 74
     0
  0
LTYPE
  5
96
330
5
100
AcDbSymbolTableRecord
100
AcDbLinetypeTableRecord
  2
Amzigzag
 70
     0
  3
/\/-/\/-/\/-/\/-/\/-/\/
 72
    65
 73
     2
 40
11.0001
 49
0.0001
 74
     4
 75
   136
340
8D
 46
0.04
 50
0.0
 44
0.0
 45
0.0
 49
-11.0
 74
     0
  0
LTYPE
  5
97
330
5
100
AcDbSymbolTableRecord
100
AcDbLinetypeTableRecord
  2
ACISOWELD
 70
     0
  3
_ _ _ _ _
 72
    65
 73
     2
 40
2.0
 49
2.0
 74
     0
 49
-1.0
 74
     0
  0
LTYPE
  5
98
330
5
100
AcDbSymbolTableRecord
100
AcDbLinetypeTableRecord
  2
ACISOTGL
 70
     0
  3
_ _ _ _ _
 72
    65
 73
     2
 40
3.0
 49
2.0
 74
     0
 49
-1.0
 74
     0
  0
LTYPE
  5
99
330
5
100
AcDbSymbolTableRecord
100
AcDbLinetypeTableRecord
  2
ACISOTGB
 70
     0
  3
__ . . __ . .
 72
    65
 73
     6
 40
9.0
 49
4.0
 74
     0
 49
-1.0
 74
     0
 49
1.0
 74
     0
 49
-1.0
 74
     0
 49
1.0
 74
     0
 49
-1.0
 74
     0
  0
ENDTAB
  0
TABLE
  2
LAYER
  5
2
330
0
100
AcDbSymbolTable
 70
     3
  0
LAYER
  5
54
330
2
100
AcDbSymbolTableRecord
100
AcDbLayerTableRecord
  2
0
 70
     0
 62
     7
  6
Continuous
370
    -3
390
F
347
21
348
0
1001
AcAecLayerStandard
1000

1000

  0
LAYER
  5
B5
330
2
100
AcDbSymbolTableRecord
100
AcDbLayerTableRecord
  2
Visible
 70
     0
 62
     7
  6
Continuous
370
    50
390
F
347
21
348
0
  0
LAYER
  5
619
330
2
100
AcDbSymbolTableRecord
100
AcDbLayerTableRecord
  2
Defpoints
 70
     0
 62
     7
  6
Continuous
290
     0
370
    -3
390
F
347
21
348
0
  0
ENDTAB
  0
TABLE
  2
STYLE
  5
3
330
0
100
AcDbSymbolTable
 70
     4
  0
STYLE
  5
55
330
3
100
AcDbSymbolTableRecord
100
AcDbTextStyleTableRecord
  2
Standard
 70
     0
 40
0.0
 41
1.0
 50
0.0
 71
     0
 42
3.5
  3
arial.ttf
  4

1001
ACAD
1000
Arial
1071
       34
  0
STYLE
  5
5A
330
3
100
AcDbSymbolTableRecord
100
AcDbTextStyleTableRecord
  2
Annotative
 70
     0
 40
0.0
 41
1.0
 50
0.0
 71
     0
 42
0.2
  3
txt
  4

1001
AcadAnnotative
1000
AnnotativeData
1002
{
1070
     1
1070
     1
1002
}
  0
STYLE
  5
8D
330
3
100
AcDbSymbolTableRecord
100
AcDbTextStyleTableRecord
  2

 70
     1
 40
0.0
 41
1.0
 50
0.0
 71
     0
 42
10.0
  3
genltshp.shx
  4

  0
STYLE
  5
8E
330
3
100
AcDbSymbolTableRecord
100
AcDbTextStyleTableRecord
  2
ACISOGDT
 70
     0
 40
0.0
 41
1.0
 50
0.0
 71
     0
 42
10.0
  3
amgdt.shx
  4

  0
ENDTAB
  0
TABLE
  2
VIEW
  5
6
330
0
100
AcDbSymbolTable
 70
     0
  0
ENDTAB
  0
TABLE
  2
UCS
  5
7
330
0
100
AcDbSymbolTable
 70
     0
  0
ENDTAB
  0
TABLE
  2
APPID
  5
9
330
0
100
AcDbSymbolTable
 70
    19
  0
APPID
  5
56
330
9
100
AcDbSymbolTableRecord
100
AcDbRegAppTableRecord
  2
ACAD
 70
     0
  0
APPID
  5
5E
330
9
100
AcDbSymbolTableRecord
100
AcDbRegAppTableRecord
  2
AcadAnnotative
 70
     0
  0
APPID
  5
78
330
9
100
AcDbSymbolTableRecord
100
AcDbRegAppTableRecord
  2
ACAD_PSEXT
 70
     0
  0
APPID
  5
79
330
9
100
AcDbSymbolTableRecord
100
AcDbRegAppTableRecord
  2
MCAD_NO_VIS
 70
     0
  0
APPID
  5
7A
330
9
100
AcDbSymbolTableRecord
100
AcDbRegAppTableRecord
  2
ACAD_TEMP_GRAPHIC
 70
     0
  0
APPID
  5
83
330
9
100
AcDbSymbolTableRecord
100
AcDbRegAppTableRecord
  2
ACAD_DSTYLE_DIMJAG
 70
     0
  0
APPID
  5
84
330
9
100
AcDbSymbolTableRecord
100
AcDbRegAppTableRecord
  2
ACAD_DSTYLE_DIMTALN
 70
     0
  0
APPID
  5
85
330
9
100
AcDbSymbolTableRecord
100
AcDbRegAppTableRecord
  2
ACAD_NAV_VCDISPLAY
 70
     0
  0
APPID
  5
86
330
9
100
AcDbSymbolTableRecord
100
AcDbRegAppTableRecord
  2
ACAD_DSTYLE_DIMBREAK
 70
     0
  0
APPID
  5
87
330
9
100
AcDbSymbolTableRecord
100
AcDbRegAppTableRecord
  2
FUSIONCURRENTTITLEBLOCK
 70
     0
  0
APPID
  5
88
330
9
100
AcDbSymbolTableRecord
100
AcDbRegAppTableRecord
  2
AcSynergy
 70
     0
  0
APPID
  5
89
330
9
100
AcDbSymbolTableRecord
100
AcDbRegAppTableRecord
  2
GENIUS_GENSCREG_15
 70
     0
  0
APPID
  5
8A
330
9
100
AcDbSymbolTableRecord
100
AcDbRegAppTableRecord
  2
GENIUS_GENOBJ-N-SDF_13
 70
     0
  0
APPID
  5
8B
330
9
100
AcDbSymbolTableRecord
100
AcDbRegAppTableRecord
  2
GENIUS_GENODEF_13
 70
     0
  0
APPID
  5
8C
330
9
100
AcDbSymbolTableRecord
100
AcDbRegAppTableRecord
  2
ACATTRIBSERVICES
 70
     0
  0
APPID
  5
5FA
330
9
100
AcDbSymbolTableRecord
100
AcDbRegAppTableRecord
  2
AcAecLayerStandard
 70
     0
  0
APPID
  5
616
330
9
100
AcDbSymbolTableRecord
100
AcDbRegAppTableRecord
  2
Acad_TC
 70
     0
  0
APPID
  5
649
330
9
100
AcDbSymbolTableRecord
100
AcDbRegAppTableRecord
  2
ACAD_EXEMPT_FROM_CAD_STANDARDS
 70
     0
  0
APPID
  5
673
330
9
100
AcDbSymbolTableRecord
100
AcDbRegAppTableRecord
  2
ACAD_DSTYLE_DIMRADIAL_EXTENSION
 70
     0
  0
ENDTAB
  0
TABLE
  2
DIMSTYLE
  5
A
330
0
100
AcDbSymbolTable
 70
     5
100
AcDbDimStyleTable
 71
     1
340
9D
  0
DIMSTYLE
105
58
330
A
100
AcDbSymbolTableRecord
100
AcDbDimStyleTableRecord
  2
Standard
 70
     0
 41
3.5
 42
2.1
 43
10.5
 44
2.1
 78
    12
 79
     3
140
3.5
143
0.03937
146
0.714286
147
1.399999999999999
179
     2
271
     2
272
     2
284
    12
340
55
  0
DIMSTYLE
105
59
330
A
100
AcDbSymbolTableRecord
100
AcDbDimStyleTableRecord
  2
Annotative
 70
     0
 40
0.0
 41
3.5
 42
2.1
 43
10.5
 44
2.1
 73
     0
 74
     0
 77
     1
 78
    12
 79
     3
140
3.5
141
2.5
143
0.03937
146
0.714286
147
1.399999999999999
171
     3
172
     1
179
     2
271
     2
272
     2
274
     3
278
    44
283
     0
284
    12
340
55
1001
AcadAnnotative
1000
AnnotativeData
1002
{
1070
     1
1070
     1
1002
}
  0
DIMSTYLE
105
9C
330
A
100
AcDbSymbolTableRecord
100
AcDbDimStyleTableRecord
  2
ISO-25
 70
     0
  4
in
 41
3.5
 42
2.1
 43
10.5
 44
2.1
 47
0.1
 48
0.1
 73
     0
 74
     0
 77
     1
 78
    12
 79
     3
140
3.5
141
0.0
143
0.03937
146
0.714286
147
1.399999999999999
171
     4
172
     1
176
   256
177
   256
178
   256
179
     2
271
     2
272
     2
274
     4
283
     0
284
    12
285
     8
340
55
1001
ACAD_DSTYLE_DIMJAG
1070
   388
1040
1.5
1001
ACAD_DSTYLE_DIMTALN
1070
   392
1070
     1
1001
ACAD_DSTYLE_DIMBREAK
1070
   391
1040
3.5
  0
DIMSTYLE
105
9D
330
A
100
AcDbSymbolTableRecord
100
AcDbDimStyleTableRecord
  2
Dim-ISO-25
 70
     0
 41
3.5
 42
2.1
 43
10.5
 44
2.1
 47
0.1
 48
0.1
 73
     0
 74
     0
 77
     1
 78
    12
 79
     3
140
3.5
141
0.0
143
0.03937
146
0.714286
147
1.399999999999999
172
     1
179
     2
271
     2
272
     2
274
     4
283
     0
284
    12
285
    12
286
    12
340
55
1001
ACAD_DSTYLE_DIMJAG
1070
   388
1040
1.5
1001
ACAD_DSTYLE_DIMTALN
1070
   392
1070
     1
1001
ACAD_DSTYLE_DIMBREAK
1070
   391
1040
3.5
  0
ENDTAB
  0
TABLE
  2
BLOCK_RECORD
  5
1
330
0
100
AcDbSymbolTable
 70
    11
  0
BLOCK_RECORD
  5
70
102
{ACAD_XDICTIONARY
360
AE
102
}
330
1
100
AcDbSymbolTableRecord
100
AcDbBlockTableRecord
  2
*Model_Space
340
73
 70
     0
280
     1
281
     0
  0
BLOCK_RECORD
  5
6C
330
1
100
AcDbSymbolTableRecord
100
AcDbBlockTableRecord
  2
*Paper_Space
340
6F
 70
     0
280
     1
281
     0
  0
BLOCK_RECORD
  5
74
330
1
100
AcDbSymbolTableRecord
100
AcDbBlockTableRecord
  2
*Paper_Space0
340
77
 70
     0
280
     1
281
     0
  0
BLOCK_RECORD
  5
61A
330
1
100
AcDbSymbolTableRecord
100
AcDbBlockTableRecord
  2
*D1
340
0
 70
     0
280
     1
281
     0
  0
BLOCK_RECORD
  5
632
330
1
100
AcDbSymbolTableRecord
100
AcDbBlockTableRecord
  2
*D2
340
0
 70
     0
280
     1
281
     0
  0
BLOCK_RECORD
  5
675
330
1
100
AcDbSymbolTableRecord
100
AcDbBlockTableRecord
  2
*D5
340
0
 70
     0
280
     1
281
     0
  0
ENDTAB
  0
ENDSEC
  0
SECTION
  2
BLOCKS
  0
BLOCK
  5
71
330
70
100
AcDbEntity
  8
0
100
AcDbBlockBegin
  2
*Model_Space
 70
     0
 10
0.0
 20
0.0
 30
0.0
  3
*Model_Space
  1

  0
ENDBLK
  5
72
330
70
100
AcDbEntity
  8
0
100
AcDbBlockEnd
  0
BLOCK
  5
6D
330
6C
100
AcDbEntity
 67
     1
  8
0
100
AcDbBlockBegin
  2
*Paper_Space
 70
     0
 10
0.0
 20
0.0
 30
0.0
  3
*Paper_Space
  1

  0
ENDBLK
  5
6E
330
6C
100
AcDbEntity
 67
     1
  8
0
100
AcDbBlockEnd
  0
BLOCK
  5
75
330
74
100
AcDbEntity
 67
     1
  8
0
100
AcDbBlockBegin
  2
*Paper_Space0
 70
     0
 10
0.0
 20
0.0
 30
0.0
  3
*Paper_Space0
  1

  0
ENDBLK
  5
76
330
74
100
AcDbEntity
 67
     1
  8
0
100
AcDbBlockEnd
  0
BLOCK
  5
61B
330
61A
100
AcDbEntity
  8
0
100
AcDbBlockBegin
  2
*D1
 70
     1
 10
0.0
 20
0.0
 30
0.0
  3
*D1
  1

  0
LINE
  5
627
330
61A
100
AcDbEntity
  8
0
 62
     0
440
 16777216
370
    -2
100
AcDbLine
 10
151.8817130000001
 20
70.33455800000002
 30
0.0
 11
144.5747418960599
 21
70.33455800000002
 31
0.0
  0
LINE
  5
628
330
61A
100
AcDbEntity
  8
0
 62
     0
440
 16777216
370
    -2
100
AcDbLine
 10
151.8817125000001
 20
122.184558
 30
0.0
 11
144.5747418960599
 21
122.184558
 31
0.0
  0
LINE
  5
629
330
61A
100
AcDbEntity
  8
0
 62
     0
440
 16777216
370
    -2
100
AcDbLine
 10
146.6747418960599
 20
73.83455800000001
 30
0.0
 11
146.6747418960599
 21
118.684558
 31
0.0
  0
SOLID
  5
62A
330
61A
100
AcDbEntity
  8
0
 62
     0
440
 16777216
100
AcDbTrace
 10
146.0914085627265
 20
73.83455800000001
 30
0.0
 11
147.2580752293932
 21
73.83455800000001
 31
0.0
 12
146.6747418960599
 22
70.33455800000002
 32
0.0
 13
146.6747418960599
 23
70.33455800000002
 33
0.0
  0
SOLID
  5
62B
330
61A
100
AcDbEntity
  8
0
 62
     0
440
 16777216
100
AcDbTrace
 10
146.0914085627265
 20
118.684558
 30
0.0
 11
147.2580752293932
 21
118.684558
 31
0.0
 12
146.6747418960599
 22
122.184558
 32
0.0
 13
146.6747418960599
 23
122.184558
 33
0.0
  0
MTEXT
  5
62C
330
61A
100
AcDbEntity
  8
0
 62
     0
440
 16777216
100
AcDbMText
 10
143.487736439034
 20
96.25955799999999
 30
0.0
 40
3.5
 41
0.0
 46
0.0
 71
     5
 72
     1
  1
51.85
 11
0.0000000000000001
 21
1.0
 31
0.0
 73
     1
 44
1.0
  0
POINT
  5
62D
330
61A
100
AcDbEntity
  8
Defpoints
 62
     0
440
 16777216
100
AcDbPoint
 10
153.9817130000001
 20
70.33455800000002
 30
0.0
  0
POINT
  5
62E
330
61A
100
AcDbEntity
  8
Defpoints
 62
     0
440
 16777216
100
AcDbPoint
 10
153.9817125
 20
122.184558
 30
0.0
  0
POINT
  5
62F
330
61A
100
AcDbEntity
  8
Defpoints
 62
     0
440
 16777216
100
AcDbPoint
 10
146.6747418960599
 20
122.184558
 30
0.0
  0
ENDBLK
  5
61C
330
61A
100
AcDbEntity
  8
0
100
AcDbBlockEnd
  0
BLOCK
  5
633
330
632
100
AcDbEntity
  8
0
100
AcDbBlockBegin
  2
*D2
 70
     1
 10
0.0
 20
0.0
 30
0.0
  3
*D2
  1

  0
LINE
  5
63F
330
632
100
AcDbEntity
  8
0
 62
     0
440
 16777216
370
    -2
100
AcDbLine
 10
151.8817130000001
 20
70.33455800000002
 30
0.0
 11
143.975522296315
 21
70.33455800000002
 31
0.0
  0
LINE
  5
640
330
632
100
AcDbEntity
  8
0
 62
     0
440
 16777216
370
    -2
100
AcDbLine
 10
151.8817130000001
 20
19.014558
 30
0.0
 11
143.9755222963151
 21
19.014558
 31
0.0
  0
LINE
  5
641
330
632
100
AcDbEntity
  8
0
 62
     0
440
 16777216
370
    -2
100
AcDbLine
 10
146.075522296315
 20
66.83455800000001
 30
0.0
 11
146.0755222963151
 21
22.514558
 31
0.0
  0
SOLID
  5
642
330
632
100
AcDbEntity
  8
0
 62
     0
440
 16777216
100
AcDbTrace
 10
145.4921889629817
 20
66.83455800000001
 30
0.0
 11
146.6588556296484
 21
66.83455800000001
 31
0.0
 12
146.075522296315
 22
70.33455800000002
 32
0.0
 13
146.075522296315
 23
70.33455800000002
 33
0.0
  0
SOLID
  5
643
330
632
100
AcDbEntity
  8
0
 62
     0
440
 16777216
100
AcDbTrace
 10
145.4921889629817
 20
22.514558
 30
0.0
 11
146.6588556296484
 21
22.514558
 31
0.0
 12
146.0755222963151
 22
19.014558
 32
0.0
 13
146.0755222963151
 23
19.014558
 33
0.0
  0
MTEXT
  5
644
330
632
100
AcDbEntity
  8
0
 62
     0
440
 16777216
100
AcDbMText
 10
142.8873231148689
 20
44.67455799999996
 30
0.0
 40
3.5
 41
0.0
 46
0.0
 71
     5
 72
     1
  1
51.32
 11
0.0000000000000001
 21
1.0
 31
0.0
 73
     1
 44
1.0
  0
POINT
  5
645
330
632
100
AcDbEntity
  8
Defpoints
 62
     0
440
 16777216
100
AcDbPoint
 10
153.9817130000001
 20
70.33455800000002
 30
0.0
  0
POINT
  5
646
330
632
100
AcDbEntity
  8
Defpoints
 62
     0
440
 16777216
100
AcDbPoint
 10
153.9817130000001
 20
19.014558
 30
0.0
  0
POINT
  5
647
330
632
100
AcDbEntity
  8
Defpoints
 62
     0
440
 16777216
100
AcDbPoint
 10
146.0755222963151
 20
19.014558
 30
0.0
  0
ENDBLK
  5
634
330
632
100
AcDbEntity
  8
0
100
AcDbBlockEnd
  0
BLOCK
  5
676
330
675
100
AcDbEntity
  8
0
100
AcDbBlockBegin
  2
*D5
 70
     1
 10
0.0
 20
0.0
 30
0.0
  3
*D5
  1

  0
LINE
  5
684
330
675
100
AcDbEntity
  8
0
 62
     0
440
 16777216
370
    -2
100
AcDbLine
 10
152.731713
 20
9.014557999999997
 30
0.0
 11
145.8174523838001
 21
9.014557999999995
 31
0.0
  0
LINE
  5
685
330
675
100
AcDbEntity
  8
0
 62
     0
440
 16777216
370
    -2
100
AcDbLine
 10
157.88172
 20
2.814558
 30
0.0
 11
145.8174523838001
 21
2.814557999999999
 31
0.0
  0
LINE
  5
686
330
675
100
AcDbEntity
  8
0
 62
     0
440
 16777216
370
    -2
100
AcDbLine
 10
147.9174523838001
 20
12.514558
 30
0.0
 11
147.9174523838001
 21
16.014558
 31
0.0
  0
LINE
  5
687
330
675
100
AcDbEntity
  8
0
 62
     0
440
 16777216
370
    -2
100
AcDbLine
 10
147.9174523838001
 20
-0.6854420000000011
 30
0.0
 11
147.9174523838001
 21
-13.34083081309687
 31
0.0
  0
LINE
  5
688
330
675
100
AcDbEntity
  8
0
 62
     0
440
 16777216
370
    -2
100
AcDbLine
 10
147.9174523838001
 20
9.014557999999995
 30
0.0
 11
147.9174523838001
 21
2.814557999999999
 31
0.0
  0
SOLID
  5
689
330
675
100
AcDbEntity
  8
0
 62
     0
440
 16777216
100
AcDbTrace
 10
147.3341190504667
 20
12.514558
 30
0.0
 11
148.5007857171334
 21
12.514558
 31
0.0
 12
147.9174523838001
 22
9.014557999999995
 32
0.0
 13
147.9174523838001
 23
9.014557999999995
 33
0.0
  0
SOLID
  5
68A
330
675
100
AcDbEntity
  8
0
 62
     0
440
 16777216
100
AcDbTrace
 10
147.3341190504667
 20
-0.6854420000000012
 30
0.0
 11
148.5007857171334
 21
-0.685442000000001
 31
0.0
 12
147.9174523838001
 22
2.814557999999999
 32
0.0
 13
147.9174523838001
 23
2.814557999999999
 33
0.0
  0
MTEXT
  5
68B
330
675
100
AcDbEntity
  8
0
 62
     0
440
 16777216
100
AcDbMText
 10
144.7304469267741
 20
-8.763136406548474
 30
0.0
 40
3.5
 41
0.0
 46
0.0
 71
     5
 72
     1
  1
6.2
 11
0.0000000000000001
 21
1.0
 31
0.0
 73
     1
 44
1.0
  0
POINT
  5
68C
330
675
100
AcDbEntity
  8
Defpoints
 62
     0
440
 16777216
100
AcDbPoint
 10
154.831713
 20
9.014557999999997
 30
0.0
  0
POINT
  5
68D
330
675
100
AcDbEntity
  8
Defpoints
 62
     0
440
 16777216
100
AcDbPoint
 10
159.98172
 20
2.814558000000001
 30
0.0
  0
POINT
  5
68E
330
675
100
AcDbEntity
  8
Defpoints
 62
     0
440
 16777216
100
AcDbPoint
 10
147.9174523838001
 20
2.814557999999999
 30
0.0
  0
ENDBLK
  5
677
330
675
100
AcDbEntity
  8
0
100
AcDbBlockEnd
  0
ENDSEC
  0
SECTION
  2
ENTITIES
  0
CIRCLE
  5
358
330
70
100
AcDbEntity
  8
Visible
100
AcDbCircle
 10
-154.831713
 20
9.014558
 30
0.0
 40
1.199999999999989
210
0.0
220
0.0
230
-1.0
  0
ARC
  5
35A
330
70
100
AcDbEntity
  8
Visible
100
AcDbCircle
 10
154.831713
 20
9.014558
 30
0.0
 40
2.049999999999998
100
AcDbArc
 50
90.0
 51
270.0
  0
LINE
  5
35B
330
70
100
AcDbEntity
  8
Visible
100
AcDbLine
 10
154.831713
 20
6.964558
 30
0.0
 11
157.48172
 21
6.964558
 31
0.0
  0
LINE
  5
35C
330
70
100
AcDbEntity
  8
Visible
100
AcDbLine
 10
158.48172
 20
5.964558
 30
0.0
 11
158.48172
 21
4.314557999999999
 31
0.0
  0
LINE
  5
35D
330
70
100
AcDbEntity
  8
Visible
100
AcDbLine
 10
158.48172
 20
38.67456085870195
 30
0.0
 11
158.48172
 21
12.064558
 31
0.0
  0
LINE
  5
35E
330
70
100
AcDbEntity
  8
Visible
100
AcDbLine
 10
153.181713
 20
19.014558
 30
0.0
 11
154.7635176362086
 21
19.014558
 31
0.0
  0
LINE
  5
35F
330
70
100
AcDbEntity
  8
Visible
100
AcDbLine
 10
155.7785018120907
 20
38.67536303566242
 30
0.0
 11
155.7635173138376
 21
20.01375504167897
 31
0.0
  0
LINE
  5
360
330
70
100
AcDbEntity
  8
Visible
100
AcDbLine
 10
156.7785003785991
 20
39.67456007734077
 30
0.0
 11
157.4817188888794
 21
39.67456085870133
 31
0.0
  0
LINE
  5
361
330
70
100
AcDbEntity
  8
Visible
100
AcDbLine
 10
156.7817141111218
 20
49.67455911112304
 30
0.0
 11
157.4816841041468
 21
49.67455988887497
 31
0.0
  0
LINE
  5
362
330
70
100
AcDbEntity
  8
Visible
100
AcDbLine
 10
155.781713
 20
69.334558
 30
0.0
 11
155.781713
 21
50.67455911112244
 31
0.0
  0
LINE
  5
363
330
70
100
AcDbEntity
  8
Visible
100
AcDbLine
 10
153.181713
 20
70.334558
 30
0.0
 11
154.781713
 21
70.334558
 31
0.0
  0
LINE
  5
364
330
70
100
AcDbEntity
  8
Visible
100
AcDbLine
 10
152.181713
 20
20.014558
 30
0.0
 11
152.181713
 21
69.33455800000001
 31
0.0
  0
LINE
  5
366
330
70
100
AcDbEntity
  8
Visible
100
AcDbLine
 10
158.481678
 20
58.08689799999999
 30
0.0
 11
158.4816829930248
 21
50.67456056248438
 31
0.0
  0
LINE
  5
36E
330
70
100
AcDbEntity
  8
Visible
100
AcDbLine
 10
158.4856428210235
 20
212.4021434206915
 30
0.0
 11
158.4816819641497
 21
163.9644762277535
 31
0.0
  0
LINE
  5
36F
330
70
100
AcDbEntity
  8
Visible
100
AcDbLine
 10
158.4816098449089
 20
149.7945584305849
 30
0.0
 11
158.4817129999999
 21
99.28455800000001
 31
0.0
  0
ARC
  5
372
330
70
100
AcDbEntity
  8
Visible
100
AcDbCircle
 10
-157.981713
 20
58.092746
 30
0.0
 40
0.4999999999800142
210
0.0
220
0.0
230
-1.0
100
AcDbArc
 50
180.0
 51
180.67016
  0
ARC
  5
373
330
70
100
AcDbEntity
  8
Visible
100
AcDbCircle
 10
-157.981713
 20
144.286371
 30
0.0
 40
0.4999999999799172
210
0.0
220
0.0
230
-1.0
100
AcDbArc
 50
178.849659
 51
180.0
  0
LINE
  5
376
330
70
100
AcDbEntity
  8
Visible
100
AcDbLine
 10
251.3421710000003
 20
306.9645579999999
 30
0.0
 11
160.481488
 21
306.964558
 31
0.0
  0
ARC
  5
377
330
70
100
AcDbEntity
  8
Visible
100
AcDbCircle
 10
-160.481488
 20
304.964558
 30
0.0
 40
1.99999999999998
210
0.0
220
0.0
230
-1.0
100
AcDbArc
 50
0.0
 51
90.0
  0
ARC
  5
379
330
70
100
AcDbEntity
  8
Visible
100
AcDbCircle
 10
-159.98172
 20
4.314557999999999
 30
0.0
 40
1.499999999999989
210
0.0
220
0.0
230
-1.0
100
AcDbArc
 50
270.0
 51
0.0
  0
ARC
  5
37A
330
70
100
AcDbEntity
  8
Visible
100
AcDbCircle
 10
-157.98172
 20
38.439562
 30
0.0
 40
0.5000000000000071
210
0.0
220
0.0
230
-1.0
100
AcDbArc
 50
179.411723
 51
180.0
  0
LINE
  5
37B
330
70
100
AcDbEntity
  8
Visible
100
AcDbLine
 10
159.98172
 20
2.814558
 30
0.0
 11
251.841939
 21
2.814558
 31
0.0
  0
LINE
  5
380
330
70
100
AcDbEntity
  8
Visible
100
AcDbLine
 10
158.4817129999999
 20
93.184558
 30
0.0
 11
158.481713
 21
58.092746
 31
0.0
  0
ARC
  5
381
330
70
100
AcDbEntity
  8
Visible
100
AcDbCircle
 10
-237.531713
 20
285.214558
 30
0.0
 40
0.5
210
0.0
220
0.0
230
-1.0
100
AcDbArc
 50
0.0
 51
90.0
  0
LINE
  5
382
330
70
100
AcDbEntity
  8
Visible
100
AcDbLine
 10
237.531713
 20
285.714558
 30
0.0
 11
250.531713
 21
285.714558
 31
0.0
  0
ARC
  5
383
330
70
100
AcDbEntity
  8
Visible
100
AcDbCircle
 10
-250.531713
 20
285.214558
 30
0.0
 40
0.5
210
0.0
220
0.0
230
-1.0
100
AcDbArc
 50
90.0
 51
180.0
  0
LINE
  5
384
330
70
100
AcDbEntity
  8
Visible
100
AcDbLine
 10
251.031713
 20
285.214558
 30
0.0
 11
251.031713
 21
272.214558
 31
0.0
  0
ARC
  5
385
330
70
100
AcDbEntity
  8
Visible
100
AcDbCircle
 10
-250.531713
 20
272.214558
 30
0.0
 40
0.5
210
0.0
220
0.0
230
-1.0
100
AcDbArc
 50
180.0
 51
270.0
  0
LINE
  5
386
330
70
100
AcDbEntity
  8
Visible
100
AcDbLine
 10
250.531713
 20
271.714558
 30
0.0
 11
237.531713
 21
271.714558
 31
0.0
  0
ARC
  5
387
330
70
100
AcDbEntity
  8
Visible
100
AcDbCircle
 10
-237.531713
 20
272.214558
 30
0.0
 40
0.5
210
0.0
220
0.0
230
-1.0
100
AcDbArc
 50
270.0
 51
0.0
  0
LINE
  5
388
330
70
100
AcDbEntity
  8
Visible
100
AcDbLine
 10
237.031713
 20
272.214558
 30
0.0
 11
237.031713
 21
285.214558
 31
0.0
  0
ARC
  5
389
330
70
100
AcDbEntity
  8
Visible
100
AcDbCircle
 10
-237.531713
 20
266.164558
 30
0.0
 40
0.5
210
0.0
220
0.0
230
-1.0
100
AcDbArc
 50
0.0
 51
90.0
  0
LINE
  5
38A
330
70
100
AcDbEntity
  8
Visible
100
AcDbLine
 10
237.531713
 20
266.664558
 30
0.0
 11
250.531713
 21
266.664558
 31
0.0
  0
ARC
  5
38B
330
70
100
AcDbEntity
  8
Visible
100
AcDbCircle
 10
-250.531713
 20
266.164558
 30
0.0
 40
0.5
210
0.0
220
0.0
230
-1.0
100
AcDbArc
 50
90.0
 51
180.0
  0
LINE
  5
38C
330
70
100
AcDbEntity
  8
Visible
100
AcDbLine
 10
251.031713
 20
266.164558
 30
0.0
 11
251.031713
 21
253.164558
 31
0.0
  0
ARC
  5
38D
330
70
100
AcDbEntity
  8
Visible
100
AcDbCircle
 10
-250.531713
 20
253.164558
 30
0.0
 40
0.5
210
0.0
220
0.0
230
-1.0
100
AcDbArc
 50
180.0
 51
270.0
  0
LINE
  5
38E
330
70
100
AcDbEntity
  8
Visible
100
AcDbLine
 10
250.531713
 20
252.664558
 30
0.0
 11
237.531713
 21
252.664558
 31
0.0
  0
ARC
  5
38F
330
70
100
AcDbEntity
  8
Visible
100
AcDbCircle
 10
-237.531713
 20
253.164558
 30
0.0
 40
0.5
210
0.0
220
0.0
230
-1.0
100
AcDbArc
 50
270.0
 51
0.0
  0
LINE
  5
390
330
70
100
AcDbEntity
  8
Visible
100
AcDbLine
 10
237.031713
 20
253.164558
 30
0.0
 11
237.031713
 21
266.164558
 31
0.0
  0
LINE
  5
391
330
70
100
AcDbEntity
  8
Visible
100
AcDbLine
 10
251.02897
 20
23.229824
 30
0.0
 11
251.02897
 21
20.948109
 31
0.0
  0
ARC
  5
392
330
70
100
AcDbEntity
  8
Visible
100
AcDbCircle
 10
-250.531713
 20
20.895808
 30
0.0
 40
0.5
210
0.0
220
0.0
230
-1.0
100
AcDbArc
 50
173.995794
 51
180.0
  0
LINE
  5
393
330
70
100
AcDbEntity
  8
Visible
100
AcDbLine
 10
251.031713
 20
20.895808
 30
0.0
 11
251.031713
 21
7.895808
 31
0.0
  0
ARC
  5
394
330
70
100
AcDbEntity
  8
Visible
100
AcDbCircle
 10
-250.531713
 20
7.895808
 30
0.0
 40
0.5
210
0.0
220
0.0
230
-1.0
100
AcDbArc
 50
180.0
 51
270.0
  0
LINE
  5
395
330
70
100
AcDbEntity
  8
Visible
100
AcDbLine
 10
250.531713
 20
7.395808
 30
0.0
 11
237.531713
 21
7.395808
 31
0.0
  0
ARC
  5
396
330
70
100
AcDbEntity
  8
Visible
100
AcDbCircle
 10
-237.531713
 20
7.895808
 30
0.0
 40
0.5
210
0.0
220
0.0
230
-1.0
100
AcDbArc
 50
270.0
 51
359.754681
  0
ARC
  5
397
330
70
100
AcDbEntity
  8
Visible
100
AcDbCircle
 10
-237.57897
 20
7.948574
 30
0.0
 40
0.5499999999999971
210
0.0
220
0.0
230
-1.0
100
AcDbArc
 50
354.270668
 51
0.0
  0
LINE
  5
398
330
70
100
AcDbEntity
  8
Visible
100
AcDbLine
 10
237.02897
 20
7.948574
 30
0.0
 11
237.02897
 21
23.229824
 31
0.0
  0
ARC
  5
399
330
70
100
AcDbEntity
  8
Visible
100
AcDbCircle
 10
-237.57897
 20
23.229824
 30
0.0
 40
0.550000000000015
210
0.0
220
0.0
230
-1.0
100
AcDbArc
 50
0.0
 51
90.0
  0
LINE
  5
39A
330
70
100
AcDbEntity
  8
Visible
100
AcDbLine
 10
237.57897
 20
23.779824
 30
0.0
 11
250.47897
 21
23.779824
 31
0.0
  0
ARC
  5
39B
330
70
100
AcDbEntity
  8
Visible
100
AcDbCircle
 10
-250.47897
 20
23.229824
 30
0.0
 40
0.5499999999999971
210
0.0
220
0.0
230
-1.0
100
AcDbArc
 50
90.0
 51
180.0
  0
LINE
  5
39C
330
70
100
AcDbEntity
  8
Visible
100
AcDbLine
 10
251.02897
 20
47.042324
 30
0.0
 11
251.02897
 21
44.760609
 31
0.0
  0
ARC
  5
39D
330
70
100
AcDbEntity
  8
Visible
100
AcDbCircle
 10
-250.531713
 20
44.708308
 30
0.0
 40
0.5
210
0.0
220
0.0
230
-1.0
100
AcDbArc
 50
173.995794
 51
180.0
  0
LINE
  5
39E
330
70
100
AcDbEntity
  8
Visible
100
AcDbLine
 10
251.031713
 20
44.708308
 30
0.0
 11
251.031713
 21
31.708308
 31
0.0
  0
ARC
  5
39F
330
70
100
AcDbEntity
  8
Visible
100
AcDbCircle
 10
-250.531713
 20
31.708308
 30
0.0
 40
0.5
210
0.0
220
0.0
230
-1.0
100
AcDbArc
 50
180.0
 51
270.0
  0
LINE
  5
3A0
330
70
100
AcDbEntity
  8
Visible
100
AcDbLine
 10
250.531713
 20
31.208308
 30
0.0
 11
237.531713
 21
31.208308
 31
0.0
  0
ARC
  5
3A1
330
70
100
AcDbEntity
  8
Visible
100
AcDbCircle
 10
-237.531713
 20
31.708308
 30
0.0
 40
0.5
210
0.0
220
0.0
230
-1.0
100
AcDbArc
 50
270.0
 51
359.754681
  0
ARC
  5
3A2
330
70
100
AcDbEntity
  8
Visible
100
AcDbCircle
 10
-237.57897
 20
31.761074
 30
0.0
 40
0.5499999999999971
210
0.0
220
0.0
230
-1.0
100
AcDbArc
 50
354.270668
 51
0.0
  0
LINE
  5
3A3
330
70
100
AcDbEntity
  8
Visible
100
AcDbLine
 10
237.02897
 20
31.761074
 30
0.0
 11
237.02897
 21
47.042324
 31
0.0
  0
ARC
  5
3A4
330
70
100
AcDbEntity
  8
Visible
100
AcDbCircle
 10
-237.57897
 20
47.042324
 30
0.0
 40
0.550000000000015
210
0.0
220
0.0
230
-1.0
100
AcDbArc
 50
0.0
 51
90.0
  0
LINE
  5
3A5
330
70
100
AcDbEntity
  8
Visible
100
AcDbLine
 10
237.57897
 20
47.592324
 30
0.0
 11
250.47897
 21
47.592324
 31
0.0
  0
ARC
  5
3A6
330
70
100
AcDbEntity
  8
Visible
100
AcDbCircle
 10
-250.47897
 20
47.042324
 30
0.0
 40
0.5499999999999971
210
0.0
220
0.0
230
-1.0
100
AcDbArc
 50
90.0
 51
180.0
  0
LINE
  5
3A7
330
70
100
AcDbEntity
  8
Visible
100
AcDbLine
 10
251.02897
 20
237.542324
 30
0.0
 11
251.02897
 21
235.260609
 31
0.0
  0
ARC
  5
3A8
330
70
100
AcDbEntity
  8
Visible
100
AcDbCircle
 10
-250.531713
 20
235.208308
 30
0.0
 40
0.5
210
0.0
220
0.0
230
-1.0
100
AcDbArc
 50
173.995794
 51
180.0
  0
LINE
  5
3A9
330
70
100
AcDbEntity
  8
Visible
100
AcDbLine
 10
251.031713
 20
235.208308
 30
0.0
 11
251.031713
 21
222.208308
 31
0.0
  0
ARC
  5
3AA
330
70
100
AcDbEntity
  8
Visible
100
AcDbCircle
 10
-250.531713
 20
222.208308
 30
0.0
 40
0.5
210
0.0
220
0.0
230
-1.0
100
AcDbArc
 50
180.0
 51
186.004206
  0
LINE
  5
3AB
330
70
100
AcDbEntity
  8
Visible
100
AcDbLine
 10
251.02897
 20
222.156008
 30
0.0
 11
251.02897
 21
219.879824
 31
0.0
  0
ARC
  5
3AC
330
70
100
AcDbEntity
  8
Visible
100
AcDbCircle
 10
-250.47897
 20
219.879824
 30
0.0
 40
0.5499999999999971
210
0.0
220
0.0
230
-1.0
100
AcDbArc
 50
180.0
 51
270.0
  0
LINE
  5
3AD
330
70
100
AcDbEntity
  8
Visible
100
AcDbLine
 10
250.47897
 20
219.329824
 30
0.0
 11
237.57897
 21
219.329824
 31
0.0
  0
ARC
  5
3AE
330
70
100
AcDbEntity
  8
Visible
100
AcDbCircle
 10
-237.57897
 20
219.879824
 30
0.0
 40
0.5499999999999971
210
0.0
220
0.0
230
-1.0
100
AcDbArc
 50
270.0
 51
0.0
  0
LINE
  5
3AF
330
70
100
AcDbEntity
  8
Visible
100
AcDbLine
 10
237.02897
 20
219.879824
 30
0.0
 11
237.02897
 21
237.542324
 31
0.0
  0
ARC
  5
3B0
330
70
100
AcDbEntity
  8
Visible
100
AcDbCircle
 10
-237.57897
 20
237.542324
 30
0.0
 40
0.5500000000000332
210
0.0
220
0.0
230
-1.0
100
AcDbArc
 50
0.0
 51
90.0
  0
LINE
  5
3B1
330
70
100
AcDbEntity
  8
Visible
100
AcDbLine
 10
237.57897
 20
238.092324
 30
0.0
 11
250.47897
 21
238.092324
 31
0.0
  0
ARC
  5
3B2
330
70
100
AcDbEntity
  8
Visible
100
AcDbCircle
 10
-250.47897
 20
237.542324
 30
0.0
 40
0.549999999999979
210
0.0
220
0.0
230
-1.0
100
AcDbArc
 50
90.0
 51
180.0
  0
LINE
  5
3B3
330
70
100
AcDbEntity
  8
Visible
100
AcDbLine
 10
174.331713
 20
262.189558
 30
0.0
 11
161.3317129999999
 21
262.189558
 31
0.0
  0
ARC
  5
3B4
330
70
100
AcDbEntity
  8
Visible
100
AcDbCircle
 10
-161.3317129999999
 20
262.689558
 30
0.0
 40
0.5
210
0.0
220
0.0
230
-1.0
100
AcDbArc
 50
270.0
 51
0.0
  0
LINE
  5
3B5
330
70
100
AcDbEntity
  8
Visible
100
AcDbLine
 10
160.831713
 20
262.689558
 30
0.0
 11
160.831713
 21
275.6895580000001
 31
0.0
  0
ARC
  5
3B6
330
70
100
AcDbEntity
  8
Visible
100
AcDbCircle
 10
-161.3317129999999
 20
275.6895580000001
 30
0.0
 40
0.5
210
0.0
220
0.0
230
-1.0
100
AcDbArc
 50
0.0
 51
90.0
  0
LINE
  5
3B7
330
70
100
AcDbEntity
  8
Visible
100
AcDbLine
 10
161.3317129999999
 20
276.189558
 30
0.0
 11
174.331713
 21
276.189558
 31
0.0
  0
ARC
  5
3B8
330
70
100
AcDbEntity
  8
Visible
100
AcDbCircle
 10
-174.331713
 20
275.6895580000001
 30
0.0
 40
0.5
210
0.0
220
0.0
230
-1.0
100
AcDbArc
 50
90.0
 51
180.0
  0
LINE
  5
3B9
330
70
100
AcDbEntity
  8
Visible
100
AcDbLine
 10
174.831713
 20
275.6895580000001
 30
0.0
 11
174.831713
 21
262.689558
 31
0.0
  0
ARC
  5
3BA
330
70
100
AcDbEntity
  8
Visible
100
AcDbCircle
 10
-174.331713
 20
262.689558
 30
0.0
 40
0.5
210
0.0
220
0.0
230
-1.0
100
AcDbArc
 50
180.0
 51
270.0
  0
ARC
  5
3BD
330
70
100
AcDbEntity
  8
Visible
100
AcDbCircle
 10
-233.481713
 20
38.85880800000001
 30
0.0
 40
0.5
210
0.0
220
0.0
230
-1.0
100
AcDbArc
 50
90.0
 51
180.0
  0
LINE
  5
3BE
330
70
100
AcDbEntity
  8
Visible
100
AcDbLine
 10
233.981713
 20
38.85880800000001
 30
0.0
 11
233.981713
 21
32.85880800000001
 31
0.0
  0
ARC
  5
3BF
330
70
100
AcDbEntity
  8
Visible
100
AcDbCircle
 10
-233.481713
 20
32.85880800000001
 30
0.0
 40
0.5
210
0.0
220
0.0
230
-1.0
100
AcDbArc
 50
180.0
 51
270.0
  0
LINE
  5
3C0
330
70
100
AcDbEntity
  8
Visible
100
AcDbLine
 10
233.481713
 20
32.358808
 30
0.0
 11
219.481713
 21
32.358808
 31
0.0
  0
ARC
  5
3C1
330
70
100
AcDbEntity
  8
Visible
100
AcDbCircle
 10
-219.481713
 20
32.85880800000001
 30
0.0
 40
0.5
210
0.0
220
0.0
230
-1.0
100
AcDbArc
 50
270.0
 51
0.0
  0
LINE
  5
3C2
330
70
100
AcDbEntity
  8
Visible
100
AcDbLine
 10
218.981713
 20
32.85880800000001
 30
0.0
 11
218.981713
 21
38.85880800000001
 31
0.0
  0
ARC
  5
3C3
330
70
100
AcDbEntity
  8
Visible
100
AcDbCircle
 10
-219.481713
 20
38.85880800000001
 30
0.0
 40
0.5
210
0.0
220
0.0
230
-1.0
100
AcDbArc
 50
0.0
 51
90.0
  0
LINE
  5
3C4
330
70
100
AcDbEntity
  8
Visible
100
AcDbLine
 10
219.481713
 20
39.35880800000001
 30
0.0
 11
233.481713
 21
39.35880800000001
 31
0.0
  0
LINE
  5
3C5
330
70
100
AcDbEntity
  8
Visible
100
AcDbLine
 10
212.431713
 20
259.808308
 30
0.0
 11
199.431713
 21
259.808308
 31
0.0
  0
ARC
  5
3C6
330
70
100
AcDbEntity
  8
Visible
100
AcDbCircle
 10
-199.431713
 20
260.308308
 30
0.0
 40
0.5
210
0.0
220
0.0
230
-1.0
100
AcDbArc
 50
270.0
 51
0.0
  0
LINE
  5
3C7
330
70
100
AcDbEntity
  8
Visible
100
AcDbLine
 10
198.931713
 20
260.308308
 30
0.0
 11
198.931713
 21
273.308308
 31
0.0
  0
ARC
  5
3C8
330
70
100
AcDbEntity
  8
Visible
100
AcDbCircle
 10
-199.431713
 20
273.308308
 30
0.0
 40
0.5
210
0.0
220
0.0
230
-1.0
100
AcDbArc
 50
0.0
 51
90.0
  0
LINE
  5
3C9
330
70
100
AcDbEntity
  8
Visible
100
AcDbLine
 10
199.431713
 20
273.808308
 30
0.0
 11
212.431713
 21
273.808308
 31
0.0
  0
ARC
  5
3CA
330
70
100
AcDbEntity
  8
Visible
100
AcDbCircle
 10
-212.431713
 20
273.308308
 30
0.0
 40
0.5
210
0.0
220
0.0
230
-1.0
100
AcDbArc
 50
90.0
 51
180.0
  0
LINE
  5
3CB
330
70
100
AcDbEntity
  8
Visible
100
AcDbLine
 10
212.931713
 20
273.308308
 30
0.0
 11
212.931713
 21
260.308308
 31
0.0
  0
ARC
  5
3CC
330
70
100
AcDbEntity
  8
Visible
100
AcDbCircle
 10
-212.431713
 20
260.308308
 30
0.0
 40
0.5
210
0.0
220
0.0
230
-1.0
100
AcDbArc
 50
180.0
 51
270.0
  0
ARC
  5
3CD
330
70
100
AcDbEntity
  8
Visible
100
AcDbCircle
 10
-233.481713
 20
14.982808
 30
0.0
 40
0.5
210
0.0
220
0.0
230
-1.0
100
AcDbArc
 50
90.0
 51
180.0
  0
LINE
  5
3CE
330
70
100
AcDbEntity
  8
Visible
100
AcDbLine
 10
233.981713
 20
14.982808
 30
0.0
 11
233.981713
 21
8.982808
 31
0.0
  0
ARC
  5
3CF
330
70
100
AcDbEntity
  8
Visible
100
AcDbCircle
 10
-233.481713
 20
8.982808
 30
0.0
 40
0.5
210
0.0
220
0.0
230
-1.0
100
AcDbArc
 50
180.0
 51
270.0
  0
LINE
  5
3D0
330
70
100
AcDbEntity
  8
Visible
100
AcDbLine
 10
233.481713
 20
8.482808
 30
0.0
 11
219.481713
 21
8.482808
 31
0.0
  0
ARC
  5
3D1
330
70
100
AcDbEntity
  8
Visible
100
AcDbCircle
 10
-219.481713
 20
8.982808
 30
0.0
 40
0.5
210
0.0
220
0.0
230
-1.0
100
AcDbArc
 50
270.0
 51
0.0
  0
LINE
  5
3D2
330
70
100
AcDbEntity
  8
Visible
100
AcDbLine
 10
218.981713
 20
8.982808
 30
0.0
 11
218.981713
 21
14.982808
 31
0.0
  0
ARC
  5
3D3
330
70
100
AcDbEntity
  8
Visible
100
AcDbCircle
 10
-219.481713
 20
14.982808
 30
0.0
 40
0.5
210
0.0
220
0.0
230
-1.0
100
AcDbArc
 50
0.0
 51
90.0
  0
LINE
  5
3D4
330
70
100
AcDbEntity
  8
Visible
100
AcDbLine
 10
219.481713
 20
15.482808
 30
0.0
 11
233.481713
 21
15.482808
 31
0.0
  0
ARC
  5
3D5
330
70
100
AcDbEntity
  8
Visible
100
AcDbCircle
 10
-176.331713
 20
284.127558
 30
0.0
 40
0.5
210
0.0
220
0.0
230
-1.0
100
AcDbArc
 50
90.0
 51
180.0
  0
LINE
  5
3D6
330
70
100
AcDbEntity
  8
Visible
100
AcDbLine
 10
176.8317129999999
 20
284.127558
 30
0.0
 11
176.8317129999999
 21
278.127558
 31
0.0
  0
ARC
  5
3D7
330
70
100
AcDbEntity
  8
Visible
100
AcDbCircle
 10
-176.331713
 20
278.127558
 30
0.0
 40
0.5
210
0.0
220
0.0
230
-1.0
100
AcDbArc
 50
180.0
 51
270.0
  0
LINE
  5
3D8
330
70
100
AcDbEntity
  8
Visible
100
AcDbLine
 10
176.331713
 20
277.627558
 30
0.0
 11
162.331713
 21
277.627558
 31
0.0
  0
ARC
  5
3D9
330
70
100
AcDbEntity
  8
Visible
100
AcDbCircle
 10
-162.331713
 20
278.127558
 30
0.0
 40
0.5
210
0.0
220
0.0
230
-1.0
100
AcDbArc
 50
270.0
 51
0.0
  0
LINE
  5
3DA
330
70
100
AcDbEntity
  8
Visible
100
AcDbLine
 10
161.831713
 20
278.127558
 30
0.0
 11
161.831713
 21
284.127558
 31
0.0
  0
ARC
  5
3DB
330
70
100
AcDbEntity
  8
Visible
100
AcDbCircle
 10
-162.331713
 20
284.127558
 30
0.0
 40
0.5
210
0.0
220
0.0
230
-1.0
100
AcDbArc
 50
0.0
 51
90.0
  0
LINE
  5
3DC
330
70
100
AcDbEntity
  8
Visible
100
AcDbLine
 10
162.331713
 20
284.627558
 30
0.0
 11
176.331713
 21
284.627558
 31
0.0
  0
ARC
  5
3DD
330
70
100
AcDbEntity
  8
Visible
100
AcDbCircle
 10
-161.3317129999999
 20
132.814558
 30
0.0
 40
0.5
210
0.0
220
0.0
230
-1.0
100
AcDbArc
 50
0.0
 51
90.0
  0
LINE
  5
3DE
330
70
100
AcDbEntity
  8
Visible
100
AcDbLine
 10
161.3317129999999
 20
133.314558
 30
0.0
 11
174.331713
 21
133.314558
 31
0.0
  0
ARC
  5
3DF
330
70
100
AcDbEntity
  8
Visible
100
AcDbCircle
 10
-174.331713
 20
132.814558
 30
0.0
 40
0.5
210
0.0
220
0.0
230
-1.0
100
AcDbArc
 50
90.0
 51
180.0
  0
LINE
  5
3E0
330
70
100
AcDbEntity
  8
Visible
100
AcDbLine
 10
174.831713
 20
132.814558
 30
0.0
 11
174.831713
 21
119.814558
 31
0.0
  0
ARC
  5
3E1
330
70
100
AcDbEntity
  8
Visible
100
AcDbCircle
 10
-174.331713
 20
119.814558
 30
0.0
 40
0.5
210
0.0
220
0.0
230
-1.0
100
AcDbArc
 50
180.0
 51
270.0
  0
LINE
  5
3E2
330
70
100
AcDbEntity
  8
Visible
100
AcDbLine
 10
174.331713
 20
119.314558
 30
0.0
 11
161.3317129999999
 21
119.314558
 31
0.0
  0
ARC
  5
3E3
330
70
100
AcDbEntity
  8
Visible
100
AcDbCircle
 10
-161.3317129999999
 20
119.814558
 30
0.0
 40
0.5
210
0.0
220
0.0
230
-1.0
100
AcDbArc
 50
270.0
 51
0.0
  0
LINE
  5
3E4
330
70
100
AcDbEntity
  8
Visible
100
AcDbLine
 10
160.831713
 20
119.814558
 30
0.0
 11
160.831713
 21
132.814558
 31
0.0
  0
ARC
  5
3E5
330
70
100
AcDbEntity
  8
Visible
100
AcDbCircle
 10
-161.3317129999999
 20
151.864558
 30
0.0
 40
0.5
210
0.0
220
0.0
230
-1.0
100
AcDbArc
 50
0.0
 51
90.0
  0
LINE
  5
3E6
330
70
100
AcDbEntity
  8
Visible
100
AcDbLine
 10
161.3317129999999
 20
152.364558
 30
0.0
 11
174.331713
 21
152.364558
 31
0.0
  0
ARC
  5
3E7
330
70
100
AcDbEntity
  8
Visible
100
AcDbCircle
 10
-174.331713
 20
151.864558
 30
0.0
 40
0.5
210
0.0
220
0.0
230
-1.0
100
AcDbArc
 50
90.0
 51
180.0
  0
LINE
  5
3E8
330
70
100
AcDbEntity
  8
Visible
100
AcDbLine
 10
174.831713
 20
151.864558
 30
0.0
 11
174.831713
 21
138.864558
 31
0.0
  0
ARC
  5
3E9
330
70
100
AcDbEntity
  8
Visible
100
AcDbCircle
 10
-174.331713
 20
138.864558
 30
0.0
 40
0.5
210
0.0
220
0.0
230
-1.0
100
AcDbArc
 50
180.0
 51
270.0
  0
LINE
  5
3EA
330
70
100
AcDbEntity
  8
Visible
100
AcDbLine
 10
174.331713
 20
138.364558
 30
0.0
 11
161.3317129999999
 21
138.364558
 31
0.0
  0
ARC
  5
3EB
330
70
100
AcDbEntity
  8
Visible
100
AcDbCircle
 10
-161.3317129999999
 20
138.864558
 30
0.0
 40
0.5
210
0.0
220
0.0
230
-1.0
100
AcDbArc
 50
270.0
 51
0.0
  0
LINE
  5
3EC
330
70
100
AcDbEntity
  8
Visible
100
AcDbLine
 10
160.831713
 20
138.864558
 30
0.0
 11
160.831713
 21
151.864558
 31
0.0
  0
ARC
  5
3ED
330
70
100
AcDbEntity
  8
Visible
100
AcDbCircle
 10
-218.481713
 20
259.020808
 30
0.0
 40
0.5
210
0.0
220
0.0
230
-1.0
100
AcDbArc
 50
0.0
 51
90.0
  0
LINE
  5
3EE
330
70
100
AcDbEntity
  8
Visible
100
AcDbLine
 10
218.481713
 20
259.520808
 30
0.0
 11
231.481713
 21
259.520808
 31
0.0
  0
ARC
  5
3EF
330
70
100
AcDbEntity
  8
Visible
100
AcDbCircle
 10
-231.481713
 20
259.020808
 30
0.0
 40
0.5
210
0.0
220
0.0
230
-1.0
100
AcDbArc
 50
90.0
 51
180.0
  0
LINE
  5
3F0
330
70
100
AcDbEntity
  8
Visible
100
AcDbLine
 10
231.981713
 20
259.020808
 30
0.0
 11
231.981713
 21
246.020808
 31
0.0
  0
ARC
  5
3F1
330
70
100
AcDbEntity
  8
Visible
100
AcDbCircle
 10
-231.481713
 20
246.020808
 30
0.0
 40
0.5
210
0.0
220
0.0
230
-1.0
100
AcDbArc
 50
180.0
 51
270.0
  0
LINE
  5
3F2
330
70
100
AcDbEntity
  8
Visible
100
AcDbLine
 10
231.481713
 20
245.520808
 30
0.0
 11
218.481713
 21
245.520808
 31
0.0
  0
ARC
  5
3F3
330
70
100
AcDbEntity
  8
Visible
100
AcDbCircle
 10
-218.481713
 20
246.020808
 30
0.0
 40
0.5
210
0.0
220
0.0
230
-1.0
100
AcDbArc
 50
270.0
 51
0.0
  0
LINE
  5
3F4
330
70
100
AcDbEntity
  8
Visible
100
AcDbLine
 10
217.981713
 20
246.020808
 30
0.0
 11
217.981713
 21
259.020808
 31
0.0
  0
ARC
  5
3F5
330
70
100
AcDbEntity
  8
Visible
100
AcDbCircle
 10
-161.3317129999999
 20
228.064558
 30
0.0
 40
0.5
210
0.0
220
0.0
230
-1.0
100
AcDbArc
 50
0.0
 51
90.0
  0
LINE
  5
3F6
330
70
100
AcDbEntity
  8
Visible
100
AcDbLine
 10
161.3317129999999
 20
228.564558
 30
0.0
 11
174.331713
 21
228.564558
 31
0.0
  0
ARC
  5
3F7
330
70
100
AcDbEntity
  8
Visible
100
AcDbCircle
 10
-174.331713
 20
228.064558
 30
0.0
 40
0.5
210
0.0
220
0.0
230
-1.0
100
AcDbArc
 50
90.0
 51
180.0
  0
LINE
  5
3F8
330
70
100
AcDbEntity
  8
Visible
100
AcDbLine
 10
174.831713
 20
228.064558
 30
0.0
 11
174.831713
 21
215.064558
 31
0.0
  0
ARC
  5
3F9
330
70
100
AcDbEntity
  8
Visible
100
AcDbCircle
 10
-174.331713
 20
215.064558
 30
0.0
 40
0.5
210
0.0
220
0.0
230
-1.0
100
AcDbArc
 50
180.0
 51
270.0
  0
LINE
  5
3FA
330
70
100
AcDbEntity
  8
Visible
100
AcDbLine
 10
174.331713
 20
214.564558
 30
0.0
 11
161.3317129999999
 21
214.564558
 31
0.0
  0
ARC
  5
3FB
330
70
100
AcDbEntity
  8
Visible
100
AcDbCircle
 10
-161.3317129999999
 20
215.064558
 30
0.0
 40
0.5
210
0.0
220
0.0
230
-1.0
100
AcDbArc
 50
270.0
 51
0.0
  0
LINE
  5
3FC
330
70
100
AcDbEntity
  8
Visible
100
AcDbLine
 10
160.831713
 20
215.064558
 30
0.0
 11
160.831713
 21
228.064558
 31
0.0
  0
ARC
  5
405
330
70
100
AcDbEntity
  8
Visible
100
AcDbCircle
 10
-161.3317129999999
 20
113.764558
 30
0.0
 40
0.5
210
0.0
220
0.0
230
-1.0
100
AcDbArc
 50
0.0
 51
90.0
  0
LINE
  5
406
330
70
100
AcDbEntity
  8
Visible
100
AcDbLine
 10
161.3317129999999
 20
114.264558
 30
0.0
 11
174.331713
 21
114.264558
 31
0.0
  0
ARC
  5
407
330
70
100
AcDbEntity
  8
Visible
100
AcDbCircle
 10
-174.331713
 20
113.764558
 30
0.0
 40
0.5
210
0.0
220
0.0
230
-1.0
100
AcDbArc
 50
90.0
 51
180.0
  0
LINE
  5
408
330
70
100
AcDbEntity
  8
Visible
100
AcDbLine
 10
174.831713
 20
113.764558
 30
0.0
 11
174.831713
 21
100.764558
 31
0.0
  0
ARC
  5
409
330
70
100
AcDbEntity
  8
Visible
100
AcDbCircle
 10
-174.331713
 20
100.764558
 30
0.0
 40
0.5
210
0.0
220
0.0
230
-1.0
100
AcDbArc
 50
180.0
 51
270.0
  0
LINE
  5
40A
330
70
100
AcDbEntity
  8
Visible
100
AcDbLine
 10
174.331713
 20
100.264558
 30
0.0
 11
161.3317129999999
 21
100.264558
 31
0.0
  0
ARC
  5
40B
330
70
100
AcDbEntity
  8
Visible
100
AcDbCircle
 10
-161.3317129999999
 20
100.764558
 30
0.0
 40
0.5
210
0.0
220
0.0
230
-1.0
100
AcDbArc
 50
270.0
 51
0.0
  0
LINE
  5
40C
330
70
100
AcDbEntity
  8
Visible
100
AcDbLine
 10
160.831713
 20
100.764558
 30
0.0
 11
160.831713
 21
113.764558
 31
0.0
  0
ARC
  5
40D
330
70
100
AcDbEntity
  8
Visible
100
AcDbCircle
 10
-161.3317129999999
 20
56.61455799999999
 30
0.0
 40
0.5
210
0.0
220
0.0
230
-1.0
100
AcDbArc
 50
0.0
 51
90.0
  0
LINE
  5
40E
330
70
100
AcDbEntity
  8
Visible
100
AcDbLine
 10
161.3317129999999
 20
57.11455799999999
 30
0.0
 11
174.331713
 21
57.11455799999999
 31
0.0
  0
ARC
  5
40F
330
70
100
AcDbEntity
  8
Visible
100
AcDbCircle
 10
-174.331713
 20
56.61455799999999
 30
0.0
 40
0.5
210
0.0
220
0.0
230
-1.0
100
AcDbArc
 50
90.0
 51
180.0
  0
LINE
  5
410
330
70
100
AcDbEntity
  8
Visible
100
AcDbLine
 10
174.831713
 20
56.61455799999999
 30
0.0
 11
174.831713
 21
43.614558
 31
0.0
  0
ARC
  5
411
330
70
100
AcDbEntity
  8
Visible
100
AcDbCircle
 10
-174.331713
 20
43.614558
 30
0.0
 40
0.5
210
0.0
220
0.0
230
-1.0
100
AcDbArc
 50
180.0
 51
270.0
  0
LINE
  5
412
330
70
100
AcDbEntity
  8
Visible
100
AcDbLine
 10
174.331713
 20
43.114558
 30
0.0
 11
161.3317129999999
 21
43.114558
 31
0.0
  0
ARC
  5
413
330
70
100
AcDbEntity
  8
Visible
100
AcDbCircle
 10
-161.3317129999999
 20
43.614558
 30
0.0
 40
0.5
210
0.0
220
0.0
230
-1.0
100
AcDbArc
 50
270.0
 51
0.0
  0
LINE
  5
414
330
70
100
AcDbEntity
  8
Visible
100
AcDbLine
 10
160.831713
 20
43.614558
 30
0.0
 11
160.831713
 21
56.61455799999999
 31
0.0
  0
LINE
  5
415
330
70
100
AcDbEntity
  8
Visible
100
AcDbLine
 10
217.981713
 20
272.214558
 30
0.0
 11
217.981713
 21
285.214558
 31
0.0
  0
ARC
  5
416
330
70
100
AcDbEntity
  8
Visible
100
AcDbCircle
 10
-218.481713
 20
285.214558
 30
0.0
 40
0.5
210
0.0
220
0.0
230
-1.0
100
AcDbArc
 50
0.0
 51
90.0
  0
LINE
  5
417
330
70
100
AcDbEntity
  8
Visible
100
AcDbLine
 10
218.481713
 20
285.714558
 30
0.0
 11
231.481713
 21
285.714558
 31
0.0
  0
ARC
  5
418
330
70
100
AcDbEntity
  8
Visible
100
AcDbCircle
 10
-231.481713
 20
285.214558
 30
0.0
 40
0.5
210
0.0
220
0.0
230
-1.0
100
AcDbArc
 50
90.0
 51
180.0
  0
LINE
  5
419
330
70
100
AcDbEntity
  8
Visible
100
AcDbLine
 10
231.981713
 20
285.214558
 30
0.0
 11
231.981713
 21
272.214558
 31
0.0
  0
ARC
  5
41A
330
70
100
AcDbEntity
  8
Visible
100
AcDbCircle
 10
-231.481713
 20
272.214558
 30
0.0
 40
0.5
210
0.0
220
0.0
230
-1.0
100
AcDbArc
 50
180.0
 51
270.0
  0
LINE
  5
41B
330
70
100
AcDbEntity
  8
Visible
100
AcDbLine
 10
231.481713
 20
271.714558
 30
0.0
 11
218.481713
 21
271.714558
 31
0.0
  0
ARC
  5
41C
330
70
100
AcDbEntity
  8
Visible
100
AcDbCircle
 10
-218.481713
 20
272.214558
 30
0.0
 40
0.5
210
0.0
220
0.0
230
-1.0
100
AcDbArc
 50
270.0
 51
0.0
  0
ARC
  5
41D
330
70
100
AcDbEntity
  8
Visible
100
AcDbCircle
 10
-180.381713
 20
237.589558
 30
0.0
 40
0.5
210
0.0
220
0.0
230
-1.0
100
AcDbArc
 50
0.0
 51
90.0
  0
LINE
  5
41E
330
70
100
AcDbEntity
  8
Visible
100
AcDbLine
 10
180.381713
 20
238.089558
 30
0.0
 11
193.381713
 21
238.089558
 31
0.0
  0
ARC
  5
41F
330
70
100
AcDbEntity
  8
Visible
100
AcDbCircle
 10
-193.381713
 20
237.589558
 30
0.0
 40
0.5
210
0.0
220
0.0
230
-1.0
100
AcDbArc
 50
90.0
 51
180.0
  0
LINE
  5
420
330
70
100
AcDbEntity
  8
Visible
100
AcDbLine
 10
193.881713
 20
237.589558
 30
0.0
 11
193.881713
 21
224.589558
 31
0.0
  0
ARC
  5
421
330
70
100
AcDbEntity
  8
Visible
100
AcDbCircle
 10
-193.381713
 20
224.589558
 30
0.0
 40
0.5
210
0.0
220
0.0
230
-1.0
100
AcDbArc
 50
180.0
 51
270.0
  0
LINE
  5
422
330
70
100
AcDbEntity
  8
Visible
100
AcDbLine
 10
193.381713
 20
224.089558
 30
0.0
 11
180.381713
 21
224.089558
 31
0.0
  0
ARC
  5
423
330
70
100
AcDbEntity
  8
Visible
100
AcDbCircle
 10
-180.381713
 20
224.589558
 30
0.0
 40
0.5
210
0.0
220
0.0
230
-1.0
100
AcDbArc
 50
270.0
 51
0.0
  0
LINE
  5
424
330
70
100
AcDbEntity
  8
Visible
100
AcDbLine
 10
179.881713
 20
224.589558
 30
0.0
 11
179.881713
 21
237.589558
 31
0.0
  0
ARC
  5
425
330
70
100
AcDbEntity
  8
Visible
100
AcDbCircle
 10
-174.331713
 20
75.66455799999999
 30
0.0
 40
0.5
210
0.0
220
0.0
230
-1.0
100
AcDbArc
 50
90.0
 51
180.0
  0
LINE
  5
426
330
70
100
AcDbEntity
  8
Visible
100
AcDbLine
 10
174.831713
 20
75.66455799999999
 30
0.0
 11
174.831713
 21
62.66455799999999
 31
0.0
  0
ARC
  5
427
330
70
100
AcDbEntity
  8
Visible
100
AcDbCircle
 10
-174.331713
 20
62.66455799999999
 30
0.0
 40
0.5
210
0.0
220
0.0
230
-1.0
100
AcDbArc
 50
180.0
 51
270.0
  0
LINE
  5
428
330
70
100
AcDbEntity
  8
Visible
100
AcDbLine
 10
174.331713
 20
62.16455799999999
 30
0.0
 11
161.3317129999999
 21
62.16455799999999
 31
0.0
  0
ARC
  5
429
330
70
100
AcDbEntity
  8
Visible
100
AcDbCircle
 10
-161.3317129999999
 20
62.66455799999999
 30
0.0
 40
0.5
210
0.0
220
0.0
230
-1.0
100
AcDbArc
 50
270.0
 51
0.0
  0
LINE
  5
42A
330
70
100
AcDbEntity
  8
Visible
100
AcDbLine
 10
160.831713
 20
62.66455799999999
 30
0.0
 11
160.831713
 21
75.66455799999999
 31
0.0
  0
ARC
  5
42B
330
70
100
AcDbEntity
  8
Visible
100
AcDbCircle
 10
-161.3317129999999
 20
75.66455799999999
 30
0.0
 40
0.5
210
0.0
220
0.0
230
-1.0
100
AcDbArc
 50
0.0
 51
90.0
  0
LINE
  5
42C
330
70
100
AcDbEntity
  8
Visible
100
AcDbLine
 10
161.3317129999999
 20
76.164558
 30
0.0
 11
174.331713
 21
76.164558
 31
0.0
  0
ARC
  5
42D
330
70
100
AcDbEntity
  8
Visible
100
AcDbCircle
 10
-193.381713
 20
199.489558
 30
0.0
 40
0.5
210
0.0
220
0.0
230
-1.0
100
AcDbArc
 50
90.0
 51
180.0
  0
LINE
  5
42E
330
70
100
AcDbEntity
  8
Visible
100
AcDbLine
 10
193.881713
 20
199.489558
 30
0.0
 11
193.881713
 21
186.489558
 31
0.0
  0
ARC
  5
42F
330
70
100
AcDbEntity
  8
Visible
100
AcDbCircle
 10
-193.381713
 20
186.489558
 30
0.0
 40
0.5
210
0.0
220
0.0
230
-1.0
100
AcDbArc
 50
180.0
 51
270.0
  0
LINE
  5
430
330
70
100
AcDbEntity
  8
Visible
100
AcDbLine
 10
193.381713
 20
185.989558
 30
0.0
 11
180.381713
 21
185.989558
 31
0.0
  0
ARC
  5
431
330
70
100
AcDbEntity
  8
Visible
100
AcDbCircle
 10
-180.381713
 20
186.489558
 30
0.0
 40
0.5
210
0.0
220
0.0
230
-1.0
100
AcDbArc
 50
270.0
 51
0.0
  0
LINE
  5
432
330
70
100
AcDbEntity
  8
Visible
100
AcDbLine
 10
179.881713
 20
186.489558
 30
0.0
 11
179.881713
 21
199.489558
 31
0.0
  0
ARC
  5
433
330
70
100
AcDbEntity
  8
Visible
100
AcDbCircle
 10
-180.381713
 20
199.489558
 30
0.0
 40
0.5
210
0.0
220
0.0
230
-1.0
100
AcDbArc
 50
0.0
 51
90.0
  0
LINE
  5
434
330
70
100
AcDbEntity
  8
Visible
100
AcDbLine
 10
180.381713
 20
199.989558
 30
0.0
 11
193.381713
 21
199.989558
 31
0.0
  0
ARC
  5
435
330
70
100
AcDbEntity
  8
Visible
100
AcDbCircle
 10
-180.381713
 20
218.539558
 30
0.0
 40
0.5
210
0.0
220
0.0
230
-1.0
100
AcDbArc
 50
0.0
 51
90.0
  0
LINE
  5
436
330
70
100
AcDbEntity
  8
Visible
100
AcDbLine
 10
180.381713
 20
219.039558
 30
0.0
 11
193.381713
 21
219.039558
 31
0.0
  0
ARC
  5
437
330
70
100
AcDbEntity
  8
Visible
100
AcDbCircle
 10
-193.381713
 20
218.539558
 30
0.0
 40
0.5
210
0.0
220
0.0
230
-1.0
100
AcDbArc
 50
90.0
 51
180.0
  0
LINE
  5
438
330
70
100
AcDbEntity
  8
Visible
100
AcDbLine
 10
193.881713
 20
218.539558
 30
0.0
 11
193.881713
 21
205.539558
 31
0.0
  0
ARC
  5
439
330
70
100
AcDbEntity
  8
Visible
100
AcDbCircle
 10
-193.381713
 20
205.539558
 30
0.0
 40
0.5
210
0.0
220
0.0
230
-1.0
100
AcDbArc
 50
180.0
 51
270.0
  0
LINE
  5
43A
330
70
100
AcDbEntity
  8
Visible
100
AcDbLine
 10
193.381713
 20
205.039558
 30
0.0
 11
180.381713
 21
205.039558
 31
0.0
  0
ARC
  5
43B
330
70
100
AcDbEntity
  8
Visible
100
AcDbCircle
 10
-180.381713
 20
205.539558
 30
0.0
 40
0.5
210
0.0
220
0.0
230
-1.0
100
AcDbArc
 50
270.0
 51
0.0
  0
LINE
  5
43C
330
70
100
AcDbEntity
  8
Visible
100
AcDbLine
 10
179.881713
 20
205.539558
 30
0.0
 11
179.881713
 21
218.539558
 31
0.0
  0
LINE
  5
43D
330
70
100
AcDbEntity
  8
Visible
100
AcDbLine
 10
198.931713
 20
210.302058
 30
0.0
 11
198.931713
 21
223.302058
 31
0.0
  0
ARC
  5
43E
330
70
100
AcDbEntity
  8
Visible
100
AcDbCircle
 10
-199.431713
 20
223.302058
 30
0.0
 40
0.5
210
0.0
220
0.0
230
-1.0
100
AcDbArc
 50
0.0
 51
90.0
  0
LINE
  5
43F
330
70
100
AcDbEntity
  8
Visible
100
AcDbLine
 10
199.431713
 20
223.802058
 30
0.0
 11
212.431713
 21
223.802058
 31
0.0
  0
ARC
  5
440
330
70
100
AcDbEntity
  8
Visible
100
AcDbCircle
 10
-212.431713
 20
223.302058
 30
0.0
 40
0.5
210
0.0
220
0.0
230
-1.0
100
AcDbArc
 50
90.0
 51
180.0
  0
LINE
  5
441
330
70
100
AcDbEntity
  8
Visible
100
AcDbLine
 10
212.931713
 20
223.302058
 30
0.0
 11
212.931713
 21
210.302058
 31
0.0
  0
ARC
  5
442
330
70
100
AcDbEntity
  8
Visible
100
AcDbCircle
 10
-212.431713
 20
210.302058
 30
0.0
 40
0.5
210
0.0
220
0.0
230
-1.0
100
AcDbArc
 50
180.0
 51
270.0
  0
LINE
  5
443
330
70
100
AcDbEntity
  8
Visible
100
AcDbLine
 10
212.431713
 20
209.802058
 30
0.0
 11
199.431713
 21
209.802058
 31
0.0
  0
ARC
  5
444
330
70
100
AcDbEntity
  8
Visible
100
AcDbCircle
 10
-199.431713
 20
210.302058
 30
0.0
 40
0.5
210
0.0
220
0.0
230
-1.0
100
AcDbArc
 50
270.0
 51
0.0
  0
ARC
  5
445
330
70
100
AcDbEntity
  8
Visible
100
AcDbCircle
 10
-199.431713
 20
166.152058
 30
0.0
 40
0.5
210
0.0
220
0.0
230
-1.0
100
AcDbArc
 50
0.0
 51
90.0
  0
LINE
  5
446
330
70
100
AcDbEntity
  8
Visible
100
AcDbLine
 10
199.431713
 20
166.652058
 30
0.0
 11
212.431713
 21
166.652058
 31
0.0
  0
ARC
  5
447
330
70
100
AcDbEntity
  8
Visible
100
AcDbCircle
 10
-212.431713
 20
166.152058
 30
0.0
 40
0.5
210
0.0
220
0.0
230
-1.0
100
AcDbArc
 50
90.0
 51
180.0
  0
LINE
  5
448
330
70
100
AcDbEntity
  8
Visible
100
AcDbLine
 10
212.931713
 20
166.152058
 30
0.0
 11
212.931713
 21
153.152058
 31
0.0
  0
ARC
  5
449
330
70
100
AcDbEntity
  8
Visible
100
AcDbCircle
 10
-212.431713
 20
153.152058
 30
0.0
 40
0.5
210
0.0
220
0.0
230
-1.0
100
AcDbArc
 50
180.0
 51
270.0
  0
LINE
  5
44A
330
70
100
AcDbEntity
  8
Visible
100
AcDbLine
 10
212.431713
 20
152.652058
 30
0.0
 11
199.431713
 21
152.652058
 31
0.0
  0
ARC
  5
44B
330
70
100
AcDbEntity
  8
Visible
100
AcDbCircle
 10
-199.431713
 20
153.152058
 30
0.0
 40
0.5
210
0.0
220
0.0
230
-1.0
100
AcDbArc
 50
270.0
 51
0.0
  0
LINE
  5
44C
330
70
100
AcDbEntity
  8
Visible
100
AcDbLine
 10
198.931713
 20
153.152058
 30
0.0
 11
198.931713
 21
166.152058
 31
0.0
  0
LINE
  5
44D
330
70
100
AcDbEntity
  8
Visible
100
AcDbLine
 10
217.981713
 20
219.827058
 30
0.0
 11
217.981713
 21
232.827058
 31
0.0
  0
ARC
  5
44E
330
70
100
AcDbEntity
  8
Visible
100
AcDbCircle
 10
-218.481713
 20
232.827058
 30
0.0
 40
0.5
210
0.0
220
0.0
230
-1.0
100
AcDbArc
 50
0.0
 51
90.0
  0
LINE
  5
44F
330
70
100
AcDbEntity
  8
Visible
100
AcDbLine
 10
218.481713
 20
233.327058
 30
0.0
 11
231.481713
 21
233.327058
 31
0.0
  0
ARC
  5
450
330
70
100
AcDbEntity
  8
Visible
100
AcDbCircle
 10
-231.481713
 20
232.827058
 30
0.0
 40
0.5
210
0.0
220
0.0
230
-1.0
100
AcDbArc
 50
90.0
 51
180.0
  0
LINE
  5
451
330
70
100
AcDbEntity
  8
Visible
100
AcDbLine
 10
231.981713
 20
232.827058
 30
0.0
 11
231.981713
 21
219.827058
 31
0.0
  0
ARC
  5
452
330
70
100
AcDbEntity
  8
Visible
100
AcDbCircle
 10
-231.481713
 20
219.827058
 30
0.0
 40
0.5
210
0.0
220
0.0
230
-1.0
100
AcDbArc
 50
180.0
 51
270.0
  0
LINE
  5
453
330
70
100
AcDbEntity
  8
Visible
100
AcDbLine
 10
231.481713
 20
219.327058
 30
0.0
 11
218.481713
 21
219.327058
 31
0.0
  0
ARC
  5
454
330
70
100
AcDbEntity
  8
Visible
100
AcDbCircle
 10
-218.481713
 20
219.827058
 30
0.0
 40
0.5
210
0.0
220
0.0
230
-1.0
100
AcDbArc
 50
270.0
 51
0.0
  0
ARC
  5
455
330
70
100
AcDbEntity
  8
Visible
100
AcDbCircle
 10
-180.381713
 20
123.289558
 30
0.0
 40
0.5
210
0.0
220
0.0
230
-1.0
100
AcDbArc
 50
0.0
 51
90.0
  0
LINE
  5
456
330
70
100
AcDbEntity
  8
Visible
100
AcDbLine
 10
180.381713
 20
123.789558
 30
0.0
 11
193.381713
 21
123.789558
 31
0.0
  0
ARC
  5
457
330
70
100
AcDbEntity
  8
Visible
100
AcDbCircle
 10
-193.381713
 20
123.289558
 30
0.0
 40
0.5
210
0.0
220
0.0
230
-1.0
100
AcDbArc
 50
90.0
 51
180.0
  0
LINE
  5
458
330
70
100
AcDbEntity
  8
Visible
100
AcDbLine
 10
193.881713
 20
123.289558
 30
0.0
 11
193.881713
 21
110.289558
 31
0.0
  0
ARC
  5
459
330
70
100
AcDbEntity
  8
Visible
100
AcDbCircle
 10
-193.381713
 20
110.289558
 30
0.0
 40
0.5
210
0.0
220
0.0
230
-1.0
100
AcDbArc
 50
180.0
 51
270.0
  0
LINE
  5
45A
330
70
100
AcDbEntity
  8
Visible
100
AcDbLine
 10
193.381713
 20
109.789558
 30
0.0
 11
180.381713
 21
109.789558
 31
0.0
  0
ARC
  5
45B
330
70
100
AcDbEntity
  8
Visible
100
AcDbCircle
 10
-180.381713
 20
110.289558
 30
0.0
 40
0.5
210
0.0
220
0.0
230
-1.0
100
AcDbArc
 50
270.0
 51
0.0
  0
LINE
  5
45C
330
70
100
AcDbEntity
  8
Visible
100
AcDbLine
 10
179.881713
 20
110.289558
 30
0.0
 11
179.881713
 21
123.289558
 31
0.0
  0
ARC
  5
45D
330
70
100
AcDbEntity
  8
Visible
100
AcDbCircle
 10
-199.431713
 20
70.90205799999999
 30
0.0
 40
0.5
210
0.0
220
0.0
230
-1.0
100
AcDbArc
 50
0.0
 51
90.0
  0
LINE
  5
45E
330
70
100
AcDbEntity
  8
Visible
100
AcDbLine
 10
199.431713
 20
71.402058
 30
0.0
 11
212.431713
 21
71.402058
 31
0.0
  0
ARC
  5
45F
330
70
100
AcDbEntity
  8
Visible
100
AcDbCircle
 10
-212.431713
 20
70.90205799999999
 30
0.0
 40
0.5
210
0.0
220
0.0
230
-1.0
100
AcDbArc
 50
90.0
 51
180.0
  0
LINE
  5
460
330
70
100
AcDbEntity
  8
Visible
100
AcDbLine
 10
212.931713
 20
70.90205799999999
 30
0.0
 11
212.931713
 21
57.90205799999999
 31
0.0
  0
ARC
  5
461
330
70
100
AcDbEntity
  8
Visible
100
AcDbCircle
 10
-212.431713
 20
57.90205799999999
 30
0.0
 40
0.5
210
0.0
220
0.0
230
-1.0
100
AcDbArc
 50
180.0
 51
270.0
  0
LINE
  5
462
330
70
100
AcDbEntity
  8
Visible
100
AcDbLine
 10
212.431713
 20
57.402058
 30
0.0
 11
199.431713
 21
57.402058
 31
0.0
  0
ARC
  5
463
330
70
100
AcDbEntity
  8
Visible
100
AcDbCircle
 10
-199.431713
 20
57.90205799999999
 30
0.0
 40
0.5
210
0.0
220
0.0
230
-1.0
100
AcDbArc
 50
270.0
 51
0.0
  0
LINE
  5
464
330
70
100
AcDbEntity
  8
Visible
100
AcDbLine
 10
198.931713
 20
57.90205799999999
 30
0.0
 11
198.931713
 21
70.90205799999999
 31
0.0
  0
ARC
  5
465
330
70
100
AcDbEntity
  8
Visible
100
AcDbCircle
 10
-180.381713
 20
256.639558
 30
0.0
 40
0.5
210
0.0
220
0.0
230
-1.0
100
AcDbArc
 50
0.0
 51
90.0
  0
LINE
  5
466
330
70
100
AcDbEntity
  8
Visible
100
AcDbLine
 10
180.381713
 20
257.139558
 30
0.0
 11
193.381713
 21
257.139558
 31
0.0
  0
ARC
  5
467
330
70
100
AcDbEntity
  8
Visible
100
AcDbCircle
 10
-193.381713
 20
256.639558
 30
0.0
 40
0.5
210
0.0
220
0.0
230
-1.0
100
AcDbArc
 50
90.0
 51
180.0
  0
LINE
  5
468
330
70
100
AcDbEntity
  8
Visible
100
AcDbLine
 10
193.881713
 20
256.639558
 30
0.0
 11
193.881713
 21
243.639558
 31
0.0
  0
ARC
  5
469
330
70
100
AcDbEntity
  8
Visible
100
AcDbCircle
 10
-193.381713
 20
243.639558
 30
0.0
 40
0.5
210
0.0
220
0.0
230
-1.0
100
AcDbArc
 50
180.0
 51
270.0
  0
LINE
  5
46A
330
70
100
AcDbEntity
  8
Visible
100
AcDbLine
 10
193.381713
 20
243.139558
 30
0.0
 11
180.381713
 21
243.139558
 31
0.0
  0
ARC
  5
46B
330
70
100
AcDbEntity
  8
Visible
100
AcDbCircle
 10
-180.381713
 20
243.639558
 30
0.0
 40
0.5
210
0.0
220
0.0
230
-1.0
100
AcDbArc
 50
270.0
 51
0.0
  0
LINE
  5
46C
330
70
100
AcDbEntity
  8
Visible
100
AcDbLine
 10
179.881713
 20
243.639558
 30
0.0
 11
179.881713
 21
256.639558
 31
0.0
  0
ARC
  5
46D
330
70
100
AcDbEntity
  8
Visible
100
AcDbCircle
 10
-199.431713
 20
109.002058
 30
0.0
 40
0.5
210
0.0
220
0.0
230
-1.0
100
AcDbArc
 50
0.0
 51
90.0
  0
LINE
  5
46E
330
70
100
AcDbEntity
  8
Visible
100
AcDbLine
 10
199.431713
 20
109.502058
 30
0.0
 11
212.431713
 21
109.502058
 31
0.0
  0
ARC
  5
46F
330
70
100
AcDbEntity
  8
Visible
100
AcDbCircle
 10
-212.431713
 20
109.002058
 30
0.0
 40
0.5
210
0.0
220
0.0
230
-1.0
100
AcDbArc
 50
90.0
 51
180.0
  0
LINE
  5
470
330
70
100
AcDbEntity
  8
Visible
100
AcDbLine
 10
212.931713
 20
109.002058
 30
0.0
 11
212.931713
 21
96.00205799999999
 31
0.0
  0
ARC
  5
471
330
70
100
AcDbEntity
  8
Visible
100
AcDbCircle
 10
-212.431713
 20
96.00205799999999
 30
0.0
 40
0.5
210
0.0
220
0.0
230
-1.0
100
AcDbArc
 50
180.0
 51
270.0
  0
LINE
  5
472
330
70
100
AcDbEntity
  8
Visible
100
AcDbLine
 10
212.431713
 20
95.50205799999998
 30
0.0
 11
199.431713
 21
95.50205799999998
 31
0.0
  0
ARC
  5
473
330
70
100
AcDbEntity
  8
Visible
100
AcDbCircle
 10
-199.431713
 20
96.00205799999999
 30
0.0
 40
0.5
210
0.0
220
0.0
230
-1.0
100
AcDbArc
 50
270.0
 51
0.0
  0
LINE
  5
474
330
70
100
AcDbEntity
  8
Visible
100
AcDbLine
 10
198.931713
 20
96.00205799999999
 30
0.0
 11
198.931713
 21
109.002058
 31
0.0
  0
ARC
  5
475
330
70
100
AcDbEntity
  8
Visible
100
AcDbCircle
 10
-237.57897
 20
55.573574
 30
0.0
 40
0.5499999999999971
210
0.0
220
0.0
230
-1.0
100
AcDbArc
 50
354.270668
 51
0.0
  0
LINE
  5
476
330
70
100
AcDbEntity
  8
Visible
100
AcDbLine
 10
237.02897
 20
55.573574
 30
0.0
 11
237.02897
 21
70.854824
 31
0.0
  0
ARC
  5
477
330
70
100
AcDbEntity
  8
Visible
100
AcDbCircle
 10
-237.57897
 20
70.854824
 30
0.0
 40
0.5500000000000332
210
0.0
220
0.0
230
-1.0
100
AcDbArc
 50
0.0
 51
90.0
  0
LINE
  5
478
330
70
100
AcDbEntity
  8
Visible
100
AcDbLine
 10
237.57897
 20
71.404824
 30
0.0
 11
250.47897
 21
71.404824
 31
0.0
  0
ARC
  5
479
330
70
100
AcDbEntity
  8
Visible
100
AcDbCircle
 10
-250.47897
 20
70.854824
 30
0.0
 40
0.5499999999999971
210
0.0
220
0.0
230
-1.0
100
AcDbArc
 50
90.0
 51
180.0
  0
LINE
  5
47A
330
70
100
AcDbEntity
  8
Visible
100
AcDbLine
 10
251.02897
 20
70.854824
 30
0.0
 11
251.02897
 21
68.573109
 31
0.0
  0
ARC
  5
47B
330
70
100
AcDbEntity
  8
Visible
100
AcDbCircle
 10
-250.531713
 20
68.520808
 30
0.0
 40
0.5
210
0.0
220
0.0
230
-1.0
100
AcDbArc
 50
173.995794
 51
180.0
  0
LINE
  5
47C
330
70
100
AcDbEntity
  8
Visible
100
AcDbLine
 10
251.031713
 20
68.520808
 30
0.0
 11
251.031713
 21
55.52080799999999
 31
0.0
  0
ARC
  5
47D
330
70
100
AcDbEntity
  8
Visible
100
AcDbCircle
 10
-250.531713
 20
55.52080799999999
 30
0.0
 40
0.5
210
0.0
220
0.0
230
-1.0
100
AcDbArc
 50
180.0
 51
270.0
  0
LINE
  5
47E
330
70
100
AcDbEntity
  8
Visible
100
AcDbLine
 10
250.531713
 20
55.02080799999999
 30
0.0
 11
237.531713
 21
55.02080799999999
 31
0.0
  0
ARC
  5
47F
330
70
100
AcDbEntity
  8
Visible
100
AcDbCircle
 10
-237.531713
 20
55.52080799999999
 30
0.0
 40
0.5
210
0.0
220
0.0
230
-1.0
100
AcDbArc
 50
270.0
 51
359.754681
  0
ARC
  5
480
330
70
100
AcDbEntity
  8
Visible
100
AcDbCircle
 10
-199.431713
 20
242.352058
 30
0.0
 40
0.5
210
0.0
220
0.0
230
-1.0
100
AcDbArc
 50
0.0
 51
90.0
  0
LINE
  5
481
330
70
100
AcDbEntity
  8
Visible
100
AcDbLine
 10
199.431713
 20
242.852058
 30
0.0
 11
212.431713
 21
242.852058
 31
0.0
  0
ARC
  5
482
330
70
100
AcDbEntity
  8
Visible
100
AcDbCircle
 10
-212.431713
 20
242.352058
 30
0.0
 40
0.5
210
0.0
220
0.0
230
-1.0
100
AcDbArc
 50
90.0
 51
180.0
  0
LINE
  5
483
330
70
100
AcDbEntity
  8
Visible
100
AcDbLine
 10
212.931713
 20
242.352058
 30
0.0
 11
212.931713
 21
229.352058
 31
0.0
  0
ARC
  5
484
330
70
100
AcDbEntity
  8
Visible
100
AcDbCircle
 10
-212.431713
 20
229.352058
 30
0.0
 40
0.5
210
0.0
220
0.0
230
-1.0
100
AcDbArc
 50
180.0
 51
270.0
  0
LINE
  5
485
330
70
100
AcDbEntity
  8
Visible
100
AcDbLine
 10
212.431713
 20
228.852058
 30
0.0
 11
199.431713
 21
228.852058
 31
0.0
  0
ARC
  5
486
330
70
100
AcDbEntity
  8
Visible
100
AcDbCircle
 10
-199.431713
 20
229.352058
 30
0.0
 40
0.5
210
0.0
220
0.0
230
-1.0
100
AcDbArc
 50
270.0
 51
0.0
  0
LINE
  5
487
330
70
100
AcDbEntity
  8
Visible
100
AcDbLine
 10
198.931713
 20
229.352058
 30
0.0
 11
198.931713
 21
242.352058
 31
0.0
  0
LINE
  5
488
330
70
100
AcDbEntity
  8
Visible
100
AcDbLine
 10
198.931713
 20
291.264558
 30
0.0
 11
198.931713
 21
304.264558
 31
0.0
  0
ARC
  5
489
330
70
100
AcDbEntity
  8
Visible
100
AcDbCircle
 10
-199.431713
 20
304.264558
 30
0.0
 40
0.5
210
0.0
220
0.0
230
-1.0
100
AcDbArc
 50
0.0
 51
90.0
  0
LINE
  5
48A
330
70
100
AcDbEntity
  8
Visible
100
AcDbLine
 10
199.431713
 20
304.764558
 30
0.0
 11
212.431713
 21
304.764558
 31
0.0
  0
ARC
  5
48B
330
70
100
AcDbEntity
  8
Visible
100
AcDbCircle
 10
-212.431713
 20
304.264558
 30
0.0
 40
0.5
210
0.0
220
0.0
230
-1.0
100
AcDbArc
 50
90.0
 51
180.0
  0
LINE
  5
48C
330
70
100
AcDbEntity
  8
Visible
100
AcDbLine
 10
212.931713
 20
304.264558
 30
0.0
 11
212.931713
 21
291.264558
 31
0.0
  0
ARC
  5
48D
330
70
100
AcDbEntity
  8
Visible
100
AcDbCircle
 10
-212.431713
 20
291.264558
 30
0.0
 40
0.5
210
0.0
220
0.0
230
-1.0
100
AcDbArc
 50
180.0
 51
270.0
  0
LINE
  5
48E
330
70
100
AcDbEntity
  8
Visible
100
AcDbLine
 10
212.431713
 20
290.764558
 30
0.0
 11
199.431713
 21
290.764558
 31
0.0
  0
ARC
  5
48F
330
70
100
AcDbEntity
  8
Visible
100
AcDbCircle
 10
-199.431713
 20
291.264558
 30
0.0
 40
0.5
210
0.0
220
0.0
230
-1.0
100
AcDbArc
 50
270.0
 51
0.0
  0
ARC
  5
490
330
70
100
AcDbEntity
  8
Visible
100
AcDbCircle
 10
-218.481713
 20
80.427058
 30
0.0
 40
0.5
210
0.0
220
0.0
230
-1.0
100
AcDbArc
 50
0.0
 51
90.0
  0
LINE
  5
491
330
70
100
AcDbEntity
  8
Visible
100
AcDbLine
 10
218.481713
 20
80.927058
 30
0.0
 11
231.481713
 21
80.927058
 31
0.0
  0
ARC
  5
492
330
70
100
AcDbEntity
  8
Visible
100
AcDbCircle
 10
-231.481713
 20
80.427058
 30
0.0
 40
0.5
210
0.0
220
0.0
230
-1.0
100
AcDbArc
 50
90.0
 51
180.0
  0
LINE
  5
493
330
70
100
AcDbEntity
  8
Visible
100
AcDbLine
 10
231.981713
 20
80.427058
 30
0.0
 11
231.981713
 21
67.427058
 31
0.0
  0
ARC
  5
494
330
70
100
AcDbEntity
  8
Visible
100
AcDbCircle
 10
-231.481713
 20
67.427058
 30
0.0
 40
0.5
210
0.0
220
0.0
230
-1.0
100
AcDbArc
 50
180.0
 51
270.0
  0
LINE
  5
495
330
70
100
AcDbEntity
  8
Visible
100
AcDbLine
 10
231.481713
 20
66.927058
 30
0.0
 11
218.481713
 21
66.927058
 31
0.0
  0
ARC
  5
496
330
70
100
AcDbEntity
  8
Visible
100
AcDbCircle
 10
-218.481713
 20
67.427058
 30
0.0
 40
0.5
210
0.0
220
0.0
230
-1.0
100
AcDbArc
 50
270.0
 51
0.0
  0
LINE
  5
497
330
70
100
AcDbEntity
  8
Visible
100
AcDbLine
 10
217.981713
 20
67.427058
 30
0.0
 11
217.981713
 21
80.427058
 31
0.0
  0
ARC
  5
498
330
70
100
AcDbEntity
  8
Visible
100
AcDbCircle
 10
-218.481713
 20
175.677058
 30
0.0
 40
0.5
210
0.0
220
0.0
230
-1.0
100
AcDbArc
 50
0.0
 51
90.0
  0
LINE
  5
499
330
70
100
AcDbEntity
  8
Visible
100
AcDbLine
 10
218.481713
 20
176.177058
 30
0.0
 11
231.481713
 21
176.177058
 31
0.0
  0
ARC
  5
49A
330
70
100
AcDbEntity
  8
Visible
100
AcDbCircle
 10
-231.481713
 20
175.677058
 30
0.0
 40
0.5
210
0.0
220
0.0
230
-1.0
100
AcDbArc
 50
90.0
 51
180.0
  0
LINE
  5
49B
330
70
100
AcDbEntity
  8
Visible
100
AcDbLine
 10
231.981713
 20
175.677058
 30
0.0
 11
231.981713
 21
162.677058
 31
0.0
  0
ARC
  5
49C
330
70
100
AcDbEntity
  8
Visible
100
AcDbCircle
 10
-231.481713
 20
162.677058
 30
0.0
 40
0.5
210
0.0
220
0.0
230
-1.0
100
AcDbArc
 50
180.0
 51
270.0
  0
LINE
  5
49D
330
70
100
AcDbEntity
  8
Visible
100
AcDbLine
 10
231.481713
 20
162.177058
 30
0.0
 11
218.481713
 21
162.177058
 31
0.0
  0
ARC
  5
49E
330
70
100
AcDbEntity
  8
Visible
100
AcDbCircle
 10
-218.481713
 20
162.677058
 30
0.0
 40
0.5
210
0.0
220
0.0
230
-1.0
100
AcDbArc
 50
270.0
 51
0.0
  0
LINE
  5
49F
330
70
100
AcDbEntity
  8
Visible
100
AcDbLine
 10
217.981713
 20
162.677058
 30
0.0
 11
217.981713
 21
175.677058
 31
0.0
  0
ARC
  5
4A0
330
70
100
AcDbEntity
  8
Visible
100
AcDbCircle
 10
-161.3317129999999
 20
247.114558
 30
0.0
 40
0.5
210
0.0
220
0.0
230
-1.0
100
AcDbArc
 50
0.0
 51
90.0
  0
LINE
  5
4A1
330
70
100
AcDbEntity
  8
Visible
100
AcDbLine
 10
161.3317129999999
 20
247.614558
 30
0.0
 11
174.331713
 21
247.614558
 31
0.0
  0
ARC
  5
4A2
330
70
100
AcDbEntity
  8
Visible
100
AcDbCircle
 10
-174.331713
 20
247.114558
 30
0.0
 40
0.5
210
0.0
220
0.0
230
-1.0
100
AcDbArc
 50
90.0
 51
180.0
  0
LINE
  5
4A3
330
70
100
AcDbEntity
  8
Visible
100
AcDbLine
 10
174.831713
 20
247.114558
 30
0.0
 11
174.831713
 21
234.114558
 31
0.0
  0
ARC
  5
4A4
330
70
100
AcDbEntity
  8
Visible
100
AcDbCircle
 10
-174.331713
 20
234.114558
 30
0.0
 40
0.5
210
0.0
220
0.0
230
-1.0
100
AcDbArc
 50
180.0
 51
270.0
  0
LINE
  5
4A5
330
70
100
AcDbEntity
  8
Visible
100
AcDbLine
 10
174.331713
 20
233.614558
 30
0.0
 11
161.3317129999999
 21
233.614558
 31
0.0
  0
ARC
  5
4A6
330
70
100
AcDbEntity
  8
Visible
100
AcDbCircle
 10
-161.3317129999999
 20
234.114558
 30
0.0
 40
0.5
210
0.0
220
0.0
230
-1.0
100
AcDbArc
 50
270.0
 51
0.0
  0
LINE
  5
4A7
330
70
100
AcDbEntity
  8
Visible
100
AcDbLine
 10
160.831713
 20
234.114558
 30
0.0
 11
160.831713
 21
247.114558
 31
0.0
  0
ARC
  5
4A8
330
70
100
AcDbEntity
  8
Visible
100
AcDbCircle
 10
-218.481713
 20
213.777058
 30
0.0
 40
0.5
210
0.0
220
0.0
230
-1.0
100
AcDbArc
 50
0.0
 51
90.0
  0
LINE
  5
4A9
330
70
100
AcDbEntity
  8
Visible
100
AcDbLine
 10
218.481713
 20
214.277058
 30
0.0
 11
231.481713
 21
214.277058
 31
0.0
  0
ARC
  5
4AA
330
70
100
AcDbEntity
  8
Visible
100
AcDbCircle
 10
-231.481713
 20
213.777058
 30
0.0
 40
0.5
210
0.0
220
0.0
230
-1.0
100
AcDbArc
 50
90.0
 51
180.0
  0
LINE
  5
4AB
330
70
100
AcDbEntity
  8
Visible
100
AcDbLine
 10
231.981713
 20
213.777058
 30
0.0
 11
231.981713
 21
200.777058
 31
0.0
  0
ARC
  5
4AC
330
70
100
AcDbEntity
  8
Visible
100
AcDbCircle
 10
-231.481713
 20
200.777058
 30
0.0
 40
0.5
210
0.0
220
0.0
230
-1.0
100
AcDbArc
 50
180.0
 51
270.0
  0
LINE
  5
4AD
330
70
100
AcDbEntity
  8
Visible
100
AcDbLine
 10
231.481713
 20
200.277058
 30
0.0
 11
218.481713
 21
200.277058
 31
0.0
  0
ARC
  5
4AE
330
70
100
AcDbEntity
  8
Visible
100
AcDbCircle
 10
-218.481713
 20
200.777058
 30
0.0
 40
0.5
210
0.0
220
0.0
230
-1.0
100
AcDbArc
 50
270.0
 51
0.0
  0
LINE
  5
4AF
330
70
100
AcDbEntity
  8
Visible
100
AcDbLine
 10
217.981713
 20
200.777058
 30
0.0
 11
217.981713
 21
213.777058
 31
0.0
  0
ARC
  5
4B0
330
70
100
AcDbEntity
  8
Visible
100
AcDbCircle
 10
-193.381713
 20
180.439558
 30
0.0
 40
0.5
210
0.0
220
0.0
230
-1.0
100
AcDbArc
 50
90.0
 51
180.0
  0
LINE
  5
4B1
330
70
100
AcDbEntity
  8
Visible
100
AcDbLine
 10
193.881713
 20
180.439558
 30
0.0
 11
193.881713
 21
167.439558
 31
0.0
  0
ARC
  5
4B2
330
70
100
AcDbEntity
  8
Visible
100
AcDbCircle
 10
-193.381713
 20
167.439558
 30
0.0
 40
0.5
210
0.0
220
0.0
230
-1.0
100
AcDbArc
 50
180.0
 51
270.0
  0
LINE
  5
4B3
330
70
100
AcDbEntity
  8
Visible
100
AcDbLine
 10
193.381713
 20
166.939558
 30
0.0
 11
180.381713
 21
166.939558
 31
0.0
  0
ARC
  5
4B4
330
70
100
AcDbEntity
  8
Visible
100
AcDbCircle
 10
-180.381713
 20
167.439558
 30
0.0
 40
0.5
210
0.0
220
0.0
230
-1.0
100
AcDbArc
 50
270.0
 51
0.0
  0
LINE
  5
4B5
330
70
100
AcDbEntity
  8
Visible
100
AcDbLine
 10
179.881713
 20
167.439558
 30
0.0
 11
179.881713
 21
180.439558
 31
0.0
  0
ARC
  5
4B6
330
70
100
AcDbEntity
  8
Visible
100
AcDbCircle
 10
-180.381713
 20
180.439558
 30
0.0
 40
0.5
210
0.0
220
0.0
230
-1.0
100
AcDbArc
 50
0.0
 51
90.0
  0
LINE
  5
4B7
330
70
100
AcDbEntity
  8
Visible
100
AcDbLine
 10
180.381713
 20
180.939558
 30
0.0
 11
193.381713
 21
180.939558
 31
0.0
  0
ARC
  5
4B8
330
70
100
AcDbEntity
  8
Visible
100
AcDbCircle
 10
-212.431713
 20
147.102058
 30
0.0
 40
0.5
210
0.0
220
0.0
230
-1.0
100
AcDbArc
 50
90.0
 51
180.0
  0
LINE
  5
4B9
330
70
100
AcDbEntity
  8
Visible
100
AcDbLine
 10
212.931713
 20
147.102058
 30
0.0
 11
212.931713
 21
134.102058
 31
0.0
  0
ARC
  5
4BA
330
70
100
AcDbEntity
  8
Visible
100
AcDbCircle
 10
-212.431713
 20
134.102058
 30
0.0
 40
0.5
210
0.0
220
0.0
230
-1.0
100
AcDbArc
 50
180.0
 51
270.0
  0
LINE
  5
4BB
330
70
100
AcDbEntity
  8
Visible
100
AcDbLine
 10
212.431713
 20
133.602058
 30
0.0
 11
199.431713
 21
133.602058
 31
0.0
  0
ARC
  5
4BC
330
70
100
AcDbEntity
  8
Visible
100
AcDbCircle
 10
-199.431713
 20
134.102058
 30
0.0
 40
0.5
210
0.0
220
0.0
230
-1.0
100
AcDbArc
 50
270.0
 51
0.0
  0
LINE
  5
4BD
330
70
100
AcDbEntity
  8
Visible
100
AcDbLine
 10
198.931713
 20
134.102058
 30
0.0
 11
198.931713
 21
147.102058
 31
0.0
  0
ARC
  5
4BE
330
70
100
AcDbEntity
  8
Visible
100
AcDbCircle
 10
-199.431713
 20
147.102058
 30
0.0
 40
0.5
210
0.0
220
0.0
230
-1.0
100
AcDbArc
 50
0.0
 51
90.0
  0
LINE
  5
4BF
330
70
100
AcDbEntity
  8
Visible
100
AcDbLine
 10
199.431713
 20
147.602058
 30
0.0
 11
212.431713
 21
147.602058
 31
0.0
  0
LINE
  5
4C0
330
70
100
AcDbEntity
  8
Visible
100
AcDbLine
 10
179.881713
 20
53.13955799999999
 30
0.0
 11
179.881713
 21
66.13955799999999
 31
0.0
  0
ARC
  5
4C1
330
70
100
AcDbEntity
  8
Visible
100
AcDbCircle
 10
-180.381713
 20
66.13955799999999
 30
0.0
 40
0.5
210
0.0
220
0.0
230
-1.0
100
AcDbArc
 50
0.0
 51
90.0
  0
LINE
  5
4C2
330
70
100
AcDbEntity
  8
Visible
100
AcDbLine
 10
180.381713
 20
66.639558
 30
0.0
 11
193.381713
 21
66.639558
 31
0.0
  0
ARC
  5
4C3
330
70
100
AcDbEntity
  8
Visible
100
AcDbCircle
 10
-193.381713
 20
66.13955799999999
 30
0.0
 40
0.5
210
0.0
220
0.0
230
-1.0
100
AcDbArc
 50
90.0
 51
180.0
  0
LINE
  5
4C4
330
70
100
AcDbEntity
  8
Visible
100
AcDbLine
 10
193.881713
 20
66.13955799999999
 30
0.0
 11
193.881713
 21
53.13955799999999
 31
0.0
  0
ARC
  5
4C5
330
70
100
AcDbEntity
  8
Visible
100
AcDbCircle
 10
-193.381713
 20
53.13955799999999
 30
0.0
 40
0.5
210
0.0
220
0.0
230
-1.0
100
AcDbArc
 50
180.0
 51
270.0
  0
LINE
  5
4C6
330
70
100
AcDbEntity
  8
Visible
100
AcDbLine
 10
193.381713
 20
52.63955799999999
 30
0.0
 11
180.381713
 21
52.63955799999999
 31
0.0
  0
ARC
  5
4C7
330
70
100
AcDbEntity
  8
Visible
100
AcDbCircle
 10
-180.381713
 20
53.13955799999999
 30
0.0
 40
0.5
210
0.0
220
0.0
230
-1.0
100
AcDbArc
 50
270.0
 51
0.0
  0
LINE
  5
4C8
330
70
100
AcDbEntity
  8
Visible
100
AcDbLine
 10
179.881713
 20
129.339558
 30
0.0
 11
179.881713
 21
142.339558
 31
0.0
  0
ARC
  5
4C9
330
70
100
AcDbEntity
  8
Visible
100
AcDbCircle
 10
-180.381713
 20
142.339558
 30
0.0
 40
0.5
210
0.0
220
0.0
230
-1.0
100
AcDbArc
 50
0.0
 51
90.0
  0
LINE
  5
4CA
330
70
100
AcDbEntity
  8
Visible
100
AcDbLine
 10
180.381713
 20
142.839558
 30
0.0
 11
193.381713
 21
142.839558
 31
0.0
  0
ARC
  5
4CB
330
70
100
AcDbEntity
  8
Visible
100
AcDbCircle
 10
-193.381713
 20
142.339558
 30
0.0
 40
0.5
210
0.0
220
0.0
230
-1.0
100
AcDbArc
 50
90.0
 51
180.0
  0
LINE
  5
4CC
330
70
100
AcDbEntity
  8
Visible
100
AcDbLine
 10
193.881713
 20
142.339558
 30
0.0
 11
193.881713
 21
129.339558
 31
0.0
  0
ARC
  5
4CD
330
70
100
AcDbEntity
  8
Visible
100
AcDbCircle
 10
-193.381713
 20
129.339558
 30
0.0
 40
0.5
210
0.0
220
0.0
230
-1.0
100
AcDbArc
 50
180.0
 51
270.0
  0
LINE
  5
4CE
330
70
100
AcDbEntity
  8
Visible
100
AcDbLine
 10
193.381713
 20
128.839558
 30
0.0
 11
180.381713
 21
128.839558
 31
0.0
  0
ARC
  5
4CF
330
70
100
AcDbEntity
  8
Visible
100
AcDbCircle
 10
-180.381713
 20
129.339558
 30
0.0
 40
0.5
210
0.0
220
0.0
230
-1.0
100
AcDbArc
 50
270.0
 51
0.0
  0
ARC
  5
4D0
330
70
100
AcDbEntity
  8
Visible
100
AcDbCircle
 10
-161.3317129999999
 20
304.264558
 30
0.0
 40
0.5
210
0.0
220
0.0
230
-1.0
100
AcDbArc
 50
0.0
 51
90.0
  0
LINE
  5
4D1
330
70
100
AcDbEntity
  8
Visible
100
AcDbLine
 10
161.3317129999999
 20
304.764558
 30
0.0
 11
174.331713
 21
304.764558
 31
0.0
  0
ARC
  5
4D2
330
70
100
AcDbEntity
  8
Visible
100
AcDbCircle
 10
-174.331713
 20
304.264558
 30
0.0
 40
0.5
210
0.0
220
0.0
230
-1.0
100
AcDbArc
 50
90.0
 51
180.0
  0
LINE
  5
4D3
330
70
100
AcDbEntity
  8
Visible
100
AcDbLine
 10
174.831713
 20
304.264558
 30
0.0
 11
174.831713
 21
291.264558
 31
0.0
  0
ARC
  5
4D4
330
70
100
AcDbEntity
  8
Visible
100
AcDbCircle
 10
-174.331713
 20
291.264558
 30
0.0
 40
0.5
210
0.0
220
0.0
230
-1.0
100
AcDbArc
 50
180.0
 51
270.0
  0
LINE
  5
4D5
330
70
100
AcDbEntity
  8
Visible
100
AcDbLine
 10
174.331713
 20
290.764558
 30
0.0
 11
161.3317129999999
 21
290.764558
 31
0.0
  0
ARC
  5
4D6
330
70
100
AcDbEntity
  8
Visible
100
AcDbCircle
 10
-161.3317129999999
 20
291.264558
 30
0.0
 40
0.5
210
0.0
220
0.0
230
-1.0
100
AcDbArc
 50
270.0
 51
0.0
  0
LINE
  5
4D7
330
70
100
AcDbEntity
  8
Visible
100
AcDbLine
 10
160.831713
 20
291.264558
 30
0.0
 11
160.831713
 21
304.264558
 31
0.0
  0
ARC
  5
4D8
330
70
100
AcDbEntity
  8
Visible
100
AcDbCircle
 10
-237.57897
 20
198.448574
 30
0.0
 40
0.5499999999999972
210
0.0
220
0.0
230
-1.0
100
AcDbArc
 50
354.270668
 51
0.0
  0
LINE
  5
4D9
330
70
100
AcDbEntity
  8
Visible
100
AcDbLine
 10
237.02897
 20
198.448574
 30
0.0
 11
237.02897
 21
199.017324
 31
0.0
  0
LINE
  5
4DA
330
70
100
AcDbEntity
  8
Visible
100
AcDbLine
 10
237.02897
 20
199.017324
 30
0.0
 11
235.57897
 21
199.017324
 31
0.0
  0
ARC
  5
4DB
330
70
100
AcDbEntity
  8
Visible
100
AcDbCircle
 10
-235.57897
 20
199.567324
 30
0.0
 40
0.549999999999962
210
0.0
220
0.0
230
-1.0
100
AcDbArc
 50
270.0
 51
0.0
  0
LINE
  5
4DC
330
70
100
AcDbEntity
  8
Visible
100
AcDbLine
 10
235.02897
 20
199.567324
 30
0.0
 11
235.02897
 21
205.467324
 31
0.0
  0
ARC
  5
4DD
330
70
100
AcDbEntity
  8
Visible
100
AcDbCircle
 10
-235.57897
 20
205.467324
 30
0.0
 40
0.549999999999962
210
0.0
220
0.0
230
-1.0
100
AcDbArc
 50
0.0
 51
90.0
  0
LINE
  5
4DE
330
70
100
AcDbEntity
  8
Visible
100
AcDbLine
 10
235.57897
 20
206.017324
 30
0.0
 11
237.02897
 21
206.017324
 31
0.0
  0
LINE
  5
4DF
330
70
100
AcDbEntity
  8
Visible
100
AcDbLine
 10
237.02897
 20
206.017324
 30
0.0
 11
237.02897
 21
213.729824
 31
0.0
  0
ARC
  5
4E0
330
70
100
AcDbEntity
  8
Visible
100
AcDbCircle
 10
-237.57897
 20
213.729824
 30
0.0
 40
0.5499999999999971
210
0.0
220
0.0
230
-1.0
100
AcDbArc
 50
0.0
 51
90.0
  0
LINE
  5
4E1
330
70
100
AcDbEntity
  8
Visible
100
AcDbLine
 10
237.57897
 20
214.279824
 30
0.0
 11
250.47897
 21
214.279824
 31
0.0
  0
ARC
  5
4E2
330
70
100
AcDbEntity
  8
Visible
100
AcDbCircle
 10
-250.47897
 20
213.729824
 30
0.0
 40
0.5499999999999881
210
0.0
220
0.0
230
-1.0
100
AcDbArc
 50
90.0
 51
180.0
  0
LINE
  5
4E3
330
70
100
AcDbEntity
  8
Visible
100
AcDbLine
 10
251.02897
 20
213.729824
 30
0.0
 11
251.02897
 21
211.448109
 31
0.0
  0
ARC
  5
4E4
330
70
100
AcDbEntity
  8
Visible
100
AcDbCircle
 10
-250.531713
 20
211.395808
 30
0.0
 40
0.5
210
0.0
220
0.0
230
-1.0
100
AcDbArc
 50
173.995794
 51
180.0
  0
LINE
  5
4E5
330
70
100
AcDbEntity
  8
Visible
100
AcDbLine
 10
251.031713
 20
211.395808
 30
0.0
 11
251.031713
 21
198.395808
 31
0.0
  0
ARC
  5
4E6
330
70
100
AcDbEntity
  8
Visible
100
AcDbCircle
 10
-250.531713
 20
198.395808
 30
0.0
 40
0.5
210
0.0
220
0.0
230
-1.0
100
AcDbArc
 50
180.0
 51
270.0
  0
LINE
  5
4E7
330
70
100
AcDbEntity
  8
Visible
100
AcDbLine
 10
250.531713
 20
197.895808
 30
0.0
 11
237.531713
 21
197.895808
 31
0.0
  0
ARC
  5
4E8
330
70
100
AcDbEntity
  8
Visible
100
AcDbCircle
 10
-237.531713
 20
198.395808
 30
0.0
 40
0.5
210
0.0
220
0.0
230
-1.0
100
AcDbArc
 50
270.0
 51
359.754681
  0
ARC
  5
4E9
330
70
100
AcDbEntity
  8
Visible
100
AcDbCircle
 10
-162.331713
 20
260.251558
 30
0.0
 40
0.5
210
0.0
220
0.0
230
-1.0
100
AcDbArc
 50
0.0
 51
90.0
  0
LINE
  5
4EA
330
70
100
AcDbEntity
  8
Visible
100
AcDbLine
 10
162.331713
 20
260.751558
 30
0.0
 11
176.331713
 21
260.751558
 31
0.0
  0
ARC
  5
4EB
330
70
100
AcDbEntity
  8
Visible
100
AcDbCircle
 10
-176.331713
 20
260.251558
 30
0.0
 40
0.5
210
0.0
220
0.0
230
-1.0
100
AcDbArc
 50
90.0
 51
180.0
  0
LINE
  5
4EC
330
70
100
AcDbEntity
  8
Visible
100
AcDbLine
 10
176.8317129999999
 20
260.251558
 30
0.0
 11
176.8317129999999
 21
254.251558
 31
0.0
  0
ARC
  5
4ED
330
70
100
AcDbEntity
  8
Visible
100
AcDbCircle
 10
-176.331713
 20
254.251558
 30
0.0
 40
0.5
210
0.0
220
0.0
230
-1.0
100
AcDbArc
 50
180.0
 51
270.0
  0
LINE
  5
4EE
330
70
100
AcDbEntity
  8
Visible
100
AcDbLine
 10
176.331713
 20
253.751558
 30
0.0
 11
162.331713
 21
253.751558
 31
0.0
  0
ARC
  5
4EF
330
70
100
AcDbEntity
  8
Visible
100
AcDbCircle
 10
-162.331713
 20
254.251558
 30
0.0
 40
0.5
210
0.0
220
0.0
230
-1.0
100
AcDbArc
 50
270.0
 51
0.0
  0
LINE
  5
4F0
330
70
100
AcDbEntity
  8
Visible
100
AcDbLine
 10
161.831713
 20
254.251558
 30
0.0
 11
161.831713
 21
260.251558
 31
0.0
  0
ARC
  5
4F1
330
70
100
AcDbEntity
  8
Visible
100
AcDbCircle
 10
-231.481713
 20
99.47705800000001
 30
0.0
 40
0.5
210
0.0
220
0.0
230
-1.0
100
AcDbArc
 50
90.0
 51
180.0
  0
LINE
  5
4F2
330
70
100
AcDbEntity
  8
Visible
100
AcDbLine
 10
231.981713
 20
99.47705800000001
 30
0.0
 11
231.981713
 21
86.477058
 31
0.0
  0
ARC
  5
4F3
330
70
100
AcDbEntity
  8
Visible
100
AcDbCircle
 10
-231.481713
 20
86.477058
 30
0.0
 40
0.5
210
0.0
220
0.0
230
-1.0
100
AcDbArc
 50
180.0
 51
270.0
  0
LINE
  5
4F4
330
70
100
AcDbEntity
  8
Visible
100
AcDbLine
 10
231.481713
 20
85.97705799999999
 30
0.0
 11
218.481713
 21
85.97705799999999
 31
0.0
  0
ARC
  5
4F5
330
70
100
AcDbEntity
  8
Visible
100
AcDbCircle
 10
-218.481713
 20
86.477058
 30
0.0
 40
0.5
210
0.0
220
0.0
230
-1.0
100
AcDbArc
 50
270.0
 51
0.0
  0
LINE
  5
4F6
330
70
100
AcDbEntity
  8
Visible
100
AcDbLine
 10
217.981713
 20
86.477058
 30
0.0
 11
217.981713
 21
99.47705800000001
 31
0.0
  0
ARC
  5
4F7
330
70
100
AcDbEntity
  8
Visible
100
AcDbCircle
 10
-218.481713
 20
99.47705800000001
 30
0.0
 40
0.5
210
0.0
220
0.0
230
-1.0
100
AcDbArc
 50
0.0
 51
90.0
  0
LINE
  5
4F8
330
70
100
AcDbEntity
  8
Visible
100
AcDbLine
 10
218.481713
 20
99.977058
 30
0.0
 11
231.481713
 21
99.977058
 31
0.0
  0
ARC
  5
4F9
330
70
100
AcDbEntity
  8
Visible
100
AcDbCircle
 10
-218.481713
 20
137.577058
 30
0.0
 40
0.5
210
0.0
220
0.0
230
-1.0
100
AcDbArc
 50
0.0
 51
90.0
  0
LINE
  5
4FA
330
70
100
AcDbEntity
  8
Visible
100
AcDbLine
 10
218.481713
 20
138.077058
 30
0.0
 11
231.481713
 21
138.077058
 31
0.0
  0
ARC
  5
4FB
330
70
100
AcDbEntity
  8
Visible
100
AcDbCircle
 10
-231.481713
 20
137.577058
 30
0.0
 40
0.5
210
0.0
220
0.0
230
-1.0
100
AcDbArc
 50
90.0
 51
180.0
  0
LINE
  5
4FC
330
70
100
AcDbEntity
  8
Visible
100
AcDbLine
 10
231.981713
 20
137.577058
 30
0.0
 11
231.981713
 21
124.577058
 31
0.0
  0
ARC
  5
4FD
330
70
100
AcDbEntity
  8
Visible
100
AcDbCircle
 10
-231.481713
 20
124.577058
 30
0.0
 40
0.5
210
0.0
220
0.0
230
-1.0
100
AcDbArc
 50
180.0
 51
270.0
  0
LINE
  5
4FE
330
70
100
AcDbEntity
  8
Visible
100
AcDbLine
 10
231.481713
 20
124.077058
 30
0.0
 11
218.481713
 21
124.077058
 31
0.0
  0
ARC
  5
4FF
330
70
100
AcDbEntity
  8
Visible
100
AcDbCircle
 10
-218.481713
 20
124.577058
 30
0.0
 40
0.5
210
0.0
220
0.0
230
-1.0
100
AcDbArc
 50
270.0
 51
0.0
  0
LINE
  5
500
330
70
100
AcDbEntity
  8
Visible
100
AcDbLine
 10
217.981713
 20
124.577058
 30
0.0
 11
217.981713
 21
137.577058
 31
0.0
  0
ARC
  5
501
330
70
100
AcDbEntity
  8
Visible
100
AcDbCircle
 10
-161.3317129999999
 20
189.964558
 30
0.0
 40
0.5
210
0.0
220
0.0
230
-1.0
100
AcDbArc
 50
0.0
 51
90.0
  0
LINE
  5
502
330
70
100
AcDbEntity
  8
Visible
100
AcDbLine
 10
161.3317129999999
 20
190.464558
 30
0.0
 11
174.331713
 21
190.464558
 31
0.0
  0
ARC
  5
503
330
70
100
AcDbEntity
  8
Visible
100
AcDbCircle
 10
-174.331713
 20
189.964558
 30
0.0
 40
0.5
210
0.0
220
0.0
230
-1.0
100
AcDbArc
 50
90.0
 51
180.0
  0
LINE
  5
504
330
70
100
AcDbEntity
  8
Visible
100
AcDbLine
 10
174.831713
 20
189.964558
 30
0.0
 11
174.831713
 21
176.964558
 31
0.0
  0
ARC
  5
505
330
70
100
AcDbEntity
  8
Visible
100
AcDbCircle
 10
-174.331713
 20
176.964558
 30
0.0
 40
0.5
210
0.0
220
0.0
230
-1.0
100
AcDbArc
 50
180.0
 51
270.0
  0
LINE
  5
506
330
70
100
AcDbEntity
  8
Visible
100
AcDbLine
 10
174.331713
 20
176.464558
 30
0.0
 11
161.3317129999999
 21
176.464558
 31
0.0
  0
ARC
  5
507
330
70
100
AcDbEntity
  8
Visible
100
AcDbCircle
 10
-161.3317129999999
 20
176.964558
 30
0.0
 40
0.5
210
0.0
220
0.0
230
-1.0
100
AcDbArc
 50
270.0
 51
0.0
  0
LINE
  5
508
330
70
100
AcDbEntity
  8
Visible
100
AcDbLine
 10
160.831713
 20
176.964558
 30
0.0
 11
160.831713
 21
189.964558
 31
0.0
  0
ARC
  5
509
330
70
100
AcDbEntity
  8
Visible
100
AcDbCircle
 10
-231.481713
 20
61.37705799999999
 30
0.0
 40
0.5
210
0.0
220
0.0
230
-1.0
100
AcDbArc
 50
90.0
 51
180.0
  0
LINE
  5
50A
330
70
100
AcDbEntity
  8
Visible
100
AcDbLine
 10
231.981713
 20
61.37705799999999
 30
0.0
 11
231.981713
 21
48.377058
 31
0.0
  0
ARC
  5
50B
330
70
100
AcDbEntity
  8
Visible
100
AcDbCircle
 10
-231.481713
 20
48.377058
 30
0.0
 40
0.5
210
0.0
220
0.0
230
-1.0
100
AcDbArc
 50
180.0
 51
270.0
  0
LINE
  5
50C
330
70
100
AcDbEntity
  8
Visible
100
AcDbLine
 10
231.481713
 20
47.877058
 30
0.0
 11
218.481713
 21
47.877058
 31
0.0
  0
ARC
  5
50D
330
70
100
AcDbEntity
  8
Visible
100
AcDbCircle
 10
-218.481713
 20
48.377058
 30
0.0
 40
0.5
210
0.0
220
0.0
230
-1.0
100
AcDbArc
 50
270.0
 51
0.0
  0
LINE
  5
50E
330
70
100
AcDbEntity
  8
Visible
100
AcDbLine
 10
217.981713
 20
48.377058
 30
0.0
 11
217.981713
 21
61.37705799999999
 31
0.0
  0
ARC
  5
50F
330
70
100
AcDbEntity
  8
Visible
100
AcDbCircle
 10
-218.481713
 20
61.37705799999999
 30
0.0
 40
0.5
210
0.0
220
0.0
230
-1.0
100
AcDbArc
 50
0.0
 51
90.0
  0
LINE
  5
510
330
70
100
AcDbEntity
  8
Visible
100
AcDbLine
 10
218.481713
 20
61.87705799999999
 30
0.0
 11
231.481713
 21
61.87705799999999
 31
0.0
  0
ARC
  5
511
330
70
100
AcDbEntity
  8
Visible
100
AcDbCircle
 10
-199.431713
 20
128.052058
 30
0.0
 40
0.5
210
0.0
220
0.0
230
-1.0
100
AcDbArc
 50
0.0
 51
90.0
  0
LINE
  5
512
330
70
100
AcDbEntity
  8
Visible
100
AcDbLine
 10
199.431713
 20
128.552058
 30
0.0
 11
212.431713
 21
128.552058
 31
0.0
  0
ARC
  5
513
330
70
100
AcDbEntity
  8
Visible
100
AcDbCircle
 10
-212.431713
 20
128.052058
 30
0.0
 40
0.5
210
0.0
220
0.0
230
-1.0
100
AcDbArc
 50
90.0
 51
180.0
  0
LINE
  5
514
330
70
100
AcDbEntity
  8
Visible
100
AcDbLine
 10
212.931713
 20
128.052058
 30
0.0
 11
212.931713
 21
115.052058
 31
0.0
  0
ARC
  5
515
330
70
100
AcDbEntity
  8
Visible
100
AcDbCircle
 10
-212.431713
 20
115.052058
 30
0.0
 40
0.5
210
0.0
220
0.0
230
-1.0
100
AcDbArc
 50
180.0
 51
270.0
  0
LINE
  5
516
330
70
100
AcDbEntity
  8
Visible
100
AcDbLine
 10
212.431713
 20
114.552058
 30
0.0
 11
199.431713
 21
114.552058
 31
0.0
  0
ARC
  5
517
330
70
100
AcDbEntity
  8
Visible
100
AcDbCircle
 10
-199.431713
 20
115.052058
 30
0.0
 40
0.5
210
0.0
220
0.0
230
-1.0
100
AcDbArc
 50
270.0
 51
0.0
  0
LINE
  5
518
330
70
100
AcDbEntity
  8
Visible
100
AcDbLine
 10
198.931713
 20
115.052058
 30
0.0
 11
198.931713
 21
128.052058
 31
0.0
  0
ARC
  5
519
330
70
100
AcDbEntity
  8
Visible
100
AcDbCircle
 10
-218.481713
 20
156.627058
 30
0.0
 40
0.5
210
0.0
220
0.0
230
-1.0
100
AcDbArc
 50
0.0
 51
90.0
  0
LINE
  5
51A
330
70
100
AcDbEntity
  8
Visible
100
AcDbLine
 10
218.481713
 20
157.127058
 30
0.0
 11
231.481713
 21
157.127058
 31
0.0
  0
ARC
  5
51B
330
70
100
AcDbEntity
  8
Visible
100
AcDbCircle
 10
-231.481713
 20
156.627058
 30
0.0
 40
0.5
210
0.0
220
0.0
230
-1.0
100
AcDbArc
 50
90.0
 51
180.0
  0
LINE
  5
51C
330
70
100
AcDbEntity
  8
Visible
100
AcDbLine
 10
231.981713
 20
156.627058
 30
0.0
 11
231.981713
 21
143.627058
 31
0.0
  0
ARC
  5
51D
330
70
100
AcDbEntity
  8
Visible
100
AcDbCircle
 10
-231.481713
 20
143.627058
 30
0.0
 40
0.5
210
0.0
220
0.0
230
-1.0
100
AcDbArc
 50
180.0
 51
270.0
  0
LINE
  5
51E
330
70
100
AcDbEntity
  8
Visible
100
AcDbLine
 10
231.481713
 20
143.127058
 30
0.0
 11
218.481713
 21
143.127058
 31
0.0
  0
ARC
  5
51F
330
70
100
AcDbEntity
  8
Visible
100
AcDbCircle
 10
-218.481713
 20
143.627058
 30
0.0
 40
0.5
210
0.0
220
0.0
230
-1.0
100
AcDbArc
 50
270.0
 51
0.0
  0
LINE
  5
520
330
70
100
AcDbEntity
  8
Visible
100
AcDbLine
 10
217.981713
 20
143.627058
 30
0.0
 11
217.981713
 21
156.627058
 31
0.0
  0
ARC
  5
521
330
70
100
AcDbEntity
  8
Visible
100
AcDbCircle
 10
-237.57897
 20
127.011074
 30
0.0
 40
0.5499999999999971
210
0.0
220
0.0
230
-1.0
100
AcDbArc
 50
354.270668
 51
0.0
  0
LINE
  5
522
330
70
100
AcDbEntity
  8
Visible
100
AcDbLine
 10
237.02897
 20
127.011074
 30
0.0
 11
237.02897
 21
151.817324
 31
0.0
  0
ARC
  5
523
330
70
100
AcDbEntity
  8
Visible
100
AcDbCircle
 10
-237.57897
 20
151.817324
 30
0.0
 40
0.5499999999999971
210
0.0
220
0.0
230
-1.0
100
AcDbArc
 50
0.0
 51
90.0
  0
LINE
  5
524
330
70
100
AcDbEntity
  8
Visible
100
AcDbLine
 10
237.57897
 20
152.367324
 30
0.0
 11
250.47897
 21
152.367324
 31
0.0
  0
ARC
  5
525
330
70
100
AcDbEntity
  8
Visible
100
AcDbCircle
 10
-250.47897
 20
151.817324
 30
0.0
 40
0.5499999999999971
210
0.0
220
0.0
230
-1.0
100
AcDbArc
 50
90.0
 51
180.0
  0
LINE
  5
526
330
70
100
AcDbEntity
  8
Visible
100
AcDbLine
 10
251.02897
 20
151.817324
 30
0.0
 11
251.02897
 21
140.010609
 31
0.0
  0
ARC
  5
527
330
70
100
AcDbEntity
  8
Visible
100
AcDbCircle
 10
-250.531713
 20
139.958308
 30
0.0
 40
0.5
210
0.0
220
0.0
230
-1.0
100
AcDbArc
 50
173.995794
 51
180.0
  0
LINE
  5
528
330
70
100
AcDbEntity
  8
Visible
100
AcDbLine
 10
251.031713
 20
139.958308
 30
0.0
 11
251.031713
 21
126.958308
 31
0.0
  0
ARC
  5
529
330
70
100
AcDbEntity
  8
Visible
100
AcDbCircle
 10
-250.531713
 20
126.958308
 30
0.0
 40
0.5
210
0.0
220
0.0
230
-1.0
100
AcDbArc
 50
180.0
 51
270.0
  0
LINE
  5
52A
330
70
100
AcDbEntity
  8
Visible
100
AcDbLine
 10
250.531713
 20
126.458308
 30
0.0
 11
237.531713
 21
126.458308
 31
0.0
  0
ARC
  5
52B
330
70
100
AcDbEntity
  8
Visible
100
AcDbCircle
 10
-237.531713
 20
126.958308
 30
0.0
 40
0.5
210
0.0
220
0.0
230
-1.0
100
AcDbArc
 50
270.0
 51
359.754681
  0
ARC
  5
52C
330
70
100
AcDbEntity
  8
Visible
100
AcDbCircle
 10
-180.381713
 20
304.264558
 30
0.0
 40
0.5
210
0.0
220
0.0
230
-1.0
100
AcDbArc
 50
0.0
 51
90.0
  0
LINE
  5
52D
330
70
100
AcDbEntity
  8
Visible
100
AcDbLine
 10
180.381713
 20
304.764558
 30
0.0
 11
193.381713
 21
304.764558
 31
0.0
  0
ARC
  5
52E
330
70
100
AcDbEntity
  8
Visible
100
AcDbCircle
 10
-193.381713
 20
304.264558
 30
0.0
 40
0.5
210
0.0
220
0.0
230
-1.0
100
AcDbArc
 50
90.0
 51
180.0
  0
LINE
  5
52F
330
70
100
AcDbEntity
  8
Visible
100
AcDbLine
 10
193.881713
 20
304.264558
 30
0.0
 11
193.881713
 21
291.264558
 31
0.0
  0
ARC
  5
530
330
70
100
AcDbEntity
  8
Visible
100
AcDbCircle
 10
-193.381713
 20
291.264558
 30
0.0
 40
0.5
210
0.0
220
0.0
230
-1.0
100
AcDbArc
 50
180.0
 51
270.0
  0
LINE
  5
531
330
70
100
AcDbEntity
  8
Visible
100
AcDbLine
 10
193.381713
 20
290.764558
 30
0.0
 11
180.381713
 21
290.764558
 31
0.0
  0
ARC
  5
532
330
70
100
AcDbEntity
  8
Visible
100
AcDbCircle
 10
-180.381713
 20
291.264558
 30
0.0
 40
0.5
210
0.0
220
0.0
230
-1.0
100
AcDbArc
 50
270.0
 51
0.0
  0
LINE
  5
533
330
70
100
AcDbEntity
  8
Visible
100
AcDbLine
 10
179.881713
 20
291.264558
 30
0.0
 11
179.881713
 21
304.264558
 31
0.0
  0
ARC
  5
534
330
70
100
AcDbEntity
  8
Visible
100
AcDbCircle
 10
-235.57897
 20
80.50482399999999
 30
0.0
 40
0.5499999999999621
210
0.0
220
0.0
230
-1.0
100
AcDbArc
 50
354.275453
 51
0.0
  0
LINE
  5
535
330
70
100
AcDbEntity
  8
Visible
100
AcDbLine
 10
235.02897
 20
80.50482399999999
 30
0.0
 11
235.02897
 21
91.167324
 31
0.0
  0
ARC
  5
536
330
70
100
AcDbEntity
  8
Visible
100
AcDbCircle
 10
-235.57897
 20
91.167324
 30
0.0
 40
0.549999999999962
210
0.0
220
0.0
230
-1.0
100
AcDbArc
 50
0.0
 51
90.0
  0
LINE
  5
537
330
70
100
AcDbEntity
  8
Visible
100
AcDbLine
 10
235.57897
 20
91.71732400000001
 30
0.0
 11
250.47897
 21
91.71732400000001
 31
0.0
  0
ARC
  5
538
330
70
100
AcDbEntity
  8
Visible
100
AcDbCircle
 10
-250.47897
 20
91.167324
 30
0.0
 40
0.5499999999999971
210
0.0
220
0.0
230
-1.0
100
AcDbArc
 50
90.0
 51
180.0
  0
LINE
  5
539
330
70
100
AcDbEntity
  8
Visible
100
AcDbLine
 10
251.02897
 20
91.167324
 30
0.0
 11
251.02897
 21
86.510609
 31
0.0
  0
ARC
  5
53A
330
70
100
AcDbEntity
  8
Visible
100
AcDbCircle
 10
250.531713
 20
86.458308
 30
0.0
 40
0.5
100
AcDbArc
 50
0.0
 51
6.004205999999999
  0
LINE
  5
53B
330
70
100
AcDbEntity
  8
Visible
100
AcDbLine
 10
251.031713
 20
86.458308
 30
0.0
 11
251.031713
 21
80.42030799999999
 31
0.0
  0
ARC
  5
53C
330
70
100
AcDbEntity
  8
Visible
100
AcDbCircle
 10
250.531713
 20
80.42030799999999
 30
0.0
 40
0.5
100
AcDbArc
 50
270.0
 51
0.0
  0
LINE
  5
53D
330
70
100
AcDbEntity
  8
Visible
100
AcDbLine
 10
250.531713
 20
79.92030799999999
 30
0.0
 11
235.531713
 21
79.92030799999999
 31
0.0
  0
ARC
  5
53E
330
70
100
AcDbEntity
  8
Visible
100
AcDbCircle
 10
-235.531713
 20
80.42030799999999
 30
0.0
 40
0.5
210
0.0
220
0.0
230
-1.0
100
AcDbArc
 50
270.0
 51
0.0
  0
LINE
  5
53F
330
70
100
AcDbEntity
  8
Visible
100
AcDbLine
 10
235.031713
 20
80.42030799999999
 30
0.0
 11
235.031713
 21
80.44996299999999
 31
0.0
  0
ARC
  5
540
330
70
100
AcDbEntity
  8
Visible
100
AcDbCircle
 10
-161.3317129999999
 20
37.564558
 30
0.0
 40
0.5
210
0.0
220
0.0
230
-1.0
100
AcDbArc
 50
0.0
 51
90.0
  0
LINE
  5
541
330
70
100
AcDbEntity
  8
Visible
100
AcDbLine
 10
161.3317129999999
 20
38.064558
 30
0.0
 11
174.331713
 21
38.064558
 31
0.0
  0
ARC
  5
542
330
70
100
AcDbEntity
  8
Visible
100
AcDbCircle
 10
-174.331713
 20
37.564558
 30
0.0
 40
0.5
210
0.0
220
0.0
230
-1.0
100
AcDbArc
 50
90.0
 51
180.0
  0
LINE
  5
543
330
70
100
AcDbEntity
  8
Visible
100
AcDbLine
 10
174.831713
 20
37.564558
 30
0.0
 11
174.831713
 21
24.564558
 31
0.0
  0
ARC
  5
544
330
70
100
AcDbEntity
  8
Visible
100
AcDbCircle
 10
-174.331713
 20
24.564558
 30
0.0
 40
0.5
210
0.0
220
0.0
230
-1.0
100
AcDbArc
 50
180.0
 51
270.0
  0
LINE
  5
545
330
70
100
AcDbEntity
  8
Visible
100
AcDbLine
 10
174.331713
 20
24.064558
 30
0.0
 11
161.3317129999999
 21
24.064558
 31
0.0
  0
ARC
  5
546
330
70
100
AcDbEntity
  8
Visible
100
AcDbCircle
 10
-161.3317129999999
 20
24.564558
 30
0.0
 40
0.5
210
0.0
220
0.0
230
-1.0
100
AcDbArc
 50
270.0
 51
0.0
  0
LINE
  5
547
330
70
100
AcDbEntity
  8
Visible
100
AcDbLine
 10
160.831713
 20
24.564558
 30
0.0
 11
160.831713
 21
37.564558
 31
0.0
  0
ARC
  5
548
330
70
100
AcDbEntity
  8
Visible
100
AcDbCircle
 10
-231.481713
 20
118.527058
 30
0.0
 40
0.5
210
0.0
220
0.0
230
-1.0
100
AcDbArc
 50
90.0
 51
180.0
  0
LINE
  5
549
330
70
100
AcDbEntity
  8
Visible
100
AcDbLine
 10
231.981713
 20
118.527058
 30
0.0
 11
231.981713
 21
105.527058
 31
0.0
  0
ARC
  5
54A
330
70
100
AcDbEntity
  8
Visible
100
AcDbCircle
 10
-231.481713
 20
105.527058
 30
0.0
 40
0.5
210
0.0
220
0.0
230
-1.0
100
AcDbArc
 50
180.0
 51
270.0
  0
LINE
  5
54B
330
70
100
AcDbEntity
  8
Visible
100
AcDbLine
 10
231.481713
 20
105.027058
 30
0.0
 11
218.481713
 21
105.027058
 31
0.0
  0
ARC
  5
54C
330
70
100
AcDbEntity
  8
Visible
100
AcDbCircle
 10
-218.481713
 20
105.527058
 30
0.0
 40
0.5
210
0.0
220
0.0
230
-1.0
100
AcDbArc
 50
270.0
 51
0.0
  0
LINE
  5
54D
330
70
100
AcDbEntity
  8
Visible
100
AcDbLine
 10
217.981713
 20
105.527058
 30
0.0
 11
217.981713
 21
118.527058
 31
0.0
  0
ARC
  5
54E
330
70
100
AcDbEntity
  8
Visible
100
AcDbCircle
 10
-218.481713
 20
118.527058
 30
0.0
 40
0.5
210
0.0
220
0.0
230
-1.0
100
AcDbArc
 50
0.0
 51
90.0
  0
LINE
  5
54F
330
70
100
AcDbEntity
  8
Visible
100
AcDbLine
 10
218.481713
 20
119.027058
 30
0.0
 11
231.481713
 21
119.027058
 31
0.0
  0
ARC
  5
550
330
70
100
AcDbEntity
  8
Visible
100
AcDbCircle
 10
-161.3317129999999
 20
18.514558
 30
0.0
 40
0.5
210
0.0
220
0.0
230
-1.0
100
AcDbArc
 50
0.0
 51
90.0
  0
LINE
  5
551
330
70
100
AcDbEntity
  8
Visible
100
AcDbLine
 10
161.3317129999999
 20
19.014558
 30
0.0
 11
174.331713
 21
19.014558
 31
0.0
  0
ARC
  5
552
330
70
100
AcDbEntity
  8
Visible
100
AcDbCircle
 10
-174.331713
 20
18.514558
 30
0.0
 40
0.5
210
0.0
220
0.0
230
-1.0
100
AcDbArc
 50
90.0
 51
180.0
  0
LINE
  5
553
330
70
100
AcDbEntity
  8
Visible
100
AcDbLine
 10
174.831713
 20
18.514558
 30
0.0
 11
174.831713
 21
5.514558
 31
0.0
  0
ARC
  5
554
330
70
100
AcDbEntity
  8
Visible
100
AcDbCircle
 10
-174.331713
 20
5.514558
 30
0.0
 40
0.5
210
0.0
220
0.0
230
-1.0
100
AcDbArc
 50
180.0
 51
270.0
  0
LINE
  5
555
330
70
100
AcDbEntity
  8
Visible
100
AcDbLine
 10
174.331713
 20
5.014558
 30
0.0
 11
161.3317129999999
 21
5.014558
 31
0.0
  0
ARC
  5
556
330
70
100
AcDbEntity
  8
Visible
100
AcDbCircle
 10
-161.3317129999999
 20
5.514558
 30
0.0
 40
0.5
210
0.0
220
0.0
230
-1.0
100
AcDbArc
 50
270.0
 51
0.0
  0
LINE
  5
557
330
70
100
AcDbEntity
  8
Visible
100
AcDbLine
 10
160.831713
 20
5.514558
 30
0.0
 11
160.831713
 21
18.514558
 31
0.0
  0
LINE
  5
558
330
70
100
AcDbEntity
  8
Visible
100
AcDbLine
 10
218.481713
 20
30.920808
 30
0.0
 11
231.481713
 21
30.920808
 31
0.0
  0
ARC
  5
559
330
70
100
AcDbEntity
  8
Visible
100
AcDbCircle
 10
-231.481713
 20
30.420808
 30
0.0
 40
0.5
210
0.0
220
0.0
230
-1.0
100
AcDbArc
 50
90.0
 51
180.0
  0
LINE
  5
55A
330
70
100
AcDbEntity
  8
Visible
100
AcDbLine
 10
231.981713
 20
30.420808
 30
0.0
 11
231.981713
 21
17.420808
 31
0.0
  0
ARC
  5
55B
330
70
100
AcDbEntity
  8
Visible
100
AcDbCircle
 10
-231.481713
 20
17.420808
 30
0.0
 40
0.5
210
0.0
220
0.0
230
-1.0
100
AcDbArc
 50
180.0
 51
270.0
  0
LINE
  5
55C
330
70
100
AcDbEntity
  8
Visible
100
AcDbLine
 10
231.481713
 20
16.920808
 30
0.0
 11
218.481713
 21
16.920808
 31
0.0
  0
ARC
  5
55D
330
70
100
AcDbEntity
  8
Visible
100
AcDbCircle
 10
-218.481713
 20
17.420808
 30
0.0
 40
0.5
210
0.0
220
0.0
230
-1.0
100
AcDbArc
 50
270.0
 51
0.0
  0
LINE
  5
55E
330
70
100
AcDbEntity
  8
Visible
100
AcDbLine
 10
217.981713
 20
17.420808
 30
0.0
 11
217.981713
 21
30.420808
 31
0.0
  0
ARC
  5
55F
330
70
100
AcDbEntity
  8
Visible
100
AcDbCircle
 10
-218.481713
 20
30.420808
 30
0.0
 40
0.5
210
0.0
220
0.0
230
-1.0
100
AcDbArc
 50
0.0
 51
90.0
  0
ARC
  5
560
330
70
100
AcDbEntity
  8
Visible
100
AcDbCircle
 10
-199.431713
 20
185.202058
 30
0.0
 40
0.5
210
0.0
220
0.0
230
-1.0
100
AcDbArc
 50
0.0
 51
90.0
  0
LINE
  5
561
330
70
100
AcDbEntity
  8
Visible
100
AcDbLine
 10
199.431713
 20
185.702058
 30
0.0
 11
212.431713
 21
185.702058
 31
0.0
  0
ARC
  5
562
330
70
100
AcDbEntity
  8
Visible
100
AcDbCircle
 10
-212.431713
 20
185.202058
 30
0.0
 40
0.5
210
0.0
220
0.0
230
-1.0
100
AcDbArc
 50
90.0
 51
180.0
  0
LINE
  5
563
330
70
100
AcDbEntity
  8
Visible
100
AcDbLine
 10
212.931713
 20
185.202058
 30
0.0
 11
212.931713
 21
172.202058
 31
0.0
  0
ARC
  5
564
330
70
100
AcDbEntity
  8
Visible
100
AcDbCircle
 10
-212.431713
 20
172.202058
 30
0.0
 40
0.5
210
0.0
220
0.0
230
-1.0
100
AcDbArc
 50
180.0
 51
270.0
  0
LINE
  5
565
330
70
100
AcDbEntity
  8
Visible
100
AcDbLine
 10
212.431713
 20
171.702058
 30
0.0
 11
199.431713
 21
171.702058
 31
0.0
  0
ARC
  5
566
330
70
100
AcDbEntity
  8
Visible
100
AcDbCircle
 10
-199.431713
 20
172.202058
 30
0.0
 40
0.5
210
0.0
220
0.0
230
-1.0
100
AcDbArc
 50
270.0
 51
0.0
  0
LINE
  5
567
330
70
100
AcDbEntity
  8
Visible
100
AcDbLine
 10
198.931713
 20
172.202058
 30
0.0
 11
198.931713
 21
185.202058
 31
0.0
  0
ARC
  5
568
330
70
100
AcDbEntity
  8
Visible
100
AcDbCircle
 10
-174.331713
 20
94.71455799999999
 30
0.0
 40
0.5
210
0.0
220
0.0
230
-1.0
100
AcDbArc
 50
90.0
 51
180.0
  0
LINE
  5
569
330
70
100
AcDbEntity
  8
Visible
100
AcDbLine
 10
174.831713
 20
94.71455799999999
 30
0.0
 11
174.831713
 21
81.714558
 31
0.0
  0
ARC
  5
56A
330
70
100
AcDbEntity
  8
Visible
100
AcDbCircle
 10
-174.331713
 20
81.714558
 30
0.0
 40
0.5
210
0.0
220
0.0
230
-1.0
100
AcDbArc
 50
180.0
 51
270.0
  0
LINE
  5
56B
330
70
100
AcDbEntity
  8
Visible
100
AcDbLine
 10
174.331713
 20
81.21455799999999
 30
0.0
 11
161.3317129999999
 21
81.21455799999999
 31
0.0
  0
ARC
  5
56C
330
70
100
AcDbEntity
  8
Visible
100
AcDbCircle
 10
-161.3317129999999
 20
81.714558
 30
0.0
 40
0.5
210
0.0
220
0.0
230
-1.0
100
AcDbArc
 50
270.0
 51
0.0
  0
LINE
  5
56D
330
70
100
AcDbEntity
  8
Visible
100
AcDbLine
 10
160.831713
 20
81.714558
 30
0.0
 11
160.831713
 21
94.71455799999999
 31
0.0
  0
ARC
  5
56E
330
70
100
AcDbEntity
  8
Visible
100
AcDbCircle
 10
-161.3317129999999
 20
94.71455799999999
 30
0.0
 40
0.5
210
0.0
220
0.0
230
-1.0
100
AcDbArc
 50
0.0
 51
90.0
  0
LINE
  5
56F
330
70
100
AcDbEntity
  8
Visible
100
AcDbLine
 10
161.3317129999999
 20
95.214558
 30
0.0
 11
174.331713
 21
95.214558
 31
0.0
  0
ARC
  5
570
330
70
100
AcDbEntity
  8
Visible
100
AcDbCircle
 10
-161.3317129999999
 20
209.014558
 30
0.0
 40
0.5
210
0.0
220
0.0
230
-1.0
100
AcDbArc
 50
0.0
 51
90.0
  0
LINE
  5
571
330
70
100
AcDbEntity
  8
Visible
100
AcDbLine
 10
161.3317129999999
 20
209.514558
 30
0.0
 11
174.331713
 21
209.514558
 31
0.0
  0
ARC
  5
572
330
70
100
AcDbEntity
  8
Visible
100
AcDbCircle
 10
-174.331713
 20
209.014558
 30
0.0
 40
0.5
210
0.0
220
0.0
230
-1.0
100
AcDbArc
 50
90.0
 51
180.0
  0
LINE
  5
573
330
70
100
AcDbEntity
  8
Visible
100
AcDbLine
 10
174.831713
 20
209.014558
 30
0.0
 11
174.831713
 21
196.014558
 31
0.0
  0
ARC
  5
574
330
70
100
AcDbEntity
  8
Visible
100
AcDbCircle
 10
-174.331713
 20
196.014558
 30
0.0
 40
0.5
210
0.0
220
0.0
230
-1.0
100
AcDbArc
 50
180.0
 51
270.0
  0
LINE
  5
575
330
70
100
AcDbEntity
  8
Visible
100
AcDbLine
 10
174.331713
 20
195.514558
 30
0.0
 11
161.3317129999999
 21
195.514558
 31
0.0
  0
ARC
  5
576
330
70
100
AcDbEntity
  8
Visible
100
AcDbCircle
 10
-161.3317129999999
 20
196.014558
 30
0.0
 40
0.5
210
0.0
220
0.0
230
-1.0
100
AcDbArc
 50
270.0
 51
0.0
  0
LINE
  5
577
330
70
100
AcDbEntity
  8
Visible
100
AcDbLine
 10
160.831713
 20
196.014558
 30
0.0
 11
160.831713
 21
209.014558
 31
0.0
  0
ARC
  5
578
330
70
100
AcDbEntity
  8
Visible
100
AcDbCircle
 10
-161.3317129999999
 20
170.914558
 30
0.0
 40
0.5
210
0.0
220
0.0
230
-1.0
100
AcDbArc
 50
0.0
 51
90.0
  0
LINE
  5
579
330
70
100
AcDbEntity
  8
Visible
100
AcDbLine
 10
161.3317129999999
 20
171.414558
 30
0.0
 11
174.331713
 21
171.414558
 31
0.0
  0
ARC
  5
57A
330
70
100
AcDbEntity
  8
Visible
100
AcDbCircle
 10
-174.331713
 20
170.914558
 30
0.0
 40
0.5
210
0.0
220
0.0
230
-1.0
100
AcDbArc
 50
90.0
 51
180.0
  0
LINE
  5
57B
330
70
100
AcDbEntity
  8
Visible
100
AcDbLine
 10
174.831713
 20
170.914558
 30
0.0
 11
174.831713
 21
157.914558
 31
0.0
  0
ARC
  5
57C
330
70
100
AcDbEntity
  8
Visible
100
AcDbCircle
 10
-174.331713
 20
157.914558
 30
0.0
 40
0.5
210
0.0
220
0.0
230
-1.0
100
AcDbArc
 50
180.0
 51
270.0
  0
LINE
  5
57D
330
70
100
AcDbEntity
  8
Visible
100
AcDbLine
 10
174.331713
 20
157.414558
 30
0.0
 11
161.3317129999999
 21
157.414558
 31
0.0
  0
ARC
  5
57E
330
70
100
AcDbEntity
  8
Visible
100
AcDbCircle
 10
-161.3317129999999
 20
157.914558
 30
0.0
 40
0.5
210
0.0
220
0.0
230
-1.0
100
AcDbArc
 50
270.0
 51
0.0
  0
LINE
  5
57F
330
70
100
AcDbEntity
  8
Visible
100
AcDbLine
 10
160.831713
 20
157.914558
 30
0.0
 11
160.831713
 21
170.914558
 31
0.0
  0
LINE
  5
580
330
70
100
AcDbEntity
  8
Visible
100
AcDbLine
 10
198.931713
 20
38.852058
 30
0.0
 11
198.931713
 21
51.852058
 31
0.0
  0
ARC
  5
581
330
70
100
AcDbEntity
  8
Visible
100
AcDbCircle
 10
-199.431713
 20
51.852058
 30
0.0
 40
0.5
210
0.0
220
0.0
230
-1.0
100
AcDbArc
 50
0.0
 51
90.0
  0
LINE
  5
582
330
70
100
AcDbEntity
  8
Visible
100
AcDbLine
 10
199.431713
 20
52.352058
 30
0.0
 11
212.431713
 21
52.352058
 31
0.0
  0
ARC
  5
583
330
70
100
AcDbEntity
  8
Visible
100
AcDbCircle
 10
-212.431713
 20
51.852058
 30
0.0
 40
0.5
210
0.0
220
0.0
230
-1.0
100
AcDbArc
 50
90.0
 51
180.0
  0
LINE
  5
584
330
70
100
AcDbEntity
  8
Visible
100
AcDbLine
 10
212.931713
 20
51.852058
 30
0.0
 11
212.931713
 21
38.852058
 31
0.0
  0
ARC
  5
585
330
70
100
AcDbEntity
  8
Visible
100
AcDbCircle
 10
-212.431713
 20
38.852058
 30
0.0
 40
0.5
210
0.0
220
0.0
230
-1.0
100
AcDbArc
 50
180.0
 51
270.0
  0
LINE
  5
586
330
70
100
AcDbEntity
  8
Visible
100
AcDbLine
 10
212.431713
 20
38.352058
 30
0.0
 11
199.431713
 21
38.352058
 31
0.0
  0
ARC
  5
587
330
70
100
AcDbEntity
  8
Visible
100
AcDbCircle
 10
-199.431713
 20
38.852058
 30
0.0
 40
0.5
210
0.0
220
0.0
230
-1.0
100
AcDbArc
 50
270.0
 51
0.0
  0
ARC
  5
588
330
70
100
AcDbEntity
  8
Visible
100
AcDbCircle
 10
-180.381713
 20
161.389558
 30
0.0
 40
0.5
210
0.0
220
0.0
230
-1.0
100
AcDbArc
 50
0.0
 51
90.0
  0
LINE
  5
589
330
70
100
AcDbEntity
  8
Visible
100
AcDbLine
 10
180.381713
 20
161.889558
 30
0.0
 11
193.381713
 21
161.889558
 31
0.0
  0
ARC
  5
58A
330
70
100
AcDbEntity
  8
Visible
100
AcDbCircle
 10
-193.381713
 20
161.389558
 30
0.0
 40
0.5
210
0.0
220
0.0
230
-1.0
100
AcDbArc
 50
90.0
 51
180.0
  0
LINE
  5
58B
330
70
100
AcDbEntity
  8
Visible
100
AcDbLine
 10
193.881713
 20
161.389558
 30
0.0
 11
193.881713
 21
148.389558
 31
0.0
  0
ARC
  5
58C
330
70
100
AcDbEntity
  8
Visible
100
AcDbCircle
 10
-193.381713
 20
148.389558
 30
0.0
 40
0.5
210
0.0
220
0.0
230
-1.0
100
AcDbArc
 50
180.0
 51
270.0
  0
LINE
  5
58D
330
70
100
AcDbEntity
  8
Visible
100
AcDbLine
 10
193.381713
 20
147.889558
 30
0.0
 11
180.381713
 21
147.889558
 31
0.0
  0
ARC
  5
58E
330
70
100
AcDbEntity
  8
Visible
100
AcDbCircle
 10
-180.381713
 20
148.389558
 30
0.0
 40
0.5
210
0.0
220
0.0
230
-1.0
100
AcDbArc
 50
270.0
 51
0.0
  0
LINE
  5
58F
330
70
100
AcDbEntity
  8
Visible
100
AcDbLine
 10
179.881713
 20
148.389558
 30
0.0
 11
179.881713
 21
161.389558
 31
0.0
  0
ARC
  5
590
330
70
100
AcDbEntity
  8
Visible
100
AcDbCircle
 10
-180.381713
 20
47.089558
 30
0.0
 40
0.5
210
0.0
220
0.0
230
-1.0
100
AcDbArc
 50
0.0
 51
90.0
  0
LINE
  5
591
330
70
100
AcDbEntity
  8
Visible
100
AcDbLine
 10
180.381713
 20
47.589558
 30
0.0
 11
193.381713
 21
47.589558
 31
0.0
  0
ARC
  5
592
330
70
100
AcDbEntity
  8
Visible
100
AcDbCircle
 10
-193.381713
 20
47.089558
 30
0.0
 40
0.5
210
0.0
220
0.0
230
-1.0
100
AcDbArc
 50
90.0
 51
180.0
  0
LINE
  5
593
330
70
100
AcDbEntity
  8
Visible
100
AcDbLine
 10
193.881713
 20
47.089558
 30
0.0
 11
193.881713
 21
34.08955800000001
 31
0.0
  0
ARC
  5
594
330
70
100
AcDbEntity
  8
Visible
100
AcDbCircle
 10
-193.381713
 20
34.08955800000001
 30
0.0
 40
0.5
210
0.0
220
0.0
230
-1.0
100
AcDbArc
 50
180.0
 51
270.0
  0
LINE
  5
595
330
70
100
AcDbEntity
  8
Visible
100
AcDbLine
 10
193.381713
 20
33.589558
 30
0.0
 11
180.381713
 21
33.589558
 31
0.0
  0
ARC
  5
596
330
70
100
AcDbEntity
  8
Visible
100
AcDbCircle
 10
-180.381713
 20
34.08955800000001
 30
0.0
 40
0.5
210
0.0
220
0.0
230
-1.0
100
AcDbArc
 50
270.0
 51
0.0
  0
LINE
  5
597
330
70
100
AcDbEntity
  8
Visible
100
AcDbLine
 10
179.881713
 20
34.08955800000001
 30
0.0
 11
179.881713
 21
47.089558
 31
0.0
  0
ARC
  5
598
330
70
100
AcDbEntity
  8
Visible
100
AcDbCircle
 10
-180.381713
 20
104.239558
 30
0.0
 40
0.5
210
0.0
220
0.0
230
-1.0
100
AcDbArc
 50
0.0
 51
90.0
  0
LINE
  5
599
330
70
100
AcDbEntity
  8
Visible
100
AcDbLine
 10
180.381713
 20
104.739558
 30
0.0
 11
193.381713
 21
104.739558
 31
0.0
  0
ARC
  5
59A
330
70
100
AcDbEntity
  8
Visible
100
AcDbCircle
 10
-193.381713
 20
104.239558
 30
0.0
 40
0.5
210
0.0
220
0.0
230
-1.0
100
AcDbArc
 50
90.0
 51
180.0
  0
LINE
  5
59B
330
70
100
AcDbEntity
  8
Visible
100
AcDbLine
 10
193.881713
 20
104.239558
 30
0.0
 11
193.881713
 21
91.239558
 31
0.0
  0
ARC
  5
59C
330
70
100
AcDbEntity
  8
Visible
100
AcDbCircle
 10
-193.381713
 20
91.239558
 30
0.0
 40
0.5
210
0.0
220
0.0
230
-1.0
100
AcDbArc
 50
180.0
 51
270.0
  0
LINE
  5
59D
330
70
100
AcDbEntity
  8
Visible
100
AcDbLine
 10
193.381713
 20
90.739558
 30
0.0
 11
180.381713
 21
90.739558
 31
0.0
  0
ARC
  5
59E
330
70
100
AcDbEntity
  8
Visible
100
AcDbCircle
 10
-180.381713
 20
91.239558
 30
0.0
 40
0.5
210
0.0
220
0.0
230
-1.0
100
AcDbArc
 50
270.0
 51
0.0
  0
LINE
  5
59F
330
70
100
AcDbEntity
  8
Visible
100
AcDbLine
 10
179.881713
 20
91.239558
 30
0.0
 11
179.881713
 21
104.239558
 31
0.0
  0
ARC
  5
5A0
330
70
100
AcDbEntity
  8
Visible
100
AcDbCircle
 10
-193.381713
 20
85.18955799999998
 30
0.0
 40
0.5
210
0.0
220
0.0
230
-1.0
100
AcDbArc
 50
90.0
 51
180.0
  0
LINE
  5
5A1
330
70
100
AcDbEntity
  8
Visible
100
AcDbLine
 10
193.881713
 20
85.18955799999998
 30
0.0
 11
193.881713
 21
72.18955799999999
 31
0.0
  0
ARC
  5
5A2
330
70
100
AcDbEntity
  8
Visible
100
AcDbCircle
 10
-193.381713
 20
72.18955799999999
 30
0.0
 40
0.5
210
0.0
220
0.0
230
-1.0
100
AcDbArc
 50
180.0
 51
270.0
  0
LINE
  5
5A3
330
70
100
AcDbEntity
  8
Visible
100
AcDbLine
 10
193.381713
 20
71.68955799999999
 30
0.0
 11
180.381713
 21
71.68955799999999
 31
0.0
  0
ARC
  5
5A4
330
70
100
AcDbEntity
  8
Visible
100
AcDbCircle
 10
-180.381713
 20
72.18955799999999
 30
0.0
 40
0.5
210
0.0
220
0.0
230
-1.0
100
AcDbArc
 50
270.0
 51
0.0
  0
LINE
  5
5A5
330
70
100
AcDbEntity
  8
Visible
100
AcDbLine
 10
179.881713
 20
72.18955799999999
 30
0.0
 11
179.881713
 21
85.18955799999998
 31
0.0
  0
ARC
  5
5A6
330
70
100
AcDbEntity
  8
Visible
100
AcDbCircle
 10
-180.381713
 20
85.18955799999998
 30
0.0
 40
0.5
210
0.0
220
0.0
230
-1.0
100
AcDbArc
 50
0.0
 51
90.0
  0
LINE
  5
5A7
330
70
100
AcDbEntity
  8
Visible
100
AcDbLine
 10
180.381713
 20
85.68955799999999
 30
0.0
 11
193.381713
 21
85.68955799999999
 31
0.0
  0
ARC
  5
5A8
330
70
100
AcDbEntity
  8
Visible
100
AcDbCircle
 10
-218.481713
 20
304.264558
 30
0.0
 40
0.5
210
0.0
220
0.0
230
-1.0
100
AcDbArc
 50
0.0
 51
90.0
  0
LINE
  5
5A9
330
70
100
AcDbEntity
  8
Visible
100
AcDbLine
 10
218.481713
 20
304.764558
 30
0.0
 11
231.481713
 21
304.764558
 31
0.0
  0
ARC
  5
5AA
330
70
100
AcDbEntity
  8
Visible
100
AcDbCircle
 10
-231.481713
 20
304.264558
 30
0.0
 40
0.5
210
0.0
220
0.0
230
-1.0
100
AcDbArc
 50
90.0
 51
180.0
  0
LINE
  5
5AB
330
70
100
AcDbEntity
  8
Visible
100
AcDbLine
 10
231.981713
 20
304.264558
 30
0.0
 11
231.981713
 21
291.264558
 31
0.0
  0
ARC
  5
5AC
330
70
100
AcDbEntity
  8
Visible
100
AcDbCircle
 10
-231.481713
 20
291.264558
 30
0.0
 40
0.5
210
0.0
220
0.0
230
-1.0
100
AcDbArc
 50
180.0
 51
270.0
  0
LINE
  5
5AD
330
70
100
AcDbEntity
  8
Visible
100
AcDbLine
 10
231.481713
 20
290.764558
 30
0.0
 11
218.481713
 21
290.764558
 31
0.0
  0
ARC
  5
5AE
330
70
100
AcDbEntity
  8
Visible
100
AcDbCircle
 10
-218.481713
 20
291.264558
 30
0.0
 40
0.5
210
0.0
220
0.0
230
-1.0
100
AcDbArc
 50
270.0
 51
0.0
  0
LINE
  5
5AF
330
70
100
AcDbEntity
  8
Visible
100
AcDbLine
 10
217.981713
 20
291.264558
 30
0.0
 11
217.981713
 21
304.264558
 31
0.0
  0
LINE
  5
5B0
330
70
100
AcDbEntity
  8
Visible
100
AcDbLine
 10
198.931713
 20
76.952058
 30
0.0
 11
198.931713
 21
89.95205799999999
 31
0.0
  0
ARC
  5
5B1
330
70
100
AcDbEntity
  8
Visible
100
AcDbCircle
 10
-199.431713
 20
89.95205799999999
 30
0.0
 40
0.5
210
0.0
220
0.0
230
-1.0
100
AcDbArc
 50
0.0
 51
90.0
  0
LINE
  5
5B2
330
70
100
AcDbEntity
  8
Visible
100
AcDbLine
 10
199.431713
 20
90.45205799999999
 30
0.0
 11
212.431713
 21
90.45205799999999
 31
0.0
  0
ARC
  5
5B3
330
70
100
AcDbEntity
  8
Visible
100
AcDbCircle
 10
-212.431713
 20
89.95205799999999
 30
0.0
 40
0.5
210
0.0
220
0.0
230
-1.0
100
AcDbArc
 50
90.0
 51
180.0
  0
LINE
  5
5B4
330
70
100
AcDbEntity
  8
Visible
100
AcDbLine
 10
212.931713
 20
89.95205799999999
 30
0.0
 11
212.931713
 21
76.952058
 31
0.0
  0
ARC
  5
5B5
330
70
100
AcDbEntity
  8
Visible
100
AcDbCircle
 10
-212.431713
 20
76.952058
 30
0.0
 40
0.5
210
0.0
220
0.0
230
-1.0
100
AcDbArc
 50
180.0
 51
270.0
  0
LINE
  5
5B6
330
70
100
AcDbEntity
  8
Visible
100
AcDbLine
 10
212.431713
 20
76.45205799999999
 30
0.0
 11
199.431713
 21
76.45205799999999
 31
0.0
  0
ARC
  5
5B7
330
70
100
AcDbEntity
  8
Visible
100
AcDbCircle
 10
-199.431713
 20
76.952058
 30
0.0
 40
0.5
210
0.0
220
0.0
230
-1.0
100
AcDbArc
 50
270.0
 51
0.0
  0
ARC
  5
5B8
330
70
100
AcDbEntity
  8
Visible
100
AcDbCircle
 10
-199.431713
 20
204.252058
 30
0.0
 40
0.5
210
0.0
220
0.0
230
-1.0
100
AcDbArc
 50
0.0
 51
90.0
  0
LINE
  5
5B9
330
70
100
AcDbEntity
  8
Visible
100
AcDbLine
 10
199.431713
 20
204.752058
 30
0.0
 11
212.431713
 21
204.752058
 31
0.0
  0
ARC
  5
5BA
330
70
100
AcDbEntity
  8
Visible
100
AcDbCircle
 10
-212.431713
 20
204.252058
 30
0.0
 40
0.5
210
0.0
220
0.0
230
-1.0
100
AcDbArc
 50
90.0
 51
180.0
  0
LINE
  5
5BB
330
70
100
AcDbEntity
  8
Visible
100
AcDbLine
 10
212.931713
 20
204.252058
 30
0.0
 11
212.931713
 21
191.252058
 31
0.0
  0
ARC
  5
5BC
330
70
100
AcDbEntity
  8
Visible
100
AcDbCircle
 10
-212.431713
 20
191.252058
 30
0.0
 40
0.5
210
0.0
220
0.0
230
-1.0
100
AcDbArc
 50
180.0
 51
270.0
  0
LINE
  5
5BD
330
70
100
AcDbEntity
  8
Visible
100
AcDbLine
 10
212.431713
 20
190.752058
 30
0.0
 11
199.431713
 21
190.752058
 31
0.0
  0
ARC
  5
5BE
330
70
100
AcDbEntity
  8
Visible
100
AcDbCircle
 10
-199.431713
 20
191.252058
 30
0.0
 40
0.5
210
0.0
220
0.0
230
-1.0
100
AcDbArc
 50
270.0
 51
0.0
  0
LINE
  5
5BF
330
70
100
AcDbEntity
  8
Visible
100
AcDbLine
 10
198.931713
 20
191.252058
 30
0.0
 11
198.931713
 21
204.252058
 31
0.0
  0
ARC
  5
5C0
330
70
100
AcDbEntity
  8
Visible
100
AcDbCircle
 10
-218.481713
 20
194.727058
 30
0.0
 40
0.5
210
0.0
220
0.0
230
-1.0
100
AcDbArc
 50
0.0
 51
90.0
  0
LINE
  5
5C1
330
70
100
AcDbEntity
  8
Visible
100
AcDbLine
 10
218.481713
 20
195.227058
 30
0.0
 11
231.481713
 21
195.227058
 31
0.0
  0
ARC
  5
5C2
330
70
100
AcDbEntity
  8
Visible
100
AcDbCircle
 10
-231.481713
 20
194.727058
 30
0.0
 40
0.5
210
0.0
220
0.0
230
-1.0
100
AcDbArc
 50
90.0
 51
180.0
  0
LINE
  5
5C3
330
70
100
AcDbEntity
  8
Visible
100
AcDbLine
 10
231.981713
 20
194.727058
 30
0.0
 11
231.981713
 21
181.727058
 31
0.0
  0
ARC
  5
5C4
330
70
100
AcDbEntity
  8
Visible
100
AcDbCircle
 10
-231.481713
 20
181.727058
 30
0.0
 40
0.5
210
0.0
220
0.0
230
-1.0
100
AcDbArc
 50
180.0
 51
270.0
  0
LINE
  5
5C5
330
70
100
AcDbEntity
  8
Visible
100
AcDbLine
 10
231.481713
 20
181.227058
 30
0.0
 11
218.481713
 21
181.227058
 31
0.0
  0
ARC
  5
5C6
330
70
100
AcDbEntity
  8
Visible
100
AcDbCircle
 10
-218.481713
 20
181.727058
 30
0.0
 40
0.5
210
0.0
220
0.0
230
-1.0
100
AcDbArc
 50
270.0
 51
0.0
  0
LINE
  5
5C7
330
70
100
AcDbEntity
  8
Visible
100
AcDbLine
 10
217.981713
 20
181.727058
 30
0.0
 11
217.981713
 21
194.727058
 31
0.0
  0
ARC
  5
5C8
330
70
100
AcDbEntity
  8
Visible
100
AcDbCircle
 10
-193.381713
 20
23.277058
 30
0.0
 40
0.5
210
0.0
220
0.0
230
-1.0
100
AcDbArc
 50
90.0
 51
180.0
  0
LINE
  5
5C9
330
70
100
AcDbEntity
  8
Visible
100
AcDbLine
 10
193.881713
 20
23.277058
 30
0.0
 11
193.881713
 21
10.277058
 31
0.0
  0
ARC
  5
5CA
330
70
100
AcDbEntity
  8
Visible
100
AcDbCircle
 10
-193.381713
 20
10.277058
 30
0.0
 40
0.5
210
0.0
220
0.0
230
-1.0
100
AcDbArc
 50
180.0
 51
270.0
  0
LINE
  5
5CB
330
70
100
AcDbEntity
  8
Visible
100
AcDbLine
 10
193.381713
 20
9.777058
 30
0.0
 11
180.381713
 21
9.777058
 31
0.0
  0
ARC
  5
5CC
330
70
100
AcDbEntity
  8
Visible
100
AcDbCircle
 10
-180.381713
 20
10.277058
 30
0.0
 40
0.5
210
0.0
220
0.0
230
-1.0
100
AcDbArc
 50
270.0
 51
0.0
  0
LINE
  5
5CD
330
70
100
AcDbEntity
  8
Visible
100
AcDbLine
 10
179.881713
 20
10.277058
 30
0.0
 11
179.881713
 21
23.277058
 31
0.0
  0
ARC
  5
5CE
330
70
100
AcDbEntity
  8
Visible
100
AcDbCircle
 10
-180.381713
 20
23.277058
 30
0.0
 40
0.5
210
0.0
220
0.0
230
-1.0
100
AcDbArc
 50
0.0
 51
90.0
  0
LINE
  5
5CF
330
70
100
AcDbEntity
  8
Visible
100
AcDbLine
 10
180.381713
 20
23.777058
 30
0.0
 11
193.381713
 21
23.777058
 31
0.0
  0
LINE
  5
5D0
330
70
100
AcDbEntity
  8
Visible
100
AcDbLine
 10
180.381713
 20
280.952058
 30
0.0
 11
193.381713
 21
280.952058
 31
0.0
  0
ARC
  5
5D1
330
70
100
AcDbEntity
  8
Visible
100
AcDbCircle
 10
-193.381713
 20
280.452058
 30
0.0
 40
0.5
210
0.0
220
0.0
230
-1.0
100
AcDbArc
 50
90.0
 51
180.0
  0
LINE
  5
5D2
330
70
100
AcDbEntity
  8
Visible
100
AcDbLine
 10
193.881713
 20
280.452058
 30
0.0
 11
193.881713
 21
267.452058
 31
0.0
  0
ARC
  5
5D3
330
70
100
AcDbEntity
  8
Visible
100
AcDbCircle
 10
-193.381713
 20
267.452058
 30
0.0
 40
0.5
210
0.0
220
0.0
230
-1.0
100
AcDbArc
 50
180.0
 51
270.0
  0
LINE
  5
5D4
330
70
100
AcDbEntity
  8
Visible
100
AcDbLine
 10
193.381713
 20
266.952058
 30
0.0
 11
180.381713
 21
266.952058
 31
0.0
  0
ARC
  5
5D5
330
70
100
AcDbEntity
  8
Visible
100
AcDbCircle
 10
-180.381713
 20
267.452058
 30
0.0
 40
0.5
210
0.0
220
0.0
230
-1.0
100
AcDbArc
 50
270.0
 51
0.0
  0
LINE
  5
5D6
330
70
100
AcDbEntity
  8
Visible
100
AcDbLine
 10
179.881713
 20
267.452058
 30
0.0
 11
179.881713
 21
280.452058
 31
0.0
  0
ARC
  5
5D7
330
70
100
AcDbEntity
  8
Visible
100
AcDbCircle
 10
-180.381713
 20
280.452058
 30
0.0
 40
0.5
210
0.0
220
0.0
230
-1.0
100
AcDbArc
 50
0.0
 51
90.0
  0
LINE
  5
5D8
330
70
100
AcDbEntity
  8
Visible
100
AcDbLine
 10
250.531713
 20
179.958308
 30
0.0
 11
235.531713
 21
179.958308
 31
0.0
  0
ARC
  5
5D9
330
70
100
AcDbEntity
  8
Visible
100
AcDbCircle
 10
-235.531713
 20
180.458308
 30
0.0
 40
0.5
210
0.0
220
0.0
230
-1.0
100
AcDbArc
 50
270.0
 51
0.0
  0
LINE
  5
5DA
330
70
100
AcDbEntity
  8
Visible
100
AcDbLine
 10
235.031713
 20
180.458308
 30
0.0
 11
235.031713
 21
186.496308
 31
0.0
  0
ARC
  5
5DB
330
70
100
AcDbEntity
  8
Visible
100
AcDbCircle
 10
-235.531713
 20
186.496308
 30
0.0
 40
0.5
210
0.0
220
0.0
230
-1.0
100
AcDbArc
 50
0.0
 51
90.0
  0
LINE
  5
5DC
330
70
100
AcDbEntity
  8
Visible
100
AcDbLine
 10
235.531713
 20
186.996308
 30
0.0
 11
250.531713
 21
186.996308
 31
0.0
  0
ARC
  5
5DD
330
70
100
AcDbEntity
  8
Visible
100
AcDbCircle
 10
250.531713
 20
186.496308
 30
0.0
 40
0.5
100
AcDbArc
 50
0.0
 51
90.0
  0
LINE
  5
5DE
330
70
100
AcDbEntity
  8
Visible
100
AcDbLine
 10
251.031713
 20
186.496308
 30
0.0
 11
251.031713
 21
180.458308
 31
0.0
  0
ARC
  5
5DF
330
70
100
AcDbEntity
  8
Visible
100
AcDbCircle
 10
250.531713
 20
180.458308
 30
0.0
 40
0.5
100
AcDbArc
 50
270.0
 51
0.0
  0
LINE
  5
5E0
330
70
100
AcDbEntity
  8
Visible
100
AcDbLine
 10
197.931713
 20
258.370308
 30
0.0
 11
214.431713
 21
258.370308
 31
0.0
  0
ARC
  5
5E1
330
70
100
AcDbEntity
  8
Visible
100
AcDbCircle
 10
-214.431713
 20
257.870308
 30
0.0
 40
0.5
210
0.0
220
0.0
230
-1.0
100
AcDbArc
 50
90.0
 51
180.0
  0
LINE
  5
5E2
330
70
100
AcDbEntity
  8
Visible
100
AcDbLine
 10
214.931713
 20
257.870308
 30
0.0
 11
214.931713
 21
251.870308
 31
0.0
  0
ARC
  5
5E3
330
70
100
AcDbEntity
  8
Visible
100
AcDbCircle
 10
-214.431713
 20
251.870308
 30
0.0
 40
0.5
210
0.0
220
0.0
230
-1.0
100
AcDbArc
 50
180.0
 51
270.0
  0
LINE
  5
5E4
330
70
100
AcDbEntity
  8
Visible
100
AcDbLine
 10
214.431713
 20
251.370308
 30
0.0
 11
197.931713
 21
251.370308
 31
0.0
  0
ARC
  5
5E5
330
70
100
AcDbEntity
  8
Visible
100
AcDbCircle
 10
197.931713
 20
251.870308
 30
0.0
 40
0.5
100
AcDbArc
 50
180.0
 51
270.0
  0
LINE
  5
5E6
330
70
100
AcDbEntity
  8
Visible
100
AcDbLine
 10
197.431713
 20
251.870308
 30
0.0
 11
197.431713
 21
257.870308
 31
0.0
  0
ARC
  5
5E7
330
70
100
AcDbEntity
  8
Visible
100
AcDbCircle
 10
197.931713
 20
257.870308
 30
0.0
 40
0.5
100
AcDbArc
 50
90.0
 51
180.0
  0
LINE
  5
5E8
330
70
100
AcDbEntity
  8
Visible
100
AcDbLine
 10
197.931713
 20
282.246308
 30
0.0
 11
214.431713
 21
282.246308
 31
0.0
  0
ARC
  5
5E9
330
70
100
AcDbEntity
  8
Visible
100
AcDbCircle
 10
-214.431713
 20
281.746308
 30
0.0
 40
0.5
210
0.0
220
0.0
230
-1.0
100
AcDbArc
 50
90.0
 51
180.0
  0
LINE
  5
5EA
330
70
100
AcDbEntity
  8
Visible
100
AcDbLine
 10
214.931713
 20
281.746308
 30
0.0
 11
214.931713
 21
275.746308
 31
0.0
  0
ARC
  5
5EB
330
70
100
AcDbEntity
  8
Visible
100
AcDbCircle
 10
-214.431713
 20
275.746308
 30
0.0
 40
0.5
210
0.0
220
0.0
230
-1.0
100
AcDbArc
 50
180.0
 51
270.0
  0
LINE
  5
5EC
330
70
100
AcDbEntity
  8
Visible
100
AcDbLine
 10
214.431713
 20
275.246308
 30
0.0
 11
197.931713
 21
275.246308
 31
0.0
  0
ARC
  5
5ED
330
70
100
AcDbEntity
  8
Visible
100
AcDbCircle
 10
197.931713
 20
275.746308
 30
0.0
 40
0.5
100
AcDbArc
 50
180.0
 51
270.0
  0
LINE
  5
5EE
330
70
100
AcDbEntity
  8
Visible
100
AcDbLine
 10
197.431713
 20
275.746308
 30
0.0
 11
197.431713
 21
281.746308
 31
0.0
  0
ARC
  5
5EF
330
70
100
AcDbEntity
  8
Visible
100
AcDbCircle
 10
197.931713
 20
281.746308
 30
0.0
 40
0.5
100
AcDbArc
 50
90.0
 51
180.0
  0
LINE
  5
5F2
330
70
100
AcDbEntity
  8
Visible
100
AcDbLine
 10
237.031713
 20
291.264558
 30
0.0
 11
237.031713
 21
304.264558
 31
0.0
  0
ARC
  5
5F3
330
70
100
AcDbEntity
  8
Visible
100
AcDbCircle
 10
-237.531713
 20
304.264558
 30
0.0
 40
0.5
210
0.0
220
0.0
230
-1.0
100
AcDbArc
 50
0.0
 51
90.0
  0
LINE
  5
5F4
330
70
100
AcDbEntity
  8
Visible
100
AcDbLine
 10
237.531713
 20
304.764558
 30
0.0
 11
250.531713
 21
304.764558
 31
0.0
  0
ARC
  5
5F5
330
70
100
AcDbEntity
  8
Visible
100
AcDbCircle
 10
-250.531713
 20
304.264558
 30
0.0
 40
0.5
210
0.0
220
0.0
230
-1.0
100
AcDbArc
 50
90.0
 51
180.0
  0
LINE
  5
5F6
330
70
100
AcDbEntity
  8
Visible
100
AcDbLine
 10
251.031713
 20
304.264558
 30
0.0
 11
251.031713
 21
291.264558
 31
0.0
  0
ARC
  5
5F7
330
70
100
AcDbEntity
  8
Visible
100
AcDbCircle
 10
-250.531713
 20
291.264558
 30
0.0
 40
0.5
210
0.0
220
0.0
230
-1.0
100
AcDbArc
 50
180.0
 51
270.0
  0
LINE
  5
5F8
330
70
100
AcDbEntity
  8
Visible
100
AcDbLine
 10
250.531713
 20
290.764558
 30
0.0
 11
237.531713
 21
290.764558
 31
0.0
  0
ARC
  5
5F9
330
70
100
AcDbEntity
  8
Visible
100
AcDbCircle
 10
-237.531713
 20
291.264558
 30
0.0
 40
0.5
210
0.0
220
0.0
230
-1.0
100
AcDbArc
 50
270.0
 51
0.0
  0
LINE
  5
651
330
70
100
AcDbEntity
  8
0
100
AcDbLine
 10
152.1912115
 20
123.134558
 30
0.0
 11
152.1912115
 21
190.624558
 31
0.0
  0
LINE
  5
652
330
70
100
AcDbEntity
  8
Visible
100
AcDbLine
 10
153.1912115
 20
122.134558
 30
0.0
 11
154.7730170939772
 21
122.134558
 31
0.0
  0
LINE
  5
653
330
70
100
AcDbEntity
  8
Visible
100
AcDbLine
 10
153.1912115
 20
191.624558
 30
0.0
 11
154.7722145
 21
191.624558
 31
0.0
  0
LINE
  5
654
330
70
100
AcDbEntity
  8
Visible
100
AcDbLine
 10
155.7944238086382
 20
149.7953593043699
 30
0.0
 11
155.7730167716401
 21
123.1337550839443
 31
0.0
  0
LINE
  5
655
330
70
100
AcDbEntity
  8
Visible
100
AcDbLine
 10
155.7722145
 20
190.624558
 30
0.0
 11
155.7722145
 21
163.964558
 31
0.0
  0
LINE
  5
656
330
70
100
AcDbEntity
  8
0
100
AcDbLine
 10
156.7944234863011
 20
150.7945563883142
 30
0.0
 11
157.481609844911
 21
150.7945563883142
 31
0.0
  0
LINE
  5
657
330
70
100
AcDbEntity
  8
0
100
AcDbLine
 10
156.7722145
 20
162.964558
 30
0.0
 11
157.481681967493
 21
162.964558
 31
0.0
  0
LINE
  5
659
330
70
100
AcDbEntity
  8
Visible
100
AcDbLine
 10
153.191212
 20
239.294558
 30
0.0
 11
154.7730166362086
 21
239.294558
 31
0.0
  0
LINE
  5
65E
330
70
100
AcDbEntity
  8
Visible
100
AcDbLine
 10
153.191212
 20
290.614558
 30
0.0
 11
154.791212
 21
290.614558
 31
0.0
  0
LINE
  5
65F
330
70
100
AcDbEntity
  8
Visible
100
AcDbLine
 10
152.191212
 20
240.294558
 30
0.0
 11
152.191212
 21
289.614558
 31
0.0
  0
LINE
  5
66B
330
70
100
AcDbEntity
  8
Visible
100
AcDbLine
 10
155.7880008120907
 20
258.9553630356625
 30
0.0
 11
155.7730163138376
 21
240.293755041679
 31
0.0
  0
LINE
  5
66C
330
70
100
AcDbEntity
  8
Visible
100
AcDbLine
 10
156.7879993785991
 20
259.9545600773408
 30
0.0
 11
157.4887093501648
 21
259.954560855914
 31
0.0
  0
LINE
  5
66D
330
70
100
AcDbEntity
  8
Visible
100
AcDbLine
 10
156.7912131111218
 20
269.9545591111231
 30
0.0
 11
157.4908312888414
 21
269.9545598884841
 31
0.0
  0
LINE
  5
66E
330
70
100
AcDbEntity
  8
Visible
100
AcDbLine
 10
155.791212
 20
289.614558
 30
0.0
 11
155.791212
 21
270.9545591111224
 31
0.0
  0
ARC
  5
670
330
70
100
AcDbEntity
  8
Visible
100
AcDbCircle
 10
157.48172
 20
5.964558
 30
0.0
 40
1.0
100
AcDbArc
 50
0.0
 51
90.0
  0
ARC
  5
671
330
70
100
AcDbEntity
  8
Visible
100
AcDbCircle
 10
157.48172
 20
12.064558
 30
0.0
 40
1.0
100
AcDbArc
 50
270.0
 51
0.0
  0
LINE
  5
672
330
70
100
AcDbEntity
  8
0
100
AcDbLine
 10
157.48172
 20
11.06455799999999
 30
0.0
 11
154.831713
 21
11.064558
 31
0.0
  0
LINE
  5
697
330
70
100
AcDbEntity
  8
Visible
100
AcDbLine
 10
158.481488
 20
304.964558
 30
0.0
 11
158.481488
 21
303.314558
 31
0.0
  0
CIRCLE
  5
698
330
70
100
AcDbEntity
  8
Visible
100
AcDbCircle
 10
-154.831481
 20
300.2645580000001
 30
0.0
 40
1.199999999999989
210
0.0
220
0.0
230
-1.0
  0
ARC
  5
699
330
70
100
AcDbEntity
  8
Visible
100
AcDbCircle
 10
154.831481
 20
300.2645580000001
 30
0.0
 40
2.049999999999998
100
AcDbArc
 50
90.0
 51
270.0
  0
LINE
  5
69A
330
70
100
AcDbEntity
  8
Visible
100
AcDbLine
 10
154.831481
 20
298.214558
 30
0.0
 11
157.481488
 21
298.214558
 31
0.0
  0
ARC
  5
69B
330
70
100
AcDbEntity
  8
Visible
100
AcDbCircle
 10
157.481488
 20
297.2145580000001
 30
0.0
 40
1.0
100
AcDbArc
 50
0.0
 51
90.0
  0
ARC
  5
69C
330
70
100
AcDbEntity
  8
Visible
100
AcDbCircle
 10
157.481488
 20
303.314558
 30
0.0
 40
1.0
100
AcDbArc
 50
270.0
 51
0.0
  0
LINE
  5
69D
330
70
100
AcDbEntity
  8
0
100
AcDbLine
 10
157.481488
 20
302.314558
 30
0.0
 11
154.831481
 21
302.314558
 31
0.0
  0
LINE
  5
69E
330
70
100
AcDbEntity
  8
0
100
AcDbLine
 10
158.481488
 20
297.2145580000001
 30
0.0
 11
158.4908301144372
 21
270.9549156478545
 31
0.0
  0
CIRCLE
  5
6A7
330
70
100
AcDbEntity
  8
Visible
100
AcDbCircle
 10
-154.8317059999999
 20
96.23455800000002
 30
0.0
 40
1.199999999999989
210
0.0
220
0.0
230
-1.0
  0
ARC
  5
6A8
330
70
100
AcDbEntity
  8
Visible
100
AcDbCircle
 10
154.8317059999999
 20
96.23455800000002
 30
0.0
 40
2.049999999999998
100
AcDbArc
 50
90.0
 51
270.0
  0
LINE
  5
6A9
330
70
100
AcDbEntity
  8
Visible
100
AcDbLine
 10
154.8317059999999
 20
94.18455800000002
 30
0.0
 11
157.4817129999999
 21
94.18455800000002
 31
0.0
  0
ARC
  5
6AA
330
70
100
AcDbEntity
  8
Visible
100
AcDbCircle
 10
157.4817129999999
 20
93.184558
 30
0.0
 40
1.0
100
AcDbArc
 50
0.0
 51
90.0
  0
ARC
  5
6AB
330
70
100
AcDbEntity
  8
Visible
100
AcDbCircle
 10
157.4817129999999
 20
99.28455800000001
 30
0.0
 40
1.0
100
AcDbArc
 50
270.0
 51
0.0
  0
LINE
  5
6AC
330
70
100
AcDbEntity
  8
0
100
AcDbLine
 10
157.4817129999999
 20
98.28455800000002
 30
0.0
 11
154.8317059999999
 21
98.28455800000002
 31
0.0
  0
CIRCLE
  5
6AE
330
70
100
AcDbEntity
  8
Visible
100
AcDbCircle
 10
-154.8358870592666
 20
215.474558
 30
0.0
 40
1.199999999999989
210
0.0
220
0.0
230
-1.0
  0
ARC
  5
6AF
330
70
100
AcDbEntity
  8
Visible
100
AcDbCircle
 10
154.8358870592666
 20
215.474558
 30
0.0
 40
2.049999999999998
100
AcDbArc
 50
90.0
 51
270.0
  0
LINE
  5
6B0
330
70
100
AcDbEntity
  8
Visible
100
AcDbLine
 10
154.8358870592666
 20
213.4245579999999
 30
0.0
 11
157.4858940592667
 21
213.4245579999999
 31
0.0
  0
ARC
  5
6B1
330
70
100
AcDbEntity
  8
Visible
100
AcDbCircle
 10
157.4858940592667
 20
212.4245579999999
 30
0.0
 40
1.0
100
AcDbArc
 50
0.0
 51
90.0
  0
ARC
  5
6B2
330
70
100
AcDbEntity
  8
Visible
100
AcDbCircle
 10
157.4858940592667
 20
218.524558
 30
0.0
 40
1.0
100
AcDbArc
 50
270.0
 51
0.0
  0
LINE
  5
6B3
330
70
100
AcDbEntity
  8
0
100
AcDbLine
 10
157.4858940592667
 20
217.5245579999999
 30
0.0
 11
154.8358870592666
 21
217.5245579999999
 31
0.0
  0
LINE
  5
733
330
70
100
AcDbEntity
  8
0
100
AcDbLine
 10
158.4858940592667
 20
218.524558
 30
0.0
 11
158.488710458859
 21
258.9544911946671
 31
0.0
  0
CIRCLE
  5
776
330
70
100
AcDbEntity
  8
Visible
100
AcDbCircle
 10
-256.9919460000001
 20
9.014558000000036
 30
0.0
 40
1.199999999999989
210
0.0
220
0.0
230
-1.0
  0
ARC
  5
777
330
70
100
AcDbEntity
  8
Visible
100
AcDbCircle
 10
256.9919460000001
 20
9.014558000000036
 30
0.0
 40
2.049999999999998
100
AcDbArc
 50
270.0
 51
90.0
  0
LINE
  5
778
330
70
100
AcDbEntity
  8
Visible
100
AcDbLine
 10
256.9919460000001
 20
6.964557999999967
 30
0.0
 11
254.341939
 21
6.964557999999967
 31
0.0
  0
ARC
  5
779
330
70
100
AcDbEntity
  8
Visible
100
AcDbCircle
 10
254.341939
 20
5.964557999999967
 30
0.0
 40
1.0
100
AcDbArc
 50
90.0
 51
180.0
  0
LINE
  5
77A
330
70
100
AcDbEntity
  8
Visible
100
AcDbLine
 10
253.341939
 20
5.964557999999967
 30
0.0
 11
253.341939
 21
4.31455799999999
 31
0.0
  0
LINE
  5
77B
330
70
100
AcDbEntity
  8
Visible
100
AcDbLine
 10
253.341939
 20
38.67456085870193
 30
0.0
 11
253.341939
 21
12.06455799999999
 31
0.0
  0
ARC
  5
77C
330
70
100
AcDbEntity
  8
Visible
100
AcDbCircle
 10
254.341939
 20
12.06455799999999
 30
0.0
 40
1.0
100
AcDbArc
 50
180.0
 51
270.0
  0
LINE
  5
77D
330
70
100
AcDbEntity
  8
Visible
100
AcDbLine
 10
258.6419460000001
 20
19.01455800000004
 30
0.0
 11
257.0601413637914
 21
19.01455800000004
 31
0.0
  0
LINE
  5
77E
330
70
100
AcDbEntity
  8
Visible
100
AcDbLine
 10
256.0451571879093
 20
38.67536303566241
 30
0.0
 11
256.0601416861625
 21
20.01375504167901
 31
0.0
  0
LINE
  5
77F
330
70
100
AcDbEntity
  8
Visible
100
AcDbLine
 10
255.0451586214009
 20
39.67456007734076
 30
0.0
 11
254.3419401111206
 21
39.67456085870131
 31
0.0
  0
LINE
  5
780
330
70
100
AcDbEntity
  8
Visible
100
AcDbLine
 10
255.0419448888782
 20
49.67455911112304
 30
0.0
 11
254.3419748958532
 21
49.67455988887497
 31
0.0
  0
LINE
  5
781
330
70
100
AcDbEntity
  8
Visible
100
AcDbLine
 10
256.0419460000001
 20
69.33455799999997
 30
0.0
 11
256.0419460000001
 21
50.67455911112243
 31
0.0
  0
LINE
  5
782
330
70
100
AcDbEntity
  8
Visible
100
AcDbLine
 10
258.6419460000001
 20
70.33455799999997
 30
0.0
 11
257.041946
 21
70.33455799999997
 31
0.0
  0
LINE
  5
783
330
70
100
AcDbEntity
  8
Visible
100
AcDbLine
 10
259.6419460000001
 20
20.01455800000004
 30
0.0
 11
259.6419460000001
 21
69.33455799999999
 31
0.0
  0
LINE
  5
785
330
70
100
AcDbEntity
  8
Visible
100
AcDbLine
 10
253.341981
 20
58.08689799999998
 30
0.0
 11
253.3419760069752
 21
50.67456056248438
 31
0.0
  0
LINE
  5
786
330
70
100
AcDbEntity
  8
Visible
100
AcDbLine
 10
253.3380161789764
 20
212.4021434206915
 30
0.0
 11
253.3419770358503
 21
163.9644762277535
 31
0.0
  0
LINE
  5
787
330
70
100
AcDbEntity
  8
Visible
100
AcDbLine
 10
253.3420491550911
 20
149.7945584305848
 30
0.0
 11
253.3419460000001
 21
99.28455800000001
 31
0.0
  0
ARC
  5
788
330
70
100
AcDbEntity
  8
Visible
100
AcDbCircle
 10
-253.841946
 20
58.09274599999999
 30
0.0
 40
0.4999999999800142
210
0.0
220
0.0
230
-1.0
100
AcDbArc
 50
359.3298399999968
 51
0.0
  0
ARC
  5
789
330
70
100
AcDbEntity
  8
Visible
100
AcDbCircle
 10
-253.841946
 20
144.2863709999999
 30
0.0
 40
0.4999999999799172
210
0.0
220
0.0
230
-1.0
100
AcDbArc
 50
0.0
 51
1.150340999997796
  0
ARC
  5
78A
330
70
100
AcDbEntity
  8
Visible
100
AcDbCircle
 10
-251.342171
 20
304.9645579999999
 30
0.0
 40
1.99999999999998
210
0.0
220
0.0
230
-1.0
100
AcDbArc
 50
90.0
 51
180.0
  0
ARC
  5
78B
330
70
100
AcDbEntity
  8
Visible
100
AcDbCircle
 10
-251.841939
 20
4.31455799999999
 30
0.0
 40
1.499999999999989
210
0.0
220
0.0
230
-1.0
100
AcDbArc
 50
180.0
 51
270.0
  0
ARC
  5
78C
330
70
100
AcDbEntity
  8
Visible
100
AcDbCircle
 10
-253.841939
 20
38.43956199999998
 30
0.0
 40
0.5000000000000071
210
0.0
220
0.0
230
-1.0
100
AcDbArc
 50
0.0
 51
0.5882769999983349
  0
LINE
  5
78D
330
70
100
AcDbEntity
  8
Visible
100
AcDbLine
 10
253.3419460000001
 20
93.184558
 30
0.0
 11
253.3419460000001
 21
58.09274599999999
 31
0.0
  0
LINE
  5
78E
330
70
100
AcDbEntity
  8
0
100
AcDbLine
 10
259.6324475
 20
123.1345579999999
 30
0.0
 11
259.6324475
 21
190.6245579999999
 31
0.0
  0
LINE
  5
78F
330
70
100
AcDbEntity
  8
Visible
100
AcDbLine
 10
258.6324475
 20
122.1345579999999
 30
0.0
 11
257.0506419060228
 21
122.1345579999999
 31
0.0
  0
LINE
  5
790
330
70
100
AcDbEntity
  8
Visible
100
AcDbLine
 10
258.6324475
 20
191.6245579999999
 30
0.0
 11
257.0514445
 21
191.6245579999999
 31
0.0
  0
LINE
  5
791
330
70
100
AcDbEntity
  8
Visible
100
AcDbLine
 10
256.0292351913618
 20
149.7953593043698
 30
0.0
 11
256.0506422283599
 21
123.1337550839443
 31
0.0
  0
LINE
  5
792
330
70
100
AcDbEntity
  8
Visible
100
AcDbLine
 10
256.0514445
 20
190.6245579999999
 30
0.0
 11
256.0514445
 21
163.9645579999999
 31
0.0
  0
LINE
  5
793
330
70
100
AcDbEntity
  8
0
100
AcDbLine
 10
255.0292355136989
 20
150.7945563883142
 30
0.0
 11
254.342049155089
 21
150.7945563883142
 31
0.0
  0
LINE
  5
794
330
70
100
AcDbEntity
  8
0
100
AcDbLine
 10
255.0514445
 20
162.9645579999999
 30
0.0
 11
254.3419770325069
 21
162.9645579999999
 31
0.0
  0
LINE
  5
795
330
70
100
AcDbEntity
  8
Visible
100
AcDbLine
 10
258.632447
 20
239.294558
 30
0.0
 11
257.0506423637913
 21
239.294558
 31
0.0
  0
LINE
  5
796
330
70
100
AcDbEntity
  8
Visible
100
AcDbLine
 10
258.632447
 20
290.614558
 30
0.0
 11
257.032447
 21
290.614558
 31
0.0
  0
LINE
  5
797
330
70
100
AcDbEntity
  8
Visible
100
AcDbLine
 10
259.6324469999999
 20
240.294558
 30
0.0
 11
259.6324469999999
 21
289.6145579999999
 31
0.0
  0
LINE
  5
798
330
70
100
AcDbEntity
  8
Visible
100
AcDbLine
 10
256.0356581879092
 20
258.9553630356623
 30
0.0
 11
256.0506426861624
 21
240.293755041679
 31
0.0
  0
LINE
  5
799
330
70
100
AcDbEntity
  8
Visible
100
AcDbLine
 10
255.0356596214009
 20
259.9545600773407
 30
0.0
 11
254.3349496498352
 21
259.954560855914
 31
0.0
  0
LINE
  5
79A
330
70
100
AcDbEntity
  8
Visible
100
AcDbLine
 10
255.0324458888782
 20
269.954559111123
 30
0.0
 11
254.3328277111586
 21
269.954559888484
 31
0.0
  0
LINE
  5
79B
330
70
100
AcDbEntity
  8
Visible
100
AcDbLine
 10
256.032447
 20
289.6145579999999
 30
0.0
 11
256.032447
 21
270.9545591111224
 31
0.0
  0
LINE
  5
79C
330
70
100
AcDbEntity
  8
0
100
AcDbLine
 10
254.341939
 20
11.06455799999999
 30
0.0
 11
256.9919460000001
 21
11.06455799999999
 31
0.0
  0
LINE
  5
79D
330
70
100
AcDbEntity
  8
Visible
100
AcDbLine
 10
253.342171
 20
304.9645579999999
 30
0.0
 11
253.342171
 21
303.314558
 31
0.0
  0
CIRCLE
  5
79E
330
70
100
AcDbEntity
  8
Visible
100
AcDbCircle
 10
-256.992178
 20
300.264558
 30
0.0
 40
1.199999999999989
210
0.0
220
0.0
230
-1.0
  0
ARC
  5
79F
330
70
100
AcDbEntity
  8
Visible
100
AcDbCircle
 10
256.992178
 20
300.264558
 30
0.0
 40
2.049999999999998
100
AcDbArc
 50
270.0
 51
90.0
  0
LINE
  5
7A0
330
70
100
AcDbEntity
  8
Visible
100
AcDbLine
 10
256.992178
 20
298.214558
 30
0.0
 11
254.342171
 21
298.214558
 31
0.0
  0
ARC
  5
7A1
330
70
100
AcDbEntity
  8
Visible
100
AcDbCircle
 10
254.342171
 20
297.2145580000001
 30
0.0
 40
1.0
100
AcDbArc
 50
90.0
 51
180.0
  0
ARC
  5
7A2
330
70
100
AcDbEntity
  8
Visible
100
AcDbCircle
 10
254.342171
 20
303.314558
 30
0.0
 40
1.0
100
AcDbArc
 50
180.0
 51
270.0
  0
LINE
  5
7A3
330
70
100
AcDbEntity
  8
0
100
AcDbLine
 10
254.342171
 20
302.314558
 30
0.0
 11
256.992178
 21
302.314558
 31
0.0
  0
LINE
  5
7A4
330
70
100
AcDbEntity
  8
0
100
AcDbLine
 10
253.342171
 20
297.2145580000001
 30
0.0
 11
253.3328288855628
 21
270.9549156478544
 31
0.0
  0
CIRCLE
  5
7A5
330
70
100
AcDbEntity
  8
Visible
100
AcDbCircle
 10
-256.9919530000001
 20
96.23455799999995
 30
0.0
 40
1.199999999999989
210
0.0
220
0.0
230
-1.0
  0
ARC
  5
7A6
330
70
100
AcDbEntity
  8
Visible
100
AcDbCircle
 10
256.9919530000001
 20
96.23455799999995
 30
0.0
 40
2.049999999999998
100
AcDbArc
 50
270.0
 51
90.0
  0
LINE
  5
7A7
330
70
100
AcDbEntity
  8
Visible
100
AcDbLine
 10
256.9919530000001
 20
94.184558
 30
0.0
 11
254.3419460000001
 21
94.184558
 31
0.0
  0
ARC
  5
7A8
330
70
100
AcDbEntity
  8
Visible
100
AcDbCircle
 10
254.3419460000001
 20
93.184558
 30
0.0
 40
1.0
100
AcDbArc
 50
90.0
 51
180.0
  0
ARC
  5
7A9
330
70
100
AcDbEntity
  8
Visible
100
AcDbCircle
 10
254.3419460000001
 20
99.28455800000001
 30
0.0
 40
1.0
100
AcDbArc
 50
180.0
 51
270.0
  0
LINE
  5
7AA
330
70
100
AcDbEntity
  8
0
100
AcDbLine
 10
254.3419460000001
 20
98.28455800000002
 30
0.0
 11
256.9919530000001
 21
98.28455800000002
 31
0.0
  0
CIRCLE
  5
7AB
330
70
100
AcDbEntity
  8
Visible
100
AcDbCircle
 10
-256.9877719407333
 20
215.474558
 30
0.0
 40
1.199999999999989
210
0.0
220
0.0
230
-1.0
  0
ARC
  5
7AC
330
70
100
AcDbEntity
  8
Visible
100
AcDbCircle
 10
256.9877719407333
 20
215.474558
 30
0.0
 40
2.049999999999998
100
AcDbArc
 50
270.0
 51
90.0
  0
LINE
  5
7AD
330
70
100
AcDbEntity
  8
Visible
100
AcDbLine
 10
256.9877719407333
 20
213.4245579999999
 30
0.0
 11
254.3377649407333
 21
213.4245579999999
 31
0.0
  0
ARC
  5
7AE
330
70
100
AcDbEntity
  8
Visible
100
AcDbCircle
 10
254.3377649407333
 20
212.4245579999999
 30
0.0
 40
1.0
100
AcDbArc
 50
90.0
 51
180.0
  0
ARC
  5
7AF
330
70
100
AcDbEntity
  8
Visible
100
AcDbCircle
 10
254.3377649407333
 20
218.5245579999999
 30
0.0
 40
1.0
100
AcDbArc
 50
180.0
 51
270.0
  0
LINE
  5
7B0
330
70
100
AcDbEntity
  8
0
100
AcDbLine
 10
254.3377649407333
 20
217.5245579999999
 30
0.0
 11
256.9877719407333
 21
217.5245579999999
 31
0.0
  0
LINE
  5
7B1
330
70
100
AcDbEntity
  8
0
100
AcDbLine
 10
253.3377649407333
 20
218.5245579999999
 30
0.0
 11
253.334948541141
 21
258.9544911946671
 31
0.0
  0
LWPOLYLINE
  5
7B2
330
70
100
AcDbEntity
  8
0
100
AcDbPolyline
 90
        4
 70
     1
 43
0.0
 10
180.881713
 20
259.545808
 10
192.881713
 20
259.545808
 10
192.881713
 20
264.545808
 10
180.881713
 20
264.545808
  0
LWPOLYLINE
  5
7BB
330
70
100
AcDbEntity
  8
0
100
AcDbPolyline
 90
        4
 70
     1
 43
0.0
 10
238.2373181214965
 20
242.9598408982084
 10
250.2373181214965
 20
242.9598408982084
 10
250.2373181214965
 20
247.9598408982084
 10
238.2373181214965
 20
247.9598408982084
  0
LINE
  5
7C9
330
70
100
AcDbEntity
  8
0
  6
Continuous
 62
     7
370
    25
100
AcDbLine
 10
212.931713
 20
7.895808000000002
 30
0.0
 11
212.931713
 21
25.65830799999999
 31
0.0
  0
LINE
  5
7CA
330
70
100
AcDbEntity
  8
0
  6
Continuous
 62
     7
370
    25
100
AcDbLine
 10
199.4317129999999
 20
26.15830799999999
 30
0.0
 11
212.431713
 21
26.15830799999999
 31
0.0
  0
LINE
  5
7CB
330
70
100
AcDbEntity
  8
0
  6
Continuous
 62
     7
370
    25
100
AcDbLine
 10
198.931713
 20
7.895808000000002
 30
0.0
 11
198.931713
 21
25.65830799999999
 31
0.0
  0
LINE
  5
7CC
330
70
100
AcDbEntity
  8
0
  6
Continuous
 62
     7
370
    25
100
AcDbLine
 10
199.4317129999999
 20
7.395808000000002
 30
0.0
 11
212.431713
 21
7.395808000000002
 31
0.0
  0
ARC
  5
7CE
330
70
100
AcDbEntity
  8
0
  6
Continuous
 62
     7
370
    25
100
AcDbCircle
 10
212.431713
 20
25.65830799999999
 30
0.0
 40
0.4999999999999858
100
AcDbArc
 50
0.0
 51
90.0
  0
ARC
  5
7CF
330
70
100
AcDbEntity
  8
0
  6
Continuous
 62
     7
370
    25
100
AcDbCircle
 10
199.4317129999999
 20
25.65830799999999
 30
0.0
 40
0.4999999999999716
100
AcDbArc
 50
90.0
 51
180.0
  0
ARC
  5
7D0
330
70
100
AcDbEntity
  8
0
  6
Continuous
 62
     7
370
    25
100
AcDbCircle
 10
199.4317129999999
 20
7.895808000000002
 30
0.0
 40
0.5000000000000027
100
AcDbArc
 50
180.0
 51
270.0
  0
ARC
  5
7D1
330
70
100
AcDbEntity
  8
0
  6
Continuous
 62
     7
370
    25
100
AcDbCircle
 10
212.431713
 20
7.895808000000002
 30
0.0
 40
0.5000000000000285
100
AcDbArc
 50
270.0
 51
0.0
  0
ARC
  5
7DC
330
70
100
AcDbEntity
  8
Visible
100
AcDbCircle
 10
257.0514445
 20
190.6245579999999
 30
0.0
 40
1.0
100
AcDbArc
 50
90.0
 51
180.0
  0
ARC
  5
7DD
330
70
100
AcDbEntity
  8
0
100
AcDbCircle
 10
258.6324475
 20
190.6245579999999
 30
0.0
 40
1.0
100
AcDbArc
 50
0.0
 51
90.0
  0
ARC
  5
7DE
330
70
100
AcDbEntity
  8
Visible
100
AcDbCircle
 10
257.0506419060228
 20
123.1345579999999
 30
0.0
 40
1.0
100
AcDbArc
 50
180.0460037062347
 51
270.0
  0
ARC
  5
7DF
330
70
100
AcDbEntity
  8
0
100
AcDbCircle
 10
258.6324475
 20
123.1345579999999
 30
0.0
 40
1.0
100
AcDbArc
 50
270.0
 51
0.0
  0
ARC
  5
7E0
330
70
100
AcDbEntity
  8
0
100
AcDbCircle
 10
255.0292355136989
 20
149.7945563883142
 30
0.0
 40
1.0
100
AcDbArc
 50
0.046003706234731
 51
90.0
  0
ARC
  5
7E1
330
70
100
AcDbEntity
  8
0
100
AcDbCircle
 10
254.342049155089
 20
149.7945563883142
 30
0.0
 40
1.0
100
AcDbArc
 50
90.0
 51
179.9998829865116
  0
ARC
  5
7E2
330
70
100
AcDbEntity
  8
0
100
AcDbCircle
 10
254.3419770325069
 20
163.9645579999999
 30
0.0
 40
1.0
100
AcDbArc
 50
180.0046852046098
 51
270.0
  0
ARC
  5
7E3
330
70
100
AcDbEntity
  8
0
100
AcDbCircle
 10
255.0514445
 20
163.9645579999999
 30
0.0
 40
1.0
100
AcDbArc
 50
270.0
 51
0.0
  0
ARC
  5
7E4
330
70
100
AcDbEntity
  8
Visible
100
AcDbCircle
 10
257.0506423637913
 20
240.294558
 30
0.0
 40
1.0
100
AcDbArc
 50
180.0460061278636
 51
270.0
  0
ARC
  5
7E5
330
70
100
AcDbEntity
  8
Visible
100
AcDbCircle
 10
258.632447
 20
240.294558
 30
0.0
 40
1.0
100
AcDbArc
 50
270.0
 51
0.0
  0
ARC
  5
7E6
330
70
100
AcDbEntity
  8
Visible
100
AcDbCircle
 10
258.632447
 20
289.6145579999999
 30
0.0
 40
1.0
100
AcDbArc
 50
0.0
 51
90.0
  0
ARC
  5
7E7
330
70
100
AcDbEntity
  8
Visible
100
AcDbCircle
 10
257.032447
 20
289.6145579999999
 30
0.0
 40
1.0
100
AcDbArc
 50
90.0
 51
180.0
  0
ARC
  5
7E8
330
70
100
AcDbEntity
  8
Visible
100
AcDbCircle
 10
255.032447
 20
270.9545591111224
 30
0.0
 40
1.0
100
AcDbArc
 50
269.9999363374099
 51
0.0
  0
ARC
  5
7E9
330
70
100
AcDbEntity
  8
0
100
AcDbCircle
 10
254.3328288222804
 20
270.9545598884834
 30
0.0
 40
1.0
100
AcDbArc
 50
179.9796164890892
 51
269.9999363374094
  0
ARC
  5
7EA
330
70
100
AcDbEntity
  8
0
100
AcDbCircle
 10
254.3349485387146
 20
258.9545608559146
 30
0.0
 40
1.0
100
AcDbArc
 50
89.99993633748061
 51
180.0039912954846
  0
ARC
  5
7EB
330
70
100
AcDbEntity
  8
Visible
100
AcDbCircle
 10
255.0356585102803
 20
258.9545600773413
 30
0.0
 40
1.0
100
AcDbArc
 50
0.0460061278636726
 51
89.99993633748008
  0
ARC
  5
7EC
330
70
100
AcDbEntity
  8
Visible
100
AcDbCircle
 10
257.041946
 20
69.33455799999997
 30
0.0
 40
1.0
100
AcDbArc
 50
90.0
 51
180.0
  0
ARC
  5
7ED
330
70
100
AcDbEntity
  8
Visible
100
AcDbCircle
 10
258.6419460000001
 20
69.33455799999997
 30
0.0
 40
1.0
100
AcDbArc
 50
0.0
 51
90.0
  0
ARC
  5
7EE
330
70
100
AcDbEntity
  8
Visible
100
AcDbCircle
 10
257.0601413637914
 20
20.01455800000004
 30
0.0
 40
1.0
100
AcDbArc
 50
180.0460061278637
 51
270.0
  0
ARC
  5
7EF
330
70
100
AcDbEntity
  8
Visible
100
AcDbCircle
 10
258.6419460000001
 20
20.01455800000004
 30
0.0
 40
1.0
100
AcDbArc
 50
270.0
 51
0.0
  0
ARC
  5
7F0
330
70
100
AcDbEntity
  8
Visible
100
AcDbCircle
 10
255.0451575102803
 20
38.67456007734137
 30
0.0
 40
1.0
100
AcDbArc
 50
0.0460061278638252
 51
89.9999363374801
  0
ARC
  5
7F1
330
70
100
AcDbEntity
  8
Visible
100
AcDbCircle
 10
255.0451597325215
 20
40.67456007734015
 30
0.0
 40
1.0
100
AcDbArc
 50
269.9999363374818
 51
269.9999363374818
  0
ARC
  5
7F2
330
70
100
AcDbEntity
  8
Visible
100
AcDbCircle
 10
254.341939
 20
38.67456085870193
 30
0.0
 40
1.0
100
AcDbArc
 50
89.99993633748065
 51
180.0
  0
ARC
  5
7FD
330
70
100
AcDbEntity
  8
Visible
100
AcDbCircle
 10
255.041946
 20
50.67455911112243
 30
0.0
 40
1.0
100
AcDbArc
 50
269.9999363374099
 51
0.0
  0
ARC
  5
7FE
330
70
100
AcDbEntity
  8
Visible
100
AcDbCircle
 10
254.3419760069749
 20
50.67455988887435
 30
0.0
 40
1.0
100
AcDbArc
 50
179.9999614049883
 51
269.9999363374098
  0
ARC
  5
7FF
330
70
100
AcDbEntity
  8
Visible
100
AcDbCircle
 10
153.181713
 20
20.014558
 30
0.0
 40
1.0
100
AcDbArc
 50
180.0
 51
270.0
  0
ARC
  5
800
330
70
100
AcDbEntity
  8
Visible
100
AcDbCircle
 10
153.181713
 20
69.334558
 30
0.0
 40
1.0
100
AcDbArc
 50
90.0
 51
180.0
  0
ARC
  5
801
330
70
100
AcDbEntity
  8
Visible
100
AcDbCircle
 10
154.781713
 20
69.334558
 30
0.0
 40
1.0
100
AcDbArc
 50
0.0
 51
90.0
  0
ARC
  5
802
330
70
100
AcDbEntity
  8
Visible
100
AcDbCircle
 10
156.781713
 20
50.67455911112243
 30
0.0
 40
1.0
100
AcDbArc
 50
180.0
 51
270.0000636625901
  0
ARC
  5
803
330
70
100
AcDbEntity
  8
Visible
100
AcDbCircle
 10
157.481682993025
 20
50.67455988887435
 30
0.0
 40
1.0
100
AcDbArc
 50
270.0000636625902
 51
0.0000385950116536
  0
ARC
  5
804
330
70
100
AcDbEntity
  8
Visible
100
AcDbCircle
 10
157.48172
 20
38.67456085870195
 30
0.0
 40
1.0
100
AcDbArc
 50
0.0
 51
90.00006366251938
  0
ARC
  5
805
330
70
100
AcDbEntity
  8
Visible
100
AcDbCircle
 10
156.7785014897197
 20
38.67456007734139
 30
0.0
 40
1.0
100
AcDbArc
 50
90.00006366251943
 51
179.9539938721363
  0
ARC
  5
806
330
70
100
AcDbEntity
  8
Visible
100
AcDbCircle
 10
154.7635176362086
 20
20.014558
 30
0.0
 40
1.0
100
AcDbArc
 50
270.0
 51
359.9539938721363
  0
ARC
  5
807
330
70
100
AcDbEntity
  8
0
100
AcDbCircle
 10
153.1912115
 20
123.134558
 30
0.0
 40
1.0
100
AcDbArc
 50
180.0
 51
270.0
  0
ARC
  5
808
330
70
100
AcDbEntity
  8
Visible
100
AcDbCircle
 10
154.7730170939772
 20
123.134558
 30
0.0
 40
1.0
100
AcDbArc
 50
270.0
 51
359.9539962937653
  0
ARC
  5
809
330
70
100
AcDbEntity
  8
0
100
AcDbCircle
 10
157.481609844911
 20
149.7945563883142
 30
0.0
 40
1.0
100
AcDbArc
 50
0.0001170134883808
 51
90.0
  0
ARC
  5
80A
330
70
100
AcDbEntity
  8
0
100
AcDbCircle
 10
156.7944234863011
 20
149.7945563883142
 30
0.0
 40
1.0
100
AcDbArc
 50
90.0
 51
179.9539962937653
  0
ARC
  5
80B
330
70
100
AcDbEntity
  8
0
100
AcDbCircle
 10
156.7722145
 20
163.964558
 30
0.0
 40
1.0
100
AcDbArc
 50
180.0
 51
270.0
  0
ARC
  5
80C
330
70
100
AcDbEntity
  8
0
100
AcDbCircle
 10
157.481681967493
 20
163.964558
 30
0.0
 40
1.0
100
AcDbArc
 50
270.0
 51
359.9953147953902
  0
ARC
  5
80D
330
70
100
AcDbEntity
  8
Visible
100
AcDbCircle
 10
154.7722145
 20
190.624558
 30
0.0
 40
1.0
100
AcDbArc
 50
0.0
 51
90.0
  0
ARC
  5
80E
330
70
100
AcDbEntity
  8
0
100
AcDbCircle
 10
153.1912115
 20
190.624558
 30
0.0
 40
1.0
100
AcDbArc
 50
90.0
 51
180.0
  0
ARC
  5
80F
330
70
100
AcDbEntity
  8
Visible
100
AcDbCircle
 10
154.7730166362086
 20
240.294558
 30
0.0
 40
1.0
100
AcDbArc
 50
270.0
 51
359.9539938721363
  0
ARC
  5
810
330
70
100
AcDbEntity
  8
Visible
100
AcDbCircle
 10
156.7880004897197
 20
258.9545600773414
 30
0.0
 40
1.0
100
AcDbArc
 50
90.00006366251938
 51
179.9539938721362
  0
ARC
  5
811
330
70
100
AcDbEntity
  8
0
100
AcDbCircle
 10
157.4887104612854
 20
258.9545608559147
 30
0.0
 40
1.0
100
AcDbArc
 50
359.9960087045154
 51
90.00006366251938
  0
ARC
  5
812
330
70
100
AcDbEntity
  8
Visible
100
AcDbCircle
 10
153.191212
 20
240.294558
 30
0.0
 40
1.0
100
AcDbArc
 50
180.0
 51
270.0
  0
ARC
  5
813
330
70
100
AcDbEntity
  8
Visible
100
AcDbCircle
 10
153.191212
 20
289.614558
 30
0.0
 40
1.0
100
AcDbArc
 50
90.0
 51
180.0
  0
ARC
  5
814
330
70
100
AcDbEntity
  8
Visible
100
AcDbCircle
 10
154.791212
 20
289.614558
 30
0.0
 40
1.0
100
AcDbArc
 50
0.0
 51
90.0
  0
ARC
  5
815
330
70
100
AcDbEntity
  8
Visible
100
AcDbCircle
 10
156.791212
 20
270.9545591111224
 30
0.0
 40
1.0
100
AcDbArc
 50
180.0
 51
270.0000636625901
  0
ARC
  5
816
330
70
100
AcDbEntity
  8
0
100
AcDbCircle
 10
157.4908301777196
 20
270.9545598884834
 30
0.0
 40
1.0
100
AcDbArc
 50
270.0000636625907
 51
0.0203835109107541
  0
ENDSEC
  0
SECTION
  2
OBJECTS
  0
DICTIONARY
  5
C
330
0
100
AcDbDictionary
281
     1
  3
ACAD_BACKGROUND
350
613
  3
ACAD_CIP_PREVIOUS_PRODUCT_INFO
350
612
  3
ACAD_COLOR
350
63
  3
ACAD_DETAILVIEWSTYLE
350
6A
  3
ACAD_GROUP
350
D
  3
ACAD_LAYOUT
350
62
  3
ACAD_MATERIAL
350
10
  3
ACAD_MLEADERSTYLE
350
66
  3
ACAD_MLINESTYLE
350
5F
  3
ACAD_PLOTSETTINGS
350
61
  3
ACAD_PLOTSTYLENAME
350
E
  3
ACAD_SCALELIST
350
42
  3
ACAD_SECTIONVIEWSTYLE
350
68
  3
ACAD_TABLESTYLE
350
64
  3
ACAD_VISUALSTYLE
350
29
  3
ACDB_RECOMPOSE_DATA
350
818
  3
AcDbVariableDictionary
350
5FB
  0
DICTIONARY
  5
AE
330
70
100
AcDbDictionary
280
     1
281
     1
  3
ACAD_SORTENTS
360
AF
  0
DICTIONARY
  5
613
102
{ACAD_REACTORS
330
C
102
}
330
C
100
AcDbDictionary
281
     1
  0
XRECORD
  5
612
102
{ACAD_REACTORS
330
C
102
}
330
C
100
AcDbXrecord
280
     1
300
ACD
300
2022
300

  0
DICTIONARY
  5
63
102
{ACAD_REACTORS
330
C
102
}
330
C
100
AcDbDictionary
281
     1
  0
DICTIONARY
  5
6A
102
{ACAD_REACTORS
330
C
102
}
330
C
100
AcDbDictionary
281
     1
  3
Imperial24
350
6B
  3
Metric50
350
60C
  0
DICTIONARY
  5
D
102
{ACAD_REACTORS
330
C
102
}
330
C
100
AcDbDictionary
281
     1
  0
DICTIONARY
  5
62
102
{ACAD_REACTORS
330
C
102
}
330
C
100
AcDbDictionary
281
     1
  3
Model
350
73
  3
Sheet1
350
6F
  3
Sheet2
350
77
  0
DICTIONARY
  5
10
102
{ACAD_REACTORS
330
C
102
}
330
C
100
AcDbDictionary
281
     1
  3
ByBlock
350
19
  3
ByLayer
350
11
  3
Global
350
21
  0
DICTIONARY
  5
66
102
{ACAD_REACTORS
330
C
102
}
330
C
100
AcDbDictionary
281
     1
  3
Standard
350
67
  0
DICTIONARY
  5
5F
102
{ACAD_REACTORS
330
C
102
}
330
C
100
AcDbDictionary
281
     1
  3
Standard
350
60
  0
DICTIONARY
  5
61
102
{ACAD_REACTORS
330
C
102
}
330
C
100
AcDbDictionary
281
     1
  0
ACDBDICTIONARYWDFLT
  5
E
102
{ACAD_REACTORS
330
C
102
}
330
C
100
AcDbDictionary
281
     1
  3
Normal
350
F
100
AcDbDictionaryWithDefault
340
F
  0
DICTIONARY
  5
42
102
{ACAD_REACTORS
330
C
102
}
330
C
100
AcDbDictionary
281
     1
  3
*A1
350
9E
  3
*A10
350
A0
  3
*A11
350
A1
  3
*A12
350
A2
  3
*A13
350
A3
  3
*A14
350
A4
  3
*A15
350
A5
  3
*A16
350
A6
  3
*A2
350
A7
  3
*A3
350
A8
  3
*A4
350
A9
  3
*A5
350
AA
  3
*A6
350
AB
  3
*A7
350
AC
  3
*A8
350
AD
  3
*A9
350
9F
  3
A0
350
43
  3
A1
350
44
  3
A2
350
45
  3
A3
350
46
  3
A4
350
47
  3
A5
350
48
  3
A6
350
49
  3
A7
350
4A
  3
A8
350
4B
  3
A9
350
4C
  3
B0
350
4D
  3
B1
350
4E
  3
B2
350
4F
  3
B3
350
50
  3
B4
350
51
  3
B5
350
52
  3
B6
350
53
  0
DICTIONARY
  5
68
102
{ACAD_REACTORS
330
C
102
}
330
C
100
AcDbDictionary
281
     1
  3
Imperial24
350
69
  3
Metric50
350
60B
  0
DICTIONARY
  5
64
102
{ACAD_REACTORS
330
C
102
}
330
C
100
AcDbDictionary
281
     1
  3
Standard
350
65
  0
DICTIONARY
  5
29
102
{ACAD_REACTORS
330
C
102
}
330
C
100
AcDbDictionary
281
     1
  3
2dWireframe
350
2F
  3
Basic
350
2E
  3
Brighten
350
35
  3
ColorChange
350
39
  3
Conceptual
350
32
  3
Dim
350
34
  3
EdgeColorOff
350
41
  3
Facepattern
350
38
  3
Flat
350
2A
  3
FlatWithEdges
350
2B
  3
Gouraud
350
2C
  3
GouraudWithEdges
350
2D
  3
Hidden
350
31
  3
JitterOff
350
3F
  3
Linepattern
350
37
  3
OverhangOff
350
40
  3
Realistic
350
33
  3
Shaded
350
3E
  3
Shaded with edges
350
3D
  3
Shades of Gray
350
3A
  3
Sketchy
350
3B
  3
Thicken
350
36
  3
Wireframe
350
30
  3
X-Ray
350
3C
  0
XRECORD
  5
818
102
{ACAD_REACTORS
330
C
102
}
330
C
100
AcDbXrecord
280
     1
 90
        1
330
65
  0
DICTIONARY
  5
5FB
102
{ACAD_REACTORS
330
C
102
}
330
C
100
AcDbDictionary
281
     1
  3
ANNOALLVISIBLE
350
600
  3
CANNOSCALE
350
601
  3
CMLEADERSTYLE
350
5FD
  3
CTABLESTYLE
350
5FC
  3
CVIEWDETAILSTYLE
350
5FE
  3
CVIEWSECTIONSTYLE
350
5FF
  0
SORTENTSTABLE
  5
AF
102
{ACAD_REACTORS
330
AE
102
}
330
AE
100
AcDbSortentsTable
330
70
331
35C
  5
35D
331
35D
  5
35E
331
35E
  5
360
331
35F
  5
362
331
360
  5
364
331
361
  5
366
331
362
  5
36F
331
363
  5
371
331
364
  5
375
331
366
  5
37B
331
36E
  5
37D
331
36F
  5
382
331
372
  5
383
331
373
  5
384
331
376
  5
385
331
377
  5
386
331
379
  5
387
331
37A
  5
388
331
37B
  5
389
331
380
  5
38A
331
381
  5
38B
331
382
  5
38C
331
383
  5
38D
331
384
  5
38E
331
385
  5
38F
331
386
  5
390
331
387
  5
391
331
388
  5
392
331
389
  5
393
331
38A
  5
394
331
38B
  5
395
331
38C
  5
396
331
38D
  5
397
331
38E
  5
398
331
38F
  5
399
331
390
  5
39A
331
391
  5
39B
331
392
  5
39C
331
393
  5
39D
331
394
  5
39E
331
395
  5
39F
331
396
  5
3A0
331
397
  5
3A1
331
398
  5
3A2
331
399
  5
3A3
331
39A
  5
3A4
331
39B
  5
3A5
331
39C
  5
3A6
331
39D
  5
3A7
331
39E
  5
3A8
331
39F
  5
3A9
331
3A0
  5
3AA
331
3A1
  5
3AB
331
3A2
  5
3AC
331
3A3
  5
3AD
331
3A4
  5
3AE
331
3A5
  5
3AF
331
3A6
  5
3B0
331
3A7
  5
3B1
331
3A8
  5
3B2
331
3A9
  5
3B3
331
3AA
  5
3B4
331
3AB
  5
3B5
331
3AC
  5
3B6
331
3AD
  5
3B7
331
3AE
  5
3B8
331
3AF
  5
3B9
331
3B0
  5
3BA
331
3B1
  5
3BB
331
3B2
  5
3BC
331
3B3
  5
3BF
331
3B4
  5
3C0
331
3B5
  5
3C1
331
3B6
  5
3C2
331
3B7
  5
3C3
331
3B8
  5
3C4
331
3B9
  5
3C5
331
3BA
  5
3C6
331
3BD
  5
3C7
331
3BE
  5
3C8
331
3BF
  5
3C9
331
3C0
  5
3CA
331
3C1
  5
3CB
331
3C2
  5
3CC
331
3C3
  5
3CD
331
3C4
  5
3CE
331
3C5
  5
3CF
331
3C6
  5
3D0
331
3C7
  5
3D1
331
3C8
  5
3D2
331
3C9
  5
3D3
331
3CA
  5
3D4
331
3CB
  5
3D5
331
3CC
  5
3D6
331
3CD
  5
3D7
331
3CE
  5
3D8
331
3CF
  5
3D9
331
3D0
  5
3DA
331
3D1
  5
3DB
331
3D2
  5
3DC
331
3D3
  5
3DD
331
3D4
  5
3DE
331
3D5
  5
3DF
331
3D6
  5
3E0
331
3D7
  5
3E1
331
3D8
  5
3E2
331
3D9
  5
3E3
331
3DA
  5
3E4
331
3DB
  5
3E5
331
3DC
  5
3E6
331
3DD
  5
3E7
331
3DE
  5
3E8
331
3DF
  5
3E9
331
3E0
  5
3EA
331
3E1
  5
3EB
331
3E2
  5
3EC
331
3E3
  5
3ED
331
3E4
  5
3EE
331
3E5
  5
3EF
331
3E6
  5
3F0
331
3E7
  5
3F1
331
3E8
  5
3F2
331
3E9
  5
3F3
331
3EA
  5
3F4
331
3EB
  5
3F5
331
3EC
  5
3F6
331
3ED
  5
3F7
331
3EE
  5
3F8
331
3EF
  5
3F9
331
3F0
  5
3FA
331
3F1
  5
3FB
331
3F2
  5
3FC
331
3F3
  5
3FD
331
3F4
  5
3FE
331
3F5
  5
407
331
3F6
  5
408
331
3F7
  5
409
331
3F8
  5
40A
331
3F9
  5
40B
331
3FA
  5
40C
331
3FB
  5
40D
331
3FC
  5
40E
331
405
  5
40F
331
406
  5
410
331
407
  5
411
331
408
  5
412
331
409
  5
413
331
40A
  5
414
331
40B
  5
415
331
40C
  5
416
331
40D
  5
417
331
40E
  5
418
331
40F
  5
419
331
410
  5
41A
331
411
  5
41B
331
412
  5
41C
331
413
  5
41D
331
414
  5
41E
331
415
  5
41F
331
416
  5
420
331
417
  5
421
331
418
  5
422
331
419
  5
423
331
41A
  5
424
331
41B
  5
425
331
41C
  5
426
331
41D
  5
427
331
41E
  5
428
331
41F
  5
429
331
420
  5
42A
331
421
  5
42B
331
422
  5
42C
331
423
  5
42D
331
424
  5
42E
331
425
  5
42F
331
426
  5
430
331
427
  5
431
331
428
  5
432
331
429
  5
433
331
42A
  5
434
331
42B
  5
435
331
42C
  5
436
331
42D
  5
437
331
42E
  5
438
331
42F
  5
439
331
430
  5
43A
331
431
  5
43B
331
432
  5
43C
331
433
  5
43D
331
434
  5
43E
331
435
  5
43F
331
436
  5
440
331
437
  5
441
331
438
  5
442
331
439
  5
443
331
43A
  5
444
331
43B
  5
445
331
43C
  5
446
331
43D
  5
447
331
43E
  5
448
331
43F
  5
449
331
440
  5
44A
331
441
  5
44B
331
442
  5
44C
331
443
  5
44D
331
444
  5
44E
331
445
  5
44F
331
446
  5
450
331
447
  5
451
331
448
  5
452
331
449
  5
453
331
44A
  5
454
331
44B
  5
455
331
44C
  5
456
331
44D
  5
457
331
44E
  5
458
331
44F
  5
459
331
450
  5
45A
331
451
  5
45B
331
452
  5
45C
331
453
  5
45D
331
454
  5
45E
331
455
  5
45F
331
456
  5
460
331
457
  5
461
331
458
  5
462
331
459
  5
463
331
45A
  5
464
331
45B
  5
465
331
45C
  5
466
331
45D
  5
467
331
45E
  5
468
331
45F
  5
469
331
460
  5
46A
331
461
  5
46B
331
462
  5
46C
331
463
  5
46D
331
464
  5
46E
331
465
  5
46F
331
466
  5
470
331
467
  5
471
331
468
  5
472
331
469
  5
473
331
46A
  5
474
331
46B
  5
475
331
46C
  5
476
331
46D
  5
477
331
46E
  5
478
331
46F
  5
479
331
470
  5
47A
331
471
  5
47B
331
472
  5
47C
331
473
  5
47D
331
474
  5
47E
331
475
  5
47F
331
476
  5
480
331
477
  5
481
331
478
  5
482
331
479
  5
483
331
47A
  5
484
331
47B
  5
485
331
47C
  5
486
331
47D
  5
487
331
47E
  5
488
331
47F
  5
489
331
480
  5
48A
331
481
  5
48B
331
482
  5
48C
331
483
  5
48D
331
484
  5
48E
331
485
  5
48F
331
486
  5
490
331
487
  5
491
331
488
  5
492
331
489
  5
493
331
48A
  5
494
331
48B
  5
495
331
48C
  5
496
331
48D
  5
497
331
48E
  5
498
331
48F
  5
499
331
490
  5
49A
331
491
  5
49B
331
492
  5
49C
331
493
  5
49D
331
494
  5
49E
331
495
  5
49F
331
496
  5
4A0
331
497
  5
4A1
331
498
  5
4A2
331
499
  5
4A3
331
49A
  5
4A4
331
49B
  5
4A5
331
49C
  5
4A6
331
49D
  5
4A7
331
49E
  5
4A8
331
49F
  5
4A9
331
4A0
  5
4AA
331
4A1
  5
4AB
331
4A2
  5
4AC
331
4A3
  5
4AD
331
4A4
  5
4AE
331
4A5
  5
4AF
331
4A6
  5
4B0
331
4A7
  5
4B1
331
4A8
  5
4B2
331
4A9
  5
4B3
331
4AA
  5
4B4
331
4AB
  5
4B5
331
4AC
  5
4B6
331
4AD
  5
4B7
331
4AE
  5
4B8
331
4AF
  5
4B9
331
4B0
  5
4BA
331
4B1
  5
4BB
331
4B2
  5
4BC
331
4B3
  5
4BD
331
4B4
  5
4BE
331
4B5
  5
4BF
331
4B6
  5
4C0
331
4B7
  5
4C1
331
4B8
  5
4C2
331
4B9
  5
4C3
331
4BA
  5
4C4
331
4BB
  5
4C5
331
4BC
  5
4C6
331
4BD
  5
4C7
331
4BE
  5
4C8
331
4BF
  5
4C9
331
4C0
  5
4CA
331
4C1
  5
4CB
331
4C2
  5
4CC
331
4C3
  5
4CD
331
4C4
  5
4CE
331
4C5
  5
4CF
331
4C6
  5
4D0
331
4C7
  5
4D1
331
4C8
  5
4D2
331
4C9
  5
4D3
331
4CA
  5
4D4
331
4CB
  5
4D5
331
4CC
  5
4D6
331
4CD
  5
4D7
331
4CE
  5
4D8
331
4CF
  5
4D9
331
4D0
  5
4DA
331
4D1
  5
4DB
331
4D2
  5
4DC
331
4D3
  5
4DD
331
4D4
  5
4DE
331
4D5
  5
4DF
331
4D6
  5
4E0
331
4D7
  5
4E1
331
4D8
  5
4E2
331
4D9
  5
4E3
331
4DA
  5
4E4
331
4DB
  5
4E5
331
4DC
  5
4E6
331
4DD
  5
4E7
331
4DE
  5
4E8
331
4DF
  5
4E9
331
4E0
  5
4EA
331
4E1
  5
4EB
331
4E2
  5
4EC
331
4E3
  5
4ED
331
4E4
  5
4EE
331
4E5
  5
4EF
331
4E6
  5
4F0
331
4E7
  5
4F1
331
4E8
  5
4F2
331
4E9
  5
4F3
331
4EA
  5
4F4
331
4EB
  5
4F5
331
4EC
  5
4F6
331
4ED
  5
4F7
331
4EE
  5
4F8
331
4EF
  5
4F9
331
4F0
  5
4FA
331
4F1
  5
4FB
331
4F2
  5
4FC
331
4F3
  5
4FD
331
4F4
  5
4FE
331
4F5
  5
4FF
331
4F6
  5
500
331
4F7
  5
501
331
4F8
  5
502
331
4F9
  5
503
331
4FA
  5
504
331
4FB
  5
505
331
4FC
  5
506
331
4FD
  5
507
331
4FE
  5
508
331
4FF
  5
509
331
500
  5
50A
331
501
  5
50B
331
502
  5
50C
331
503
  5
50D
331
504
  5
50E
331
505
  5
50F
331
506
  5
510
331
507
  5
511
331
508
  5
512
331
509
  5
513
331
50A
  5
514
331
50B
  5
515
331
50C
  5
516
331
50D
  5
517
331
50E
  5
518
331
50F
  5
519
331
510
  5
51A
331
511
  5
51B
331
512
  5
51C
331
513
  5
51D
331
514
  5
51E
331
515
  5
51F
331
516
  5
520
331
517
  5
521
331
518
  5
522
331
519
  5
523
331
51A
  5
524
331
51B
  5
525
331
51C
  5
526
331
51D
  5
527
331
51E
  5
528
331
51F
  5
529
331
520
  5
52A
331
521
  5
52B
331
522
  5
52C
331
523
  5
52D
331
524
  5
52E
331
525
  5
52F
331
526
  5
530
331
527
  5
531
331
528
  5
532
331
529
  5
533
331
52A
  5
534
331
52B
  5
535
331
52C
  5
536
331
52D
  5
537
331
52E
  5
538
331
52F
  5
539
331
530
  5
53A
331
531
  5
53B
331
532
  5
53C
331
533
  5
53D
331
534
  5
53E
331
535
  5
53F
331
536
  5
540
331
537
  5
541
331
538
  5
542
331
539
  5
543
331
53A
  5
544
331
53B
  5
545
331
53C
  5
546
331
53D
  5
547
331
53E
  5
548
331
53F
  5
549
331
540
  5
54A
331
541
  5
54B
331
542
  5
54C
331
543
  5
54D
331
544
  5
54E
331
545
  5
54F
331
546
  5
550
331
547
  5
551
331
548
  5
552
331
549
  5
553
331
54A
  5
554
331
54B
  5
555
331
54C
  5
556
331
54D
  5
557
331
54E
  5
558
331
54F
  5
559
331
550
  5
55A
331
551
  5
55B
331
552
  5
55C
331
553
  5
55D
331
554
  5
55E
331
555
  5
55F
331
556
  5
560
331
557
  5
561
331
558
  5
562
331
559
  5
563
331
55A
  5
564
331
55B
  5
565
331
55C
  5
566
331
55D
  5
567
331
55E
  5
568
331
55F
  5
569
331
560
  5
56A
331
561
  5
56B
331
562
  5
56C
331
563
  5
56D
331
564
  5
56E
331
565
  5
56F
331
566
  5
570
331
567
  5
571
331
568
  5
572
331
569
  5
573
331
56A
  5
574
331
56B
  5
575
331
56C
  5
576
331
56D
  5
577
331
56E
  5
578
331
56F
  5
579
331
570
  5
57A
331
571
  5
57B
331
572
  5
57C
331
573
  5
57D
331
574
  5
57E
331
575
  5
57F
331
576
  5
580
331
577
  5
581
331
578
  5
582
331
579
  5
583
331
57A
  5
584
331
57B
  5
585
331
57C
  5
586
331
57D
  5
587
331
57E
  5
588
331
57F
  5
589
331
580
  5
58A
331
581
  5
58B
331
582
  5
58C
331
583
  5
58D
331
584
  5
58E
331
585
  5
58F
331
586
  5
590
331
587
  5
591
331
588
  5
592
331
589
  5
593
331
58A
  5
594
331
58B
  5
595
331
58C
  5
596
331
58D
  5
597
331
58E
  5
598
331
58F
  5
599
331
590
  5
59A
331
591
  5
59B
331
592
  5
59C
331
593
  5
59D
331
594
  5
59E
331
595
  5
59F
331
596
  5
5A0
331
597
  5
5A1
331
598
  5
5A2
331
599
  5
5A3
331
59A
  5
5A4
331
59B
  5
5A5
331
59C
  5
5A6
331
59D
  5
5A7
331
59E
  5
5A8
331
59F
  5
5A9
331
5A0
  5
5AA
331
5A1
  5
5AB
331
5A2
  5
5AC
331
5A3
  5
5AD
331
5A4
  5
5AE
331
5A5
  5
5AF
331
5A6
  5
5B0
331
5A7
  5
5B1
331
5A8
  5
5B2
331
5A9
  5
5B3
331
5AA
  5
5B4
331
5AB
  5
5B5
331
5AC
  5
5B6
331
5AD
  5
5B7
331
5AE
  5
5B8
331
5AF
  5
5B9
331
5B0
  5
5BA
331
5B1
  5
5BB
331
5B2
  5
5BC
331
5B3
  5
5BD
331
5B4
  5
5BE
331
5B5
  5
5BF
331
5B6
  5
5C0
331
5B7
  5
5C1
331
5B8
  5
5C2
331
5B9
  5
5C3
331
5BA
  5
5C4
331
5BB
  5
5C5
331
5BC
  5
5C6
331
5BD
  5
5C7
331
5BE
  5
5C8
331
5BF
  5
5C9
331
5C0
  5
5CA
331
5C1
  5
5CB
331
5C2
  5
5CC
331
5C3
  5
5CD
331
5C4
  5
5CE
331
5C5
  5
5CF
331
5C6
  5
5D0
331
5C7
  5
5D1
331
5C8
  5
5D2
331
5C9
  5
5D3
331
5CA
  5
5D4
331
5CB
  5
5D5
331
5CC
  5
5D6
331
5CD
  5
5D7
331
5CE
  5
5D8
331
5CF
  5
5D9
331
5D0
  5
5DA
331
5D1
  5
5DB
331
5D2
  5
5DC
331
5D3
  5
5DD
331
5D4
  5
5DE
331
5D5
  5
5DF
331
5D6
  5
5E0
331
5D7
  5
5E1
331
5D8
  5
5E2
331
5D9
  5
5E3
331
5DA
  5
5E4
331
5DB
  5
5E5
331
5DC
  5
5E6
331
5DD
  5
5E7
331
5DE
  5
5E8
331
5DF
  5
5E9
331
5E0
  5
5EA
331
5E1
  5
5EB
331
5E2
  5
5EC
331
5E3
  5
5ED
331
5E4
  5
5EE
331
5E5
  5
5EF
331
5E6
  5
5F0
331
5E7
  5
5F1
331
5E8
  5
5F4
331
5E9
  5
5F5
331
5EA
  5
5F6
331
5EB
  5
5F7
331
5EC
  5
5F8
331
5ED
  5
5F9
331
5EE
  5
650
331
5EF
  5
651
331
5F2
  5
653
331
5F3
  5
654
331
5F4
  5
655
331
5F5
  5
656
331
5F6
  5
657
331
5F7
  5
658
331
5F8
  5
659
331
5F9
  5
65F
331
651
  5
66B
331
652
  5
66E
331
653
  5
670
331
654
  5
697
331
655
  5
699
331
656
  5
69B
331
657
  5
69D
331
659
  5
6A7
331
65E
  5
6A8
331
65F
  5
6AA
331
66B
  5
6AC
331
66C
  5
6AF
331
66D
  5
6B2
331
66E
  5
776
331
670
  5
35C
331
671
  5
35F
331
672
  5
778
331
697
  5
779
331
698
  5
77A
331
699
  5
77B
331
69A
  5
77C
331
69B
  5
77D
331
69C
  5
77E
331
69D
  5
77F
331
69E
  5
780
331
6A7
  5
781
331
6A8
  5
782
331
6A9
  5
783
331
6AA
  5
784
331
6AB
  5
785
331
6AC
  5
786
331
6AE
  5
787
331
6AF
  5
788
331
6B0
  5
789
331
6B1
  5
78A
331
6B2
  5
78C
331
6B3
  5
78D
331
733
  5
78E
331
776
  5
78F
331
777
  5
790
331
778
  5
791
331
779
  5
792
331
77A
  5
793
331
77B
  5
794
331
77C
  5
796
331
77D
  5
797
331
77E
  5
798
331
77F
  5
79A
331
780
  5
79D
331
781
  5
79F
331
782
  5
7A0
331
783
  5
7A3
331
785
  5
7A5
331
786
  5
7A7
331
787
  5
7A9
331
788
  5
7AB
331
789
  5
7AC
331
78A
  5
7AD
331
78B
  5
7AE
331
78C
  5
7AF
331
78D
  5
7B0
331
78E
  5
7B1
331
78F
  5
7C9
331
790
  5
7CA
331
791
  5
7CC
331
792
  5
7CF
331
793
  5
7D1
331
794
  5
7DD
331
795
  5
7DE
331
796
  5
7DF
331
797
  5
7E1
331
798
  5
7E3
331
799
  5
7E6
331
79A
  5
7E7
331
79B
  5
7E9
331
79C
  5
7EB
331
79D
  5
7EC
331
79E
  5
7ED
331
79F
  5
7EE
331
7A0
  5
7EF
331
7A1
  5
7F0
331
7A2
  5
7F1
331
7A3
  5
7F2
331
7A4
  5
7FD
331
7A5
  5
7FF
331
7A6
  5
800
331
7A7
  5
801
331
7A8
  5
802
331
7A9
  5
803
331
7AA
  5
804
331
7AB
  5
805
331
7AC
  5
806
331
7AD
  5
807
331
7AE
  5
808
331
7AF
  5
809
331
7B0
  5
80A
331
7B1
  5
80B
331
7B2
  5
80D
331
7BB
  5
80E
331
7C9
  5
80F
331
7CA
  5
810
331
7CB
  5
811
331
7CC
  5
812
331
7CE
  5
813
331
7CF
  5
814
331
7D0
  5
815
331
7D1
  5
816
331
7DC
  5
7CB
331
7DD
  5
7BB
331
7DE
  5
7CE
331
7DF
  5
7B2
331
7E0
  5
7DC
331
7E1
  5
7AA
331
7E2
  5
7A8
331
7E3
  5
7D0
331
7E4
  5
7E5
331
7E5
  5
7E2
331
7E6
  5
7E0
331
7E7
  5
7EA
331
7E9
  5
7FE
331
7EA
  5
80C
331
7EB
  5
7E4
331
7EC
  5
7A2
331
7ED
  5
7A1
331
7EE
  5
799
331
7EF
  5
7A4
331
7F0
  5
79B
331
7F1
  5
79C
331
7F2
  5
795
331
7FD
  5
79E
331
7FE
  5
7A6
331
7FF
  5
378
331
800
  5
374
331
801
  5
370
331
802
  5
36E
331
803
  5
37C
331
804
  5
365
331
805
  5
363
331
806
  5
361
331
807
  5
66D
331
808
  5
66F
331
809
  5
69C
331
80A
  5
698
331
80B
  5
69A
331
80C
  5
69E
331
80D
  5
672
331
80E
  5
66C
331
80F
  5
6AE
331
810
  5
6B1
331
811
  5
6B0
331
812
  5
6AB
331
813
  5
6A9
331
814
  5
777
331
815
  5
733
331
816
  5
6B3
  0
ACDBDETAILVIEWSTYLE
  5
6B
102
{ACAD_XDICTIONARY
360
81B
102
}
102
{ACAD_REACTORS
330
6A
102
}
330
6A
100
AcDbModelDocViewStyle
 70
     0
  3
Imperial24
290
     0
100
AcDbDetailViewStyle
 70
     0
 71
     0
 90
        3
 71
     1
340
55
 62
   256
 40
0.24
340
0
 62
   256
 40
0.24
300

 40
0.36
280
     3
 71
     2
340
5D
 90
       25
 62
   256
 71
     3
340
55
 62
   256
 40
0.24
 90
        1
 40
0.75
 90
        1
300
%<\AcVar ViewType \f "%tc1">% %<\AcVar ViewDetailId>%\PSCALE %<\AcVar ViewScale \f "%sn">%
 71
     4
340
5D
 90
       25
 62
   256
340
5D
 90
       25
 62
   256
280
     0
  0
ACDBDETAILVIEWSTYLE
  5
60C
102
{ACAD_XDICTIONARY
360
81F
102
}
102
{ACAD_REACTORS
330
6A
102
}
330
6A
100
AcDbModelDocViewStyle
 70
     0
  3
Metric50
290
     0
100
AcDbDetailViewStyle
 70
     0
 71
     0
 90
        3
 71
     1
340
55
 62
   256
 40
5.0
340
0
 62
   256
 40
5.0
300

 40
0.0
280
     1
 71
     2
340
5D
 90
       25
 62
   256
 71
     3
340
55
 62
   256
 40
5.0
 90
        0
 40
15.0
 90
        1
300
%<\AcVar ViewDetailId>% (%<\AcVar ViewScale \f "%sn">%)
 71
     4
340
5D
 90
       25
 62
   256
340
5D
 90
       25
 62
   256
280
     0
  0
LAYOUT
  5
73
102
{ACAD_REACTORS
330
62
102
}
330
62
100
AcDbPlotSettings
  1

  2
AutoCAD PDF (High Quality Print).pc3
  4
ISO_full_bleed_A3_(420.00_x_297.00_MM)
  6

 40
0.0
 41
0.0
 42
0.0
 43
0.0
 44
420.0
 45
297.0
 46
0.0
 47
0.0
 48
0.0
 49
0.0
140
0.0
141
0.0
142
1.0
143
1.394530999999999
 70
 11952
 72
     1
 73
     0
 74
     0
  7

 75
     0
147
0.7170870000000001
 76
     0
 77
     2
 78
   300
148
82.851476
149
12.68182
100
AcDbLayout
  1
Model
 70
     1
 71
     0
 10
0.0
 20
0.0
 11
12.0
 21
9.0
 12
0.0
 22
0.0
 32
0.0
 14
0.0
 24
0.0
 34
0.0
 15
0.0
 25
0.0
 35
0.0
146
0.0
 13
0.0
 23
0.0
 33
0.0
 16
1.0
 26
0.0
 36
0.0
 17
0.0
 27
1.0
 37
0.0
 76
     0
330
70
331
57
1001
ACAD_PSEXT
1000
AutoCAD PDF (High Quality Print).pc3
1000
DWG To PDF
1000
File
1000

1070
     0
  0
LAYOUT
  5
6F
102
{ACAD_REACTORS
330
62
102
}
330
62
100
AcDbPlotSettings
  1

  2
None
  4

  6

 40
0.0
 41
0.0
 42
0.0
 43
0.0
 44
0.0
 45
0.0
 46
0.0
 47
0.0
 48
0.0
 49
0.0
140
0.0
141
0.0
142
1.0
143
1.0
 70
   688
 72
     0
 73
     0
 74
     5
  7

 75
    16
147
1.0
 76
     0
 77
     2
 78
   300
148
0.0
149
0.0
100
AcDbLayout
  1
Sheet1
 70
     1
 71
     1
 10
0.0
 20
0.0
 11
12.0
 21
9.0
 12
0.0
 22
0.0
 32
0.0
 14
1.000000000000000E+20
 24
1.000000000000000E+20
 34
1.000000000000000E+20
 15
-1.000000000000000E+20
 25
-1.000000000000000E+20
 35
-1.000000000000000E+20
146
0.0
 13
0.0
 23
0.0
 33
0.0
 16
1.0
 26
0.0
 36
0.0
 17
0.0
 27
1.0
 37
0.0
 76
     0
330
6C
  0
LAYOUT
  5
77
102
{ACAD_REACTORS
330
62
102
}
330
62
100
AcDbPlotSettings
  1

  2
None
  4

  6

 40
0.0
 41
0.0
 42
0.0
 43
0.0
 44
0.0
 45
0.0
 46
0.0
 47
0.0
 48
0.0
 49
0.0
140
0.0
141
0.0
142
1.0
143
1.0
 70
   688
 72
     0
 73
     0
 74
     5
  7

 75
    16
147
1.0
 76
     0
 77
     2
 78
   300
148
0.0
149
0.0
100
AcDbLayout
  1
Sheet2
 70
     1
 71
     2
 10
0.0
 20
0.0
 11
12.0
 21
9.0
 12
0.0
 22
0.0
 32
0.0
 14
0.0
 24
0.0
 34
0.0
 15
0.0
 25
0.0
 35
0.0
146
0.0
 13
0.0
 23
0.0
 33
0.0
 16
1.0
 26
0.0
 36
0.0
 17
0.0
 27
1.0
 37
0.0
 76
     0
330
74
  0
MATERIAL
  5
19
102
{ACAD_XDICTIONARY
360
1A
102
}
102
{ACAD_REACTORS
330
10
102
}
330
10
100
AcDbMaterial
  1
ByBlock
 72
     0
 43
0.020833
 43
0.0
 43
0.0
 43
0.0
 43
0.0
 43
0.020833
 43
0.0
 43
0.0
 43
0.0
 43
0.0
 43
1.0
 43
0.0
 43
0.0
 43
0.0
 43
0.0
 43
1.0
 77
     0
 47
0.020833
 47
0.0
 47
0.0
 47
0.0
 47
0.0
 47
0.020833
 47
0.0
 47
0.0
 47
0.0
 47
0.0
 47
1.0
 47
0.0
 47
0.0
 47
0.0
 47
0.0
 47
1.0
171
     0
 49
0.020833
 49
0.0
 49
0.0
 49
0.0
 49
0.0
 49
0.020833
 49
0.0
 49
0.0
 49
0.0
 49
0.0
 49
1.0
 49
0.0
 49
0.0
 49
0.0
 49
0.0
 49
1.0
175
     0
142
0.020833
142
0.0
142
0.0
142
0.0
142
0.0
142
0.020833
142
0.0
142
0.0
142
0.0
142
0.0
142
1.0
142
0.0
142
0.0
142
0.0
142
0.0
142
1.0
179
     0
144
0.020833
144
0.0
144
0.0
144
0.0
144
0.0
144
0.020833
144
0.0
144
0.0
144
0.0
144
0.0
144
1.0
144
0.0
144
0.0
144
0.0
144
0.0
144
1.0
147
0.020833
147
0.0
147
0.0
147
0.0
147
0.0
147
0.020833
147
0.0
147
0.0
147
0.0
147
0.0
147
1.0
147
0.0
147
0.0
147
0.0
147
0.0
147
1.0
  0
MATERIAL
  5
11
102
{ACAD_XDICTIONARY
360
12
102
}
102
{ACAD_REACTORS
330
10
102
}
330
10
100
AcDbMaterial
  1
ByLayer
 72
     0
 43
0.020833
 43
0.0
 43
0.0
 43
0.0
 43
0.0
 43
0.020833
 43
0.0
 43
0.0
 43
0.0
 43
0.0
 43
1.0
 43
0.0
 43
0.0
 43
0.0
 43
0.0
 43
1.0
 77
     0
 47
0.020833
 47
0.0
 47
0.0
 47
0.0
 47
0.0
 47
0.020833
 47
0.0
 47
0.0
 47
0.0
 47
0.0
 47
1.0
 47
0.0
 47
0.0
 47
0.0
 47
0.0
 47
1.0
171
     0
 49
0.020833
 49
0.0
 49
0.0
 49
0.0
 49
0.0
 49
0.020833
 49
0.0
 49
0.0
 49
0.0
 49
0.0
 49
1.0
 49
0.0
 49
0.0
 49
0.0
 49
0.0
 49
1.0
175
     0
142
0.020833
142
0.0
142
0.0
142
0.0
142
0.0
142
0.020833
142
0.0
142
0.0
142
0.0
142
0.0
142
1.0
142
0.0
142
0.0
142
0.0
142
0.0
142
1.0
179
     0
144
0.020833
144
0.0
144
0.0
144
0.0
144
0.0
144
0.020833
144
0.0
144
0.0
144
0.0
144
0.0
144
1.0
144
0.0
144
0.0
144
0.0
144
0.0
144
1.0
147
0.020833
147
0.0
147
0.0
147
0.0
147
0.0
147
0.020833
147
0.0
147
0.0
147
0.0
147
0.0
147
1.0
147
0.0
147
0.0
147
0.0
147
0.0
147
1.0
  0
MATERIAL
  5
21
102
{ACAD_XDICTIONARY
360
22
102
}
102
{ACAD_REACTORS
330
10
102
}
330
10
100
AcDbMaterial
  1
Global
 72
     0
 43
0.020833
 43
0.0
 43
0.0
 43
0.0
 43
0.0
 43
0.020833
 43
0.0
 43
0.0
 43
0.0
 43
0.0
 43
1.0
 43
0.0
 43
0.0
 43
0.0
 43
0.0
 43
1.0
 77
     0
 47
0.020833
 47
0.0
 47
0.0
 47
0.0
 47
0.0
 47
0.020833
 47
0.0
 47
0.0
 47
0.0
 47
0.0
 47
1.0
 47
0.0
 47
0.0
 47
0.0
 47
0.0
 47
1.0
171
     0
 49
0.020833
 49
0.0
 49
0.0
 49
0.0
 49
0.0
 49
0.020833
 49
0.0
 49
0.0
 49
0.0
 49
0.0
 49
1.0
 49
0.0
 49
0.0
 49
0.0
 49
0.0
 49
1.0
175
     0
142
0.020833
142
0.0
142
0.0
142
0.0
142
0.0
142
0.020833
142
0.0
142
0.0
142
0.0
142
0.0
142
1.0
142
0.0
142
0.0
142
0.0
142
0.0
142
1.0
179
     0
144
0.020833
144
0.0
144
0.0
144
0.0
144
0.0
144
0.020833
144
0.0
144
0.0
144
0.0
144
0.0
144
1.0
144
0.0
144
0.0
144
0.0
144
0.0
144
1.0
147
0.020833
147
0.0
147
0.0
147
0.0
147
0.0
147
0.020833
147
0.0
147
0.0
147
0.0
147
0.0
147
1.0
147
0.0
147
0.0
147
0.0
147
0.0
147
1.0
  0
MLEADERSTYLE
  5
67
102
{ACAD_REACTORS
330
66
102
}
330
66
100
AcDbMLeaderStyle
179
     2
170
     2
171
     1
172
     0
 90
        2
 40
0.0
 41
0.0
173
     1
 91
-1056964608
340
5B
 92
       -2
290
     1
 42
0.09
291
     1
 43
0.36
  3
Standard
 44
0.18
300

342
55
174
     1
178
     6
175
     1
176
     0
 93
-1056964608
 45
0.18
292
     0
297
     0
 46
0.18
 94
-1056964608
 47
1.0
 49
1.0
140
1.0
293
     1
141
0.0
294
     1
177
     0
142
1.0
295
     0
296
     0
143
0.125
271
     0
272
     9
273
     9
298
     1
  0
MLINESTYLE
  5
60
102
{ACAD_REACTORS
330
5F
102
}
330
5F
100
AcDbMlineStyle
  2
STANDARD
 70
     0
  3

 62
   256
 51
90.0
 52
90.0
 71
     0
  0
ACDBPLACEHOLDER
  5
F
102
{ACAD_REACTORS
330
E
102
}
330
E
  0
SCALE
  5
9E
102
{ACAD_REACTORS
330
42
102
}
330
42
100
AcDbScale
 70
     0
300
1:2
140
1.0
141
2.0
290
     0
  0
SCALE
  5
A0
102
{ACAD_REACTORS
330
42
102
}
330
42
100
AcDbScale
 70
     0
300
1:5
140
1.0
141
5.0
290
     0
  0
SCALE
  5
A1
102
{ACAD_REACTORS
330
42
102
}
330
42
100
AcDbScale
 70
     0
300
1:8
140
1.0
141
8.0
290
     0
  0
SCALE
  5
A2
102
{ACAD_REACTORS
330
42
102
}
330
42
100
AcDbScale
 70
     0
300
1:10
140
1.0
141
10.0
290
     0
  0
SCALE
  5
A3
102
{ACAD_REACTORS
330
42
102
}
330
42
100
AcDbScale
 70
     0
300
1:16
140
1.0
141
16.0
290
     0
  0
SCALE
  5
A4
102
{ACAD_REACTORS
330
42
102
}
330
42
100
AcDbScale
 70
     0
300
1:20
140
1.0
141
20.0
290
     0
  0
SCALE
  5
A5
102
{ACAD_REACTORS
330
42
102
}
330
42
100
AcDbScale
 70
     0
300
1:30
140
1.0
141
30.0
290
     0
  0
SCALE
  5
A6
102
{ACAD_REACTORS
330
42
102
}
330
42
100
AcDbScale
 70
     0
300
1:40
140
1.0
141
40.0
290
     0
  0
SCALE
  5
A7
102
{ACAD_REACTORS
330
42
102
}
330
42
100
AcDbScale
 70
     0
300
1:50
140
1.0
141
50.0
290
     0
  0
SCALE
  5
A8
102
{ACAD_REACTORS
330
42
102
}
330
42
100
AcDbScale
 70
     0
300
1:100
140
1.0
141
100.0
290
     0
  0
SCALE
  5
A9
102
{ACAD_REACTORS
330
42
102
}
330
42
100
AcDbScale
 70
     0
300
2:1
140
2.0
141
1.0
290
     0
  0
SCALE
  5
AA
102
{ACAD_REACTORS
330
42
102
}
330
42
100
AcDbScale
 70
     0
300
4:1
140
4.0
141
1.0
290
     0
  0
SCALE
  5
AB
102
{ACAD_REACTORS
330
42
102
}
330
42
100
AcDbScale
 70
     0
300
8:1
140
8.0
141
1.0
290
     0
  0
SCALE
  5
AC
102
{ACAD_REACTORS
330
42
102
}
330
42
100
AcDbScale
 70
     0
300
10:1
140
10.0
141
1.0
290
     0
  0
SCALE
  5
AD
102
{ACAD_REACTORS
330
42
102
}
330
42
100
AcDbScale
 70
     0
300
100:1
140
100.0
141
1.0
290
     0
  0
SCALE
  5
9F
102
{ACAD_REACTORS
330
42
102
}
330
42
100
AcDbScale
 70
     0
300
1:4
140
1.0
141
4.0
290
     0
  0
SCALE
  5
43
102
{ACAD_REACTORS
330
42
102
}
330
42
100
AcDbScale
 70
     0
300
1:1
140
1.0
141
1.0
290
     1
  0
SCALE
  5
44
102
{ACAD_REACTORS
330
42
102
}
330
42
100
AcDbScale
 70
     0
300
1/128" = 1'-0"
140
0.007813
141
12.0
290
     0
  0
SCALE
  5
45
102
{ACAD_REACTORS
330
42
102
}
330
42
100
AcDbScale
 70
     0
300
1/64" = 1'-0"
140
0.015625
141
12.0
290
     0
  0
SCALE
  5
46
102
{ACAD_REACTORS
330
42
102
}
330
42
100
AcDbScale
 70
     0
300
1/32" = 1'-0"
140
0.03125
141
12.0
290
     0
  0
SCALE
  5
47
102
{ACAD_REACTORS
330
42
102
}
330
42
100
AcDbScale
 70
     0
300
1/16" = 1'-0"
140
0.0625
141
12.0
290
     0
  0
SCALE
  5
48
102
{ACAD_REACTORS
330
42
102
}
330
42
100
AcDbScale
 70
     0
300
3/32" = 1'-0"
140
0.09375
141
12.0
290
     0
  0
SCALE
  5
49
102
{ACAD_REACTORS
330
42
102
}
330
42
100
AcDbScale
 70
     0
300
1/8" = 1'-0"
140
0.125
141
12.0
290
     0
  0
SCALE
  5
4A
102
{ACAD_REACTORS
330
42
102
}
330
42
100
AcDbScale
 70
     0
300
3/16" = 1'-0"
140
0.1875
141
12.0
290
     0
  0
SCALE
  5
4B
102
{ACAD_REACTORS
330
42
102
}
330
42
100
AcDbScale
 70
     0
300
1/4" = 1'-0"
140
0.25
141
12.0
290
     0
  0
SCALE
  5
4C
102
{ACAD_REACTORS
330
42
102
}
330
42
100
AcDbScale
 70
     0
300
3/8" = 1'-0"
140
0.375
141
12.0
290
     0
  0
SCALE
  5
4D
102
{ACAD_REACTORS
330
42
102
}
330
42
100
AcDbScale
 70
     0
300
1/2" = 1'-0"
140
0.5
141
12.0
290
     0
  0
SCALE
  5
4E
102
{ACAD_REACTORS
330
42
102
}
330
42
100
AcDbScale
 70
     0
300
3/4" = 1'-0"
140
0.75
141
12.0
290
     0
  0
SCALE
  5
4F
102
{ACAD_REACTORS
330
42
102
}
330
42
100
AcDbScale
 70
     0
300
1" = 1'-0"
140
1.0
141
12.0
290
     0
  0
SCALE
  5
50
102
{ACAD_REACTORS
330
42
102
}
330
42
100
AcDbScale
 70
     0
300
1-1/2" = 1'-0"
140
1.5
141
12.0
290
     0
  0
SCALE
  5
51
102
{ACAD_REACTORS
330
42
102
}
330
42
100
AcDbScale
 70
     0
300
3" = 1'-0"
140
3.0
141
12.0
290
     0
  0
SCALE
  5
52
102
{ACAD_REACTORS
330
42
102
}
330
42
100
AcDbScale
 70
     0
300
6" = 1'-0"
140
6.0
141
12.0
290
     0
  0
SCALE
  5
53
102
{ACAD_REACTORS
330
42
102
}
330
42
100
AcDbScale
 70
     0
300
1'-0" = 1'-0"
140
12.0
141
12.0
290
     0
  0
ACDBSECTIONVIEWSTYLE
  5
69
102
{ACAD_XDICTIONARY
360
819
102
}
102
{ACAD_REACTORS
330
68
102
}
330
68
100
AcDbModelDocViewStyle
 70
     0
  3
Imperial24
290
     0
100
AcDbSectionViewStyle
 70
     0
 71
     0
 90
       78
 71
     1
340
55
 62
   256
 40
0.24
340
0
340
0
 62
   256
 40
0.24
300
I, O, Q, S, X, Z
 40
0.48
 90
        3
 40
0.18
 90
        1
 71
     2
340
5D
 90
       25
 62
   256
340
5D
 90
       50
 62
   256
 40
0.24
 40
0.0
 40
0.24
 71
     3
340
55
 62
   256
 40
0.24
 90
        1
 40
0.75
 90
        1
300
%<\AcVar ViewType \f "%tc1">% %<\AcVar ViewSectionStartId>%-%<\AcVar ViewSectionEndId>%\PSCALE %<\AcVar ViewScale \f "%sn">%
 71
     4
 62
   256
 62
   257
300
ANSI31
 40
1.0
 90
        0
290
     0
290
     0
 90
        6
 40
0.0
 40
1.570795999999999
 40
0.261799
 40
1.308996999999999
 40
-0.261799
 40
1.832595999999999
  0
ACDBSECTIONVIEWSTYLE
  5
60B
102
{ACAD_XDICTIONARY
360
81D
102
}
102
{ACAD_REACTORS
330
68
102
}
330
68
100
AcDbModelDocViewStyle
 70
     0
  3
Metric50
290
     0
100
AcDbSectionViewStyle
 70
     0
 71
     0
 90
      102
 71
     1
340
55
 62
   256
 40
5.0
340
0
340
0
 62
   256
 40
5.0
300
I, O, Q, S, X, Z
 40
10.0
 90
        0
 40
2.5
 90
        0
 71
     2
340
5D
 90
       25
 62
   256
340
5D
 90
       50
 62
   256
 40
5.0
 40
2.5
 40
5.0
 71
     3
340
55
 62
   256
 40
5.0
 90
        0
 40
15.0
 90
        1
300
%<\AcVar ViewSectionStartId>%-%<\AcVar ViewSectionEndId>% (%<\AcVar ViewScale \f "%sn">%)
 71
     4
 62
   256
 62
   257
300
ANSI31
 40
1.0
 90
        0
290
     0
290
     0
 90
        6
 40
0.0
 40
1.570796326794896
 40
0.2617993877991494
 40
1.308996938995747
 40
-0.2617993877991494
 40
1.832595714594046
  0
TABLESTYLE
  5
65
102
{ACAD_XDICTIONARY
360
602
102
}
102
{ACAD_REACTORS
330
64
102
}
330
64
100
AcDbTableStyle
280
     0
  3
Standard
 70
     0
 71
     0
 40
1.5
 41
1.5
280
     0
281
     0
  7
Standard
140
0.18
170
     2
 62
     0
 63
     7
283
     0
 90
      512
 91
        0
  1

274
    -2
284
     1
 64
     0
275
    -2
285
     1
 65
     0
276
    -2
286
     1
 66
     0
277
    -2
287
     1
 67
     0
278
    -2
288
     1
 68
     0
279
    -2
289
     1
 69
     0
  7
Standard
140
0.25
170
     5
 62
     0
 63
     7
283
     0
 90
      512
 91
        0
  1

274
    -2
284
     1
 64
     0
275
    -2
285
     1
 65
     0
276
    -2
286
     1
 66
     0
277
    -2
287
     1
 67
     0
278
    -2
288
     1
 68
     0
279
    -2
289
     1
 69
     0
  7
Standard
140
0.18
170
     5
 62
     0
 63
     7
283
     0
 90
      512
 91
        0
  1

274
    -2
284
     1
 64
     0
275
    -2
285
     1
 65
     0
276
    -2
286
     1
 66
     0
277
    -2
287
     1
 67
     0
278
    -2
288
     1
 68
     0
279
    -2
289
     1
 69
     0
  0
VISUALSTYLE
  5
2F
102
{ACAD_REACTORS
330
29
102
}
330
29
100
AcDbVisualStyle
  2
2dWireframe
 70
     4
177
     3
291
     0
 70
    58
 90
        0
176
     1
 90
        2
176
     1
 90
        0
176
     1
 90
        0
176
     1
 40
0.6
176
     1
 40
30.0
176
     1
 62
     7
420
 16777215
176
     1
 90
        1
176
     1
 90
        4
176
     1
 62
     7
176
     1
 62
   257
176
     1
 90
        1
176
     1
 90
        1
176
     1
 40
1.0
176
     1
 90
        0
176
     1
 62
   257
176
     1
 40
1.0
176
     1
 90
        1
176
     1
 90
        6
176
     1
 90
        2
176
     1
 62
     7
176
     1
 90
        5
176
     1
 90
        0
176
     1
 90
        0
176
     1
290
     0
176
     1
 90
        1
176
     1
 40
0.0
176
     1
 90
        0
176
     1
290
     1
176
     1
290
     1
176
     1
290
     0
176
     1
290
     0
176
     1
290
     0
176
     1
290
     0
176
     1
290
     0
176
     1
290
     0
176
     1
290
     0
176
     1
 90
       50
176
     1
 40
0.0
176
     1
 40
1.0
176
     1
 90
        0
176
     1
 62
    18
176
     1
 90
       50
176
     1
 90
        3
176
     1
 62
     5
420
      255
176
     1
290
     0
176
     1
 90
       50
176
     1
 90
       50
176
     1
 90
       50
176
     1
290
     0
176
     1
 90
       50
176
     1
 62
   256
176
     0
 40
1.0
176
     0
 90
        2
176
     1
  1
strokes_ogs.tif
176
     1
290
     0
176
     1
 40
1.0
176
     1
 40
1.0
176
     1
1001
ACAD
1000
AcDbSavedByObjectVersion
1070
     0
  0
VISUALSTYLE
  5
2E
102
{ACAD_REACTORS
330
29
102
}
330
29
100
AcDbVisualStyle
  2
Basic
 70
     7
177
     3
291
     1
 70
    58
 90
        1
176
     1
 90
        0
176
     1
 90
        1
176
     1
 90
        0
176
     1
 40
0.6
176
     1
 40
30.0
176
     1
 62
     7
420
 16777215
176
     1
 90
        0
176
     1
 90
        4
176
     1
 62
     7
176
     1
 62
   257
176
     1
 90
        1
176
     1
 90
        1
176
     1
 40
1.0
176
     1
 90
        8
176
     1
 62
     7
176
     1
 40
1.0
176
     1
 90
        1
176
     1
 90
        6
176
     1
 90
        2
176
     1
 62
     7
176
     1
 90
        5
176
     1
 90
        0
176
     1
 90
        0
176
     1
290
     0
176
     1
 90
        1
176
     1
 40
0.0
176
     1
 90
        0
176
     1
290
     0
176
     1
290
     1
176
     1
290
     1
176
     1
290
     0
176
     1
290
     0
176
     1
290
     0
176
     1
290
     0
176
     1
290
     0
176
     1
290
     0
176
     1
 90
       50
176
     1
 40
0.0
176
     1
 40
1.0
176
     1
 90
        0
176
     1
 62
    18
176
     1
 90
       50
176
     1
 90
        3
176
     1
 62
     5
420
      255
176
     1
290
     0
176
     1
 90
       50
176
     1
 90
       50
176
     1
 90
       50
176
     1
290
     0
176
     1
 90
       50
176
     1
 62
   256
176
     0
 40
1.0
176
     0
 90
        2
176
     1
  1
strokes_ogs.tif
176
     1
290
     0
176
     1
 40
1.0
176
     1
 40
1.0
176
     1
1001
ACAD
1000
AcDbSavedByObjectVersion
1070
     0
  0
VISUALSTYLE
  5
35
102
{ACAD_REACTORS
330
29
102
}
330
29
100
AcDbVisualStyle
  2
Brighten
 70
    12
177
     3
291
     1
 70
    58
 90
        2
176
     1
 90
        2
176
     1
 90
        0
176
     1
 90
        0
176
     1
 40
0.6
176
     1
 40
30.0
176
     1
 62
     7
420
 16777215
176
     1
 90
        1
176
     1
 90
        4
176
     1
 62
     7
176
     1
 62
   257
176
     1
 90
        1
176
     1
 90
        1
176
     1
 40
1.0
176
     1
 90
        8
176
     1
 62
     7
176
     1
 40
1.0
176
     1
 90
        1
176
     1
 90
        6
176
     1
 90
        2
176
     1
 62
     7
176
     1
 90
        5
176
     1
 90
        0
176
     1
 90
        0
176
     1
290
     0
176
     1
 90
        1
176
     1
 40
50.0
176
     1
 90
        0
176
     1
290
     0
176
     1
290
     1
176
     1
290
     1
176
     1
290
     0
176
     1
290
     0
176
     1
290
     0
176
     1
290
     0
176
     1
290
     0
176
     1
290
     0
176
     1
 90
       50
176
     1
 40
0.0
176
     1
 40
1.0
176
     1
 90
        0
176
     1
 62
    18
176
     1
 90
       50
176
     1
 90
        3
176
     1
 62
     5
420
      255
176
     1
290
     0
176
     1
 90
       50
176
     1
 90
       50
176
     1
 90
       50
176
     1
290
     0
176
     1
 90
       50
176
     1
 62
   256
176
     0
 40
1.0
176
     0
 90
        2
176
     1
  1
strokes_ogs.tif
176
     1
290
     0
176
     1
 40
1.0
176
     1
 40
1.0
176
     1
1001
ACAD
1000
AcDbSavedByObjectVersion
1070
     0
  0
VISUALSTYLE
  5
39
102
{ACAD_REACTORS
330
29
102
}
330
29
100
AcDbVisualStyle
  2
ColorChange
 70
    16
177
     3
291
     1
 70
    58
 90
        2
176
     1
 90
        2
176
     1
 90
        3
176
     1
 90
        0
176
     1
 40
0.6
176
     1
 40
30.0
176
     1
 62
     8
420
  8421504
176
     1
 90
        1
176
     1
 90
        4
176
     1
 62
     7
176
     1
 62
   257
176
     1
 90
        1
176
     1
 90
        1
176
     1
 40
1.0
176
     1
 90
        8
176
     1
 62
     8
420
  8421504
176
     1
 40
1.0
176
     1
 90
        1
176
     1
 90
        6
176
     1
 90
        2
176
     1
 62
     7
176
     1
 90
        5
176
     1
 90
        0
176
     1
 90
        0
176
     1
290
     0
176
     1
 90
        1
176
     1
 40
0.0
176
     1
 90
        0
176
     1
290
     0
176
     1
290
     1
176
     1
290
     1
176
     1
290
     0
176
     1
290
     0
176
     1
290
     0
176
     1
290
     0
176
     1
290
     0
176
     1
290
     0
176
     1
 90
       50
176
     1
 40
0.0
176
     1
 40
1.0
176
     1
 90
        0
176
     1
 62
    18
176
     1
 90
       50
176
     1
 90
        3
176
     1
 62
     5
420
      255
176
     1
290
     0
176
     1
 90
       50
176
     1
 90
       50
176
     1
 90
       50
176
     1
290
     0
176
     1
 90
       50
176
     1
 62
   256
176
     0
 40
1.0
176
     0
 90
        2
176
     1
  1
strokes_ogs.tif
176
     1
290
     0
176
     1
 40
1.0
176
     1
 40
1.0
176
     1
1001
ACAD
1000
AcDbSavedByObjectVersion
1070
     0
  0
VISUALSTYLE
  5
32
102
{ACAD_REACTORS
330
29
102
}
330
29
100
AcDbVisualStyle
  2
Conceptual
 70
     9
177
     3
291
     0
 70
    58
 90
        3
176
     1
 90
        2
176
     1
 90
        0
176
     1
 90
        0
176
     1
 40
0.6
176
     1
 40
30.0
176
     1
 62
     7
420
 16777215
176
     1
 90
        2
176
     1
 90
        2
176
     1
 62
     7
176
     1
 62
   257
176
     1
 90
        1
176
     1
 90
        1
176
     1
 40
179.0
176
     1
 90
        8
176
     1
 62
     7
176
     1
 40
1.0
176
     1
 90
        1
176
     1
 90
        6
176
     1
 90
        2
176
     1
 62
     7
176
     1
 90
        3
176
     1
 90
        0
176
     1
 90
        0
176
     1
290
     0
176
     1
 90
        1
176
     1
 40
0.0
176
     1
 90
        0
176
     1
290
     0
176
     1
290
     1
176
     1
290
     1
176
     1
290
     0
176
     1
290
     0
176
     1
290
     0
176
     1
290
     0
176
     1
290
     0
176
     1
290
     0
176
     1
 90
       50
176
     1
 40
0.0
176
     1
 40
1.0
176
     1
 90
        0
176
     1
 62
    18
176
     1
 90
       50
176
     1
 90
        3
176
     1
 62
     5
420
      255
176
     1
290
     0
176
     1
 90
       50
176
     1
 90
       50
176
     1
 90
       50
176
     1
290
     0
176
     1
 90
       50
176
     1
 62
   256
176
     0
 40
1.0
176
     0
 90
        2
176
     1
  1
strokes_ogs.tif
176
     1
290
     0
176
     1
 40
1.0
176
     1
 40
1.0
176
     1
1001
ACAD
1000
AcDbSavedByObjectVersion
1070
     0
  0
VISUALSTYLE
  5
34
102
{ACAD_REACTORS
330
29
102
}
330
29
100
AcDbVisualStyle
  2
Dim
 70
    11
177
     3
291
     1
 70
    58
 90
        2
176
     1
 90
        2
176
     1
 90
        0
176
     1
 90
        0
176
     1
 40
0.6
176
     1
 40
30.0
176
     1
 62
     7
420
 16777215
176
     1
 90
        1
176
     1
 90
        4
176
     1
 62
     7
176
     1
 62
   257
176
     1
 90
        1
176
     1
 90
        1
176
     1
 40
1.0
176
     1
 90
        8
176
     1
 62
     7
176
     1
 40
1.0
176
     1
 90
        1
176
     1
 90
        6
176
     1
 90
        2
176
     1
 62
     7
176
     1
 90
        5
176
     1
 90
        0
176
     1
 90
        0
176
     1
290
     0
176
     1
 90
        1
176
     1
 40
-50.0
176
     1
 90
        0
176
     1
290
     0
176
     1
290
     1
176
     1
290
     1
176
     1
290
     0
176
     1
290
     0
176
     1
290
     0
176
     1
290
     0
176
     1
290
     0
176
     1
290
     0
176
     1
 90
       50
176
     1
 40
0.0
176
     1
 40
1.0
176
     1
 90
        0
176
     1
 62
    18
176
     1
 90
       50
176
     1
 90
        3
176
     1
 62
     5
420
      255
176
     1
290
     0
176
     1
 90
       50
176
     1
 90
       50
176
     1
 90
       50
176
     1
290
     0
176
     1
 90
       50
176
     1
 62
   256
176
     0
 40
1.0
176
     0
 90
        2
176
     1
  1
strokes_ogs.tif
176
     1
290
     0
176
     1
 40
1.0
176
     1
 40
1.0
176
     1
1001
ACAD
1000
AcDbSavedByObjectVersion
1070
     0
  0
VISUALSTYLE
  5
41
102
{ACAD_REACTORS
330
29
102
}
330
29
100
AcDbVisualStyle
  2
EdgeColorOff
 70
    22
177
     3
291
     1
 70
    58
 90
        2
176
     0
 90
        2
176
     0
 90
        0
176
     0
 90
        0
176
     0
 40
0.6
176
     0
 40
30.0
176
     0
 62
     7
420
 16777215
176
     0
 90
        1
176
     0
 90
        4
176
     0
 62
     7
176
     0
 62
   257
176
     0
 90
        1
176
     0
 90
        1
176
     0
 40
1.0
176
     0
 90
        8
176
     2
 62
     7
176
     0
 40
1.0
176
     0
 90
        1
176
     0
 90
        6
176
     0
 90
        2
176
     0
 62
     7
176
     0
 90
        5
176
     0
 90
        0
176
     0
 90
        0
176
     0
290
     0
176
     0
 90
        1
176
     0
 40
0.0
176
     0
 90
        0
176
     0
290
     0
176
     0
290
     1
176
     0
290
     1
176
     0
290
     0
176
     0
290
     0
176
     0
290
     0
176
     0
290
     0
176
     0
290
     0
176
     0
290
     0
176
     0
 90
       50
176
     0
 40
0.0
176
     0
 40
1.0
176
     0
 90
        0
176
     0
 62
    18
176
     0
 90
       50
176
     0
 90
        3
176
     0
 62
     5
420
      255
176
     0
290
     0
176
     0
 90
       50
176
     0
 90
       50
176
     0
 90
       50
176
     0
290
     0
176
     0
 90
       50
176
     0
 62
   256
176
     0
 40
1.0
176
     0
 90
        2
176
     0
  1
strokes_ogs.tif
176
     0
290
     0
176
     0
 40
1.0
176
     0
 40
1.0
176
     0
1001
ACAD
1000
AcDbSavedByObjectVersion
1070
     0
  0
VISUALSTYLE
  5
38
102
{ACAD_REACTORS
330
29
102
}
330
29
100
AcDbVisualStyle
  2
Facepattern
 70
    15
177
     3
291
     1
 70
    58
 90
        2
176
     1
 90
        2
176
     1
 90
        0
176
     1
 90
        0
176
     1
 40
0.6
176
     1
 40
30.0
176
     1
 62
     7
420
 16777215
176
     1
 90
        1
176
     1
 90
        4
176
     1
 62
     7
176
     1
 62
   257
176
     1
 90
        1
176
     1
 90
        1
176
     1
 40
1.0
176
     1
 90
        8
176
     1
 62
     7
176
     1
 40
1.0
176
     1
 90
        1
176
     1
 90
        6
176
     1
 90
        2
176
     1
 62
     7
176
     1
 90
        5
176
     1
 90
        0
176
     1
 90
        0
176
     1
290
     0
176
     1
 90
        1
176
     1
 40
0.0
176
     1
 90
        0
176
     1
290
     0
176
     1
290
     1
176
     1
290
     1
176
     1
290
     0
176
     1
290
     0
176
     1
290
     0
176
     1
290
     0
176
     1
290
     0
176
     1
290
     0
176
     1
 90
       50
176
     1
 40
0.0
176
     1
 40
1.0
176
     1
 90
        0
176
     1
 62
    18
176
     1
 90
       50
176
     1
 90
        3
176
     1
 62
     5
420
      255
176
     1
290
     0
176
     1
 90
       50
176
     1
 90
       50
176
     1
 90
       50
176
     1
290
     0
176
     1
 90
       50
176
     1
 62
   256
176
     0
 40
1.0
176
     0
 90
        2
176
     1
  1
strokes_ogs.tif
176
     1
290
     0
176
     1
 40
1.0
176
     1
 40
1.0
176
     1
1001
ACAD
1000
AcDbSavedByObjectVersion
1070
     0
  0
VISUALSTYLE
  5
2A
102
{ACAD_REACTORS
330
29
102
}
330
29
100
AcDbVisualStyle
  2
Flat
 70
     0
177
     3
291
     1
 70
    58
 90
        2
176
     1
 90
        1
176
     1
 90
        1
176
     1
 90
        2
176
     1
 40
0.6
176
     1
 40
30.0
176
     1
 62
     7
420
 16777215
176
     1
 90
        0
176
     1
 90
        0
176
     1
 62
     7
176
     1
 62
   257
176
     1
 90
        1
176
     1
 90
        1
176
     1
 40
1.0
176
     1
 90
        8
176
     1
 62
     7
176
     1
 40
1.0
176
     1
 90
        1
176
     1
 90
        6
176
     1
 90
        2
176
     1
 62
     7
176
     1
 90
        5
176
     1
 90
        0
176
     1
 90
        0
176
     1
290
     0
176
     1
 90
       13
176
     1
 40
0.0
176
     1
 90
        0
176
     1
290
     0
176
     1
290
     1
176
     1
290
     1
176
     1
290
     0
176
     1
290
     0
176
     1
290
     0
176
     1
290
     0
176
     1
290
     0
176
     1
290
     0
176
     1
 90
       50
176
     1
 40
0.0
176
     1
 40
1.0
176
     1
 90
        0
176
     1
 62
    18
176
     1
 90
       50
176
     1
 90
        3
176
     1
 62
     5
420
      255
176
     1
290
     0
176
     1
 90
       50
176
     1
 90
       50
176
     1
 90
       50
176
     1
290
     0
176
     1
 90
       50
176
     1
 62
   256
176
     0
 40
1.0
176
     0
 90
        2
176
     1
  1
strokes_ogs.tif
176
     1
290
     0
176
     1
 40
1.0
176
     1
 40
1.0
176
     1
1001
ACAD
1000
AcDbSavedByObjectVersion
1070
     0
  0
VISUALSTYLE
  5
2B
102
{ACAD_REACTORS
330
29
102
}
330
29
100
AcDbVisualStyle
  2
FlatWithEdges
 70
     1
177
     3
291
     1
 70
    58
 90
        2
176
     1
 90
        1
176
     1
 90
        1
176
     1
 90
        2
176
     1
 40
0.6
176
     1
 40
30.0
176
     1
 62
     7
420
 16777215
176
     1
 90
        1
176
     1
 90
        0
176
     1
 62
     7
176
     1
 62
   257
176
     1
 90
        1
176
     1
 90
        1
176
     1
 40
1.0
176
     1
 90
        0
176
     1
 62
   257
176
     1
 40
1.0
176
     1
 90
        1
176
     1
 90
        6
176
     1
 90
        2
176
     1
 62
     7
176
     1
 90
        5
176
     1
 90
        0
176
     1
 90
        0
176
     1
290
     0
176
     1
 90
       13
176
     1
 40
0.0
176
     1
 90
        0
176
     1
290
     0
176
     1
290
     1
176
     1
290
     1
176
     1
290
     0
176
     1
290
     0
176
     1
290
     0
176
     1
290
     0
176
     1
290
     0
176
     1
290
     0
176
     1
 90
       50
176
     1
 40
0.0
176
     1
 40
1.0
176
     1
 90
        0
176
     1
 62
    18
176
     1
 90
       50
176
     1
 90
        3
176
     1
 62
     5
420
      255
176
     1
290
     0
176
     1
 90
       50
176
     1
 90
       50
176
     1
 90
       50
176
     1
290
     0
176
     1
 90
       50
176
     1
 62
   256
176
     0
 40
1.0
176
     0
 90
        2
176
     1
  1
strokes_ogs.tif
176
     1
290
     0
176
     1
 40
1.0
176
     1
 40
1.0
176
     1
1001
ACAD
1000
AcDbSavedByObjectVersion
1070
     0
  0
VISUALSTYLE
  5
2C
102
{ACAD_REACTORS
330
29
102
}
330
29
100
AcDbVisualStyle
  2
Gouraud
 70
     2
177
     3
291
     1
 70
    58
 90
        2
176
     1
 90
        2
176
     1
 90
        1
176
     1
 90
        2
176
     1
 40
0.6
176
     1
 40
30.0
176
     1
 62
     7
420
 16777215
176
     1
 90
        0
176
     1
 90
        0
176
     1
 62
     7
176
     1
 62
   257
176
     1
 90
        1
176
     1
 90
        1
176
     1
 40
1.0
176
     1
 90
        0
176
     1
 62
     7
176
     1
 40
1.0
176
     1
 90
        1
176
     1
 90
        6
176
     1
 90
        2
176
     1
 62
     7
176
     1
 90
        5
176
     1
 90
        0
176
     1
 90
        0
176
     1
290
     0
176
     1
 90
       13
176
     1
 40
0.0
176
     1
 90
        0
176
     1
290
     0
176
     1
290
     1
176
     1
290
     1
176
     1
290
     0
176
     1
290
     0
176
     1
290
     0
176
     1
290
     0
176
     1
290
     0
176
     1
290
     0
176
     1
 90
       50
176
     1
 40
0.0
176
     1
 40
1.0
176
     1
 90
        0
176
     1
 62
    18
176
     1
 90
       50
176
     1
 90
        3
176
     1
 62
     5
420
      255
176
     1
290
     0
176
     1
 90
       50
176
     1
 90
       50
176
     1
 90
       50
176
     1
290
     0
176
     1
 90
       50
176
     1
 62
   256
176
     0
 40
1.0
176
     0
 90
        2
176
     1
  1
strokes_ogs.tif
176
     1
290
     0
176
     1
 40
1.0
176
     1
 40
1.0
176
     1
1001
ACAD
1000
AcDbSavedByObjectVersion
1070
     0
  0
VISUALSTYLE
  5
2D
102
{ACAD_REACTORS
330
29
102
}
330
29
100
AcDbVisualStyle
  2
GouraudWithEdges
 70
     3
177
     3
291
     1
 70
    58
 90
        2
176
     1
 90
        2
176
     1
 90
        1
176
     1
 90
        2
176
     1
 40
0.6
176
     1
 40
30.0
176
     1
 62
     7
420
 16777215
176
     1
 90
        1
176
     1
 90
        0
176
     1
 62
     7
176
     1
 62
   257
176
     1
 90
        1
176
     1
 90
        1
176
     1
 40
1.0
176
     1
 90
        0
176
     1
 62
   257
176
     1
 40
1.0
176
     1
 90
        1
176
     1
 90
        6
176
     1
 90
        2
176
     1
 62
     7
176
     1
 90
        5
176
     1
 90
        0
176
     1
 90
        0
176
     1
290
     0
176
     1
 90
       13
176
     1
 40
0.0
176
     1
 90
        0
176
     1
290
     0
176
     1
290
     1
176
     1
290
     1
176
     1
290
     0
176
     1
290
     0
176
     1
290
     0
176
     1
290
     0
176
     1
290
     0
176
     1
290
     0
176
     1
 90
       50
176
     1
 40
0.0
176
     1
 40
1.0
176
     1
 90
        0
176
     1
 62
    18
176
     1
 90
       50
176
     1
 90
        3
176
     1
 62
     5
420
      255
176
     1
290
     0
176
     1
 90
       50
176
     1
 90
       50
176
     1
 90
       50
176
     1
290
     0
176
     1
 90
       50
176
     1
 62
   256
176
     0
 40
1.0
176
     0
 90
        2
176
     1
  1
strokes_ogs.tif
176
     1
290
     0
176
     1
 40
1.0
176
     1
 40
1.0
176
     1
1001
ACAD
1000
AcDbSavedByObjectVersion
1070
     0
  0
VISUALSTYLE
  5
31
102
{ACAD_REACTORS
330
29
102
}
330
29
100
AcDbVisualStyle
  2
Hidden
 70
     6
177
     3
291
     0
 70
    58
 90
        1
176
     1
 90
        2
176
     1
 90
        2
176
     1
 90
        0
176
     1
 40
0.6
176
     1
 40
30.0
176
     1
 62
     7
420
 16777215
176
     1
 90
        2
176
     1
 90
        2
176
     1
 62
     7
176
     1
 62
   257
176
     1
 90
        2
176
     1
 90
        1
176
     1
 40
40.0
176
     1
 90
        0
176
     1
 62
   257
176
     1
 40
1.0
176
     1
 90
        1
176
     1
 90
        6
176
     1
 90
        2
176
     1
 62
     7
176
     1
 90
        3
176
     1
 90
        0
176
     1
 90
        0
176
     1
290
     0
176
     1
 90
        1
176
     1
 40
0.0
176
     1
 90
        0
176
     1
290
     0
176
     1
290
     1
176
     1
290
     1
176
     1
290
     0
176
     1
290
     0
176
     1
290
     0
176
     1
290
     0
176
     1
290
     0
176
     1
290
     0
176
     1
 90
       50
176
     1
 40
0.0
176
     1
 40
1.0
176
     1
 90
        0
176
     1
 62
    18
176
     1
 90
       50
176
     1
 90
        3
176
     1
 62
     5
420
      255
176
     1
290
     0
176
     1
 90
       50
176
     1
 90
       50
176
     1
 90
       50
176
     1
290
     0
176
     1
 90
       50
176
     1
 62
   256
176
     0
 40
1.0
176
     0
 90
        2
176
     1
  1
strokes_ogs.tif
176
     1
290
     0
176
     1
 40
1.0
176
     1
 40
1.0
176
     1
1001
ACAD
1000
AcDbSavedByObjectVersion
1070
     0
  0
VISUALSTYLE
  5
3F
102
{ACAD_REACTORS
330
29
102
}
330
29
100
AcDbVisualStyle
  2
JitterOff
 70
    20
177
     3
291
     1
 70
    58
 90
        2
176
     0
 90
        2
176
     0
 90
        0
176
     0
 90
        0
176
     0
 40
0.6
176
     0
 40
30.0
176
     0
 62
     7
420
 16777215
176
     0
 90
        1
176
     0
 90
        4
176
     0
 62
     7
176
     0
 62
   257
176
     0
 90
        1
176
     0
 90
        1
176
     0
 40
1.0
176
     0
 90
       10
176
     2
 62
     7
176
     0
 40
1.0
176
     0
 90
        1
176
     0
 90
        6
176
     0
 90
        2
176
     0
 62
     7
176
     0
 90
        5
176
     0
 90
        0
176
     0
 90
        0
176
     0
290
     0
176
     0
 90
        1
176
     0
 40
0.0
176
     0
 90
        0
176
     0
290
     0
176
     0
290
     1
176
     0
290
     1
176
     0
290
     0
176
     0
290
     0
176
     0
290
     0
176
     0
290
     0
176
     0
290
     0
176
     0
290
     0
176
     0
 90
       50
176
     0
 40
0.0
176
     0
 40
1.0
176
     0
 90
        0
176
     0
 62
    18
176
     0
 90
       50
176
     0
 90
        3
176
     0
 62
     5
420
      255
176
     0
290
     0
176
     0
 90
       50
176
     0
 90
       50
176
     0
 90
       50
176
     0
290
     0
176
     0
 90
       50
176
     0
 62
   256
176
     0
 40
1.0
176
     0
 90
        2
176
     0
  1
strokes_ogs.tif
176
     0
290
     0
176
     0
 40
1.0
176
     0
 40
1.0
176
     0
1001
ACAD
1000
AcDbSavedByObjectVersion
1070
     0
  0
VISUALSTYLE
  5
37
102
{ACAD_REACTORS
330
29
102
}
330
29
100
AcDbVisualStyle
  2
Linepattern
 70
    14
177
     3
291
     1
 70
    58
 90
        2
176
     1
 90
        2
176
     1
 90
        0
176
     1
 90
        0
176
     1
 40
0.6
176
     1
 40
30.0
176
     1
 62
     7
420
 16777215
176
     1
 90
        1
176
     1
 90
        4
176
     1
 62
     7
176
     1
 62
   257
176
     1
 90
        7
176
     1
 90
        7
176
     1
 40
1.0
176
     1
 90
        8
176
     1
 62
     7
176
     1
 40
1.0
176
     1
 90
        1
176
     1
 90
        6
176
     1
 90
        2
176
     1
 62
     7
176
     1
 90
        5
176
     1
 90
        0
176
     1
 90
        0
176
     1
290
     0
176
     1
 90
        1
176
     1
 40
0.0
176
     1
 90
        0
176
     1
290
     0
176
     1
290
     1
176
     1
290
     1
176
     1
290
     0
176
     1
290
     0
176
     1
290
     0
176
     1
290
     0
176
     1
290
     0
176
     1
290
     0
176
     1
 90
       50
176
     1
 40
0.0
176
     1
 40
1.0
176
     1
 90
        0
176
     1
 62
    18
176
     1
 90
       50
176
     1
 90
        3
176
     1
 62
     5
420
      255
176
     1
290
     0
176
     1
 90
       50
176
     1
 90
       50
176
     1
 90
       50
176
     1
290
     0
176
     1
 90
       50
176
     1
 62
   256
176
     0
 40
1.0
176
     0
 90
        2
176
     1
  1
strokes_ogs.tif
176
     1
290
     0
176
     1
 40
1.0
176
     1
 40
1.0
176
     1
1001
ACAD
1000
AcDbSavedByObjectVersion
1070
     0
  0
VISUALSTYLE
  5
40
102
{ACAD_REACTORS
330
29
102
}
330
29
100
AcDbVisualStyle
  2
OverhangOff
 70
    21
177
     3
291
     1
 70
    58
 90
        2
176
     0
 90
        2
176
     0
 90
        0
176
     0
 90
        0
176
     0
 40
0.6
176
     0
 40
30.0
176
     0
 62
     7
420
 16777215
176
     0
 90
        1
176
     0
 90
        4
176
     0
 62
     7
176
     0
 62
   257
176
     0
 90
        1
176
     0
 90
        1
176
     0
 40
1.0
176
     0
 90
        9
176
     2
 62
     7
176
     0
 40
1.0
176
     0
 90
        1
176
     0
 90
        6
176
     0
 90
        2
176
     0
 62
     7
176
     0
 90
        5
176
     0
 90
        0
176
     0
 90
        0
176
     0
290
     0
176
     0
 90
        1
176
     0
 40
0.0
176
     0
 90
        0
176
     0
290
     0
176
     0
290
     1
176
     0
290
     1
176
     0
290
     0
176
     0
290
     0
176
     0
290
     0
176
     0
290
     0
176
     0
290
     0
176
     0
290
     0
176
     0
 90
       50
176
     0
 40
0.0
176
     0
 40
1.0
176
     0
 90
        0
176
     0
 62
    18
176
     0
 90
       50
176
     0
 90
        3
176
     0
 62
     5
420
      255
176
     0
290
     0
176
     0
 90
       50
176
     0
 90
       50
176
     0
 90
       50
176
     0
290
     0
176
     0
 90
       50
176
     0
 62
   256
176
     0
 40
1.0
176
     0
 90
        2
176
     0
  1
strokes_ogs.tif
176
     0
290
     0
176
     0
 40
1.0
176
     0
 40
1.0
176
     0
1001
ACAD
1000
AcDbSavedByObjectVersion
1070
     0
  0
VISUALSTYLE
  5
33
102
{ACAD_REACTORS
330
29
102
}
330
29
100
AcDbVisualStyle
  2
Realistic
 70
     8
177
     3
291
     0
 70
    58
 90
        2
176
     1
 90
        3
176
     1
 90
        0
176
     1
 90
        2
176
     1
 40
0.6
176
     1
 40
30.0
176
     1
 62
     7
420
 16777215
176
     1
 90
        0
176
     1
 90
        0
176
     1
 62
     7
176
     1
 62
   257
176
     1
 90
        1
176
     1
 90
        1
176
     1
 40
1.0
176
     1
 90
        8
176
     1
 62
   257
176
     1
 40
1.0
176
     1
 90
        1
176
     1
 90
        6
176
     1
 90
        2
176
     1
 62
     7
176
     1
 90
        3
176
     1
 90
        0
176
     1
 90
        0
176
     1
290
     0
176
     1
 90
       13
176
     1
 40
0.0
176
     1
 90
        0
176
     1
290
     0
176
     1
290
     1
176
     1
290
     1
176
     1
290
     0
176
     1
290
     0
176
     1
290
     0
176
     1
290
     0
176
     1
290
     0
176
     1
290
     0
176
     1
 90
       50
176
     1
 40
0.0
176
     1
 40
1.0
176
     1
 90
        0
176
     1
 62
    18
176
     1
 90
       50
176
     1
 90
        3
176
     1
 62
     5
420
      255
176
     1
290
     0
176
     1
 90
       50
176
     1
 90
       50
176
     1
 90
       50
176
     1
290
     0
176
     1
 90
       50
176
     1
 62
   256
176
     0
 40
1.0
176
     0
 90
        2
176
     1
  1
strokes_ogs.tif
176
     1
290
     0
176
     1
 40
1.0
176
     1
 40
1.0
176
     1
1001
ACAD
1000
AcDbSavedByObjectVersion
1070
     0
  0
VISUALSTYLE
  5
3E
102
{ACAD_REACTORS
330
29
102
}
330
29
100
AcDbVisualStyle
  2
Shaded
 70
    27
177
     3
291
     0
 70
    58
 90
        2
176
     1
 90
        2
176
     1
 90
        1
176
     1
 90
        2
176
     1
 40
0.6
176
     1
 40
30.0
176
     1
 62
     7
420
 16777215
176
     1
 90
        0
176
     1
 90
        4
176
     1
 62
     7
176
     1
 62
   257
176
     1
 90
        1
176
     1
 90
        1
176
     1
 40
1.0
176
     1
 90
        8
176
     1
 62
   257
176
     1
 40
1.0
176
     1
 90
        1
176
     1
 90
        6
176
     1
 90
        2
176
     1
 62
     8
420
  7895160
176
     1
 90
        3
176
     1
 90
        0
176
     1
 90
        0
176
     1
290
     0
176
     1
 90
        5
176
     1
 40
0.0
176
     1
 90
        0
176
     1
290
     0
176
     1
290
     1
176
     1
290
     1
176
     1
290
     0
176
     1
290
     0
176
     1
290
     0
176
     1
290
     0
176
     1
290
     0
176
     1
290
     0
176
     1
 90
       50
176
     1
 40
0.0
176
     1
 40
1.0
176
     1
 90
        0
176
     1
 62
    18
176
     1
 90
       50
176
     1
 90
        3
176
     1
 62
     5
420
      255
176
     1
290
     0
176
     1
 90
       50
176
     1
 90
       50
176
     1
 90
       50
176
     1
290
     0
176
     1
 90
       50
176
     1
 62
   256
176
     0
 40
1.0
176
     0
 90
        2
176
     1
  1
strokes_ogs.tif
176
     1
290
     0
176
     1
 40
1.0
176
     1
 40
1.0
176
     1
1001
ACAD
1000
AcDbSavedByObjectVersion
1070
     0
  0
VISUALSTYLE
  5
3D
102
{ACAD_REACTORS
330
29
102
}
330
29
100
AcDbVisualStyle
  2
Shaded with edges
 70
    26
177
     3
291
     0
 70
    58
 90
        2
176
     1
 90
        2
176
     1
 90
        1
176
     1
 90
        2
176
     1
 40
0.6
176
     1
 40
30.0
176
     1
 62
     7
420
 16777215
176
     1
 90
        1
176
     1
 90
        2
176
     1
 62
     7
176
     1
 62
   257
176
     1
 90
        2
176
     1
 90
        1
176
     1
 40
1.0
176
     1
 90
        8
176
     1
 62
   257
176
     1
 40
1.0
176
     1
 90
        1
176
     1
 90
        6
176
     1
 90
        2
176
     1
 62
     7
176
     1
 90
        3
176
     1
 90
        0
176
     1
 90
        0
176
     1
290
     0
176
     1
 90
        5
176
     1
 40
0.0
176
     1
 90
        0
176
     1
290
     0
176
     1
290
     1
176
     1
290
     1
176
     1
290
     0
176
     1
290
     0
176
     1
290
     0
176
     1
290
     0
176
     1
290
     0
176
     1
290
     0
176
     1
 90
       50
176
     1
 40
0.0
176
     1
 40
1.0
176
     1
 90
        0
176
     1
 62
    18
176
     1
 90
       50
176
     1
 90
        3
176
     1
 62
     5
420
      255
176
     1
290
     0
176
     1
 90
       50
176
     1
 90
       50
176
     1
 90
       50
176
     1
290
     0
176
     1
 90
       50
176
     1
 62
   256
176
     0
 40
1.0
176
     0
 90
        2
176
     1
  1
strokes_ogs.tif
176
     1
290
     0
176
     1
 40
1.0
176
     1
 40
1.0
176
     1
1001
ACAD
1000
AcDbSavedByObjectVersion
1070
     0
  0
VISUALSTYLE
  5
3A
102
{ACAD_REACTORS
330
29
102
}
330
29
100
AcDbVisualStyle
  2
Shades of Gray
 70
    23
177
     3
291
     0
 70
    58
 90
        2
176
     1
 90
        2
176
     1
 90
        3
176
     1
 90
        0
176
     1
 40
0.6
176
     1
 40
30.0
176
     1
 62
     7
420
 16777215
176
     1
 90
        2
176
     1
 90
        2
176
     1
 62
     7
176
     1
 62
     7
176
     1
 90
        1
176
     1
 90
        1
176
     1
 40
40.0
176
     1
 90
        8
176
     1
 62
     7
176
     1
 40
1.0
176
     1
 90
        1
176
     1
 90
        6
176
     1
 90
        2
176
     1
 62
     7
176
     1
 90
        3
176
     1
 90
        0
176
     1
 90
        0
176
     1
290
     0
176
     1
 90
        1
176
     1
 40
0.0
176
     1
 90
        0
176
     1
290
     0
176
     1
290
     1
176
     1
290
     1
176
     1
290
     0
176
     1
290
     0
176
     1
290
     0
176
     1
290
     0
176
     1
290
     0
176
     1
290
     0
176
     1
 90
       50
176
     1
 40
0.0
176
     1
 40
1.0
176
     1
 90
        0
176
     1
 62
    18
176
     1
 90
       50
176
     1
 90
        3
176
     1
 62
     5
420
      255
176
     1
290
     0
176
     1
 90
       50
176
     1
 90
       50
176
     1
 90
       50
176
     1
290
     0
176
     1
 90
       50
176
     1
 62
   256
176
     0
 40
1.0
176
     0
 90
        2
176
     1
  1
strokes_ogs.tif
176
     1
290
     0
176
     1
 40
1.0
176
     1
 40
1.0
176
     1
1001
ACAD
1000
AcDbSavedByObjectVersion
1070
     0
  0
VISUALSTYLE
  5
3B
102
{ACAD_REACTORS
330
29
102
}
330
29
100
AcDbVisualStyle
  2
Sketchy
 70
    24
177
     3
291
     0
 70
    58
 90
        1
176
     1
 90
        2
176
     1
 90
        2
176
     1
 90
        0
176
     1
 40
0.6
176
     1
 40
30.0
176
     1
 62
     7
420
 16777215
176
     1
 90
        2
176
     1
 90
        2
176
     1
 62
     7
176
     1
 62
     7
176
     1
 90
        1
176
     1
 90
        1
176
     1
 40
40.0
176
     1
 90
       11
176
     1
 62
     7
176
     1
 40
1.0
176
     1
 90
        1
176
     1
 90
        6
176
     1
 90
        2
176
     1
 62
     7
176
     1
 90
        6
176
     1
 90
        0
176
     1
 90
        0
176
     1
290
     0
176
     1
 90
        1
176
     1
 40
0.0
176
     1
 90
        0
176
     1
290
     0
176
     1
290
     1
176
     1
290
     1
176
     1
290
     0
176
     1
290
     0
176
     1
290
     0
176
     1
290
     0
176
     1
290
     0
176
     1
290
     0
176
     1
 90
       50
176
     1
 40
0.0
176
     1
 40
1.0
176
     1
 90
        0
176
     1
 62
    18
176
     1
 90
       50
176
     1
 90
        3
176
     1
 62
     5
420
      255
176
     1
290
     0
176
     1
 90
       50
176
     1
 90
       50
176
     1
 90
       50
176
     1
290
     0
176
     1
 90
       50
176
     1
 62
   256
176
     0
 40
1.0
176
     0
 90
        2
176
     1
  1
strokes_ogs.tif
176
     1
290
     0
176
     1
 40
1.0
176
     1
 40
1.0
176
     1
1001
ACAD
1000
AcDbSavedByObjectVersion
1070
     0
  0
VISUALSTYLE
  5
36
102
{ACAD_REACTORS
330
29
102
}
330
29
100
AcDbVisualStyle
  2
Thicken
 70
    13
177
     3
291
     1
 70
    58
 90
        2
176
     1
 90
        2
176
     1
 90
        0
176
     1
 90
        0
176
     1
 40
0.6
176
     1
 40
30.0
176
     1
 62
     7
420
 16777215
176
     1
 90
        1
176
     1
 90
        4
176
     1
 62
     7
176
     1
 62
   257
176
     1
 90
        1
176
     1
 90
        1
176
     1
 40
1.0
176
     1
 90
       12
176
     1
 62
     7
176
     1
 40
1.0
176
     1
 90
        1
176
     1
 90
        6
176
     1
 90
        2
176
     1
 62
     7
176
     1
 90
        5
176
     1
 90
        0
176
     1
 90
        0
176
     1
290
     0
176
     1
 90
        1
176
     1
 40
0.0
176
     1
 90
        0
176
     1
290
     0
176
     1
290
     1
176
     1
290
     1
176
     1
290
     0
176
     1
290
     0
176
     1
290
     0
176
     1
290
     0
176
     1
290
     0
176
     1
290
     0
176
     1
 90
       50
176
     1
 40
0.0
176
     1
 40
1.0
176
     1
 90
        0
176
     1
 62
    18
176
     1
 90
       50
176
     1
 90
        3
176
     1
 62
     5
420
      255
176
     1
290
     0
176
     1
 90
       50
176
     1
 90
       50
176
     1
 90
       50
176
     1
290
     0
176
     1
 90
       50
176
     1
 62
   256
176
     0
 40
1.0
176
     0
 90
        2
176
     1
  1
strokes_ogs.tif
176
     1
290
     0
176
     1
 40
1.0
176
     1
 40
1.0
176
     1
1001
ACAD
1000
AcDbSavedByObjectVersion
1070
     0
  0
VISUALSTYLE
  5
30
102
{ACAD_REACTORS
330
29
102
}
330
29
100
AcDbVisualStyle
  2
Wireframe
 70
     5
177
     3
291
     0
 70
    58
 90
        0
176
     1
 90
        2
176
     1
 90
        0
176
     1
 90
        0
176
     1
 40
0.6
176
     1
 40
30.0
176
     1
 62
     7
420
 16777215
176
     1
 90
        1
176
     1
 90
        4
176
     1
 62
     7
176
     1
 62
   257
176
     1
 90
        1
176
     1
 90
        1
176
     1
 40
1.0
176
     1
 90
        0
176
     1
 62
   257
176
     1
 40
1.0
176
     1
 90
        1
176
     1
 90
        6
176
     1
 90
        2
176
     1
 62
     7
176
     1
 90
        3
176
     1
 90
        0
176
     1
 90
        0
176
     1
290
     0
176
     1
 90
        1
176
     1
 40
0.0
176
     1
 90
        0
176
     1
290
     0
176
     1
290
     1
176
     1
290
     1
176
     1
290
     0
176
     1
290
     0
176
     1
290
     0
176
     1
290
     0
176
     1
290
     0
176
     1
290
     0
176
     1
 90
       50
176
     1
 40
0.0
176
     1
 40
1.0
176
     1
 90
        0
176
     1
 62
    18
176
     1
 90
       50
176
     1
 90
        3
176
     1
 62
     5
420
      255
176
     1
290
     0
176
     1
 90
       50
176
     1
 90
       50
176
     1
 90
       50
176
     1
290
     0
176
     1
 90
       50
176
     1
 62
   256
176
     0
 40
1.0
176
     0
 90
        2
176
     1
  1
strokes_ogs.tif
176
     1
290
     0
176
     1
 40
1.0
176
     1
 40
1.0
176
     1
1001
ACAD
1000
AcDbSavedByObjectVersion
1070
     0
  0
VISUALSTYLE
  5
3C
102
{ACAD_REACTORS
330
29
102
}
330
29
100
AcDbVisualStyle
  2
X-Ray
 70
    25
177
     3
291
     0
 70
    58
 90
        2
176
     1
 90
        2
176
     1
 90
        1
176
     1
 90
        1
176
     1
 40
0.5
176
     1
 40
30.0
176
     1
 62
     7
420
 16777215
176
     1
 90
        1
176
     1
 90
        0
176
     1
 62
     7
176
     1
 62
   257
176
     1
 90
        1
176
     1
 90
        1
176
     1
 40
1.0
176
     1
 90
        8
176
     1
 62
     7
176
     1
 40
1.0
176
     1
 90
        1
176
     1
 90
        6
176
     1
 90
        2
176
     1
 62
     7
176
     1
 90
        3
176
     1
 90
        0
176
     1
 90
        0
176
     1
290
     0
176
     1
 90
       13
176
     1
 40
0.0
176
     1
 90
        0
176
     1
290
     0
176
     1
290
     1
176
     1
290
     1
176
     1
290
     0
176
     1
290
     0
176
     1
290
     0
176
     1
290
     0
176
     1
290
     0
176
     1
290
     0
176
     1
 90
       50
176
     1
 40
0.0
176
     1
 40
1.0
176
     1
 90
        0
176
     1
 62
    18
176
     1
 90
       50
176
     1
 90
        3
176
     1
 62
     5
420
      255
176
     1
290
     0
176
     1
 90
       50
176
     1
 90
       50
176
     1
 90
       50
176
     1
290
     0
176
     1
 90
       50
176
     1
 62
   256
176
     0
 40
1.0
176
     0
 90
        2
176
     1
  1
strokes_ogs.tif
176
     1
290
     0
176
     1
 40
1.0
176
     1
 40
1.0
176
     1
1001
ACAD
1000
AcDbSavedByObjectVersion
1070
     0
  0
DICTIONARYVAR
  5
600
102
{ACAD_REACTORS
330
5FB
102
}
330
5FB
100
DictionaryVariables
280
     0
  1
0
  0
DICTIONARYVAR
  5
601
102
{ACAD_REACTORS
330
5FB
102
}
330
5FB
100
DictionaryVariables
280
     0
  1
1:1
  0
DICTIONARYVAR
  5
5FD
102
{ACAD_REACTORS
330
5FB
102
}
330
5FB
100
DictionaryVariables
280
     0
  1
STANDARD
  0
DICTIONARYVAR
  5
5FC
102
{ACAD_REACTORS
330
5FB
102
}
330
5FB
100
DictionaryVariables
280
     0
  1
STANDARD
  0
DICTIONARYVAR
  5
5FE
102
{ACAD_REACTORS
330
5FB
102
}
330
5FB
100
DictionaryVariables
280
     0
  1
Imperial24
  0
DICTIONARYVAR
  5
5FF
102
{ACAD_REACTORS
330
5FB
102
}
330
5FB
100
DictionaryVariables
280
     0
  1
Imperial24
  0
DICTIONARY
  5
81B
330
6B
100
AcDbDictionary
280
     1
281
     1
  3
ACAD_XREC_ROUNDTRIP
360
81C
  0
DICTIONARY
  5
81F
330
60C
100
AcDbDictionary
280
     1
281
     1
  3
ACAD_XREC_ROUNDTRIP
360
820
  0
DICTIONARY
  5
1A
330
19
100
AcDbDictionary
280
     1
281
     1
  3
BUMPTILE
360
1C
  3
DIFFUSETILE
360
1B
  3
OPACITYTILE
360
1F
  3
REFLECTIONTILE
360
1E
  3
REFRACTIONTILE
360
20
  3
SPECULARTILE
360
1D
  0
DICTIONARY
  5
12
330
11
100
AcDbDictionary
280
     1
281
     1
  3
BUMPTILE
360
14
  3
DIFFUSETILE
360
13
  3
OPACITYTILE
360
17
  3
REFLECTIONTILE
360
16
  3
REFRACTIONTILE
360
18
  3
SPECULARTILE
360
15
  0
DICTIONARY
  5
22
330
21
100
AcDbDictionary
280
     1
281
     1
  3
BUMPTILE
360
24
  3
DIFFUSETILE
360
23
  3
OPACITYTILE
360
27
  3
REFLECTIONTILE
360
26
  3
REFRACTIONTILE
360
28
  3
SPECULARTILE
360
25
  0
DICTIONARY
  5
819
330
69
100
AcDbDictionary
280
     1
281
     1
  3
ACAD_XREC_ROUNDTRIP
360
81A
  0
DICTIONARY
  5
81D
330
60B
100
AcDbDictionary
280
     1
281
     1
  3
ACAD_XREC_ROUNDTRIP
360
81E
  0
DICTIONARY
  5
602
330
65
100
AcDbDictionary
280
     1
281
     1
  3
ACAD_ROUNDTRIP_2008_TABLESTYLE_CELLSTYLEMAP
360
817
  0
XRECORD
  5
81C
102
{ACAD_REACTORS
330
81B
102
}
330
81B
100
AcDbXrecord
280
     1
102
DISPLAYNAME
  1
Imperial24
102
FLAGS
 90
        0
  0
XRECORD
  5
820
102
{ACAD_REACTORS
330
81F
102
}
330
81F
100
AcDbXrecord
280
     1
102
DISPLAYNAME
  1
Metric50
102
FLAGS
 90
        0
  0
XRECORD
  5
1C
102
{ACAD_REACTORS
330
1A
102
}
330
1A
100
AcDbXrecord
280
     1
270
     1
271
     1
  0
XRECORD
  5
1B
102
{ACAD_REACTORS
330
1A
102
}
330
1A
100
AcDbXrecord
280
     1
270
     1
271
     1
  0
XRECORD
  5
1F
102
{ACAD_REACTORS
330
1A
102
}
330
1A
100
AcDbXrecord
280
     1
270
     1
271
     1
  0
XRECORD
  5
1E
102
{ACAD_REACTORS
330
1A
102
}
330
1A
100
AcDbXrecord
280
     1
270
     1
271
     1
  0
XRECORD
  5
20
102
{ACAD_REACTORS
330
1A
102
}
330
1A
100
AcDbXrecord
280
     1
270
     1
271
     1
  0
XRECORD
  5
1D
102
{ACAD_REACTORS
330
1A
102
}
330
1A
100
AcDbXrecord
280
     1
270
     1
271
     1
  0
XRECORD
  5
14
102
{ACAD_REACTORS
330
12
102
}
330
12
100
AcDbXrecord
280
     1
270
     1
271
     1
  0
XRECORD
  5
13
102
{ACAD_REACTORS
330
12
102
}
330
12
100
AcDbXrecord
280
     1
270
     1
271
     1
  0
XRECORD
  5
17
102
{ACAD_REACTORS
330
12
102
}
330
12
100
AcDbXrecord
280
     1
270
     1
271
     1
  0
XRECORD
  5
16
102
{ACAD_REACTORS
330
12
102
}
330
12
100
AcDbXrecord
280
     1
270
     1
271
     1
  0
XRECORD
  5
18
102
{ACAD_REACTORS
330
12
102
}
330
12
100
AcDbXrecord
280
     1
270
     1
271
     1
  0
XRECORD
  5
15
102
{ACAD_REACTORS
330
12
102
}
330
12
100
AcDbXrecord
280
     1
270
     1
271
     1
  0
XRECORD
  5
24
102
{ACAD_REACTORS
330
22
102
}
330
22
100
AcDbXrecord
280
     1
270
     1
271
     1
  0
XRECORD
  5
23
102
{ACAD_REACTORS
330
22
102
}
330
22
100
AcDbXrecord
280
     1
270
     1
271
     1
  0
XRECORD
  5
27
102
{ACAD_REACTORS
330
22
102
}
330
22
100
AcDbXrecord
280
     1
270
     1
271
     1
  0
XRECORD
  5
26
102
{ACAD_REACTORS
330
22
102
}
330
22
100
AcDbXrecord
280
     1
270
     1
271
     1
  0
XRECORD
  5
28
102
{ACAD_REACTORS
330
22
102
}
330
22
100
AcDbXrecord
280
     1
270
     1
271
     1
  0
XRECORD
  5
25
102
{ACAD_REACTORS
330
22
102
}
330
22
100
AcDbXrecord
280
     1
270
     1
271
     1
  0
XRECORD
  5
81A
102
{ACAD_REACTORS
330
819
102
}
330
819
100
AcDbXrecord
280
     1
102
DISPLAYNAME
  1
Imperial24
102
FLAGS
 90
        0
  0
XRECORD
  5
81E
102
{ACAD_REACTORS
330
81D
102
}
330
81D
100
AcDbXrecord
280
     1
102
DISPLAYNAME
  1
Metric50
102
FLAGS
 90
        0
  0
CELLSTYLEMAP
  5
817
102
{ACAD_REACTORS
330
602
102
}
330
602
100
AcDbCellStyleMap
 90
        3
300
CELLSTYLE
  1
TABLEFORMAT_BEGIN
 90
        5
170
     1
 91
        0
 92
    32768
 62
   257
 93
        1
300
CONTENTFORMAT
  1
CONTENTFORMAT_BEGIN
 90
        0
 91
        0
 92
      512
 93
        0
300

 40
0.0
140
1.0
 94
        5
 62
     0
340
55
144
0.25
309
CONTENTFORMAT_END
171
     1
301
MARGIN
  1
CELLMARGIN_BEGIN
 40
1.5
 40
1.5
 40
1.5
 40
1.5
 40
0.18
 40
0.18
309
CELLMARGIN_END
 94
        6
 95
        1
302
GRIDFORMAT
  1
GRIDFORMAT_BEGIN
 90
        0
 91
        1
 62
     0
 92
       -2
340
0
 93
        0
 40
0.045
309
GRIDFORMAT_END
 95
        2
302
GRIDFORMAT
  1
GRIDFORMAT_BEGIN
 90
        0
 91
        1
 62
     0
 92
       -2
340
0
 93
        0
 40
0.045
309
GRIDFORMAT_END
 95
        4
302
GRIDFORMAT
  1
GRIDFORMAT_BEGIN
 90
        0
 91
        1
 62
     0
 92
       -2
340
0
 93
        0
 40
0.045
309
GRIDFORMAT_END
 95
        8
302
GRIDFORMAT
  1
GRIDFORMAT_BEGIN
 90
        0
 91
        1
 62
     0
 92
       -2
340
0
 93
        0
 40
0.045
309
GRIDFORMAT_END
 95
       16
302
GRIDFORMAT
  1
GRIDFORMAT_BEGIN
 90
        0
 91
        1
 62
     0
 92
       -2
340
0
 93
        0
 40
0.045
309
GRIDFORMAT_END
 95
       32
302
GRIDFORMAT
  1
GRIDFORMAT_BEGIN
 90
        0
 91
        1
 62
     0
 92
       -2
340
0
 93
        0
 40
0.045
309
GRIDFORMAT_END
309
TABLEFORMAT_END
  1
CELLSTYLE_BEGIN
 90
        1
 91
        1
300
_TITLE
309
CELLSTYLE_END
300
CELLSTYLE
  1
TABLEFORMAT_BEGIN
 90
        5
170
     1
 91
        0
 92
        0
 62
   257
 93
        1
300
CONTENTFORMAT
  1
CONTENTFORMAT_BEGIN
 90
        0
 91
        0
 92
      512
 93
        0
300

 40
0.0
140
1.0
 94
        5
 62
     0
340
55
144
0.18
309
CONTENTFORMAT_END
171
     1
301
MARGIN
  1
CELLMARGIN_BEGIN
 40
1.5
 40
1.5
 40
1.5
 40
1.5
 40
0.18
 40
0.18
309
CELLMARGIN_END
 94
        6
 95
        1
302
GRIDFORMAT
  1
GRIDFORMAT_BEGIN
 90
        0
 91
        1
 62
     0
 92
       -2
340
0
 93
        0
 40
0.045
309
GRIDFORMAT_END
 95
        2
302
GRIDFORMAT
  1
GRIDFORMAT_BEGIN
 90
        0
 91
        1
 62
     0
 92
       -2
340
0
 93
        0
 40
0.045
309
GRIDFORMAT_END
 95
        4
302
GRIDFORMAT
  1
GRIDFORMAT_BEGIN
 90
        0
 91
        1
 62
     0
 92
       -2
340
0
 93
        0
 40
0.045
309
GRIDFORMAT_END
 95
        8
302
GRIDFORMAT
  1
GRIDFORMAT_BEGIN
 90
        0
 91
        1
 62
     0
 92
       -2
340
0
 93
        0
 40
0.045
309
GRIDFORMAT_END
 95
       16
302
GRIDFORMAT
  1
GRIDFORMAT_BEGIN
 90
        0
 91
        1
 62
     0
 92
       -2
340
0
 93
        0
 40
0.045
309
GRIDFORMAT_END
 95
       32
302
GRIDFORMAT
  1
GRIDFORMAT_BEGIN
 90
        0
 91
        1
 62
     0
 92
       -2
340
0
 93
        0
 40
0.045
309
GRIDFORMAT_END
309
TABLEFORMAT_END
  1
CELLSTYLE_BEGIN
 90
        2
 91
        1
300
_HEADER
309
CELLSTYLE_END
300
CELLSTYLE
  1
TABLEFORMAT_BEGIN
 90
        5
170
     1
 91
        0
 92
        0
 62
   257
 93
        1
300
CONTENTFORMAT
  1
CONTENTFORMAT_BEGIN
 90
        0
 91
        0
 92
      512
 93
        0
300

 40
0.0
140
1.0
 94
        2
 62
     0
340
55
144
0.18
309
CONTENTFORMAT_END
171
     1
301
MARGIN
  1
CELLMARGIN_BEGIN
 40
1.5
 40
1.5
 40
1.5
 40
1.5
 40
0.18
 40
0.18
309
CELLMARGIN_END
 94
        6
 95
        1
302
GRIDFORMAT
  1
GRIDFORMAT_BEGIN
 90
        0
 91
        1
 62
     0
 92
       -2
340
0
 93
        0
 40
0.045
309
GRIDFORMAT_END
 95
        2
302
GRIDFORMAT
  1
GRIDFORMAT_BEGIN
 90
        0
 91
        1
 62
     0
 92
       -2
340
0
 93
        0
 40
0.045
309
GRIDFORMAT_END
 95
        4
302
GRIDFORMAT
  1
GRIDFORMAT_BEGIN
 90
        0
 91
        1
 62
     0
 92
       -2
340
0
 93
        0
 40
0.045
309
GRIDFORMAT_END
 95
        8
302
GRIDFORMAT
  1
GRIDFORMAT_BEGIN
 90
        0
 91
        1
 62
     0
 92
       -2
340
0
 93
        0
 40
0.045
309
GRIDFORMAT_END
 95
       16
302
GRIDFORMAT
  1
GRIDFORMAT_BEGIN
 90
        0
 91
        1
 62
     0
 92
       -2
340
0
 93
        0
 40
0.045
309
GRIDFORMAT_END
 95
       32
302
GRIDFORMAT
  1
GRIDFORMAT_BEGIN
 90
        0
 91
        1
 62
     0
 92
       -2
340
0
 93
        0
 40
0.045
309
GRIDFORMAT_END
309
TABLEFORMAT_END
  1
CELLSTYLE_BEGIN
 90
        3
 91
        2
300
_DATA
309
CELLSTYLE_END
  0
ENDSEC
  0
EOF
