  0
SECTION
  2
HEADER
  9
$ACADVER
  1
AC1027
  9
$ACADMAINTVER
 70
   125
  9
$DWGCODEPAGE
  3
ANSI_1252
  9
$LASTSAVEDBY
  1
lequo
  9
$REQUIREDVERSIONS
160
                 0
  9
$INSBASE
 10
0.0
 20
0.0
 30
0.0
  9
$EXTMIN
 10
128.32742427014
 20
381.5249954296973
 30
0.0
  9
$EXTMAX
 10
463.5543933991272
 20
643.4453800771132
 30
0.0
  9
$LIMMIN
 10
0.0
 20
0.0
  9
$LIMMAX
 10
1189.0
 20
841.0
  9
$ORTHOMODE
 70
     0
  9
$REGENMODE
 70
     1
  9
$FILLMODE
 70
     1
  9
$QTEXTMODE
 70
     0
  9
$MIRRTEXT
 70
     1
  9
$LTSCALE
 40
1.0
  9
$ATTMODE
 70
     1
  9
$TEXTSIZE
 40
3.5
  9
$TRACEWID
 40
1.0
  9
$TEXTSTYLE
  7
Standard
  9
$CLAYER
  8
0
  9
$CELTYPE
  6
ByLayer
  9
$CECOLOR
 62
   256
  9
$CELTSCALE
 40
1.0
  9
$DISPSILH
 70
     0
  9
$DIMSCALE
 40
1.0
  9
$DIMASZ
 40
4.08
  9
$DIMEXO
 40
0.0
  9
$DIMDLI
 40
3.75
  9
$DIMRND
 40
0.0
  9
$DIMDLE
 40
0.0
  9
$DIMEXE
 40
2.0
  9
$DIMTP
 40
0.0
  9
$DIMTM
 40
0.0
  9
$DIMTXT
 40
3.5
  9
$DIMCEN
 40
2.5
  9
$DIMTSZ
 40
0.0
  9
$DIMTOL
 70
     0
  9
$DIMLIM
 70
     0
  9
$DIMTIH
 70
     1
  9
$DIMTOH
 70
     1
  9
$DIMSE1
 70
     0
  9
$DIMSE2
 70
     0
  9
$DIMTAD
 70
     1
  9
$DIMZIN
 70
     0
  9
$DIMBLK
  1

  9
$DIMASO
 70
     1
  9
$DIMSHO
 70
     1
  9
$DIMPOST
  1

  9
$DIMAPOST
  1

  9
$DIMALT
 70
     0
  9
$DIMALTD
 70
     3
  9
$DIMALTF
 40
0.0393700787401575
  9
$DIMLFAC
 40
1.0
  9
$DIMTOFL
 70
     1
  9
$DIMTVP
 40
0.0
  9
$DIMTIX
 70
     0
  9
$DIMSOXD
 70
     0
  9
$DIMSAH
 70
     0
  9
$DIMBLK1
  1

  9
$DIMBLK2
  1

  9
$DIMSTYLE
  2
ISO-25
  9
$DIMCLRD
 70
     0
  9
$DIMCLRE
 70
     0
  9
$DIMCLRT
 70
     0
  9
$DIMTFAC
 40
1.0
  9
$DIMGAP
 40
1.524
  9
$DIMJUST
 70
     0
  9
$DIMSD1
 70
     0
  9
$DIMSD2
 70
     0
  9
$DIMTOLJ
 70
     0
  9
$DIMTZIN
 70
     0
  9
$DIMALTZ
 70
     0
  9
$DIMALTTZ
 70
     0
  9
$DIMUPT
 70
     0
  9
$DIMDEC
 70
     2
  9
$DIMTDEC
 70
     2
  9
$DIMALTU
 70
     2
  9
$DIMALTTD
 70
     3
  9
$DIMTXSTY
  7
Standard
  9
$DIMAUNIT
 70
     0
  9
$DIMADEC
 70
     2
  9
$DIMALTRND
 40
0.0
  9
$DIMAZIN
 70
     0
  9
$DIMDSEP
 70
    44
  9
$DIMATFIT
 70
     3
  9
$DIMFRAC
 70
     0
  9
$DIMLDRBLK
  1

  9
$DIMLUNIT
 70
     2
  9
$DIMLWD
 70
    -2
  9
$DIMLWE
 70
    -2
  9
$DIMTMOVE
 70
     0
  9
$DIMFXL
 40
1.0
  9
$DIMFXLON
 70
     0
  9
$DIMJOGANG
 40
0.7853981633974483
  9
$DIMTFILL
 70
     0
  9
$DIMTFILLCLR
 70
     0
  9
$DIMARCSYM
 70
     0
  9
$DIMLTYPE
  6

  9
$DIMLTEX1
  6

  9
$DIMLTEX2
  6

  9
$DIMTXTDIRECTION
 70
     0
  9
$LUNITS
 70
     2
  9
$LUPREC
 70
     2
  9
$SKETCHINC
 40
1.0
  9
$FILLETRAD
 40
3.0
  9
$AUNITS
 70
     0
  9
$AUPREC
 70
     2
  9
$MENU
  1
.
  9
$ELEVATION
 40
0.0
  9
$PELEVATION
 40
0.0
  9
$THICKNESS
 40
0.0
  9
$LIMCHECK
 70
     0
  9
$CHAMFERA
 40
0.0
  9
$CHAMFERB
 40
0.0
  9
$CHAMFERC
 40
0.0
  9
$CHAMFERD
 40
0.0
  9
$SKPOLY
 70
     0
  9
$TDCREATE
 40
2459732.643553241
  9
$TDUCREATE
 40
2459732.351896076
  9
$TDUPDATE
 40
2460985.677071759
  9
$TDUUPDATE
 40
2460985.385405093
  9
$TDINDWG
 40
0.0471158102
  9
$TDUSRTIMER
 40
0.0471158102
  9
$USRTIMER
 70
     1
  9
$ANGBASE
 50
0.0
  9
$ANGDIR
 70
     0
  9
$PDMODE
 70
     0
  9
$PDSIZE
 40
-1.0
  9
$PLINEWID
 40
0.0
  9
$SPLFRAME
 70
     0
  9
$SPLINETYPE
 70
     6
  9
$SPLINESEGS
 70
     8
  9
$HANDSEED
  5
1028
  9
$SURFTAB1
 70
     6
  9
$SURFTAB2
 70
     6
  9
$SURFTYPE
 70
     6
  9
$SURFU
 70
     6
  9
$SURFV
 70
     6
  9
$UCSBASE
  2

  9
$UCSNAME
  2

  9
$UCSORG
 10
0.0
 20
0.0
 30
0.0
  9
$UCSXDIR
 10
1.0
 20
0.0
 30
0.0
  9
$UCSYDIR
 10
0.0
 20
1.0
 30
0.0
  9
$UCSORTHOREF
  2

  9
$UCSORTHOVIEW
 70
     0
  9
$UCSORGTOP
 10
0.0
 20
0.0
 30
0.0
  9
$UCSORGBOTTOM
 10
0.0
 20
0.0
 30
0.0
  9
$UCSORGLEFT
 10
0.0
 20
0.0
 30
0.0
  9
$UCSORGRIGHT
 10
0.0
 20
0.0
 30
0.0
  9
$UCSORGFRONT
 10
0.0
 20
0.0
 30
0.0
  9
$UCSORGBACK
 10
0.0
 20
0.0
 30
0.0
  9
$PUCSBASE
  2

  9
$PUCSNAME
  2

  9
$PUCSORG
 10
0.0
 20
0.0
 30
0.0
  9
$PUCSXDIR
 10
1.0
 20
0.0
 30
0.0
  9
$PUCSYDIR
 10
0.0
 20
1.0
 30
0.0
  9
$PUCSORTHOREF
  2

  9
$PUCSORTHOVIEW
 70
     0
  9
$PUCSORGTOP
 10
0.0
 20
0.0
 30
0.0
  9
$PUCSORGBOTTOM
 10
0.0
 20
0.0
 30
0.0
  9
$PUCSORGLEFT
 10
0.0
 20
0.0
 30
0.0
  9
$PUCSORGRIGHT
 10
0.0
 20
0.0
 30
0.0
  9
$PUCSORGFRONT
 10
0.0
 20
0.0
 30
0.0
  9
$PUCSORGBACK
 10
0.0
 20
0.0
 30
0.0
  9
$USERI1
 70
     0
  9
$USERI2
 70
     0
  9
$USERI3
 70
     0
  9
$USERI4
 70
     0
  9
$USERI5
 70
     0
  9
$USERR1
 40
0.0
  9
$USERR2
 40
0.0
  9
$USERR3
 40
0.0
  9
$USERR4
 40
0.0
  9
$USERR5
 40
0.0
  9
$WORLDVIEW
 70
     1
  9
$SHADEDGE
 70
     3
  9
$SHADEDIF
 70
    70
  9
$TILEMODE
 70
     1
  9
$MAXACTVP
 70
    64
  9
$PINSBASE
 10
0.0
 20
0.0
 30
0.0
  9
$PLIMCHECK
 70
     0
  9
$PEXTMIN
 10
1.000000000000000E+20
 20
1.000000000000000E+20
 30
1.000000000000000E+20
  9
$PEXTMAX
 10
-1.000000000000000E+20
 20
-1.000000000000000E+20
 30
-1.000000000000000E+20
  9
$PLIMMIN
 10
0.0
 20
0.0
  9
$PLIMMAX
 10
420.0
 20
297.0
  9
$UNITMODE
 70
     0
  9
$VISRETAIN
 70
     1
  9
$PLINEGEN
 70
     0
  9
$PSLTSCALE
 70
     1
  9
$TREEDEPTH
 70
  3020
  9
$CMLSTYLE
  2
Standard
  9
$CMLJUST
 70
     0
  9
$CMLSCALE
 40
20.0
  9
$PROXYGRAPHICS
 70
     1
  9
$MEASUREMENT
 70
     1
  9
$CELWEIGHT
370
    -1
  9
$ENDCAPS
280
     0
  9
$JOINSTYLE
280
     0
  9
$LWDISPLAY
290
     1
  9
$INSUNITS
 70
     4
  9
$HYPERLINKBASE
  1

  9
$STYLESHEET
  1

  9
$XEDIT
290
     1
  9
$CEPSNTYPE
380
     0
  9
$PSTYLEMODE
290
     1
  9
$FINGERPRINTGUID
  2
{720fd0d5-825f-4d11-9084-8bf9b2749c90}
  9
$VERSIONGUID
  2
{0B76549E-AD0F-6840-ADBB-EC8086CE25DD}
  9
$EXTNAMES
290
     1
  9
$PSVPSCALE
 40
0.0
  9
$OLESTARTUP
290
     0
  9
$SORTENTS
280
   127
  9
$INDEXCTL
280
     0
  9
$HIDETEXT
280
     0
  9
$XCLIPFRAME
280
     0
  9
$HALOGAP
280
     0
  9
$OBSCOLOR
 70
   257
  9
$OBSLTYPE
280
     0
  9
$INTERSECTIONDISPLAY
280
     0
  9
$INTERSECTIONCOLOR
 70
   257
  9
$DIMASSOC
280
     1
  9
$PROJECTNAME
  1

  9
$CAMERADISPLAY
290
     0
  9
$LENSLENGTH
 40
50.0
  9
$CAMERAHEIGHT
 40
0.0
  9
$STEPSPERSEC
 40
2.0
  9
$STEPSIZE
 40
6.0
  9
$3DDWFPREC
 40
2.0
  9
$PSOLWIDTH
 40
0.25
  9
$PSOLHEIGHT
 40
4.0
  9
$LOFTANG1
 40
1.570796326794896
  9
$LOFTANG2
 40
1.570796326794896
  9
$LOFTMAG1
 40
0.0
  9
$LOFTMAG2
 40
0.0
  9
$LOFTPARAM
 70
     7
  9
$LOFTNORMALS
280
     1
  9
$LATITUDE
 40
37.795
  9
$LONGITUDE
 40
-122.394
  9
$NORTHDIRECTION
 40
0.0
  9
$TIMEZONE
 70
 -8000
  9
$LIGHTGLYPHDISPLAY
280
     1
  9
$TILEMODELIGHTSYNCH
280
     1
  9
$CMATERIAL
347
820
  9
$SOLIDHIST
280
     1
  9
$SHOWHIST
280
     1
  9
$DWFFRAME
280
     2
  9
$DGNFRAME
280
     0
  9
$REALWORLDSCALE
290
     1
  9
$INTERFERECOLOR
 62
     1
  9
$INTERFEREOBJVS
345
82D
  9
$INTERFEREVPVS
346
82A
  9
$CSHADOW
280
     0
  9
$SHADOWPLANELOCATION
 40
0.0
  0
ENDSEC
  0
SECTION
  2
CLASSES
  0
CLASS
  1
ACDBDICTIONARYWDFLT
  2
AcDbDictionaryWithDefault
  3
ObjectDBX Classes
 90
        0
 91
        1
280
     0
281
     0
  0
CLASS
  1
VISUALSTYLE
  2
AcDbVisualStyle
  3
ObjectDBX Classes
 90
     4095
 91
       26
280
     0
281
     0
  0
CLASS
  1
MATERIAL
  2
AcDbMaterial
  3
ObjectDBX Classes
 90
     1153
 91
        3
280
     0
281
     0
  0
CLASS
  1
SCALE
  2
AcDbScale
  3
ObjectDBX Classes
 90
     1153
 91
       99
280
     0
281
     0
  0
CLASS
  1
TABLESTYLE
  2
AcDbTableStyle
  3
ObjectDBX Classes
 90
     4095
 91
        1
280
     0
281
     0
  0
CLASS
  1
MLEADERSTYLE
  2
AcDbMLeaderStyle
  3
ACDB_MLEADERSTYLE_CLASS
 90
     4095
 91
        1
280
     0
281
     0
  0
CLASS
  1
SUN
  2
AcDbSun
  3
SCENEOE
 90
     1153
 91
        0
280
     0
281
     0
  0
CLASS
  1
ACDBPLACEHOLDER
  2
AcDbPlaceHolder
  3
ObjectDBX Classes
 90
        0
 91
        1
280
     0
281
     0
  0
CLASS
  1
LAYOUT
  2
AcDbLayout
  3
ObjectDBX Classes
 90
        0
 91
        3
280
     0
281
     0
  0
CLASS
  1
DICTIONARYVAR
  2
AcDbDictionaryVar
  3
ObjectDBX Classes
 90
        0
 91
       11
280
     0
281
     0
  0
CLASS
  1
SORTENTSTABLE
  2
AcDbSortentsTable
  3
ObjectDBX Classes
 90
        0
 91
        5
280
     0
281
     0
  0
CLASS
  1
ACDBSECTIONVIEWSTYLE
  2
AcDbSectionViewStyle
  3
ObjectDBX Classes
 90
     1025
 91
        1
280
     0
281
     0
  0
CLASS
  1
ACDBDETAILVIEWSTYLE
  2
AcDbDetailViewStyle
  3
ObjectDBX Classes
 90
     1025
 91
        1
280
     0
281
     0
  0
CLASS
  1
CELLSTYLEMAP
  2
AcDbCellStyleMap
  3
ObjectDBX Classes
 90
     1152
 91
        2
280
     0
281
     0
  0
ENDSEC
  0
SECTION
  2
TABLES
  0
TABLE
  2
VPORT
  5
8
330
0
100
AcDbSymbolTable
 70
     1
1001
ACAD
1000
DbSaveVer
1071
      298
  0
VPORT
  5
29
330
8
100
AcDbSymbolTableRecord
100
AcDbViewportTableRecord
  2
*Active
 70
     0
 10
0.0
 20
0.0
 11
1.0
 21
1.0
 12
312.1695192633897
 22
599.599955361197
 13
0.0
 23
0.0
 14
10.0
 24
10.0
 15
10.0
 25
10.0
 16
0.0
 26
0.0
 36
1.0
 17
0.0
 27
0.0
 37
0.0
 40
239.7107416062722
 41
1.96514423076923
 42
50.0
 43
0.0
 44
0.0
 50
0.0
 51
0.0
 71
     0
 72
  2000
 73
     1
 74
     3
 75
     0
 76
     0
 77
     0
 78
     0
281
     0
 65
     1
110
0.0
120
0.0
130
0.0
111
1.0
121
0.0
131
0.0
112
0.0
122
1.0
132
0.0
 79
     0
146
0.0
348
829
 60
     3
 61
     5
292
     1
282
     1
141
0.0
142
0.0
 63
   250
421
  3355443
1001
ACAD_NAV_VCDISPLAY
1070
     3
  0
ENDTAB
  0
TABLE
  2
LTYPE
  5
5
330
0
100
AcDbSymbolTable
 70
     7
  0
LTYPE
  5
14
330
5
100
AcDbSymbolTableRecord
100
AcDbLinetypeTableRecord
  2
ByBlock
 70
     0
  3

 72
    65
 73
     0
 40
0.0
  0
LTYPE
  5
15
330
5
100
AcDbSymbolTableRecord
100
AcDbLinetypeTableRecord
  2
ByLayer
 70
     0
  3

 72
    65
 73
     0
 40
0.0
  0
LTYPE
  5
16
330
5
100
AcDbSymbolTableRecord
100
AcDbLinetypeTableRecord
  2
Continuous
 70
     0
  3
Solid line
 72
    65
 73
     0
 40
0.0
  0
LTYPE
  5
6E
330
5
100
AcDbSymbolTableRecord
100
AcDbLinetypeTableRecord
  2
HIDDEN
 70
     0
  3
Hidden __ __ __ __ __ __ __ __ __ __ __ __ __ __
 72
    65
 73
     2
 40
1.905
 49
1.27
 74
     0
 49
-0.635
 74
     0
  0
LTYPE
  5
6F
330
5
100
AcDbSymbolTableRecord
100
AcDbLinetypeTableRecord
  2
PHANTOM
 70
     0
  3
Phantom ______  __  __  ______  __  __  ______
 72
    65
 73
     6
 40
12.7
 49
6.349999999999999
 74
     0
 49
-1.27
 74
     0
 49
1.27
 74
     0
 49
-1.27
 74
     0
 49
1.27
 74
     0
 49
-1.27
 74
     0
  0
LTYPE
  5
70
330
5
100
AcDbSymbolTableRecord
100
AcDbLinetypeTableRecord
  2
CENTER
 70
     0
  3
Center ____ _ ____ _ ____ _ ____ _ ____ _ ____
 72
    65
 73
     4
 40
10.16
 49
6.349999999999999
 74
     0
 49
-1.27
 74
     0
 49
1.27
 74
     0
 49
-1.27
 74
     0
  0
LTYPE
  5
71
330
5
100
AcDbSymbolTableRecord
100
AcDbLinetypeTableRecord
  2
CENTERX2
 70
     0
  3
Center (2x) ________  __  ________  __  _____
 72
    65
 73
     4
 40
20.32
 49
12.7
 74
     0
 49
-2.54
 74
     0
 49
2.54
 74
     0
 49
-2.54
 74
     0
  0
LTYPE
  5
72
330
5
100
AcDbSymbolTableRecord
100
AcDbLinetypeTableRecord
  2
DOT2
 70
     0
  3
Dot (.5x) ........................................
 72
    65
 73
     2
 40
0.635
 49
0.0
 74
     0
 49
-0.635
 74
     0
  0
ENDTAB
  0
TABLE
  2
LAYER
  5
2
330
0
100
AcDbSymbolTable
 70
    19
  0
LAYER
  5
10
102
{ACAD_XDICTIONARY
360
FFB
102
}
330
2
100
AcDbSymbolTableRecord
100
AcDbLayerTableRecord
  2
0
 70
     0
 62
     7
  6
Continuous
370
    -3
390
F
347
822
348
0
  0
LAYER
  5
73
102
{ACAD_XDICTIONARY
360
FFD
102
}
330
2
100
AcDbSymbolTableRecord
100
AcDbLayerTableRecord
  2
SLD-0
 70
     0
 62
     7
  6
Continuous
370
    -3
390
F
347
822
348
0
  0
LAYER
  5
74
102
{ACAD_XDICTIONARY
360
FFF
102
}
330
2
100
AcDbSymbolTableRecord
100
AcDbLayerTableRecord
  2
10
 70
     0
 62
     7
  6
Continuous
370
    -3
390
F
347
822
348
0
  0
LAYER
  5
75
102
{ACAD_XDICTIONARY
360
1001
102
}
330
2
100
AcDbSymbolTableRecord
100
AcDbLayerTableRecord
  2
5
 70
     0
 62
     7
  6
Continuous
370
    -3
390
F
347
822
348
0
  0
LAYER
  5
76
102
{ACAD_XDICTIONARY
360
1003
102
}
330
2
100
AcDbSymbolTableRecord
100
AcDbLayerTableRecord
  2
9
 70
     0
 62
     7
  6
Continuous
370
    -3
390
F
347
822
348
0
  0
LAYER
  5
77
102
{ACAD_XDICTIONARY
360
1005
102
}
330
2
100
AcDbSymbolTableRecord
100
AcDbLayerTableRecord
  2
轮廓实线层
 70
     0
 62
     7
  6
Continuous
370
    50
390
F
347
822
348
0
1001
AcadStringInfo
1000
MIFCodePage
1070
     5
  0
LAYER
  5
78
102
{ACAD_XDICTIONARY
360
1007
102
}
330
2
100
AcDbSymbolTableRecord
100
AcDbLayerTableRecord
  2
细线层
 70
     0
 62
     4
  6
Continuous
370
    25
390
F
347
822
348
0
1001
AcadStringInfo
1000
MIFCodePage
1070
     5
  0
LAYER
  5
79
102
{ACAD_XDICTIONARY
360
1009
102
}
330
2
100
AcDbSymbolTableRecord
100
AcDbLayerTableRecord
  2
中心线层
 70
     0
 62
     1
  6
CENTERX2
370
    25
390
F
347
822
348
0
1001
AcadStringInfo
1000
MIFCodePage
1070
     5
  0
LAYER
  5
7A
102
{ACAD_XDICTIONARY
360
100B
102
}
330
2
100
AcDbSymbolTableRecord
100
AcDbLayerTableRecord
  2
虚线层
 70
     0
 62
     6
  6
HIDDEN
370
    25
390
F
347
822
348
0
1001
AcadStringInfo
1000
MIFCodePage
1070
     5
  0
LAYER
  5
7B
102
{ACAD_XDICTIONARY
360
100D
102
}
330
2
100
AcDbSymbolTableRecord
100
AcDbLayerTableRecord
  2
剖面线层
 70
     0
 62
     2
  6
Continuous
370
    25
390
F
347
822
348
0
1001
AcadStringInfo
1000
MIFCodePage
1070
     5
  0
LAYER
  5
7C
102
{ACAD_XDICTIONARY
360
100F
102
}
330
2
100
AcDbSymbolTableRecord
100
AcDbLayerTableRecord
  2
文字层
 70
     0
 62
     3
  6
Continuous
370
    25
390
F
347
822
348
0
1001
AcadStringInfo
1000
MIFCodePage
1070
     5
  0
LAYER
  5
7D
102
{ACAD_XDICTIONARY
360
1011
102
}
330
2
100
AcDbSymbolTableRecord
100
AcDbLayerTableRecord
  2
标注层
 70
     0
 62
     4
  6
Continuous
370
    25
390
F
347
822
348
0
1001
AcadStringInfo
1000
MIFCodePage
1070
     5
  0
LAYER
  5
7E
102
{ACAD_XDICTIONARY
360
1013
102
}
330
2
100
AcDbSymbolTableRecord
100
AcDbLayerTableRecord
  2
符号标注层
 70
     0
 62
    31
  6
Continuous
370
    25
390
F
347
822
348
0
1001
AcadStringInfo
1000
MIFCodePage
1070
     5
  0
LAYER
  5
7F
102
{ACAD_XDICTIONARY
360
1015
102
}
330
2
100
AcDbSymbolTableRecord
100
AcDbLayerTableRecord
  2
双点划线层
 70
     0
 62
     6
  6
PHANTOM
370
    25
390
F
347
822
348
0
1001
AcadStringInfo
1000
MIFCodePage
1070
     5
  0
LAYER
  5
80
102
{ACAD_XDICTIONARY
360
1017
102
}
330
2
100
AcDbSymbolTableRecord
100
AcDbLayerTableRecord
  2
粗实线层
 70
     0
 62
     7
  6
Continuous
370
    25
390
F
347
822
348
0
1001
AcadStringInfo
1000
MIFCodePage
1070
     5
  0
LAYER
  5
81
102
{ACAD_XDICTIONARY
360
1019
102
}
330
2
100
AcDbSymbolTableRecord
100
AcDbLayerTableRecord
  2
细实线层
 70
     0
 62
     7
  6
Continuous
370
    -3
390
F
347
822
348
0
1001
AcadStringInfo
1000
MIFCodePage
1070
     5
  0
LAYER
  5
82
102
{ACAD_XDICTIONARY
360
101B
102
}
330
2
100
AcDbSymbolTableRecord
100
AcDbLayerTableRecord
  2
点划线层
 70
     0
 62
     7
  6
CENTER
370
    -3
390
F
347
822
348
0
1001
AcadStringInfo
1000
MIFCodePage
1070
     5
  0
LAYER
  5
83
102
{ACAD_XDICTIONARY
360
101D
102
}
330
2
100
AcDbSymbolTableRecord
100
AcDbLayerTableRecord
  2
图框
 70
     0
 62
     7
  6
Continuous
370
    -3
390
F
347
822
348
0
1001
AcadStringInfo
1000
MIFCodePage
1070
     5
  0
LAYER
  5
ED7
102
{ACAD_XDICTIONARY
360
101F
102
}
330
2
100
AcDbSymbolTableRecord
100
AcDbLayerTableRecord
  2
Visible
 70
     0
 62
     7
  6
Continuous
370
    50
390
F
347
822
348
0
  0
ENDTAB
  0
TABLE
  2
STYLE
  5
3
330
0
100
AcDbSymbolTable
 70
     7
  0
STYLE
  5
11
330
3
100
AcDbSymbolTableRecord
100
AcDbTextStyleTableRecord
  2
Standard
 70
     0
 40
0.0
 41
1.0
 50
0.0
 71
     0
 42
3.5
  3
txt
  4

  0
STYLE
  5
106
330
3
100
AcDbSymbolTableRecord
100
AcDbTextStyleTableRecord
  2
SLDTEXTSTYLE0
 70
     0
 40
0.0
 41
0.7
 50
0.0
 71
     0
 42
3.5
  3
TXT
  4
bigfont
  0
STYLE
  5
10C
330
3
100
AcDbSymbolTableRecord
100
AcDbTextStyleTableRecord
  2
SLDTEXTSTYLE1
 70
     0
 40
0.0
 41
0.6
 50
0.0
 71
     0
 42
3.5
  3
TXT
  4
bigfont
  0
STYLE
  5
111
330
3
100
AcDbSymbolTableRecord
100
AcDbTextStyleTableRecord
  2
SLDTEXTSTYLE2
 70
     0
 40
0.0
 41
0.6142857142857144
 50
0.0
 71
     0
 42
3.5
  3
TXT
  4
bigfont
  0
STYLE
  5
113
330
3
100
AcDbSymbolTableRecord
100
AcDbTextStyleTableRecord
  2
SLDTEXTSTYLE3
 70
     0
 40
0.0
 41
0.62
 50
0.0
 71
     0
 42
3.5
  3
TXT
  4
bigfont
  0
STYLE
  5
11D
330
3
100
AcDbSymbolTableRecord
100
AcDbTextStyleTableRecord
  2
SLDTEXTSTYLE4
 70
     0
 40
0.0
 41
0.5666666666666668
 50
0.0
 71
     0
 42
3.5
  3
TXT
  4
bigfont
  0
STYLE
  5
125
330
3
100
AcDbSymbolTableRecord
100
AcDbTextStyleTableRecord
  2
SLDTEXTSTYLE5
 70
     0
 40
0.0
 41
0.7
 50
0.0
 71
     0
 42
3.5
  3
TXT
  4

  0
ENDTAB
  0
TABLE
  2
VIEW
  5
6
330
0
100
AcDbSymbolTable
 70
     0
  0
ENDTAB
  0
TABLE
  2
UCS
  5
7
330
0
100
AcDbSymbolTable
 70
     0
  0
ENDTAB
  0
TABLE
  2
APPID
  5
9
330
0
100
AcDbSymbolTable
 70
     9
  0
APPID
  5
12
330
9
100
AcDbSymbolTableRecord
100
AcDbRegAppTableRecord
  2
ACAD
 70
     0
  0
APPID
  5
837
330
9
100
AcDbSymbolTableRecord
100
AcDbRegAppTableRecord
  2
AcadStringInfo
 70
     0
  0
APPID
  5
CFB
330
9
100
AcDbSymbolTableRecord
100
AcDbRegAppTableRecord
  2
ACAD_EXEMPT_FROM_CAD_STANDARDS
 70
     0
  0
APPID
  5
ED9
330
9
100
AcDbSymbolTableRecord
100
AcDbRegAppTableRecord
  2
ACAD_PSEXT
 70
     0
  0
APPID
  5
EDA
330
9
100
AcDbSymbolTableRecord
100
AcDbRegAppTableRecord
  2
ACAD_DSTYLE_DIMJAG
 70
     0
  0
APPID
  5
EDB
330
9
100
AcDbSymbolTableRecord
100
AcDbRegAppTableRecord
  2
ACAD_DSTYLE_DIMTALN
 70
     0
  0
APPID
  5
EDC
330
9
100
AcDbSymbolTableRecord
100
AcDbRegAppTableRecord
  2
ACAD_NAV_VCDISPLAY
 70
     0
  0
APPID
  5
EDD
330
9
100
AcDbSymbolTableRecord
100
AcDbRegAppTableRecord
  2
ACAD_DSTYLE_DIMBREAK
 70
     0
  0
APPID
  5
EDE
330
9
100
AcDbSymbolTableRecord
100
AcDbRegAppTableRecord
  2
AcAecLayerStandard
 70
     0
  0
ENDTAB
  0
TABLE
  2
DIMSTYLE
  5
A
330
0
100
AcDbSymbolTable
 70
     4
100
AcDbDimStyleTable
 71
     1
340
27
  0
DIMSTYLE
105
27
330
A
100
AcDbSymbolTableRecord
100
AcDbDimStyleTableRecord
  2
ISO-25
 70
     0
 41
2.5
 42
0.625
 43
3.75
 44
1.25
 73
     0
 74
     0
 77
     1
 78
     8
140
2.5
141
2.5
143
0.03937007874016
147
0.625
171
     3
172
     1
271
     2
272
     2
274
     3
278
    44
283
     0
284
     8
340
11
  0
DIMSTYLE
105
83D
330
A
100
AcDbSymbolTableRecord
100
AcDbDimStyleTableRecord
  2
Standard
 70
     0
340
11
  0
DIMSTYLE
105
ED8
330
A
100
AcDbSymbolTableRecord
100
AcDbDimStyleTableRecord
  2
Dim-ISO-25
 70
     0
 41
3.5
 42
2.1
 43
10.5
 44
2.1
 47
0.1
 48
0.1
 73
     0
 74
     0
 77
     1
 78
    12
 79
     3
140
3.5
141
0.0
143
0.03937
146
0.714286
147
1.399999999999999
172
     1
179
     2
271
     2
272
     2
274
     4
283
     0
284
    12
285
    12
286
    12
340
11
1001
ACAD_DSTYLE_DIMJAG
1070
   388
1040
1.5
1001
ACAD_DSTYLE_DIMTALN
1070
   392
1070
     1
1001
ACAD_DSTYLE_DIMBREAK
1070
   391
1040
3.5
  0
ENDTAB
  0
TABLE
  2
BLOCK_RECORD
  5
1
330
0
100
AcDbSymbolTable
 70
     4
  0
BLOCK_RECORD
  5
1F
102
{ACAD_XDICTIONARY
360
D5D
102
}
330
1
100
AcDbSymbolTableRecord
100
AcDbBlockTableRecord
  2
*Model_Space
340
22
 70
     0
280
     1
281
     0
  0
BLOCK_RECORD
  5
1B
330
1
100
AcDbSymbolTableRecord
100
AcDbBlockTableRecord
  2
*Paper_Space
340
1E
 70
     0
280
     1
281
     0
  0
BLOCK_RECORD
  5
23
330
1
100
AcDbSymbolTableRecord
100
AcDbBlockTableRecord
  2
*Paper_Space0
340
26
 70
     0
280
     1
281
     0
  0
ENDTAB
  0
ENDSEC
  0
SECTION
  2
BLOCKS
  0
BLOCK
  5
20
330
1F
100
AcDbEntity
  8
0
100
AcDbBlockBegin
  2
*Model_Space
 70
     0
 10
0.0
 20
0.0
 30
0.0
  3
*Model_Space
  1

  0
ENDBLK
  5
21
330
1F
100
AcDbEntity
  8
0
100
AcDbBlockEnd
  0
BLOCK
  5
1C
330
1B
100
AcDbEntity
 67
     1
  8
0
100
AcDbBlockBegin
  2
*Paper_Space
 70
     0
 10
0.0
 20
0.0
 30
0.0
  3
*Paper_Space
  1

  0
ENDBLK
  5
1D
330
1B
100
AcDbEntity
 67
     1
  8
0
100
AcDbBlockEnd
  0
BLOCK
  5
24
330
23
100
AcDbEntity
 67
     1
  8
0
100
AcDbBlockBegin
  2
*Paper_Space0
 70
     0
 10
0.0
 20
0.0
 30
0.0
  3
*Paper_Space0
  1

  0
ENDBLK
  5
25
330
23
100
AcDbEntity
 67
     1
  8
0
100
AcDbBlockEnd
  0
ENDSEC
  0
SECTION
  2
ENTITIES
  0
LINE
  5
A9E
330
1F
100
AcDbEntity
  8
0
370
     0
100
AcDbLine
 10
156.8343933991266
 20
635.9453800771116
 30
0.0
 11
166.9343933991266
 21
635.9453800771116
 31
0.0
  0
LINE
  5
A9F
330
1F
100
AcDbEntity
  8
0
370
     0
100
AcDbLine
 10
156.8343933991266
 20
621.9453800771116
 30
0.0
 11
169.8343933991266
 21
621.9453800771116
 31
0.0
  0
LINE
  5
AA0
330
1F
100
AcDbEntity
  8
0
370
     0
100
AcDbLine
 10
156.3343933991266
 20
635.4453800771116
 30
0.0
 11
156.3343933991266
 21
622.4453800771116
 31
0.0
  0
ARC
  5
AA2
330
1F
100
AcDbEntity
  8
0
370
     0
100
AcDbCircle
 10
156.8343933991266
 20
635.4453800771116
 30
0.0
 40
0.5
100
AcDbArc
 50
90.0
 51
180.0
  0
ARC
  5
AA4
330
1F
100
AcDbEntity
  8
0
370
     0
100
AcDbCircle
 10
156.8343933991266
 20
622.4453800771116
 30
0.0
 40
0.5
100
AcDbArc
 50
180.0
 51
270.0
  0
ARC
  5
AA5
330
1F
100
AcDbEntity
  8
0
370
     0
100
AcDbCircle
 10
169.8343933991266
 20
622.4453800771116
 30
0.0
 40
0.5
100
AcDbArc
 50
270.0
 51
0.0
  0
LINE
  5
AA6
330
1F
100
AcDbEntity
  8
0
370
     0
100
AcDbLine
 10
175.5843933991267
 20
635.9453800771111
 30
0.0
 11
188.8843933991265
 21
635.9453800771116
 31
0.0
  0
LINE
  5
AA7
330
1F
100
AcDbEntity
  8
0
370
     0
100
AcDbLine
 10
175.8843933991265
 20
621.9453800771116
 30
0.0
 11
188.8843933991265
 21
621.9453800771116
 31
0.0
  0
LINE
  5
AA9
330
1F
100
AcDbEntity
  8
0
370
     0
100
AcDbLine
 10
189.3843933991265
 20
635.4453800771116
 30
0.0
 11
189.3843933991265
 21
622.4453800771116
 31
0.0
  0
ARC
  5
AAB
330
1F
100
AcDbEntity
  8
0
370
     0
100
AcDbCircle
 10
188.8843933991265
 20
635.4453800771116
 30
0.0
 40
0.5
100
AcDbArc
 50
0.0
 51
90.0
  0
ARC
  5
AAC
330
1F
100
AcDbEntity
  8
0
370
     0
100
AcDbCircle
 10
175.8843933991265
 20
622.4453800771116
 30
0.0
 40
0.5
100
AcDbArc
 50
180.0
 51
270.0
  0
ARC
  5
AAD
330
1F
100
AcDbEntity
  8
0
370
     0
100
AcDbCircle
 10
188.8843933991265
 20
622.4453800771116
 30
0.0
 40
0.5
100
AcDbArc
 50
270.0
 51
0.0
  0
LINE
  5
AAE
330
1F
100
AcDbEntity
  8
0
370
     0
100
AcDbLine
 10
194.9343933991265
 20
635.9453800771116
 30
0.0
 11
207.9343933991266
 21
635.9453800771116
 31
0.0
  0
LINE
  5
AAF
330
1F
100
AcDbEntity
  8
0
370
     0
100
AcDbLine
 10
194.9343933991265
 20
621.9453800771116
 30
0.0
 11
207.9343933991266
 21
621.9453800771116
 31
0.0
  0
LINE
  5
AB0
330
1F
100
AcDbEntity
  8
0
370
     0
100
AcDbLine
 10
194.4343933991266
 20
635.4453800771116
 30
0.0
 11
194.4343933991266
 21
622.4453800771116
 31
0.0
  0
LINE
  5
AB1
330
1F
100
AcDbEntity
  8
0
370
     0
100
AcDbLine
 10
208.4343933991266
 20
635.4453800771116
 30
0.0
 11
208.4343933991266
 21
622.4453800771116
 31
0.0
  0
ARC
  5
AB2
330
1F
100
AcDbEntity
  8
0
370
     0
100
AcDbCircle
 10
194.9343933991265
 20
635.4453800771116
 30
0.0
 40
0.5
100
AcDbArc
 50
90.0
 51
180.0
  0
ARC
  5
AB3
330
1F
100
AcDbEntity
  8
0
370
     0
100
AcDbCircle
 10
207.9343933991266
 20
635.4453800771116
 30
0.0
 40
0.5
100
AcDbArc
 50
0.0
 51
90.0
  0
ARC
  5
AB4
330
1F
100
AcDbEntity
  8
0
370
     0
100
AcDbCircle
 10
194.9343933991265
 20
622.4453800771116
 30
0.0
 40
0.5
100
AcDbArc
 50
180.0
 51
270.0
  0
ARC
  5
AB5
330
1F
100
AcDbEntity
  8
0
370
     0
100
AcDbCircle
 10
207.9343933991266
 20
622.4453800771116
 30
0.0
 40
0.5
100
AcDbArc
 50
270.0
 51
0.0
  0
LINE
  5
AB6
330
1F
100
AcDbEntity
  8
0
370
     0
100
AcDbLine
 10
213.9843933991266
 20
635.9453800771116
 30
0.0
 11
226.9843933991266
 21
635.9453800771116
 31
0.0
  0
LINE
  5
AB7
330
1F
100
AcDbEntity
  8
0
370
     0
100
AcDbLine
 10
213.9843933991266
 20
621.9453800771116
 30
0.0
 11
226.9843933991266
 21
621.9453800771116
 31
0.0
  0
LINE
  5
AB8
330
1F
100
AcDbEntity
  8
0
370
     0
100
AcDbLine
 10
213.4843933991266
 20
635.4453800771116
 30
0.0
 11
213.4843933991266
 21
622.4453800771116
 31
0.0
  0
LINE
  5
AB9
330
1F
100
AcDbEntity
  8
0
370
     0
100
AcDbLine
 10
227.4843933991266
 20
635.4453800771116
 30
0.0
 11
227.4843933991266
 21
622.4453800771116
 31
0.0
  0
ARC
  5
ABA
330
1F
100
AcDbEntity
  8
0
370
     0
100
AcDbCircle
 10
213.9843933991266
 20
635.4453800771116
 30
0.0
 40
0.5
100
AcDbArc
 50
90.0
 51
180.0
  0
ARC
  5
ABB
330
1F
100
AcDbEntity
  8
0
370
     0
100
AcDbCircle
 10
226.9843933991266
 20
635.4453800771116
 30
0.0
 40
0.5
100
AcDbArc
 50
0.0
 51
90.0
  0
ARC
  5
ABC
330
1F
100
AcDbEntity
  8
0
370
     0
100
AcDbCircle
 10
213.9843933991266
 20
622.4453800771116
 30
0.0
 40
0.5
100
AcDbArc
 50
180.0
 51
270.0
  0
ARC
  5
ABD
330
1F
100
AcDbEntity
  8
0
370
     0
100
AcDbCircle
 10
226.9843933991266
 20
622.4453800771116
 30
0.0
 40
0.5
100
AcDbArc
 50
270.0
 51
0.0
  0
LINE
  5
ABE
330
1F
100
AcDbEntity
  8
0
370
     0
100
AcDbLine
 10
233.0343933991266
 20
635.9453800771116
 30
0.0
 11
246.0343933991266
 21
635.9453800771116
 31
0.0
  0
LINE
  5
ABF
330
1F
100
AcDbEntity
  8
0
370
     0
100
AcDbLine
 10
233.0343933991266
 20
621.9453800771116
 30
0.0
 11
246.0343933991266
 21
621.9453800771116
 31
0.0
  0
LINE
  5
AC0
330
1F
100
AcDbEntity
  8
0
370
     0
100
AcDbLine
 10
232.5343933991266
 20
635.4453800771116
 30
0.0
 11
232.5343933991266
 21
622.4453800771116
 31
0.0
  0
LINE
  5
AC1
330
1F
100
AcDbEntity
  8
0
370
     0
100
AcDbLine
 10
246.5343933991266
 20
635.4453800771116
 30
0.0
 11
246.5343933991266
 21
622.4453800771116
 31
0.0
  0
ARC
  5
AC2
330
1F
100
AcDbEntity
  8
0
370
     0
100
AcDbCircle
 10
233.0343933991266
 20
635.4453800771116
 30
0.0
 40
0.5
100
AcDbArc
 50
90.0
 51
180.0
  0
ARC
  5
AC3
330
1F
100
AcDbEntity
  8
0
370
     0
100
AcDbCircle
 10
246.0343933991266
 20
635.4453800771116
 30
0.0
 40
0.5
100
AcDbArc
 50
0.0
 51
90.0
  0
ARC
  5
AC4
330
1F
100
AcDbEntity
  8
0
370
     0
100
AcDbCircle
 10
233.0343933991266
 20
622.4453800771116
 30
0.0
 40
0.5
100
AcDbArc
 50
180.0
 51
270.0
  0
ARC
  5
AC5
330
1F
100
AcDbEntity
  8
0
370
     0
100
AcDbCircle
 10
246.0343933991266
 20
622.4453800771116
 30
0.0
 40
0.5
100
AcDbArc
 50
270.0
 51
0.0
  0
LINE
  5
AD6
330
1F
100
AcDbEntity
  8
0
370
     0
100
AcDbLine
 10
290.1843933991266
 20
635.9453800771116
 30
0.0
 11
303.1843933991266
 21
635.9453800771116
 31
0.0
  0
LINE
  5
AD7
330
1F
100
AcDbEntity
  8
0
370
     0
100
AcDbLine
 10
290.1843933991266
 20
621.9453800771116
 30
0.0
 11
303.1843933991266
 21
621.9453800771116
 31
0.0
  0
LINE
  5
AD8
330
1F
100
AcDbEntity
  8
0
370
     0
100
AcDbLine
 10
289.6843933991266
 20
635.4453800771116
 30
0.0
 11
289.6843933991266
 21
622.4453800771116
 31
0.0
  0
LINE
  5
AD9
330
1F
100
AcDbEntity
  8
0
370
     0
100
AcDbLine
 10
303.6843933991266
 20
635.4453800771116
 30
0.0
 11
303.6843933991266
 21
622.4453800771116
 31
0.0
  0
ARC
  5
ADA
330
1F
100
AcDbEntity
  8
0
370
     0
100
AcDbCircle
 10
290.1843933991266
 20
635.4453800771116
 30
0.0
 40
0.5
100
AcDbArc
 50
90.0
 51
180.0
  0
ARC
  5
ADB
330
1F
100
AcDbEntity
  8
0
370
     0
100
AcDbCircle
 10
303.1843933991266
 20
635.4453800771116
 30
0.0
 40
0.5
100
AcDbArc
 50
0.0
 51
90.0
  0
ARC
  5
ADC
330
1F
100
AcDbEntity
  8
0
370
     0
100
AcDbCircle
 10
290.1843933991266
 20
622.4453800771116
 30
0.0
 40
0.5
100
AcDbArc
 50
180.0
 51
270.0
  0
ARC
  5
ADD
330
1F
100
AcDbEntity
  8
0
370
     0
100
AcDbCircle
 10
303.1843933991266
 20
622.4453800771116
 30
0.0
 40
0.5
100
AcDbArc
 50
270.0
 51
0.0
  0
LINE
  5
ADE
330
1F
100
AcDbEntity
  8
0
370
     0
100
AcDbLine
 10
309.2343933991266
 20
635.9453800771116
 30
0.0
 11
322.2343933991266
 21
635.9453800771116
 31
0.0
  0
LINE
  5
ADF
330
1F
100
AcDbEntity
  8
0
370
     0
100
AcDbLine
 10
309.2343933991266
 20
621.9453800771116
 30
0.0
 11
322.2343933991266
 21
621.9453800771116
 31
0.0
  0
LINE
  5
AE0
330
1F
100
AcDbEntity
  8
0
370
     0
100
AcDbLine
 10
308.7343933991266
 20
635.4453800771116
 30
0.0
 11
308.7343933991266
 21
622.4453800771116
 31
0.0
  0
LINE
  5
AE1
330
1F
100
AcDbEntity
  8
0
370
     0
100
AcDbLine
 10
322.7343933991266
 20
635.4453800771116
 30
0.0
 11
322.7343933991266
 21
622.4453800771116
 31
0.0
  0
ARC
  5
AE2
330
1F
100
AcDbEntity
  8
0
370
     0
100
AcDbCircle
 10
309.2343933991266
 20
635.4453800771116
 30
0.0
 40
0.5
100
AcDbArc
 50
90.0
 51
180.0
  0
ARC
  5
AE3
330
1F
100
AcDbEntity
  8
0
370
     0
100
AcDbCircle
 10
322.2343933991266
 20
635.4453800771116
 30
0.0
 40
0.5
100
AcDbArc
 50
0.0
 51
90.0
  0
ARC
  5
AE4
330
1F
100
AcDbEntity
  8
0
370
     0
100
AcDbCircle
 10
309.2343933991266
 20
622.4453800771116
 30
0.0
 40
0.5
100
AcDbArc
 50
180.0
 51
270.0
  0
ARC
  5
AE5
330
1F
100
AcDbEntity
  8
0
370
     0
100
AcDbCircle
 10
322.2343933991266
 20
622.4453800771116
 30
0.0
 40
0.5
100
AcDbArc
 50
270.0
 51
0.0
  0
LINE
  5
AE7
330
1F
100
AcDbEntity
  8
0
370
     0
100
AcDbLine
 10
328.2843933991265
 20
621.9453800771116
 30
0.0
 11
341.2843933991265
 21
621.9453800771116
 31
0.0
  0
LINE
  5
AE8
330
1F
100
AcDbEntity
  8
0
370
     0
100
AcDbLine
 10
327.7843933991265
 20
635.4453800771116
 30
0.0
 11
327.7843933991265
 21
622.4453800771116
 31
0.0
  0
ARC
  5
AEA
330
1F
100
AcDbEntity
  8
0
370
     0
100
AcDbCircle
 10
328.2843933991265
 20
635.4453800771116
 30
0.0
 40
0.5
100
AcDbArc
 50
90.0
 51
180.0
  0
ARC
  5
AEC
330
1F
100
AcDbEntity
  8
0
370
     0
100
AcDbCircle
 10
328.2843933991265
 20
622.4453800771116
 30
0.0
 40
0.5
100
AcDbArc
 50
180.0
 51
270.0
  0
ARC
  5
AED
330
1F
100
AcDbEntity
  8
0
370
     0
100
AcDbCircle
 10
341.2843933991265
 20
622.4453800771116
 30
0.0
 40
0.5
100
AcDbArc
 50
270.0
 51
0.0
  0
LINE
  5
AEF
330
1F
100
AcDbEntity
  8
0
370
     0
100
AcDbLine
 10
347.3343933991266
 20
621.9453800771116
 30
0.0
 11
360.3343933991266
 21
621.9453800771116
 31
0.0
  0
LINE
  5
AF1
330
1F
100
AcDbEntity
  8
0
370
     0
100
AcDbLine
 10
360.8343933991266
 20
635.4453800771116
 30
0.0
 11
360.8343933991266
 21
622.4453800771116
 31
0.0
  0
ARC
  5
AF3
330
1F
100
AcDbEntity
  8
0
370
     0
100
AcDbCircle
 10
360.3343933991266
 20
635.4453800771116
 30
0.0
 40
0.5
100
AcDbArc
 50
0.0
 51
90.0
  0
ARC
  5
AF4
330
1F
100
AcDbEntity
  8
0
370
     0
100
AcDbCircle
 10
347.3343933991266
 20
622.4453800771116
 30
0.0
 40
0.5
100
AcDbArc
 50
180.0
 51
270.0
  0
ARC
  5
AF5
330
1F
100
AcDbEntity
  8
0
370
     0
100
AcDbCircle
 10
360.3343933991266
 20
622.4453800771116
 30
0.0
 40
0.5
100
AcDbArc
 50
270.0
 51
0.0
  0
LINE
  5
AF6
330
1F
100
AcDbEntity
  8
0
370
     0
100
AcDbLine
 10
366.3843933991266
 20
635.9453800771116
 30
0.0
 11
379.3843933991265
 21
635.9453800771116
 31
0.0
  0
LINE
  5
AF7
330
1F
100
AcDbEntity
  8
0
370
     0
100
AcDbLine
 10
366.3843933991266
 20
621.9453800771116
 30
0.0
 11
379.3843933991265
 21
621.9453800771116
 31
0.0
  0
LINE
  5
AF8
330
1F
100
AcDbEntity
  8
0
370
     0
100
AcDbLine
 10
365.8843933991266
 20
635.4453800771116
 30
0.0
 11
365.8843933991266
 21
622.4453800771116
 31
0.0
  0
LINE
  5
AF9
330
1F
100
AcDbEntity
  8
0
370
     0
100
AcDbLine
 10
379.8843933991266
 20
635.4453800771116
 30
0.0
 11
379.8843933991266
 21
622.4453800771116
 31
0.0
  0
ARC
  5
AFA
330
1F
100
AcDbEntity
  8
0
370
     0
100
AcDbCircle
 10
366.3843933991266
 20
635.4453800771116
 30
0.0
 40
0.5
100
AcDbArc
 50
90.0
 51
180.0
  0
ARC
  5
AFB
330
1F
100
AcDbEntity
  8
0
370
     0
100
AcDbCircle
 10
379.3843933991265
 20
635.4453800771116
 30
0.0
 40
0.5
100
AcDbArc
 50
0.0
 51
90.0
  0
ARC
  5
AFC
330
1F
100
AcDbEntity
  8
0
370
     0
100
AcDbCircle
 10
366.3843933991266
 20
622.4453800771116
 30
0.0
 40
0.5
100
AcDbArc
 50
180.0
 51
270.0
  0
ARC
  5
AFD
330
1F
100
AcDbEntity
  8
0
370
     0
100
AcDbCircle
 10
379.3843933991265
 20
622.4453800771116
 30
0.0
 40
0.5
100
AcDbArc
 50
270.0
 51
0.0
  0
LINE
  5
AFE
330
1F
100
AcDbEntity
  8
0
370
     0
100
AcDbLine
 10
385.4343933991266
 20
635.9453800771116
 30
0.0
 11
398.4343933991266
 21
635.9453800771116
 31
0.0
  0
LINE
  5
AFF
330
1F
100
AcDbEntity
  8
0
370
     0
100
AcDbLine
 10
385.4343933991266
 20
621.9453800771116
 30
0.0
 11
398.4343933991266
 21
621.9453800771116
 31
0.0
  0
LINE
  5
B00
330
1F
100
AcDbEntity
  8
0
370
     0
100
AcDbLine
 10
384.9343933991266
 20
635.4453800771116
 30
0.0
 11
384.9343933991266
 21
622.4453800771116
 31
0.0
  0
LINE
  5
B01
330
1F
100
AcDbEntity
  8
0
370
     0
100
AcDbLine
 10
398.9343933991266
 20
635.4453800771116
 30
0.0
 11
398.9343933991266
 21
622.4453800771116
 31
0.0
  0
ARC
  5
B02
330
1F
100
AcDbEntity
  8
0
370
     0
100
AcDbCircle
 10
385.4343933991266
 20
635.4453800771116
 30
0.0
 40
0.5
100
AcDbArc
 50
90.0
 51
180.0
  0
ARC
  5
B03
330
1F
100
AcDbEntity
  8
0
370
     0
100
AcDbCircle
 10
398.4343933991266
 20
635.4453800771116
 30
0.0
 40
0.5
100
AcDbArc
 50
0.0
 51
90.0
  0
ARC
  5
B04
330
1F
100
AcDbEntity
  8
0
370
     0
100
AcDbCircle
 10
385.4343933991266
 20
622.4453800771116
 30
0.0
 40
0.5
100
AcDbArc
 50
180.0
 51
270.0
  0
ARC
  5
B05
330
1F
100
AcDbEntity
  8
0
370
     0
100
AcDbCircle
 10
398.4343933991266
 20
622.4453800771116
 30
0.0
 40
0.5
100
AcDbArc
 50
270.0
 51
0.0
  0
LINE
  5
B0F
330
1F
100
AcDbEntity
  8
0
370
     0
100
AcDbLine
 10
404.4843933991264
 20
619.9453800771115
 30
0.0
 11
411.5713933991266
 21
619.9453800771116
 31
0.0
  0
LINE
  5
B11
330
1F
100
AcDbEntity
  8
0
370
     0
100
AcDbLine
 10
412.0713933991265
 20
621.9453800771116
 30
0.0
 11
412.0713933991265
 21
620.4453800771116
 31
0.0
  0
ARC
  5
B15
330
1F
100
AcDbEntity
  8
0
370
     0
100
AcDbCircle
 10
411.5713933991266
 20
620.4453800771116
 30
0.0
 40
0.5
100
AcDbArc
 50
270.0
 51
0.0
  0
LINE
  5
B17
330
1F
100
AcDbEntity
  8
0
370
     0
100
AcDbLine
 10
429.4473933991265
 20
619.9453800771116
 30
0.0
 11
436.5343933991264
 21
619.9453800771115
 31
0.0
  0
LINE
  5
B18
330
1F
100
AcDbEntity
  8
0
370
     0
100
AcDbLine
 10
428.9473933991265
 20
621.9453800771116
 30
0.0
 11
428.9473933991265
 21
620.4453800771116
 31
0.0
  0
LINE
  5
B19
330
1F
100
AcDbEntity
  8
0
370
     0
100
AcDbLine
 10
437.0343933991265
 20
633.3856907277113
 30
0.0
 11
437.0343933991265
 21
620.4453800771115
 31
0.0
  0
ARC
  5
B1C
330
1F
100
AcDbEntity
  8
0
370
     0
100
AcDbCircle
 10
429.4473933991265
 20
620.4453800771116
 30
0.0
 40
0.5
100
AcDbArc
 50
180.0
 51
270.0
  0
ARC
  5
B1D
330
1F
100
AcDbEntity
  8
0
370
     0
100
AcDbCircle
 10
436.5343933991265
 20
620.4453800771115
 30
0.0
 40
0.5
100
AcDbArc
 50
270.0
 51
0.0
  0
LINE
  5
B1F
330
1F
100
AcDbEntity
  8
0
370
     0
100
AcDbLine
 10
442.5843933991266
 20
621.9453800771116
 30
0.0
 11
455.5843933991265
 21
621.9453800771116
 31
0.0
  0
LINE
  5
B21
330
1F
100
AcDbEntity
  8
0
370
     0
100
AcDbLine
 10
456.0843933991265
 20
635.4453800771116
 30
0.0
 11
456.0843933991265
 21
622.4453800771116
 31
0.0
  0
ARC
  5
B23
330
1F
100
AcDbEntity
  8
0
370
     0
100
AcDbCircle
 10
455.5843933991265
 20
635.4453800771116
 30
0.0
 40
0.5
100
AcDbArc
 50
0.0
 51
90.0
  0
ARC
  5
B24
330
1F
100
AcDbEntity
  8
0
370
     0
100
AcDbCircle
 10
442.5843933991266
 20
622.4453800771116
 30
0.0
 40
0.5
100
AcDbArc
 50
180.0
 51
270.0
  0
ARC
  5
B25
330
1F
100
AcDbEntity
  8
0
370
     0
100
AcDbCircle
 10
455.5843933991265
 20
622.4453800771116
 30
0.0
 40
0.5
100
AcDbArc
 50
270.0
 51
0.0
  0
LINE
  5
B26
330
1F
100
AcDbEntity
  8
0
370
     0
100
AcDbLine
 10
161.5968933991265
 20
616.8953800771115
 30
0.0
 11
174.5968933991266
 21
616.8953800771115
 31
0.0
  0
LINE
  5
B27
330
1F
100
AcDbEntity
  8
0
370
     0
100
AcDbLine
 10
161.5968933991265
 20
602.8953800771115
 30
0.0
 11
174.5968933991266
 21
602.8953800771115
 31
0.0
  0
LINE
  5
B28
330
1F
100
AcDbEntity
  8
0
370
     0
100
AcDbLine
 10
161.0968933991266
 20
616.3953800771115
 30
0.0
 11
161.0968933991266
 21
603.3953800771115
 31
0.0
  0
LINE
  5
B29
330
1F
100
AcDbEntity
  8
0
370
     0
100
AcDbLine
 10
175.0968933991265
 20
616.3953800771115
 30
0.0
 11
175.0968933991265
 21
603.3953800771115
 31
0.0
  0
ARC
  5
B2A
330
1F
100
AcDbEntity
  8
0
370
     0
100
AcDbCircle
 10
161.5968933991265
 20
616.3953800771115
 30
0.0
 40
0.5
100
AcDbArc
 50
90.0
 51
180.0
  0
ARC
  5
B2B
330
1F
100
AcDbEntity
  8
0
370
     0
100
AcDbCircle
 10
174.5968933991266
 20
616.3953800771115
 30
0.0
 40
0.5
100
AcDbArc
 50
0.0
 51
90.0
  0
ARC
  5
B2C
330
1F
100
AcDbEntity
  8
0
370
     0
100
AcDbCircle
 10
161.5968933991265
 20
603.3953800771115
 30
0.0
 40
0.5
100
AcDbArc
 50
180.0
 51
270.0
  0
ARC
  5
B2D
330
1F
100
AcDbEntity
  8
0
370
     0
100
AcDbCircle
 10
174.5968933991266
 20
603.3953800771115
 30
0.0
 40
0.5
100
AcDbArc
 50
270.0
 51
0.0
  0
LINE
  5
B2E
330
1F
100
AcDbEntity
  8
0
370
     0
100
AcDbLine
 10
185.4093933991265
 20
616.8953800771115
 30
0.0
 11
198.4093933991266
 21
616.8953800771115
 31
0.0
  0
LINE
  5
B2F
330
1F
100
AcDbEntity
  8
0
370
     0
100
AcDbLine
 10
185.4093933991265
 20
602.8953800771115
 30
0.0
 11
198.4093933991266
 21
602.8953800771115
 31
0.0
  0
LINE
  5
B30
330
1F
100
AcDbEntity
  8
0
370
     0
100
AcDbLine
 10
184.9093933991266
 20
616.3953800771115
 30
0.0
 11
184.9093933991266
 21
603.3953800771115
 31
0.0
  0
LINE
  5
B31
330
1F
100
AcDbEntity
  8
0
370
     0
100
AcDbLine
 10
198.9093933991265
 20
616.3953800771115
 30
0.0
 11
198.9093933991265
 21
603.3953800771115
 31
0.0
  0
ARC
  5
B32
330
1F
100
AcDbEntity
  8
0
370
     0
100
AcDbCircle
 10
185.4093933991265
 20
616.3953800771115
 30
0.0
 40
0.5
100
AcDbArc
 50
90.0
 51
180.0
  0
ARC
  5
B33
330
1F
100
AcDbEntity
  8
0
370
     0
100
AcDbCircle
 10
198.4093933991266
 20
616.3953800771115
 30
0.0
 40
0.5
100
AcDbArc
 50
0.0
 51
90.0
  0
ARC
  5
B34
330
1F
100
AcDbEntity
  8
0
370
     0
100
AcDbCircle
 10
185.4093933991265
 20
603.3953800771115
 30
0.0
 40
0.5
100
AcDbArc
 50
180.0
 51
270.0
  0
ARC
  5
B35
330
1F
100
AcDbEntity
  8
0
370
     0
100
AcDbCircle
 10
198.4093933991266
 20
603.3953800771115
 30
0.0
 40
0.5
100
AcDbArc
 50
270.0
 51
0.0
  0
LINE
  5
B36
330
1F
100
AcDbEntity
  8
0
370
     0
100
AcDbLine
 10
204.4593933991266
 20
616.8953800771115
 30
0.0
 11
217.4593933991266
 21
616.8953800771115
 31
0.0
  0
LINE
  5
B37
330
1F
100
AcDbEntity
  8
0
370
     0
100
AcDbLine
 10
204.4593933991266
 20
602.8953800771115
 30
0.0
 11
217.4593933991266
 21
602.8953800771115
 31
0.0
  0
LINE
  5
B38
330
1F
100
AcDbEntity
  8
0
370
     0
100
AcDbLine
 10
203.9593933991266
 20
616.3953800771115
 30
0.0
 11
203.9593933991266
 21
603.3953800771115
 31
0.0
  0
LINE
  5
B39
330
1F
100
AcDbEntity
  8
0
370
     0
100
AcDbLine
 10
217.9593933991266
 20
616.3953800771115
 30
0.0
 11
217.9593933991266
 21
603.3953800771115
 31
0.0
  0
ARC
  5
B3A
330
1F
100
AcDbEntity
  8
0
370
     0
100
AcDbCircle
 10
204.4593933991266
 20
616.3953800771115
 30
0.0
 40
0.5
100
AcDbArc
 50
90.0
 51
180.0
  0
ARC
  5
B3B
330
1F
100
AcDbEntity
  8
0
370
     0
100
AcDbCircle
 10
217.4593933991266
 20
616.3953800771115
 30
0.0
 40
0.5
100
AcDbArc
 50
0.0
 51
90.0
  0
ARC
  5
B3C
330
1F
100
AcDbEntity
  8
0
370
     0
100
AcDbCircle
 10
204.4593933991266
 20
603.3953800771115
 30
0.0
 40
0.5
100
AcDbArc
 50
180.0
 51
270.0
  0
ARC
  5
B3D
330
1F
100
AcDbEntity
  8
0
370
     0
100
AcDbCircle
 10
217.4593933991266
 20
603.3953800771115
 30
0.0
 40
0.5
100
AcDbArc
 50
270.0
 51
0.0
  0
LINE
  5
B3E
330
1F
100
AcDbEntity
  8
0
370
     0
100
AcDbLine
 10
223.5093933991266
 20
616.8953800771115
 30
0.0
 11
236.5093933991265
 21
616.8953800771115
 31
0.0
  0
LINE
  5
B3F
330
1F
100
AcDbEntity
  8
0
370
     0
100
AcDbLine
 10
223.5093933991266
 20
602.8953800771115
 30
0.0
 11
236.5093933991265
 21
602.8953800771115
 31
0.0
  0
LINE
  5
B40
330
1F
100
AcDbEntity
  8
0
370
     0
100
AcDbLine
 10
223.0093933991266
 20
616.3953800771115
 30
0.0
 11
223.0093933991266
 21
603.3953800771115
 31
0.0
  0
LINE
  5
B41
330
1F
100
AcDbEntity
  8
0
370
     0
100
AcDbLine
 10
237.0093933991266
 20
616.3953800771115
 30
0.0
 11
237.0093933991266
 21
603.3953800771115
 31
0.0
  0
ARC
  5
B42
330
1F
100
AcDbEntity
  8
0
370
     0
100
AcDbCircle
 10
223.5093933991266
 20
616.3953800771115
 30
0.0
 40
0.5
100
AcDbArc
 50
90.0
 51
180.0
  0
ARC
  5
B43
330
1F
100
AcDbEntity
  8
0
370
     0
100
AcDbCircle
 10
236.5093933991265
 20
616.3953800771115
 30
0.0
 40
0.5
100
AcDbArc
 50
0.0
 51
90.0
  0
ARC
  5
B44
330
1F
100
AcDbEntity
  8
0
370
     0
100
AcDbCircle
 10
223.5093933991266
 20
603.3953800771115
 30
0.0
 40
0.5
100
AcDbArc
 50
180.0
 51
270.0
  0
ARC
  5
B45
330
1F
100
AcDbEntity
  8
0
370
     0
100
AcDbCircle
 10
236.5093933991265
 20
603.3953800771115
 30
0.0
 40
0.5
100
AcDbArc
 50
270.0
 51
0.0
  0
LINE
  5
B46
330
1F
100
AcDbEntity
  8
0
370
     0
100
AcDbLine
 10
242.5593933991266
 20
616.8953800771115
 30
0.0
 11
255.5593933991266
 21
616.8953800771115
 31
0.0
  0
LINE
  5
B47
330
1F
100
AcDbEntity
  8
0
370
     0
100
AcDbLine
 10
242.5593933991266
 20
602.8953800771115
 30
0.0
 11
255.5593933991266
 21
602.8953800771115
 31
0.0
  0
LINE
  5
B48
330
1F
100
AcDbEntity
  8
0
370
     0
100
AcDbLine
 10
242.0593933991266
 20
616.3953800771115
 30
0.0
 11
242.0593933991266
 21
603.3953800771115
 31
0.0
  0
LINE
  5
B49
330
1F
100
AcDbEntity
  8
0
370
     0
100
AcDbLine
 10
256.0593933991266
 20
616.3953800771115
 30
0.0
 11
256.0593933991266
 21
603.3953800771115
 31
0.0
  0
ARC
  5
B4A
330
1F
100
AcDbEntity
  8
0
370
     0
100
AcDbCircle
 10
242.5593933991266
 20
616.3953800771115
 30
0.0
 40
0.5
100
AcDbArc
 50
90.0
 51
180.0
  0
ARC
  5
B4B
330
1F
100
AcDbEntity
  8
0
370
     0
100
AcDbCircle
 10
255.5593933991266
 20
616.3953800771115
 30
0.0
 40
0.5
100
AcDbArc
 50
0.0
 51
90.0
  0
ARC
  5
B4C
330
1F
100
AcDbEntity
  8
0
370
     0
100
AcDbCircle
 10
242.5593933991266
 20
603.3953800771115
 30
0.0
 40
0.5
100
AcDbArc
 50
180.0
 51
270.0
  0
ARC
  5
B4D
330
1F
100
AcDbEntity
  8
0
370
     0
100
AcDbCircle
 10
255.5593933991266
 20
603.3953800771115
 30
0.0
 40
0.5
100
AcDbArc
 50
270.0
 51
0.0
  0
LINE
  5
B4E
330
1F
100
AcDbEntity
  8
0
370
     0
100
AcDbLine
 10
261.6093933991266
 20
616.8953800771115
 30
0.0
 11
274.6093933991266
 21
616.8953800771115
 31
0.0
  0
LINE
  5
B4F
330
1F
100
AcDbEntity
  8
0
370
     0
100
AcDbLine
 10
261.6093933991266
 20
602.8953800771115
 30
0.0
 11
274.6093933991266
 21
602.8953800771115
 31
0.0
  0
LINE
  5
B50
330
1F
100
AcDbEntity
  8
0
370
     0
100
AcDbLine
 10
261.1093933991266
 20
616.3953800771115
 30
0.0
 11
261.1093933991266
 21
603.3953800771115
 31
0.0
  0
LINE
  5
B51
330
1F
100
AcDbEntity
  8
0
370
     0
100
AcDbLine
 10
275.1093933991266
 20
616.3953800771115
 30
0.0
 11
275.1093933991266
 21
603.3953800771115
 31
0.0
  0
ARC
  5
B52
330
1F
100
AcDbEntity
  8
0
370
     0
100
AcDbCircle
 10
261.6093933991266
 20
616.3953800771115
 30
0.0
 40
0.5
100
AcDbArc
 50
90.0
 51
180.0
  0
ARC
  5
B53
330
1F
100
AcDbEntity
  8
0
370
     0
100
AcDbCircle
 10
274.6093933991266
 20
616.3953800771115
 30
0.0
 40
0.5
100
AcDbArc
 50
0.0
 51
90.0
  0
ARC
  5
B54
330
1F
100
AcDbEntity
  8
0
370
     0
100
AcDbCircle
 10
261.6093933991266
 20
603.3953800771115
 30
0.0
 40
0.5
100
AcDbArc
 50
180.0
 51
270.0
  0
ARC
  5
B55
330
1F
100
AcDbEntity
  8
0
370
     0
100
AcDbCircle
 10
274.6093933991266
 20
603.3953800771115
 30
0.0
 40
0.5
100
AcDbArc
 50
270.0
 51
0.0
  0
LINE
  5
B56
330
1F
100
AcDbEntity
  8
0
370
     0
100
AcDbLine
 10
280.6593933991265
 20
616.8953800771115
 30
0.0
 11
293.6593933991265
 21
616.8953800771115
 31
0.0
  0
LINE
  5
B57
330
1F
100
AcDbEntity
  8
0
370
     0
100
AcDbLine
 10
280.6593933991265
 20
602.8953800771115
 30
0.0
 11
293.6593933991265
 21
602.8953800771115
 31
0.0
  0
LINE
  5
B58
330
1F
100
AcDbEntity
  8
0
370
     0
100
AcDbLine
 10
280.1593933991266
 20
616.3953800771115
 30
0.0
 11
280.1593933991266
 21
603.3953800771115
 31
0.0
  0
LINE
  5
B59
330
1F
100
AcDbEntity
  8
0
370
     0
100
AcDbLine
 10
294.1593933991265
 20
616.3953800771115
 30
0.0
 11
294.1593933991265
 21
603.3953800771115
 31
0.0
  0
ARC
  5
B5A
330
1F
100
AcDbEntity
  8
0
370
     0
100
AcDbCircle
 10
280.6593933991265
 20
616.3953800771115
 30
0.0
 40
0.5
100
AcDbArc
 50
90.0
 51
180.0
  0
ARC
  5
B5B
330
1F
100
AcDbEntity
  8
0
370
     0
100
AcDbCircle
 10
293.6593933991265
 20
616.3953800771115
 30
0.0
 40
0.5
100
AcDbArc
 50
0.0
 51
90.0
  0
ARC
  5
B5C
330
1F
100
AcDbEntity
  8
0
370
     0
100
AcDbCircle
 10
280.6593933991265
 20
603.3953800771115
 30
0.0
 40
0.5
100
AcDbArc
 50
180.0
 51
270.0
  0
ARC
  5
B5D
330
1F
100
AcDbEntity
  8
0
370
     0
100
AcDbCircle
 10
293.6593933991265
 20
603.3953800771115
 30
0.0
 40
0.5
100
AcDbArc
 50
270.0
 51
0.0
  0
LINE
  5
B5E
330
1F
100
AcDbEntity
  8
0
370
     0
100
AcDbLine
 10
299.7093933991266
 20
616.8953800771115
 30
0.0
 11
312.7093933991266
 21
616.8953800771115
 31
0.0
  0
LINE
  5
B5F
330
1F
100
AcDbEntity
  8
0
370
     0
100
AcDbLine
 10
299.7093933991266
 20
602.8953800771115
 30
0.0
 11
312.7093933991266
 21
602.8953800771115
 31
0.0
  0
LINE
  5
B60
330
1F
100
AcDbEntity
  8
0
370
     0
100
AcDbLine
 10
299.2093933991266
 20
616.3953800771115
 30
0.0
 11
299.2093933991266
 21
603.3953800771115
 31
0.0
  0
LINE
  5
B61
330
1F
100
AcDbEntity
  8
0
370
     0
100
AcDbLine
 10
313.2093933991266
 20
616.3953800771115
 30
0.0
 11
313.2093933991266
 21
603.3953800771115
 31
0.0
  0
ARC
  5
B62
330
1F
100
AcDbEntity
  8
0
370
     0
100
AcDbCircle
 10
299.7093933991266
 20
616.3953800771115
 30
0.0
 40
0.5
100
AcDbArc
 50
90.0
 51
180.0
  0
ARC
  5
B63
330
1F
100
AcDbEntity
  8
0
370
     0
100
AcDbCircle
 10
312.7093933991266
 20
616.3953800771115
 30
0.0
 40
0.5
100
AcDbArc
 50
0.0
 51
90.0
  0
ARC
  5
B64
330
1F
100
AcDbEntity
  8
0
370
     0
100
AcDbCircle
 10
299.7093933991266
 20
603.3953800771115
 30
0.0
 40
0.5
100
AcDbArc
 50
180.0
 51
270.0
  0
ARC
  5
B65
330
1F
100
AcDbEntity
  8
0
370
     0
100
AcDbCircle
 10
312.7093933991266
 20
603.3953800771115
 30
0.0
 40
0.5
100
AcDbArc
 50
270.0
 51
0.0
  0
LINE
  5
B66
330
1F
100
AcDbEntity
  8
0
370
     0
100
AcDbLine
 10
318.7593933991266
 20
616.8953800771115
 30
0.0
 11
331.7593933991266
 21
616.8953800771115
 31
0.0
  0
LINE
  5
B67
330
1F
100
AcDbEntity
  8
0
370
     0
100
AcDbLine
 10
318.7593933991266
 20
602.8953800771115
 30
0.0
 11
331.7593933991266
 21
602.8953800771115
 31
0.0
  0
LINE
  5
B68
330
1F
100
AcDbEntity
  8
0
370
     0
100
AcDbLine
 10
318.2593933991266
 20
616.3953800771115
 30
0.0
 11
318.2593933991266
 21
603.3953800771115
 31
0.0
  0
LINE
  5
B69
330
1F
100
AcDbEntity
  8
0
370
     0
100
AcDbLine
 10
332.2593933991266
 20
616.3953800771115
 30
0.0
 11
332.2593933991266
 21
603.3953800771115
 31
0.0
  0
ARC
  5
B6A
330
1F
100
AcDbEntity
  8
0
370
     0
100
AcDbCircle
 10
318.7593933991266
 20
616.3953800771115
 30
0.0
 40
0.5
100
AcDbArc
 50
90.0
 51
180.0
  0
ARC
  5
B6B
330
1F
100
AcDbEntity
  8
0
370
     0
100
AcDbCircle
 10
331.7593933991266
 20
616.3953800771115
 30
0.0
 40
0.5
100
AcDbArc
 50
0.0
 51
90.0
  0
ARC
  5
B6C
330
1F
100
AcDbEntity
  8
0
370
     0
100
AcDbCircle
 10
318.7593933991266
 20
603.3953800771115
 30
0.0
 40
0.5
100
AcDbArc
 50
180.0
 51
270.0
  0
ARC
  5
B6D
330
1F
100
AcDbEntity
  8
0
370
     0
100
AcDbCircle
 10
331.7593933991266
 20
603.3953800771115
 30
0.0
 40
0.5
100
AcDbArc
 50
270.0
 51
0.0
  0
LINE
  5
B6E
330
1F
100
AcDbEntity
  8
0
370
     0
100
AcDbLine
 10
337.8093933991266
 20
616.8953800771115
 30
0.0
 11
350.8093933991266
 21
616.8953800771115
 31
0.0
  0
LINE
  5
B6F
330
1F
100
AcDbEntity
  8
0
370
     0
100
AcDbLine
 10
337.8093933991266
 20
602.8953800771115
 30
0.0
 11
350.8093933991266
 21
602.8953800771115
 31
0.0
  0
LINE
  5
B70
330
1F
100
AcDbEntity
  8
0
370
     0
100
AcDbLine
 10
337.3093933991266
 20
616.3953800771115
 30
0.0
 11
337.3093933991266
 21
603.3953800771115
 31
0.0
  0
LINE
  5
B71
330
1F
100
AcDbEntity
  8
0
370
     0
100
AcDbLine
 10
351.3093933991266
 20
616.3953800771115
 30
0.0
 11
351.3093933991266
 21
603.3953800771115
 31
0.0
  0
ARC
  5
B72
330
1F
100
AcDbEntity
  8
0
370
     0
100
AcDbCircle
 10
337.8093933991266
 20
616.3953800771115
 30
0.0
 40
0.5
100
AcDbArc
 50
90.0
 51
180.0
  0
ARC
  5
B73
330
1F
100
AcDbEntity
  8
0
370
     0
100
AcDbCircle
 10
350.8093933991266
 20
616.3953800771115
 30
0.0
 40
0.5
100
AcDbArc
 50
0.0
 51
90.0
  0
ARC
  5
B74
330
1F
100
AcDbEntity
  8
0
370
     0
100
AcDbCircle
 10
337.8093933991266
 20
603.3953800771115
 30
0.0
 40
0.5
100
AcDbArc
 50
180.0
 51
270.0
  0
ARC
  5
B75
330
1F
100
AcDbEntity
  8
0
370
     0
100
AcDbCircle
 10
350.8093933991266
 20
603.3953800771115
 30
0.0
 40
0.5
100
AcDbArc
 50
270.0
 51
0.0
  0
LINE
  5
B76
330
1F
100
AcDbEntity
  8
0
370
     0
100
AcDbLine
 10
356.8593933991266
 20
616.8953800771115
 30
0.0
 11
369.8593933991266
 21
616.8953800771115
 31
0.0
  0
LINE
  5
B77
330
1F
100
AcDbEntity
  8
0
370
     0
100
AcDbLine
 10
356.8593933991266
 20
602.8953800771115
 30
0.0
 11
369.8593933991266
 21
602.8953800771115
 31
0.0
  0
LINE
  5
B78
330
1F
100
AcDbEntity
  8
0
370
     0
100
AcDbLine
 10
356.3593933991266
 20
616.3953800771115
 30
0.0
 11
356.3593933991266
 21
603.3953800771115
 31
0.0
  0
LINE
  5
B79
330
1F
100
AcDbEntity
  8
0
370
     0
100
AcDbLine
 10
370.3593933991266
 20
616.3953800771115
 30
0.0
 11
370.3593933991266
 21
603.3953800771115
 31
0.0
  0
ARC
  5
B7A
330
1F
100
AcDbEntity
  8
0
370
     0
100
AcDbCircle
 10
356.8593933991266
 20
616.3953800771115
 30
0.0
 40
0.5
100
AcDbArc
 50
90.0
 51
180.0
  0
ARC
  5
B7B
330
1F
100
AcDbEntity
  8
0
370
     0
100
AcDbCircle
 10
369.8593933991266
 20
616.3953800771115
 30
0.0
 40
0.5
100
AcDbArc
 50
0.0
 51
90.0
  0
ARC
  5
B7C
330
1F
100
AcDbEntity
  8
0
370
     0
100
AcDbCircle
 10
356.8593933991266
 20
603.3953800771115
 30
0.0
 40
0.5
100
AcDbArc
 50
180.0
 51
270.0
  0
ARC
  5
B7D
330
1F
100
AcDbEntity
  8
0
370
     0
100
AcDbCircle
 10
369.8593933991266
 20
603.3953800771115
 30
0.0
 40
0.5
100
AcDbArc
 50
270.0
 51
0.0
  0
LINE
  5
B7E
330
1F
100
AcDbEntity
  8
0
370
     0
100
AcDbLine
 10
375.9093933991266
 20
616.8953800771115
 30
0.0
 11
388.9093933991265
 21
616.8953800771115
 31
0.0
  0
LINE
  5
B7F
330
1F
100
AcDbEntity
  8
0
370
     0
100
AcDbLine
 10
375.9093933991266
 20
602.8953800771115
 30
0.0
 11
388.9093933991265
 21
602.8953800771115
 31
0.0
  0
LINE
  5
B80
330
1F
100
AcDbEntity
  8
0
370
     0
100
AcDbLine
 10
375.4093933991265
 20
616.3953800771115
 30
0.0
 11
375.4093933991265
 21
603.3953800771115
 31
0.0
  0
LINE
  5
B81
330
1F
100
AcDbEntity
  8
0
370
     0
100
AcDbLine
 10
389.4093933991265
 20
616.3953800771115
 30
0.0
 11
389.4093933991265
 21
603.3953800771115
 31
0.0
  0
ARC
  5
B82
330
1F
100
AcDbEntity
  8
0
370
     0
100
AcDbCircle
 10
375.9093933991266
 20
616.3953800771115
 30
0.0
 40
0.5
100
AcDbArc
 50
90.0
 51
180.0
  0
ARC
  5
B83
330
1F
100
AcDbEntity
  8
0
370
     0
100
AcDbCircle
 10
388.9093933991265
 20
616.3953800771115
 30
0.0
 40
0.5
100
AcDbArc
 50
0.0
 51
90.0
  0
ARC
  5
B84
330
1F
100
AcDbEntity
  8
0
370
     0
100
AcDbCircle
 10
375.9093933991266
 20
603.3953800771115
 30
0.0
 40
0.5
100
AcDbArc
 50
180.0
 51
270.0
  0
ARC
  5
B85
330
1F
100
AcDbEntity
  8
0
370
     0
100
AcDbCircle
 10
388.9093933991265
 20
603.3953800771115
 30
0.0
 40
0.5
100
AcDbArc
 50
270.0
 51
0.0
  0
LINE
  5
B86
330
1F
100
AcDbEntity
  8
0
370
     0
100
AcDbLine
 10
394.9593933991266
 20
616.8953800771115
 30
0.0
 11
407.9593933991266
 21
616.8953800771115
 31
0.0
  0
LINE
  5
B87
330
1F
100
AcDbEntity
  8
0
370
     0
100
AcDbLine
 10
394.9593933991266
 20
602.8953800771115
 30
0.0
 11
407.9593933991266
 21
602.8953800771115
 31
0.0
  0
LINE
  5
B88
330
1F
100
AcDbEntity
  8
0
370
     0
100
AcDbLine
 10
394.4593933991266
 20
616.3953800771115
 30
0.0
 11
394.4593933991266
 21
603.3953800771115
 31
0.0
  0
LINE
  5
B89
330
1F
100
AcDbEntity
  8
0
370
     0
100
AcDbLine
 10
408.4593933991266
 20
616.3953800771115
 30
0.0
 11
408.4593933991266
 21
603.3953800771115
 31
0.0
  0
ARC
  5
B8A
330
1F
100
AcDbEntity
  8
0
370
     0
100
AcDbCircle
 10
394.9593933991266
 20
616.3953800771115
 30
0.0
 40
0.5
100
AcDbArc
 50
90.0
 51
180.0
  0
ARC
  5
B8B
330
1F
100
AcDbEntity
  8
0
370
     0
100
AcDbCircle
 10
407.9593933991266
 20
616.3953800771115
 30
0.0
 40
0.5
100
AcDbArc
 50
0.0
 51
90.0
  0
ARC
  5
B8C
330
1F
100
AcDbEntity
  8
0
370
     0
100
AcDbCircle
 10
394.9593933991266
 20
603.3953800771115
 30
0.0
 40
0.5
100
AcDbArc
 50
180.0
 51
270.0
  0
ARC
  5
B8D
330
1F
100
AcDbEntity
  8
0
370
     0
100
AcDbCircle
 10
407.9593933991266
 20
603.3953800771115
 30
0.0
 40
0.5
100
AcDbArc
 50
270.0
 51
0.0
  0
LINE
  5
B8E
330
1F
100
AcDbEntity
  8
0
370
     0
100
AcDbLine
 10
418.7718933991265
 20
616.8953800771115
 30
0.0
 11
431.7718933991265
 21
616.8953800771115
 31
0.0
  0
LINE
  5
B8F
330
1F
100
AcDbEntity
  8
0
370
     0
100
AcDbLine
 10
418.7718933991265
 20
602.8953800771115
 30
0.0
 11
431.7718933991265
 21
602.8953800771115
 31
0.0
  0
LINE
  5
B90
330
1F
100
AcDbEntity
  8
0
370
     0
100
AcDbLine
 10
418.2718933991266
 20
616.3953800771115
 30
0.0
 11
418.2718933991266
 21
603.3953800771115
 31
0.0
  0
LINE
  5
B91
330
1F
100
AcDbEntity
  8
0
370
     0
100
AcDbLine
 10
432.2718933991265
 20
616.3953800771115
 30
0.0
 11
432.2718933991265
 21
603.3953800771115
 31
0.0
  0
ARC
  5
B92
330
1F
100
AcDbEntity
  8
0
370
     0
100
AcDbCircle
 10
418.7718933991265
 20
616.3953800771115
 30
0.0
 40
0.5
100
AcDbArc
 50
90.0
 51
180.0
  0
ARC
  5
B93
330
1F
100
AcDbEntity
  8
0
370
     0
100
AcDbCircle
 10
431.7718933991265
 20
616.3953800771115
 30
0.0
 40
0.5
100
AcDbArc
 50
0.0
 51
90.0
  0
ARC
  5
B94
330
1F
100
AcDbEntity
  8
0
370
     0
100
AcDbCircle
 10
418.7718933991265
 20
603.3953800771115
 30
0.0
 40
0.5
100
AcDbArc
 50
180.0
 51
270.0
  0
ARC
  5
B95
330
1F
100
AcDbEntity
  8
0
370
     0
100
AcDbCircle
 10
431.7718933991265
 20
603.3953800771115
 30
0.0
 40
0.5
100
AcDbArc
 50
270.0
 51
0.0
  0
LINE
  5
B96
330
1F
100
AcDbEntity
  8
0
370
     0
100
AcDbLine
 10
442.5843933991266
 20
616.8953800771115
 30
0.0
 11
455.5843933991265
 21
616.8953800771115
 31
0.0
  0
LINE
  5
B97
330
1F
100
AcDbEntity
  8
0
370
     0
100
AcDbLine
 10
442.5843933991266
 20
602.8953800771115
 30
0.0
 11
455.5843933991265
 21
602.8953800771115
 31
0.0
  0
LINE
  5
B98
330
1F
100
AcDbEntity
  8
0
370
     0
100
AcDbLine
 10
442.0843933991265
 20
616.3953800771115
 30
0.0
 11
442.0843933991265
 21
603.3953800771115
 31
0.0
  0
LINE
  5
B99
330
1F
100
AcDbEntity
  8
0
370
     0
100
AcDbLine
 10
456.0843933991265
 20
616.3953800771115
 30
0.0
 11
456.0843933991265
 21
603.3953800771115
 31
0.0
  0
ARC
  5
B9A
330
1F
100
AcDbEntity
  8
0
370
     0
100
AcDbCircle
 10
442.5843933991266
 20
616.3953800771115
 30
0.0
 40
0.5
100
AcDbArc
 50
90.0
 51
180.0
  0
ARC
  5
B9B
330
1F
100
AcDbEntity
  8
0
370
     0
100
AcDbCircle
 10
455.5843933991265
 20
616.3953800771115
 30
0.0
 40
0.5
100
AcDbArc
 50
0.0
 51
90.0
  0
ARC
  5
B9C
330
1F
100
AcDbEntity
  8
0
370
     0
100
AcDbCircle
 10
442.5843933991266
 20
603.3953800771115
 30
0.0
 40
0.5
100
AcDbArc
 50
180.0
 51
270.0
  0
ARC
  5
B9D
330
1F
100
AcDbEntity
  8
0
370
     0
100
AcDbCircle
 10
455.5843933991265
 20
603.3953800771115
 30
0.0
 40
0.5
100
AcDbArc
 50
270.0
 51
0.0
  0
LINE
  5
B9E
330
1F
100
AcDbEntity
  8
0
370
     0
100
AcDbLine
 10
163.9781433991266
 20
597.8453800771116
 30
0.0
 11
176.9781433991265
 21
597.8453800771116
 31
0.0
  0
LINE
  5
B9F
330
1F
100
AcDbEntity
  8
0
370
     0
100
AcDbLine
 10
163.9781433991266
 20
583.8453800771116
 30
0.0
 11
176.9781433991265
 21
583.8453800771116
 31
0.0
  0
LINE
  5
BA0
330
1F
100
AcDbEntity
  8
0
370
     0
100
AcDbLine
 10
163.4781433991265
 20
597.3453800771116
 30
0.0
 11
163.4781433991265
 21
584.3453800771116
 31
0.0
  0
LINE
  5
BA1
330
1F
100
AcDbEntity
  8
0
370
     0
100
AcDbLine
 10
177.4781433991265
 20
597.3453800771116
 30
0.0
 11
177.4781433991265
 21
584.3453800771116
 31
0.0
  0
ARC
  5
BA2
330
1F
100
AcDbEntity
  8
0
370
     0
100
AcDbCircle
 10
163.9781433991266
 20
597.3453800771116
 30
0.0
 40
0.5
100
AcDbArc
 50
90.0
 51
180.0
  0
ARC
  5
BA3
330
1F
100
AcDbEntity
  8
0
370
     0
100
AcDbCircle
 10
176.9781433991265
 20
597.3453800771116
 30
0.0
 40
0.5
100
AcDbArc
 50
0.0
 51
90.0
  0
ARC
  5
BA4
330
1F
100
AcDbEntity
  8
0
370
     0
100
AcDbCircle
 10
163.9781433991266
 20
584.3453800771116
 30
0.0
 40
0.5
100
AcDbArc
 50
180.0
 51
270.0
  0
ARC
  5
BA5
330
1F
100
AcDbEntity
  8
0
370
     0
100
AcDbCircle
 10
176.9781433991265
 20
584.3453800771116
 30
0.0
 40
0.5
100
AcDbArc
 50
270.0
 51
0.0
  0
LINE
  5
BA6
330
1F
100
AcDbEntity
  8
0
370
     0
100
AcDbLine
 10
190.1718933991266
 20
597.8453800771116
 30
0.0
 11
203.1718933991266
 21
597.8453800771116
 31
0.0
  0
LINE
  5
BA7
330
1F
100
AcDbEntity
  8
0
370
     0
100
AcDbLine
 10
190.1718933991266
 20
583.8453800771116
 30
0.0
 11
203.1718933991266
 21
583.8453800771116
 31
0.0
  0
LINE
  5
BA8
330
1F
100
AcDbEntity
  8
0
370
     0
100
AcDbLine
 10
189.6718933991266
 20
597.3453800771116
 30
0.0
 11
189.6718933991266
 21
584.3453800771116
 31
0.0
  0
LINE
  5
BA9
330
1F
100
AcDbEntity
  8
0
370
     0
100
AcDbLine
 10
203.6718933991266
 20
597.3453800771116
 30
0.0
 11
203.6718933991266
 21
584.3453800771116
 31
0.0
  0
ARC
  5
BAA
330
1F
100
AcDbEntity
  8
0
370
     0
100
AcDbCircle
 10
190.1718933991266
 20
597.3453800771116
 30
0.0
 40
0.5
100
AcDbArc
 50
90.0
 51
180.0
  0
ARC
  5
BAB
330
1F
100
AcDbEntity
  8
0
370
     0
100
AcDbCircle
 10
203.1718933991266
 20
597.3453800771116
 30
0.0
 40
0.5
100
AcDbArc
 50
0.0
 51
90.0
  0
ARC
  5
BAC
330
1F
100
AcDbEntity
  8
0
370
     0
100
AcDbCircle
 10
190.1718933991266
 20
584.3453800771116
 30
0.0
 40
0.5
100
AcDbArc
 50
180.0
 51
270.0
  0
ARC
  5
BAD
330
1F
100
AcDbEntity
  8
0
370
     0
100
AcDbCircle
 10
203.1718933991266
 20
584.3453800771116
 30
0.0
 40
0.5
100
AcDbArc
 50
270.0
 51
0.0
  0
LINE
  5
BAE
330
1F
100
AcDbEntity
  8
0
370
     0
100
AcDbLine
 10
209.2218933991266
 20
597.8453800771116
 30
0.0
 11
222.2218933991266
 21
597.8453800771116
 31
0.0
  0
LINE
  5
BAF
330
1F
100
AcDbEntity
  8
0
370
     0
100
AcDbLine
 10
209.2218933991266
 20
583.8453800771116
 30
0.0
 11
222.2218933991266
 21
583.8453800771116
 31
0.0
  0
LINE
  5
BB0
330
1F
100
AcDbEntity
  8
0
370
     0
100
AcDbLine
 10
208.7218933991266
 20
597.3453800771116
 30
0.0
 11
208.7218933991266
 21
584.3453800771116
 31
0.0
  0
LINE
  5
BB1
330
1F
100
AcDbEntity
  8
0
370
     0
100
AcDbLine
 10
222.7218933991266
 20
597.3453800771116
 30
0.0
 11
222.7218933991266
 21
584.3453800771116
 31
0.0
  0
ARC
  5
BB2
330
1F
100
AcDbEntity
  8
0
370
     0
100
AcDbCircle
 10
209.2218933991266
 20
597.3453800771116
 30
0.0
 40
0.5
100
AcDbArc
 50
90.0
 51
180.0
  0
ARC
  5
BB3
330
1F
100
AcDbEntity
  8
0
370
     0
100
AcDbCircle
 10
222.2218933991266
 20
597.3453800771116
 30
0.0
 40
0.5
100
AcDbArc
 50
0.0
 51
90.0
  0
ARC
  5
BB4
330
1F
100
AcDbEntity
  8
0
370
     0
100
AcDbCircle
 10
209.2218933991266
 20
584.3453800771116
 30
0.0
 40
0.5
100
AcDbArc
 50
180.0
 51
270.0
  0
ARC
  5
BB5
330
1F
100
AcDbEntity
  8
0
370
     0
100
AcDbCircle
 10
222.2218933991266
 20
584.3453800771116
 30
0.0
 40
0.5
100
AcDbArc
 50
270.0
 51
0.0
  0
LINE
  5
BB6
330
1F
100
AcDbEntity
  8
0
370
     0
100
AcDbLine
 10
228.2718933991266
 20
597.8453800771116
 30
0.0
 11
241.2718933991266
 21
597.8453800771116
 31
0.0
  0
LINE
  5
BB7
330
1F
100
AcDbEntity
  8
0
370
     0
100
AcDbLine
 10
228.2718933991266
 20
583.8453800771116
 30
0.0
 11
241.2718933991266
 21
583.8453800771116
 31
0.0
  0
LINE
  5
BB8
330
1F
100
AcDbEntity
  8
0
370
     0
100
AcDbLine
 10
227.7718933991266
 20
597.3453800771116
 30
0.0
 11
227.7718933991266
 21
584.3453800771116
 31
0.0
  0
LINE
  5
BB9
330
1F
100
AcDbEntity
  8
0
370
     0
100
AcDbLine
 10
241.7718933991266
 20
597.3453800771116
 30
0.0
 11
241.7718933991266
 21
584.3453800771116
 31
0.0
  0
ARC
  5
BBA
330
1F
100
AcDbEntity
  8
0
370
     0
100
AcDbCircle
 10
228.2718933991266
 20
597.3453800771116
 30
0.0
 40
0.5
100
AcDbArc
 50
90.0
 51
180.0
  0
ARC
  5
BBB
330
1F
100
AcDbEntity
  8
0
370
     0
100
AcDbCircle
 10
241.2718933991266
 20
597.3453800771116
 30
0.0
 40
0.5
100
AcDbArc
 50
0.0
 51
90.0
  0
ARC
  5
BBC
330
1F
100
AcDbEntity
  8
0
370
     0
100
AcDbCircle
 10
228.2718933991266
 20
584.3453800771116
 30
0.0
 40
0.5
100
AcDbArc
 50
180.0
 51
270.0
  0
ARC
  5
BBD
330
1F
100
AcDbEntity
  8
0
370
     0
100
AcDbCircle
 10
241.2718933991266
 20
584.3453800771116
 30
0.0
 40
0.5
100
AcDbArc
 50
270.0
 51
0.0
  0
LINE
  5
BBE
330
1F
100
AcDbEntity
  8
0
370
     0
100
AcDbLine
 10
247.3218933991266
 20
597.8453800771116
 30
0.0
 11
260.3218933991266
 21
597.8453800771116
 31
0.0
  0
LINE
  5
BBF
330
1F
100
AcDbEntity
  8
0
370
     0
100
AcDbLine
 10
247.3218933991266
 20
583.8453800771116
 30
0.0
 11
260.3218933991266
 21
583.8453800771116
 31
0.0
  0
LINE
  5
BC0
330
1F
100
AcDbEntity
  8
0
370
     0
100
AcDbLine
 10
246.8218933991266
 20
597.3453800771116
 30
0.0
 11
246.8218933991266
 21
584.3453800771116
 31
0.0
  0
LINE
  5
BC1
330
1F
100
AcDbEntity
  8
0
370
     0
100
AcDbLine
 10
260.8218933991266
 20
597.3453800771116
 30
0.0
 11
260.8218933991266
 21
584.3453800771116
 31
0.0
  0
ARC
  5
BC2
330
1F
100
AcDbEntity
  8
0
370
     0
100
AcDbCircle
 10
247.3218933991266
 20
597.3453800771116
 30
0.0
 40
0.5
100
AcDbArc
 50
90.0
 51
180.0
  0
ARC
  5
BC3
330
1F
100
AcDbEntity
  8
0
370
     0
100
AcDbCircle
 10
260.3218933991266
 20
597.3453800771116
 30
0.0
 40
0.5
100
AcDbArc
 50
0.0
 51
90.0
  0
ARC
  5
BC4
330
1F
100
AcDbEntity
  8
0
370
     0
100
AcDbCircle
 10
247.3218933991266
 20
584.3453800771116
 30
0.0
 40
0.5
100
AcDbArc
 50
180.0
 51
270.0
  0
ARC
  5
BC5
330
1F
100
AcDbEntity
  8
0
370
     0
100
AcDbCircle
 10
260.3218933991266
 20
584.3453800771116
 30
0.0
 40
0.5
100
AcDbArc
 50
270.0
 51
0.0
  0
LINE
  5
BC6
330
1F
100
AcDbEntity
  8
0
370
     0
100
AcDbLine
 10
266.3718933991266
 20
597.8453800771116
 30
0.0
 11
279.3718933991266
 21
597.8453800771116
 31
0.0
  0
LINE
  5
BC7
330
1F
100
AcDbEntity
  8
0
370
     0
100
AcDbLine
 10
266.3718933991266
 20
583.8453800771116
 30
0.0
 11
279.3718933991266
 21
583.8453800771116
 31
0.0
  0
LINE
  5
BC8
330
1F
100
AcDbEntity
  8
0
370
     0
100
AcDbLine
 10
265.8718933991266
 20
597.3453800771116
 30
0.0
 11
265.8718933991266
 21
584.3453800771116
 31
0.0
  0
LINE
  5
BC9
330
1F
100
AcDbEntity
  8
0
370
     0
100
AcDbLine
 10
279.8718933991266
 20
597.3453800771116
 30
0.0
 11
279.8718933991266
 21
584.3453800771116
 31
0.0
  0
ARC
  5
BCA
330
1F
100
AcDbEntity
  8
0
370
     0
100
AcDbCircle
 10
266.3718933991266
 20
597.3453800771116
 30
0.0
 40
0.5
100
AcDbArc
 50
90.0
 51
180.0
  0
ARC
  5
BCB
330
1F
100
AcDbEntity
  8
0
370
     0
100
AcDbCircle
 10
279.3718933991266
 20
597.3453800771116
 30
0.0
 40
0.5
100
AcDbArc
 50
0.0
 51
90.0
  0
ARC
  5
BCC
330
1F
100
AcDbEntity
  8
0
370
     0
100
AcDbCircle
 10
266.3718933991266
 20
584.3453800771116
 30
0.0
 40
0.5
100
AcDbArc
 50
180.0
 51
270.0
  0
ARC
  5
BCD
330
1F
100
AcDbEntity
  8
0
370
     0
100
AcDbCircle
 10
279.3718933991266
 20
584.3453800771116
 30
0.0
 40
0.5
100
AcDbArc
 50
270.0
 51
0.0
  0
LINE
  5
BCE
330
1F
100
AcDbEntity
  8
0
370
     0
100
AcDbLine
 10
285.4218933991266
 20
597.8453800771116
 30
0.0
 11
298.4218933991266
 21
597.8453800771116
 31
0.0
  0
LINE
  5
BCF
330
1F
100
AcDbEntity
  8
0
370
     0
100
AcDbLine
 10
285.4218933991266
 20
583.8453800771116
 30
0.0
 11
298.4218933991266
 21
583.8453800771116
 31
0.0
  0
LINE
  5
BD0
330
1F
100
AcDbEntity
  8
0
370
     0
100
AcDbLine
 10
284.9218933991266
 20
597.3453800771116
 30
0.0
 11
284.9218933991266
 21
584.3453800771116
 31
0.0
  0
LINE
  5
BD1
330
1F
100
AcDbEntity
  8
0
370
     0
100
AcDbLine
 10
298.9218933991266
 20
597.3453800771116
 30
0.0
 11
298.9218933991266
 21
584.3453800771116
 31
0.0
  0
ARC
  5
BD2
330
1F
100
AcDbEntity
  8
0
370
     0
100
AcDbCircle
 10
285.4218933991266
 20
597.3453800771116
 30
0.0
 40
0.5
100
AcDbArc
 50
90.0
 51
180.0
  0
ARC
  5
BD3
330
1F
100
AcDbEntity
  8
0
370
     0
100
AcDbCircle
 10
298.4218933991266
 20
597.3453800771116
 30
0.0
 40
0.5
100
AcDbArc
 50
0.0
 51
90.0
  0
ARC
  5
BD4
330
1F
100
AcDbEntity
  8
0
370
     0
100
AcDbCircle
 10
285.4218933991266
 20
584.3453800771116
 30
0.0
 40
0.5
100
AcDbArc
 50
180.0
 51
270.0
  0
ARC
  5
BD5
330
1F
100
AcDbEntity
  8
0
370
     0
100
AcDbCircle
 10
298.4218933991266
 20
584.3453800771116
 30
0.0
 40
0.5
100
AcDbArc
 50
270.0
 51
0.0
  0
LINE
  5
BD6
330
1F
100
AcDbEntity
  8
0
370
     0
100
AcDbLine
 10
304.4718933991266
 20
597.8453800771116
 30
0.0
 11
317.4718933991266
 21
597.8453800771116
 31
0.0
  0
LINE
  5
BD7
330
1F
100
AcDbEntity
  8
0
370
     0
100
AcDbLine
 10
304.4718933991266
 20
583.8453800771116
 30
0.0
 11
317.4718933991266
 21
583.8453800771116
 31
0.0
  0
LINE
  5
BD8
330
1F
100
AcDbEntity
  8
0
370
     0
100
AcDbLine
 10
303.9718933991265
 20
597.3453800771116
 30
0.0
 11
303.9718933991265
 21
584.3453800771116
 31
0.0
  0
LINE
  5
BD9
330
1F
100
AcDbEntity
  8
0
370
     0
100
AcDbLine
 10
317.9718933991265
 20
597.3453800771116
 30
0.0
 11
317.9718933991265
 21
584.3453800771116
 31
0.0
  0
ARC
  5
BDA
330
1F
100
AcDbEntity
  8
0
370
     0
100
AcDbCircle
 10
304.4718933991266
 20
597.3453800771116
 30
0.0
 40
0.5
100
AcDbArc
 50
90.0
 51
180.0
  0
ARC
  5
BDB
330
1F
100
AcDbEntity
  8
0
370
     0
100
AcDbCircle
 10
317.4718933991266
 20
597.3453800771116
 30
0.0
 40
0.5
100
AcDbArc
 50
0.0
 51
90.0
  0
ARC
  5
BDC
330
1F
100
AcDbEntity
  8
0
370
     0
100
AcDbCircle
 10
304.4718933991266
 20
584.3453800771116
 30
0.0
 40
0.5
100
AcDbArc
 50
180.0
 51
270.0
  0
ARC
  5
BDD
330
1F
100
AcDbEntity
  8
0
370
     0
100
AcDbCircle
 10
317.4718933991266
 20
584.3453800771116
 30
0.0
 40
0.5
100
AcDbArc
 50
270.0
 51
0.0
  0
LINE
  5
BDE
330
1F
100
AcDbEntity
  8
0
370
     0
100
AcDbLine
 10
323.5218933991266
 20
597.8453800771116
 30
0.0
 11
336.5218933991266
 21
597.8453800771116
 31
0.0
  0
LINE
  5
BDF
330
1F
100
AcDbEntity
  8
0
370
     0
100
AcDbLine
 10
323.5218933991266
 20
583.8453800771116
 30
0.0
 11
336.5218933991266
 21
583.8453800771116
 31
0.0
  0
LINE
  5
BE0
330
1F
100
AcDbEntity
  8
0
370
     0
100
AcDbLine
 10
323.0218933991266
 20
597.3453800771116
 30
0.0
 11
323.0218933991266
 21
584.3453800771116
 31
0.0
  0
LINE
  5
BE1
330
1F
100
AcDbEntity
  8
0
370
     0
100
AcDbLine
 10
337.0218933991266
 20
597.3453800771116
 30
0.0
 11
337.0218933991266
 21
584.3453800771116
 31
0.0
  0
ARC
  5
BE2
330
1F
100
AcDbEntity
  8
0
370
     0
100
AcDbCircle
 10
323.5218933991266
 20
597.3453800771116
 30
0.0
 40
0.5
100
AcDbArc
 50
90.0
 51
180.0
  0
ARC
  5
BE3
330
1F
100
AcDbEntity
  8
0
370
     0
100
AcDbCircle
 10
336.5218933991266
 20
597.3453800771116
 30
0.0
 40
0.5
100
AcDbArc
 50
0.0
 51
90.0
  0
ARC
  5
BE4
330
1F
100
AcDbEntity
  8
0
370
     0
100
AcDbCircle
 10
323.5218933991266
 20
584.3453800771116
 30
0.0
 40
0.5
100
AcDbArc
 50
180.0
 51
270.0
  0
ARC
  5
BE5
330
1F
100
AcDbEntity
  8
0
370
     0
100
AcDbCircle
 10
336.5218933991266
 20
584.3453800771116
 30
0.0
 40
0.5
100
AcDbArc
 50
270.0
 51
0.0
  0
LINE
  5
BE6
330
1F
100
AcDbEntity
  8
0
370
     0
100
AcDbLine
 10
342.5718933991266
 20
597.8453800771116
 30
0.0
 11
355.5718933991266
 21
597.8453800771116
 31
0.0
  0
LINE
  5
BE7
330
1F
100
AcDbEntity
  8
0
370
     0
100
AcDbLine
 10
342.5718933991266
 20
583.8453800771116
 30
0.0
 11
355.5718933991266
 21
583.8453800771116
 31
0.0
  0
LINE
  5
BE8
330
1F
100
AcDbEntity
  8
0
370
     0
100
AcDbLine
 10
342.0718933991266
 20
597.3453800771116
 30
0.0
 11
342.0718933991266
 21
584.3453800771116
 31
0.0
  0
LINE
  5
BE9
330
1F
100
AcDbEntity
  8
0
370
     0
100
AcDbLine
 10
356.0718933991266
 20
597.3453800771116
 30
0.0
 11
356.0718933991266
 21
584.3453800771116
 31
0.0
  0
ARC
  5
BEA
330
1F
100
AcDbEntity
  8
0
370
     0
100
AcDbCircle
 10
342.5718933991266
 20
597.3453800771116
 30
0.0
 40
0.5
100
AcDbArc
 50
90.0
 51
180.0
  0
ARC
  5
BEB
330
1F
100
AcDbEntity
  8
0
370
     0
100
AcDbCircle
 10
355.5718933991266
 20
597.3453800771116
 30
0.0
 40
0.5
100
AcDbArc
 50
0.0
 51
90.0
  0
ARC
  5
BEC
330
1F
100
AcDbEntity
  8
0
370
     0
100
AcDbCircle
 10
342.5718933991266
 20
584.3453800771116
 30
0.0
 40
0.5
100
AcDbArc
 50
180.0
 51
270.0
  0
ARC
  5
BED
330
1F
100
AcDbEntity
  8
0
370
     0
100
AcDbCircle
 10
355.5718933991266
 20
584.3453800771116
 30
0.0
 40
0.5
100
AcDbArc
 50
270.0
 51
0.0
  0
LINE
  5
BEE
330
1F
100
AcDbEntity
  8
0
370
     0
100
AcDbLine
 10
361.6218933991266
 20
597.8453800771116
 30
0.0
 11
374.6218933991266
 21
597.8453800771116
 31
0.0
  0
LINE
  5
BEF
330
1F
100
AcDbEntity
  8
0
370
     0
100
AcDbLine
 10
361.6218933991266
 20
583.8453800771116
 30
0.0
 11
374.6218933991266
 21
583.8453800771116
 31
0.0
  0
LINE
  5
BF0
330
1F
100
AcDbEntity
  8
0
370
     0
100
AcDbLine
 10
361.1218933991266
 20
597.3453800771116
 30
0.0
 11
361.1218933991266
 21
584.3453800771116
 31
0.0
  0
LINE
  5
BF1
330
1F
100
AcDbEntity
  8
0
370
     0
100
AcDbLine
 10
375.1218933991266
 20
597.3453800771116
 30
0.0
 11
375.1218933991266
 21
584.3453800771116
 31
0.0
  0
ARC
  5
BF2
330
1F
100
AcDbEntity
  8
0
370
     0
100
AcDbCircle
 10
361.6218933991266
 20
597.3453800771116
 30
0.0
 40
0.5
100
AcDbArc
 50
90.0
 51
180.0
  0
ARC
  5
BF3
330
1F
100
AcDbEntity
  8
0
370
     0
100
AcDbCircle
 10
374.6218933991266
 20
597.3453800771116
 30
0.0
 40
0.5
100
AcDbArc
 50
0.0
 51
90.0
  0
ARC
  5
BF4
330
1F
100
AcDbEntity
  8
0
370
     0
100
AcDbCircle
 10
361.6218933991266
 20
584.3453800771116
 30
0.0
 40
0.5
100
AcDbArc
 50
180.0
 51
270.0
  0
ARC
  5
BF5
330
1F
100
AcDbEntity
  8
0
370
     0
100
AcDbCircle
 10
374.6218933991266
 20
584.3453800771116
 30
0.0
 40
0.5
100
AcDbArc
 50
270.0
 51
0.0
  0
LINE
  5
BF6
330
1F
100
AcDbEntity
  8
0
370
     0
100
AcDbLine
 10
380.6718933991266
 20
597.8453800771116
 30
0.0
 11
393.6718933991266
 21
597.8453800771116
 31
0.0
  0
LINE
  5
BF7
330
1F
100
AcDbEntity
  8
0
370
     0
100
AcDbLine
 10
380.6718933991266
 20
583.8453800771116
 30
0.0
 11
393.6718933991266
 21
583.8453800771116
 31
0.0
  0
LINE
  5
BF8
330
1F
100
AcDbEntity
  8
0
370
     0
100
AcDbLine
 10
380.1718933991266
 20
597.3453800771116
 30
0.0
 11
380.1718933991266
 21
584.3453800771116
 31
0.0
  0
LINE
  5
BF9
330
1F
100
AcDbEntity
  8
0
370
     0
100
AcDbLine
 10
394.1718933991266
 20
597.3453800771116
 30
0.0
 11
394.1718933991266
 21
584.3453800771116
 31
0.0
  0
ARC
  5
BFA
330
1F
100
AcDbEntity
  8
0
370
     0
100
AcDbCircle
 10
380.6718933991266
 20
597.3453800771116
 30
0.0
 40
0.5
100
AcDbArc
 50
90.0
 51
180.0
  0
ARC
  5
BFB
330
1F
100
AcDbEntity
  8
0
370
     0
100
AcDbCircle
 10
393.6718933991266
 20
597.3453800771116
 30
0.0
 40
0.5
100
AcDbArc
 50
0.0
 51
90.0
  0
ARC
  5
BFC
330
1F
100
AcDbEntity
  8
0
370
     0
100
AcDbCircle
 10
380.6718933991266
 20
584.3453800771116
 30
0.0
 40
0.5
100
AcDbArc
 50
180.0
 51
270.0
  0
ARC
  5
BFD
330
1F
100
AcDbEntity
  8
0
370
     0
100
AcDbCircle
 10
393.6718933991266
 20
584.3453800771116
 30
0.0
 40
0.5
100
AcDbArc
 50
270.0
 51
0.0
  0
LINE
  5
BFE
330
1F
100
AcDbEntity
  8
0
370
     0
100
AcDbLine
 10
411.6281433991265
 20
597.8453800771116
 30
0.0
 11
424.6281433991265
 21
597.8453800771116
 31
0.0
  0
LINE
  5
BFF
330
1F
100
AcDbEntity
  8
0
370
     0
100
AcDbLine
 10
411.6281433991265
 20
583.8453800771116
 30
0.0
 11
424.6281433991265
 21
583.8453800771116
 31
0.0
  0
LINE
  5
C00
330
1F
100
AcDbEntity
  8
0
370
     0
100
AcDbLine
 10
411.1281433991265
 20
597.3453800771116
 30
0.0
 11
411.1281433991265
 21
584.3453800771116
 31
0.0
  0
LINE
  5
C01
330
1F
100
AcDbEntity
  8
0
370
     0
100
AcDbLine
 10
425.1281433991265
 20
597.3453800771116
 30
0.0
 11
425.1281433991265
 21
584.3453800771116
 31
0.0
  0
ARC
  5
C02
330
1F
100
AcDbEntity
  8
0
370
     0
100
AcDbCircle
 10
411.6281433991265
 20
597.3453800771116
 30
0.0
 40
0.5
100
AcDbArc
 50
90.0
 51
180.0
  0
ARC
  5
C03
330
1F
100
AcDbEntity
  8
0
370
     0
100
AcDbCircle
 10
424.6281433991265
 20
597.3453800771116
 30
0.0
 40
0.5
100
AcDbArc
 50
0.0
 51
90.0
  0
ARC
  5
C04
330
1F
100
AcDbEntity
  8
0
370
     0
100
AcDbCircle
 10
411.6281433991265
 20
584.3453800771116
 30
0.0
 40
0.5
100
AcDbArc
 50
180.0
 51
270.0
  0
ARC
  5
C05
330
1F
100
AcDbEntity
  8
0
370
     0
100
AcDbCircle
 10
424.6281433991265
 20
584.3453800771116
 30
0.0
 40
0.5
100
AcDbArc
 50
270.0
 51
0.0
  0
LINE
  5
C06
330
1F
100
AcDbEntity
  8
0
370
     0
100
AcDbLine
 10
403.1901433991265
 20
596.8453800771116
 30
0.0
 11
409.1901433991266
 21
596.8453800771116
 31
0.0
  0
LINE
  5
C07
330
1F
100
AcDbEntity
  8
0
370
     0
100
AcDbLine
 10
403.1901433991265
 20
581.8453800771115
 30
0.0
 11
409.1901433991266
 21
581.8453800771115
 31
0.0
  0
LINE
  5
C08
330
1F
100
AcDbEntity
  8
0
370
     0
100
AcDbLine
 10
402.6901433991265
 20
596.3453800771116
 30
0.0
 11
402.6901433991265
 21
582.3453800771115
 31
0.0
  0
LINE
  5
C09
330
1F
100
AcDbEntity
  8
0
370
     0
100
AcDbLine
 10
409.6901433991265
 20
596.3453800771116
 30
0.0
 11
409.6901433991265
 21
582.3453800771115
 31
0.0
  0
ARC
  5
C0A
330
1F
100
AcDbEntity
  8
0
370
     0
100
AcDbCircle
 10
403.1901433991265
 20
596.3453800771116
 30
0.0
 40
0.5
100
AcDbArc
 50
90.0
 51
180.0
  0
ARC
  5
C0B
330
1F
100
AcDbEntity
  8
0
370
     0
100
AcDbCircle
 10
409.1901433991266
 20
596.3453800771116
 30
0.0
 40
0.5
100
AcDbArc
 50
0.0
 51
90.0
  0
ARC
  5
C0C
330
1F
100
AcDbEntity
  8
0
370
     0
100
AcDbCircle
 10
403.1901433991265
 20
582.3453800771115
 30
0.0
 40
0.5
100
AcDbArc
 50
180.0
 51
270.0
  0
ARC
  5
C0D
330
1F
100
AcDbEntity
  8
0
370
     0
100
AcDbCircle
 10
409.1901433991266
 20
582.3453800771115
 30
0.0
 40
0.5
100
AcDbArc
 50
270.0
 51
0.0
  0
LINE
  5
C0E
330
1F
100
AcDbEntity
  8
0
370
     0
100
AcDbLine
 10
427.0661433991265
 20
596.8453800771116
 30
0.0
 11
433.0661433991266
 21
596.8453800771116
 31
0.0
  0
LINE
  5
C0F
330
1F
100
AcDbEntity
  8
0
370
     0
100
AcDbLine
 10
427.0661433991265
 20
581.8453800771115
 30
0.0
 11
433.0661433991266
 21
581.8453800771115
 31
0.0
  0
LINE
  5
C10
330
1F
100
AcDbEntity
  8
0
370
     0
100
AcDbLine
 10
426.5661433991265
 20
596.3453800771116
 30
0.0
 11
426.5661433991265
 21
582.3453800771115
 31
0.0
  0
LINE
  5
C11
330
1F
100
AcDbEntity
  8
0
370
     0
100
AcDbLine
 10
433.5661433991266
 20
596.3453800771116
 30
0.0
 11
433.5661433991266
 21
582.3453800771115
 31
0.0
  0
ARC
  5
C12
330
1F
100
AcDbEntity
  8
0
370
     0
100
AcDbCircle
 10
427.0661433991265
 20
596.3453800771116
 30
0.0
 40
0.5
100
AcDbArc
 50
90.0
 51
180.0
  0
ARC
  5
C13
330
1F
100
AcDbEntity
  8
0
370
     0
100
AcDbCircle
 10
433.0661433991266
 20
596.3453800771116
 30
0.0
 40
0.5
100
AcDbArc
 50
0.0
 51
90.0
  0
ARC
  5
C14
330
1F
100
AcDbEntity
  8
0
370
     0
100
AcDbCircle
 10
427.0661433991265
 20
582.3453800771115
 30
0.0
 40
0.5
100
AcDbArc
 50
180.0
 51
270.0
  0
ARC
  5
C15
330
1F
100
AcDbEntity
  8
0
370
     0
100
AcDbCircle
 10
433.0661433991266
 20
582.3453800771115
 30
0.0
 40
0.5
100
AcDbArc
 50
270.0
 51
0.0
  0
LINE
  5
C16
330
1F
100
AcDbEntity
  8
0
370
     0
100
AcDbLine
 10
442.5843933991266
 20
597.8453800771116
 30
0.0
 11
455.5843933991265
 21
597.8453800771116
 31
0.0
  0
LINE
  5
C17
330
1F
100
AcDbEntity
  8
0
370
     0
100
AcDbLine
 10
442.5843933991266
 20
583.8453800771116
 30
0.0
 11
455.5843933991265
 21
583.8453800771116
 31
0.0
  0
LINE
  5
C18
330
1F
100
AcDbEntity
  8
0
370
     0
100
AcDbLine
 10
442.0843933991265
 20
597.3453800771116
 30
0.0
 11
442.0843933991265
 21
584.3453800771116
 31
0.0
  0
LINE
  5
C19
330
1F
100
AcDbEntity
  8
0
370
     0
100
AcDbLine
 10
456.0843933991265
 20
597.3453800771116
 30
0.0
 11
456.0843933991265
 21
584.3453800771116
 31
0.0
  0
ARC
  5
C1A
330
1F
100
AcDbEntity
  8
0
370
     0
100
AcDbCircle
 10
442.5843933991266
 20
597.3453800771116
 30
0.0
 40
0.5
100
AcDbArc
 50
90.0
 51
180.0
  0
ARC
  5
C1B
330
1F
100
AcDbEntity
  8
0
370
     0
100
AcDbCircle
 10
455.5843933991265
 20
597.3453800771116
 30
0.0
 40
0.5
100
AcDbArc
 50
0.0
 51
90.0
  0
ARC
  5
C1C
330
1F
100
AcDbEntity
  8
0
370
     0
100
AcDbCircle
 10
442.5843933991266
 20
584.3453800771116
 30
0.0
 40
0.5
100
AcDbArc
 50
180.0
 51
270.0
  0
ARC
  5
C1D
330
1F
100
AcDbEntity
  8
0
370
     0
100
AcDbCircle
 10
455.5843933991265
 20
584.3453800771116
 30
0.0
 40
0.5
100
AcDbArc
 50
270.0
 51
0.0
  0
LINE
  5
C1E
330
1F
100
AcDbEntity
  8
0
370
     0
100
AcDbLine
 10
168.7406433991266
 20
578.7953800771115
 30
0.0
 11
181.7406433991266
 21
578.7953800771115
 31
0.0
  0
LINE
  5
C1F
330
1F
100
AcDbEntity
  8
0
370
     0
100
AcDbLine
 10
168.7406433991266
 20
564.7953800771115
 30
0.0
 11
181.7406433991266
 21
564.7953800771115
 31
0.0
  0
LINE
  5
C20
330
1F
100
AcDbEntity
  8
0
370
     0
100
AcDbLine
 10
168.2406433991266
 20
578.2953800771115
 30
0.0
 11
168.2406433991266
 21
565.2953800771115
 31
0.0
  0
LINE
  5
C21
330
1F
100
AcDbEntity
  8
0
370
     0
100
AcDbLine
 10
182.2406433991266
 20
578.2953800771115
 30
0.0
 11
182.2406433991266
 21
565.2953800771115
 31
0.0
  0
ARC
  5
C22
330
1F
100
AcDbEntity
  8
0
370
     0
100
AcDbCircle
 10
168.7406433991266
 20
578.2953800771115
 30
0.0
 40
0.5
100
AcDbArc
 50
90.0
 51
180.0
  0
ARC
  5
C23
330
1F
100
AcDbEntity
  8
0
370
     0
100
AcDbCircle
 10
181.7406433991266
 20
578.2953800771115
 30
0.0
 40
0.5
100
AcDbArc
 50
0.0
 51
90.0
  0
ARC
  5
C24
330
1F
100
AcDbEntity
  8
0
370
     0
100
AcDbCircle
 10
168.7406433991266
 20
565.2953800771115
 30
0.0
 40
0.5
100
AcDbArc
 50
180.0
 51
270.0
  0
ARC
  5
C25
330
1F
100
AcDbEntity
  8
0
370
     0
100
AcDbCircle
 10
181.7406433991266
 20
565.2953800771115
 30
0.0
 40
0.5
100
AcDbArc
 50
270.0
 51
0.0
  0
LINE
  5
C26
330
1F
100
AcDbEntity
  8
0
370
     0
100
AcDbLine
 10
160.3026433991265
 20
577.7953800771115
 30
0.0
 11
166.3026433991265
 21
577.7953800771115
 31
0.0
  0
LINE
  5
C27
330
1F
100
AcDbEntity
  8
0
370
     0
100
AcDbLine
 10
160.3026433991265
 20
562.7953800771115
 30
0.0
 11
166.3026433991265
 21
562.7953800771115
 31
0.0
  0
LINE
  5
C28
330
1F
100
AcDbEntity
  8
0
370
     0
100
AcDbLine
 10
159.8026433991265
 20
577.2953800771115
 30
0.0
 11
159.8026433991265
 21
563.2953800771115
 31
0.0
  0
LINE
  5
C29
330
1F
100
AcDbEntity
  8
0
370
     0
100
AcDbLine
 10
166.8026433991265
 20
577.2953800771115
 30
0.0
 11
166.8026433991265
 21
563.2953800771115
 31
0.0
  0
ARC
  5
C2A
330
1F
100
AcDbEntity
  8
0
370
     0
100
AcDbCircle
 10
160.3026433991265
 20
577.2953800771115
 30
0.0
 40
0.5
100
AcDbArc
 50
90.0
 51
180.0
  0
ARC
  5
C2B
330
1F
100
AcDbEntity
  8
0
370
     0
100
AcDbCircle
 10
166.3026433991265
 20
577.2953800771115
 30
0.0
 40
0.5
100
AcDbArc
 50
0.0
 51
90.0
  0
ARC
  5
C2C
330
1F
100
AcDbEntity
  8
0
370
     0
100
AcDbCircle
 10
160.3026433991265
 20
563.2953800771115
 30
0.0
 40
0.5
100
AcDbArc
 50
180.0
 51
270.0
  0
ARC
  5
C2D
330
1F
100
AcDbEntity
  8
0
370
     0
100
AcDbCircle
 10
166.3026433991265
 20
563.2953800771115
 30
0.0
 40
0.5
100
AcDbArc
 50
270.0
 51
0.0
  0
LINE
  5
C2E
330
1F
100
AcDbEntity
  8
0
370
     0
100
AcDbLine
 10
184.1786433991265
 20
577.7953800771115
 30
0.0
 11
190.1786433991265
 21
577.7953800771115
 31
0.0
  0
LINE
  5
C2F
330
1F
100
AcDbEntity
  8
0
370
     0
100
AcDbLine
 10
184.1786433991265
 20
562.7953800771115
 30
0.0
 11
190.1786433991265
 21
562.7953800771115
 31
0.0
  0
LINE
  5
C30
330
1F
100
AcDbEntity
  8
0
370
     0
100
AcDbLine
 10
183.6786433991266
 20
577.2953800771115
 30
0.0
 11
183.6786433991266
 21
563.2953800771115
 31
0.0
  0
LINE
  5
C31
330
1F
100
AcDbEntity
  8
0
370
     0
100
AcDbLine
 10
190.6786433991265
 20
577.2953800771115
 30
0.0
 11
190.6786433991265
 21
563.2953800771115
 31
0.0
  0
ARC
  5
C32
330
1F
100
AcDbEntity
  8
0
370
     0
100
AcDbCircle
 10
184.1786433991265
 20
577.2953800771115
 30
0.0
 40
0.5
100
AcDbArc
 50
90.0
 51
180.0
  0
ARC
  5
C33
330
1F
100
AcDbEntity
  8
0
370
     0
100
AcDbCircle
 10
190.1786433991265
 20
577.2953800771115
 30
0.0
 40
0.5
100
AcDbArc
 50
0.0
 51
90.0
  0
ARC
  5
C34
330
1F
100
AcDbEntity
  8
0
370
     0
100
AcDbCircle
 10
184.1786433991265
 20
563.2953800771115
 30
0.0
 40
0.5
100
AcDbArc
 50
180.0
 51
270.0
  0
ARC
  5
C35
330
1F
100
AcDbEntity
  8
0
370
     0
100
AcDbCircle
 10
190.1786433991265
 20
563.2953800771115
 30
0.0
 40
0.5
100
AcDbArc
 50
270.0
 51
0.0
  0
LINE
  5
C36
330
1F
100
AcDbEntity
  8
0
370
     0
100
AcDbLine
 10
199.6968933991265
 20
578.7953800771115
 30
0.0
 11
212.6968933991266
 21
578.7953800771115
 31
0.0
  0
LINE
  5
C37
330
1F
100
AcDbEntity
  8
0
370
     0
100
AcDbLine
 10
199.6968933991265
 20
564.7953800771115
 30
0.0
 11
212.6968933991266
 21
564.7953800771115
 31
0.0
  0
LINE
  5
C38
330
1F
100
AcDbEntity
  8
0
370
     0
100
AcDbLine
 10
199.1968933991265
 20
578.2953800771115
 30
0.0
 11
199.1968933991265
 21
565.2953800771115
 31
0.0
  0
LINE
  5
C39
330
1F
100
AcDbEntity
  8
0
370
     0
100
AcDbLine
 10
213.1968933991266
 20
578.2953800771115
 30
0.0
 11
213.1968933991266
 21
565.2953800771115
 31
0.0
  0
ARC
  5
C3A
330
1F
100
AcDbEntity
  8
0
370
     0
100
AcDbCircle
 10
199.6968933991265
 20
578.2953800771115
 30
0.0
 40
0.5
100
AcDbArc
 50
90.0
 51
180.0
  0
ARC
  5
C3B
330
1F
100
AcDbEntity
  8
0
370
     0
100
AcDbCircle
 10
212.6968933991266
 20
578.2953800771115
 30
0.0
 40
0.5
100
AcDbArc
 50
0.0
 51
90.0
  0
ARC
  5
C3C
330
1F
100
AcDbEntity
  8
0
370
     0
100
AcDbCircle
 10
199.6968933991265
 20
565.2953800771115
 30
0.0
 40
0.5
100
AcDbArc
 50
180.0
 51
270.0
  0
ARC
  5
C3D
330
1F
100
AcDbEntity
  8
0
370
     0
100
AcDbCircle
 10
212.6968933991266
 20
565.2953800771115
 30
0.0
 40
0.5
100
AcDbArc
 50
270.0
 51
0.0
  0
LINE
  5
C3E
330
1F
100
AcDbEntity
  8
0
370
     0
100
AcDbLine
 10
218.7468933991266
 20
578.7953800771115
 30
0.0
 11
231.7468933991266
 21
578.7953800771115
 31
0.0
  0
LINE
  5
C3F
330
1F
100
AcDbEntity
  8
0
370
     0
100
AcDbLine
 10
218.7468933991266
 20
564.7953800771115
 30
0.0
 11
231.7468933991266
 21
564.7953800771115
 31
0.0
  0
LINE
  5
C40
330
1F
100
AcDbEntity
  8
0
370
     0
100
AcDbLine
 10
218.2468933991266
 20
578.2953800771115
 30
0.0
 11
218.2468933991266
 21
565.2953800771115
 31
0.0
  0
LINE
  5
C41
330
1F
100
AcDbEntity
  8
0
370
     0
100
AcDbLine
 10
232.2468933991266
 20
578.2953800771115
 30
0.0
 11
232.2468933991266
 21
565.2953800771115
 31
0.0
  0
ARC
  5
C42
330
1F
100
AcDbEntity
  8
0
370
     0
100
AcDbCircle
 10
218.7468933991266
 20
578.2953800771115
 30
0.0
 40
0.5
100
AcDbArc
 50
90.0
 51
180.0
  0
ARC
  5
C43
330
1F
100
AcDbEntity
  8
0
370
     0
100
AcDbCircle
 10
231.7468933991266
 20
578.2953800771115
 30
0.0
 40
0.5
100
AcDbArc
 50
0.0
 51
90.0
  0
ARC
  5
C44
330
1F
100
AcDbEntity
  8
0
370
     0
100
AcDbCircle
 10
218.7468933991266
 20
565.2953800771115
 30
0.0
 40
0.5
100
AcDbArc
 50
180.0
 51
270.0
  0
ARC
  5
C45
330
1F
100
AcDbEntity
  8
0
370
     0
100
AcDbCircle
 10
231.7468933991266
 20
565.2953800771115
 30
0.0
 40
0.5
100
AcDbArc
 50
270.0
 51
0.0
  0
LINE
  5
C46
330
1F
100
AcDbEntity
  8
0
370
     0
100
AcDbLine
 10
237.7968933991266
 20
578.7953800771115
 30
0.0
 11
250.7968933991266
 21
578.7953800771115
 31
0.0
  0
LINE
  5
C47
330
1F
100
AcDbEntity
  8
0
370
     0
100
AcDbLine
 10
237.7968933991266
 20
564.7953800771115
 30
0.0
 11
250.7968933991266
 21
564.7953800771115
 31
0.0
  0
LINE
  5
C48
330
1F
100
AcDbEntity
  8
0
370
     0
100
AcDbLine
 10
237.2968933991266
 20
578.2953800771115
 30
0.0
 11
237.2968933991266
 21
565.2953800771115
 31
0.0
  0
LINE
  5
C49
330
1F
100
AcDbEntity
  8
0
370
     0
100
AcDbLine
 10
251.2968933991266
 20
578.2953800771115
 30
0.0
 11
251.2968933991266
 21
565.2953800771115
 31
0.0
  0
ARC
  5
C4A
330
1F
100
AcDbEntity
  8
0
370
     0
100
AcDbCircle
 10
237.7968933991266
 20
578.2953800771115
 30
0.0
 40
0.5
100
AcDbArc
 50
90.0
 51
180.0
  0
ARC
  5
C4B
330
1F
100
AcDbEntity
  8
0
370
     0
100
AcDbCircle
 10
250.7968933991266
 20
578.2953800771115
 30
0.0
 40
0.5
100
AcDbArc
 50
0.0
 51
90.0
  0
ARC
  5
C4C
330
1F
100
AcDbEntity
  8
0
370
     0
100
AcDbCircle
 10
237.7968933991266
 20
565.2953800771115
 30
0.0
 40
0.5
100
AcDbArc
 50
180.0
 51
270.0
  0
ARC
  5
C4D
330
1F
100
AcDbEntity
  8
0
370
     0
100
AcDbCircle
 10
250.7968933991266
 20
565.2953800771115
 30
0.0
 40
0.5
100
AcDbArc
 50
270.0
 51
0.0
  0
LINE
  5
C4E
330
1F
100
AcDbEntity
  8
0
370
     0
100
AcDbLine
 10
256.8468933991265
 20
578.7953800771115
 30
0.0
 11
269.8468933991265
 21
578.7953800771115
 31
0.0
  0
LINE
  5
C4F
330
1F
100
AcDbEntity
  8
0
370
     0
100
AcDbLine
 10
256.8468933991265
 20
564.7953800771115
 30
0.0
 11
269.8468933991265
 21
564.7953800771115
 31
0.0
  0
LINE
  5
C50
330
1F
100
AcDbEntity
  8
0
370
     0
100
AcDbLine
 10
256.3468933991265
 20
578.2953800771115
 30
0.0
 11
256.3468933991265
 21
565.2953800771115
 31
0.0
  0
LINE
  5
C51
330
1F
100
AcDbEntity
  8
0
370
     0
100
AcDbLine
 10
270.3468933991266
 20
578.2953800771115
 30
0.0
 11
270.3468933991266
 21
565.2953800771115
 31
0.0
  0
ARC
  5
C52
330
1F
100
AcDbEntity
  8
0
370
     0
100
AcDbCircle
 10
256.8468933991265
 20
578.2953800771115
 30
0.0
 40
0.5
100
AcDbArc
 50
90.0
 51
180.0
  0
ARC
  5
C53
330
1F
100
AcDbEntity
  8
0
370
     0
100
AcDbCircle
 10
269.8468933991265
 20
578.2953800771115
 30
0.0
 40
0.5
100
AcDbArc
 50
0.0
 51
90.0
  0
ARC
  5
C54
330
1F
100
AcDbEntity
  8
0
370
     0
100
AcDbCircle
 10
256.8468933991265
 20
565.2953800771115
 30
0.0
 40
0.5
100
AcDbArc
 50
180.0
 51
270.0
  0
ARC
  5
C55
330
1F
100
AcDbEntity
  8
0
370
     0
100
AcDbCircle
 10
269.8468933991265
 20
565.2953800771115
 30
0.0
 40
0.5
100
AcDbArc
 50
270.0
 51
0.0
  0
LINE
  5
C56
330
1F
100
AcDbEntity
  8
0
370
     0
100
AcDbLine
 10
275.8968933991266
 20
578.7953800771115
 30
0.0
 11
288.8968933991266
 21
578.7953800771115
 31
0.0
  0
LINE
  5
C57
330
1F
100
AcDbEntity
  8
0
370
     0
100
AcDbLine
 10
275.8968933991266
 20
564.7953800771115
 30
0.0
 11
288.8968933991266
 21
564.7953800771115
 31
0.0
  0
LINE
  5
C58
330
1F
100
AcDbEntity
  8
0
370
     0
100
AcDbLine
 10
275.3968933991266
 20
578.2953800771115
 30
0.0
 11
275.3968933991266
 21
565.2953800771115
 31
0.0
  0
LINE
  5
C59
330
1F
100
AcDbEntity
  8
0
370
     0
100
AcDbLine
 10
289.3968933991266
 20
578.2953800771115
 30
0.0
 11
289.3968933991266
 21
565.2953800771115
 31
0.0
  0
ARC
  5
C5A
330
1F
100
AcDbEntity
  8
0
370
     0
100
AcDbCircle
 10
275.8968933991266
 20
578.2953800771115
 30
0.0
 40
0.5
100
AcDbArc
 50
90.0
 51
180.0
  0
ARC
  5
C5B
330
1F
100
AcDbEntity
  8
0
370
     0
100
AcDbCircle
 10
288.8968933991266
 20
578.2953800771115
 30
0.0
 40
0.5
100
AcDbArc
 50
0.0
 51
90.0
  0
ARC
  5
C5C
330
1F
100
AcDbEntity
  8
0
370
     0
100
AcDbCircle
 10
275.8968933991266
 20
565.2953800771115
 30
0.0
 40
0.5
100
AcDbArc
 50
180.0
 51
270.0
  0
ARC
  5
C5D
330
1F
100
AcDbEntity
  8
0
370
     0
100
AcDbCircle
 10
288.8968933991266
 20
565.2953800771115
 30
0.0
 40
0.5
100
AcDbArc
 50
270.0
 51
0.0
  0
LINE
  5
C5E
330
1F
100
AcDbEntity
  8
0
370
     0
100
AcDbLine
 10
294.9468933991266
 20
578.7953800771115
 30
0.0
 11
307.9468933991265
 21
578.7953800771115
 31
0.0
  0
LINE
  5
C5F
330
1F
100
AcDbEntity
  8
0
370
     0
100
AcDbLine
 10
294.9468933991266
 20
564.7953800771115
 30
0.0
 11
307.9468933991265
 21
564.7953800771115
 31
0.0
  0
LINE
  5
C60
330
1F
100
AcDbEntity
  8
0
370
     0
100
AcDbLine
 10
294.4468933991266
 20
578.2953800771115
 30
0.0
 11
294.4468933991266
 21
565.2953800771115
 31
0.0
  0
LINE
  5
C61
330
1F
100
AcDbEntity
  8
0
370
     0
100
AcDbLine
 10
308.4468933991266
 20
578.2953800771115
 30
0.0
 11
308.4468933991266
 21
565.2953800771115
 31
0.0
  0
ARC
  5
C62
330
1F
100
AcDbEntity
  8
0
370
     0
100
AcDbCircle
 10
294.9468933991266
 20
578.2953800771115
 30
0.0
 40
0.5
100
AcDbArc
 50
90.0
 51
180.0
  0
ARC
  5
C63
330
1F
100
AcDbEntity
  8
0
370
     0
100
AcDbCircle
 10
307.9468933991265
 20
578.2953800771115
 30
0.0
 40
0.5
100
AcDbArc
 50
0.0
 51
90.0
  0
ARC
  5
C64
330
1F
100
AcDbEntity
  8
0
370
     0
100
AcDbCircle
 10
294.9468933991266
 20
565.2953800771115
 30
0.0
 40
0.5
100
AcDbArc
 50
180.0
 51
270.0
  0
ARC
  5
C65
330
1F
100
AcDbEntity
  8
0
370
     0
100
AcDbCircle
 10
307.9468933991265
 20
565.2953800771115
 30
0.0
 40
0.5
100
AcDbArc
 50
270.0
 51
0.0
  0
LINE
  5
C66
330
1F
100
AcDbEntity
  8
0
370
     0
100
AcDbLine
 10
313.9968933991266
 20
578.7953800771115
 30
0.0
 11
326.9968933991266
 21
578.7953800771115
 31
0.0
  0
LINE
  5
C67
330
1F
100
AcDbEntity
  8
0
370
     0
100
AcDbLine
 10
313.9968933991266
 20
564.7953800771115
 30
0.0
 11
326.9968933991266
 21
564.7953800771115
 31
0.0
  0
LINE
  5
C68
330
1F
100
AcDbEntity
  8
0
370
     0
100
AcDbLine
 10
313.4968933991266
 20
578.2953800771115
 30
0.0
 11
313.4968933991266
 21
565.2953800771115
 31
0.0
  0
LINE
  5
C69
330
1F
100
AcDbEntity
  8
0
370
     0
100
AcDbLine
 10
327.4968933991266
 20
578.2953800771115
 30
0.0
 11
327.4968933991266
 21
565.2953800771115
 31
0.0
  0
ARC
  5
C6A
330
1F
100
AcDbEntity
  8
0
370
     0
100
AcDbCircle
 10
313.9968933991266
 20
578.2953800771115
 30
0.0
 40
0.5
100
AcDbArc
 50
90.0
 51
180.0
  0
ARC
  5
C6B
330
1F
100
AcDbEntity
  8
0
370
     0
100
AcDbCircle
 10
326.9968933991266
 20
578.2953800771115
 30
0.0
 40
0.5
100
AcDbArc
 50
0.0
 51
90.0
  0
ARC
  5
C6C
330
1F
100
AcDbEntity
  8
0
370
     0
100
AcDbCircle
 10
313.9968933991266
 20
565.2953800771115
 30
0.0
 40
0.5
100
AcDbArc
 50
180.0
 51
270.0
  0
ARC
  5
C6D
330
1F
100
AcDbEntity
  8
0
370
     0
100
AcDbCircle
 10
326.9968933991266
 20
565.2953800771115
 30
0.0
 40
0.5
100
AcDbArc
 50
270.0
 51
0.0
  0
LINE
  5
C6E
330
1F
100
AcDbEntity
  8
0
370
     0
100
AcDbLine
 10
333.0468933991266
 20
578.7953800771115
 30
0.0
 11
346.0468933991266
 21
578.7953800771115
 31
0.0
  0
LINE
  5
C6F
330
1F
100
AcDbEntity
  8
0
370
     0
100
AcDbLine
 10
333.0468933991266
 20
564.7953800771115
 30
0.0
 11
346.0468933991266
 21
564.7953800771115
 31
0.0
  0
LINE
  5
C70
330
1F
100
AcDbEntity
  8
0
370
     0
100
AcDbLine
 10
332.5468933991266
 20
578.2953800771115
 30
0.0
 11
332.5468933991266
 21
565.2953800771115
 31
0.0
  0
LINE
  5
C71
330
1F
100
AcDbEntity
  8
0
370
     0
100
AcDbLine
 10
346.5468933991266
 20
578.2953800771115
 30
0.0
 11
346.5468933991266
 21
565.2953800771115
 31
0.0
  0
ARC
  5
C72
330
1F
100
AcDbEntity
  8
0
370
     0
100
AcDbCircle
 10
333.0468933991266
 20
578.2953800771115
 30
0.0
 40
0.5
100
AcDbArc
 50
90.0
 51
180.0
  0
ARC
  5
C73
330
1F
100
AcDbEntity
  8
0
370
     0
100
AcDbCircle
 10
346.0468933991266
 20
578.2953800771115
 30
0.0
 40
0.5
100
AcDbArc
 50
0.0
 51
90.0
  0
ARC
  5
C74
330
1F
100
AcDbEntity
  8
0
370
     0
100
AcDbCircle
 10
333.0468933991266
 20
565.2953800771115
 30
0.0
 40
0.5
100
AcDbArc
 50
180.0
 51
270.0
  0
ARC
  5
C75
330
1F
100
AcDbEntity
  8
0
370
     0
100
AcDbCircle
 10
346.0468933991266
 20
565.2953800771115
 30
0.0
 40
0.5
100
AcDbArc
 50
270.0
 51
0.0
  0
LINE
  5
C76
330
1F
100
AcDbEntity
  8
0
370
     0
100
AcDbLine
 10
352.0968933991265
 20
578.7953800771115
 30
0.0
 11
365.0968933991265
 21
578.7953800771115
 31
0.0
  0
LINE
  5
C77
330
1F
100
AcDbEntity
  8
0
370
     0
100
AcDbLine
 10
352.0968933991265
 20
564.7953800771115
 30
0.0
 11
365.0968933991265
 21
564.7953800771115
 31
0.0
  0
LINE
  5
C78
330
1F
100
AcDbEntity
  8
0
370
     0
100
AcDbLine
 10
351.5968933991266
 20
578.2953800771115
 30
0.0
 11
351.5968933991266
 21
565.2953800771115
 31
0.0
  0
LINE
  5
C79
330
1F
100
AcDbEntity
  8
0
370
     0
100
AcDbLine
 10
365.5968933991265
 20
578.2953800771115
 30
0.0
 11
365.5968933991265
 21
565.2953800771115
 31
0.0
  0
ARC
  5
C7A
330
1F
100
AcDbEntity
  8
0
370
     0
100
AcDbCircle
 10
352.0968933991265
 20
578.2953800771115
 30
0.0
 40
0.5
100
AcDbArc
 50
90.0
 51
180.0
  0
ARC
  5
C7B
330
1F
100
AcDbEntity
  8
0
370
     0
100
AcDbCircle
 10
365.0968933991265
 20
578.2953800771115
 30
0.0
 40
0.5
100
AcDbArc
 50
0.0
 51
90.0
  0
ARC
  5
C7C
330
1F
100
AcDbEntity
  8
0
370
     0
100
AcDbCircle
 10
352.0968933991265
 20
565.2953800771115
 30
0.0
 40
0.5
100
AcDbArc
 50
180.0
 51
270.0
  0
ARC
  5
C7D
330
1F
100
AcDbEntity
  8
0
370
     0
100
AcDbCircle
 10
365.0968933991265
 20
565.2953800771115
 30
0.0
 40
0.5
100
AcDbArc
 50
270.0
 51
0.0
  0
LINE
  5
C7E
330
1F
100
AcDbEntity
  8
0
370
     0
100
AcDbLine
 10
371.1468933991266
 20
578.7953800771115
 30
0.0
 11
384.1468933991266
 21
578.7953800771115
 31
0.0
  0
LINE
  5
C7F
330
1F
100
AcDbEntity
  8
0
370
     0
100
AcDbLine
 10
371.1468933991266
 20
564.7953800771115
 30
0.0
 11
384.1468933991266
 21
564.7953800771115
 31
0.0
  0
LINE
  5
C80
330
1F
100
AcDbEntity
  8
0
370
     0
100
AcDbLine
 10
370.6468933991266
 20
578.2953800771115
 30
0.0
 11
370.6468933991266
 21
565.2953800771115
 31
0.0
  0
LINE
  5
C81
330
1F
100
AcDbEntity
  8
0
370
     0
100
AcDbLine
 10
384.6468933991266
 20
578.2953800771115
 30
0.0
 11
384.6468933991266
 21
565.2953800771115
 31
0.0
  0
ARC
  5
C82
330
1F
100
AcDbEntity
  8
0
370
     0
100
AcDbCircle
 10
371.1468933991266
 20
578.2953800771115
 30
0.0
 40
0.5
100
AcDbArc
 50
90.0
 51
180.0
  0
ARC
  5
C83
330
1F
100
AcDbEntity
  8
0
370
     0
100
AcDbCircle
 10
384.1468933991266
 20
578.2953800771115
 30
0.0
 40
0.5
100
AcDbArc
 50
0.0
 51
90.0
  0
ARC
  5
C84
330
1F
100
AcDbEntity
  8
0
370
     0
100
AcDbCircle
 10
371.1468933991266
 20
565.2953800771115
 30
0.0
 40
0.5
100
AcDbArc
 50
180.0
 51
270.0
  0
ARC
  5
C85
330
1F
100
AcDbEntity
  8
0
370
     0
100
AcDbCircle
 10
384.1468933991266
 20
565.2953800771115
 30
0.0
 40
0.5
100
AcDbArc
 50
270.0
 51
0.0
  0
LINE
  5
C86
330
1F
100
AcDbEntity
  8
0
370
     0
100
AcDbLine
 10
397.3406433991266
 20
578.7953800771115
 30
0.0
 11
410.3406433991265
 21
578.7953800771115
 31
0.0
  0
LINE
  5
C87
330
1F
100
AcDbEntity
  8
0
370
     0
100
AcDbLine
 10
397.3406433991266
 20
564.7953800771115
 30
0.0
 11
410.3406433991265
 21
564.7953800771115
 31
0.0
  0
LINE
  5
C88
330
1F
100
AcDbEntity
  8
0
370
     0
100
AcDbLine
 10
396.8406433991266
 20
578.2953800771115
 30
0.0
 11
396.8406433991266
 21
565.2953800771115
 31
0.0
  0
LINE
  5
C89
330
1F
100
AcDbEntity
  8
0
370
     0
100
AcDbLine
 10
410.8406433991265
 20
578.2953800771115
 30
0.0
 11
410.8406433991265
 21
565.2953800771115
 31
0.0
  0
ARC
  5
C8A
330
1F
100
AcDbEntity
  8
0
370
     0
100
AcDbCircle
 10
397.3406433991266
 20
578.2953800771115
 30
0.0
 40
0.5
100
AcDbArc
 50
90.0
 51
180.0
  0
ARC
  5
C8B
330
1F
100
AcDbEntity
  8
0
370
     0
100
AcDbCircle
 10
410.3406433991265
 20
578.2953800771115
 30
0.0
 40
0.5
100
AcDbArc
 50
0.0
 51
90.0
  0
ARC
  5
C8C
330
1F
100
AcDbEntity
  8
0
370
     0
100
AcDbCircle
 10
397.3406433991266
 20
565.2953800771115
 30
0.0
 40
0.5
100
AcDbArc
 50
180.0
 51
270.0
  0
ARC
  5
C8D
330
1F
100
AcDbEntity
  8
0
370
     0
100
AcDbCircle
 10
410.3406433991265
 20
565.2953800771115
 30
0.0
 40
0.5
100
AcDbArc
 50
270.0
 51
0.0
  0
LINE
  5
C8E
330
1F
100
AcDbEntity
  8
0
370
     0
100
AcDbLine
 10
423.5343933991265
 20
578.7953800771115
 30
0.0
 11
436.5343933991265
 21
578.7953800771115
 31
0.0
  0
LINE
  5
C8F
330
1F
100
AcDbEntity
  8
0
370
     0
100
AcDbLine
 10
423.5343933991265
 20
564.7953800771115
 30
0.0
 11
436.5343933991265
 21
564.7953800771115
 31
0.0
  0
LINE
  5
C90
330
1F
100
AcDbEntity
  8
0
370
     0
100
AcDbLine
 10
423.0343933991266
 20
578.2953800771115
 30
0.0
 11
423.0343933991266
 21
565.2953800771115
 31
0.0
  0
LINE
  5
C91
330
1F
100
AcDbEntity
  8
0
370
     0
100
AcDbLine
 10
437.0343933991265
 20
578.2953800771115
 30
0.0
 11
437.0343933991265
 21
565.2953800771115
 31
0.0
  0
ARC
  5
C92
330
1F
100
AcDbEntity
  8
0
370
     0
100
AcDbCircle
 10
423.5343933991265
 20
578.2953800771115
 30
0.0
 40
0.5
100
AcDbArc
 50
90.0
 51
180.0
  0
ARC
  5
C93
330
1F
100
AcDbEntity
  8
0
370
     0
100
AcDbCircle
 10
436.5343933991265
 20
578.2953800771115
 30
0.0
 40
0.5
100
AcDbArc
 50
0.0
 51
90.0
  0
ARC
  5
C94
330
1F
100
AcDbEntity
  8
0
370
     0
100
AcDbCircle
 10
423.5343933991265
 20
565.2953800771115
 30
0.0
 40
0.5
100
AcDbArc
 50
180.0
 51
270.0
  0
ARC
  5
C95
330
1F
100
AcDbEntity
  8
0
370
     0
100
AcDbCircle
 10
436.5343933991265
 20
565.2953800771115
 30
0.0
 40
0.5
100
AcDbArc
 50
270.0
 51
0.0
  0
LINE
  5
C96
330
1F
100
AcDbEntity
  8
0
370
     0
100
AcDbLine
 10
442.5843933991266
 20
578.7953800771115
 30
0.0
 11
455.5843933991265
 21
578.7953800771115
 31
0.0
  0
LINE
  5
C97
330
1F
100
AcDbEntity
  8
0
370
     0
100
AcDbLine
 10
442.5843933991266
 20
564.7953800771115
 30
0.0
 11
455.5843933991265
 21
564.7953800771115
 31
0.0
  0
LINE
  5
C98
330
1F
100
AcDbEntity
  8
0
370
     0
100
AcDbLine
 10
442.0843933991265
 20
578.2953800771115
 30
0.0
 11
442.0843933991265
 21
565.2953800771115
 31
0.0
  0
LINE
  5
C99
330
1F
100
AcDbEntity
  8
0
370
     0
100
AcDbLine
 10
456.0843933991265
 20
578.2953800771115
 30
0.0
 11
456.0843933991265
 21
565.2953800771115
 31
0.0
  0
ARC
  5
C9A
330
1F
100
AcDbEntity
  8
0
370
     0
100
AcDbCircle
 10
442.5843933991266
 20
578.2953800771115
 30
0.0
 40
0.5
100
AcDbArc
 50
90.0
 51
180.0
  0
ARC
  5
C9B
330
1F
100
AcDbEntity
  8
0
370
     0
100
AcDbCircle
 10
455.5843933991265
 20
578.2953800771115
 30
0.0
 40
0.5
100
AcDbArc
 50
0.0
 51
90.0
  0
ARC
  5
C9C
330
1F
100
AcDbEntity
  8
0
370
     0
100
AcDbCircle
 10
442.5843933991266
 20
565.2953800771115
 30
0.0
 40
0.5
100
AcDbArc
 50
180.0
 51
270.0
  0
ARC
  5
C9D
330
1F
100
AcDbEntity
  8
0
370
     0
100
AcDbCircle
 10
455.5843933991265
 20
565.2953800771115
 30
0.0
 40
0.5
100
AcDbArc
 50
270.0
 51
0.0
  0
LINE
  5
CA6
330
1F
100
AcDbEntity
  8
0
370
     0
100
AcDbLine
 10
183.0281433991266
 20
559.7453800771115
 30
0.0
 11
198.4093933991266
 21
559.7453800771115
 31
0.0
  0
LINE
  5
CA7
330
1F
100
AcDbEntity
  8
0
370
     0
100
AcDbLine
 10
183.7343933991265
 20
545.7453800771114
 30
0.0
 11
198.4093933991266
 21
545.7453800771116
 31
0.0
  0
LINE
  5
CA8
330
1F
100
AcDbEntity
  8
0
370
     0
100
AcDbLine
 10
182.5281433991266
 20
559.2453800771115
 30
0.0
 11
182.5281433991266
 21
548.9453800771118
 31
0.0
  0
ARC
  5
CAA
330
1F
100
AcDbEntity
  8
0
370
     0
100
AcDbCircle
 10
183.0281433991266
 20
559.2453800771115
 30
0.0
 40
0.5
100
AcDbArc
 50
90.0
 51
180.0
  0
LINE
  5
CDE
330
1F
100
AcDbEntity
  8
0
370
     0
100
AcDbLine
 10
404.4843933991265
 20
559.7453800771115
 30
0.0
 11
417.4843933991265
 21
559.7453800771115
 31
0.0
  0
LINE
  5
CDF
330
1F
100
AcDbEntity
  8
0
370
     0
100
AcDbLine
 10
404.4843933991265
 20
545.7453800771116
 30
0.0
 11
417.4843933991265
 21
545.7453800771116
 31
0.0
  0
LINE
  5
CE0
330
1F
100
AcDbEntity
  8
0
370
     0
100
AcDbLine
 10
403.9843933991265
 20
559.2453800771115
 30
0.0
 11
403.9843933991265
 21
546.2453800771116
 31
0.0
  0
LINE
  5
CE1
330
1F
100
AcDbEntity
  8
0
370
     0
100
AcDbLine
 10
417.9843933991265
 20
559.2453800771115
 30
0.0
 11
417.9843933991265
 21
546.2453800771116
 31
0.0
  0
ARC
  5
CE2
330
1F
100
AcDbEntity
  8
0
370
     0
100
AcDbCircle
 10
404.4843933991265
 20
559.2453800771115
 30
0.0
 40
0.5
100
AcDbArc
 50
90.0
 51
180.0
  0
ARC
  5
CE3
330
1F
100
AcDbEntity
  8
0
370
     0
100
AcDbCircle
 10
417.4843933991265
 20
559.2453800771115
 30
0.0
 40
0.5
100
AcDbArc
 50
0.0
 51
90.0
  0
ARC
  5
CE4
330
1F
100
AcDbEntity
  8
0
370
     0
100
AcDbCircle
 10
404.4843933991265
 20
546.2453800771116
 30
0.0
 40
0.5
100
AcDbArc
 50
180.0
 51
270.0
  0
ARC
  5
CE5
330
1F
100
AcDbEntity
  8
0
370
     0
100
AcDbCircle
 10
417.4843933991265
 20
546.2453800771116
 30
0.0
 40
0.5
100
AcDbArc
 50
270.0
 51
0.0
  0
LINE
  5
CE6
330
1F
100
AcDbEntity
  8
0
370
     0
100
AcDbLine
 10
423.5343933991265
 20
559.7453800771115
 30
0.0
 11
436.5343933991265
 21
559.7453800771115
 31
0.0
  0
LINE
  5
CE7
330
1F
100
AcDbEntity
  8
0
370
     0
100
AcDbLine
 10
423.5343933991265
 20
545.7453800771116
 30
0.0
 11
436.5343933991265
 21
545.7453800771116
 31
0.0
  0
LINE
  5
CE8
330
1F
100
AcDbEntity
  8
0
370
     0
100
AcDbLine
 10
423.0343933991266
 20
559.2453800771115
 30
0.0
 11
423.0343933991266
 21
546.2453800771116
 31
0.0
  0
LINE
  5
CE9
330
1F
100
AcDbEntity
  8
0
370
     0
100
AcDbLine
 10
437.0343933991265
 20
559.2453800771115
 30
0.0
 11
437.0343933991265
 21
546.2453800771116
 31
0.0
  0
ARC
  5
CEA
330
1F
100
AcDbEntity
  8
0
370
     0
100
AcDbCircle
 10
423.5343933991265
 20
559.2453800771115
 30
0.0
 40
0.5
100
AcDbArc
 50
90.0
 51
180.0
  0
ARC
  5
CEB
330
1F
100
AcDbEntity
  8
0
370
     0
100
AcDbCircle
 10
436.5343933991265
 20
559.2453800771115
 30
0.0
 40
0.5
100
AcDbArc
 50
0.0
 51
90.0
  0
ARC
  5
CEC
330
1F
100
AcDbEntity
  8
0
370
     0
100
AcDbCircle
 10
423.5343933991265
 20
546.2453800771116
 30
0.0
 40
0.5
100
AcDbArc
 50
180.0
 51
270.0
  0
ARC
  5
CED
330
1F
100
AcDbEntity
  8
0
370
     0
100
AcDbCircle
 10
436.5343933991265
 20
546.2453800771116
 30
0.0
 40
0.5
100
AcDbArc
 50
270.0
 51
0.0
  0
LINE
  5
CEE
330
1F
100
AcDbEntity
  8
0
370
     0
100
AcDbLine
 10
442.5843933991266
 20
559.7453800771115
 30
0.0
 11
455.5843933991265
 21
559.7453800771115
 31
0.0
  0
LINE
  5
CEF
330
1F
100
AcDbEntity
  8
0
370
     0
100
AcDbLine
 10
442.5843933991266
 20
545.7453800771116
 30
0.0
 11
455.5843933991265
 21
545.7453800771116
 31
0.0
  0
LINE
  5
CF0
330
1F
100
AcDbEntity
  8
0
370
     0
100
AcDbLine
 10
442.0843933991265
 20
559.2453800771115
 30
0.0
 11
442.0843933991265
 21
546.2453800771116
 31
0.0
  0
LINE
  5
CF1
330
1F
100
AcDbEntity
  8
0
370
     0
100
AcDbLine
 10
456.0843933991265
 20
559.2453800771115
 30
0.0
 11
456.0843933991265
 21
546.2453800771116
 31
0.0
  0
ARC
  5
CF2
330
1F
100
AcDbEntity
  8
0
370
     0
100
AcDbCircle
 10
442.5843933991266
 20
559.2453800771115
 30
0.0
 40
0.5
100
AcDbArc
 50
90.0
 51
180.0
  0
ARC
  5
CF3
330
1F
100
AcDbEntity
  8
0
370
     0
100
AcDbCircle
 10
455.5843933991265
 20
559.2453800771115
 30
0.0
 40
0.5
100
AcDbArc
 50
0.0
 51
90.0
  0
ARC
  5
CF4
330
1F
100
AcDbEntity
  8
0
370
     0
100
AcDbCircle
 10
442.5843933991266
 20
546.2453800771116
 30
0.0
 40
0.5
100
AcDbArc
 50
180.0
 51
270.0
  0
ARC
  5
CF5
330
1F
100
AcDbEntity
  8
0
370
     0
100
AcDbCircle
 10
455.5843933991265
 20
546.2453800771116
 30
0.0
 40
0.5
100
AcDbArc
 50
270.0
 51
0.0
  0
LINE
  5
D0B
330
1F
100
AcDbEntity
  8
0
370
     0
100
AcDbLine
 10
170.3343933991266
 20
633.3453800771117
 30
0.0
 11
170.3343933991266
 21
622.4453800771116
 31
0.0
  0
LINE
  5
D0C
330
1F
100
AcDbEntity
  8
0
370
     0
100
AcDbLine
 10
175.3843933991265
 20
633.3453800771117
 30
0.0
 11
175.3843933991265
 21
622.4453800771116
 31
0.0
  0
LINE
  5
D10
330
1F
100
AcDbEntity
  8
0
370
     0
100
AcDbLine
 10
164.9343933991266
 20
643.4453800771116
 30
0.0
 11
151.7343933991266
 21
643.4453800771116
 31
0.0
  0
LINE
  5
D13
330
1F
100
AcDbEntity
  8
0
370
     0
100
AcDbLine
 10
151.7343933991265
 20
538.1453800771115
 30
0.0
 11
164.7343933991265
 21
538.1453800771115
 31
0.0
  0
LINE
  5
D15
330
1F
100
AcDbEntity
  8
0
370
     0
100
AcDbLine
 10
166.7343933991265
 20
540.1453800771115
 30
0.0
 11
166.7343933991265
 21
542.7453800771116
 31
0.0
  0
LINE
  5
D17
330
1F
100
AcDbEntity
  8
0
370
     0
100
AcDbLine
 10
182.7343933991265
 20
544.7453800771114
 30
0.0
 11
182.7343933991265
 21
540.1453800771115
 31
0.0
  0
LINE
  5
D18
330
1F
100
AcDbEntity
  8
0
370
     0
100
AcDbLine
 10
167.7343933991265
 20
543.7453800771116
 30
0.0
 11
174.8343933991265
 21
543.7453800771116
 31
0.0
  0
LINE
  5
D19
330
1F
100
AcDbEntity
  8
0
370
     0
100
AcDbLine
 10
175.8343933991265
 20
544.7453800771117
 30
0.0
 11
175.8343933991265
 21
546.4453800771116
 31
0.0
  0
LINE
  5
D1A
330
1F
100
AcDbEntity
  8
0
370
     0
100
AcDbLine
 10
177.8343933991265
 20
548.4453800771116
 30
0.0
 11
182.0281433991266
 21
548.4453800771118
 31
0.0
  0
LINE
  5
D1E
330
1F
100
AcDbEntity
  8
0
370
     0
100
AcDbLine
 10
255.4543933991265
 20
540.1453800771115
 30
0.0
 11
255.4543933991265
 21
542.7453800771116
 31
0.0
  0
LINE
  5
D27
330
1F
100
AcDbEntity
  8
0
370
     0
100
AcDbLine
 10
267.3543933991265
 20
542.7453800771116
 30
0.0
 11
267.3543933991266
 21
540.1453800771115
 31
0.0
  0
LINE
  5
D2D
330
1F
100
AcDbEntity
  8
0
370
     0
100
AcDbLine
 10
433.6543933991265
 20
540.1453800771115
 30
0.0
 11
433.6543933991264
 21
543.2453800771116
 31
0.0
  0
LINE
  5
D2E
330
1F
100
AcDbEntity
  8
0
370
     0
100
AcDbLine
 10
434.1543933991264
 20
543.7453800771116
 30
0.0
 11
445.0543933991265
 21
543.7453800771116
 31
0.0
  0
LINE
  5
D2F
330
1F
100
AcDbEntity
  8
0
370
     0
100
AcDbLine
 10
445.5543933991265
 20
543.2453800771116
 30
0.0
 11
445.5543933991265
 21
540.1453800771115
 31
0.0
  0
LINE
  5
D30
330
1F
100
AcDbEntity
  8
0
370
     0
100
AcDbLine
 10
447.5543933991265
 20
538.1453800771115
 30
0.0
 11
460.5543933991265
 21
538.1453800771115
 31
0.0
  0
LINE
  5
D33
330
1F
100
AcDbEntity
  8
0
370
     0
100
AcDbLine
 10
256.4543933991264
 20
543.7453800771116
 30
0.0
 11
257.7043933991266
 21
543.7453800771116
 31
0.0
  0
LINE
  5
D35
330
1F
100
AcDbEntity
  8
0
370
     0
100
AcDbLine
 10
258.7043933991266
 20
544.7453800771117
 30
0.0
 11
258.7043933991265
 21
545.4453800771116
 31
0.0
  0
LINE
  5
D36
330
1F
100
AcDbEntity
  8
0
370
     0
100
AcDbLine
 10
261.3043933991265
 20
548.0453800771116
 30
0.0
 11
261.5043933991265
 21
548.0453800771116
 31
0.0
  0
LINE
  5
D37
330
1F
100
AcDbEntity
  8
0
370
     0
100
AcDbLine
 10
264.1043933991265
 20
545.4453800771116
 30
0.0
 11
264.1043933991265
 21
544.7453800771117
 31
0.0
  0
LINE
  5
D38
330
1F
100
AcDbEntity
  8
0
370
     0
100
AcDbLine
 10
265.1043933991265
 20
543.7453800771116
 30
0.0
 11
266.3543933991265
 21
543.7453800771116
 31
0.0
  0
ARC
  5
D5C
330
1F
100
AcDbEntity
  8
0
370
     0
100
AcDbCircle
 10
253.4543933991265
 20
540.1453800771115
 30
0.0
 40
2.0
100
AcDbArc
 50
270.0
 51
0.0
  0
ARC
  5
D5F
330
1F
100
AcDbEntity
  8
0
370
     0
100
AcDbCircle
 10
269.3543933991266
 20
540.1453800771115
 30
0.0
 40
2.0
100
AcDbArc
 50
180.0000000000006
 51
270.0
  0
ARC
  5
D60
330
1F
100
AcDbEntity
  8
0
370
     0
100
AcDbCircle
 10
266.3543933991265
 20
542.7453800771116
 30
0.0
 40
1.0
100
AcDbArc
 50
0.000000000000916
 51
90.0
  0
ARC
  5
D61
330
1F
100
AcDbEntity
  8
0
370
     0
100
AcDbCircle
 10
256.4543933991264
 20
542.7453800771116
 30
0.0
 40
1.0
100
AcDbArc
 50
90.0
 51
179.9999999999995
  0
ARC
  5
D62
330
1F
100
AcDbEntity
  8
0
370
     0
100
AcDbCircle
 10
257.7043933991266
 20
544.7453800771117
 30
0.0
 40
1.0
100
AcDbArc
 50
270.0
 51
0.0
  0
ARC
  5
D63
330
1F
100
AcDbEntity
  8
0
370
     0
100
AcDbCircle
 10
265.1043933991265
 20
544.7453800771117
 30
0.0
 40
1.0
100
AcDbArc
 50
180.0000000000007
 51
270.0
  0
ARC
  5
D64
330
1F
100
AcDbEntity
  8
0
370
     0
100
AcDbCircle
 10
261.5043933991265
 20
545.4453800771116
 30
0.0
 40
2.6
100
AcDbArc
 50
0.0000000000009669
 51
90.0
  0
ARC
  5
D65
330
1F
100
AcDbEntity
  8
0
370
     0
100
AcDbCircle
 10
261.3043933991265
 20
545.4453800771116
 30
0.0
 40
2.6
100
AcDbArc
 50
90.0
 51
180.0000000000009
  0
ARC
  5
D66
330
1F
100
AcDbEntity
  8
0
370
     0
100
AcDbCircle
 10
349.7543933991266
 20
540.1453800771115
 30
0.0
 40
2.0
100
AcDbArc
 50
180.0
 51
270.0
  0
ARC
  5
D67
330
1F
100
AcDbEntity
  8
0
370
     0
100
AcDbCircle
 10
333.8543933991266
 20
540.1453800771115
 30
0.0
 40
2.0
100
AcDbArc
 50
270.0
 51
0.0000000000005725
  0
LINE
  5
D68
330
1F
100
AcDbEntity
  8
0
370
     0
100
AcDbLine
 10
335.8543933991266
 20
540.1453800771115
 30
0.0
 11
335.8543933991265
 21
542.7453800771116
 31
0.0
  0
ARC
  5
D69
330
1F
100
AcDbEntity
  8
0
370
     0
100
AcDbCircle
 10
336.8543933991265
 20
542.7453800771116
 30
0.0
 40
1.0
100
AcDbArc
 50
90.0
 51
179.9999999999995
  0
LINE
  5
D6A
330
1F
100
AcDbEntity
  8
0
370
     0
100
AcDbLine
 10
347.7543933991266
 20
542.7453800771116
 30
0.0
 11
347.7543933991267
 21
540.1453800771115
 31
0.0
  0
LINE
  5
D6B
330
1F
100
AcDbEntity
  8
0
370
     0
100
AcDbLine
 10
336.8543933991265
 20
543.7453800771116
 30
0.0
 11
338.1043933991267
 21
543.7453800771116
 31
0.0
  0
LINE
  5
D6C
330
1F
100
AcDbEntity
  8
0
370
     0
100
AcDbLine
 10
339.1043933991267
 20
544.7453800771117
 30
0.0
 11
339.1043933991266
 21
545.4453800771116
 31
0.0
  0
ARC
  5
D6D
330
1F
100
AcDbEntity
  8
0
370
     0
100
AcDbCircle
 10
341.7043933991266
 20
545.4453800771116
 30
0.0
 40
2.6
100
AcDbArc
 50
90.0
 51
180.0000000000009
  0
ARC
  5
D6E
330
1F
100
AcDbEntity
  8
0
370
     0
100
AcDbCircle
 10
338.1043933991267
 20
544.7453800771117
 30
0.0
 40
1.0
100
AcDbArc
 50
270.0
 51
0.0
  0
LINE
  5
D6F
330
1F
100
AcDbEntity
  8
0
370
     0
100
AcDbLine
 10
341.7043933991266
 20
548.0453800771116
 30
0.0
 11
341.9043933991265
 21
548.0453800771116
 31
0.0
  0
LINE
  5
D70
330
1F
100
AcDbEntity
  8
0
370
     0
100
AcDbLine
 10
344.5043933991266
 20
545.4453800771116
 30
0.0
 11
344.5043933991266
 21
544.7453800771117
 31
0.0
  0
ARC
  5
D71
330
1F
100
AcDbEntity
  8
0
370
     0
100
AcDbCircle
 10
341.9043933991265
 20
545.4453800771116
 30
0.0
 40
2.6
100
AcDbArc
 50
0.0000000000009669
 51
90.0
  0
LINE
  5
D72
330
1F
100
AcDbEntity
  8
0
370
     0
100
AcDbLine
 10
345.5043933991266
 20
543.7453800771116
 30
0.0
 11
346.7543933991266
 21
543.7453800771116
 31
0.0
  0
ARC
  5
D73
330
1F
100
AcDbEntity
  8
0
370
     0
100
AcDbCircle
 10
345.5043933991266
 20
544.7453800771117
 30
0.0
 40
1.0
100
AcDbArc
 50
180.0000000000007
 51
270.0
  0
ARC
  5
D74
330
1F
100
AcDbEntity
  8
0
370
     0
100
AcDbCircle
 10
346.7543933991266
 20
542.7453800771116
 30
0.0
 40
1.0
100
AcDbArc
 50
0.000000000000916
 51
90.0
  0
ARC
  5
D75
330
1F
100
AcDbEntity
  8
0
370
     0
100
AcDbCircle
 10
164.7343933991265
 20
540.1453800771115
 30
0.0
 40
2.0
100
AcDbArc
 50
270.0
 51
0.0000000000002926
  0
ARC
  5
D76
330
1F
100
AcDbEntity
  8
0
370
     0
100
AcDbCircle
 10
184.7343933991265
 20
540.1453800771115
 30
0.0
 40
2.0
100
AcDbArc
 50
180.0
 51
270.0
  0
ARC
  5
D77
330
1F
100
AcDbEntity
  8
0
370
     0
100
AcDbCircle
 10
177.8343933991265
 20
546.4453800771116
 30
0.0
 40
2.0
100
AcDbArc
 50
90.0
 51
180.0
  0
ARC
  5
D79
330
1F
100
AcDbEntity
  8
0
370
     0
100
AcDbCircle
 10
182.0281433991266
 20
548.9453800771118
 30
0.0
 40
0.5
100
AcDbArc
 50
270.0000000000014
 51
0.0000000000001527
  0
ARC
  5
D7A
330
1F
100
AcDbEntity
  8
0
370
     0
100
AcDbCircle
 10
174.8343933991265
 20
544.7453800771117
 30
0.0
 40
1.0
100
AcDbArc
 50
270.0
 51
359.9999999999994
  0
ARC
  5
D7B
330
1F
100
AcDbEntity
  8
0
370
     0
100
AcDbCircle
 10
167.7343933991265
 20
542.7453800771116
 30
0.0
 40
1.0
100
AcDbArc
 50
90.0
 51
180.0000000000004
  0
ARC
  5
D7C
330
1F
100
AcDbEntity
  8
0
370
     0
100
AcDbCircle
 10
183.7343933991265
 20
544.7453800771114
 30
0.0
 40
1.0
100
AcDbArc
 50
90.00000000000049
 51
180.0000000000006
  0
ARC
  5
D7D
330
1F
100
AcDbEntity
  8
0
370
     0
100
AcDbCircle
 10
447.5543933991265
 20
540.1453800771115
 30
0.0
 40
2.0
100
AcDbArc
 50
180.0
 51
270.0
  0
ARC
  5
D7E
330
1F
100
AcDbEntity
  8
0
370
     0
100
AcDbCircle
 10
431.6543933991265
 20
540.1453800771115
 30
0.0
 40
2.0
100
AcDbArc
 50
270.0
 51
0.0000000000005725
  0
ARC
  5
D7F
330
1F
100
AcDbEntity
  8
0
370
     0
100
AcDbCircle
 10
434.1543933991264
 20
543.2453800771116
 30
0.0
 40
0.5
100
AcDbArc
 50
90.0
 51
180.0000000000009
  0
ARC
  5
D80
330
1F
100
AcDbEntity
  8
0
370
     0
100
AcDbCircle
 10
445.0543933991265
 20
543.2453800771116
 30
0.0
 40
0.5
100
AcDbArc
 50
0.0
 51
90.0
  0
LINE
  5
D97
330
1F
100
AcDbEntity
  8
0
370
     0
100
AcDbLine
 10
178.8343933991267
 20
641.4453800771116
 30
0.0
 11
178.8343933991267
 21
638.8453800771115
 31
0.0
  0
ARC
  5
D98
330
1F
100
AcDbEntity
  8
0
370
     0
100
AcDbCircle
 10
177.8343933991267
 20
638.8453800771115
 30
0.0
 40
1.0
100
AcDbArc
 50
270.0
 51
0.0
  0
ARC
  5
D99
330
1F
100
AcDbEntity
  8
0
370
     0
100
AcDbCircle
 10
180.8343933991267
 20
641.4453800771116
 30
0.0
 40
2.0
100
AcDbArc
 50
90.0
 51
180.0
  0
LINE
  5
D9A
330
1F
100
AcDbEntity
  8
0
370
     0
100
AcDbLine
 10
262.2343933991267
 20
638.8453800771131
 30
0.0
 11
262.2343933991267
 21
641.4453800771132
 31
0.0
  0
ARC
  5
D9B
330
1F
100
AcDbEntity
  8
0
370
     0
100
AcDbCircle
 10
260.2343933991267
 20
641.4453800771132
 30
0.0
 40
2.0
100
AcDbArc
 50
0.0
 51
90.0
  0
LINE
  5
D9C
330
1F
100
AcDbEntity
  8
0
370
     0
100
AcDbLine
 10
177.8343933991267
 20
637.8453800771114
 30
0.0
 11
176.5843933991266
 21
637.8453800771114
 31
0.0
  0
LINE
  5
D9D
330
1F
100
AcDbEntity
  8
0
370
     0
100
AcDbLine
 10
175.5843933991266
 20
636.8453800771114
 30
0.0
 11
175.5843933991267
 21
635.9453800771111
 31
0.0
  0
ARC
  5
D9E
330
1F
100
AcDbEntity
  8
0
370
     0
100
AcDbCircle
 10
173.0352462341152
 20
634.1332658830728
 30
0.0
 40
2.477752297166964
100
AcDbArc
 50
268.8239916419397
 51
341.4589451693921
  0
ARC
  5
D9F
330
1F
100
AcDbEntity
  8
0
370
     0
100
AcDbCircle
 10
176.5843933991266
 20
636.8453800771114
 30
0.0
 40
1.0
100
AcDbArc
 50
90.0
 51
180.0
  0
LINE
  5
DA0
330
1F
100
AcDbEntity
  8
0
370
     0
100
AcDbLine
 10
172.9843933991267
 20
631.6560354869872
 30
0.0
 11
172.7843933991267
 21
631.6560354869872
 31
0.0
  0
LINE
  5
DA1
330
1F
100
AcDbEntity
  8
0
370
     0
100
AcDbLine
 10
265.4843933991268
 20
635.9453800771134
 30
0.0
 11
265.4843933991267
 21
636.845380077113
 31
0.0
  0
ARC
  5
DA2
330
1F
100
AcDbEntity
  8
0
370
     0
100
AcDbCircle
 10
172.784393399127
 20
634.2560354869877
 30
0.0
 40
2.60000000000038
100
AcDbArc
 50
199.557213735419
 51
269.9999999999938
  0
LINE
  5
DA3
330
1F
100
AcDbEntity
  8
0
370
     0
100
AcDbLine
 10
264.4843933991267
 20
637.845380077113
 30
0.0
 11
263.2343933991267
 21
637.845380077113
 31
0.0
  0
ARC
  5
DA4
330
1F
100
AcDbEntity
  8
0
370
     0
100
AcDbCircle
 10
264.4843933991267
 20
636.845380077113
 30
0.0
 40
1.0
100
AcDbArc
 50
0.0
 51
90.0
  0
ARC
  5
DA5
330
1F
100
AcDbEntity
  8
0
370
     0
100
AcDbCircle
 10
263.2343933991267
 20
638.8453800771131
 30
0.0
 40
1.0
100
AcDbArc
 50
180.0
 51
270.0
  0
ARC
  5
DA7
330
1F
100
AcDbEntity
  8
0
370
     0
100
AcDbCircle
 10
260.2343933991267
 20
641.4453800771132
 30
0.0
 40
2.0
100
AcDbArc
 50
0.0
 51
90.0
  0
LINE
  5
DA9
330
1F
100
AcDbEntity
  8
0
370
     0
100
AcDbLine
 10
166.9343933991266
 20
635.9453800771116
 30
0.0
 11
170.1843933991267
 21
635.9453800771118
 31
0.0
  0
LINE
  5
DAB
330
1F
100
AcDbEntity
  8
0
370
     0
100
AcDbLine
 10
166.9343933991266
 20
638.8453800771115
 30
0.0
 11
166.9343933991266
 21
641.4453800771116
 31
0.0
  0
ARC
  5
DAC
330
1F
100
AcDbEntity
  8
0
370
     0
100
AcDbCircle
 10
164.9343933991266
 20
641.4453800771116
 30
0.0
 40
2.0
100
AcDbArc
 50
0.0
 51
90.0
  0
LINE
  5
DAD
330
1F
100
AcDbEntity
  8
0
370
     0
100
AcDbLine
 10
170.1843933991267
 20
635.9453800771118
 30
0.0
 11
170.1843933991266
 21
636.8453800771114
 31
0.0
  0
LINE
  5
DAE
330
1F
100
AcDbEntity
  8
0
370
     0
100
AcDbLine
 10
169.1843933991266
 20
637.8453800771114
 30
0.0
 11
167.9343933991266
 21
637.8453800771114
 31
0.0
  0
ARC
  5
DAF
330
1F
100
AcDbEntity
  8
0
370
     0
100
AcDbCircle
 10
169.1843933991266
 20
636.8453800771114
 30
0.0
 40
1.0
100
AcDbArc
 50
0.0
 51
90.0
  0
ARC
  5
DB0
330
1F
100
AcDbEntity
  8
0
370
     0
100
AcDbCircle
 10
167.9343933991266
 20
638.8453800771115
 30
0.0
 40
1.0
100
AcDbArc
 50
180.0
 51
270.0
  0
ARC
  5
DB1
330
1F
100
AcDbEntity
  8
0
370
     0
100
AcDbCircle
 10
164.9343933991266
 20
641.4453800771116
 30
0.0
 40
2.0
100
AcDbArc
 50
0.0
 51
90.0
  0
LINE
  5
DB2
330
1F
100
AcDbEntity
  8
0
370
     0
100
AcDbLine
 10
252.1343933991266
 20
635.9453800771132
 30
0.0
 11
262.2343933991267
 21
635.9453800771132
 31
0.0
  0
LINE
  5
DB3
330
1F
100
AcDbEntity
  8
0
370
     0
100
AcDbLine
 10
252.1343933991266
 20
621.9453800771132
 30
0.0
 11
265.1343933991267
 21
621.9453800771132
 31
0.0
  0
LINE
  5
DB4
330
1F
100
AcDbEntity
  8
0
370
     0
100
AcDbLine
 10
251.6343933991266
 20
635.4453800771132
 30
0.0
 11
251.6343933991266
 21
622.4453800771132
 31
0.0
  0
ARC
  5
DB5
330
1F
100
AcDbEntity
  8
0
370
     0
100
AcDbCircle
 10
252.1343933991266
 20
635.4453800771132
 30
0.0
 40
0.5
100
AcDbArc
 50
90.0
 51
180.0
  0
ARC
  5
DB6
330
1F
100
AcDbEntity
  8
0
370
     0
100
AcDbCircle
 10
252.1343933991266
 20
622.4453800771132
 30
0.0
 40
0.5
100
AcDbArc
 50
180.0
 51
270.0
  0
ARC
  5
DB7
330
1F
100
AcDbEntity
  8
0
370
     0
100
AcDbCircle
 10
265.1343933991267
 20
622.4453800771132
 30
0.0
 40
0.5
100
AcDbArc
 50
270.0
 51
0.0
  0
LINE
  5
DB8
330
1F
100
AcDbEntity
  8
0
370
     0
100
AcDbLine
 10
270.8843933991268
 20
635.9453800771127
 30
0.0
 11
284.1843933991266
 21
635.9453800771132
 31
0.0
  0
LINE
  5
DB9
330
1F
100
AcDbEntity
  8
0
370
     0
100
AcDbLine
 10
271.1843933991266
 20
621.9453800771132
 30
0.0
 11
284.1843933991266
 21
621.9453800771132
 31
0.0
  0
LINE
  5
DBA
330
1F
100
AcDbEntity
  8
0
370
     0
100
AcDbLine
 10
284.6843933991266
 20
635.4453800771132
 30
0.0
 11
284.6843933991266
 21
622.4453800771132
 31
0.0
  0
ARC
  5
DBB
330
1F
100
AcDbEntity
  8
0
370
     0
100
AcDbCircle
 10
284.1843933991266
 20
635.4453800771132
 30
0.0
 40
0.5
100
AcDbArc
 50
0.0
 51
90.0
  0
ARC
  5
DBC
330
1F
100
AcDbEntity
  8
0
370
     0
100
AcDbCircle
 10
271.1843933991266
 20
622.4453800771132
 30
0.0
 40
0.5
100
AcDbArc
 50
180.0
 51
270.0
  0
ARC
  5
DBD
330
1F
100
AcDbEntity
  8
0
370
     0
100
AcDbCircle
 10
284.1843933991266
 20
622.4453800771132
 30
0.0
 40
0.5
100
AcDbArc
 50
270.0
 51
0.0
  0
LINE
  5
DBE
330
1F
100
AcDbEntity
  8
0
370
     0
100
AcDbLine
 10
265.6343933991267
 20
633.3453800771133
 30
0.0
 11
265.6343933991267
 21
622.4453800771132
 31
0.0
  0
LINE
  5
DBF
330
1F
100
AcDbEntity
  8
0
370
     0
100
AcDbLine
 10
270.6843933991266
 20
633.3453800771133
 30
0.0
 11
270.6843933991266
 21
622.4453800771132
 31
0.0
  0
LINE
  5
DC0
330
1F
100
AcDbEntity
  8
0
370
     0
100
AcDbLine
 10
274.1343933991268
 20
641.4453800771132
 30
0.0
 11
274.1343933991268
 21
638.8453800771131
 31
0.0
  0
ARC
  5
DC1
330
1F
100
AcDbEntity
  8
0
370
     0
100
AcDbCircle
 10
273.1343933991268
 20
638.8453800771131
 30
0.0
 40
1.0
100
AcDbArc
 50
270.0
 51
0.0
  0
ARC
  5
DC2
330
1F
100
AcDbEntity
  8
0
370
     0
100
AcDbCircle
 10
276.1343933991268
 20
641.4453800771132
 30
0.0
 40
2.0
100
AcDbArc
 50
90.0
 51
180.0
  0
LINE
  5
DC3
330
1F
100
AcDbEntity
  8
0
370
     0
100
AcDbLine
 10
273.1343933991268
 20
637.845380077113
 30
0.0
 11
271.8843933991267
 21
637.845380077113
 31
0.0
  0
LINE
  5
DC4
330
1F
100
AcDbEntity
  8
0
370
     0
100
AcDbLine
 10
270.8843933991267
 20
636.845380077113
 30
0.0
 11
270.8843933991268
 21
635.9453800771127
 31
0.0
  0
ARC
  5
DC5
330
1F
100
AcDbEntity
  8
0
370
     0
100
AcDbCircle
 10
268.3352462341153
 20
634.1332658830744
 30
0.0
 40
2.477752297166964
100
AcDbArc
 50
268.8239916419399
 51
341.4589451693922
  0
ARC
  5
DC6
330
1F
100
AcDbEntity
  8
0
370
     0
100
AcDbCircle
 10
271.8843933991267
 20
636.845380077113
 30
0.0
 40
1.0
100
AcDbArc
 50
90.0
 51
180.0
  0
LINE
  5
DC7
330
1F
100
AcDbEntity
  8
0
370
     0
100
AcDbLine
 10
268.2843933991268
 20
631.6560354869888
 30
0.0
 11
268.0843933991269
 21
631.6560354869888
 31
0.0
  0
ARC
  5
DC8
330
1F
100
AcDbEntity
  8
0
370
     0
100
AcDbCircle
 10
268.0843933991271
 20
634.2560354869893
 30
0.0
 40
2.60000000000038
100
AcDbArc
 50
199.557213735419
 51
269.9999999999935
  0
LINE
  5
DC9
330
1F
100
AcDbEntity
  8
0
370
     0
100
AcDbLine
 10
262.2343933991267
 20
635.9453800771132
 30
0.0
 11
265.4843933991268
 21
635.9453800771134
 31
0.0
  0
LINE
  5
DCA
330
1F
100
AcDbEntity
  8
0
370
     0
100
AcDbLine
 10
338.3843933991266
 20
638.8453800771131
 30
0.0
 11
338.3843933991266
 21
641.4453800771132
 31
0.0
  0
ARC
  5
DCB
330
1F
100
AcDbEntity
  8
0
370
     0
100
AcDbCircle
 10
336.3843933991266
 20
641.4453800771132
 30
0.0
 40
2.0
100
AcDbArc
 50
0.0
 51
90.0
  0
LINE
  5
DCC
330
1F
100
AcDbEntity
  8
0
370
     0
100
AcDbLine
 10
341.6343933991267
 20
635.9453800771134
 30
0.0
 11
341.6343933991266
 21
636.845380077113
 31
0.0
  0
LINE
  5
DCD
330
1F
100
AcDbEntity
  8
0
370
     0
100
AcDbLine
 10
340.6343933991266
 20
637.845380077113
 30
0.0
 11
339.3843933991266
 21
637.845380077113
 31
0.0
  0
ARC
  5
DCE
330
1F
100
AcDbEntity
  8
0
370
     0
100
AcDbCircle
 10
340.6343933991266
 20
636.845380077113
 30
0.0
 40
1.0
100
AcDbArc
 50
0.0
 51
90.0
  0
ARC
  5
DCF
330
1F
100
AcDbEntity
  8
0
370
     0
100
AcDbCircle
 10
339.3843933991266
 20
638.8453800771131
 30
0.0
 40
1.0
100
AcDbArc
 50
180.0
 51
270.0
  0
ARC
  5
DD0
330
1F
100
AcDbEntity
  8
0
370
     0
100
AcDbCircle
 10
336.3843933991266
 20
641.4453800771132
 30
0.0
 40
2.0
100
AcDbArc
 50
0.0
 51
90.0
  0
LINE
  5
DD1
330
1F
100
AcDbEntity
  8
0
370
     0
100
AcDbLine
 10
328.2843933991265
 20
635.9453800771132
 30
0.0
 11
338.3843933991266
 21
635.9453800771132
 31
0.0
  0
LINE
  5
DD2
330
1F
100
AcDbEntity
  8
0
370
     0
100
AcDbLine
 10
347.0343933991267
 20
635.9453800771127
 30
0.0
 11
360.3343933991265
 21
635.9453800771132
 31
0.0
  0
LINE
  5
DD3
330
1F
100
AcDbEntity
  8
0
370
     0
100
AcDbLine
 10
341.7843933991266
 20
633.3453800771133
 30
0.0
 11
341.7843933991266
 21
622.4453800771132
 31
0.0
  0
LINE
  5
DD4
330
1F
100
AcDbEntity
  8
0
370
     0
100
AcDbLine
 10
346.8343933991265
 20
633.3453800771133
 30
0.0
 11
346.8343933991265
 21
622.4453800771132
 31
0.0
  0
LINE
  5
DD5
330
1F
100
AcDbEntity
  8
0
370
     0
100
AcDbLine
 10
350.2843933991266
 20
641.4453800771132
 30
0.0
 11
350.2843933991266
 21
638.8453800771131
 31
0.0
  0
ARC
  5
DD6
330
1F
100
AcDbEntity
  8
0
370
     0
100
AcDbCircle
 10
349.2843933991267
 20
638.8453800771131
 30
0.0
 40
1.0
100
AcDbArc
 50
270.0
 51
0.0
  0
ARC
  5
DD7
330
1F
100
AcDbEntity
  8
0
370
     0
100
AcDbCircle
 10
352.2843933991266
 20
641.4453800771132
 30
0.0
 40
2.0
100
AcDbArc
 50
90.0
 51
180.0
  0
LINE
  5
DD8
330
1F
100
AcDbEntity
  8
0
370
     0
100
AcDbLine
 10
349.2843933991267
 20
637.845380077113
 30
0.0
 11
348.0343933991266
 21
637.845380077113
 31
0.0
  0
LINE
  5
DD9
330
1F
100
AcDbEntity
  8
0
370
     0
100
AcDbLine
 10
347.0343933991265
 20
636.845380077113
 30
0.0
 11
347.0343933991267
 21
635.9453800771127
 31
0.0
  0
ARC
  5
DDA
330
1F
100
AcDbEntity
  8
0
370
     0
100
AcDbCircle
 10
344.4852462341152
 20
634.1332658830744
 30
0.0
 40
2.477752297166964
100
AcDbArc
 50
268.8239916419399
 51
341.4589451693922
  0
ARC
  5
DDB
330
1F
100
AcDbEntity
  8
0
370
     0
100
AcDbCircle
 10
348.0343933991266
 20
636.845380077113
 30
0.0
 40
1.0
100
AcDbArc
 50
90.0
 51
180.0
  0
LINE
  5
DDC
330
1F
100
AcDbEntity
  8
0
370
     0
100
AcDbLine
 10
344.4343933991266
 20
631.6560354869888
 30
0.0
 11
344.2343933991267
 21
631.6560354869888
 31
0.0
  0
ARC
  5
DDD
330
1F
100
AcDbEntity
  8
0
370
     0
100
AcDbCircle
 10
344.2343933991269
 20
634.2560354869893
 30
0.0
 40
2.60000000000038
100
AcDbArc
 50
199.5572137354191
 51
269.9999999999935
  0
LINE
  5
DDE
330
1F
100
AcDbEntity
  8
0
370
     0
100
AcDbLine
 10
338.3843933991266
 20
635.9453800771132
 30
0.0
 11
341.6343933991267
 21
635.9453800771134
 31
0.0
  0
LINE
  5
DFB
330
1F
100
AcDbEntity
  8
0
370
     0
100
AcDbLine
 10
433.6343933991266
 20
638.8453800771115
 30
0.0
 11
433.6343933991266
 21
641.4453800771116
 31
0.0
  0
ARC
  5
DFC
330
1F
100
AcDbEntity
  8
0
370
     0
100
AcDbCircle
 10
431.6343933991267
 20
641.4453800771116
 30
0.0
 40
2.0
100
AcDbArc
 50
0.0
 51
90.0
  0
LINE
  5
DFD
330
1F
100
AcDbEntity
  8
0
370
     0
100
AcDbLine
 10
436.8843933991268
 20
635.9453800771118
 30
0.0
 11
436.8843933991266
 21
636.8453800771114
 31
0.0
  0
LINE
  5
DFE
330
1F
100
AcDbEntity
  8
0
370
     0
100
AcDbLine
 10
435.8843933991266
 20
637.8453800771114
 30
0.0
 11
434.6343933991266
 21
637.8453800771114
 31
0.0
  0
ARC
  5
DFF
330
1F
100
AcDbEntity
  8
0
370
     0
100
AcDbCircle
 10
435.8843933991266
 20
636.8453800771114
 30
0.0
 40
1.0
100
AcDbArc
 50
0.0
 51
90.0
  0
ARC
  5
E00
330
1F
100
AcDbEntity
  8
0
370
     0
100
AcDbCircle
 10
434.6343933991266
 20
638.8453800771115
 30
0.0
 40
1.0
100
AcDbArc
 50
180.0
 51
270.0
  0
ARC
  5
E01
330
1F
100
AcDbEntity
  8
0
370
     0
100
AcDbCircle
 10
431.6343933991267
 20
641.4453800771116
 30
0.0
 40
2.0
100
AcDbArc
 50
0.0
 51
90.0
  0
LINE
  5
E03
330
1F
100
AcDbEntity
  8
0
370
     0
100
AcDbLine
 10
442.2843933991266
 20
635.9453800771111
 30
0.0
 11
455.5843933991265
 21
635.9453800771116
 31
0.0
  0
LINE
  5
E05
330
1F
100
AcDbEntity
  8
0
370
     0
100
AcDbLine
 10
442.0843933991265
 20
633.3453800771117
 30
0.0
 11
442.0843933991265
 21
622.4453800771116
 31
0.0
  0
LINE
  5
E06
330
1F
100
AcDbEntity
  8
0
370
     0
100
AcDbLine
 10
445.5343933991267
 20
641.4453800771116
 30
0.0
 11
445.5343933991267
 21
638.8453800771115
 31
0.0
  0
ARC
  5
E07
330
1F
100
AcDbEntity
  8
0
370
     0
100
AcDbCircle
 10
444.5343933991266
 20
638.8453800771115
 30
0.0
 40
1.0
100
AcDbArc
 50
270.0
 51
0.0
  0
ARC
  5
E08
330
1F
100
AcDbEntity
  8
0
370
     0
100
AcDbCircle
 10
447.5343933991267
 20
641.4453800771116
 30
0.0
 40
2.0
100
AcDbArc
 50
90.0
 51
180.0
  0
LINE
  5
E09
330
1F
100
AcDbEntity
  8
0
370
     0
100
AcDbLine
 10
444.5343933991266
 20
637.8453800771114
 30
0.0
 11
443.2843933991265
 21
637.8453800771114
 31
0.0
  0
LINE
  5
E0A
330
1F
100
AcDbEntity
  8
0
370
     0
100
AcDbLine
 10
442.2843933991265
 20
636.8453800771114
 30
0.0
 11
442.2843933991266
 21
635.9453800771111
 31
0.0
  0
ARC
  5
E0B
330
1F
100
AcDbEntity
  8
0
370
     0
100
AcDbCircle
 10
439.7352462341152
 20
634.1332658830728
 30
0.0
 40
2.477752297166964
100
AcDbArc
 50
268.8239916419399
 51
341.4589451693918
  0
ARC
  5
E0C
330
1F
100
AcDbEntity
  8
0
370
     0
100
AcDbCircle
 10
443.2843933991265
 20
636.8453800771114
 30
0.0
 40
1.0
100
AcDbArc
 50
90.0
 51
180.0
  0
LINE
  5
E0D
330
1F
100
AcDbEntity
  8
0
370
     0
100
AcDbLine
 10
439.6843933991267
 20
631.6560354869872
 30
0.0
 11
439.4843933991267
 21
631.6560354869872
 31
0.0
  0
ARC
  5
E0E
330
1F
100
AcDbEntity
  8
0
370
     0
100
AcDbCircle
 10
439.484393399127
 20
634.2560354869877
 30
0.0
 40
2.60000000000038
100
AcDbArc
 50
199.5572137354189
 51
269.9999999999935
  0
LINE
  5
E0F
330
1F
100
AcDbEntity
  8
0
370
     0
100
AcDbLine
 10
404.4843933991264
 20
635.9453800771116
 30
0.0
 11
436.8843933991268
 21
635.9453800771118
 31
0.0
  0
LINE
  5
E12
330
1F
100
AcDbEntity
  8
0
370
     0
100
AcDbLine
 10
403.9843933991265
 20
635.4453800771116
 30
0.0
 11
403.9843933991265
 21
620.4453800771115
 31
0.0
  0
ARC
  5
E14
330
1F
100
AcDbEntity
  8
0
370
     0
100
AcDbCircle
 10
404.4843933991264
 20
635.4453800771116
 30
0.0
 40
0.5
100
AcDbArc
 50
90.0
 51
180.0
  0
ARC
  5
E16
330
1F
100
AcDbEntity
  8
0
370
     0
100
AcDbCircle
 10
404.4843933991264
 20
620.4453800771115
 30
0.0
 40
0.5
100
AcDbArc
 50
180.0
 51
270.0
  0
LINE
  5
E20
330
1F
100
AcDbEntity
  8
0
370
     0
100
AcDbLine
 10
412.0713933991265
 20
621.9453800771116
 30
0.0
 11
428.9473933991265
 21
621.9453800771116
 31
0.0
  0
LINE
  5
E22
330
1F
100
AcDbEntity
  8
0
370
     0
100
AcDbLine
 10
447.5343933991267
 20
643.4453800771116
 30
0.0
 11
460.5543933991265
 21
643.4453800771116
 31
0.0
  0
LINE
  5
E23
330
1F
100
AcDbEntity
  8
0
370
     0
100
AcDbLine
 10
336.3843933991266
 20
643.4453800771132
 30
0.0
 11
316.8593933991266
 21
643.4453800771132
 31
0.0
  0
LINE
  5
E24
330
1F
100
AcDbEntity
  8
0
370
     0
100
AcDbLine
 10
295.6593933991267
 20
643.4453800771132
 30
0.0
 11
276.1343933991268
 21
643.4453800771132
 31
0.0
  0
LINE
  5
E25
330
1F
100
AcDbEntity
  8
0
370
     0
100
AcDbLine
 10
296.2593933991267
 20
642.8453800771132
 30
0.0
 11
296.2593933991267
 21
642.5453800771132
 31
0.0
  0
LINE
  5
E26
330
1F
100
AcDbEntity
  8
0
370
     0
100
AcDbLine
 10
296.8593933991267
 20
641.9453800771131
 30
0.0
 11
315.6593933991266
 21
641.9453800771133
 31
0.0
  0
LINE
  5
E27
330
1F
100
AcDbEntity
  8
0
370
     0
100
AcDbLine
 10
316.2593933991267
 20
642.5453800771133
 30
0.0
 11
316.2593933991266
 21
642.8453800771132
 31
0.0
  0
ARC
  5
E28
330
1F
100
AcDbEntity
  8
0
370
     0
100
AcDbCircle
 10
315.6593933991266
 20
642.5453800771133
 30
0.0
 40
0.6
100
AcDbArc
 50
270.0
 51
0.0
  0
ARC
  5
E29
330
1F
100
AcDbEntity
  8
0
370
     0
100
AcDbCircle
 10
316.8593933991266
 20
642.8453800771132
 30
0.0
 40
0.6
100
AcDbArc
 50
90.0
 51
180.0
  0
ARC
  5
E2A
330
1F
100
AcDbEntity
  8
0
370
     0
100
AcDbCircle
 10
295.6593933991267
 20
642.8453800771132
 30
0.0
 40
0.6
100
AcDbArc
 50
0.0
 51
90.0
  0
ARC
  5
E2B
330
1F
100
AcDbEntity
  8
0
370
     0
100
AcDbCircle
 10
296.8593933991267
 20
642.5453800771132
 30
0.0
 40
0.6
100
AcDbArc
 50
180.0
 51
270.0000000000003
  0
LINE
  5
E2C
330
1F
100
AcDbEntity
  8
0
370
     0
100
AcDbLine
 10
260.2343933991267
 20
643.4453800771132
 30
0.0
 11
231.1343933991267
 21
643.4453800771124
 31
0.0
  0
ARC
  5
E2D
330
1F
100
AcDbEntity
  8
0
370
     0
100
AcDbCircle
 10
231.1343933991267
 20
642.8453800771124
 30
0.0
 40
0.6
100
AcDbArc
 50
90.0
 51
180.0
  0
LINE
  5
E2E
330
1F
100
AcDbEntity
  8
0
370
     0
100
AcDbLine
 10
209.9343933991268
 20
643.4453800771124
 30
0.0
 11
180.8343933991267
 21
643.4453800771124
 31
0.0
  0
LINE
  5
E2F
330
1F
100
AcDbEntity
  8
0
370
     0
100
AcDbLine
 10
210.5343933991268
 20
642.8453800771124
 30
0.0
 11
210.5343933991268
 21
642.5453800771124
 31
0.0
  0
ARC
  5
E30
330
1F
100
AcDbEntity
  8
0
370
     0
100
AcDbCircle
 10
209.9343933991268
 20
642.8453800771124
 30
0.0
 40
0.6
100
AcDbArc
 50
0.0
 51
90.0
  0
LINE
  5
E31
330
1F
100
AcDbEntity
  8
0
370
     0
100
AcDbLine
 10
211.1343933991268
 20
641.9453800771123
 30
0.0
 11
229.9343933991267
 21
641.9453800771125
 31
0.0
  0
ARC
  5
E32
330
1F
100
AcDbEntity
  8
0
370
     0
100
AcDbCircle
 10
211.1343933991268
 20
642.5453800771124
 30
0.0
 40
0.6
100
AcDbArc
 50
180.0
 51
270.0
  0
LINE
  5
E33
330
1F
100
AcDbEntity
  8
0
370
     0
100
AcDbLine
 10
230.5343933991268
 20
642.5453800771125
 30
0.0
 11
230.5343933991267
 21
642.8453800771124
 31
0.0
  0
ARC
  5
E34
330
1F
100
AcDbEntity
  8
0
370
     0
100
AcDbCircle
 10
229.9343933991267
 20
642.5453800771125
 30
0.0
 40
0.6
100
AcDbArc
 50
270.0
 51
0.0
  0
LINE
  5
E35
330
1F
100
AcDbEntity
  8
0
370
     0
100
AcDbLine
 10
431.6343933991267
 20
643.4453800771132
 30
0.0
 11
402.5593933991267
 21
643.4453800771132
 31
0.0
  0
ARC
  5
E36
330
1F
100
AcDbEntity
  8
0
370
     0
100
AcDbCircle
 10
402.5593933991267
 20
642.8453800771132
 30
0.0
 40
0.6
100
AcDbArc
 50
90.0
 51
180.0
  0
LINE
  5
E37
330
1F
100
AcDbEntity
  8
0
370
     0
100
AcDbLine
 10
381.3593933991267
 20
643.4453800771132
 30
0.0
 11
352.2843933991266
 21
643.4453800771132
 31
0.0
  0
LINE
  5
E38
330
1F
100
AcDbEntity
  8
0
370
     0
100
AcDbLine
 10
381.9593933991267
 20
642.8453800771132
 30
0.0
 11
381.9593933991267
 21
642.5453800771132
 31
0.0
  0
ARC
  5
E39
330
1F
100
AcDbEntity
  8
0
370
     0
100
AcDbCircle
 10
381.3593933991267
 20
642.8453800771132
 30
0.0
 40
0.6
100
AcDbArc
 50
0.0
 51
90.0
  0
LINE
  5
E3A
330
1F
100
AcDbEntity
  8
0
370
     0
100
AcDbLine
 10
382.5593933991267
 20
641.9453800771131
 30
0.0
 11
401.3593933991266
 21
641.9453800771133
 31
0.0
  0
ARC
  5
E3B
330
1F
100
AcDbEntity
  8
0
370
     0
100
AcDbCircle
 10
382.5593933991267
 20
642.5453800771132
 30
0.0
 40
0.6
100
AcDbArc
 50
180.0
 51
270.0
  0
LINE
  5
E3C
330
1F
100
AcDbEntity
  8
0
370
     0
100
AcDbLine
 10
401.9593933991266
 20
642.5453800771133
 30
0.0
 11
401.9593933991266
 21
642.8453800771132
 31
0.0
  0
ARC
  5
E3D
330
1F
100
AcDbEntity
  8
0
370
     0
100
AcDbCircle
 10
401.3593933991266
 20
642.5453800771133
 30
0.0
 40
0.6
100
AcDbArc
 50
270.0
 51
0.0
  0
LINE
  5
E56
330
1F
100
AcDbEntity
  8
0
370
     0
100
AcDbLine
 10
184.7343933991265
 20
538.1453800771115
 30
0.0
 11
208.4943933991265
 21
538.1453800771115
 31
0.0
  0
ARC
  5
E57
330
1F
100
AcDbEntity
  8
0
370
     0
100
AcDbCircle
 10
208.4943933991265
 20
538.7453800771115
 30
0.0
 40
0.6
100
AcDbArc
 50
270.0
 51
0.0
  0
LINE
  5
E58
330
1F
100
AcDbEntity
  8
0
370
     0
100
AcDbLine
 10
229.6943933991266
 20
538.1453800771115
 30
0.0
 11
253.4543933991265
 21
538.1453800771115
 31
0.0
  0
LINE
  5
E59
330
1F
100
AcDbEntity
  8
0
370
     0
100
AcDbLine
 10
229.0943933991266
 20
538.7453800771115
 30
0.0
 11
229.0943933991266
 21
539.0453800771115
 31
0.0
  0
ARC
  5
E5A
330
1F
100
AcDbEntity
  8
0
370
     0
100
AcDbCircle
 10
229.6943933991266
 20
538.7453800771115
 30
0.0
 40
0.6
100
AcDbArc
 50
180.0
 51
270.0
  0
LINE
  5
E5B
330
1F
100
AcDbEntity
  8
0
370
     0
100
AcDbLine
 10
228.4943933991265
 20
539.6453800771115
 30
0.0
 11
209.6943933991266
 21
539.6453800771114
 31
0.0
  0
ARC
  5
E5C
330
1F
100
AcDbEntity
  8
0
370
     0
100
AcDbCircle
 10
228.4943933991265
 20
539.0453800771115
 30
0.0
 40
0.6
100
AcDbArc
 50
0.0
 51
90.0
  0
LINE
  5
E5D
330
1F
100
AcDbEntity
  8
0
370
     0
100
AcDbLine
 10
209.0943933991265
 20
539.0453800771114
 30
0.0
 11
209.0943933991267
 21
538.7453800771115
 31
0.0
  0
ARC
  5
E5E
330
1F
100
AcDbEntity
  8
0
370
     0
100
AcDbCircle
 10
209.6943933991266
 20
539.0453800771114
 30
0.0
 40
0.6
100
AcDbArc
 50
90.0
 51
180.0
  0
LINE
  5
E5F
330
1F
100
AcDbEntity
  8
0
370
     0
100
AcDbLine
 10
269.3543933991266
 20
538.1453800771115
 30
0.0
 11
291.0043933991266
 21
538.1453800771115
 31
0.0
  0
ARC
  5
E60
330
1F
100
AcDbEntity
  8
0
370
     0
100
AcDbCircle
 10
291.0043933991266
 20
538.7453800771115
 30
0.0
 40
0.6
100
AcDbArc
 50
270.0
 51
0.0
  0
LINE
  5
E61
330
1F
100
AcDbEntity
  8
0
370
     0
100
AcDbLine
 10
312.2043933991266
 20
538.1453800771115
 30
0.0
 11
333.8543933991266
 21
538.1453800771115
 31
0.0
  0
LINE
  5
E62
330
1F
100
AcDbEntity
  8
0
370
     0
100
AcDbLine
 10
311.6043933991266
 20
538.7453800771115
 30
0.0
 11
311.6043933991266
 21
539.0453800771115
 31
0.0
  0
ARC
  5
E63
330
1F
100
AcDbEntity
  8
0
370
     0
100
AcDbCircle
 10
312.2043933991266
 20
538.7453800771115
 30
0.0
 40
0.6
100
AcDbArc
 50
180.0
 51
270.0
  0
LINE
  5
E64
330
1F
100
AcDbEntity
  8
0
370
     0
100
AcDbLine
 10
311.0043933991266
 20
539.6453800771115
 30
0.0
 11
292.2043933991266
 21
539.6453800771114
 31
0.0
  0
ARC
  5
E65
330
1F
100
AcDbEntity
  8
0
370
     0
100
AcDbCircle
 10
311.0043933991266
 20
539.0453800771115
 30
0.0
 40
0.6
100
AcDbArc
 50
0.0
 51
90.0
  0
LINE
  5
E66
330
1F
100
AcDbEntity
  8
0
370
     0
100
AcDbLine
 10
291.6043933991266
 20
539.0453800771114
 30
0.0
 11
291.6043933991267
 21
538.7453800771115
 31
0.0
  0
ARC
  5
E67
330
1F
100
AcDbEntity
  8
0
370
     0
100
AcDbCircle
 10
292.2043933991266
 20
539.0453800771114
 30
0.0
 40
0.6
100
AcDbArc
 50
90.0
 51
180.0
  0
LINE
  5
E68
330
1F
100
AcDbEntity
  8
0
370
     0
100
AcDbLine
 10
349.7543933991266
 20
538.1453800771115
 30
0.0
 11
380.1043933991266
 21
538.1453800771115
 31
0.0
  0
ARC
  5
E69
330
1F
100
AcDbEntity
  8
0
370
     0
100
AcDbCircle
 10
380.1043933991266
 20
538.7453800771115
 30
0.0
 40
0.6
100
AcDbArc
 50
270.0
 51
0.0
  0
LINE
  5
E6A
330
1F
100
AcDbEntity
  8
0
370
     0
100
AcDbLine
 10
401.3043933991266
 20
538.1453800771115
 30
0.0
 11
431.6543933991265
 21
538.1453800771115
 31
0.0
  0
LINE
  5
E6B
330
1F
100
AcDbEntity
  8
0
370
     0
100
AcDbLine
 10
400.7043933991266
 20
538.7453800771115
 30
0.0
 11
400.7043933991266
 21
539.0453800771115
 31
0.0
  0
ARC
  5
E6C
330
1F
100
AcDbEntity
  8
0
370
     0
100
AcDbCircle
 10
401.3043933991266
 20
538.7453800771115
 30
0.0
 40
0.6
100
AcDbArc
 50
180.0
 51
270.0
  0
LINE
  5
E6D
330
1F
100
AcDbEntity
  8
0
370
     0
100
AcDbLine
 10
400.1043933991265
 20
539.6453800771115
 30
0.0
 11
381.3043933991266
 21
539.6453800771114
 31
0.0
  0
ARC
  5
E6E
330
1F
100
AcDbEntity
  8
0
370
     0
100
AcDbCircle
 10
400.1043933991265
 20
539.0453800771115
 30
0.0
 40
0.6
100
AcDbArc
 50
0.0
 51
90.0
  0
LINE
  5
E6F
330
1F
100
AcDbEntity
  8
0
370
     0
100
AcDbLine
 10
380.7043933991266
 20
539.0453800771114
 30
0.0
 11
380.7043933991267
 21
538.7453800771115
 31
0.0
  0
ARC
  5
E70
330
1F
100
AcDbEntity
  8
0
370
     0
100
AcDbCircle
 10
381.3043933991266
 20
539.0453800771114
 30
0.0
 40
0.6
100
AcDbArc
 50
90.0
 51
180.0
  0
ARC
  5
E73
330
1F
100
AcDbEntity
  8
0
370
     0
100
AcDbCircle
 10
460.5543933991265
 20
640.4453800771116
 30
0.0
 40
3.0
100
AcDbArc
 50
0.0
 51
90.0
  0
ARC
  5
E74
330
1F
100
AcDbEntity
  8
0
370
     0
100
AcDbCircle
 10
460.5543933991265
 20
541.1453800771115
 30
0.0
 40
3.0
100
AcDbArc
 50
270.0
 51
0.0
  0
ARC
  5
E75
330
1F
100
AcDbEntity
  8
0
370
     0
100
AcDbCircle
 10
151.7343933991265
 20
541.1453800771115
 30
0.0
 40
3.0
100
AcDbArc
 50
180.0
 51
270.0
  0
ARC
  5
E76
330
1F
100
AcDbEntity
  8
0
370
     0
100
AcDbCircle
 10
151.7343933991266
 20
640.4453800771116
 30
0.0
 40
3.0
100
AcDbArc
 50
90.0
 51
180.0
  0
LINE
  5
EA7
330
1F
100
AcDbEntity
  8
0
370
     0
100
AcDbLine
 10
463.5543933991272
 20
541.1453800771115
 30
0.0
 11
463.5543933991269
 21
580.1953800771115
 31
0.0
  0
ARC
  5
EA8
330
1F
100
AcDbEntity
  8
0
370
     0
100
AcDbCircle
 10
462.9543933991269
 20
580.1953800771115
 30
0.0
 40
0.6
100
AcDbArc
 50
0.0
 51
90.0
  0
LINE
  5
EA9
330
1F
100
AcDbEntity
  8
0
370
     0
100
AcDbLine
 10
463.5543933991267
 20
601.3953800771116
 30
0.0
 11
463.5543933991265
 21
640.4453800771116
 31
0.0
  0
LINE
  5
EAA
330
1F
100
AcDbEntity
  8
0
370
     0
100
AcDbLine
 10
462.9543933991267
 20
600.7953800771115
 30
0.0
 11
462.6543933991268
 21
600.7953800771115
 31
0.0
  0
ARC
  5
EAB
330
1F
100
AcDbEntity
  8
0
370
     0
100
AcDbCircle
 10
462.9543933991267
 20
601.3953800771116
 30
0.0
 40
0.6
100
AcDbArc
 50
270.0
 51
0.0
  0
LINE
  5
EAC
330
1F
100
AcDbEntity
  8
0
370
     0
100
AcDbLine
 10
462.0543933991267
 20
600.1953800771116
 30
0.0
 11
462.0543933991269
 21
581.3953800771115
 31
0.0
  0
ARC
  5
EAD
330
1F
100
AcDbEntity
  8
0
370
     0
100
AcDbCircle
 10
462.6543933991268
 20
600.1953800771116
 30
0.0
 40
0.6
100
AcDbArc
 50
90.0
 51
180.0
  0
LINE
  5
EAE
330
1F
100
AcDbEntity
  8
0
370
     0
100
AcDbLine
 10
462.654393399127
 20
580.7953800771115
 30
0.0
 11
462.9543933991269
 21
580.7953800771116
 31
0.0
  0
ARC
  5
EAF
330
1F
100
AcDbEntity
  8
0
370
     0
100
AcDbCircle
 10
462.6543933991269
 20
581.3953800771115
 30
0.0
 40
0.6
100
AcDbArc
 50
180.0
 51
270.0
  0
LINE
  5
EB0
330
1F
100
AcDbEntity
  8
0
370
     0
100
AcDbLine
 10
148.7343933991266
 20
640.4453800771116
 30
0.0
 11
148.7343933991266
 21
601.3953800771115
 31
0.0
  0
ARC
  5
EB1
330
1F
100
AcDbEntity
  8
0
370
     0
100
AcDbCircle
 10
149.3343933991266
 20
601.3953800771115
 30
0.0
 40
0.6
100
AcDbArc
 50
180.0
 51
270.0
  0
LINE
  5
EB3
330
1F
100
AcDbEntity
  8
0
370
     0
100
AcDbLine
 10
149.3343933991266
 20
580.7953800771115
 30
0.0
 11
149.6343933991265
 21
580.7953800771115
 31
0.0
  0
ARC
  5
EB4
330
1F
100
AcDbEntity
  8
0
370
     0
100
AcDbCircle
 10
149.3343933991266
 20
580.1953800771114
 30
0.0
 40
0.6
100
AcDbArc
 50
90.0
 51
180.0
  0
LINE
  5
EB5
330
1F
100
AcDbEntity
  8
0
370
     0
100
AcDbLine
 10
150.2343933991266
 20
581.3953800771114
 30
0.0
 11
150.2343933991264
 21
600.1953800771115
 31
0.0
  0
ARC
  5
EB6
330
1F
100
AcDbEntity
  8
0
370
     0
100
AcDbCircle
 10
149.6343933991265
 20
581.3953800771114
 30
0.0
 40
0.6
100
AcDbArc
 50
270.0
 51
0.0
  0
LINE
  5
EB7
330
1F
100
AcDbEntity
  8
0
370
     0
100
AcDbLine
 10
149.6343933991264
 20
600.7953800771115
 30
0.0
 11
149.3343933991266
 21
600.7953800771113
 31
0.0
  0
ARC
  5
EB8
330
1F
100
AcDbEntity
  8
0
370
     0
100
AcDbCircle
 10
149.6343933991264
 20
600.1953800771115
 30
0.0
 40
0.6
100
AcDbArc
 50
0.0
 51
90.0
  0
LINE
  5
ED6
330
1F
100
AcDbEntity
  8
0
370
     0
100
AcDbLine
 10
148.7343933991266
 20
580.1953800771114
 30
0.0
 11
148.7343933991266
 21
541.1453800771115
 31
0.0
  0
LINE
  5
F63
330
1F
100
AcDbEntity
  8
Visible
370
     0
100
AcDbLine
 10
362.7156433991265
 20
545.7453800771116
 30
0.0
 11
349.7156433991265
 21
545.7453800771116
 31
0.0
  0
ARC
  5
F64
330
1F
100
AcDbEntity
  8
Visible
370
     0
100
AcDbCircle
 10
-349.7156433991265
 20
546.2453800771116
 30
0.0
 40
0.5000000000000071
210
0.0
220
0.0
230
-1.0
100
AcDbArc
 50
270.0
 51
0.0
  0
LINE
  5
F65
330
1F
100
AcDbEntity
  8
Visible
370
     0
100
AcDbLine
 10
349.2156433991265
 20
546.2453800771116
 30
0.0
 11
349.2156433991265
 21
559.2453800771115
 31
0.0
  0
ARC
  5
F66
330
1F
100
AcDbEntity
  8
Visible
370
     0
100
AcDbCircle
 10
-349.7156433991265
 20
559.2453800771115
 30
0.0
 40
0.5000000000000071
210
0.0
220
0.0
230
-1.0
100
AcDbArc
 50
0.0
 51
90.0
  0
LINE
  5
F67
330
1F
100
AcDbEntity
  8
Visible
370
     0
100
AcDbLine
 10
349.7156433991265
 20
559.7453800771115
 30
0.0
 11
350.3343933991266
 21
559.7453800771115
 31
0.0
  0
LINE
  5
F68
330
1F
100
AcDbEntity
  8
Visible
370
     0
100
AcDbLine
 10
350.3343933991266
 20
559.7453800771115
 30
0.0
 11
350.3343933991266
 21
562.2453790771116
 31
0.0
  0
ARC
  5
F69
330
1F
100
AcDbEntity
  8
Visible
370
     0
100
AcDbCircle
 10
350.8343933991266
 20
562.2453790771116
 30
0.0
 40
0.5
100
AcDbArc
 50
90.0
 51
180.0
  0
LINE
  5
F6A
330
1F
100
AcDbEntity
  8
Visible
370
     0
100
AcDbLine
 10
350.8343933991266
 20
562.7453790771116
 30
0.0
 11
356.8343933991266
 21
562.7453790771116
 31
0.0
  0
ARC
  5
F6B
330
1F
100
AcDbEntity
  8
Visible
370
     0
100
AcDbCircle
 10
356.8343933991266
 20
562.2453790771116
 30
0.0
 40
0.5000000000000001
100
AcDbArc
 50
0.0
 51
90.0
  0
LINE
  5
F6C
330
1F
100
AcDbEntity
  8
Visible
370
     0
100
AcDbLine
 10
357.3343933991266
 20
562.2453790771116
 30
0.0
 11
357.3343933991266
 21
559.7453800771115
 31
0.0
  0
LINE
  5
F6D
330
1F
100
AcDbEntity
  8
Visible
370
     0
100
AcDbLine
 10
357.3343933991266
 20
559.7453800771115
 30
0.0
 11
362.7156433991265
 21
559.7453800771115
 31
0.0
  0
ARC
  5
F6E
330
1F
100
AcDbEntity
  8
Visible
370
     0
100
AcDbCircle
 10
-362.7156433991265
 20
559.2453800771115
 30
0.0
 40
0.5000000000000071
210
0.0
220
0.0
230
-1.0
100
AcDbArc
 50
90.0
 51
180.0
  0
LINE
  5
F6F
330
1F
100
AcDbEntity
  8
Visible
370
     0
100
AcDbLine
 10
363.2156433991265
 20
559.2453800771115
 30
0.0
 11
363.2156433991265
 21
546.2453800771116
 31
0.0
  0
ARC
  5
F70
330
1F
100
AcDbEntity
  8
Visible
370
     0
100
AcDbCircle
 10
-362.7156433991265
 20
546.2453800771116
 30
0.0
 40
0.5000000000000071
210
0.0
220
0.0
230
-1.0
100
AcDbArc
 50
180.0
 51
270.0
  0
LINE
  5
F81
330
1F
100
AcDbEntity
  8
Visible
370
     0
100
AcDbLine
 10
206.8406433991266
 20
559.7453800771115
 30
0.0
 11
222.2218933991266
 21
559.7453800771115
 31
0.0
  0
ARC
  5
F82
330
1F
100
AcDbEntity
  8
Visible
370
     0
100
AcDbCircle
 10
-222.2218933991266
 20
559.2453800771115
 30
0.0
 40
0.4999999999999982
210
0.0
220
0.0
230
-1.0
100
AcDbArc
 50
90.0
 51
180.0
  0
LINE
  5
F83
330
1F
100
AcDbEntity
  8
Visible
370
     0
100
AcDbLine
 10
222.7218933991266
 20
559.2453800771115
 30
0.0
 11
222.7218933991266
 21
546.2453800771116
 31
0.0
  0
ARC
  5
F84
330
1F
100
AcDbEntity
  8
Visible
370
     0
100
AcDbCircle
 10
-222.2218933991266
 20
546.2453800771116
 30
0.0
 40
0.5000000000000071
210
0.0
220
0.0
230
-1.0
100
AcDbArc
 50
180.0
 51
270.0
  0
LINE
  5
F85
330
1F
100
AcDbEntity
  8
Visible
370
     0
100
AcDbLine
 10
222.2218933991266
 20
545.7453800771116
 30
0.0
 11
206.8406433991266
 21
545.7453800771116
 31
0.0
  0
ARC
  5
F86
330
1F
100
AcDbEntity
  8
Visible
370
     0
100
AcDbCircle
 10
-206.8406433991266
 20
546.2453800771116
 30
0.0
 40
0.4999999999999982
210
0.0
220
0.0
230
-1.0
100
AcDbArc
 50
270.0
 51
0.0
  0
LINE
  5
F87
330
1F
100
AcDbEntity
  8
Visible
370
     0
100
AcDbLine
 10
206.3406433991266
 20
546.2453800771116
 30
0.0
 11
206.3406433991266
 21
559.2453800771115
 31
0.0
  0
ARC
  5
F88
330
1F
100
AcDbEntity
  8
Visible
370
     0
100
AcDbCircle
 10
-206.8406433991266
 20
559.2453800771115
 30
0.0
 40
0.5000000000000071
210
0.0
220
0.0
230
-1.0
100
AcDbArc
 50
0.0
 51
90.0
  0
LINE
  5
F91
330
1F
100
AcDbEntity
  8
Visible
370
     0
100
AcDbLine
 10
174.5968933991266
 20
545.7453800771116
 30
0.0
 11
159.2156433991265
 21
545.7453800771116
 31
0.0
  0
ARC
  5
F92
330
1F
100
AcDbEntity
  8
Visible
370
     0
100
AcDbCircle
 10
-159.2156433991265
 20
546.2453800771116
 30
0.0
 40
0.5
210
0.0
220
0.0
230
-1.0
100
AcDbArc
 50
270.0
 51
0.0
  0
LINE
  5
F93
330
1F
100
AcDbEntity
  8
Visible
370
     0
100
AcDbLine
 10
158.7156433991266
 20
546.2453800771116
 30
0.0
 11
158.7156433991266
 21
559.2453800771115
 31
0.0
  0
ARC
  5
F94
330
1F
100
AcDbEntity
  8
Visible
370
     0
100
AcDbCircle
 10
-159.2156433991265
 20
559.2453800771115
 30
0.0
 40
0.5000000000000071
210
0.0
220
0.0
230
-1.0
100
AcDbArc
 50
0.0
 51
90.0
  0
LINE
  5
F95
330
1F
100
AcDbEntity
  8
Visible
370
     0
100
AcDbLine
 10
159.2156433991265
 20
559.7453800771115
 30
0.0
 11
174.5968933991266
 21
559.7453800771115
 31
0.0
  0
ARC
  5
F96
330
1F
100
AcDbEntity
  8
Visible
370
     0
100
AcDbCircle
 10
-174.5968933991266
 20
559.2453800771115
 30
0.0
 40
0.4999999999999982
210
0.0
220
0.0
230
-1.0
100
AcDbArc
 50
90.0
 51
180.0
  0
LINE
  5
F97
330
1F
100
AcDbEntity
  8
Visible
370
     0
100
AcDbLine
 10
175.0968933991265
 20
559.2453800771115
 30
0.0
 11
175.0968933991265
 21
546.2453800771116
 31
0.0
  0
ARC
  5
F98
330
1F
100
AcDbEntity
  8
Visible
370
     0
100
AcDbCircle
 10
-174.5968933991266
 20
546.2453800771116
 30
0.0
 40
0.5000000000000071
210
0.0
220
0.0
230
-1.0
100
AcDbArc
 50
180.0
 51
270.0
  0
ARC
  5
F9A
330
1F
100
AcDbEntity
  8
Visible
370
     0
100
AcDbCircle
 10
-198.4093933991266
 20
559.2453800771115
 30
0.0
 40
0.4999999999999982
210
0.0
220
0.0
230
-1.0
100
AcDbArc
 50
90.0
 51
180.0
  0
LINE
  5
F9B
330
1F
100
AcDbEntity
  8
Visible
370
     0
100
AcDbLine
 10
198.9093933991265
 20
559.2453800771115
 30
0.0
 11
198.9093933991265
 21
546.2453800771116
 31
0.0
  0
ARC
  5
F9C
330
1F
100
AcDbEntity
  8
Visible
370
     0
100
AcDbCircle
 10
-198.4093933991266
 20
546.2453800771116
 30
0.0
 40
0.5000000000000071
210
0.0
220
0.0
230
-1.0
100
AcDbArc
 50
180.0
 51
270.0
  0
LINE
  5
FB1
330
1F
100
AcDbEntity
  8
Visible
370
     0
100
AcDbLine
 10
277.7781433991266
 20
546.2453800771116
 30
0.0
 11
277.7781433991266
 21
559.2453800771115
 31
0.0
  0
ARC
  5
FB2
330
1F
100
AcDbEntity
  8
Visible
370
     0
100
AcDbCircle
 10
-278.2781433991266
 20
559.2453800771115
 30
0.0
 40
0.5000000000000071
210
0.0
220
0.0
230
-1.0
100
AcDbArc
 50
0.0
 51
90.0
  0
LINE
  5
FB3
330
1F
100
AcDbEntity
  8
Visible
370
     0
100
AcDbLine
 10
278.2781433991266
 20
559.7453800771115
 30
0.0
 11
303.1843933991266
 21
559.7453800771115
 31
0.0
  0
ARC
  5
FB4
330
1F
100
AcDbEntity
  8
Visible
370
     0
100
AcDbCircle
 10
-303.1843933991266
 20
559.2453800771115
 30
0.0
 40
0.5000000000000071
210
0.0
220
0.0
230
-1.0
100
AcDbArc
 50
90.0
 51
180.0
  0
LINE
  5
FB5
330
1F
100
AcDbEntity
  8
Visible
370
     0
100
AcDbLine
 10
303.6843933991266
 20
559.2453800771115
 30
0.0
 11
303.6843933991266
 21
546.2453800771116
 31
0.0
  0
ARC
  5
FB6
330
1F
100
AcDbEntity
  8
Visible
370
     0
100
AcDbCircle
 10
-303.1843933991266
 20
546.2453800771116
 30
0.0
 40
0.5000000000000071
210
0.0
220
0.0
230
-1.0
100
AcDbArc
 50
180.0
 51
270.0
  0
LINE
  5
FB7
330
1F
100
AcDbEntity
  8
Visible
370
     0
100
AcDbLine
 10
303.1843933991266
 20
545.7453800771116
 30
0.0
 11
278.2781433991266
 21
545.7453800771116
 31
0.0
  0
ARC
  5
FB8
330
1F
100
AcDbEntity
  8
Visible
370
     0
100
AcDbCircle
 10
-278.2781433991266
 20
546.2453800771116
 30
0.0
 40
0.5000000000000071
210
0.0
220
0.0
230
-1.0
100
AcDbArc
 50
270.0
 51
0.0
  0
LINE
  5
FC1
330
1F
100
AcDbEntity
  8
Visible
370
     0
100
AcDbLine
 10
387.0281433991266
 20
559.2453800771115
 30
0.0
 11
387.0281433991266
 21
546.2453800771116
 31
0.0
  0
ARC
  5
FC2
330
1F
100
AcDbEntity
  8
Visible
370
     0
100
AcDbCircle
 10
-386.5281433991266
 20
546.2453800771116
 30
0.0
 40
0.5000000000000071
210
0.0
220
0.0
230
-1.0
100
AcDbArc
 50
180.0
 51
270.0
  0
LINE
  5
FC3
330
1F
100
AcDbEntity
  8
Visible
370
     0
100
AcDbLine
 10
386.5281433991266
 20
545.7453800771116
 30
0.0
 11
371.1468933991266
 21
545.7453800771116
 31
0.0
  0
ARC
  5
FC4
330
1F
100
AcDbEntity
  8
Visible
370
     0
100
AcDbCircle
 10
-371.1468933991266
 20
546.2453800771116
 30
0.0
 40
0.5000000000000071
210
0.0
220
0.0
230
-1.0
100
AcDbArc
 50
270.0
 51
0.0
  0
LINE
  5
FC5
330
1F
100
AcDbEntity
  8
Visible
370
     0
100
AcDbLine
 10
370.6468933991266
 20
546.2453800771116
 30
0.0
 11
370.6468933991266
 21
559.2453800771115
 31
0.0
  0
ARC
  5
FC6
330
1F
100
AcDbEntity
  8
Visible
370
     0
100
AcDbCircle
 10
-371.1468933991266
 20
559.2453800771115
 30
0.0
 40
0.5000000000000071
210
0.0
220
0.0
230
-1.0
100
AcDbArc
 50
0.0
 51
90.0
  0
LINE
  5
FC7
330
1F
100
AcDbEntity
  8
Visible
370
     0
100
AcDbLine
 10
371.1468933991266
 20
559.7453800771115
 30
0.0
 11
386.5281433991266
 21
559.7453800771115
 31
0.0
  0
ARC
  5
FC8
330
1F
100
AcDbEntity
  8
Visible
370
     0
100
AcDbCircle
 10
-386.5281433991266
 20
559.2453800771115
 30
0.0
 40
0.5000000000000071
210
0.0
220
0.0
230
-1.0
100
AcDbArc
 50
90.0
 51
180.0
  0
LINE
  5
FD1
330
1F
100
AcDbEntity
  8
Visible
370
     0
100
AcDbLine
 10
331.2781433991265
 20
547.7453800771115
 30
0.0
 11
331.2781433991265
 21
562.2453800771116
 31
0.0
  0
ARC
  5
FD2
330
1F
100
AcDbEntity
  8
Visible
370
     0
100
AcDbCircle
 10
331.7781433991265
 20
562.2453800771116
 30
0.0
 40
0.5000000000000071
100
AcDbArc
 50
90.0
 51
180.0
  0
LINE
  5
FD3
330
1F
100
AcDbEntity
  8
Visible
370
     0
100
AcDbLine
 10
331.7781433991265
 20
562.7453800771116
 30
0.0
 11
337.7781433991265
 21
562.7453800771116
 31
0.0
  0
ARC
  5
FD4
330
1F
100
AcDbEntity
  8
Visible
370
     0
100
AcDbCircle
 10
337.7781433991265
 20
562.2453800771116
 30
0.0
 40
0.5000000000000071
100
AcDbArc
 50
0.0
 51
90.0
  0
LINE
  5
FD5
330
1F
100
AcDbEntity
  8
Visible
370
     0
100
AcDbLine
 10
338.2781433991265
 20
562.2453800771116
 30
0.0
 11
338.2781433991265
 21
547.7453800771115
 31
0.0
  0
ARC
  5
FD6
330
1F
100
AcDbEntity
  8
Visible
370
     0
100
AcDbCircle
 10
337.7781433991265
 20
547.7453800771115
 30
0.0
 40
0.5000000000000071
100
AcDbArc
 50
270.0
 51
0.0
  0
LINE
  5
FD7
330
1F
100
AcDbEntity
  8
Visible
370
     0
100
AcDbLine
 10
337.7781433991265
 20
547.2453800771115
 30
0.0
 11
331.7781433991265
 21
547.2453800771115
 31
0.0
  0
ARC
  5
FD8
330
1F
100
AcDbEntity
  8
Visible
370
     0
100
AcDbCircle
 10
331.7781433991265
 20
547.7453800771115
 30
0.0
 40
0.5000000000000071
100
AcDbArc
 50
180.0
 51
270.0
  0
LINE
  5
FD9
330
1F
100
AcDbEntity
  8
Visible
370
     0
100
AcDbLine
 10
242.5343933991266
 20
547.2453800771115
 30
0.0
 11
231.7781433991266
 21
547.2453800771115
 31
0.0
  0
ARC
  5
FDA
330
1F
100
AcDbEntity
  8
Visible
370
     0
100
AcDbCircle
 10
231.7781433991266
 20
547.7453800771115
 30
0.0
 40
0.4999999999999983
100
AcDbArc
 50
180.0
 51
270.0
  0
LINE
  5
FDB
330
1F
100
AcDbEntity
  8
Visible
370
     0
100
AcDbLine
 10
231.2781433991266
 20
547.7453800771115
 30
0.0
 11
231.2781433991266
 21
562.2453800771116
 31
0.0
  0
ARC
  5
FDC
330
1F
100
AcDbEntity
  8
Visible
370
     0
100
AcDbCircle
 10
231.7781433991266
 20
562.2453800771116
 30
0.0
 40
0.5000000000000071
100
AcDbArc
 50
90.0
 51
180.0
  0
LINE
  5
FDD
330
1F
100
AcDbEntity
  8
Visible
370
     0
100
AcDbLine
 10
231.7781433991266
 20
562.7453800771116
 30
0.0
 11
242.5343933991266
 21
562.7453800771116
 31
0.0
  0
ARC
  5
FDE
330
1F
100
AcDbEntity
  8
Visible
370
     0
100
AcDbCircle
 10
242.5343933991266
 20
562.2453800771116
 30
0.0
 40
0.5000000000000071
100
AcDbArc
 50
0.0
 51
90.0
  0
LINE
  5
FDF
330
1F
100
AcDbEntity
  8
Visible
370
     0
100
AcDbLine
 10
243.0343933991266
 20
562.2453800771116
 30
0.0
 11
243.0343933991266
 21
547.7453800771115
 31
0.0
  0
ARC
  5
FE0
330
1F
100
AcDbEntity
  8
Visible
370
     0
100
AcDbCircle
 10
242.5343933991266
 20
547.7453800771115
 30
0.0
 40
0.5000000000000071
100
AcDbArc
 50
270.0
 51
0.0
  0
ENDSEC
  0
SECTION
  2
OBJECTS
  0
DICTIONARY
  5
C
330
0
100
AcDbDictionary
281
     1
  3
ACAD_CIP_PREVIOUS_PRODUCT_INFO
350
ECE
  3
ACAD_COLOR
350
834
  3
ACAD_DETAILVIEWSTYLE
350
EC8
  3
ACAD_GROUP
350
D
  3
ACAD_LAST_SAVED_VERSION_INFO
350
FFA
  3
ACAD_LAYOUT
350
1A
  3
ACAD_MATERIAL
350
81F
  3
ACAD_MLEADERSTYLE
350
EC4
  3
ACAD_MLINESTYLE
350
17
  3
ACAD_PLOTSETTINGS
350
19
  3
ACAD_PLOTSTYLENAME
350
E
  3
ACAD_SCALELIST
350
47
  3
ACAD_SECTIONVIEWSTYLE
350
EC6
  3
ACAD_TABLESTYLE
350
835
  3
ACAD_VISUALSTYLE
350
823
  3
ACDB_RECOMPOSE_DATA
350
1023
  3
AcDbVariableDictionary
350
D05
  0
DICTIONARY
  5
FFB
330
10
100
AcDbDictionary
280
     1
281
     1
  3
ADSK_XREC_LAYER_RECONCILED
360
FFC
  0
DICTIONARY
  5
FFD
330
73
100
AcDbDictionary
280
     1
281
     1
  3
ADSK_XREC_LAYER_RECONCILED
360
FFE
  0
DICTIONARY
  5
FFF
330
74
100
AcDbDictionary
280
     1
281
     1
  3
ADSK_XREC_LAYER_RECONCILED
360
1000
  0
DICTIONARY
  5
1001
330
75
100
AcDbDictionary
280
     1
281
     1
  3
ADSK_XREC_LAYER_RECONCILED
360
1002
  0
DICTIONARY
  5
1003
330
76
100
AcDbDictionary
280
     1
281
     1
  3
ADSK_XREC_LAYER_RECONCILED
360
1004
  0
DICTIONARY
  5
1005
330
77
100
AcDbDictionary
280
     1
281
     1
  3
ADSK_XREC_LAYER_RECONCILED
360
1006
  0
DICTIONARY
  5
1007
330
78
100
AcDbDictionary
280
     1
281
     1
  3
ADSK_XREC_LAYER_RECONCILED
360
1008
  0
DICTIONARY
  5
1009
330
79
100
AcDbDictionary
280
     1
281
     1
  3
ADSK_XREC_LAYER_RECONCILED
360
100A
  0
DICTIONARY
  5
100B
330
7A
100
AcDbDictionary
280
     1
281
     1
  3
ADSK_XREC_LAYER_RECONCILED
360
100C
  0
DICTIONARY
  5
100D
330
7B
100
AcDbDictionary
280
     1
281
     1
  3
ADSK_XREC_LAYER_RECONCILED
360
100E
  0
DICTIONARY
  5
100F
330
7C
100
AcDbDictionary
280
     1
281
     1
  3
ADSK_XREC_LAYER_RECONCILED
360
1010
  0
DICTIONARY
  5
1011
330
7D
100
AcDbDictionary
280
     1
281
     1
  3
ADSK_XREC_LAYER_RECONCILED
360
1012
  0
DICTIONARY
  5
1013
330
7E
100
AcDbDictionary
280
     1
281
     1
  3
ADSK_XREC_LAYER_RECONCILED
360
1014
  0
DICTIONARY
  5
1015
330
7F
100
AcDbDictionary
280
     1
281
     1
  3
ADSK_XREC_LAYER_RECONCILED
360
1016
  0
DICTIONARY
  5
1017
330
80
100
AcDbDictionary
280
     1
281
     1
  3
ADSK_XREC_LAYER_RECONCILED
360
1018
  0
DICTIONARY
  5
1019
330
81
100
AcDbDictionary
280
     1
281
     1
  3
ADSK_XREC_LAYER_RECONCILED
360
101A
  0
DICTIONARY
  5
101B
330
82
100
AcDbDictionary
280
     1
281
     1
  3
ADSK_XREC_LAYER_RECONCILED
360
101C
  0
DICTIONARY
  5
101D
330
83
100
AcDbDictionary
280
     1
281
     1
  3
ADSK_XREC_LAYER_RECONCILED
360
101E
  0
DICTIONARY
  5
101F
330
ED7
100
AcDbDictionary
280
     1
281
     1
  3
ADSK_XREC_LAYER_RECONCILED
360
1020
  0
DICTIONARY
  5
D5D
330
1F
100
AcDbDictionary
280
     1
281
     1
  3
ACAD_SORTENTS
360
D5E
  0
XRECORD
  5
ECE
102
{ACAD_REACTORS
330
C
102
}
330
C
100
AcDbXrecord
280
     1
300
ACD
300
2024
300

  0
DICTIONARY
  5
834
102
{ACAD_REACTORS
330
C
102
}
330
C
100
AcDbDictionary
281
     1
  0
DICTIONARY
  5
EC8
102
{ACAD_REACTORS
330
C
102
}
330
C
100
AcDbDictionary
281
     1
  3
Metric50
350
EC9
  0
DICTIONARY
  5
D
102
{ACAD_REACTORS
330
C
102
}
330
C
100
AcDbDictionary
281
     1
  0
XRECORD
  5
FFA
102
{ACAD_REACTORS
330
C
102
}
330
C
100
AcDbXrecord
280
     1
300
{0B76549E-AD0F-6840-ADBB-EC8086CE25DD}
301
{7C350D8D-E523-884E-BD33-D9766B716EE2}
302
{0B76549E-AD0F-6840-ADBB-EC8086CE25DD}
303
C:\Users\lequo\Downloads\korno65.dxf
  0
DICTIONARY
  5
1A
102
{ACAD_REACTORS
330
C
102
}
330
C
100
AcDbDictionary
281
     1
  3
Layout1
350
1E
  3
Layout2
350
26
  3
Model
350
22
  0
DICTIONARY
  5
81F
102
{ACAD_REACTORS
330
C
102
}
330
C
100
AcDbDictionary
281
     1
  3
ByBlock
350
821
  3
ByLayer
350
820
  3
Global
350
822
  0
DICTIONARY
  5
EC4
102
{ACAD_REACTORS
330
C
102
}
330
C
100
AcDbDictionary
281
     1
  3
Standard
350
EC5
  0
DICTIONARY
  5
17
102
{ACAD_REACTORS
330
C
102
}
330
C
100
AcDbDictionary
281
     1
  3
Standard
350
18
  0
DICTIONARY
  5
19
102
{ACAD_REACTORS
330
C
102
}
330
C
100
AcDbDictionary
281
     1
  0
ACDBDICTIONARYWDFLT
  5
E
102
{ACAD_REACTORS
330
C
102
}
330
C
100
AcDbDictionary
281
     1
  3
Normal
350
F
100
AcDbDictionaryWithDefault
340
F
  0
DICTIONARY
  5
47
102
{ACAD_REACTORS
330
C
102
}
330
C
100
AcDbDictionary
281
     1
  3
A0
350
48
  3
A1
350
49
  3
A2
350
4A
  3
A3
350
4B
  3
A4
350
4C
  3
A5
350
4D
  3
A6
350
4E
  3
A7
350
4F
  3
A8
350
50
  3
A9
350
51
  3
B0
350
52
  3
B1
350
53
  3
B2
350
54
  3
B3
350
55
  3
B4
350
56
  3
B5
350
57
  3
B6
350
58
  3
B7
350
59
  3
B8
350
5A
  3
B9
350
5B
  3
C0
350
5C
  3
C1
350
5D
  3
C2
350
5E
  3
C3
350
5F
  3
C4
350
60
  3
C5
350
61
  3
C6
350
62
  3
C7
350
63
  3
C8
350
64
  3
C9
350
65
  3
D0
350
66
  3
D1
350
67
  3
D2
350
68
  0
DICTIONARY
  5
EC6
102
{ACAD_REACTORS
330
C
102
}
330
C
100
AcDbDictionary
281
     1
  3
Metric50
350
EC7
  0
DICTIONARY
  5
835
102
{ACAD_REACTORS
330
C
102
}
330
C
100
AcDbDictionary
281
     1
  3
Standard
350
836
  0
DICTIONARY
  5
823
102
{ACAD_REACTORS
330
C
102
}
330
C
100
AcDbDictionary
281
     1
  3
2dWireframe
350
829
  3
3D Hidden
350
82B
  3
3dWireframe
350
82A
  3
Basic
350
828
  3
Brighten
350
82F
  3
ColorChange
350
833
  3
Conceptual
350
82C
  3
Dim
350
82E
  3
EdgeColorOff
350
EC3
  3
Facepattern
350
832
  3
Flat
350
824
  3
FlatWithEdges
350
825
  3
Gouraud
350
826
  3
GouraudWithEdges
350
827
  3
Hidden
350
EBB
  3
JitterOff
350
EC1
  3
Linepattern
350
831
  3
OverhangOff
350
EC2
  3
Realistic
350
82D
  3
Shaded
350
EC0
  3
Shaded with edges
350
EBF
  3
Shades of Gray
350
EBC
  3
Sketchy
350
EBD
  3
Thicken
350
830
  3
Wireframe
350
EBA
  3
X-Ray
350
EBE
  0
XRECORD
  5
1023
102
{ACAD_REACTORS
330
C
102
}
330
C
100
AcDbXrecord
280
     1
 90
        1
330
836
  0
DICTIONARY
  5
D05
102
{ACAD_REACTORS
330
C
102
}
330
C
100
AcDbDictionary
281
     1
  3
CANNOSCALE
350
FE6
  3
CMLEADERSTYLE
350
FE2
  3
CTABLESTYLE
350
D06
  3
CVIEWDETAILSTYLE
350
FE3
  3
CVIEWSECTIONSTYLE
350
FE4
  3
LAYEREVAL
350
FE8
  3
LAYERNOTIFY
350
FE9
  3
LIGHTINGUNITS
350
FE7
  3
MSLTSCALE
350
FE5
  0
XRECORD
  5
FFC
102
{ACAD_REACTORS
330
FFB
102
}
330
FFB
100
AcDbXrecord
280
     1
290
     1
  0
XRECORD
  5
FFE
102
{ACAD_REACTORS
330
FFD
102
}
330
FFD
100
AcDbXrecord
280
     1
290
     1
  0
XRECORD
  5
1000
102
{ACAD_REACTORS
330
FFF
102
}
330
FFF
100
AcDbXrecord
280
     1
290
     1
  0
XRECORD
  5
1002
102
{ACAD_REACTORS
330
1001
102
}
330
1001
100
AcDbXrecord
280
     1
290
     1
  0
XRECORD
  5
1004
102
{ACAD_REACTORS
330
1003
102
}
330
1003
100
AcDbXrecord
280
     1
290
     1
  0
XRECORD
  5
1006
102
{ACAD_REACTORS
330
1005
102
}
330
1005
100
AcDbXrecord
280
     1
290
     1
  0
XRECORD
  5
1008
102
{ACAD_REACTORS
330
1007
102
}
330
1007
100
AcDbXrecord
280
     1
290
     1
  0
XRECORD
  5
100A
102
{ACAD_REACTORS
330
1009
102
}
330
1009
100
AcDbXrecord
280
     1
290
     1
  0
XRECORD
  5
100C
102
{ACAD_REACTORS
330
100B
102
}
330
100B
100
AcDbXrecord
280
     1
290
     1
  0
XRECORD
  5
100E
102
{ACAD_REACTORS
330
100D
102
}
330
100D
100
AcDbXrecord
280
     1
290
     1
  0
XRECORD
  5
1010
102
{ACAD_REACTORS
330
100F
102
}
330
100F
100
AcDbXrecord
280
     1
290
     1
  0
XRECORD
  5
1012
102
{ACAD_REACTORS
330
1011
102
}
330
1011
100
AcDbXrecord
280
     1
290
     1
  0
XRECORD
  5
1014
102
{ACAD_REACTORS
330
1013
102
}
330
1013
100
AcDbXrecord
280
     1
290
     1
  0
XRECORD
  5
1016
102
{ACAD_REACTORS
330
1015
102
}
330
1015
100
AcDbXrecord
280
     1
290
     1
  0
XRECORD
  5
1018
102
{ACAD_REACTORS
330
1017
102
}
330
1017
100
AcDbXrecord
280
     1
290
     1
  0
XRECORD
  5
101A
102
{ACAD_REACTORS
330
1019
102
}
330
1019
100
AcDbXrecord
280
     1
290
     1
  0
XRECORD
  5
101C
102
{ACAD_REACTORS
330
101B
102
}
330
101B
100
AcDbXrecord
280
     1
290
     1
  0
XRECORD
  5
101E
102
{ACAD_REACTORS
330
101D
102
}
330
101D
100
AcDbXrecord
280
     1
290
     1
  0
XRECORD
  5
1020
102
{ACAD_REACTORS
330
101F
102
}
330
101F
100
AcDbXrecord
280
     1
290
     1
  0
SORTENTSTABLE
  5
D5E
102
{ACAD_REACTORS
330
D5D
102
}
330
D5D
100
AcDbSortentsTable
330
1F
331
CA8
  5
CAA
331
CAA
  5
CAE
331
CDE
  5
CE1
331
CDF
  5
CE2
331
CE0
  5
CE3
331
CE1
  5
CE4
331
CE2
  5
CE5
331
CE3
  5
CE6
331
CE4
  5
CE7
331
CE5
  5
CE8
331
CE6
  5
CE9
331
CE7
  5
CEA
331
CE8
  5
CEB
331
CE9
  5
CEC
331
CEA
  5
CED
331
CEB
  5
CEE
331
CEC
  5
CEF
331
CED
  5
CF0
331
CEE
  5
CF1
331
CEF
  5
CF2
331
CF0
  5
CF3
331
CF1
  5
CF4
331
CF2
  5
CF5
331
CF3
  5
D02
331
CF4
  5
D03
331
CF5
  5
D04
331
D0B
  5
D0E
331
D0C
  5
D0F
331
D10
  5
D15
331
D13
  5
D1A
331
D15
  5
D1D
331
D17
  5
D20
331
D18
  5
D21
331
D19
  5
D22
331
D1A
  5
D25
331
D1E
  5
D29
331
D27
  5
D5C
331
D2D
  5
D63
331
D2E
  5
D66
331
D2F
  5
D67
331
D30
  5
D69
331
D33
  5
D6E
331
D35
  5
D6F
331
D36
  5
D72
331
D37
  5
D73
331
D38
  5
D75
331
D5C
  5
D2C
331
D5F
  5
D61
331
D60
  5
D77
331
D61
  5
D2B
331
D62
  5
D71
331
D63
  5
D76
331
D64
  5
D74
331
D65
  5
D70
331
D66
  5
D62
331
D67
  5
D60
331
D68
  5
D78
331
D69
  5
D79
331
D6A
  5
D7A
331
D6B
  5
D7B
331
D6C
  5
D7C
331
D6D
  5
D7D
331
D6E
  5
D7E
331
D6F
  5
D7F
331
D70
  5
D80
331
D71
  5
D97
331
D72
  5
D98
331
D73
  5
D99
331
D74
  5
D9A
331
D75
  5
D1F
331
D76
  5
D28
331
D77
  5
D27
331
D79
  5
CAB
331
D7A
  5
D23
331
D7B
  5
D1E
331
D7C
  5
CA8
331
D7D
  5
D6B
331
D7E
  5
D65
331
D7F
  5
D64
331
D80
  5
D68
331
D97
  5
D9B
331
D98
  5
D9C
331
D99
  5
D9D
331
D9A
  5
D9E
331
D9B
  5
D9F
331
D9C
  5
DA0
331
D9D
  5
DA1
331
D9E
  5
DA2
331
D9F
  5
DA3
331
DA0
  5
DA4
331
DA1
  5
DA5
331
DA2
  5
DA7
331
DA3
  5
DA9
331
DA4
  5
DAB
331
DA5
  5
DAC
331
DA7
  5
DAD
331
DA9
  5
DAE
331
DAB
  5
DAF
331
DAC
  5
DB0
331
DAD
  5
DB1
331
DAE
  5
DB2
331
DAF
  5
DB3
331
DB0
  5
DB4
331
DB1
  5
DB5
331
DB2
  5
DB6
331
DB3
  5
DB7
331
DB4
  5
DB8
331
DB5
  5
DB9
331
DB6
  5
DBA
331
DB7
  5
DBB
331
DB8
  5
DBC
331
DB9
  5
DBD
331
DBA
  5
DBE
331
DBB
  5
DBF
331
DBC
  5
DC0
331
DBD
  5
DC1
331
DBE
  5
DC2
331
DBF
  5
DC3
331
DC0
  5
DC4
331
DC1
  5
DC5
331
DC2
  5
DC6
331
DC3
  5
DC7
331
DC4
  5
DC8
331
DC5
  5
DC9
331
DC6
  5
DCA
331
DC7
  5
DCB
331
DC8
  5
DCC
331
DC9
  5
DCD
331
DCA
  5
DCE
331
DCB
  5
DCF
331
DCC
  5
DD0
331
DCD
  5
DD1
331
DCE
  5
DD2
331
DCF
  5
DD3
331
DD0
  5
DD4
331
DD1
  5
DD5
331
DD2
  5
DD6
331
DD3
  5
DD7
331
DD4
  5
DD8
331
DD5
  5
DD9
331
DD6
  5
DDA
331
DD7
  5
DDB
331
DD8
  5
DDC
331
DD9
  5
DDD
331
DDA
  5
DDE
331
DDB
  5
DFB
331
DDC
  5
DFC
331
DDD
  5
DFD
331
DDE
  5
DFE
331
DFB
  5
DFF
331
DFC
  5
E00
331
DFD
  5
E01
331
DFE
  5
E03
331
DFF
  5
E05
331
E00
  5
E06
331
E01
  5
E07
331
E03
  5
E08
331
E05
  5
E09
331
E06
  5
E0A
331
E07
  5
E0B
331
E08
  5
E0C
331
E09
  5
E0D
331
E0A
  5
E0E
331
E0B
  5
E0F
331
E0C
  5
E12
331
E0D
  5
E14
331
E0E
  5
E16
331
E0F
  5
E20
331
E12
  5
E22
331
E14
  5
E23
331
E16
  5
E24
331
E20
  5
E25
331
E22
  5
E26
331
E23
  5
E27
331
E24
  5
E29
331
E25
  5
E2A
331
E26
  5
E2C
331
E27
  5
E2E
331
E28
  5
E2F
331
E29
  5
E28
331
E2A
  5
E2B
331
E2B
  5
E2D
331
E2C
  5
E30
331
E2D
  5
E31
331
E2E
  5
E32
331
E2F
  5
E33
331
E30
  5
E34
331
E31
  5
E35
331
E32
  5
E36
331
E33
  5
E37
331
E34
  5
E38
331
E35
  5
E39
331
E36
  5
E3A
331
E37
  5
E3B
331
E38
  5
E3C
331
E39
  5
E3D
331
E3A
  5
E56
331
E3B
  5
E57
331
E3C
  5
E58
331
E3D
  5
E59
331
E56
  5
E5A
331
E57
  5
E5B
331
E58
  5
E5C
331
E59
  5
E5D
331
E5A
  5
E5E
331
E5B
  5
E5F
331
E5C
  5
E60
331
E5D
  5
E61
331
E5E
  5
E62
331
E5F
  5
E63
331
E60
  5
E64
331
E61
  5
E65
331
E62
  5
E66
331
E63
  5
E67
331
E64
  5
E68
331
E65
  5
E69
331
E66
  5
E6A
331
E67
  5
E6B
331
E68
  5
E6C
331
E69
  5
E6D
331
E6A
  5
E6E
331
E6B
  5
E6F
331
E6C
  5
E70
331
E6D
  5
E73
331
E6E
  5
E74
331
E6F
  5
E75
331
E70
  5
E76
331
E73
  5
D6D
331
E74
  5
D6A
331
E75
  5
D19
331
E76
  5
D17
  0
ACDBDETAILVIEWSTYLE
  5
EC9
102
{ACAD_XDICTIONARY
360
1026
102
}
102
{ACAD_REACTORS
330
EC8
102
}
330
EC8
100
AcDbModelDocViewStyle
 70
     0
  3
Metric50
290
     0
100
AcDbDetailViewStyle
 70
     0
 71
     0
 90
        3
 71
     1
340
11
 62
   256
 40
5.0
340
0
 62
   256
 40
5.0
300

 40
0.0
280
     1
 71
     2
340
16
 90
       25
 62
   256
 71
     3
340
11
 62
   256
 40
5.0
 90
        0
 40
15.0
 90
        1
300
%<\AcVar ViewDetailId>% (%<\AcVar ViewScale \f "%sn">%)
 71
     4
340
16
 90
       25
 62
   256
340
16
 90
       25
 62
   256
280
     0
  0
LAYOUT
  5
1E
102
{ACAD_REACTORS
330
1A
102
}
330
1A
100
AcDbPlotSettings
  1

  2
none_device
  4

  6

 40
0.0
 41
0.0
 42
0.0
 43
0.0
 44
0.0
 45
0.0
 46
0.0
 47
0.0
 48
0.0
 49
0.0
140
0.0
141
0.0
142
1.0
143
1.0
 70
   688
 72
     1
 73
     0
 74
     5
  7

 75
    16
147
1.0
 76
     0
 77
     2
 78
   300
148
0.0
149
0.0
100
AcDbLayout
  1
Layout1
 70
     1
 71
     1
 10
0.0
 20
0.0
 11
420.0
 21
297.0
 12
0.0
 22
0.0
 32
0.0
 14
1.000000000000000E+20
 24
1.000000000000000E+20
 34
1.000000000000000E+20
 15
-1.000000000000000E+20
 25
-1.000000000000000E+20
 35
-1.000000000000000E+20
146
0.0
 13
0.0
 23
0.0
 33
0.0
 16
1.0
 26
0.0
 36
0.0
 17
0.0
 27
1.0
 37
0.0
 76
     0
330
1B
  0
LAYOUT
  5
26
102
{ACAD_REACTORS
330
1A
102
}
330
1A
100
AcDbPlotSettings
  1

  2
none_device
  4

  6

 40
0.0
 41
0.0
 42
0.0
 43
0.0
 44
0.0
 45
0.0
 46
0.0
 47
0.0
 48
0.0
 49
0.0
140
0.0
141
0.0
142
1.0
143
1.0
 70
   688
 72
     1
 73
     0
 74
     5
  7

 75
    16
147
1.0
 76
     0
 77
     2
 78
   300
148
0.0
149
0.0
100
AcDbLayout
  1
Layout2
 70
     1
 71
     2
 10
0.0
 20
0.0
 11
0.0
 21
0.0
 12
0.0
 22
0.0
 32
0.0
 14
0.0
 24
0.0
 34
0.0
 15
0.0
 25
0.0
 35
0.0
146
0.0
 13
0.0
 23
0.0
 33
0.0
 16
1.0
 26
0.0
 36
0.0
 17
0.0
 27
1.0
 37
0.0
 76
     0
330
23
  0
LAYOUT
  5
22
102
{ACAD_REACTORS
330
1A
102
}
330
1A
100
AcDbPlotSettings
  1

  2
none_device
  4
Letter_(8.50_x_11.00_Inches)
  6

 40
6.349999999999999
 41
6.349999999999999
 42
6.350005079999999
 43
6.350005079999999
 44
215.9
 45
279.4
 46
0.0
 47
0.0
 48
0.0
 49
0.0
140
0.0
141
0.0
142
1.0
143
1.0
 70
  1712
 72
     1
 73
     0
 74
     0
  7

 75
     0
147
1.0
 76
     0
 77
     2
 78
   300
148
0.0
149
0.0
100
AcDbLayout
  1
Model
 70
     1
 71
     0
 10
0.0
 20
0.0
 11
1189.0
 21
841.0
 12
0.0
 22
0.0
 32
0.0
 14
0.0
 24
0.0
 34
0.0
 15
1189.0
 25
841.0
 35
0.0
146
0.0
 13
0.0
 23
0.0
 33
0.0
 16
1.0
 26
0.0
 36
0.0
 17
0.0
 27
1.0
 37
0.0
 76
     0
330
1F
331
29
  0
MATERIAL
  5
821
102
{ACAD_REACTORS
330
81F
102
}
330
81F
100
AcDbMaterial
  1
ByBlock
 73
     1
 78
     1
172
     1
176
     1
270
     1
274
     1
 94
       63
  0
MATERIAL
  5
820
102
{ACAD_REACTORS
330
81F
102
}
330
81F
100
AcDbMaterial
  1
ByLayer
 73
     1
 78
     1
172
     1
176
     1
270
     1
274
     1
 94
       63
  0
MATERIAL
  5
822
102
{ACAD_REACTORS
330
81F
102
}
330
81F
100
AcDbMaterial
  1
Global
 73
     1
 78
     1
172
     1
176
     1
270
     1
274
     1
 94
       63
  0
MLEADERSTYLE
  5
EC5
102
{ACAD_REACTORS
330
EC4
102
}
330
EC4
100
AcDbMLeaderStyle
179
     2
170
     2
171
     1
172
     0
 90
        2
 40
0.0
 41
0.0
173
     1
 91
-1056964608
340
14
 92
       -2
290
     1
 42
2.0
291
     1
 43
0.36
  3
Standard
 44
4.0
300

342
11
174
     1
178
     6
175
     1
176
     0
 93
-1056964608
 45
4.0
292
     0
297
     0
 46
4.0
 94
-1056964608
 47
1.0
 49
1.0
140
1.0
293
     1
141
0.0
294
     1
177
     0
142
1.0
295
     0
296
     0
143
0.125
271
     0
272
     9
273
     9
298
     1
  0
MLINESTYLE
  5
18
102
{ACAD_REACTORS
330
17
102
}
330
17
100
AcDbMlineStyle
  2
STANDARD
 70
     0
  3

 62
   256
 51
90.0
 52
90.0
 71
     2
 49
0.5
 62
   256
  6
BYLAYER
 49
-0.5
 62
   256
  6
BYLAYER
  0
ACDBPLACEHOLDER
  5
F
102
{ACAD_REACTORS
330
E
102
}
330
E
  0
SCALE
  5
48
102
{ACAD_REACTORS
330
47
102
}
330
47
100
AcDbScale
 70
     0
300
1:1
140
1.0
141
1.0
290
     1
  0
SCALE
  5
49
102
{ACAD_REACTORS
330
47
102
}
330
47
100
AcDbScale
 70
     0
300
1:2
140
1.0
141
2.0
290
     0
  0
SCALE
  5
4A
102
{ACAD_REACTORS
330
47
102
}
330
47
100
AcDbScale
 70
     0
300
1:4
140
1.0
141
4.0
290
     0
  0
SCALE
  5
4B
102
{ACAD_REACTORS
330
47
102
}
330
47
100
AcDbScale
 70
     0
300
1:5
140
1.0
141
5.0
290
     0
  0
SCALE
  5
4C
102
{ACAD_REACTORS
330
47
102
}
330
47
100
AcDbScale
 70
     0
300
1:8
140
1.0
141
8.0
290
     0
  0
SCALE
  5
4D
102
{ACAD_REACTORS
330
47
102
}
330
47
100
AcDbScale
 70
     0
300
1:10
140
1.0
141
10.0
290
     0
  0
SCALE
  5
4E
102
{ACAD_REACTORS
330
47
102
}
330
47
100
AcDbScale
 70
     0
300
1:16
140
1.0
141
16.0
290
     0
  0
SCALE
  5
4F
102
{ACAD_REACTORS
330
47
102
}
330
47
100
AcDbScale
 70
     0
300
1:20
140
1.0
141
20.0
290
     0
  0
SCALE
  5
50
102
{ACAD_REACTORS
330
47
102
}
330
47
100
AcDbScale
 70
     0
300
1:30
140
1.0
141
30.0
290
     0
  0
SCALE
  5
51
102
{ACAD_REACTORS
330
47
102
}
330
47
100
AcDbScale
 70
     0
300
1:40
140
1.0
141
40.0
290
     0
  0
SCALE
  5
52
102
{ACAD_REACTORS
330
47
102
}
330
47
100
AcDbScale
 70
     0
300
1:50
140
1.0
141
50.0
290
     0
  0
SCALE
  5
53
102
{ACAD_REACTORS
330
47
102
}
330
47
100
AcDbScale
 70
     0
300
1:100
140
1.0
141
100.0
290
     0
  0
SCALE
  5
54
102
{ACAD_REACTORS
330
47
102
}
330
47
100
AcDbScale
 70
     0
300
2:1
140
2.0
141
1.0
290
     0
  0
SCALE
  5
55
102
{ACAD_REACTORS
330
47
102
}
330
47
100
AcDbScale
 70
     0
300
4:1
140
4.0
141
1.0
290
     0
  0
SCALE
  5
56
102
{ACAD_REACTORS
330
47
102
}
330
47
100
AcDbScale
 70
     0
300
8:1
140
8.0
141
1.0
290
     0
  0
SCALE
  5
57
102
{ACAD_REACTORS
330
47
102
}
330
47
100
AcDbScale
 70
     0
300
10:1
140
10.0
141
1.0
290
     0
  0
SCALE
  5
58
102
{ACAD_REACTORS
330
47
102
}
330
47
100
AcDbScale
 70
     0
300
100:1
140
100.0
141
1.0
290
     0
  0
SCALE
  5
59
102
{ACAD_REACTORS
330
47
102
}
330
47
100
AcDbScale
 70
     0
300
1/128" = 1'-0"
140
0.0078125
141
12.0
290
     0
  0
SCALE
  5
5A
102
{ACAD_REACTORS
330
47
102
}
330
47
100
AcDbScale
 70
     0
300
1/64" = 1'-0"
140
0.015625
141
12.0
290
     0
  0
SCALE
  5
5B
102
{ACAD_REACTORS
330
47
102
}
330
47
100
AcDbScale
 70
     0
300
1/32" = 1'-0"
140
0.03125
141
12.0
290
     0
  0
SCALE
  5
5C
102
{ACAD_REACTORS
330
47
102
}
330
47
100
AcDbScale
 70
     0
300
1/16" = 1'-0"
140
0.0625
141
12.0
290
     0
  0
SCALE
  5
5D
102
{ACAD_REACTORS
330
47
102
}
330
47
100
AcDbScale
 70
     0
300
3/32" = 1'-0"
140
0.09375
141
12.0
290
     0
  0
SCALE
  5
5E
102
{ACAD_REACTORS
330
47
102
}
330
47
100
AcDbScale
 70
     0
300
1/8" = 1'-0"
140
0.125
141
12.0
290
     0
  0
SCALE
  5
5F
102
{ACAD_REACTORS
330
47
102
}
330
47
100
AcDbScale
 70
     0
300
3/16" = 1'-0"
140
0.1875
141
12.0
290
     0
  0
SCALE
  5
60
102
{ACAD_REACTORS
330
47
102
}
330
47
100
AcDbScale
 70
     0
300
1/4" = 1'-0"
140
0.25
141
12.0
290
     0
  0
SCALE
  5
61
102
{ACAD_REACTORS
330
47
102
}
330
47
100
AcDbScale
 70
     0
300
3/8" = 1'-0"
140
0.375
141
12.0
290
     0
  0
SCALE
  5
62
102
{ACAD_REACTORS
330
47
102
}
330
47
100
AcDbScale
 70
     0
300
1/2" = 1'-0"
140
0.5
141
12.0
290
     0
  0
SCALE
  5
63
102
{ACAD_REACTORS
330
47
102
}
330
47
100
AcDbScale
 70
     0
300
3/4" = 1'-0"
140
0.75
141
12.0
290
     0
  0
SCALE
  5
64
102
{ACAD_REACTORS
330
47
102
}
330
47
100
AcDbScale
 70
     0
300
1" = 1'-0"
140
1.0
141
12.0
290
     0
  0
SCALE
  5
65
102
{ACAD_REACTORS
330
47
102
}
330
47
100
AcDbScale
 70
     0
300
1-1/2" = 1'-0"
140
1.5
141
12.0
290
     0
  0
SCALE
  5
66
102
{ACAD_REACTORS
330
47
102
}
330
47
100
AcDbScale
 70
     0
300
3" = 1'-0"
140
3.0
141
12.0
290
     0
  0
SCALE
  5
67
102
{ACAD_REACTORS
330
47
102
}
330
47
100
AcDbScale
 70
     0
300
6" = 1'-0"
140
6.0
141
12.0
290
     0
  0
SCALE
  5
68
102
{ACAD_REACTORS
330
47
102
}
330
47
100
AcDbScale
 70
     0
300
1'-0" = 1'-0"
140
12.0
141
12.0
290
     0
  0
ACDBSECTIONVIEWSTYLE
  5
EC7
102
{ACAD_XDICTIONARY
360
1024
102
}
102
{ACAD_REACTORS
330
EC6
102
}
330
EC6
100
AcDbModelDocViewStyle
 70
     0
  3
Metric50
290
     0
100
AcDbSectionViewStyle
 70
     0
 71
     0
 90
      102
 71
     1
340
11
 62
   256
 40
5.0
340
0
340
0
 62
   256
 40
5.0
300
I, O, Q, S, X, Z
 40
10.0
 90
        0
 40
2.5
 90
        0
 71
     2
340
16
 90
       25
 62
   256
340
16
 90
       50
 62
   256
 40
5.0
 40
2.5
 40
5.0
 71
     3
340
11
 62
   256
 40
5.0
 90
        0
 40
15.0
 90
        1
300
%<\AcVar ViewSectionStartId>%-%<\AcVar ViewSectionEndId>% (%<\AcVar ViewScale \f "%sn">%)
 71
     4
 62
   256
 62
   257
300
ANSI31
 40
1.0
 90
        0
290
     0
290
     0
 90
        6
 40
0.0
 40
1.570796326794896
 40
0.2617993877991494
 40
1.308996938995747
 40
-0.2617993877991494
 40
1.832595714594046
  0
TABLESTYLE
  5
836
102
{ACAD_XDICTIONARY
360
1021
102
}
102
{ACAD_REACTORS
330
835
102
}
330
835
100
AcDbTableStyle
280
     0
  3
Standard
 70
     0
 71
     0
 40
1.5
 41
1.5
280
     0
281
     0
  7
Standard
140
4.5
170
     2
 62
     0
 63
     7
283
     0
 90
      512
 91
        0
  1

274
    -2
284
     1
 64
     0
275
    -2
285
     1
 65
     0
276
    -2
286
     1
 66
     0
277
    -2
287
     1
 67
     0
278
    -2
288
     1
 68
     0
279
    -2
289
     1
 69
     0
  7
Standard
140
6.0
170
     5
 62
     0
 63
     7
283
     0
 90
      512
 91
        0
  1

274
    -2
284
     1
 64
     0
275
    -2
285
     1
 65
     0
276
    -2
286
     1
 66
     0
277
    -2
287
     1
 67
     0
278
    -2
288
     1
 68
     0
279
    -2
289
     1
 69
     0
  7
Standard
140
4.5
170
     5
 62
     0
 63
     7
283
     0
 90
      512
 91
        0
  1

274
    -2
284
     1
 64
     0
275
    -2
285
     1
 65
     0
276
    -2
286
     1
 66
     0
277
    -2
287
     1
 67
     0
278
    -2
288
     1
 68
     0
279
    -2
289
     1
 69
     0
  0
VISUALSTYLE
  5
829
102
{ACAD_REACTORS
330
823
102
}
330
823
100
AcDbVisualStyle
  2
2dWireframe
 70
     4
177
     3
291
     0
 70
    58
 90
        0
176
     1
 90
        2
176
     1
 90
        0
176
     1
 90
        0
176
     1
 40
0.6
176
     1
 40
30.0
176
     1
 62
     7
420
 16777215
176
     1
 90
        1
176
     1
 90
        4
176
     1
 62
     7
176
     1
 62
   257
176
     1
 90
        1
176
     1
 90
        1
176
     1
 40
1.0
176
     1
 90
        0
176
     1
 62
   257
176
     1
 40
1.0
176
     1
 90
        1
176
     1
 90
        6
176
     1
 90
        2
176
     1
 62
     7
176
     1
 90
        5
176
     1
 90
        0
176
     1
 90
        0
176
     1
290
     0
176
     1
 90
        1
176
     1
 40
0.0
176
     1
 90
        0
176
     1
290
     1
176
     1
290
     1
176
     1
290
     0
176
     1
290
     0
176
     1
290
     0
176
     1
290
     0
176
     1
290
     0
176
     1
290
     0
176
     1
290
     0
176
     1
 90
       50
176
     1
 40
0.0
176
     1
 40
1.0
176
     1
 90
        0
176
     1
 62
    18
420
        0
176
     1
 90
       50
176
     1
 90
        3
176
     1
 62
     5
420
      255
176
     1
290
     0
176
     1
 90
       50
176
     1
 90
       50
176
     1
 90
       50
176
     1
290
     0
176
     1
 90
       50
176
     1
 62
   256
176
     0
 40
1.0
176
     0
 90
        2
176
     1
  1
strokes_ogs.tif
176
     1
290
     0
176
     1
 40
1.0
176
     1
 40
1.0
176
     1
1001
ACAD
1000
AcDbSavedByObjectVersion
1070
     0
  0
VISUALSTYLE
  5
82B
102
{ACAD_REACTORS
330
823
102
}
330
823
100
AcDbVisualStyle
  2
3D Hidden
 70
     6
177
     3
291
     0
 70
    58
 90
        1
176
     1
 90
        2
176
     1
 90
        2
176
     1
 90
        0
176
     1
 40
0.6
176
     1
 40
30.0
176
     1
 62
     7
420
 16777215
176
     1
 90
        2
176
     1
 90
        2
176
     1
 62
     7
176
     1
 62
   257
176
     1
 90
        2
176
     1
 90
        1
176
     1
 40
40.0
176
     1
 90
        0
176
     1
 62
   257
176
     1
 40
1.0
176
     1
 90
        1
176
     1
 90
        6
176
     1
 90
        2
176
     1
 62
     7
176
     1
 90
        3
176
     1
 90
        0
176
     1
 90
        0
176
     1
290
     0
176
     1
 90
        1
176
     1
 40
0.0
176
     1
 90
        0
176
     1
290
     0
176
     1
290
     1
176
     1
290
     1
176
     1
290
     0
176
     1
290
     0
176
     1
290
     0
176
     1
290
     0
176
     1
290
     0
176
     1
290
     0
176
     1
 90
       50
176
     1
 40
0.0
176
     1
 40
1.0
176
     1
 90
        0
176
     1
 62
    18
420
        0
176
     1
 90
       50
176
     1
 90
        3
176
     1
 62
     5
420
      255
176
     1
290
     0
176
     1
 90
       50
176
     1
 90
       50
176
     1
 90
       50
176
     1
290
     0
176
     1
 90
       50
176
     1
 62
   256
176
     0
 40
1.0
176
     0
 90
        2
176
     1
  1
strokes_ogs.tif
176
     1
290
     0
176
     1
 40
1.0
176
     1
 40
1.0
176
     1
1001
ACAD
1000
AcDbSavedByObjectVersion
1070
     0
  0
VISUALSTYLE
  5
82A
102
{ACAD_REACTORS
330
823
102
}
330
823
100
AcDbVisualStyle
  2
3dWireframe
 70
     5
177
     3
291
     0
 70
    58
 90
        0
176
     1
 90
        2
176
     1
 90
        0
176
     1
 90
        0
176
     1
 40
0.6
176
     1
 40
30.0
176
     1
 62
     7
420
 16777215
176
     1
 90
        1
176
     1
 90
        4
176
     1
 62
     7
176
     1
 62
   257
176
     1
 90
        1
176
     1
 90
        1
176
     1
 40
1.0
176
     1
 90
        0
176
     1
 62
   257
176
     1
 40
1.0
176
     1
 90
        1
176
     1
 90
        6
176
     1
 90
        2
176
     1
 62
     7
176
     1
 90
        5
176
     1
 90
        0
176
     1
 90
        0
176
     1
290
     0
176
     1
 90
        1
176
     1
 40
0.0
176
     1
 90
        0
176
     1
290
     0
176
     1
290
     1
176
     1
290
     1
176
     1
290
     0
176
     1
290
     0
176
     1
290
     0
176
     1
290
     0
176
     1
290
     0
176
     1
290
     0
176
     1
 90
       50
176
     1
 40
0.0
176
     1
 40
1.0
176
     1
 90
        0
176
     1
 62
    18
420
        0
176
     1
 90
       50
176
     1
 90
        3
176
     1
 62
     5
420
      255
176
     1
290
     0
176
     1
 90
       50
176
     1
 90
       50
176
     1
 90
       50
176
     1
290
     0
176
     1
 90
       50
176
     1
 62
   256
176
     0
 40
1.0
176
     0
 90
        2
176
     1
  1
strokes_ogs.tif
176
     1
290
     0
176
     1
 40
1.0
176
     1
 40
1.0
176
     1
1001
ACAD
1000
AcDbSavedByObjectVersion
1070
     0
  0
VISUALSTYLE
  5
828
102
{ACAD_REACTORS
330
823
102
}
330
823
100
AcDbVisualStyle
  2
Basic
 70
     7
177
     3
291
     1
 70
    58
 90
        1
176
     1
 90
        0
176
     1
 90
        1
176
     1
 90
        0
176
     1
 40
0.6
176
     1
 40
30.0
176
     1
 62
     7
420
 16777215
176
     1
 90
        0
176
     1
 90
        4
176
     1
 62
     7
176
     1
 62
   257
176
     1
 90
        1
176
     1
 90
        1
176
     1
 40
1.0
176
     1
 90
        8
176
     1
 62
     7
176
     1
 40
1.0
176
     1
 90
        1
176
     1
 90
        6
176
     1
 90
        2
176
     1
 62
     7
176
     1
 90
        5
176
     1
 90
        0
176
     1
 90
        0
176
     1
290
     0
176
     1
 90
        1
176
     1
 40
0.0
176
     1
 90
        0
176
     1
290
     0
176
     1
290
     1
176
     1
290
     1
176
     1
290
     0
176
     1
290
     0
176
     1
290
     0
176
     1
290
     0
176
     1
290
     0
176
     1
290
     0
176
     1
 90
       50
176
     1
 40
0.0
176
     1
 40
1.0
176
     1
 90
        0
176
     1
 62
    18
420
        0
176
     1
 90
       50
176
     1
 90
        3
176
     1
 62
     5
420
      255
176
     1
290
     0
176
     1
 90
       50
176
     1
 90
       50
176
     1
 90
       50
176
     1
290
     0
176
     1
 90
       50
176
     1
 62
   256
176
     0
 40
1.0
176
     0
 90
        2
176
     1
  1
strokes_ogs.tif
176
     1
290
     0
176
     1
 40
1.0
176
     1
 40
1.0
176
     1
1001
ACAD
1000
AcDbSavedByObjectVersion
1070
     0
  0
VISUALSTYLE
  5
82F
102
{ACAD_REACTORS
330
823
102
}
330
823
100
AcDbVisualStyle
  2
Brighten
 70
    12
177
     3
291
     1
 70
    58
 90
        2
176
     1
 90
        2
176
     1
 90
        0
176
     1
 90
        0
176
     1
 40
0.6
176
     1
 40
30.0
176
     1
 62
     7
420
 16777215
176
     1
 90
        1
176
     1
 90
        4
176
     1
 62
     7
176
     1
 62
   257
176
     1
 90
        1
176
     1
 90
        1
176
     1
 40
1.0
176
     1
 90
        8
176
     1
 62
     7
176
     1
 40
1.0
176
     1
 90
        1
176
     1
 90
        6
176
     1
 90
        2
176
     1
 62
     7
176
     1
 90
        5
176
     1
 90
        0
176
     1
 90
        0
176
     1
290
     0
176
     1
 90
        1
176
     1
 40
50.0
176
     1
 90
        0
176
     1
290
     0
176
     1
290
     1
176
     1
290
     1
176
     1
290
     0
176
     1
290
     0
176
     1
290
     0
176
     1
290
     0
176
     1
290
     0
176
     1
290
     0
176
     1
 90
       50
176
     1
 40
0.0
176
     1
 40
1.0
176
     1
 90
        0
176
     1
 62
    18
420
        0
176
     1
 90
       50
176
     1
 90
        3
176
     1
 62
     5
420
      255
176
     1
290
     0
176
     1
 90
       50
176
     1
 90
       50
176
     1
 90
       50
176
     1
290
     0
176
     1
 90
       50
176
     1
 62
   256
176
     0
 40
1.0
176
     0
 90
        2
176
     1
  1
strokes_ogs.tif
176
     1
290
     0
176
     1
 40
1.0
176
     1
 40
1.0
176
     1
1001
ACAD
1000
AcDbSavedByObjectVersion
1070
     0
  0
VISUALSTYLE
  5
833
102
{ACAD_REACTORS
330
823
102
}
330
823
100
AcDbVisualStyle
  2
ColorChange
 70
    16
177
     3
291
     1
 70
    58
 90
        2
176
     1
 90
        2
176
     1
 90
        3
176
     1
 90
        0
176
     1
 40
0.6
176
     1
 40
30.0
176
     1
 62
     8
420
  8421504
176
     1
 90
        1
176
     1
 90
        4
176
     1
 62
     7
176
     1
 62
   257
176
     1
 90
        1
176
     1
 90
        1
176
     1
 40
1.0
176
     1
 90
        8
176
     1
 62
     8
420
  8421504
176
     1
 40
1.0
176
     1
 90
        1
176
     1
 90
        6
176
     1
 90
        2
176
     1
 62
     7
176
     1
 90
        5
176
     1
 90
        0
176
     1
 90
        0
176
     1
290
     0
176
     1
 90
        1
176
     1
 40
0.0
176
     1
 90
        0
176
     1
290
     0
176
     1
290
     1
176
     1
290
     1
176
     1
290
     0
176
     1
290
     0
176
     1
290
     0
176
     1
290
     0
176
     1
290
     0
176
     1
290
     0
176
     1
 90
       50
176
     1
 40
0.0
176
     1
 40
1.0
176
     1
 90
        0
176
     1
 62
    18
420
        0
176
     1
 90
       50
176
     1
 90
        3
176
     1
 62
     5
420
      255
176
     1
290
     0
176
     1
 90
       50
176
     1
 90
       50
176
     1
 90
       50
176
     1
290
     0
176
     1
 90
       50
176
     1
 62
   256
176
     0
 40
1.0
176
     0
 90
        2
176
     1
  1
strokes_ogs.tif
176
     1
290
     0
176
     1
 40
1.0
176
     1
 40
1.0
176
     1
1001
ACAD
1000
AcDbSavedByObjectVersion
1070
     0
  0
VISUALSTYLE
  5
82C
102
{ACAD_REACTORS
330
823
102
}
330
823
100
AcDbVisualStyle
  2
Conceptual
 70
     9
177
     3
291
     0
 70
    58
 90
        3
176
     1
 90
        2
176
     1
 90
        0
176
     1
 90
        0
176
     1
 40
0.6
176
     1
 40
30.0
176
     1
 62
     7
420
 16777215
176
     1
 90
        2
176
     1
 90
        2
176
     1
 62
     7
176
     1
 62
   257
176
     1
 90
        1
176
     1
 90
        1
176
     1
 40
40.0
176
     1
 90
        8
176
     1
 62
     7
176
     1
 40
1.0
176
     1
 90
        1
176
     1
 90
        6
176
     1
 90
        2
176
     1
 62
     7
176
     1
 90
        3
176
     1
 90
        0
176
     1
 90
        0
176
     1
290
     0
176
     1
 90
        1
176
     1
 40
0.0
176
     1
 90
        0
176
     1
290
     0
176
     1
290
     1
176
     1
290
     1
176
     1
290
     0
176
     1
290
     0
176
     1
290
     0
176
     1
290
     0
176
     1
290
     0
176
     1
290
     0
176
     1
 90
       50
176
     1
 40
0.0
176
     1
 40
1.0
176
     1
 90
        0
176
     1
 62
    18
420
        0
176
     1
 90
       50
176
     1
 90
        3
176
     1
 62
     5
420
      255
176
     1
290
     0
176
     1
 90
       50
176
     1
 90
       50
176
     1
 90
       50
176
     1
290
     0
176
     1
 90
       50
176
     1
 62
   256
176
     0
 40
1.0
176
     0
 90
        2
176
     1
  1
strokes_ogs.tif
176
     1
290
     0
176
     1
 40
1.0
176
     1
 40
1.0
176
     1
1001
ACAD
1000
AcDbSavedByObjectVersion
1070
     0
  0
VISUALSTYLE
  5
82E
102
{ACAD_REACTORS
330
823
102
}
330
823
100
AcDbVisualStyle
  2
Dim
 70
    11
177
     3
291
     1
 70
    58
 90
        2
176
     1
 90
        2
176
     1
 90
        0
176
     1
 90
        0
176
     1
 40
0.6
176
     1
 40
30.0
176
     1
 62
     7
420
 16777215
176
     1
 90
        1
176
     1
 90
        4
176
     1
 62
     7
176
     1
 62
   257
176
     1
 90
        1
176
     1
 90
        1
176
     1
 40
1.0
176
     1
 90
        8
176
     1
 62
     7
176
     1
 40
1.0
176
     1
 90
        1
176
     1
 90
        6
176
     1
 90
        2
176
     1
 62
     7
176
     1
 90
        5
176
     1
 90
        0
176
     1
 90
        0
176
     1
290
     0
176
     1
 90
        1
176
     1
 40
-50.0
176
     1
 90
        0
176
     1
290
     0
176
     1
290
     1
176
     1
290
     1
176
     1
290
     0
176
     1
290
     0
176
     1
290
     0
176
     1
290
     0
176
     1
290
     0
176
     1
290
     0
176
     1
 90
       50
176
     1
 40
0.0
176
     1
 40
1.0
176
     1
 90
        0
176
     1
 62
    18
420
        0
176
     1
 90
       50
176
     1
 90
        3
176
     1
 62
     5
420
      255
176
     1
290
     0
176
     1
 90
       50
176
     1
 90
       50
176
     1
 90
       50
176
     1
290
     0
176
     1
 90
       50
176
     1
 62
   256
176
     0
 40
1.0
176
     0
 90
        2
176
     1
  1
strokes_ogs.tif
176
     1
290
     0
176
     1
 40
1.0
176
     1
 40
1.0
176
     1
1001
ACAD
1000
AcDbSavedByObjectVersion
1070
     0
  0
VISUALSTYLE
  5
EC3
102
{ACAD_REACTORS
330
823
102
}
330
823
100
AcDbVisualStyle
  2
EdgeColorOff
 70
    22
177
     3
291
     1
 70
    58
 90
        2
176
     0
 90
        2
176
     0
 90
        0
176
     0
 90
        0
176
     0
 40
0.6
176
     0
 40
30.0
176
     0
 62
     7
420
 16777215
176
     0
 90
        1
176
     0
 90
        4
176
     0
 62
     7
176
     0
 62
   257
176
     0
 90
        1
176
     0
 90
        1
176
     0
 40
1.0
176
     0
 90
        8
176
     2
 62
     7
176
     0
 40
1.0
176
     0
 90
        1
176
     0
 90
        6
176
     0
 90
        2
176
     0
 62
     7
176
     0
 90
        5
176
     0
 90
        0
176
     0
 90
        0
176
     0
290
     0
176
     0
 90
        1
176
     0
 40
0.0
176
     0
 90
        0
176
     0
290
     0
176
     0
290
     1
176
     0
290
     1
176
     0
290
     0
176
     0
290
     0
176
     0
290
     0
176
     0
290
     0
176
     0
290
     0
176
     0
290
     0
176
     0
 90
       50
176
     0
 40
0.0
176
     0
 40
1.0
176
     0
 90
        0
176
     0
 62
    18
420
        0
176
     0
 90
       50
176
     0
 90
        3
176
     0
 62
     5
420
      255
176
     0
290
     0
176
     0
 90
       50
176
     0
 90
       50
176
     0
 90
       50
176
     0
290
     0
176
     0
 90
       50
176
     0
 62
   256
176
     0
 40
1.0
176
     0
 90
        2
176
     0
  1
strokes_ogs.tif
176
     0
290
     0
176
     0
 40
1.0
176
     0
 40
1.0
176
     0
1001
ACAD
1000
AcDbSavedByObjectVersion
1070
     0
  0
VISUALSTYLE
  5
832
102
{ACAD_REACTORS
330
823
102
}
330
823
100
AcDbVisualStyle
  2
Facepattern
 70
    15
177
     3
291
     1
 70
    58
 90
        2
176
     1
 90
        2
176
     1
 90
        0
176
     1
 90
        0
176
     1
 40
0.6
176
     1
 40
30.0
176
     1
 62
     7
420
 16777215
176
     1
 90
        1
176
     1
 90
        4
176
     1
 62
     7
176
     1
 62
   257
176
     1
 90
        1
176
     1
 90
        1
176
     1
 40
1.0
176
     1
 90
        8
176
     1
 62
     7
176
     1
 40
1.0
176
     1
 90
        1
176
     1
 90
        6
176
     1
 90
        2
176
     1
 62
     7
176
     1
 90
        5
176
     1
 90
        0
176
     1
 90
        0
176
     1
290
     0
176
     1
 90
        1
176
     1
 40
0.0
176
     1
 90
        0
176
     1
290
     0
176
     1
290
     1
176
     1
290
     1
176
     1
290
     0
176
     1
290
     0
176
     1
290
     0
176
     1
290
     0
176
     1
290
     0
176
     1
290
     0
176
     1
 90
       50
176
     1
 40
0.0
176
     1
 40
1.0
176
     1
 90
        0
176
     1
 62
    18
420
        0
176
     1
 90
       50
176
     1
 90
        3
176
     1
 62
     5
420
      255
176
     1
290
     0
176
     1
 90
       50
176
     1
 90
       50
176
     1
 90
       50
176
     1
290
     0
176
     1
 90
       50
176
     1
 62
   256
176
     0
 40
1.0
176
     0
 90
        2
176
     1
  1
strokes_ogs.tif
176
     1
290
     0
176
     1
 40
1.0
176
     1
 40
1.0
176
     1
1001
ACAD
1000
AcDbSavedByObjectVersion
1070
     0
  0
VISUALSTYLE
  5
824
102
{ACAD_REACTORS
330
823
102
}
330
823
100
AcDbVisualStyle
  2
Flat
 70
     0
177
     3
291
     1
 70
    58
 90
        2
176
     1
 90
        1
176
     1
 90
        1
176
     1
 90
        2
176
     1
 40
0.6
176
     1
 40
30.0
176
     1
 62
     7
420
 16777215
176
     1
 90
        0
176
     1
 90
        4
176
     1
 62
     7
176
     1
 62
   257
176
     1
 90
        1
176
     1
 90
        1
176
     1
 40
1.0
176
     1
 90
        8
176
     1
 62
     7
176
     1
 40
1.0
176
     1
 90
        1
176
     1
 90
        6
176
     1
 90
        2
176
     1
 62
     7
176
     1
 90
        5
176
     1
 90
        0
176
     1
 90
        0
176
     1
290
     0
176
     1
 90
       13
176
     1
 40
0.0
176
     1
 90
        0
176
     1
290
     0
176
     1
290
     1
176
     1
290
     1
176
     1
290
     0
176
     1
290
     0
176
     1
290
     0
176
     1
290
     0
176
     1
290
     0
176
     1
290
     0
176
     1
 90
       50
176
     1
 40
0.0
176
     1
 40
1.0
176
     1
 90
        0
176
     1
 62
    18
420
        0
176
     1
 90
       50
176
     1
 90
        3
176
     1
 62
     5
420
      255
176
     1
290
     0
176
     1
 90
       50
176
     1
 90
       50
176
     1
 90
       50
176
     1
290
     0
176
     1
 90
       50
176
     1
 62
   256
176
     0
 40
1.0
176
     0
 90
        2
176
     1
  1
strokes_ogs.tif
176
     1
290
     0
176
     1
 40
1.0
176
     1
 40
1.0
176
     1
1001
ACAD
1000
AcDbSavedByObjectVersion
1070
     0
  0
VISUALSTYLE
  5
825
102
{ACAD_REACTORS
330
823
102
}
330
823
100
AcDbVisualStyle
  2
FlatWithEdges
 70
     1
177
     3
291
     1
 70
    58
 90
        2
176
     1
 90
        1
176
     1
 90
        1
176
     1
 90
        2
176
     1
 40
0.6
176
     1
 40
30.0
176
     1
 62
     7
420
 16777215
176
     1
 90
        1
176
     1
 90
        4
176
     1
 62
     7
176
     1
 62
   257
176
     1
 90
        1
176
     1
 90
        1
176
     1
 40
1.0
176
     1
 90
        0
176
     1
 62
   257
176
     1
 40
1.0
176
     1
 90
        1
176
     1
 90
        6
176
     1
 90
        2
176
     1
 62
     7
176
     1
 90
        5
176
     1
 90
        0
176
     1
 90
        0
176
     1
290
     0
176
     1
 90
       13
176
     1
 40
0.0
176
     1
 90
        0
176
     1
290
     0
176
     1
290
     1
176
     1
290
     1
176
     1
290
     0
176
     1
290
     0
176
     1
290
     0
176
     1
290
     0
176
     1
290
     0
176
     1
290
     0
176
     1
 90
       50
176
     1
 40
0.0
176
     1
 40
1.0
176
     1
 90
        0
176
     1
 62
    18
420
        0
176
     1
 90
       50
176
     1
 90
        3
176
     1
 62
     5
420
      255
176
     1
290
     0
176
     1
 90
       50
176
     1
 90
       50
176
     1
 90
       50
176
     1
290
     0
176
     1
 90
       50
176
     1
 62
   256
176
     0
 40
1.0
176
     0
 90
        2
176
     1
  1
strokes_ogs.tif
176
     1
290
     0
176
     1
 40
1.0
176
     1
 40
1.0
176
     1
1001
ACAD
1000
AcDbSavedByObjectVersion
1070
     0
  0
VISUALSTYLE
  5
826
102
{ACAD_REACTORS
330
823
102
}
330
823
100
AcDbVisualStyle
  2
Gouraud
 70
     2
177
     3
291
     1
 70
    58
 90
        2
176
     1
 90
        2
176
     1
 90
        1
176
     1
 90
        2
176
     1
 40
0.6
176
     1
 40
30.0
176
     1
 62
     7
420
 16777215
176
     1
 90
        0
176
     1
 90
        4
176
     1
 62
     7
176
     1
 62
   257
176
     1
 90
        1
176
     1
 90
        1
176
     1
 40
1.0
176
     1
 90
        0
176
     1
 62
     7
176
     1
 40
1.0
176
     1
 90
        1
176
     1
 90
        6
176
     1
 90
        2
176
     1
 62
     7
176
     1
 90
        5
176
     1
 90
        0
176
     1
 90
        0
176
     1
290
     0
176
     1
 90
       13
176
     1
 40
0.0
176
     1
 90
        0
176
     1
290
     0
176
     1
290
     1
176
     1
290
     1
176
     1
290
     0
176
     1
290
     0
176
     1
290
     0
176
     1
290
     0
176
     1
290
     0
176
     1
290
     0
176
     1
 90
       50
176
     1
 40
0.0
176
     1
 40
1.0
176
     1
 90
        0
176
     1
 62
    18
420
        0
176
     1
 90
       50
176
     1
 90
        3
176
     1
 62
     5
420
      255
176
     1
290
     0
176
     1
 90
       50
176
     1
 90
       50
176
     1
 90
       50
176
     1
290
     0
176
     1
 90
       50
176
     1
 62
   256
176
     0
 40
1.0
176
     0
 90
        2
176
     1
  1
strokes_ogs.tif
176
     1
290
     0
176
     1
 40
1.0
176
     1
 40
1.0
176
     1
1001
ACAD
1000
AcDbSavedByObjectVersion
1070
     0
  0
VISUALSTYLE
  5
827
102
{ACAD_REACTORS
330
823
102
}
330
823
100
AcDbVisualStyle
  2
GouraudWithEdges
 70
     3
177
     3
291
     1
 70
    58
 90
        2
176
     1
 90
        2
176
     1
 90
        1
176
     1
 90
        2
176
     1
 40
0.6
176
     1
 40
30.0
176
     1
 62
     7
420
 16777215
176
     1
 90
        1
176
     1
 90
        4
176
     1
 62
     7
176
     1
 62
   257
176
     1
 90
        1
176
     1
 90
        1
176
     1
 40
1.0
176
     1
 90
        0
176
     1
 62
   257
176
     1
 40
1.0
176
     1
 90
        1
176
     1
 90
        6
176
     1
 90
        2
176
     1
 62
     7
176
     1
 90
        5
176
     1
 90
        0
176
     1
 90
        0
176
     1
290
     0
176
     1
 90
       13
176
     1
 40
0.0
176
     1
 90
        0
176
     1
290
     0
176
     1
290
     1
176
     1
290
     1
176
     1
290
     0
176
     1
290
     0
176
     1
290
     0
176
     1
290
     0
176
     1
290
     0
176
     1
290
     0
176
     1
 90
       50
176
     1
 40
0.0
176
     1
 40
1.0
176
     1
 90
        0
176
     1
 62
    18
420
        0
176
     1
 90
       50
176
     1
 90
        3
176
     1
 62
     5
420
      255
176
     1
290
     0
176
     1
 90
       50
176
     1
 90
       50
176
     1
 90
       50
176
     1
290
     0
176
     1
 90
       50
176
     1
 62
   256
176
     0
 40
1.0
176
     0
 90
        2
176
     1
  1
strokes_ogs.tif
176
     1
290
     0
176
     1
 40
1.0
176
     1
 40
1.0
176
     1
1001
ACAD
1000
AcDbSavedByObjectVersion
1070
     0
  0
VISUALSTYLE
  5
EBB
102
{ACAD_REACTORS
330
823
102
}
330
823
100
AcDbVisualStyle
  2
Hidden
 70
     6
177
     3
291
     0
 70
    58
 90
        1
176
     1
 90
        2
176
     1
 90
        2
176
     1
 90
        0
176
     1
 40
0.6
176
     1
 40
30.0
176
     1
 62
     7
420
 16777215
176
     1
 90
        2
176
     1
 90
        2
176
     1
 62
     7
176
     1
 62
   257
176
     1
 90
        2
176
     1
 90
        1
176
     1
 40
40.0
176
     1
 90
        0
176
     1
 62
   257
176
     1
 40
1.0
176
     1
 90
        1
176
     1
 90
        6
176
     1
 90
        2
176
     1
 62
     7
176
     1
 90
        3
176
     1
 90
        0
176
     1
 90
        0
176
     1
290
     0
176
     1
 90
        1
176
     1
 40
0.0
176
     1
 90
        0
176
     1
290
     0
176
     1
290
     1
176
     1
290
     1
176
     1
290
     0
176
     1
290
     0
176
     1
290
     0
176
     1
290
     0
176
     1
290
     0
176
     1
290
     0
176
     1
 90
       50
176
     1
 40
0.0
176
     1
 40
1.0
176
     1
 90
        0
176
     1
 62
    18
420
        0
176
     1
 90
       50
176
     1
 90
        3
176
     1
 62
     5
420
      255
176
     1
290
     0
176
     1
 90
       50
176
     1
 90
       50
176
     1
 90
       50
176
     1
290
     0
176
     1
 90
       50
176
     1
 62
   256
176
     0
 40
1.0
176
     0
 90
        2
176
     1
  1
strokes_ogs.tif
176
     1
290
     0
176
     1
 40
1.0
176
     1
 40
1.0
176
     1
1001
ACAD
1000
AcDbSavedByObjectVersion
1070
     0
  0
VISUALSTYLE
  5
EC1
102
{ACAD_REACTORS
330
823
102
}
330
823
100
AcDbVisualStyle
  2
JitterOff
 70
    20
177
     3
291
     1
 70
    58
 90
        2
176
     0
 90
        2
176
     0
 90
        0
176
     0
 90
        0
176
     0
 40
0.6
176
     0
 40
30.0
176
     0
 62
     7
420
 16777215
176
     0
 90
        1
176
     0
 90
        4
176
     0
 62
     7
176
     0
 62
   257
176
     0
 90
        1
176
     0
 90
        1
176
     0
 40
1.0
176
     0
 90
       10
176
     2
 62
     7
176
     0
 40
1.0
176
     0
 90
        1
176
     0
 90
        6
176
     0
 90
        2
176
     0
 62
     7
176
     0
 90
        5
176
     0
 90
        0
176
     0
 90
        0
176
     0
290
     0
176
     0
 90
        1
176
     0
 40
0.0
176
     0
 90
        0
176
     0
290
     0
176
     0
290
     1
176
     0
290
     1
176
     0
290
     0
176
     0
290
     0
176
     0
290
     0
176
     0
290
     0
176
     0
290
     0
176
     0
290
     0
176
     0
 90
       50
176
     0
 40
0.0
176
     0
 40
1.0
176
     0
 90
        0
176
     0
 62
    18
420
        0
176
     0
 90
       50
176
     0
 90
        3
176
     0
 62
     5
420
      255
176
     0
290
     0
176
     0
 90
       50
176
     0
 90
       50
176
     0
 90
       50
176
     0
290
     0
176
     0
 90
       50
176
     0
 62
   256
176
     0
 40
1.0
176
     0
 90
        2
176
     0
  1
strokes_ogs.tif
176
     0
290
     0
176
     0
 40
1.0
176
     0
 40
1.0
176
     0
1001
ACAD
1000
AcDbSavedByObjectVersion
1070
     0
  0
VISUALSTYLE
  5
831
102
{ACAD_REACTORS
330
823
102
}
330
823
100
AcDbVisualStyle
  2
Linepattern
 70
    14
177
     3
291
     1
 70
    58
 90
        2
176
     1
 90
        2
176
     1
 90
        0
176
     1
 90
        0
176
     1
 40
0.6
176
     1
 40
30.0
176
     1
 62
     7
420
 16777215
176
     1
 90
        1
176
     1
 90
        4
176
     1
 62
     7
176
     1
 62
   257
176
     1
 90
        7
176
     1
 90
        7
176
     1
 40
1.0
176
     1
 90
        8
176
     1
 62
     7
176
     1
 40
1.0
176
     1
 90
        1
176
     1
 90
        6
176
     1
 90
        2
176
     1
 62
     7
176
     1
 90
        5
176
     1
 90
        0
176
     1
 90
        0
176
     1
290
     0
176
     1
 90
        1
176
     1
 40
0.0
176
     1
 90
        0
176
     1
290
     0
176
     1
290
     1
176
     1
290
     1
176
     1
290
     0
176
     1
290
     0
176
     1
290
     0
176
     1
290
     0
176
     1
290
     0
176
     1
290
     0
176
     1
 90
       50
176
     1
 40
0.0
176
     1
 40
1.0
176
     1
 90
        0
176
     1
 62
    18
420
        0
176
     1
 90
       50
176
     1
 90
        3
176
     1
 62
     5
420
      255
176
     1
290
     0
176
     1
 90
       50
176
     1
 90
       50
176
     1
 90
       50
176
     1
290
     0
176
     1
 90
       50
176
     1
 62
   256
176
     0
 40
1.0
176
     0
 90
        2
176
     1
  1
strokes_ogs.tif
176
     1
290
     0
176
     1
 40
1.0
176
     1
 40
1.0
176
     1
1001
ACAD
1000
AcDbSavedByObjectVersion
1070
     0
  0
VISUALSTYLE
  5
EC2
102
{ACAD_REACTORS
330
823
102
}
330
823
100
AcDbVisualStyle
  2
OverhangOff
 70
    21
177
     3
291
     1
 70
    58
 90
        2
176
     0
 90
        2
176
     0
 90
        0
176
     0
 90
        0
176
     0
 40
0.6
176
     0
 40
30.0
176
     0
 62
     7
420
 16777215
176
     0
 90
        1
176
     0
 90
        4
176
     0
 62
     7
176
     0
 62
   257
176
     0
 90
        1
176
     0
 90
        1
176
     0
 40
1.0
176
     0
 90
        9
176
     2
 62
     7
176
     0
 40
1.0
176
     0
 90
        1
176
     0
 90
        6
176
     0
 90
        2
176
     0
 62
     7
176
     0
 90
        5
176
     0
 90
        0
176
     0
 90
        0
176
     0
290
     0
176
     0
 90
        1
176
     0
 40
0.0
176
     0
 90
        0
176
     0
290
     0
176
     0
290
     1
176
     0
290
     1
176
     0
290
     0
176
     0
290
     0
176
     0
290
     0
176
     0
290
     0
176
     0
290
     0
176
     0
290
     0
176
     0
 90
       50
176
     0
 40
0.0
176
     0
 40
1.0
176
     0
 90
        0
176
     0
 62
    18
420
        0
176
     0
 90
       50
176
     0
 90
        3
176
     0
 62
     5
420
      255
176
     0
290
     0
176
     0
 90
       50
176
     0
 90
       50
176
     0
 90
       50
176
     0
290
     0
176
     0
 90
       50
176
     0
 62
   256
176
     0
 40
1.0
176
     0
 90
        2
176
     0
  1
strokes_ogs.tif
176
     0
290
     0
176
     0
 40
1.0
176
     0
 40
1.0
176
     0
1001
ACAD
1000
AcDbSavedByObjectVersion
1070
     0
  0
VISUALSTYLE
  5
82D
102
{ACAD_REACTORS
330
823
102
}
330
823
100
AcDbVisualStyle
  2
Realistic
 70
     8
177
     3
291
     0
 70
    58
 90
        2
176
     1
 90
        2
176
     1
 90
        0
176
     1
 90
        0
176
     1
 40
0.6
176
     1
 40
30.0
176
     1
 62
     7
420
 16777215
176
     1
 90
        1
176
     1
 90
        0
176
     1
 62
     7
176
     1
 62
   257
176
     1
 90
        1
176
     1
 90
        1
176
     1
 40
1.0
176
     1
 90
        8
176
     1
 62
     8
420
  7895160
176
     1
 40
1.0
176
     1
 90
        1
176
     1
 90
        6
176
     1
 90
        2
176
     1
 62
     7
176
     1
 90
        5
176
     1
 90
        0
176
     1
 90
        0
176
     1
290
     0
176
     1
 90
       13
176
     1
 40
0.0
176
     1
 90
        0
176
     1
290
     0
176
     1
290
     1
176
     1
290
     1
176
     1
290
     0
176
     1
290
     0
176
     1
290
     0
176
     1
290
     0
176
     1
290
     0
176
     1
290
     0
176
     1
 90
       50
176
     1
 40
0.0
176
     1
 40
1.0
176
     1
 90
        0
176
     1
 62
    18
420
        0
176
     1
 90
       50
176
     1
 90
        3
176
     1
 62
     5
420
      255
176
     1
290
     0
176
     1
 90
       50
176
     1
 90
       50
176
     1
 90
       50
176
     1
290
     0
176
     1
 90
       50
176
     1
 62
   256
176
     0
 40
1.0
176
     0
 90
        2
176
     1
  1
strokes_ogs.tif
176
     1
290
     0
176
     1
 40
1.0
176
     1
 40
1.0
176
     1
1001
ACAD
1000
AcDbSavedByObjectVersion
1070
     0
  0
VISUALSTYLE
  5
EC0
102
{ACAD_REACTORS
330
823
102
}
330
823
100
AcDbVisualStyle
  2
Shaded
 70
    27
177
     3
291
     0
 70
    58
 90
        2
176
     1
 90
        2
176
     1
 90
        1
176
     1
 90
        2
176
     1
 40
0.6
176
     1
 40
30.0
176
     1
 62
     7
420
 16777215
176
     1
 90
        0
176
     1
 90
        4
176
     1
 62
     7
176
     1
 62
   257
176
     1
 90
        1
176
     1
 90
        1
176
     1
 40
1.0
176
     1
 90
        8
176
     1
 62
   257
176
     1
 40
1.0
176
     1
 90
        1
176
     1
 90
        6
176
     1
 90
        2
176
     1
 62
     8
420
  7895160
176
     1
 90
        3
176
     1
 90
        0
176
     1
 90
        0
176
     1
290
     0
176
     1
 90
        5
176
     1
 40
0.0
176
     1
 90
        0
176
     1
290
     0
176
     1
290
     1
176
     1
290
     1
176
     1
290
     0
176
     1
290
     0
176
     1
290
     0
176
     1
290
     0
176
     1
290
     0
176
     1
290
     0
176
     1
 90
       50
176
     1
 40
0.0
176
     1
 40
1.0
176
     1
 90
        0
176
     1
 62
    18
420
        0
176
     1
 90
       50
176
     1
 90
        3
176
     1
 62
     5
420
      255
176
     1
290
     0
176
     1
 90
       50
176
     1
 90
       50
176
     1
 90
       50
176
     1
290
     0
176
     1
 90
       50
176
     1
 62
   256
176
     0
 40
1.0
176
     0
 90
        2
176
     1
  1
strokes_ogs.tif
176
     1
290
     0
176
     1
 40
1.0
176
     1
 40
1.0
176
     1
1001
ACAD
1000
AcDbSavedByObjectVersion
1070
     0
  0
VISUALSTYLE
  5
EBF
102
{ACAD_REACTORS
330
823
102
}
330
823
100
AcDbVisualStyle
  2
Shaded with edges
 70
    26
177
     3
291
     0
 70
    58
 90
        2
176
     1
 90
        2
176
     1
 90
        1
176
     1
 90
        2
176
     1
 40
0.6
176
     1
 40
30.0
176
     1
 62
     7
420
 16777215
176
     1
 90
        1
176
     1
 90
        2
176
     1
 62
     7
176
     1
 62
   257
176
     1
 90
        2
176
     1
 90
        1
176
     1
 40
1.0
176
     1
 90
        8
176
     1
 62
   257
176
     1
 40
1.0
176
     1
 90
        1
176
     1
 90
        6
176
     1
 90
        2
176
     1
 62
     7
176
     1
 90
        3
176
     1
 90
        0
176
     1
 90
        0
176
     1
290
     0
176
     1
 90
        5
176
     1
 40
0.0
176
     1
 90
        0
176
     1
290
     0
176
     1
290
     1
176
     1
290
     1
176
     1
290
     0
176
     1
290
     0
176
     1
290
     0
176
     1
290
     0
176
     1
290
     0
176
     1
290
     0
176
     1
 90
       50
176
     1
 40
0.0
176
     1
 40
1.0
176
     1
 90
        0
176
     1
 62
    18
420
        0
176
     1
 90
       50
176
     1
 90
        3
176
     1
 62
     5
420
      255
176
     1
290
     0
176
     1
 90
       50
176
     1
 90
       50
176
     1
 90
       50
176
     1
290
     0
176
     1
 90
       50
176
     1
 62
   256
176
     0
 40
1.0
176
     0
 90
        2
176
     1
  1
strokes_ogs.tif
176
     1
290
     0
176
     1
 40
1.0
176
     1
 40
1.0
176
     1
1001
ACAD
1000
AcDbSavedByObjectVersion
1070
     0
  0
VISUALSTYLE
  5
EBC
102
{ACAD_REACTORS
330
823
102
}
330
823
100
AcDbVisualStyle
  2
Shades of Gray
 70
    23
177
     3
291
     0
 70
    58
 90
        2
176
     1
 90
        2
176
     1
 90
        3
176
     1
 90
        0
176
     1
 40
0.6
176
     1
 40
30.0
176
     1
 62
     7
420
 16777215
176
     1
 90
        2
176
     1
 90
        2
176
     1
 62
     7
176
     1
 62
     7
176
     1
 90
        1
176
     1
 90
        1
176
     1
 40
40.0
176
     1
 90
        8
176
     1
 62
     7
176
     1
 40
1.0
176
     1
 90
        1
176
     1
 90
        6
176
     1
 90
        2
176
     1
 62
     7
176
     1
 90
        3
176
     1
 90
        0
176
     1
 90
        0
176
     1
290
     0
176
     1
 90
        1
176
     1
 40
0.0
176
     1
 90
        0
176
     1
290
     0
176
     1
290
     1
176
     1
290
     1
176
     1
290
     0
176
     1
290
     0
176
     1
290
     0
176
     1
290
     0
176
     1
290
     0
176
     1
290
     0
176
     1
 90
       50
176
     1
 40
0.0
176
     1
 40
1.0
176
     1
 90
        0
176
     1
 62
    18
420
        0
176
     1
 90
       50
176
     1
 90
        3
176
     1
 62
     5
420
      255
176
     1
290
     0
176
     1
 90
       50
176
     1
 90
       50
176
     1
 90
       50
176
     1
290
     0
176
     1
 90
       50
176
     1
 62
   256
176
     0
 40
1.0
176
     0
 90
        2
176
     1
  1
strokes_ogs.tif
176
     1
290
     0
176
     1
 40
1.0
176
     1
 40
1.0
176
     1
1001
ACAD
1000
AcDbSavedByObjectVersion
1070
     0
  0
VISUALSTYLE
  5
EBD
102
{ACAD_REACTORS
330
823
102
}
330
823
100
AcDbVisualStyle
  2
Sketchy
 70
    24
177
     3
291
     0
 70
    58
 90
        1
176
     1
 90
        2
176
     1
 90
        2
176
     1
 90
        0
176
     1
 40
0.6
176
     1
 40
30.0
176
     1
 62
     7
420
 16777215
176
     1
 90
        2
176
     1
 90
        2
176
     1
 62
     7
176
     1
 62
     7
176
     1
 90
        1
176
     1
 90
        1
176
     1
 40
40.0
176
     1
 90
       11
176
     1
 62
     7
176
     1
 40
1.0
176
     1
 90
        1
176
     1
 90
        6
176
     1
 90
        2
176
     1
 62
     7
176
     1
 90
        6
176
     1
 90
        0
176
     1
 90
        0
176
     1
290
     0
176
     1
 90
        1
176
     1
 40
0.0
176
     1
 90
        0
176
     1
290
     0
176
     1
290
     1
176
     1
290
     1
176
     1
290
     0
176
     1
290
     0
176
     1
290
     0
176
     1
290
     0
176
     1
290
     0
176
     1
290
     0
176
     1
 90
       50
176
     1
 40
0.0
176
     1
 40
1.0
176
     1
 90
        0
176
     1
 62
    18
420
        0
176
     1
 90
       50
176
     1
 90
        3
176
     1
 62
     5
420
      255
176
     1
290
     0
176
     1
 90
       50
176
     1
 90
       50
176
     1
 90
       50
176
     1
290
     0
176
     1
 90
       50
176
     1
 62
   256
176
     0
 40
1.0
176
     0
 90
        2
176
     1
  1
strokes_ogs.tif
176
     1
290
     0
176
     1
 40
1.0
176
     1
 40
1.0
176
     1
1001
ACAD
1000
AcDbSavedByObjectVersion
1070
     0
  0
VISUALSTYLE
  5
830
102
{ACAD_REACTORS
330
823
102
}
330
823
100
AcDbVisualStyle
  2
Thicken
 70
    13
177
     3
291
     1
 70
    58
 90
        2
176
     1
 90
        2
176
     1
 90
        0
176
     1
 90
        0
176
     1
 40
0.6
176
     1
 40
30.0
176
     1
 62
     7
420
 16777215
176
     1
 90
        1
176
     1
 90
        4
176
     1
 62
     7
176
     1
 62
   257
176
     1
 90
        1
176
     1
 90
        1
176
     1
 40
1.0
176
     1
 90
       12
176
     1
 62
     7
176
     1
 40
1.0
176
     1
 90
        1
176
     1
 90
        6
176
     1
 90
        2
176
     1
 62
     7
176
     1
 90
        5
176
     1
 90
        0
176
     1
 90
        0
176
     1
290
     0
176
     1
 90
        1
176
     1
 40
0.0
176
     1
 90
        0
176
     1
290
     0
176
     1
290
     1
176
     1
290
     1
176
     1
290
     0
176
     1
290
     0
176
     1
290
     0
176
     1
290
     0
176
     1
290
     0
176
     1
290
     0
176
     1
 90
       50
176
     1
 40
0.0
176
     1
 40
1.0
176
     1
 90
        0
176
     1
 62
    18
420
        0
176
     1
 90
       50
176
     1
 90
        3
176
     1
 62
     5
420
      255
176
     1
290
     0
176
     1
 90
       50
176
     1
 90
       50
176
     1
 90
       50
176
     1
290
     0
176
     1
 90
       50
176
     1
 62
   256
176
     0
 40
1.0
176
     0
 90
        2
176
     1
  1
strokes_ogs.tif
176
     1
290
     0
176
     1
 40
1.0
176
     1
 40
1.0
176
     1
1001
ACAD
1000
AcDbSavedByObjectVersion
1070
     0
  0
VISUALSTYLE
  5
EBA
102
{ACAD_REACTORS
330
823
102
}
330
823
100
AcDbVisualStyle
  2
Wireframe
 70
     5
177
     3
291
     0
 70
    58
 90
        0
176
     1
 90
        2
176
     1
 90
        0
176
     1
 90
        0
176
     1
 40
0.6
176
     1
 40
30.0
176
     1
 62
     7
420
 16777215
176
     1
 90
        1
176
     1
 90
        4
176
     1
 62
     7
176
     1
 62
   257
176
     1
 90
        1
176
     1
 90
        1
176
     1
 40
1.0
176
     1
 90
        0
176
     1
 62
   257
176
     1
 40
1.0
176
     1
 90
        1
176
     1
 90
        6
176
     1
 90
        2
176
     1
 62
     7
176
     1
 90
        3
176
     1
 90
        0
176
     1
 90
        0
176
     1
290
     0
176
     1
 90
        1
176
     1
 40
0.0
176
     1
 90
        0
176
     1
290
     0
176
     1
290
     1
176
     1
290
     1
176
     1
290
     0
176
     1
290
     0
176
     1
290
     0
176
     1
290
     0
176
     1
290
     0
176
     1
290
     0
176
     1
 90
       50
176
     1
 40
0.0
176
     1
 40
1.0
176
     1
 90
        0
176
     1
 62
    18
420
        0
176
     1
 90
       50
176
     1
 90
        3
176
     1
 62
     5
420
      255
176
     1
290
     0
176
     1
 90
       50
176
     1
 90
       50
176
     1
 90
       50
176
     1
290
     0
176
     1
 90
       50
176
     1
 62
   256
176
     0
 40
1.0
176
     0
 90
        2
176
     1
  1
strokes_ogs.tif
176
     1
290
     0
176
     1
 40
1.0
176
     1
 40
1.0
176
     1
1001
ACAD
1000
AcDbSavedByObjectVersion
1070
     0
  0
VISUALSTYLE
  5
EBE
102
{ACAD_REACTORS
330
823
102
}
330
823
100
AcDbVisualStyle
  2
X-Ray
 70
    25
177
     3
291
     0
 70
    58
 90
        2
176
     1
 90
        2
176
     1
 90
        1
176
     1
 90
        1
176
     1
 40
0.5
176
     1
 40
30.0
176
     1
 62
     7
420
 16777215
176
     1
 90
        1
176
     1
 90
        0
176
     1
 62
     7
176
     1
 62
   257
176
     1
 90
        1
176
     1
 90
        1
176
     1
 40
1.0
176
     1
 90
        8
176
     1
 62
     7
176
     1
 40
1.0
176
     1
 90
        1
176
     1
 90
        6
176
     1
 90
        2
176
     1
 62
     7
176
     1
 90
        3
176
     1
 90
        0
176
     1
 90
        0
176
     1
290
     0
176
     1
 90
       13
176
     1
 40
0.0
176
     1
 90
        0
176
     1
290
     0
176
     1
290
     1
176
     1
290
     1
176
     1
290
     0
176
     1
290
     0
176
     1
290
     0
176
     1
290
     0
176
     1
290
     0
176
     1
290
     0
176
     1
 90
       50
176
     1
 40
0.0
176
     1
 40
1.0
176
     1
 90
        0
176
     1
 62
    18
420
        0
176
     1
 90
       50
176
     1
 90
        3
176
     1
 62
     5
420
      255
176
     1
290
     0
176
     1
 90
       50
176
     1
 90
       50
176
     1
 90
       50
176
     1
290
     0
176
     1
 90
       50
176
     1
 62
   256
176
     0
 40
1.0
176
     0
 90
        2
176
     1
  1
strokes_ogs.tif
176
     1
290
     0
176
     1
 40
1.0
176
     1
 40
1.0
176
     1
1001
ACAD
1000
AcDbSavedByObjectVersion
1070
     0
  0
DICTIONARYVAR
  5
FE6
102
{ACAD_REACTORS
330
D05
102
}
330
D05
100
DictionaryVariables
280
     0
  1
1:1
  0
DICTIONARYVAR
  5
FE2
102
{ACAD_REACTORS
330
D05
102
}
330
D05
100
DictionaryVariables
280
     0
  1
STANDARD
  0
DICTIONARYVAR
  5
D06
102
{ACAD_REACTORS
330
D05
102
}
330
D05
100
DictionaryVariables
280
     0
  1
STANDARD
  0
DICTIONARYVAR
  5
FE3
102
{ACAD_REACTORS
330
D05
102
}
330
D05
100
DictionaryVariables
280
     0
  1
Metric50
  0
DICTIONARYVAR
  5
FE4
102
{ACAD_REACTORS
330
D05
102
}
330
D05
100
DictionaryVariables
280
     0
  1
Metric50
  0
DICTIONARYVAR
  5
FE8
102
{ACAD_REACTORS
330
D05
102
}
330
D05
100
DictionaryVariables
280
     0
  1
1
  0
DICTIONARYVAR
  5
FE9
102
{ACAD_REACTORS
330
D05
102
}
330
D05
100
DictionaryVariables
280
     0
  1
15
  0
DICTIONARYVAR
  5
FE7
102
{ACAD_REACTORS
330
D05
102
}
330
D05
100
DictionaryVariables
280
     0
  1
0
  0
DICTIONARYVAR
  5
FE5
102
{ACAD_REACTORS
330
D05
102
}
330
D05
100
DictionaryVariables
280
     0
  1
0
  0
DICTIONARY
  5
1026
330
EC9
100
AcDbDictionary
280
     1
281
     1
  3
ACAD_XREC_ROUNDTRIP
360
1027
  0
DICTIONARY
  5
1024
330
EC7
100
AcDbDictionary
280
     1
281
     1
  3
ACAD_XREC_ROUNDTRIP
360
1025
  0
DICTIONARY
  5
1021
330
836
100
AcDbDictionary
280
     1
281
     1
  3
ACAD_ROUNDTRIP_2008_TABLESTYLE_CELLSTYLEMAP
360
1022
  0
XRECORD
  5
1027
102
{ACAD_REACTORS
330
1026
102
}
330
1026
100
AcDbXrecord
280
     1
102
DISPLAYNAME
  1
Metric50
102
FLAGS
 90
        0
  0
XRECORD
  5
1025
102
{ACAD_REACTORS
330
1024
102
}
330
1024
100
AcDbXrecord
280
     1
102
DISPLAYNAME
  1
Metric50
102
FLAGS
 90
        0
  0
CELLSTYLEMAP
  5
1022
102
{ACAD_REACTORS
330
1021
102
}
330
1021
100
AcDbCellStyleMap
 90
        3
300
CELLSTYLE
  1
TABLEFORMAT_BEGIN
 90
        5
170
     1
 91
        0
 92
    32768
 62
   257
 93
        1
300
CONTENTFORMAT
  1
CONTENTFORMAT_BEGIN
 90
        0
 91
        0
 92
      512
 93
        0
300

 40
0.0
140
1.0
 94
        5
 62
     0
340
11
144
6.0
309
CONTENTFORMAT_END
171
     1
301
MARGIN
  1
CELLMARGIN_BEGIN
 40
1.5
 40
1.5
 40
1.5
 40
1.5
 40
0.18
 40
0.18
309
CELLMARGIN_END
 94
        6
 95
        1
302
GRIDFORMAT
  1
GRIDFORMAT_BEGIN
 90
        0
 91
        1
 62
     0
 92
       -2
340
0
 93
        0
 40
0.045
309
GRIDFORMAT_END
 95
        2
302
GRIDFORMAT
  1
GRIDFORMAT_BEGIN
 90
        0
 91
        1
 62
     0
 92
       -2
340
0
 93
        0
 40
0.045
309
GRIDFORMAT_END
 95
        4
302
GRIDFORMAT
  1
GRIDFORMAT_BEGIN
 90
        0
 91
        1
 62
     0
 92
       -2
340
0
 93
        0
 40
0.045
309
GRIDFORMAT_END
 95
        8
302
GRIDFORMAT
  1
GRIDFORMAT_BEGIN
 90
        0
 91
        1
 62
     0
 92
       -2
340
0
 93
        0
 40
0.045
309
GRIDFORMAT_END
 95
       16
302
GRIDFORMAT
  1
GRIDFORMAT_BEGIN
 90
        0
 91
        1
 62
     0
 92
       -2
340
0
 93
        0
 40
0.045
309
GRIDFORMAT_END
 95
       32
302
GRIDFORMAT
  1
GRIDFORMAT_BEGIN
 90
        0
 91
        1
 62
     0
 92
       -2
340
0
 93
        0
 40
0.045
309
GRIDFORMAT_END
309
TABLEFORMAT_END
  1
CELLSTYLE_BEGIN
 90
        1
 91
        1
300
_TITLE
309
CELLSTYLE_END
300
CELLSTYLE
  1
TABLEFORMAT_BEGIN
 90
        5
170
     1
 91
        0
 92
        0
 62
   257
 93
        1
300
CONTENTFORMAT
  1
CONTENTFORMAT_BEGIN
 90
        0
 91
        0
 92
      512
 93
        0
300

 40
0.0
140
1.0
 94
        5
 62
     0
340
11
144
4.5
309
CONTENTFORMAT_END
171
     1
301
MARGIN
  1
CELLMARGIN_BEGIN
 40
1.5
 40
1.5
 40
1.5
 40
1.5
 40
0.18
 40
0.18
309
CELLMARGIN_END
 94
        6
 95
        1
302
GRIDFORMAT
  1
GRIDFORMAT_BEGIN
 90
        0
 91
        1
 62
     0
 92
       -2
340
0
 93
        0
 40
0.045
309
GRIDFORMAT_END
 95
        2
302
GRIDFORMAT
  1
GRIDFORMAT_BEGIN
 90
        0
 91
        1
 62
     0
 92
       -2
340
0
 93
        0
 40
0.045
309
GRIDFORMAT_END
 95
        4
302
GRIDFORMAT
  1
GRIDFORMAT_BEGIN
 90
        0
 91
        1
 62
     0
 92
       -2
340
0
 93
        0
 40
0.045
309
GRIDFORMAT_END
 95
        8
302
GRIDFORMAT
  1
GRIDFORMAT_BEGIN
 90
        0
 91
        1
 62
     0
 92
       -2
340
0
 93
        0
 40
0.045
309
GRIDFORMAT_END
 95
       16
302
GRIDFORMAT
  1
GRIDFORMAT_BEGIN
 90
        0
 91
        1
 62
     0
 92
       -2
340
0
 93
        0
 40
0.045
309
GRIDFORMAT_END
 95
       32
302
GRIDFORMAT
  1
GRIDFORMAT_BEGIN
 90
        0
 91
        1
 62
     0
 92
       -2
340
0
 93
        0
 40
0.045
309
GRIDFORMAT_END
309
TABLEFORMAT_END
  1
CELLSTYLE_BEGIN
 90
        2
 91
        1
300
_HEADER
309
CELLSTYLE_END
300
CELLSTYLE
  1
TABLEFORMAT_BEGIN
 90
        5
170
     1
 91
        0
 92
        0
 62
   257
 93
        1
300
CONTENTFORMAT
  1
CONTENTFORMAT_BEGIN
 90
        0
 91
        0
 92
      512
 93
        0
300

 40
0.0
140
1.0
 94
        2
 62
     0
340
11
144
4.5
309
CONTENTFORMAT_END
171
     1
301
MARGIN
  1
CELLMARGIN_BEGIN
 40
1.5
 40
1.5
 40
1.5
 40
1.5
 40
0.18
 40
0.18
309
CELLMARGIN_END
 94
        6
 95
        1
302
GRIDFORMAT
  1
GRIDFORMAT_BEGIN
 90
        0
 91
        1
 62
     0
 92
       -2
340
0
 93
        0
 40
0.045
309
GRIDFORMAT_END
 95
        2
302
GRIDFORMAT
  1
GRIDFORMAT_BEGIN
 90
        0
 91
        1
 62
     0
 92
       -2
340
0
 93
        0
 40
0.045
309
GRIDFORMAT_END
 95
        4
302
GRIDFORMAT
  1
GRIDFORMAT_BEGIN
 90
        0
 91
        1
 62
     0
 92
       -2
340
0
 93
        0
 40
0.045
309
GRIDFORMAT_END
 95
        8
302
GRIDFORMAT
  1
GRIDFORMAT_BEGIN
 90
        0
 91
        1
 62
     0
 92
       -2
340
0
 93
        0
 40
0.045
309
GRIDFORMAT_END
 95
       16
302
GRIDFORMAT
  1
GRIDFORMAT_BEGIN
 90
        0
 91
        1
 62
     0
 92
       -2
340
0
 93
        0
 40
0.045
309
GRIDFORMAT_END
 95
       32
302
GRIDFORMAT
  1
GRIDFORMAT_BEGIN
 90
        0
 91
        1
 62
     0
 92
       -2
340
0
 93
        0
 40
0.045
309
GRIDFORMAT_END
309
TABLEFORMAT_END
  1
CELLSTYLE_BEGIN
 90
        3
 91
        2
300
_DATA
309
CELLSTYLE_END
  0
ENDSEC
  0
EOF
